trade_date,predicted_pct_change,predicted_close,confidence,real_pct_change,correct,calibrated_confidence,confidence_calibration_window,confidence_calibration_method,confidence_calibration_rows,confidence_calibration_fallback
20201215,-0.0030081594396608293,3357.1034274687763,0.6166666666666667,-7.4066757372093228e-05,True,0.6166666666666667,600,platt,0,1
20201216,-0.002335088051007809,3359.1209977617364,0.6166666666666667,0.011253397403349075,False,0.6166666666666667,600,platt,1,1
20201217,-0.0061825834036430289,3383.8222874621711,0.6166666666666667,-0.0029302706485515584,True,0.6166666666666667,600,platt,2,1
20201218,-0.0036032009461750359,3382.6635075206341,0.625,0.0075623229695400696,False,0.625,600,platt,3,1
20201221,0.0050152172183723625,3437.7241980499962,0.60833333333333328,-0.018648094631498968,False,0.60833333333333328,600,platt,4,1
20201222,-0.0074413496414549992,3331.8032099795873,0.60833333333333328,0.0076076726097986658,False,0.60833333333333328,600,platt,5,1
20201223,0.0040694440275638863,3396.083659888588,0.60833333333333328,-0.0056784109248106951,False,0.60833333333333328,600,platt,6,1
20201224,-0.0049200989254651849,3346.5664498664523,0.59999999999999998,0.0099459331328504152,False,0.59999999999999998,600,platt,7,1
20201225,-0.005935950548336167,3376.400772372072,0.60833333333333328,0.00021280337951079531,False,0.60833333333333328,600,platt,8,1
20201228,-0.0035009530472169641,3385.3916633266044,0.60833333333333328,-0.0053717005936564366,True,0.60833333333333328,600,platt,9,1
20201229,0.0037842168324014529,3391.8232056653337,0.69999999999999996,0.010481243142645091,True,0.69999999999999996,600,platt,10,1
20201230,-0.004844330078323412,3397.9119640843774,0.72727272727272729,0.017167202228339562,False,0.72727272727272729,600,platt,11,1
20201231,0.0065842291752861446,3495.9367842128509,0.66666666666666674,0.0086059613034499272,True,0.66666666666666674,600,platt,12,1
20210104,-0.0064589737516738107,3480.3328836411947,0.59166666666666667,0.0073418799378262012,False,0.59166666666666667,600,platt,13,1
20210105,0.0052913496086797315,3547.348162075702,0.69230769230769229,0.006291310280706508,True,0.69230769230769229,600,platt,14,1
20210106,-0.0052189261901596055,3532.344936592342,0.58333333333333337,0.0071328582037220034,False,0.58333333333333337,600,platt,15,1
20210107,-0.0058921475344956642,3555.1330748832579,0.7142857142857143,-0.0017047123086860738,True,0.7142857142857143,600,platt,16,1
20210108,-0.0051178364521118416,3551.8369701160568,0.73333333333333339,-0.010814910315603332,True,0.73333333333333339,600,platt,17,1
20210111,-0.0096907099100431836,3497.2750792722445,0.75,0.021758784615411697,False,0.75,600,platt,18,1
20210112,0.010938497670782296,3647.8087066530434,0.6166666666666667,-0.0026846425096046511,False,0.6166666666666667,600,platt,19,1
20210113,0.0054726629624846012,3618.3460084207386,0.625,-0.0090998523391455644,False,0.625,600,platt,20,1
20210114,-0.0047535303186594631,3548.9539643704525,0.625,0.00013270125061692895,False,0.625,600,platt,21,1
20210115,-0.0067008092528481429,3542.4801826386083,0.6166666666666667,0.0083686871312398381,False,0.6166666666666667,600,platt,22,1
20210118,0.0077053961574781674,3623.9340282794124,0.625,-0.0082982323930516078,False,0.625,600,platt,23,1
20210119,0.0060940860669484913,3588.1152351991645,0.59999999999999998,0.0046855897128668111,True,0.59999999999999998,600,platt,24,1
20210120,-0.0040124390927860102,3568.715061586151,0.70588235294117641,0.010653396563638173,False,0.70588235294117641,600,platt,25,1
20210121,0.0060398743965846911,3643.1360803208609,0.57499999999999996,-0.0040081307519105325,False,0.57499999999999996,600,platt,26,1
20210122,-0.0037466552340314103,3593.2363527333196,0.57499999999999996,0.0048488256573175903,False,0.57499999999999996,600,platt,27,1
20210125,-0.0054425102068140661,3604.5131471488257,0.66666666666666674,-0.015122930251188493,True,0.66666666666666674,600,platt,28,1
20210126,0.005554712678098192,3589.2561525198712,0.58333333333333337,0.0010960296450777118,True,0.58333333333333337,600,platt,29,1
20210127,-0.0038547785608936355,3559.5667609514817,0.58333333333333337,-0.019076068078805242,True,0.58333333333333337,600,platt,30,1
20210128,-0.0064443277330058614,3482.5873977385663,0.59166666666666667,-0.0063068732156923435,True,0.59166666666666667,600,platt,31,1
20210129,-0.010546505412580972,3446.3349918298059,0.59999999999999998,0.0063778233289193409,False,0.59999999999999998,600,platt,32,1
20210201,-0.0044300032694859718,3489.7551821915249,0.59166666666666667,0.0081024257209887374,False,0.59166666666666667,600,platt,33,1
20210202,0.0048318627300498688,3550.7591803680502,0.58333333333333337,-0.0046345105643120776,False,0.58333333333333337,600,platt,34,1
20210203,-0.0043194081814770715,3502.1153110480254,0.60833333333333328,-0.0043922226884879345,True,0.60833333333333328,600,platt,35,1
20210204,-0.0071379622647677072,3476.8630611738704,0.60833333333333328,-0.0015781045679963412,True,0.60833333333333328,600,platt,36,1
20210205,-0.0052278236694575887,3478.0546881090763,0.60833333333333328,0.010329050760583991,False,0.60833333333333328,600,platt,37,1
20210208,-0.005987702046067734,3511.2954616667848,0.57499999999999996,0.020111357943489949,False,0.57499999999999996,600,platt,38,1
20210209,0.0088909181710216754,3635.5273258291768,0.6166666666666667,0.014319177885654844,True,0.6166666666666667,600,platt,39,1
20210210,-0.0059713465364067703,3633.2622029309382,0.6166666666666667,0.0055454478797773987,False,0.6166666666666667,600,platt,40,1
20210218,0.00798934840909255,3704.7208083997321,0.56666666666666665,0.0056622797278664816,True,0.56666666666666665,600,platt,41,1
20210219,0.0075858795834446392,3724.2066853681818,0.59999999999999998,-0.014534810106034191,False,0.59999999999999998,600,platt,42,1
20210222,0.0088594024104382847,3674.7147851269483,0.6166666666666667,-0.0016712950139615712,False,0.6166666666666667,600,platt,43,1
20210223,-0.0063710681417289972,3613.1898198540262,0.6166666666666667,-0.019876319634486994,True,0.6166666666666667,600,platt,44,1
20210224,0.013703944847826516,3612.921854382847,0.59166666666666667,0.0058825561121678138,True,0.59166666666666667,600,platt,45,1
20210225,-0.0047189499433674259,3568.1281483251205,0.57499999999999996,-0.021189520089255232,True,0.57499999999999996,600,platt,46,1
20210226,-0.0060654488756050288,3487.7962522334124,0.60833333333333328,0.012059968759906559,False,0.60833333333333328,600,platt,47,1
20210301,-0.0048818466725612302,3534.0624107034355,0.60833333333333328,-0.012054007549361367,True,0.60833333333333328,600,platt,48,1
20210302,-0.0099908645740065232,3473.5373404752486,0.6166666666666667,0.01947029337587125,False,0.6166666666666667,600,platt,49,1
20210303,-0.0094613876426268614,3543.0620199648438,0.60833333333333328,-0.020524143152270469,True,0.60833333333333328,600,platt,50,1
20210304,0.0080883635788349222,3531.829113856194,0.6166666666666667,-0.00042954291655783461,False,0.6166666666666667,600,platt,51,1
20210305,-0.0083253046958837156,3472.8315936815679,0.60833333333333328,-0.023007683038887561,True,0.60833333333333328,600,platt,52,1
20210308,0.01542561396582624,3474.1915131238347,0.60833333333333328,-0.018156849239617023,False,0.60833333333333328,600,platt,53,1
20210309,-0.013058127637749545,3315.4259362915291,0.59166666666666667,-0.00046283562131543832,True,0.59166666666666667,600,platt,54,1
20210310,-0.0054544584380528342,3339.422561996696,0.59166666666666667,0.023555774406645025,False,0.59166666666666667,600,platt,55,1
20210311,-0.0084426675078779854,3407.8152760534317,0.59166666666666667,0.0047271450303656426,False,0.59166666666666667,600,platt,56,1
20210312,0.0046720811058835483,3469.2107590793175,0.58333333333333337,-0.0095949477186684229,False,0.58333333333333337,600,platt,57,1
20210315,-0.0082373349885814379,3391.7743624500749,0.58333333333333337,0.0078328146506190244,False,0.58333333333333337,600,platt,58,1
20210316,0.005366478437956069,3465.2302204724833,0.625,-0.00034307846379988405,False,0.625,600,platt,59,1
20210317,-0.0055075933681240944,3426.5742067136262,0.59166666666666667,0.0050840055794849626,False,0.39904902191179414,600,platt,60,0
20210318,-0.0035960401713793855,3450.6147679961773,0.59999999999999998,-0.01686501631313575,True,0.39279726771573648,600,platt,61,0
20210319,-0.0063957636761996861,3382.8879774965935,0.59999999999999998,0.011389026004744007,False,0.40264770161859126,600,platt,62,0
20210322,-0.0049587200148405305,3426.3641491190733,0.625,-0.0092728223573687041,True,0.39702724514183751,600,platt,63,0
20210323,-0.0070444643535776813,3387.4765478664835,0.6333333333333333,-0.013028897946855689,True,0.40682145904151368,600,platt,64,0
20210324,-0.006845205081586302,3344.0123796708708,0.6333333333333333,-0.0010303051866663582,True,0.41594224937881918,600,platt,65,0
20210325,-0.0048014893452251323,3347.4412512510598,0.59166666666666667,0.016272844071582471,False,0.42314886362566362,600,platt,66,0
20210326,-0.0063357590862748456,3396.6690055506192,0.59166666666666667,0.0049641539528681999,False,0.41674334216416858,600,platt,67,0
20210329,0.0050407736169743251,3452.6123484351428,0.59999999999999998,0.0062238599657122862,True,0.41098185438131885,600,platt,68,0
20210330,0.0042999354608458931,3471.540086289016,0.59166666666666667,-0.0042714727782169337,False,0.41915976063659005,600,platt,69,0
20210331,0.0039517647623961202,3455.5131245809862,0.59166666666666667,0.0070948947990090439,True,0.41309481899079936,600,platt,70,0
20210401,-0.0039081505045063091,3452.7845547994884,0.59999999999999998,0.0052103787534458768,False,0.42184481821506276,600,platt,71,0
20210402,-0.0030835901555054607,3473.6479618974422,0.59999999999999998,-0.00040896656760014416,True,0.41592861639367562,600,platt,72,0
20210406,-0.0026813225573023695,3473.6284409440314,0.60833333333333328,-0.00095946921581868683,True,0.42433928106437135,600,platt,73,0
20210407,0.0037719071669965894,3492.7504247391048,0.6166666666666667,0.00084181470558220006,True,0.43240565437346556,600,platt,74,0
20210408,-0.0045639832800181586,3466.6604781210531,0.625,-0.0091535099462037861,True,0.44038748401275962,600,platt,75,0
20210409,-0.0042064635082047566,3436.1620522796061,0.72222222222222221,-0.010933940734879521,True,0.45194727949749647,600,platt,76,0
20210412,0.0066930156526111145,3435.7906123776429,0.72222222222222221,-0.0048279966317680278,False,0.46052921279378461,600,platt,77,0
20210413,0.0048105644843383791,3412.8089379541207,0.72222222222222221,0.0059624256949126764,True,0.4534301868316617,600,platt,78,0
20210414,0.0034499665079088413,3428.508773706862,0.72222222222222221,-0.0051902683777651504,False,0.46172361077488788,600,platt,79,0
20210415,-0.0046921873856332159,3383.038813728575,0.66666666666666674,0.0081289795858325853,False,0.45216738657159866,600,platt,80,0
20210416,0.0049393183960817688,3443.5429563358812,0.61111111111111116,0.014863256707532413,True,0.44396583303402631,600,platt,81,0
20210419,-0.008216625345082048,3448.9747868561476,0.61111111111111116,-0.0013244387533343227,True,0.45074735138063798,600,platt,82,0
20210420,-0.0039037148925313197,3459.3853218611025,0.61111111111111116,-3.7144292649449184e-06,True,0.45737166804003704,600,platt,83,0
20210421,0.003947479299850668,3486.6391184953341,0.61111111111111116,-0.0022505493776464602,False,0.46384452748722133,600,platt,84,0
20210422,0.0036148525244928749,3477.6396753675849,0.61111111111111116,0.0026123817347643019,True,0.45836764692619153,600,platt,85,0
20210423,0.0032273728027369429,3485.3784288605939,0.61111111111111116,-0.0094987401292856433,False,0.46467951520351591,600,platt,86,0
20210426,-0.007344506827495414,3415.8921342873564,0.61111111111111116,0.00042000301177003152,False,0.4593192450103506,600,platt,87,0
20210427,0.0033274480612509247,3454.0662096303358,0.55555555555555558,0.0041994868371857397,True,0.45179870258896521,600,platt,88,0
20210428,0.0042005076236680304,3471.5897417496908,0.57894736842105265,0.0051583591796553474,True,0.45929239160029789,600,platt,89,0
20210429,0.003860070874161126,3488.3144645267007,0.57894736842105265,-0.0080706469602832565,False,0.46554954402266713,600,platt,90,0
20210430,-0.0053061807291145896,3428.5667569942948,0.55000000000000004,-0.00161706765619829,True,0.4593151361072858,600,platt,91,0
20210506,0.005647062285919051,3460.7157371856492,0.55000000000000004,-0.0065116709682605523,False,0.46580988306066529,600,platt,92,0
20210507,0.0052900199713945863,3436.9600122686834,0.6166666666666667,0.0026666088698614754,True,0.4623266412457358,600,platt,93,0
20210510,-0.0035469169194133547,3415.8321010771947,0.6166666666666667,0.0040415801570536924,False,0.46804357007606612,600,platt,94,0
20210511,-0.0080093260752704242,3414.2785378907306,0.60833333333333328,0.0060740380727151155,False,0.46278852676743787,600,platt,95,0
20210512,0.0047424783431215967,3479.1733230478658,0.54545454545454541,-0.009592141370360685,False,0.45602261654965731,600,platt,96,0
20210513,0.0037569278459039642,3442.4206196726227,0.6166666666666667,0.017740037785285434,True,0.45356313215380373,600,platt,97,0
20210514,-0.0085620873401204885,3460.4912941257221,0.6166666666666667,0.0078042017361910077,False,0.45914387639508425,600,platt,98,0
20210517,0.0049650053779921304,3535.0807813647102,0.6166666666666667,0.0032404334776980903,True,0.45451468243625109,600,platt,99,0
20210518,-0.0022091375140244891,3521.2183219014273,0.6166666666666667,-0.005114657508906717,True,0.45997298275761411,600,platt,100,0
20210519,-0.0021460333070765529,3503.4300528138301,0.6166666666666667,-0.0011450699005889353,True,0.4653154138570163,600,platt,101,0
20210520,0.0039361773286193703,3520.7483550400084,0.625,-0.0058134654202102176,False,0.47087291017148497,600,platt,102,0
20210521,-0.0048394971290181034,3469.683717892292,0.625,0.0030761580285696422,False,0.4663210067414244,600,platt,103,0
20210524,-0.0035435609614006178,3484.8892676794349,0.625,0.024035721911023433,False,0.46182394814157202,600,platt,104,0
20210525,-0.010014326354665815,3545.4770744271937,0.6166666666666667,0.0033549436694368939,False,0.45711368763244581,600,platt,105,0
20210526,0.0021504723406623877,3601.0844148386259,0.60833333333333328,0.0043117619540724572,True,0.45244986362713463,600,platt,106,0
20210527,0.0056884399936159603,3629.3794306528689,0.6166666666666667,-0.0022351437259513496,False,0.45792477265401144,600,platt,107,0
20210528,-0.0048081232774614072,3583.4713847092403,0.6166666666666667,0.0040804720215961154,False,0.45367527289796006,600,platt,108,0
20210531,0.0041141697311760355,3630.3519872714137,0.54545454545454541,0.0025547111027359737,True,0.44699602088624496,600,platt,109,0
20210601,0.0051840105286705563,3643.5043545026169,0.55882352941176472,-0.007607745472207994,False,0.45304007916705202,600,platt,110,0
20210602,-0.0052798102519452748,3578.1456944379192,0.54285714285714293,-0.0035933568184861597,True,0.44800028661090185,600,platt,111,0
20210603,0.0041358973181373441,3599.0360332120258,0.55555555555555558,0.0021295056729482287,True,0.45398332267524732,600,platt,112,0
20210604,0.0068237888338924038,3616.3546897569358,0.56756756756756754,0.0021427151346493645,True,0.45943747360811182,600,platt,113,0
20210607,0.0021606849556909413,3607.3184740860929,0.57894736842105265,-0.0053992161778405601,False,0.46456813402347408,600,platt,114,0
20210608,0.0068548730893943271,3604.6474743330409,0.5641025641025641,0.0031535935120139413,True,0.46019251688127721,600,platt,115,0
20210609,0.0030544224396048328,3602.3661420591179,0.57499999999999996,0.0054192011380531646,True,0.46524264714178215,600,platt,116,0
20210610,0.0046883416011357232,3627.787940465535,0.58536585365853666,-0.0058465035605101967,False,0.46996282203139872,600,platt,117,0
20210611,0.0032118024446548868,3601.2776617232748,0.5714285714285714,-0.0092455233836601369,False,0.46588438456362286,600,platt,118,0
20210615,0.0054769998651159422,3576.0382731632767,0.55813953488372092,-0.010749097653096729,False,0.46164227439286626,600,platt,119,0
20210616,0.0058467032287140121,3538.8998266933186,0.54545454545454541,0.0020677428365714068,True,0.45727038233030459,600,platt,120,0
20210617,0.0032764820257005275,3537.1557787910347,0.55555555555555558,-0.0001439185941519705,False,0.46240293018990691,600,platt,121,0
20210618,0.0038928271938972483,3538.8193926841595,0.54347826086956519,0.0011590603696329804,True,0.45810223732277083,600,platt,122,0
20210621,-0.004370738949434347,3513.7574641505144,0.55319148936170215,0.0079988493652891623,False,0.46314986984513939,600,platt,123,0
20210622,0.0027986970028279316,3567.368118302224,0.54166666666666674,0.0024759291305027631,True,0.45891774192480805,600,platt,124,0
20210623,0.0032982664090357994,3577.9822433034051,0.55102040816326525,0.00012169748702262062,True,0.46388098971693881,600,platt,125,0
20210624,-0.0025855237217640341,3557.4322317342276,0.56000000000000005,0.011469545727439412,False,0.46844835525002448,600,platt,126,0
20210625,0.0058915537094995718,3628.8159441050393,0.5490196078431373,-0.00032975180078698152,False,0.4645079675421972,600,platt,127,0
20210628,0.0023763666594497227,3614.9422626576456,0.60833333333333328,-0.0092043466839056842,False,0.46091797323608086,600,platt,128,0
20210629,0.0037403374082035246,3586.5427909655359,0.54716981132075471,0.0050428779378715038,True,0.45694498165335279,600,platt,129,0
20210630,0.0029313590837417879,3601.7240879474566,0.55555555555555558,-0.00067258911165279933,False,0.46155704643113332,600,platt,130,0
20210701,0.0040297666491436049,3603.2435524027401,0.54545454545454541,-0.019511385145309368,False,0.45772866078740926,600,platt,131,0
20210702,-0.0067796096485350874,3494.9036841429256,0.59999999999999998,0.0044227802440035546,False,0.4544336907694253,600,platt,132,0
20210705,0.0028136323771175823,3544.2664833730851,0.54385964912280704,-0.0011496688106138464,False,0.45034754492348422,600,platt,133,0
20210706,-0.0049938116076637916,3512.6294521271216,0.59999999999999998,0.0066444418566582453,False,0.44759416538652852,600,platt,134,0
20210707,0.0062940598176061636,3576.0827979317542,0.5423728813559322,-0.007938620860336032,False,0.44317618865285441,600,platt,135,0
20210708,-0.0045630351616461565,3509.4169017417794,0.59999999999999998,-0.00040158798292644349,True,0.4409758997307765,600,platt,136,0
20210709,-0.0053783432295719273,3505.1343446269498,0.60833333333333328,0.0067387929376681033,False,0.4452636711924946,600,platt,137,0
20210712,0.0045367352486045407,3563.9317935448153,0.59999999999999998,0.0052669568003167466,True,0.44182957166339382,600,platt,138,0
20210713,0.0029619656493045871,3577.0864171324715,0.59999999999999998,-0.010660636516382604,False,0.44584689831419871,600,platt,139,0
20210714,0.0043002197203491953,3543.6744300134937,0.59999999999999998,0.0102278840156802,True,0.44265678152365079,600,platt,140,0
20210715,0.006242004731285512,3586.840388893494,0.60833333333333328,-0.0070937747626641512,False,0.44681005324828749,600,platt,141,0
20210716,-0.0034398754834396418,3527.1290356299355,0.6166666666666667,-5.1224763469082113e-05,True,0.44385551620533087,600,platt,142,0
20210719,0.0046883630839114621,3555.7151912784402,0.60833333333333328,-0.00065892039622816867,False,0.44755189356517028,600,platt,143,0
20210720,0.0035797084826530083,3549.4511789542166,0.59999999999999998,0.0073147108939586314,True,0.44423533522945691,600,platt,144,0
20210721,-0.003151601216239914,3551.4330129441892,0.59999999999999998,0.0033888432441693261,False,0.44807260510453278,600,platt,145,0
20210722,0.0021898499438772938,3582.5625319252158,0.59999999999999998,-0.0068083379844946501,False,0.44499700267896647,600,platt,146,0
20210723,-0.0036903068606194403,3537.2943478071616,0.59999999999999998,-0.023365137481550002,True,0.44196361896994307,600,platt,147,0
20210726,0.014142971967900823,3516.4808194490533,0.59999999999999998,-0.024876444181067381,False,0.44573862735282155,600,platt,148,0
20210727,-0.013248824745193625,3336.3865950269246,0.59999999999999998,-0.0057949535004505615,True,0.44274064943923891,600,platt,149,0
20210728,-0.0093538285812421029,3330.1457680564968,0.59999999999999998,0.014913926878936223,False,0.44646102084685146,600,platt,150,0
20210729,0.0043084497942554173,3426.4232415658562,0.59166666666666667,-0.0042109502409926058,False,0.44329118837951165,600,platt,151,0
20210730,0.0043763843991355515,3412.2255419236476,0.58333333333333337,0.019700017431195205,True,0.44013309987609822,600,platt,152,0
20210802,0.012063624222080122,3506.0772372636388,0.59166666666666667,-0.0047034231071148014,False,0.4440541002011788,600,platt,153,0
20210803,0.0044078632171948356,3463.189674465264,0.59166666666666667,0.0084765872675900411,True,0.44114698664623364,600,platt,154,0
20210804,-0.0045779839970845832,3461.2999488948353,0.59999999999999998,-0.0030684007039418759,True,0.44497216876355317,600,platt,155,0
20210805,0.0045920698138016067,3482.4677354801711,0.59166666666666667,-0.0024004852549183164,False,0.4483506494044141,600,platt,156,0
20210806,0.00369249354330181,3470.9971834535172,0.59999999999999998,0.010527675780284795,True,0.44566908776072994,600,platt,157,0
20210809,0.0079825581456103682,3522.5309254886733,0.60833333333333328,0.010100082560844381,True,0.44937700286054244,600,platt,158,0
20210810,0.0065013997701231429,3552.8803919418101,0.59999999999999998,0.00076216789399463636,True,0.45264685547265754,600,platt,159,0
20210811,-0.0024571878452055987,3523.9409858799254,0.59999999999999998,-0.0022317421909899826,True,0.45607454134622388,600,platt,160,0
20210812,-0.00306837727193154,3513.9221758723129,0.59999999999999998,-0.0023940790596201911,True,0.45945945748533285,600,platt,161,0
20210813,0.0048447836954829794,3533.3346075791646,0.59999999999999998,0.00029741498937996269,True,0.46280239505818715,600,platt,162,0
20210816,0.0032514879603844937,3528.7813039445723,0.59999999999999998,-0.020006199562982885,False,0.46610415639569325,600,platt,163,0
20210817,-0.011554723876095047,3407.1471441124736,0.59999999999999998,0.01111406055626718,False,0.46325728799961785,600,platt,164,0
20210818,0.0060824110165805948,3506.4848413540931,0.59166666666666667,-0.0056613146141037962,False,0.46026063500215786,600,platt,165,0
20210819,0.0042153146686993897,3480.1630031405584,0.59166666666666667,-0.011028768670965361,False,0.45746613745007103,600,platt,166,0
20210820,-0.0072340712955299711,3402.5402229372203,0.59166666666666667,0.014529749042827333,False,0.45470524635902559,600,platt,167,0
20210823,0.0054534728035111248,3496.0945453415657,0.57499999999999996,0.010738418595025445,True,0.45153934412653857,600,platt,168,0
20210824,0.0051329614879185061,3532.5106442934066,0.59999999999999998,0.0073731437818094214,True,0.45546777993069765,600,platt,169,0
20210825,0.003712023150244595,3553.5256862551482,0.59999999999999998,-0.010936498210631806,False,0.45867633353723108,600,platt,170,0
20210826,0.0046953047723003478,3518.1056810987839,0.58333333333333337,0.005852188629275501,True,0.45561786428424378,600,platt,171,0
20210827,0.0045505134474893181,3538.1843214275145,0.60833333333333328,0.0017019401777325083,True,0.45933610248736295,600,platt,172,0
20210830,-0.0032055792051209541,3516.8414318807572,0.6166666666666667,0.00447514834398266,False,0.4626339945543409,600,platt,173,0
20210831,-0.0058552195152698971,3523.1896521800104,0.6166666666666667,0.006535268286976148,False,0.45995830496930906,600,platt,174,0
20210901,0.008276511514984106,3596.6239508463091,0.6166666666666667,0.0083938754968742035,True,0.45731325094889747,600,platt,175,0
20210902,0.0048032336578651986,3614.3200360850951,0.6166666666666667,-0.0042557738960334879,False,0.46041711578900707,600,platt,176,0
20210903,-0.0054280719670685533,3562.292487909875,0.60833333333333328,0.01120264528827164,False,0.45765107814932587,600,platt,177,0
20210906,-0.005546351362204844,3601.771195737731,0.60833333333333328,0.015110277751540391,False,0.45507811756954519,600,platt,178,0
20210907,-0.0078874384047563067,3647.5877496527478,0.59999999999999998,-0.00038081518330079778,True,0.45239303012366172,600,platt,179,0
20210908,-0.0040465694494539938,3660.3146025880537,0.60833333333333328,0.0048822284256868631,False,0.45557489286940855,600,platt,180,0
20210909,0.0036775100938204008,3706.7111213817871,0.59999999999999998,0.0027025046724598045,True,0.45292320320476565,600,platt,181,0
20210910,0.0048427613536591941,3721.0435794491773,0.60833333333333328,0.0033112705284528143,True,0.45606031919410905,600,platt,182,0
20210913,-0.0028168547915694581,3704.9066357342804,0.60833333333333328,-0.014203367990873961,True,0.45903560919323988,600,platt,183,0
20210914,0.0081270652450318673,3692.3677013570518,0.64166666666666672,-0.0017414670965433254,False,0.46252519033383471,600,platt,184,0
20210915,0.0046726948557066555,3673.3076153379557,0.64166666666666672,-0.013437636958268828,False,0.45987674269271983,600,platt,185,0
20210916,0.0086127961677482483,3638.1593498768748,0.6333333333333333,0.0019057178521801887,True,0.45719359574475027,600,platt,186,0
20210917,0.0062325430534195007,3636.4905005583573,0.6333333333333333,0.0040186871692744486,True,0.46019314667752453,600,platt,187,0
20210922,0.0082413134077945743,3658.3932208146543,0.6333333333333333,0.0037841364135606792,True,0.46316481244761315,600,platt,188,0
20210923,-0.0045827936295517631,3625.5288555534567,0.6166666666666667,-0.0080042108379821952,True,0.46579099912844585,600,platt,189,0
20210924,-0.0052380312577397269,3594.141940546283,0.60833333333333328,-0.0083686788784699262,True,0.46845240015728612,600,platt,190,0
20210927,0.0097867985499441486,3617.8951422994555,0.6166666666666667,0.0054112799692154212,True,0.47141294496087921,600,platt,191,0
20210928,-0.0050451701592522519,3584.0445952212108,0.6166666666666667,-0.018300944773365191,True,0.47418563339564623,600,platt,192,0
20210929,-0.0067729369224909667,3512.3433010894423,0.625,0.0090129373843987892,False,0.47712368968974572,600,platt,193,0
20210930,-0.0036908922065004568,3554.9970809663864,0.625,0.0067260869082690355,False,0.4746213080008117,600,platt,194,0
20211008,-0.0049137650751200123,3574.5155372169074,0.625,-0.00012747181603434132,True,0.47214171871598759,600,platt,195,0
20211011,-0.0033690683531127225,3579.6079878852306,0.6333333333333333,-0.012465515368771385,True,0.47506616950739433,600,platt,196,0
20211012,-0.008383328194503584,3517.2010697504347,0.6333333333333333,0.0041799736910970164,False,0.47782542217320056,600,platt,197,0
20211013,-0.0065012286745402713,3538.6064688033434,0.6333333333333333,-0.00097783055315059375,True,0.47532850206940819,600,platt,198,0
20211014,-0.0027308250335005137,3548.5624612652082,0.6333333333333333,0.0039588514617807657,False,0.47805761796413787,600,platt,199,0
20211015,0.0043592166071257507,3587.9389180657749,0.625,-0.0011836132589093662,False,0.47540085069591931,600,platt,200,0
20211018,-0.0038188884126330062,3554.5115795190136,0.625,0.0070107716408605025,False,0.47299329393056361,600,platt,201,0
20211019,-0.0043651764288017642,3577.4685519097688,0.6166666666666667,-0.0017122564740000845,True,0.47045670183288307,600,platt,202,0
20211020,-0.0025734235410853649,3577.7700274420458,0.6166666666666667,0.0021695561882908443,False,0.4730842394716997,600,platt,203,0
20211021,-0.0041519081031216269,3579.8578909181456,0.60833333333333328,-0.0033881042781135351,True,0.47059711935943127,600,platt,204,0
20211022,0.0034480788443755892,3594.9566996809435,0.60833333333333328,0.0076087122784112005,True,0.47318390590019738,600,platt,205,0
20211025,-0.0056070099319082221,3589.6220645489761,0.60833333333333328,-0.0033865277864038035,True,0.47574604709230622,600,platt,206,0
20211026,0.0042072326027278555,3612.7737986242428,0.60833333333333328,-0.009821027837239038,False,0.47828339448418256,600,platt,207,0
20211027,0.004352751127472027,3577.8110279756997,0.60833333333333328,-0.012320280699138264,False,0.4759806155645282,600,platt,208,0
20211028,0.0051419420681187685,3536.5080943287071,0.625,0.0082194644033910524,True,0.47400722129375905,600,platt,209,0
20211029,0.0053471877646918244,3566.3043721911695,0.6333333333333333,-0.00080528033416404909,False,0.47663638597485752,600,platt,210,0
20211101,0.0044711888185759371,3560.3275371080717,0.66666666666666663,-0.010961045197186214,False,0.47497891870119252,600,platt,211,0
20211102,0.009887815741991806,3540.2913066903116,0.65833333333333333,-0.0020228898768303027,False,0.47224414556165339,600,platt,212,0
20211103,0.003900974639780857,3512.1845033331401,0.65000000000000002,0.0080973565863307062,True,0.46969862427210635,600,platt,213,0
20211104,0.0030125674577110031,3537.4906208355374,0.6166666666666667,-0.010008319851816272,False,0.47203120798970477,600,platt,214,0
20211105,-0.0042084693735036163,3476.8735442690358,0.60833333333333328,0.0020229022052185019,False,0.46974570084334361,600,platt,215,0
20211108,-0.002807223279322273,3488.8093621724861,0.625,0.0023926502905080582,False,0.46773381869297997,600,platt,216,0
20211109,-0.0031456010701359049,3495.9701713849513,0.6166666666666667,-0.0041460486276340136,True,0.46548448250049573,600,platt,217,0
20211110,-0.0061170769501873966,3471.0979436472257,0.60833333333333328,0.011546068251688135,False,0.46786846819565864,600,platt,218,0
20211111,-0.0061915064211588555,3510.9125340347214,0.6333333333333333,0.001787371314728281,False,0.46595570963458971,600,platt,219,0
20211112,-0.0019414746470392482,3532.2291266883685,0.5625,-0.0016381565009094823,True,0.4633235755079676,600,platt,220,0
20211115,-0.0035443450174615725,3520.779356534506,0.5625,-0.0032592453304168822,True,0.46601925495630281,600,platt,221,0
20211116,0.0038887036996397232,3535.4818849696321,0.5625,0.0044237488885967569,True,0.46864615652719704,600,platt,222,0
20211117,0.0028988985816113038,3547.6206658598203,0.59375,-0.0047084749099485235,False,0.47104888505740894,600,platt,223,0
20211118,0.003018043893405761,3531.3362591267787,0.57575757575757569,0.01126556667281875,True,0.46922779086817906,600,platt,224,0
20211119,0.0053173035698770134,3579.3049861899153,0.58823529411764708,0.0060966358191529846,True,0.47135470026419712,600,platt,225,0
20211122,0.0026852463551270901,3591.6984664581992,0.59999999999999998,0.001956879965568703,True,0.4735065946170034,600,platt,226,0
20211123,-0.0025043173131199994,3580.1011812772445,0.61111111111111116,0.001006689886298151,False,0.47568096067408411,600,platt,227,0
20211124,0.0032681143918898044,3604.4438627460281,0.59459459459459452,-0.0023725037071674615,False,0.47379153930680662,600,platt,228,0
20211125,0.0021026410068231039,3591.7150413206659,0.57894736842105265,-0.0056050217137605385,False,0.47195211033424195,600,platt,229,0
20211126,0.0025462544955162651,3573.1644786571719,0.5641025641025641,-0.00039073093957731064,False,0.4701573655070852,600,platt,230,0
20211129,-0.0044724373607307067,3546.7628617267246,0.55000000000000004,0.00033412891043660409,False,0.46840264059731512,600,platt,231,0
20211130,0.0042871332476163366,3579.1660593058746,0.64166666666666672,0.0036471693043482745,True,0.46544078889232243,600,platt,232,0
20211201,0.0021758249706083478,3584.6679763527418,0.6166666666666667,-0.00085255739120293494,False,0.4678243947363841,600,platt,233,0
20211202,0.0023619541126177167,3582.2770361656299,0.59999999999999998,0.0094006557324206597,True,0.4657900738684333,600,platt,234,0
20211203,0.0041955441486337458,3622.5673410583026,0.59999999999999998,-0.0050246543788128317,False,0.46805045568088888,600,platt,235,0
20211206,0.0046978176978615628,3606.1680057196222,0.59166666666666667,0.0016109241839252775,True,0.46606839526873012,600,platt,236,0
20211207,-0.0049633133045951343,3577.2446509057472,0.6166666666666667,0.011815927075168764,False,0.46834813814275011,600,platt,237,0
20211208,-0.0053910221658845315,3617.9572929775991,0.6166666666666667,0.0097520389656000628,False,0.46634874223903355,600,platt,238,0
20211209,-0.0058080873515002247,3651.7078558647408,0.54166666666666674,-0.0018222774087042204,True,0.46454961888248758,600,platt,239,0
20211210,0.0019256933877951109,3673.4081619083868,0.55102040816326525,0.0040187402837574826,True,0.46752075090630385,600,platt,240,0
20211213,-0.003590244784097041,3667.866014549666,0.56000000000000005,-0.005312758585655053,True,0.46949874710989276,600,platt,241,0
20211214,-0.001980260357439281,3654.2745266006491,0.56862745098039214,-0.0037948665819679261,True,0.47186124359462006,600,platt,242,0
20211215,-0.002691950533783077,3637.8110596668712,0.57692307692307687,0.0075078058212205701,False,0.47403312014713067,600,platt,243,0
20211216,-0.0035213515789269847,3662.0749766058184,0.56603773584905659,-0.011605990286845058,True,0.4722028466335742,600,platt,244,0
20211217,-0.0049567810133444015,3614.3589680826008,0.57407407407407407,-0.010671260406240113,True,0.47435936228975417,600,platt,245,0
20211220,-0.0065211111794657804,3570.167622475361,0.58181818181818179,0.0087720345428357049,False,0.47636793721288895,600,platt,246,0
20211221,0.0042245622201658182,3640.4396665408349,0.5714285714285714,-0.00069164509660646356,False,0.47467606741398016,600,platt,247,0
20211222,0.0022929973033990621,3630.9244528466456,0.56140350877192979,0.0057199796235749556,True,0.47292569678794261,600,platt,248,0
20211223,0.0030006613774339144,3654.2715269222645,0.56896551724137934,-0.0069402268924131372,False,0.47500308605874259,600,platt,249,0
20211224,0.0043887968158015924,3633.9324016801997,0.55932203389830515,-0.00057472892537380194,False,0.4732688349166691,600,platt,250,0
20211227,0.0036042039456570694,3629.0068081186132,0.55000000000000004,0.003909707207250257,True,0.47132124309362089,600,platt,251,0
20211228,0.0028012848628244887,3640.280476395315,0.55737704918032782,-0.009121290076076205,False,0.47359976389027914,600,platt,252,0
20211229,0.004148100114990819,3611.920916943242,0.54838709677419351,0.0061685845889027924,True,0.47165421368222005,600,platt,253,0
20211230,0.0039988949628489553,3633.66135506214,0.55555555555555558,0.005688236307994643,True,0.47392670272695214,600,platt,254,0
20211231,-0.0021313876606317995,3632.0176276249686,0.5625,-0.0020458679950416947,True,0.47603750789760924,600,platt,255,0
20220104,-0.004963766882068078,3614.298866101401,0.56923076923076921,-0.010228368912297503,True,0.47798465858641759,600,platt,256,0
20220105,-0.0053998562532517301,3575.7626658548743,0.57575757575757569,-0.0025303072080391509,True,0.47986082700219912,600,platt,257,0
20220106,-0.0041510948247657949,3571.1930451916796,0.58208955223880599,-0.0018227427882797631,True,0.4816325461735621,600,platt,258,0
20220107,0.0036109230607544412,3592.4681532823852,0.58823529411764708,0.0039044093537423663,True,0.48337683036360601,600,platt,259,0
20220110,0.0046796931802979809,3610.3352649536632,0.58823529411764708,-0.0072568983709476731,False,0.48541917111063548,600,platt,260,0
20220111,0.0048451702418870566,3584.7257584883705,0.57352941176470584,0.0084069227327634444,True,0.48427783451307888,600,platt,261,0
20220112,-0.0032922445881925061,3585.5884736373851,0.57971014492753625,-0.011723251149062697,True,0.48593962639077642,600,platt,262,0
20220113,-0.0056193218990115536,3535.2803580543027,0.59420289855072461,-0.0095640302948434286,True,0.48718887512911513,600,platt,263,0
20220114,-0.0035956699976009685,3508.5946258064946,0.60869565217391308,0.0057962558188400237,False,0.48820904782708124,600,platt,264,0
20220117,0.0032760088615612494,3553.2685292006904,0.60869565217391308,0.00797602032489797,True,0.4864138405330713,600,platt,265,0
20220118,-0.0058587343499318144,3548.9992198784039,0.62318840579710144,-0.0032871376411715003,True,0.48742039075667665,600,platt,266,0
20220119,0.004534482554939206,3574.3141033235402,0.6376811594202898,-0.00087592543108283571,False,0.48855209123477161,600,platt,267,0
20220120,-0.0043707985967076186,3539.5244360654724,0.6376811594202898,-0.0091404852499233913,True,0.48658048849334079,600,platt,268,0
20220121,0.0039683285736822841,3536.546606850306,0.64285714285714279,0.00043635780590633999,True,0.48834084934917832,600,platt,269,0
20220124,0.0038922886881320551,3537.8218340272897,0.647887323943662,-0.025834587788956309,False,0.49018948488009262,600,platt,270,0
20220125,0.011035206519184751,3470.9457393350003,0.60833333333333328,0.0065849976691356726,True,0.49042870970029201,600,platt,271,0
20220126,-0.0056049341414549985,3436.2991090057599,0.60833333333333328,-0.017773843371928111,True,0.49234916672498974,600,platt,272,0
20220127,0.0082762857923411853,3422.3391615323108,0.6166666666666667,-0.0096656772868118912,False,0.49376631741306132,600,platt,273,0
20220128,0.0078608913785517803,3387.8636123572519,0.58333333333333337,0.020271433100525371,True,0.49386442593379093,600,platt,274,0
20220207,0.0033473334361051412,3441.0608508183977,0.59166666666666667,0.0067203255068279955,True,0.49518212452459431,600,platt,275,0
20220208,0.0079590932659816139,3480.108594632014,0.59166666666666667,0.0079119423437585823,True,0.49710912543154029,600,platt,276,0
20220209,-0.0051283853893045192,3462.0992968037085,0.59999999999999998,0.0017130439215460314,False,0.49840641415176673,600,platt,277,0
20220210,0.0030912221225922768,3496.6828131448215,0.59999999999999998,-0.0065862914132163164,False,0.49662048984436574,600,platt,278,0
20220211,0.0051742209079632057,3480.8659574273674,0.59999999999999998,-0.0098372256770020705,False,0.4948308566379559,600,platt,279,0
20220214,-0.0053479620176065867,3410.5445687663487,0.6333333333333333,0.0050180786326832205,False,0.49098340601164836,600,platt,280,0
20220215,-0.0032827655114056518,3434.7757995229485,0.6333333333333333,0.0057288139872206933,False,0.48908558506272776,600,platt,281,0
20220216,-0.0026823385497212909,3456.5339692430503,0.68333333333333335,0.00063618229454687203,False,0.48373409343953688,600,platt,282,0
20220217,0.0033646282170011269,3479.7040497643993,0.68333333333333335,0.0065518074008126259,True,0.48149243544885612,600,platt,283,0
20220218,-0.0054879279708431108,3471.6002753739053,0.59166666666666667,-4.1538264490714738e-05,True,0.49021748200200455,600,platt,284,0
20220221,-0.0025687846290902479,3481.6456687776463,0.6333333333333333,-0.0095875156344346069,True,0.48914356198709358,600,platt,285,0
20220222,0.0045264667121664055,3472.7946562880998,0.66666666666666663,0.0092563345603569047,True,0.48886608702633322,600,platt,286,0
20220223,-0.0041000605575254537,3474.8407880559221,0.60833333333333328,-0.016964062701293803,True,0.49452260802494752,600,platt,287,0
20220224,0.011128303752150723,3468.1259966758334,0.60833333333333328,0.0062536363435989895,True,0.49629749675573276,600,platt,288,0
20220225,0.0049966806442694493,3468.6516740553834,0.6166666666666667,0.0031582200657291892,True,0.49754645465706793,600,platt,289,0
20220228,-0.004667189974373538,3446.1471582817107,0.6166666666666667,0.0076620312979809313,False,0.49932870206651586,600,platt,290,0
20220301,-0.0032015609701289433,3477.6649829932485,0.6166666666666667,-0.0013308455112532869,True,0.49756286298708002,600,platt,291,0
20220302,-0.0024773762796366432,3475.5599463764511,0.6166666666666667,-0.00088373440771738476,True,0.49933356671126933,600,platt,292,0
20220303,0.0034092931083186625,3492.9806328555323,0.59166666666666667,-0.0096128751943524993,False,0.50239750270974559,600,platt,293,0
20220304,-0.0047554586696078463,3431.2538476731852,0.65833333333333333,-0.021694145778761054,True,0.49713532424633688,600,platt,294,0
20220307,0.01018495831367274,3407.2075896100546,0.66666666666666663,-0.023518679366964834,False,0.49883327709445141,600,platt,295,0
20220308,0.012930268150520752,3336.1163273548113,0.66666666666666663,-0.011277170352868571,False,0.49665643047013303,600,platt,296,0
20220309,0.021298063522791875,3325.7431669980829,0.65833333333333333,0.01219258734615325,True,0.4950274236716713,600,platt,297,0
20220310,0.0046711703104353854,3311.4888080250976,0.65833333333333333,0.004142632903290755,True,0.4970853963257893,600,platt,298,0
20220311,-0.012861488937327293,3267.1784294325944,0.66666666666666663,-0.02604848884659372,True,0.4986784875531951,600,platt,299,0
20220314,-0.010034957051663138,3191.1847867973725,0.66666666666666663,-0.049500845780132807,True,0.50076229402704819,600,platt,300,0
20220315,0.018999042693242492,3122.1776056454091,0.66666666666666663,0.034838874801841779,True,0.50284545818118598,600,platt,301,0
20220316,-0.021377222381812909,3102.9293208085955,0.67500000000000004,0.013982419018224279,False,0.50465979443448916,600,platt,302,0
20220317,-0.0078268709442494509,3189.8807616184808,0.65000000000000002,0.011206034628758577,False,0.50337807442433624,600,platt,303,0
20220318,0.0085701929082090313,3278.9347176265537,0.625,0.00080382706949255756,True,0.50254415063257629,600,platt,304,0
20220321,-0.0059416931156956471,3234.3532980756722,0.625,0.0018982165364036518,False,0.50421241134735673,600,platt,305,0
20220322,-0.0053078822735064604,3242.5589368069109,0.59999999999999998,0.0034267095793230062,False,0.50357077065095024,600,platt,306,0
20220323,-0.0037197934195706199,3258.8649348312983,0.59999999999999998,-0.0063490961951615521,True,0.50191968161800227,600,platt,307,0
20220324,-0.0040655790247655704,3237.0501932304178,0.60833333333333328,-0.011698894403790683,True,0.50320054645698853,600,platt,308,0
20220325,0.0062029081141149241,3232.1651289401934,0.6166666666666667,0.00070443057506386353,True,0.50445639108391516,600,platt,309,0
20220328,-0.0095714747509716945,3183.7351685700201,0.65833333333333333,-0.0032861692727773617,True,0.50441734513836101,600,platt,310,0
20220329,-0.0044531401940190399,3189.671709123973,0.65833333333333333,0.019556113313382584,False,0.50627864710187176,600,platt,311,0
20220330,-0.0067306594289641098,3244.6095555050492,0.65000000000000002,-0.0044061158590199545,True,0.50472545909383282,600,platt,312,0
20220331,-0.0034828234459508343,3240.8760514888909,0.65833333333333333,0.0093824711859151755,False,0.50623559106405036,600,platt,313,0
20220401,-0.0081143240440741671,3256.0795737627386,0.65000000000000002,0.00021613196826075765,False,0.50465106200357779,600,platt,314,0
20220406,-0.0043051383012336301,3269.2904965376201,0.66666666666666663,-0.014232389758977781,True,0.50207257546317718,600,platt,315,0
20220407,0.0072633184526629249,3260.2042472454737,0.64166666666666672,0.0046822760661020535,True,0.50503733341161139,600,platt,316,0
20220408,-0.0065356718564061611,3230.5971741666112,0.65000000000000002,-0.026054182938685111,True,0.50645982524419186,600,platt,317,0
20220411,0.01147232141276407,3203.4601862794898,0.625,0.014588494887430858,True,0.50891341645096011,600,platt,318,0
20220412,-0.0099874497305537397,3181.2365331510446,0.625,-0.0082484849437319818,True,0.51049007724130335,600,platt,319,0
20220413,0.00573558917879371,3205.1027155433562,0.625,0.012180401279719089,True,0.51205231091274295,600,platt,320,0
20220414,-0.0053743406461834731,3208.3055053888361,0.625,-0.0044631126363341433,True,0.5136015527573391,600,platt,321,0
20220415,0.0040237565752466011,3224.1660673787264,0.6333333333333333,-0.0048955470476744756,False,0.51494276604329603,600,platt,322,0
20220418,-0.0050469273574979216,3179.396422502859,0.625,-0.00046793577516557328,True,0.51350166756836435,600,platt,323,0
20220419,-0.0044926502959723238,3179.6790460156008,0.6333333333333333,-0.013456015595601944,True,0.51482416705545997,600,platt,324,0
20220420,0.0068772703981003899,3172.7204215124798,0.6333333333333333,-0.022609004783104347,False,0.51645549661922174,600,platt,325,0
20220421,0.01287170071205118,3119.4500629650702,0.625,0.0023091052080947971,True,0.51493726314063937,600,platt,326,0
20220422,-0.0079016105342153403,3062.5276659408473,0.625,-0.05131572438579779,True,0.51644666024886909,600,platt,327,0
20220425,0.017063226019879779,2978.4816587452851,0.6333333333333333,-0.014371156025391629,False,0.51781756678934243,600,platt,328,0
20220426,0.01192798832550266,2920.8549520520305,0.6333333333333333,0.024894560771129726,True,0.51612967114968622,600,platt,329,0
20220427,-0.0139929503462585,2916.88690686377,0.6333333333333333,0.0058151318907393446,False,0.5177104523328856,600,platt,330,0
20220428,-0.0079629529988929932,2951.7911543886794,0.625,0.02405577739802256,False,0.51623117201235946,600,platt,331,0
20220429,-0.011373250457681023,3012.4073961646172,0.6166666666666667,0.0067922140353935401,False,0.51486974736223889,600,platt,332,0
20220505,-0.0056438311359240014,3050.444787931438,0.6166666666666667,-0.021578685442241508,True,0.51331997159234377,600,platt,333,0
20220506,0.0054610316455122286,3017.9521168764195,0.6166666666666667,0.00085968615325260345,True,0.51478087181981513,600,platt,334,0
20220509,-0.0046425709187550438,2990.193962821817,0.6166666666666667,0.010553200084590042,False,0.51623254858205592,600,platt,335,0
20220510,-0.01228120113014446,2998.5603867800178,0.6333333333333333,0.0075295365947962711,False,0.51425229799168382,600,platt,336,0
20220511,0.0093450270663673288,3087.2863595194708,0.59999999999999998,-0.0012125075117629391,False,0.51364089345775998,600,platt,337,0
20220512,0.0055308194217288456,3071.8906201484656,0.59166666666666667,0.0095877438711826635,True,0.51234784494383689,600,platt,338,0
20220513,0.0037460157877683684,3095.8382784309697,0.59999999999999998,-0.0034159300155353067,False,0.51356935337347276,600,platt,339,0
20220516,0.0054924603691377891,3090.6312434686847,0.64166666666666672,0.006489697531561589,True,0.51083214342713579,600,platt,340,0
20220517,-0.0050163937481555376,3078.1773002187092,0.64166666666666672,-0.0024952997166981516,True,0.51238141338025545,600,platt,341,0
20220518,0.0048106242525744287,3100.8222748369622,0.6166666666666667,0.0035606230092204427,True,0.51446358254877567,600,platt,342,0
20220519,-0.0075414097836132583,3073.6093193577744,0.6166666666666667,0.016016488143488106,False,0.51596354276314393,600,platt,343,0
20220520,0.0053923248818892036,3163.5346131443293,0.60833333333333328,9.2163927337463036e-05,True,0.5145614867482099,600,platt,344,0
20220523,0.003084366151483546,3156.5633601396685,0.60833333333333328,-0.024128866599702481,False,0.51596638475839307,600,platt,345,0
20220524,0.011506077672690872,3106.2615268903796,0.60833333333333328,0.011897677027316034,True,0.51447762402152131,600,platt,346,0
20220525,0.005208175506797209,3123.6483184138719,0.6166666666666667,0.005034265721685971,True,0.51569221764713369,600,platt,347,0
20220526,0.0073914628593001689,3146.1922360484368,0.625,0.002283462572650885,True,0.51697616174332595,600,platt,348,0
20220527,0.0052734989678425792,3146.7467142450005,0.625,0.0060127350003964519,True,0.51833891114900843,600,platt,349,0
20220530,-0.0037768818474951025,3137.1670698055095,0.625,0.011865887500993599,False,0.5197269562387471,600,platt,350,0
20220531,0.0062730565546270534,3206.4157374054957,0.625,-0.001340215817270729,False,0.51823527357674393,600,platt,351,0
20220601,0.004118422776352406,3195.2620662193599,0.625,0.0041799954156875874,True,0.51678920867476197,600,platt,352,0
20220602,0.0044981894909070707,3209.8317755942348,0.6333333333333333,0.012803767096923213,True,0.51796929216797016,600,platt,353,0
20220606,0.0073487061840103269,3260.155046195287,0.64166666666666672,0.0016659395664633259,True,0.51923816841057702,600,platt,354,0
20220607,0.004028093883088721,3254.8216277247707,0.65000000000000002,0.0067956530450170582,True,0.52059461334192303,600,platt,355,0
20220608,0.0066546929354303784,3285.512942881684,0.65000000000000002,-0.0076105001008949236,False,0.52219498269562126,600,platt,356,0
20220609,0.0062353973134086403,3259.1504669404731,0.65000000000000002,0.014165003810026056,True,0.52046465332503833,600,platt,357,0
20220610,0.0099059194397086835,3317.373401967408,0.65833333333333333,-0.0089146054590701906,False,0.5218947709514179,600,platt,358,0
20220613,0.005762492453828481,3274.3111886468027,0.65833333333333333,0.010245730745863435,True,0.52017081541617671,600,platt,359,0
20220614,0.012224548833443927,3329.1119993403354,0.65833333333333333,0.0050168648753965428,True,0.52175067606504055,600,platt,360,0
20220615,0.0090536619805643426,3335.3326340647263,0.66666666666666663,-0.0060573788410780427,False,0.52329467548425224,600,platt,361,0
20220616,0.0055239604287943885,3303.5328339713747,0.65833333333333333,0.0095578462733965086,True,0.52156295468104286,600,platt,362,0
20220617,0.0078571893590949331,3342.8463133084379,0.65833333333333333,-0.000408678800080442,False,0.5231565387782332,600,platt,363,0
20220620,0.0053144638922679368,3333.0499340852348,0.65833333333333333,-0.0026275926424268459,False,0.52142303499534026,600,platt,364,0
20220621,0.0064221156134004346,3327.9547291501813,0.65000000000000002,-0.011950517954566919,False,0.51987642212980778,600,platt,365,0
20220622,0.0058484689608120644,3286.3097271463153,0.64166666666666672,0.016205642161781553,True,0.51850762263084271,600,platt,366,0
20220623,0.0075058908197720648,3345.0693736476082,0.65000000000000002,0.0089147513182163962,True,0.51975901226855781,600,platt,367,0
20220624,0.0043400252195277067,3364.2849864590376,0.65000000000000002,0.0087881860928602507,True,0.52118970035012824,600,platt,368,0
20220627,0.0037385864476087742,3391.8185759926801,0.65833333333333333,0.008885307617942928,True,0.52255775755381606,600,platt,369,0
20220628,0.00674507009362577,3432.2056624374113,0.65833333333333333,-0.013989339408014945,False,0.52410119318883008,600,platt,370,0
20220629,0.007224262918324521,3385.8021876694015,0.65000000000000002,0.011036205461598669,True,0.52250469258067511,600,platt,371,0
20220630,0.0073871955511386408,3423.7223417339483,0.65833333333333333,-0.0032303736806285066,False,0.52392762981338059,600,platt,372,0
20220701,0.0032728098552895946,3398.7243927415866,0.65000000000000002,0.0052512705536689186,True,0.5223340653993731,600,platt,373,0
20220704,0.0052593444560468322,3423.3370120351192,0.65833333333333333,-0.00041154901381368347,False,0.52375860124187279,600,platt,374,0
20220705,0.0066724777837428376,3426.7384825223007,0.65833333333333333,-0.01429939472833508,False,0.52205224424950614,600,platt,375,0
20220706,0.0074270475848124242,3380.2700418855861,0.65000000000000002,0.0026966786800195486,True,0.52058737059472304,600,platt,376,0
20220707,0.005550539415010926,3383.0722237067839,0.65000000000000002,-0.0024730130026233699,False,0.52199911075291683,600,platt,377,0
20220708,-0.0041098846426829557,3342.2847073901307,0.64166666666666672,-0.012661744611522474,True,0.52065805428090695,600,platt,378,0
20220711,-0.0057063515905209873,3294.6755246712746,0.64166666666666672,-0.0096926771737188,True,0.52197207065402207,600,platt,379,0
20220712,-0.0055157953598108178,3263.3666023059254,0.65000000000000002,0.00086098700078141022,False,0.52320851142674096,600,platt,380,0
20220713,-0.0039833949990772137,3271.2091684683696,0.64166666666666672,-0.00077575323849110589,True,0.52182156627677689,600,platt,381,0
20220714,-0.004929339088863921,3265.5671710211554,0.65000000000000002,-0.016358101058461694,True,0.5230408817098704,600,platt,382,0
20220715,0.0080841392380889155,3254.1569937846302,0.65000000000000002,0.01550230976125655,True,0.52442896419083485,600,platt,383,0
20220718,0.0068396600273798475,3300.5244121066326,0.65000000000000002,0.00040511230991402414,True,0.52584927015153549,600,platt,384,0
20220719,0.0036466262694532874,3291.3901603274471,0.65833333333333333,0.0077126177334465584,True,0.52716971630122533,600,platt,385,0
20220720,0.0026757856386604318,3313.5670338216719,0.66666666666666663,-0.0099019152671827593,False,0.5291196287989266,600,platt,386,0
20220721,0.0037495808977882966,3284.2698331970605,0.65833333333333333,-0.00061959023731417151,False,0.5269661149288325,600,platt,387,0
20220722,0.0061715703598274191,3290.1547739986495,0.65000000000000002,-0.0059896196724995576,False,0.52544154299198864,600,platt,388,0
20220725,0.0039777687014568297,3263.3172916539907,0.6333333333333333,0.0083213450209635997,True,0.52416656425452368,600,platt,389,0
20220726,0.0047736573582903242,3293.0809545682628,0.65000000000000002,-0.00051268741939580753,False,0.52523384234224979,600,platt,390,0
20220727,0.0022134703082134265,3283.0060870935226,0.6333333333333333,0.0020821152300356527,True,0.52400481313166747,600,platt,391,0
20220728,-0.0037484518065941789,3270.2712228122077,0.64166666666666672,-0.0089373716823234473,True,0.52514285904228408,600,platt,392,0
20220729,-0.006409264780505161,3232.3873349821456,0.65000000000000002,0.0020657263891714628,False,0.52634069856892696,600,platt,393,0
20220801,-0.0051144760963363119,3243.285520176702,0.65000000000000002,-0.022605226416225865,True,0.52485696319238628,600,platt,394,0
20220802,-0.010275906713641902,3153.5246237087886,0.65000000000000002,-0.0070905245085595148,True,0.52619257388843621,600,platt,395,0
20220803,-0.0078991351208535666,3138.6838108057555,0.65000000000000002,0.0080175767788470687,False,0.52757775202532586,600,platt,396,0
20220804,-0.0047588412042950355,3173.8629693288121,0.64166666666666672,0.011911926699174069,False,0.52614201958298856,600,platt,397,0
20220805,-0.0059364467446104303,3207.8696278520138,0.64166666666666672,0.0030700086863242326,False,0.52473667279225333,600,platt,398,0
20220808,-0.0031729741263831521,3226.6629931210823,0.64166666666666672,0.0032432236718347163,False,0.52333774168297287,600,platt,399,0
20220809,-0.0028126099957606746,3238.2980408587687,0.64166666666666672,-0.0053617138318347024,True,0.52193171000793082,600,platt,400,0
20220810,-0.0047115172085699028,3214.8017051859752,0.66666666666666663,0.015989188921430753,False,0.52275442908842762,600,platt,401,0
20220811,-0.0057477217829585148,3262.8033002960387,0.65833333333333333,-0.0014558766411711943,True,0.52137963867060733,600,platt,402,0
20220812,-0.0020203584740492849,3270.2672121667974,0.65833333333333333,-0.00024434770834536046,True,0.52273353974960945,600,platt,403,0
20220815,-0.0032933178998488938,3265.2978040414378,0.65833333333333333,0.0005487339011449599,False,0.52411303185170643,600,platt,404,0
20220816,-0.003077509397968053,3267.7969790302946,0.65833333333333333,0.0044666915831419463,False,0.5226025199216362,600,platt,405,0
20220817,-0.0042542704749532973,3278.5187038501836,0.65833333333333333,-0.0045503664967262436,True,0.52108064061022408,600,platt,406,0
20220818,-0.002426154097639556,3269.5919736794367,0.66666666666666663,-0.0059390205555758246,True,0.52230043096377587,600,platt,407,0
20220819,-0.0037326077936380331,3245.9172711718761,0.6333333333333333,0.0060513890641797907,False,0.52425420032554815,600,platt,408,0
20220822,-0.0040494457500907174,3264.5210498021934,0.66666666666666663,-0.00047925521134750682,True,0.5223604947430428,600,platt,409,0
20220823,-0.0028705992381362574,3266.8186756039959,0.67500000000000004,-0.018625134049161551,True,0.52370063258919775,600,platt,410,0
20220824,-0.0092658414343678528,3185.4117360429441,0.68333333333333335,0.0096556258199909095,False,0.52520326589488986,600,platt,411,0
20220825,-0.0065201208458041402,3225.0821700925376,0.67500000000000004,-0.0030883344991405881,True,0.52349323032425044,600,platt,412,0
20220826,-0.0045011178296576141,3221.6559807543995,0.67500000000000004,0.0013920241456815141,False,0.52505307891366526,600,platt,413,0
20220829,-0.0055140657157133543,3222.8579155982807,0.66666666666666663,-0.0041679530290652522,True,0.52346094909231788,600,platt,414,0
20220830,-0.0041230209529139342,3213.9144030834309,0.66666666666666663,-0.0077721685129459317,True,0.52494071886397187,600,platt,415,0
20220831,-0.006368246918229104,3181.7457958234049,0.66666666666666663,-0.0053583265529671964,True,0.52629646293302956,600,platt,416,0
20220901,-0.0044222701480786317,3170.8948593504533,0.65833333333333333,0.00047045825755187565,False,0.52804247991206177,600,platt,417,0
20220902,-0.0032869071386901071,3176.0044423858303,0.65000000000000002,0.0042158457012462236,False,0.52622346049056168,600,platt,418,0
20220905,-0.003725557218014063,3187.9903454965015,0.64166666666666672,0.013604999987812283,False,0.52493449308739515,600,platt,419,0
20220906,-0.0053884702287151105,3225.9693845574729,0.64166666666666672,0.00087798578216147227,False,0.523572475721794,600,platt,420,0
20220907,-0.0034183298692309501,3235.1973952299959,0.64166666666666672,-0.0032985610700791979,True,0.52226124967261744,600,platt,421,0
20220908,-0.0026322077616523524,3227.0694648908648,0.64166666666666672,0.008180279666169854,False,0.52345462135340803,600,platt,422,0
20220909,-0.0038989279913928393,3249.3356855701795,0.6333333333333333,0.00053432588581747709,False,0.52225819816151353,600,platt,423,0
20220913,-0.0024282199030493997,3255.8719826794431,0.625,-0.0080444030039611425,True,0.52112350300219301,600,platt,424,0
20220914,-0.0038169519161475748,3225.1843582411871,0.625,-0.01162091523819353,True,0.52225513382416666,600,platt,425,0
20220915,-0.010689766469202179,3165.7123163765673,0.625,-0.022975896231363646,True,0.52338140739155536,600,platt,426,0
20220916,-0.0089716249497743487,3098.3488323917627,0.625,-0.0034531115475168184,True,0.52450251900005462,600,platt,427,0
20220919,-0.0047227262563822167,3100.8877651024359,0.6333333333333333,0.002183815589533511,False,0.52552436005468328,600,platt,428,0
20220920,0.0035661896948910718,3133.5408913872284,0.6333333333333333,-0.001674478057912876,False,0.52427195760636902,600,platt,429,0
20220921,0.005296569024824972,3133.6877452617246,0.64166666666666672,-0.0026523354108752839,False,0.52289896321105056,600,platt,430,0
20220922,0.0045273750233659985,3122.9847996729432,0.6333333333333333,-0.0066068501959658521,False,0.52177204446482495,600,platt,431,0
20220923,0.0072732252496614498,3110.8319070276839,0.625,-0.012026896393064312,False,0.5207029157086851,600,platt,432,0
20220926,0.0076025436147140676,3074.4230787433494,0.6333333333333333,0.013973333997547188,True,0.51931756185958289,600,platt,433,0
20220927,0.0063263723443826823,3113.4347217288623,0.6333333333333333,-0.015771551269678552,False,0.52045326674725534,600,platt,434,0
20220928,0.0062260891688893901,3064.0256574220248,0.625,-0.0012683465597536081,False,0.51940314693114953,600,platt,435,0
20220929,0.0071354016997800633,3062.904816472219,0.625,-0.0055287631749603161,False,0.51824271349482465,600,platt,436,0
20220930,0.0046219542267604838,3038.3690944548493,0.69999999999999996,-0.016613297786777226,False,0.51527911834184248,600,platt,437,0
20221010,0.0088056478820348269,3000.3346771423735,0.625,0.0018987639272782797,True,0.51576878798021497,600,platt,438,0
20221011,0.0047965304254726062,2994.0852658674985,0.64166666666666672,0.01534096701897969,True,0.51634435464619266,600,platt,439,0
20221012,0.012936571445159179,3064.6451680584723,0.59166666666666667,-0.0030240896934413675,False,0.5189457431872696,600,platt,440,0
20221013,0.0045024208789484384,3029.9370046829831,0.64166666666666672,0.018443014735561203,True,0.51638851805666064,600,platt,441,0
20221014,0.0068626437685791932,3093.0687510701778,0.64166666666666672,0.0042173032774750485,True,0.51754003838002294,600,platt,442,0
20221017,0.004780450147385866,3099.6897128727119,0.59166666666666667,-0.0012917259424918281,False,0.51975610484782586,600,platt,443,0
20221018,0.0035703077618035022,3091.9573661190057,0.59166666666666667,-0.011872835372537027,False,0.51850607315675223,600,platt,444,0
20221019,0.0052081454234295266,3060.2332617854463,0.59166666666666667,-0.0030637788471515881,False,0.51725931522257818,600,platt,445,0
20221020,0.0079773617392521305,3059.2620949376624,0.59166666666666667,0.0012779688930371069,True,0.51601637904839337,600,platt,446,0
20221021,0.0040036969389988875,3051.0960511355047,0.6333333333333333,-0.020195831485505744,False,0.51656263333568986,600,platt,447,0
20221024,0.014266283348752554,3020.0340490230087,0.59166666666666667,-0.00042733042011589006,False,0.51607558380348351,600,platt,448,0
20221025,0.0080673901332963902,3000.2938361080978,0.59166666666666667,0.0078018790551839245,True,0.51484607145287431,600,platt,449,0
20221026,0.0070745257418057313,3020.723665430839,0.58333333333333337,-0.0055344824390275438,False,0.51613643228090844,600,platt,450,0
20221027,0.0049810308869449472,2997.7608314776576,0.6166666666666667,-0.022453697705010822,False,0.51443477892735745,600,platt,451,0
20221028,-0.0093418684067433453,2888.6855058267588,0.59166666666666667,-0.0076966295814738794,True,0.51361041923995321,600,platt,452,0
20221031,-0.0059015952713404613,2876.4067349996553,0.60833333333333328,0.026167979081542336,False,0.51450482266702824,600,platt,453,0
20221101,-0.010175507369158178,2938.9863886072494,0.60833333333333328,0.011508286997892858,False,0.51336148899832545,600,platt,454,0
20221102,0.0091032881664734715,3030.7104416702127,0.625,-0.0018526522490620589,False,0.51200147476475077,600,platt,455,0
20221103,0.0036149006623267259,3008.6424698104565,0.59999999999999998,0.024348042303075301,True,0.51122760964176428,600,platt,456,0
20221104,-0.011484068453064959,3035.5311639369747,0.60833333333333328,0.0022862473070504041,False,0.51221852763294329,600,platt,457,0
20221107,0.0045676938239016633,3091.8755257019993,0.59166666666666667,-0.0043291072861056934,False,0.51134840843150831,600,platt,458,0
20221108,0.0041895401936988645,3077.3316157589006,0.59999999999999998,-0.0053272110804110095,False,0.51002907640594786,600,platt,459,0
20221109,-0.0037925739535391014,3036.6071989542188,0.59999999999999998,-0.0039485361631690363,True,0.50888540403890781,600,platt,460,0
20221110,0.0034524242623698489,3046.6138150900729,0.59999999999999998,0.016850651872227784,True,0.50998440972267045,600,platt,461,0
20221111,-0.0064148758429724596,3067.4880012800722,0.59999999999999998,-0.001260424748856126,True,0.51107818263705984,600,platt,462,0
20221114,0.0062485485505529683,3102.6680827238883,0.59999999999999998,0.016435259335202401,True,0.51216673887816277,600,platt,463,0
20221115,-0.0081263435669274887,3108.6092070317195,0.60833333333333328,-0.0044981014829944543,True,0.51314049192258293,600,platt,464,0
20221116,-0.0040594828264031262,3107.3148931474857,0.60833333333333328,-0.0014569642809294514,True,0.51419307934840564,600,platt,465,0
20221117,-0.0037789325082468205,3103.6616825348497,0.60833333333333328,-0.0058391530401840086,True,0.51521201235163283,600,platt,466,0
20221118,-0.0040118738600109834,3084.8174509678229,0.6166666666666667,-0.0039385993324643209,True,0.51609044128696602,600,platt,467,0
20221121,-0.0039281435451123453,3072.9259027537551,0.60833333333333328,0.0012635798693851896,False,0.51729453599963438,600,platt,468,0
20221122,-0.0056434428453572315,3071.5103289843105,0.59999999999999998,0.0025784551645602338,False,0.5163432050240514,600,platt,469,0
20221123,0.0044208919276089199,3110.598392483123,0.60833333333333328,-0.0024533185090815923,False,0.51506540747742469,600,platt,470,0
20221124,-0.0038154396857299879,3077.5225255506534,0.59166666666666667,0.0040085331687054193,False,0.51423742877714762,600,platt,471,0
20221125,0.0044716200028154683,3115.5627933557166,0.59166666666666667,-0.0074619565855192915,False,0.51307261380025559,600,platt,472,0
20221128,-0.0061385688339171242,3059.6506181241975,0.59166666666666667,0.023127555079934581,False,0.51191102871717342,600,platt,473,0
20221129,-0.0073867780301693081,3126.4813121503862,0.59166666666666667,0.00050400860665744673,False,0.51038248648912099,600,platt,474,0
20221130,-0.0027942734908383269,3142.5296073104673,0.59166666666666667,0.0044856540654369947,False,0.50933242586564675,600,platt,475,0
20221201,-0.0044364941311499356,3151.4275060425257,0.59166666666666667,-0.0029464492662719666,True,0.50828672208525727,600,platt,476,0
20221202,-0.0027614319290675715,3147.428722633379,0.59166666666666667,0.017638674430654921,False,0.50929419206759374,600,platt,477,0
20221205,-0.0047004121400626327,3196.7175486026122,0.59166666666666667,0.0002238610051688017,False,0.508252845545765,600,platt,478,0
20221206,-0.0038379881816542837,3200.2037347776304,0.625,-0.0040198803847455444,True,0.50732399230760195,600,platt,479,0
20221207,-0.0048243475721014501,3184.1833239159614,0.6333333333333333,-0.00070930311273897928,True,0.50838758759923475,600,platt,480,0
20221208,-0.0025566210465245011,3189.175487952557,0.64166666666666672,0.0030025803556876784,False,0.50945856082526775,600,platt,481,0
20221209,-0.0038154264714642889,3194.7143173142526,0.5625,-0.0087025049531482823,True,0.50808715962698847,600,platt,482,0
20221212,0.0026631609762807454,3187.5079997974099,0.58823529411764708,-0.00085440842125483751,False,0.50916406347911769,600,platt,483,0
20221213,-0.0020748755721293958,3169.7350198109184,0.55555555555555558,6.2902873146919447e-05,False,0.50801980579110395,600,platt,484,0
20221214,-0.0027970865525010023,3167.6402837996907,0.625,-0.0024799109895330407,True,0.50725128247803952,600,platt,485,0
20221215,-0.0027260129932300194,3160.0100249262305,0.625,-0.00024938082421166463,True,0.5082715671671707,600,platt,486,0
20221216,0.0031358622820659302,3177.7915651627955,0.6333333333333333,-0.019174662396441056,False,0.50932239678616498,600,platt,487,0
20221219,-0.010001107460892254,3076.0404089916497,0.6166666666666667,-0.010733139906311751,True,0.50820270772519449,600,platt,488,0
20221220,-0.0053460288918982298,3057.3334586916681,0.625,-0.0017422927360863927,True,0.50924163205890871,600,platt,489,0
20221221,-0.0034411591510728674,3057.8516111286767,0.6333333333333333,-0.0045558441414536022,True,0.51028767146495624,600,platt,490,0
20221222,-0.0070742252479000052,3032.8235649795643,0.6333333333333333,-0.0028040899135627351,True,0.51129890044060466,600,platt,491,0
20221223,-0.004161097875191689,3033.1922517948419,0.64166666666666672,0.0064665344481296128,False,0.51235191342851971,600,platt,492,0
20221226,-0.0033419748372694536,3055.3175669287257,0.64166666666666672,0.009787828178749125,False,0.51129015117033871,600,platt,493,0
20221227,-0.003216993486638977,3085.6093785499506,0.6333333333333333,-0.0026386435470739933,True,0.51019507126814512,600,platt,494,0
20221228,-0.0026096066255835836,3079.342801287055,0.6333333333333333,-0.004436775711288754,True,0.51119815316819661,600,platt,495,0
20221229,-0.0029412317061409949,3064.6611313988633,0.6333333333333333,0.0050610963666739561,False,0.51219714256523996,600,platt,496,0
20221230,-0.0019189131146805168,3083.3298825010597,0.6333333333333333,0.0088221834764912188,False,0.51115247756679649,600,platt,497,0
20230103,-0.0063116982193147124,3096.8414173902966,0.64166666666666672,0.0022475447631051804,False,0.51014950451718732,600,platt,498,0
20230104,-0.0026406871806220005,3115.2681702840573,0.6333333333333333,0.0101487541413261,False,0.50907191956698894,600,platt,499,0
20230105,-0.0038892281601148096,3142.9448443037095,0.625,0.0007670789722746818,False,0.50801057495612745,600,platt,500,0
20230106,-0.0025149137149899892,3149.695316659197,0.55555555555555558,0.0058423444243820288,False,0.50677721008008858,600,platt,501,0
20230109,-0.002406280988131585,3168.4419482509506,0.55555555555555558,-0.0020708831896631974,True,0.50581914432160768,600,platt,502,0
20230110,0.0017307004982784304,3174.9926676903374,0.57894736842105265,-0.0024198083538033988,False,0.50682331883467091,600,platt,503,0
20230111,0.0031777228065504805,3171.8850434521282,0.55000000000000004,0.00051024125970289269,True,0.50577369272661277,600,platt,504,0
20230112,0.0024167578625081316,3171.0961948352328,0.5714285714285714,0.010069699517068598,True,0.50676370837440321,600,platt,505,0
20230113,-0.0036644738072531919,3183.5967852232884,0.59090909090909083,0.010104103021873589,False,0.50776740221067551,600,platt,506,0
20230116,0.0070692590236730449,3250.4082810430314,0.54545454545454541,-0.0010369341647810115,False,0.50665318368968215,600,platt,507,0
20230117,-0.0025485586178950852,3216.0276231287567,0.66666666666666663,4.9996203762114888e-05,False,0.50603133729379457,600,platt,508,0
20230118,-0.0018854550732136867,3218.3265273491993,0.54545454545454541,0.0049228912239960287,False,0.50473401729354139,600,platt,509,0
20230119,-0.0038823941411591065,3227.6993582417213,0.60833333333333328,0.0075716927373608023,False,0.50391251785331648,600,platt,510,0
20230120,-0.0025615037866378362,3256.4509670886323,0.54166666666666674,0.0013796192603694468,False,0.50284508854197596,600,platt,511,0
20230130,0.0055168242099531513,3287.3542526924361,0.6166666666666667,-0.0041748156649186186,False,0.50199936137922518,600,platt,512,0
20230131,0.0032615533518940147,3266.2877387919179,0.6166666666666667,0.0089849730433302355,True,0.50098172264284213,600,platt,513,0
20230201,0.0049606449484621944,3301.2166282529411,0.65000000000000002,0.00022807243509914699,True,0.50202468670801104,600,platt,514,0
20230202,-0.0029899710223619093,3275.8464404159708,0.65833333333333333,-0.0067762729098976848,True,0.50303344884340861,600,platt,515,0
20230203,-0.0050936187563001062,3246.7833544983396,0.625,-0.0075712616686757217,True,0.5040965420093193,600,platt,516,0
20230206,0.0031394844809248621,3248.8656414815055,0.625,0.0029012277712356926,True,0.50506491891051841,600,platt,517,0
20230207,0.0020569308623718031,3254.7751047924849,0.6333333333333333,-0.0049221789763473911,False,0.50621238307999206,600,platt,518,0
20230208,-0.0034099547427932616,3221.0849637931028,0.6333333333333333,0.011842525105068447,False,0.50520337306182994,600,platt,519,0
20230209,0.005642516942244517,3288.8357892281215,0.66666666666666663,-0.002968826950094372,False,0.5048093826766864,600,platt,520,0
20230210,-0.0028846375038801913,3251.2675392224555,0.64166666666666672,0.0072029599775309539,False,0.50296128974273002,600,platt,521,0
20230213,0.0040882999812265003,3297.5865308575144,0.64166666666666672,0.0027777575629004403,True,0.5019764647933338,600,platt,522,0
20230214,-0.0018269653748445905,3287.2657869029181,0.65000000000000002,-0.0038838453731193656,True,0.50296145435072315,600,platt,523,0
20230215,-0.0027319869412272511,3271.5296389683981,0.65000000000000002,-0.0095907568008322119,True,0.50393877822844135,600,platt,524,0
20230216,0.0098830107445683178,3281.1396934579193,0.65833333333333333,-0.0076962058977919634,False,0.50563956926469211,600,platt,525,0
20230217,-0.0050388557431974967,3207.7789066397368,0.65000000000000002,0.020568703529933119,False,0.50391916938926706,600,platt,526,0
20230220,0.0082132284973257929,3317.3626002914025,0.65000000000000002,0.0049190382642416708,True,0.50293413151332267,600,platt,527,0
20230221,-0.0032940308829995202,3295.6318091462331,0.65000000000000002,-0.0046501709529609414,True,0.50390386977473967,600,platt,528,0
20230222,0.0025531526900292099,3299.5505026035389,0.65000000000000002,-0.0011153252101083755,False,0.50539049017688453,600,platt,529,0
20230223,-0.00403329217324632,3274.2176447461725,0.64166666666666672,-0.0061802105383550465,True,0.50387337004285038,600,platt,530,0
20230224,-0.0043610136317418198,3252.9115720112227,0.64166666666666672,-0.002793037634493345,True,0.5048279325750944,600,platt,531,0
20230227,0.0031585428450588682,3268.3250412430757,0.64166666666666672,0.0066208324872198965,True,0.50618432590127815,600,platt,532,0
20230228,-0.0043259591227412433,3265.4178615334745,0.65000000000000002,0.0099836709008855884,False,0.50737637882992803,600,platt,533,0
20230301,0.005403757281316009,3330.246923542501,0.65000000000000002,-0.0005114801048368145,False,0.50629603704075943,600,platt,534,0
20230302,-0.001787965782860002,3304.734264644298,0.64166666666666672,0.0053581866734713213,False,0.50478306641016779,600,platt,535,0
20230303,0.0034827047510936249,3339.9845090697954,0.64166666666666672,-0.0019128752445586317,False,0.50382110306777694,600,platt,536,0
20230306,-0.0030348242672307373,3311.9441351823111,0.6333333333333333,-0.011115837477365775,True,0.50285154303426904,600,platt,537,0
20230307,-0.007370651966122182,3260.8854800708746,0.64166666666666672,-0.00056342293266808952,True,0.50380276625917986,600,platt,538,0
20230308,-0.0024620415220231581,3275.1644073431048,0.64166666666666672,-0.0021790008607025513,True,0.50474300564852825,600,platt,539,0
20230309,0.0036721510597247193,3288.1240109522118,0.64166666666666672,-0.014046332069195699,False,0.50567968564408838,600,platt,540,0
20230310,-0.0041926069796689803,3216.5341583019745,0.6333333333333333,0.011956032250133086,False,0.50470668405206853,600,platt,541,0
20230313,0.0051558322825908161,3285.5483457808591,0.68333333333333335,-0.0071536795030310296,False,0.50385201963432125,600,platt,542,0
20230314,-0.0057610507221043088,3226.615891230631,0.67500000000000004,0.0055472319258766944,False,0.50273635462570843,600,platt,543,0
20230315,0.0020672042482633851,3270.060738217981,0.6333333333333333,-0.011161534277967955,False,0.50176983147115151,600,platt,544,0
20230316,-0.0042066804479567524,3213.3166998812762,0.68333333333333335,0.0073305229503863867,False,0.50089455610925004,600,platt,545,0
20230317,-0.0050872404975493574,3234.0096907496527,0.67500000000000004,-0.0048101765057315671,True,0.5,600,platt,546,0
20230320,-0.0046723737957564413,3219.7955898826572,0.67500000000000004,0.0064113678824417875,False,0.50088463953211859,600,platt,547,0
20230321,0.0023143086356967714,3263.1850800669604,0.6166666666666667,0.0031013771287795588,True,0.5,600,platt,548,0
20230322,-0.0030120223846324943,3255.9109954274422,0.67500000000000004,0.0064002498662252272,False,0.50086016406972778,600,platt,549,0
20230323,-0.0042662883958855431,3272.6273070833226,0.625,-0.0063880868815597847,True,0.49989130885959038,600,platt,550,0
20230324,-0.00279964939568976,3256.5110145922627,0.625,-0.0043656190489517188,True,0.50082654843421859,600,platt,551,0
20230327,-0.0041222953126919407,3237.9938809749701,0.65000000000000002,-0.0018518500862290121,True,0.50178169493653557,600,platt,552,0
20230328,0.0028797392243010136,3254.721836564805,0.65833333333333333,-0.0016390088544441239,False,0.50271452649891601,600,platt,553,0
20230329,0.003221222370072419,3250.4937434444655,0.64166666666666672,0.0065405334869439447,True,0.50176663410399769,600,platt,554,0
20230330,-0.0054791439475243729,3243.3796500198523,0.64166666666666672,0.0035605075786160345,False,0.50267982790228327,600,platt,555,0
20230331,-0.0023476194826019992,3265.1767696306474,0.67500000000000004,0.007191202361775284,False,0.50178166849723682,600,platt,556,0
20230403,-0.0029633305731735643,3286.6276889519131,0.6333333333333333,0.0049028696794923832,False,0.50059186940749256,600,platt,557,0
20230404,-0.0027279105192924559,3303.5214387316159,0.66666666666666663,2.1192083048404697e-05,False,0.49890137931227369,600,platt,558,0
20230406,0.002334433422797026,3320.3611095204933,0.67500000000000004,0.0045334701028911795,True,0.49746011696477133,600,platt,559,0
20230407,0.0026169769614307237,3336.3540721327045,0.64166666666666672,-0.0036926707672033654,False,0.49949615545212733,600,platt,560,0
20230410,0.0028765544795090309,3324.8946073307657,0.6333333333333333,-0.000539097167732705,False,0.49872409598692957,600,platt,561,0
20230411,0.0024122127063050157,3321.5635368633375,0.60833333333333328,0.0041076838413427463,True,0.49845680906924084,600,platt,562,0
20230412,0.001949422246714363,3333.6676818298988,0.64166666666666672,-0.0026502310544155305,False,0.49844311402178404,600,platt,563,0
20230413,0.003218846594576255,3329.0451040171947,0.60833333333333328,0.0059633907529970109,True,0.49851154744773651,600,platt,564,0
20230414,0.0029548584662939734,3348.0162681764054,0.6333333333333333,0.014216546428001742,True,0.49861564425575799,600,platt,565,0
20230417,0.0061658611585453157,3406.4846981140522,0.6333333333333333,0.0022807414735810383,True,0.49957618978933127,600,platt,566,0
20230418,0.0025410464179912284,3401.9538120908178,0.60833333333333328,-0.0068377940826996886,False,0.50117630867844309,600,platt,567,0
20230419,0.0038048234270242928,3382.9510431079175,0.59999999999999998,-0.00091904512952811768,False,0.50049221088446461,600,platt,568,0
20230420,0.0034291004033198476,3378.57688736009,0.59999999999999998,-0.019534569179790684,False,0.49955808160654541,600,platt,569,0
20230421,0.0085000415566834579,3329.3183259393127,0.58333333333333337,-0.0078286834638013891,False,0.49902763523607913,600,platt,570,0
20230424,0.0048151636419486643,3291.1846495899658,0.58333333333333337,-0.0032183117060351485,False,0.49800971749139533,600,platt,571,0
20230425,-0.0074725094671045785,3240.4749153128682,0.58333333333333337,-0.00023618079693599192,True,0.49651236991162928,600,platt,572,0
20230426,-0.0048027598229895873,3248.4239087801238,0.58333333333333337,0.0066737526410796111,False,0.49736164861314458,600,platt,573,0
20230427,-0.0058005561876021189,3266.8244429118345,0.58333333333333337,0.011379036949687116,False,0.49652411441555255,600,platt,574,0
20230428,-0.0051851122156872107,3306.0430482754573,0.6333333333333333,0.0081799138716975861,False,0.49558592808874036,600,platt,575,0
20230504,0.0062466221771129591,3371.3877496189211,0.60833333333333328,-0.0047623031437455943,False,0.49477603933499653,600,platt,576,0
20230505,-0.0053044948213952269,3316.8149471654719,0.6333333333333333,0.018143874403104387,False,0.49385699140244294,600,platt,577,0
20230508,0.0071787142465477892,3419.3753607104013,0.58333333333333337,-0.010996424274778316,False,0.49315263109013463,600,platt,578,0
20230509,0.0077060293315685665,3383.5450088999482,0.58333333333333337,-0.011472268558081145,False,0.49232753543669966,600,platt,579,0
20230510,-0.0055171330261203121,3300.8384046060728,0.58333333333333337,-0.0028921254733063062,True,0.49150500667522773,600,platt,580,0
20230511,-0.0032301083333098157,3298.8609910893642,0.59166666666666667,-0.011236961676253876,True,0.49232357724917902,600,platt,581,0
20230512,0.0060169481682793118,3292.0515319401516,0.59999999999999998,0.01172694254874429,True,0.49314816533143507,600,platt,582,0
20230515,-0.0093543406211791403,3279.7669412011614,0.59999999999999998,-0.005965228222467811,True,0.49400245258096154,600,platt,583,0
20230516,0.0044398969093834527,3305.59904478608,0.59999999999999998,-0.0020526970112374476,False,0.49485368862382978,600,platt,584,0
20230517,0.0035978296496353107,3296.0481072658808,0.59999999999999998,0.0039850717001721492,True,0.49402259465282261,600,platt,585,0
20230518,-0.0037164160874841134,3285.0656872780587,0.60833333333333328,-0.0041786057822292832,True,0.49485058706416674,600,platt,586,0
20230519,0.0042868667487501004,3297.6178057318648,0.60833333333333328,0.0039371816109414759,True,0.49570219086147788,600,platt,587,0
20230522,-0.0040040383479994579,3283.2704093085854,0.60833333333333328,-0.015237998857929758,True,0.49655061169380965,600,platt,588,0
20230523,0.006608951579866908,3267.6922297587234,0.60833333333333328,-0.012780517016928394,False,0.49760954223153175,600,platt,589,0
20230524,-0.0042860517451173592,3191.0136782414666,0.60833333333333328,-0.0010886654663232465,True,0.49656218107367933,600,platt,590,0
20230525,-0.0049565657806543663,3185.3932417507394,0.60833333333333328,0.0035121477930333267,False,0.49761775337932168,600,platt,591,0
20230526,-0.0052531564857400672,3195.628014827565,0.59999999999999998,0.0027843079905462975,False,0.49658773519234667,600,platt,592,0
20230529,-0.0028123707056472947,3212.3884928900857,0.59999999999999998,0.0008582785308619556,False,0.49576542595339484,600,platt,593,0
20230530,-0.0056167143202933215,3206.1038149862097,0.66666666666666663,-0.0060941687697894098,True,0.49478590821427332,600,platt,594,0
20230531,0.003341773088829048,3215.2733270733397,0.67500000000000004,2.187504797834805e-05,True,0.49565749030563566,600,platt,595,0
20230601,-0.0045573306139287872,3190.0299210866974,0.68333333333333335,0.0079366617316265486,False,0.49653668135222512,600,platt,596,0
20230602,0.0028231693373748572,3239.1876306291374,0.67500000000000004,0.00073447356505051964,True,0.49566915832642644,600,platt,597,0
20230605,0.0028502036191604845,3241.6541150369226,0.5714285714285714,-0.011477579946548078,False,0.49671639914713167,600,platt,598,0
20230606,0.0074799931604773856,3219.2415243373971,0.5714285714285714,0.00075682077565186745,True,0.49592044567530535,600,platt,599,0
20230607,-0.0028516725453493767,3188.6397393085576,0.59183673469387754,0.0049493415497550153,False,0.49669576044797176,600,platt,600,0
20230608,-0.0057327192491314627,3195.1629165454206,0.5714285714285714,0.0055452079927544862,False,0.49510569399899845,600,platt,600,0
20230609,-0.0031985015231177577,3221.0698445864386,0.55102040816326525,-0.00079590753930447455,True,0.4951645277564134,600,platt,600,0
20230612,-0.0036426254867197262,3217.0721684362629,0.5714285714285714,0.0014989313788111858,False,0.49509831651799296,600,platt,600,0
20230613,-0.0025180697229264092,3225.5307849176274,0.5714285714285714,-0.0014487239187482848,True,0.49511514936204576,600,platt,600,0
20230614,-0.0027779809156127902,3220.0186310146705,0.5714285714285714,0.0074284558505888221,False,0.49672726371991116,600,platt,600,0
20230615,0.0030479854991223632,3262.890120933806,0.5714285714285714,0.0062585784932691624,True,0.49673905594226941,600,platt,600,0
20230616,-0.002676106067184391,3264.5743107550684,0.59183673469387754,-0.0053549070961012024,True,0.49840293067991714,600,platt,600,0
20230619,-0.0024772496757653169,3247.7402563853198,0.61224489795918369,-0.0047425741652826758,True,0.5,600,platt,600,0
20230620,0.0019334771071572916,3246.629971159638,0.61224489795918369,-0.013104604765488026,False,0.50162215665074728,600,platt,600,0
20230621,0.0049346792162519807,3213.681716093799,0.59183673469387754,-0.014785385326644418,False,0.5,600,platt,600,0
20230626,0.0047932709727253452,3165.72067011949,0.5714285714285714,0.012322594776537521,True,0.49831423196052815,600,platt,600,0
20230627,0.0059606118028555427,3208.4537298021514,0.5714285714285714,-2.0975451291316283e-05,False,0.5,600,platt,600,0
20230628,-0.0045793614143671314,3174.7704955255635,0.5714285714285714,-0.0021930937081795499,True,0.49840307809932793,600,platt,600,0
20230629,-0.0022254242623747128,3175.2990516653945,0.59183673469387754,0.0061843942517005868,False,0.50044778079747432,600,platt,600,0
20230630,0.0044790484561844385,3216.4044922014218,0.59183673469387754,0.013089283116071826,True,0.49890403415032275,600,platt,600,0
20230703,-0.0047683447792270534,3228.5066087448067,0.59183673469387754,0.00042361608828689334,False,0.50073493429697213,600,platt,600,0
20230704,-0.0016360183143030167,3240.0397492724915,0.58000000000000007,-0.0069028935314573436,True,0.49966841739914514,600,platt,600,0
20230705,-0.0029578663437611905,3213.4138538367606,0.58823529411764708,-0.0053901291392669526,True,0.49980248493076757,600,platt,600,0
20230706,0.0038045821546173579,3217.7706726793708,0.59615384615384615,-0.0027968774898030624,False,0.5008500511235775,600,platt,600,0
20230707,0.0029272213721166511,3205.9663827685449,0.58490566037735847,0.002216911594948856,True,0.50126009865912347,600,platt,600,0
20230710,0.0030539051919728872,3213.4795832371219,0.59259259259259256,0.0055157546481161557,True,0.50269423745376129,600,platt,600,0
20230711,-0.0027170518184838066,3212.6139800214669,0.59999999999999998,-0.0078329799532905753,True,0.5041197472809088,600,platt,600,0
20230712,-0.0039728275345865304,3183.43601203242,0.59999999999999998,0.012623470663946312,False,0.50578818442754658,600,platt,600,0
20230713,0.0045595478891443785,3251.2368855522582,0.59999999999999998,0.0003773235119635121,True,0.50575035998694551,600,platt,600,0
20230714,-0.0018287447468384177,3231.7802709386679,0.59999999999999998,-0.0086701638804717041,True,0.50575035998694551,600,platt,600,0
20230717,-0.0029667047654282205,3200.1077759770797,0.61818181818181817,-0.0036794586092141479,True,0.50660725353086244,600,platt,600,0
20230718,-0.0026060390756883064,3189.4864558623781,0.63636363636363635,0.00031762262048440348,False,0.50754751950091292,600,platt,600,0
20230719,0.0029342589911998942,3208.2220127075216,0.63636363636363635,-0.0091638964400735379,False,0.5074245053392703,600,platt,600,0
20230720,0.0056346174246157356,3187.3810438889032,0.61818181818181817,-0.00056058926235569295,False,0.50661158251393457,600,platt,600,0
20230721,0.0036669957105376883,3179.3613080604764,0.61818181818181817,-0.0011315304021294326,False,0.50491319083709962,600,platt,600,0
20230724,-0.0035801865276615589,3152.8325141324854,0.59999999999999998,0.021288583058104882,False,0.50407887334727652,600,platt,600,0
20230725,0.0038588834514178801,3243.9913640674745,0.58181818181818179,-0.0026282976999099095,False,0.50316441671877499,600,platt,600,0
20230726,-0.0021776481904516695,3216.0092791257898,0.56363636363636371,-0.0019723689019259805,True,0.50382101047964167,600,platt,600,0
20230727,0.0045012334012397657,3231.1498864958762,0.56363636363636371,0.01842115710376202,True,0.50588046832716949,600,platt,600,0
20230728,0.009987809040648863,3308.6450203229538,0.625,0.00461368827748454,True,0.50446538265747687,600,platt,600,0
20230731,0.0051543276235287974,3308.0028973512731,0.6333333333333333,-2.7498907791967397e-05,False,0.5040134358716909,600,platt,600,0
20230801,0.0032189395158988324,3301.5426667465899,0.625,-0.008890747724372372,False,0.50287086697376038,600,platt,600,0
20230802,-0.0048719492818351572,3245.7995102853465,0.625,0.0057553900810263237,False,0.50285325114323531,600,platt,600,0
20230803,-0.0042155139644516719,3266.6337640998386,0.625,0.0023233308619339255,False,0.50278733290142852,600,platt,600,0
20230804,-0.0041710867636148207,3274.3693155157289,0.6166666666666667,-0.0058554157463485135,True,0.50160903829039605,600,platt,600,0
20230807,0.0022969307142782017,3276.3393785533776,0.6166666666666667,-0.0025120600449499708,False,0.50333181843520547,600,platt,600,0
20230808,-0.0035145584999895538,3249.1599616695871,0.60833333333333328,-0.0049478019453725874,True,0.50214004335973417,600,platt,600,0
20230809,-0.0021272532276546859,3237.5848551953422,0.6166666666666667,0.0031046513459278557,False,0.50335280902633006,600,platt,600,0
20230810,-0.0028863038986252083,3245.1660516495813,0.58695652173913038,-0.020067752943662365,True,0.50525917804853149,600,platt,600,0
20230811,-0.008386805562089995,3162.5003971347155,0.625,-0.0033929001444854556,True,0.50277191144426847,600,platt,600,0
20230814,-0.005083081992255655,3162.2709939359847,0.60833333333333328,-0.00070833775900236429,True,0.50388674340477835,600,platt,600,0
20230815,-0.005091463882839777,3160.0044156287504,0.6333333333333333,-0.0082010888691992356,True,0.50236928016391413,600,platt,600,0
20230816,-0.0035514809063879474,3138.9400816207663,0.66666666666666663,0.0043209676864846003,False,0.50204461465026073,600,platt,600,0
20230817,-0.005781353104918706,3145.4486059747919,0.65833333333333333,-0.010047066773169355,True,0.50070677337361724,600,platt,600,0
20230818,0.0062320441297346249,3151.4714693082547,0.65833333333333333,-0.012444407690664572,False,0.50254106706883839,600,platt,600,0
20230821,-0.0056170034776393731,3075.6044335028387,0.625,0.0088445836515407272,False,0.50285604764023872,600,platt,600,0
20230822,-0.0069303674210450536,3098.7087402896941,0.6166666666666667,-0.013438209719742189,True,0.50337758309883684,600,platt,600,0
20230823,0.005212256629927592,3094.4475217553077,0.625,0.0012479851153948118,True,0.50285766819569666,600,platt,600,0
20230824,0.0044611449737281001,3095.9942368822894,0.625,-0.0058947963203040965,False,0.50446509226718494,600,platt,600,0
20230825,-0.0043261207880337391,3050.8191427442421,0.6166666666666667,0.01127962056538645,False,0.50339512196991543,600,platt,600,0
20230828,0.017382419641738069,3152.4980964837227,0.65000000000000002,0.012021546381548509,True,0.50125472711165941,600,platt,600,0
20230829,-0.0073530242084533671,3112.8284491799332,0.6166666666666667,0.00039886645139319832,False,0.50499525358752984,600,platt,600,0
20230830,-0.0035548934272474878,3125.9853105208781,0.60833333333333328,-0.0055021815269492569,True,0.50553544557390451,600,platt,600,0
20230831,-0.0034779643760280486,3109.0255810231893,0.60833333333333328,0.0042855223367181949,False,0.50729807805936988,600,platt,600,0
20230901,-0.0027361754213005881,3124.6735873905891,0.60833333333333328,0.013983450457316415,False,0.50728755604677089,600,platt,600,0
20230904,-0.004432132110027456,3162.9791490288767,0.60833333333333328,-0.00714213702522426,True,0.50729818184179432,600,platt,600,0
20230905,0.0025600229648000696,3162.4445578474606,0.59999999999999998,0.0011753855200151708,True,0.50787999260006278,600,platt,600,0
20230906,-0.0032791374888545117,3147.7211316445246,0.59166666666666667,-0.011312137459350669,True,0.51013418667907695,600,platt,600,0
20230907,0.0041554206419000192,3135.3269871987045,0.59166666666666667,-0.0018041525935430514,False,0.51035218019878281,600,platt,600,0
20230908,-0.0028137562392819503,3107.9494121862858,0.68333333333333335,0.008361324573651796,False,0.50160304831840041,600,platt,600,0
20230911,-0.0053968776952869665,3125.8178061136837,0.67500000000000004,-0.0018199497960245115,True,0.50004920699030697,600,platt,600,0
20230912,-0.0017281742923263687,3131.6379147642365,0.67500000000000004,-0.0044603555948081741,True,0.50193458565813642,600,platt,600,0
20230913,-0.0048408269334277521,3107.948673635583,0.68333333333333335,0.0011156341223430566,False,0.50318247152855611,600,platt,600,0
20230914,0.0030449433283407431,3136.0712709126619,0.68333333333333335,-0.0028170657437840418,False,0.50115491989719962,600,platt,600,0
20230915,-0.0045496677959478236,3103.5587032569911,0.59999999999999998,0.0026264188387024046,False,0.50824034999678747,600,platt,600,0
20230918,-0.0039670289034257292,3113.5312378025596,0.66666666666666663,-0.00031197096776158784,True,0.50061794379607727,600,platt,600,0
20230919,-0.0023119384182031556,3117.7319925500487,0.66666666666666663,-0.0052444886676350499,True,0.50246898453518019,600,platt,600,0
20230920,-0.0018430637156743885,3102.8386112957996,0.66666666666666663,-0.0076777798548328668,True,0.50282893206842838,600,platt,600,0
20230921,0.0038365302816544219,3096.5355487963493,0.6333333333333333,0.015473331126744538,True,0.50555876689608836,600,platt,600,0
20230922,-0.0070537576025565627,3110.3361867870117,0.6333333333333333,-0.0053710670011117845,True,0.50559369435329993,600,platt,600,0
20230925,-0.0025098713816793434,3107.7873269031534,0.59999999999999998,-0.0042799042279754174,True,0.50793427959039539,600,platt,600,0
20230926,-0.0023846340292238998,3094.8748151901109,0.59166666666666667,0.0016255824842730249,False,0.50878081946860054,600,platt,600,0
20230927,-0.0028478444941895569,3098.4664483768306,0.60833333333333328,0.00101685840987642,False,0.50732127730259691,600,platt,600,0
20230928,-0.0021256437145848314,3103.8635377291839,0.59166666666666667,-0.0043571797532037104,True,0.50705756737181251,600,platt,600,0
20231009,-0.0041299632698471866,3084.1322242384331,0.59999999999999998,-0.0070025325787949066,True,0.50789163357811251,600,platt,600,0
20231010,-0.0049124153578593305,3060.1292629533164,0.59999999999999998,0.0012095006298864508,False,0.50941332545788787,600,platt,600,0
20231011,-0.0031601438088063216,3069.2256575230699,0.59166666666666667,0.0094009475160994338,False,0.50834175134242443,600,platt,600,0
20231012,-0.0023530866196878647,3100.5875404475114,0.59999999999999998,-0.0063713747353640882,True,0.50601537971934418,600,platt,600,0
20231013,-0.0019121484146767745,3082.1941962015699,0.59166666666666667,-0.0046261792570062577,True,0.50654379645195169,600,platt,600,0
20231016,-0.0037276948138397627,3062.3547632211871,0.59999999999999998,0.0031502892336001675,False,0.50781253840793095,600,platt,600,0
20231017,-0.0026014771686459974,3075.4747545157979,0.59999999999999998,-0.0080384721707474904,True,0.50603624870284525,600,platt,600,0
20231018,-0.0026381760156531566,3050.6403851667969,0.6166666666666667,-0.017431009636808326,True,0.50671567634907555,600,platt,600,0
20231019,-0.0052973451982742748,2989.4727937035846,0.6166666666666667,-0.0074316061251747945,True,0.50830716144422439,600,platt,600,0
20231020,-0.0040424489388026447,2970.9996383322887,0.6166666666666667,-0.014671921452428904,True,0.50831679583978617,600,platt,600,0
20231023,0.0070848348697166511,2960.1156934944943,0.625,0.0078088211263716012,True,0.50786623509910156,600,platt,600,0
20231024,0.0049899942852471473,2977.0252791345092,0.625,0.0040070302115926548,True,0.50958763367995907,600,platt,600,0
20231025,0.0029017721231689663,2982.7436996454403,0.625,0.0047697238185429036,True,0.50963137054735208,600,platt,600,0
20231026,0.0048251526316276964,3002.7181997489706,0.60833333333333328,0.0098668165490256587,True,0.51220721950489312,600,platt,600,0
20231027,0.0075633999898519653,3040.6089089876555,0.6333333333333333,0.0012489958692207814,True,0.51076536153671703,600,platt,600,0
20231030,0.0035733937100046191,3032.3505999140029,0.64166666666666672,-0.0009209832267071949,False,0.51199325317218147,600,platt,600,0
20231031,0.002259439290117733,3025.5913289014916,0.64166666666666672,0.0014263753595586959,True,0.5119043570478935,600,platt,600,0
20231101,0.003357960443083723,3033.2278713034161,0.64166666666666672,-0.0045221151366827694,False,0.51345046633201008,600,platt,600,0
20231102,0.0040816541222938527,3021.689153589225,0.64166666666666672,0.0071083467706483106,True,0.51172814506821096,600,platt,600,0
20231103,0.0039219862378063013,3042.6844468689751,0.64166666666666672,0.0091107367542213602,True,0.5134524574453263,600,platt,600,0
20231106,0.0029047629352848808,3067.2944574612861,0.64166666666666672,-0.00037300421248231963,False,0.51351998426155132,600,platt,600,0
20231107,0.003012805629596041,3066.480659363353,0.6333333333333333,-0.0016017886809265303,False,0.51234020391019197,600,platt,600,0
20231108,-0.0035026238056373228,3041.6812870675649,0.64166666666666672,0.00029701485329791666,False,0.51010657475741239,600,platt,600,0
20231109,-0.0024045940778627526,3045.9373029176186,0.625,-0.0046865350538528583,True,0.51113441465956244,600,platt,600,0
20231110,-0.0023112402260270525,3031.9461105214345,0.64166666666666672,0.0024886722306791675,False,0.51175445609407055,600,platt,600,0
20231113,-0.002792203850928265,3038.0263591046405,0.625,0.0031305750875034732,False,0.51287578914608811,600,platt,600,0
20231114,-0.0020554757568865467,3049.7886215870089,0.625,0.0054856395155571391,False,0.51287308323083847,600,platt,600,0
20231115,0.0021415583019894504,3079.4154548765823,0.60833333333333328,-0.0071299309679779821,False,0.51229090442771541,600,platt,600,0
20231116,-0.0028108707823338939,3042.3499420907983,0.6333333333333333,0.0011274610850078304,False,0.51056564281992711,600,platt,600,0
20231117,-0.003025781920352385,3045.1236560919519,0.625,0.0045684119991533656,False,0.51112527266770547,600,platt,600,0
20231120,0.0039405698056778175,3080.4100255996445,0.66666666666666663,-0.00012589955197295222,False,0.50685990039342632,600,platt,600,0
20231121,-0.0035991982021896891,3056.8907017818015,0.64166666666666672,-0.0079277486130074903,True,0.50817679277823247,600,platt,600,0
20231122,-0.0033427899752343738,3033.4368476606869,0.625,0.0059945899788114154,False,0.50952936947930727,600,platt,600,0
20231123,-0.0039084167360365924,3049.8891899845826,0.6166666666666667,-0.0068208624559180642,True,0.50840695172374828,600,platt,600,0
20231124,-0.0031921553320085742,3031.2644459733579,0.625,-0.0030488609940039213,True,0.50803988028270586,600,platt,600,0
20231127,-0.0032261595892908658,3021.9194513279153,0.625,0.0022608765866756197,False,0.50967142378657482,600,platt,600,0
20231128,0.002684544460533463,3046.7116346510043,0.60833333333333328,-0.0055510276350153598,False,0.50894865463215377,600,platt,600,0
20231129,-0.0029621450974130761,3012.736723482175,0.625,0.0026426625070483656,False,0.50642916473610788,600,platt,600,0
20231130,-0.0023757113576341137,3022.4750721566961,0.6166666666666667,0.00064795778105009028,False,0.5068509076503499,600,platt,600,0
20231201,-0.0035323800016445702,3020.9269103278102,0.625,-0.0028769946574718208,True,0.50638138744574601,600,platt,600,0
20231204,-0.0023042761323589572,3015.9481718804814,0.64166666666666672,-0.016744738139737758,True,0.50687958411046852,600,platt,600,0
20231205,-0.006320659786185936,2953.5090288322249,0.6166666666666667,-0.0011312803681491346,True,0.50851885894233106,600,platt,600,0
20231206,-0.0036362706344657959,2958.1375546618951,0.6166666666666667,-0.00091861272469095923,True,0.51020830643024706,600,platt,600,0
20231207,-0.0038061905454175328,2954.9161543864202,0.6166666666666667,0.0011305013498557059,False,0.51016133366594796,600,platt,600,0
20231208,-0.0026155111089124976,2961.7924844007248,0.6166666666666667,0.0073677933500841952,False,0.51021451783712246,600,platt,600,0
20231211,-0.0091939065837390206,2963.9354938799997,0.66666666666666663,0.0040112140028951693,False,0.50596479648573156,600,platt,600,0
20231212,-0.0032555727556362116,2993.6598897250719,0.66666666666666663,-0.011545835908438051,True,0.50441675748397607,600,platt,600,0
20231213,-0.003965482798778442,2956.988030907009,0.6333333333333333,-0.0032926198225616821,True,0.50769360161528498,600,platt,600,0
20231214,-0.0039040113449771013,2947.4336866479762,0.6333333333333333,-0.0055521730149684645,True,0.50927640909829375,600,platt,600,0
20231215,-0.0050799321228151926,2927.6088111884715,0.6333333333333333,-0.0039942134676889118,True,0.51093389871095274,600,platt,600,0
20231218,-0.0038407471062141857,2919.5471245544181,0.6333333333333333,0.00054155795359323022,False,0.51107113510267321,600,platt,600,0
20231219,0.0036962532992676563,2943.2296591692425,0.66666666666666663,-0.010326454441202171,False,0.5090803090238305,600,platt,600,0
20231220,-0.0049835778389655241,2887.6467109111909,0.6166666666666667,0.0057218032013677256,False,0.51200077460486249,600,platt,600,0
20231221,0.0059735266594164709,2936.1499212663862,0.6166666666666667,-0.0013498063822540152,False,0.51191536069103361,600,platt,600,0
20231222,0.0041183263552297712,2926.7791955257303,0.6333333333333333,0.0013851497021108994,True,0.51062479819438078,600,platt,600,0
20231225,0.0023434646529454039,2925.6527341566721,0.64166666666666672,-0.0068294552380649964,False,0.51161379251413841,600,platt,600,0
20231226,-0.0035719461021862914,2888.5240615268244,0.6166666666666667,0.0054279953141882498,False,0.51368534488202244,600,platt,600,0
20231227,-0.0039360618184073526,2903.1416999064168,0.65000000000000002,0.013754721122915203,False,0.50902914635007424,600,platt,600,0
20231228,-0.0073144523275540827,2933.0914621071929,0.64166666666666672,0.0068471506531873061,False,0.50968080814279926,600,platt,600,0
20231229,-0.0034827354978626121,2964.5738889682134,0.6333333333333333,-0.0042550848509352868,True,0.5088017613108099,600,platt,600,0
20240102,-0.0019533896057293111,2956.4897204616204,0.6333333333333333,0.0016781014545503847,False,0.51046251228807704,600,platt,600,0
20240103,-0.0025109211406810334,2959.7966762758929,0.6333333333333333,-0.0043469920537796414,True,0.508810221760301,600,platt,600,0
20240104,-0.004203675032898352,2941.9294785517018,0.64166666666666672,-0.0085180536921064531,True,0.50969428525603078,600,platt,600,0
20240105,-0.0072465549659439825,2907.956812211225,0.64166666666666672,-0.014217410020055832,True,0.50975498661821994,600,platt,600,0
20240108,-0.0052940306732866755,2872.2511857871218,0.65000000000000002,0.0019786406959367842,False,0.51068813573847371,600,platt,600,0
20240109,-0.003193545378501758,2884.0115706820407,0.65000000000000002,-0.0053742307140758339,True,0.50899711328974873,600,platt,600,0
20240110,-0.0047046473378282595,2864.1637255352425,0.65000000000000002,0.003109390432776804,False,0.51069517147105836,600,platt,600,0
20240111,-0.0041699070041871025,2874.613137112382,0.64166666666666672,-0.0016189353320329447,True,0.51134563441581415,600,platt,600,0
20240112,-0.0036292868847321441,2871.5173790347289,0.6166666666666667,0.0014968544681950302,False,0.5137546712147617,600,platt,600,0
20240115,-0.0050479048997929985,2871.7210785284528,0.60833333333333328,0.002667021632054567,False,0.51455145313997652,600,platt,600,0
20240116,-0.0050675765605472847,2879.323091204149,0.6333333333333333,-0.020861657851727555,True,0.51057279995792781,600,platt,600,0
20240117,-0.0080297861714164406,2810.8618758519247,0.6333333333333333,0.0042944080762976622,False,0.51223269593649245,600,platt,600,0
20240118,-0.013051554048504324,2808.6419976187863,0.6333333333333333,-0.0047454762815967166,True,0.51218162848166693,600,platt,600,0
20240119,-0.003924854257054934,2821.1630165322267,0.6333333333333333,-0.026812115598910058,True,0.51225404760142912,600,platt,600,0
20240122,0.013867161459110411,2794.5625104294882,0.6333333333333333,0.0053100853055167985,True,0.51390291221822582,600,platt,600,0
20240123,0.0089848335641729282,2795.8730608657675,0.64166666666666672,0.017970417141424333,True,0.51322338230144504,600,platt,600,0
20240124,0.011960404351808391,2854.509472508219,0.6166666666666667,0.030252995642788383,True,0.51552023983799833,600,platt,600,0
20240125,0.0123175056177432,2941.9047102380223,0.6166666666666667,0.0014156387199142362,True,0.51719865528860076,600,platt,600,0
20240126,0.0048759351039022545,2924.412757023103,0.6166666666666667,-0.0092318364501794425,False,0.51718312425255186,600,platt,600,0
20240129,0.0059138632366553352,2900.4077730465897,0.6166666666666667,-0.018322191224392714,False,0.51552875080904603,600,platt,600,0
20240130,0.0077286523907987709,2852.4027561743092,0.6166666666666667,-0.014830597246462851,False,0.51375140458946311,600,platt,600,0
20240131,0.0077436701220854384,2810.1417973803354,0.60833333333333328,-0.0063860829086620496,False,0.51272708432872516,600,platt,600,0
20240201,0.0079159090725871902,2792.6732282785524,0.59999999999999998,-0.014648900873170945,False,0.5116314419966479,600,platt,600,0
20240202,0.019268245346016517,2782.7572385679177,0.60833333333333328,-0.010243751996225847,False,0.50927529351885925,600,platt,600,0
20240205,0.016253630092357443,2746.1053154311171,0.60833333333333328,0.032307558512833179,True,0.50928873732072188,600,platt,600,0
20240206,0.019908789616610967,2845.0212899124817,0.60833333333333328,0.014414698621896704,True,0.51101146185996427,600,platt,600,0
20240207,0.0085884793311004643,2853.9983821739056,0.59166666666666667,0.01279558126322855,True,0.51407424950039726,600,platt,600,0
20240208,0.0057883365779375614,2882.4920123213888,0.59166666666666667,0.015576520518906456,True,0.51594250310314527,600,platt,600,0
20240219,0.0061693713150228245,2928.5002266647116,0.59166666666666667,0.0041869148860145255,True,0.51781051027975811,600,platt,600,0
20240220,0.0057045820814217189,2939.4031543277497,0.59999999999999998,0.0096572033915411915,True,0.51699934038562589,600,platt,600,0
20240221,0.013696769609072002,2991.3741589798005,0.59999999999999998,0.01267460615130922,True,0.51699934038562589,600,platt,600,0
20240222,0.0060041777239502013,3006.3004313339529,0.59999999999999998,0.0055291906477863417,True,0.51877110459987863,600,platt,600,0
20240223,0.0039703959373748243,3016.8115673146949,0.59999999999999998,-0.0092712157320039568,False,0.51873447977851217,600,platt,600,0
20240226,0.0058531498149062174,2994.4470563535865,0.6166666666666667,0.012918479846018016,True,0.51547616771763183,600,platt,600,0
20240227,0.0074009439731772819,3037.7981037128975,0.6166666666666667,-0.019110817058122676,False,0.51725098260808733,600,platt,600,0
20240228,0.010225710760264141,2988.0985431139534,0.59999999999999998,0.019378519360871316,True,0.51879245690718845,600,platt,600,0
20240229,0.0098064755003090462,3044.739402502038,0.6166666666666667,0.0039298597704833238,True,0.51715509133375248,600,platt,600,0
20240301,0.0038630272264568704,3038.7138622202401,0.6166666666666667,0.0040584794208853303,True,0.5189151327882654,600,platt,600,0
20240304,0.0044232078023613355,3052.7489798013598,0.59999999999999998,0.0027926116673693269,True,0.52220026018196308,600,platt,600,0
20240305,0.0040942052166904564,3060.2713904094126,0.60833333333333328,-0.0025796370495096976,False,0.52310554921935704,600,platt,600,0
20240306,0.0035384876702819435,3050.6876580081589,0.6166666666666667,-0.0041216726340720378,False,0.52058082928030658,600,platt,600,0
20240307,0.0055062383324286568,3044.0708930857045,0.60833333333333328,0.0061497958661773655,True,0.52140899634152593,600,platt,600,0
20240308,0.0043508303045490682,3059.2719126435982,0.60833333333333328,0.0073657447727182301,True,0.52139449077264521,600,platt,600,0
20240311,0.0044234157039358245,3082.0284538031865,0.625,-0.0040803591279181539,False,0.51977344022680183,600,platt,600,0
20240312,0.0040711938623370133,3068.3763038157008,0.60833333333333328,-0.0039596391938964137,False,0.51973612474667275,600,platt,600,0
20240313,0.0040521501822523417,3056.1686749291362,0.59999999999999998,-0.0018400145658374889,False,0.52042884800537581,600,platt,600,0
20240314,0.0053224192675980107,3054.4046546488298,0.59999999999999998,0.0053985310347568483,True,0.52029895323683206,600,platt,600,0
20240315,0.0044597636220632467,3068.2588540654688,0.59999999999999998,0.0099161736428226011,True,0.52038518688079372,600,platt,600,0
20240318,0.0039054649665005181,3096.9742711983395,0.59999999999999998,-0.0071866873184842639,False,0.5204758192738046,600,platt,600,0
20240319,0.0036735048018414732,3074.0068481381677,0.59999999999999998,0.00552773420590702,True,0.51867613872356011,600,platt,600,0
20240320,-0.0033457409358430158,3069.3820688148312,0.59999999999999998,-0.00083544234170118692,True,0.51871257505453527,600,platt,600,0
20240321,-0.0027734850305404513,3068.5786731572184,0.60833333333333328,-0.0094502216850663734,True,0.51793621229895903,600,platt,600,0
20240322,0.0061307060918714866,3066.7201981597491,0.60833333333333328,-0.0071285631496976753,False,0.51794690620680028,600,platt,600,0
20240325,-0.0053028590268065588,3010.2574285614505,0.59999999999999998,0.0017101379883821544,False,0.51703851986907967,600,platt,600,0
20240326,-0.0041010444236022452,3019.0486621597984,0.59166666666666667,-0.01264797676937357,True,0.51773365907678126,600,platt,600,0
20240327,-0.0051290008514863995,2977.7869885461832,0.59999999999999998,0.0058549907541873836,False,0.51869193643068667,600,platt,600,0
20240328,0.0067303766494450044,3030.9264999927741,0.6166666666666667,0.010131753012857514,True,0.51544359054932531,600,platt,600,0
20240329,0.0044824481735509869,3054.7987730163691,0.625,0.011907172868414362,True,0.51466703653119672,600,platt,600,0
20240401,-0.0039399441665981909,3065.2539001365162,0.6333333333333333,-0.00078638357984295304,True,0.5155712938801903,600,platt,600,0
20240402,-0.002884966324213607,3066.0874479906488,0.625,-0.0018415532488794684,True,0.51633856650563481,600,platt,600,0
20240403,-0.0029046459552684099,3060.380682078543,0.625,-0.0072470366900760919,True,0.51807575644555637,600,platt,600,0
20240408,-0.0043194355063900288,3033.8910528097222,0.625,0.00048712647756721239,False,0.51973232573683181,600,platt,600,0
20240409,-0.0024863370312147312,3040.9572098145054,0.625,-0.006954811667196914,True,0.5197323257368317,600,platt,600,0
20240410,0.0049088719977018382,3042.195699518275,0.6333333333333333,0.0022830311902393152,True,0.51899216962568717,600,platt,600,0
20240411,0.005486679679230516,3050.8943380646583,0.6333333333333333,-0.0048687212745807118,False,0.52066922313039554,600,platt,600,0
20240412,-0.0039100920036792526,3007.667080812329,0.625,0.012553214989301953,False,0.51974316136749965,600,platt,600,0
20240415,0.0096108195104367012,3086.7615042888519,0.625,-0.016455114997898757,False,0.51808743845716154,600,platt,600,0
20240416,0.0064453128732069598,3026.4495947355399,0.6166666666666667,0.021387111252984203,True,0.51716230973557731,600,platt,600,0
20240417,0.0093054448553391809,3099.9611628030584,0.6166666666666667,0.0009259679506994356,True,0.51882821906007681,600,platt,600,0
20240418,0.0059962811227180215,3092.6585149359757,0.64166666666666672,-0.0029157271072517421,False,0.51823678934676343,600,platt,600,0
20240419,-0.0033881435797241755,3054.8754556226709,0.6166666666666667,-0.0067419381253340793,True,0.51887288800772313,600,platt,600,0
20240422,0.0048613990372342476,3059.3961921740479,0.6166666666666667,-0.0074288036715028927,False,0.52051347375192036,600,platt,600,0
20240423,-0.0038803366657718659,3010.2512099036126,0.60833333333333328,0.0075595533057408737,False,0.52119046691638582,600,platt,600,0
20240424,-0.0036036123059008931,3033.8499408904386,0.625,0.002652929860635922,False,0.51976062330488004,600,platt,600,0
20240425,-0.0034707464902101418,3042.3041580400372,0.6166666666666667,0.011705493137672329,False,0.51878140272911344,600,platt,600,0
20240426,0.00502827992287622,3104.1662248793887,0.60833333333333328,0.0079023563704843092,True,0.51948445293009571,600,platt,600,0
20240429,0.0052177882240635586,3129.2864001499615,0.60833333333333328,-0.0026400854315159483,False,0.52118809055506676,600,platt,600,0
20240430,-0.0025413198010551083,3096.9341480193493,0.60833333333333328,0.011561329794969044,False,0.52115943305695833,600,platt,600,0
20240506,-0.0020651171265990212,3134.2344445121012,0.58333333333333337,0.0022343918293394882,False,0.52154855308854742,600,platt,600,0
20240507,-0.002313156031574649,3140.4567908594831,0.58333333333333337,-0.006118107669698003,True,0.52143212228961799,600,platt,600,0
20240508,-0.0025014488602697529,3120.6540677699131,0.59166666666666667,0.0082596985283394098,False,0.52250304689443205,600,platt,600,0
20240509,-0.0039129756978258899,3141.9773221055361,0.58333333333333337,7.1996497755577593e-05,False,0.52116941995554988,600,platt,600,0
20240510,0.003367869117492657,3165.1713020945531,0.59999999999999998,-0.0020689181635956677,False,0.51806684687671778,600,platt,600,0
20240513,-0.0040541414669187136,3135.2581787414115,0.58333333333333337,-0.00071359124163317134,True,0.51713413854907031,600,platt,600,0
20240514,-0.0023698734546030681,3138.3192129922577,0.58333333333333337,-0.0082244298327442955,True,0.51906949488215814,600,platt,600,0
20240515,-0.0032936579596758841,3109.6262096149253,0.59999999999999998,0.00080095461969786896,False,0.51803055431955702,600,platt,600,0
20240516,-0.0028536085156051112,3113.490889917266,0.64166666666666672,0.01012851968725359,False,0.5139522965504707,600,platt,600,0
20240517,-0.0048449364802045248,3138.7452429196055,0.64166666666666672,0.0054276021731334279,False,0.51227246149035144,600,platt,600,0
20240520,-0.0023636784788470546,3163.6495325738288,0.6333333333333333,-0.0041560381453374928,True,0.51268364634261965,600,platt,600,0
20240521,-0.0021925222895151481,3151.0417898132259,0.59999999999999998,0.00018182591406867843,False,0.51633857650671933,600,platt,600,0
20240522,-0.0018779336339686289,3152.6083716875582,0.59999999999999998,-0.013345691786258551,True,0.51638618856034579,600,platt,600,0
20240523,0.005319941349261309,3132.9659960616004,0.59999999999999998,-0.0088296158339770114,False,0.51824829302276287,600,platt,600,0
20240524,0.005670543798102088,3106.3860754569159,0.6333333333333333,0.011386751241270865,True,0.51581511741481412,600,platt,600,0
20240527,-0.0044021453670034238,3110.2902099018738,0.59999999999999998,-0.0046320109517069552,True,0.51840030007688431,600,platt,600,0
20240528,-0.0031596838155972785,3099.7468353621971,0.59999999999999998,0.00046485495544557054,False,0.52012767556129325,600,platt,600,0
20240529,-0.003580233676763188,3099.8794300194772,0.6333333333333333,-0.0062165511374799864,True,0.51582311197573627,600,platt,600,0
20240530,0.0047621695357901945,3106.4008938336387,0.64166666666666672,-0.0015733851696965173,False,0.51683806004914445,600,platt,600,0
20240531,-0.0027623674565037896,3078.2864871195402,0.6333333333333333,-0.0026968588383088354,True,0.51582979054508848,600,platt,600,0
20240603,0.0047886278603900103,3093.2304367567153,0.59999999999999998,0.004128811647091668,True,0.52003001177968711,600,platt,600,0
20240604,-0.0042123048898108995,3078.1781264944602,0.60833333333333328,-0.0083449167559307424,True,0.52110992151797764,600,platt,600,0
20240605,-0.0036941456919048041,3054.0793532359398,0.60833333333333328,-0.0054183733207838758,True,0.5210421510112595,600,platt,600,0
20240606,0.0049651448381869629,3063.9316032952806,0.60833333333333328,0.00081501081460433333,True,0.52099162089964102,600,platt,600,0
20240607,-0.004569424598464337,3037.3361120514496,0.6166666666666667,-0.0076143814722660075,True,0.52032732727327902,600,platt,600,0
20240611,-0.0039704505024624939,3016.0223968112259,0.6166666666666667,0.0031117105884586049,False,0.52030358134448507,600,platt,600,0
20240612,-0.0028008004721779244,3028.9601595917752,0.6166666666666667,-0.0028144498665417794,True,0.52033347196239399,600,platt,600,0
20240613,-0.0023814350913552791,3021.705526718958,0.625,0.0012263782451473748,False,0.51985648558518283,600,platt,600,0
20240614,-0.0035620608044270169,3021.8308757878699,0.6166666666666667,-0.0055208125558734444,True,0.51872143040349317,600,platt,600,0
20240617,-0.0019834764284605687,3009.9087518857368,0.6166666666666667,0.0047600199834827439,False,0.52031819353633335,600,platt,600,0
20240618,-0.0026375472592091291,3022.2539819129515,0.60833333333333328,-0.0040251842226426415,True,0.52085292267520866,600,platt,600,0
20240619,-0.0020280270168508523,3011.9284148870174,0.60833333333333328,-0.0041789247232592031,True,0.52078599939033676,600,platt,600,0
20240620,-0.0036589177347988314,2994.4402536257712,0.6166666666666667,-0.0024286651967305728,True,0.52204628150968546,600,platt,600,0
20240621,-0.0035633856136247526,2987.4541792521541,0.625,-0.011686854809904279,True,0.52317858155484409,600,platt,600,0
20240624,0.0042418638571478417,2975.6679621290641,0.625,-0.0044219246276255841,False,0.5232035632330041,600,platt,600,0
20240625,0.0050365689249501746,2964.8541596932973,0.6166666666666667,0.0076368909344055602,True,0.52378578401994835,600,platt,600,0
20240626,0.0059873525633734638,2990.3226557771773,0.6333333333333333,-0.0089730781415435779,False,0.52268564737093659,600,platt,600,0
20240627,-0.0025924510681167552,2938.215421799106,0.6333333333333333,0.0073155056920026773,False,0.52108713076314439,600,platt,600,0
20240628,0.0064627657873154408,2986.5804292930243,0.625,0.0092092317227712162,True,0.51991626411942693,600,platt,600,0
20240701,0.0048646800055961959,3009.2987046125636,0.6333333333333333,0.00076160447570194911,True,0.51961930589257144,600,platt,600,0
20240702,-0.00218110511223105,2990.474303768377,0.64166666666666672,-0.004883365296845299,True,0.51931727650956294,600,platt,600,0
20240703,-0.0028860886505273865,2973.7681996292299,0.64166666666666672,-0.0083184022830657955,True,0.51940411718469326,600,platt,600,0
20240704,0.0057422368867789475,2974.5500503225203,0.64166666666666672,-0.002581074241090664,False,0.51951067123599171,600,platt,600,0
20240705,0.0052605538369532769,2965.4515829400711,0.64166666666666672,-0.0093166513290318109,False,0.51940232956431698,600,platt,600,0
20240708,-0.004378942519813381,2909.6525603087598,0.6333333333333333,0.012634126341537266,False,0.51805203152062718,600,platt,600,0
20240709,0.0085101790989378853,2984.5571891444538,0.625,-0.0067611632790790521,False,0.51672974724345788,600,platt,600,0
20240710,-0.0033772632296629516,2929.4365953951105,0.625,0.010554597600650695,False,0.51507211894151206,600,platt,600,0
20240711,-0.0034123744665118735,2960.2513258805916,0.6166666666666667,0.00030554937042892583,False,0.51527444870812555,600,platt,600,0
20240712,-0.0019704141243486661,2965.4403183643935,0.60833333333333328,0.00091397858509489893,False,0.51377300441614082,600,platt,600,0
20240715,-0.0025859093829972901,2966.3201778257353,0.60833333333333328,0.00077121444115846316,False,0.51207153169932984,600,platt,600,0
20240716,-0.002519096450066535,2968.8067024035522,0.60833333333333328,-0.0045188255784195386,True,0.51195912186978298,600,platt,600,0
20240717,-0.0021231336157197891,2956.5643631633097,0.6166666666666667,0.0048191695111361454,False,0.51189029359077276,600,platt,600,0
20240718,0.0057358439745081348,2994.209772673697,0.6166666666666667,0.0017383164624062974,True,0.51019464557550709,600,platt,600,0
20240719,-0.0044178358431875434,2969.1332501714733,0.6166666666666667,-0.0060668101215279879,True,0.51188129222516499,600,platt,600,0
20240722,-0.0046908394925530414,2950.3108408681619,0.6166666666666667,-0.016478896355544892,True,0.51188561546012468,600,platt,600,0
20240723,0.0067062771575854248,2934.9197691774943,0.625,-0.0046020597396179141,False,0.51165419018041214,600,platt,600,0
20240724,-0.0040396352633182966,2890.2289731762698,0.6166666666666667,-0.0052413689296976207,True,0.51188545801762864,600,platt,600,0
20240725,-0.0037235620890128497,2875.9926384174637,0.625,0.0014395815683676538,False,0.51167015585823983,600,platt,600,0
20240726,-0.003459590829813842,2880.8959782109864,0.60833333333333328,0.00032792586578556104,False,0.50987651421170321,600,platt,600,0
20240729,-0.0029783742378797109,2883.2323024585462,0.59999999999999998,-0.0043383026056061924,True,0.50821012791220155,600,platt,600,0
20240730,-0.0029468823538508311,2870.81464281731,0.59999999999999998,0.020647278247807321,False,0.50983999272404246,600,platt,600,0
20240731,0.0094816983856435121,2966.6136344936212,0.59999999999999998,-0.0021649345862880809,False,0.50983999272404246,600,platt,600,0
20240801,-0.0027471246734927729,2924.3314670453578,0.60833333333333328,-0.009224430157941943,True,0.50987627773820854,600,platt,600,0
20240802,-0.0041610645220873975,2893.2482032040598,0.625,-0.015364720966152823,True,0.51161164063068676,600,platt,600,0
20240805,0.0086564676071334366,2885.4613378394979,0.6333333333333333,0.0023022005330308737,True,0.51332901096082462,600,platt,600,0
20240806,0.0063146350961358847,2885.3895502825981,0.625,0.00088937833392632726,True,0.514971368399739,600,platt,600,0
20240807,-0.0043001722540544464,2857.4930203194922,0.6333333333333333,2.3555371046368734e-05,False,0.51500626087884549,600,platt,600,0
20240808,0.0052166478322736298,2884.8726649171495,0.625,-0.0026855626468561544,False,0.51329382696158043,600,platt,600,0
20240809,-0.0037724720493763253,2851.3965527578603,0.6166666666666667,-0.0013938607448041873,True,0.51158251550003742,600,platt,600,0
20240812,-0.0026466605133785011,2850.6399027460234,0.60833333333333328,0.0034082234700762992,False,0.51192066257353719,600,platt,600,0
20240813,-0.0033180346864996389,2858.430055692992,0.625,-0.0060294370953986043,True,0.50995421601203139,600,platt,600,0
20240814,-0.002342082090717353,2843.9774345539759,0.60833333333333328,0.0093676752551405951,False,0.50988700945224819,600,platt,600,0
20240815,0.0072920565080377775,2898.3397564006491,0.6166666666666667,0.00072007031172582892,True,0.50827296408113565,600,platt,600,0
20240816,-0.0022854234924104817,2872.8490834903332,0.59999999999999998,0.0049468127335487999,False,0.50985344045240888,600,platt,600,0
20240819,-0.0039883460749933807,2882.1328274574589,0.59166666666666667,-0.0093351227080260557,True,0.50818716291807065,600,platt,600,0
20240820,-0.0060758566636315856,2849.2435786607771,0.59166666666666667,-0.0035152743906586847,True,0.50817916096856341,600,platt,600,0
20240821,-0.0022734244157213298,2850.0896724161835,0.59999999999999998,-0.0027347700167322797,True,0.51036886079750721,600,platt,600,0
20240822,-0.0023366352664894031,2842.1152593459396,0.59999999999999998,0.001964249997139067,False,0.5105373356599765,600,platt,600,0
20240823,-0.0030945299634266492,2845.5345742446189,0.59166666666666667,0.00040387231146654656,False,0.509802725376715,600,platt,600,0
20240826,0.0023517159764992611,2862.2356727107281,0.59999999999999998,-0.0023775351903468911,False,0.50986543594083711,600,platt,600,0
20240827,-0.0015388315891131533,2844.347482440548,0.59166666666666667,-0.0039673451816023553,True,0.5081849867777517,600,platt,600,0
20240828,-0.0031415525286415517,2828.5153668077432,0.58333333333333337,-0.0050479848079384437,True,0.50813382979162658,600,platt,600,0
20240829,0.0023488582591234459,2829.7370758444808,0.57499999999999996,0.0067685024933530347,True,0.50950102443920697,600,platt,600,0
20240830,-0.0074072547670810838,2821.1611953179845,0.59166666666666667,-0.010970038781735747,True,0.50941191295344102,600,platt,600,0
20240902,-0.0042446449258963419,2799.1031545507326,0.59999999999999998,-0.0028659550663722166,True,0.50929507499130888,600,platt,600,0
20240903,0.0029426110944405564,2811.2267762201009,0.59999999999999998,-0.0066716168767176898,False,0.51091478145537927,600,platt,600,0
20240904,-0.002766690056316664,2776.5750649133715,0.58333333333333337,0.001449495907072329,False,0.51135346548508787,600,platt,600,0
20240905,-0.0027371087848006253,2780.6821809821067,0.59166666666666667,-0.0080720819795733201,True,0.50926509544380183,600,platt,600,0
20240906,-0.0057282637493804231,2749.9633303154228,0.6166666666666667,-0.010600524273823075,True,0.51024586410452466,600,platt,600,0
20240909,-0.0044549902531889089,2724.2965744140274,0.6166666666666667,0.0028154704592853186,False,0.51194039865866425,600,platt,600,0
20240910,-0.0047218829379379913,2731.2343461445862,0.59999999999999998,-0.0081615641995326227,True,0.51077916825776459,600,platt,600,0
20240911,-0.0033422632758633723,2712.6982438586188,0.60833333333333328,-0.0017165508999354984,True,0.510526365756232,600,platt,600,0
20240912,-0.0027488189079170468,2709.654220647582,0.6166666666666667,-0.0047968014404646819,True,0.51025710842654726,600,platt,600,0
20240913,-0.0038629697312639534,2693.643783724574,0.6166666666666667,0.0048784256261331649,False,0.51026370707883539,600,platt,600,0
20240918,-0.0052143729267790156,2703.112381954837,0.59999999999999998,0.0068969303987775898,False,0.51081050417793239,600,platt,600,0
20240919,-0.0075474368556424911,2715.3722452098636,0.58333333333333337,0.00028936168719684296,False,0.50967675608906304,600,platt,600,0
20240920,-0.0034862280246194676,2727.2727426836518,0.59999999999999998,0.0044225878858623613,False,0.50894167731431161,600,platt,600,0
20240923,-0.0043542313597610387,2736.9482763452579,0.58333333333333337,0.041546460266889795,False,0.50910266827842698,600,platt,600,0
20240924,0.0146339853775412,2905.0244367010655,0.59999999999999998,0.011588803913764822,True,0.50714048315409688,600,platt,600,0
20240925,0.0090345625097555272,2922.472554894011,0.60833333333333328,0.036131165297917267,True,0.50703791065785997,600,platt,600,0
20240926,0.015412839317911506,3047.2058002244689,0.6166666666666667,0.028849505986865642,True,0.50683442556058167,600,platt,600,0
20240927,0.0096043954789469879,3117.1824457269599,0.6166666666666667,0.080636921063662381,True,0.50683573880821187,600,platt,600,0
20240930,0.019126778392702271,3400.3138463776277,0.6166666666666667,0.045939703115009056,True,0.50683776160388816,600,platt,600,0
20241008,0.019225626637548621,3556.8682131216137,0.6166666666666667,-0.066169679530351244,False,0.50684044200416467,600,platt,600,0
20241009,0.019417531815601158,3322.1367750140203,0.6166666666666667,0.013215703980701488,True,0.50518055535202999,600,platt,600,0
20241010,0.019417531815601158,3366.0411512160076,0.6166666666666667,-0.025496695731421437,False,0.50683593199352672,600,platt,600,0
20241011,0.015051366634001917,3266.1690498547505,0.6166666666666667,0.020693047789445362,True,0.50516993883250039,600,platt,600,0
20241014,0.012187667765378817,3324.3507314643584,0.6166666666666667,-0.025280891264484517,False,0.50518796390549725,600,platt,600,0
20241015,0.011567068735156019,3238.3214634485985,0.6166666666666667,0.00051732239724833207,True,0.50516793888430245,600,platt,600,0
20241016,0.0094971864029552572,3233.3669941949724,0.625,-0.010479002468975374,False,0.50491367950312938,600,platt,600,0
20241017,0.010024324836649664,3201.1552377553776,0.6166666666666667,0.029084197836153791,True,0.50355280597337604,600,platt,600,0
20241018,0.020214731889260651,3327.4949276493521,0.625,0.0020072276383538146,True,0.50491279527297861,600,platt,600,0
20241021,0.0082843435313861135,3295.1841459383586,0.625,0.0054333850451788734,True,0.50491382089761505,600,platt,600,0
20241022,0.0052117628530683451,3302.9920590495467,0.60833333333333328,0.0051541649480688623,True,0.50708667685784081,600,platt,600,0
20241023,0.007030629052548725,3326.0235813205195,0.6166666666666667,-0.0068245975811817017,False,0.50852900306619464,600,platt,600,0
20241024,0.0034166498983229285,3291.4700085370978,0.60833333333333328,0.005925684301180123,True,0.50879589986739804,600,platt,600,0
20241025,0.0056402824217317207,3318.3115415990728,0.625,0.0068179525273857067,True,0.50825425281413272,600,platt,600,0
20241028,0.0055056281927708837,3340.4882842179527,0.6333333333333333,-0.010773140368686707,False,0.50799521613654564,600,platt,600,0
20241029,0.0073713634829639507,3310.6323005499571,0.6333333333333333,-0.0061371583008434927,False,0.50796576270698601,600,platt,600,0
20241030,0.006180570514408232,3286.4250130397254,0.625,0.0041597093757228532,True,0.50824783611014002,600,platt,600,0
20241031,0.0056836663500138065,3298.465827576234,0.6333333333333333,-0.0023812860225077559,False,0.50962838716777359,600,platt,600,0
20241101,0.0061218821125533021,3292.0450852030003,0.60833333333333328,0.01167262660412649,True,0.50881668498383115,600,platt,600,0
20241104,0.0060098302290927212,3330.1009832951204,0.6333333333333333,0.023194832033475166,True,0.50960001315946324,600,platt,600,0
20241105,0.011016403134970272,3424.2993131032631,0.6333333333333333,-0.00093909427284766256,False,0.50958483387377551,600,platt,600,0
20241106,0.006836749093333966,3406.9404339698676,0.625,0.025667752485352135,True,0.50820593445133022,600,platt,600,0
20241107,0.014479963418991283,3520.9159428717235,0.6333333333333333,-0.0052911536243717139,False,0.50786514049005782,600,platt,600,0
20241108,0.0082901566323818465,3480.9171837005174,0.65000000000000002,0.0051468919056822937,True,0.50712334129108072,600,platt,600,0
20241111,0.0067337726257129292,3493.4323334200853,0.65833333333333333,-0.013860141034217288,False,0.50693675794105164,600,platt,600,0
20241112,0.010969305651325119,3459.5067359565955,0.65000000000000002,0.0050578174251141306,True,0.50709958398186339,600,platt,600,0
20241113,0.0047123686110988796,3455.484944749569,0.6333333333333333,-0.01728237829465229,False,0.5078947946207315,600,platt,600,0
20241114,0.0083306391075073285,3407.9951181174147,0.625,-0.014531047618867365,False,0.50656627404714716,600,platt,600,0
20241115,0.0079822957646981524,3357.3131424378589,0.625,-0.002064924998490536,False,0.50495194823510225,600,platt,600,0
20241118,0.010043416613978876,3357.2313962515905,0.625,0.0066673313579925786,True,0.50323488121684512,600,platt,600,0
20241119,0.0080101139720317252,3372.8117198495347,0.625,0.0065688689853808935,True,0.50495194823510214,600,platt,600,0
20241120,0.0053746470401228371,3386.0910537224104,0.625,0.00071692626814456872,True,0.50656627404714727,600,platt,600,0
20241121,0.0037617588705358834,3383.0825467681134,0.6333333333333333,-0.030623125020713293,False,0.50622832481697877,600,platt,600,0
20241122,0.013745851914283833,3312.1019319091924,0.625,-0.0010504128377410993,False,0.50495066679359746,600,platt,600,0
20241125,0.0068974564327412748,3286.271340337687,0.625,-0.0012263464126970325,False,0.503210596823502,600,platt,600,0
20241126,0.0042616123186565479,3273.6490214393493,0.6166666666666667,0.015345222644189471,True,0.50197209819225241,600,platt,600,0
20241127,0.010682618358802423,3345.1360048407169,0.60833333333333328,-0.0042542418770026291,False,0.50397899371087462,600,platt,600,0
20241128,0.0037439088816175678,3308.0370941365018,0.60833333333333328,0.0093325896973033284,True,0.50235455773985893,600,platt,600,0
20241129,0.0082020202887894793,3353.7393571411599,0.6166666666666667,0.011281256503731685,True,0.50358106613435349,600,platt,600,0
20241202,0.0058851040083753442,3383.7796857178341,0.60833333333333328,0.0044066819257639889,True,0.50408963729358947,600,platt,600,0
20241203,0.0048337315780142007,3395.1385427083037,0.60833333333333328,-0.0041897933006695975,False,0.50407886724175477,600,platt,600,0
20241204,0.0044374611022520811,3379.5803026102008,0.60833333333333328,0.0012499071968796738,True,0.50398579039531488,600,platt,600,0
20241205,0.0030317503714893004,3379.0688283072691,0.60833333333333328,0.010454916244102108,True,0.50405449584479167,600,platt,600,0
20241206,0.0067583447183471763,3427.0823217587904,0.60833333333333328,-0.00045301568437183803,False,0.50576043948932203,600,platt,600,0
20241209,0.0050760757179709884,3419.8058217397934,0.60833333333333328,0.0059151203854139744,True,0.50569337196127062,600,platt,600,0
20241210,0.0095627188105693837,3455.3906418580864,0.60833333333333328,0.0028718885281266981,True,0.50728569498781695,600,platt,600,0
20241211,0.0026865251063621022,3441.711671099642,0.6166666666666667,0.0084514735103977667,True,0.50695451630960175,600,platt,600,0
20241212,0.0046867779621514987,3477.723080978632,0.6166666666666667,-0.020113131307995413,False,0.50699242931439426,600,platt,600,0
20241213,0.0065502084985889931,3414.0957094118185,0.6166666666666667,-0.0016353771193788891,False,0.50530499922371974,600,platt,600,0
20241216,0.0031829090407897334,3397.1095841915885,0.6166666666666667,-0.0073372031654789227,False,0.50363887897150117,600,platt,600,0
20241217,0.0048541367980960842,3377.802108034748,0.60833333333333328,0.0061648646357188586,True,0.50403702299175934,600,platt,600,0
20241218,0.0031568334899331105,3392.8851678000024,0.60833333333333328,-0.003599719366765064,False,0.50412117527382061,600,platt,600,0
20241219,0.0039108318702788525,3383.2127328513743,0.60833333333333328,-0.00058272424683303292,False,0.50399714720383215,600,platt,600,0
20241220,0.0035019110438544105,3379.8639790781367,0.59999999999999998,-0.0049916431351338941,False,0.5028676869205384,600,platt,600,0
20241223,0.0046506732348788283,3366.8427016981673,0.6166666666666667,0.012613475701401811,True,0.50188576025641674,600,platt,600,0
20241224,0.005254623169326348,3411.3598113800203,0.6166666666666667,-5.2452785052836681e-05,False,0.50352327303943789,600,platt,600,0
20241225,0.004026260816110603,3407.0126125429751,0.6333333333333333,0.0013928418408699628,True,0.50107793212938478,600,platt,600,0
20241226,0.0026021070787509933,3406.9186589147876,0.6166666666666667,0.00060784387873535906,True,0.50351903327119785,600,platt,600,0
20241227,0.0038222188384181158,3413.1380868056963,0.6166666666666667,0.0021128235232528159,True,0.50351805994110399,600,platt,600,0
20241230,-0.002226023606249765,3399.7411121124137,0.54545454545454541,-0.016306893332392991,True,0.50693856357794054,600,platt,600,0
20241231,0.0078092719135718965,3377.937828656849,0.625,-0.026613546363510765,False,0.50480742556316438,600,platt,600,0
20250102,0.014257754041161814,3309.0774880049612,0.6166666666666667,-0.015671984279097106,False,0.50353079974510762,600,platt,600,0
20250103,-0.0089502415328114714,3182.6868267293075,0.6166666666666667,-0.0014034558250828333,True,0.50191574754645152,600,platt,600,0
20250106,0.0044926458958441393,3221.3303685557084,0.6166666666666667,0.0070850162030717811,True,0.50191227628900725,600,platt,600,0
20250107,0.0054258799693540031,3247.1675601451566,0.60833333333333328,0.00016224698952105321,True,0.50246661251522495,600,platt,600,0
20250108,-0.0092364318334030929,3200.3326743812031,0.6333333333333333,-0.0058122675294989268,True,0.50070197154626106,600,platt,600,0
20250109,-0.0030390095863464047,3201.6338449757718,0.60833333333333328,-0.013349190209744899,True,0.50408025199113704,600,platt,600,0
20250110,-0.0069167459578741725,3146.6079258139216,0.59999999999999998,-0.0024518673332988294,True,0.50627979407748958,600,platt,600,0
20250113,-0.0042583061451903293,3147.2955375600591,0.59999999999999998,0.025368938750393477,False,0.50786071459499293,600,platt,600,0
20250114,-0.011261064997995481,3204.4435640053966,0.59999999999999998,-0.0042652131788925018,True,0.50623984462878668,600,platt,600,0
20250115,0.003109319757259572,3237.1508377142923,0.60833333333333328,0.002762620886936018,True,0.50732247214197301,600,platt,600,0
20250116,-0.0063127597015844705,3215.6037075973622,0.60833333333333328,0.0017889810731166467,False,0.50735057088077429,600,platt,600,0
20250117,0.0048037885152652643,3257.3942234491033,0.6333333333333333,0.00078856909196600711,True,0.50415037838162746,600,platt,600,0
20250120,-0.0039283182117237359,3231.6326523882112,0.60833333333333328,-0.00054093580229364058,True,0.50730377476526967,600,platt,600,0
20250121,0.003759653937814023,3254.8137388269347,0.60833333333333328,-0.0089430388846362119,False,0.50735011049392575,600,platt,600,0
20250122,0.0041397768639182533,3226.9273850425993,0.60833333333333328,0.005146837820495298,True,0.50574366529930126,600,platt,600,0
20250123,-0.0056351008646511706,3211.9614017411654,0.6166666666666667,0.0069540438461370702,False,0.50681990794919607,600,platt,600,0
20250124,-0.004882951057769239,3236.7439844795917,0.60833333333333328,-0.00062278901751522397,True,0.50730739921587731,600,platt,600,0
20250127,0.0030327912537876189,3260.4590933725158,0.60833333333333328,-0.0064951379601930759,False,0.50904305902447733,600,platt,600,0
20250205,0.0065105812543611004,3250.5134414297518,0.59999999999999998,0.012748709733395591,True,0.50942299320417561,600,platt,600,0
20250206,-0.0057690479799126617,3251.7908089954476,0.60833333333333328,0.01009190990660791,False,0.50905120211176857,600,platt,600,0
20250207,0.0079381128335680538,3329.8914782352899,0.60833333333333328,0.0056008072969591094,True,0.50892082369115421,600,platt,600,0
20250210,0.003253771088731722,3332.9793800470975,0.6166666666666667,-0.0012380161905030107,False,0.50853024856619622,600,platt,600,0
20250211,0.0024612841321853198,3326.2235807976581,0.6166666666666667,0.0085376775787058268,True,0.50678984108597258,600,platt,600,0
20250212,-0.0044526641343777132,3331.4850697496149,0.6166666666666667,-0.0041545722737137414,True,0.50852043202004127,600,platt,600,0
20250213,0.0033055297894795076,3343.498220507222,0.625,0.0042735707007142132,True,0.50966959777574694,600,platt,600,0
20250214,-0.003273784481780347,3335.7677462492411,0.625,0.0027206902797667354,False,0.50964929033120721,600,platt,600,0
20250217,0.002941752078787037,3365.7016187018553,0.6166666666666667,-0.0093386744070675931,False,0.50844424202415572,600,platt,600,0
20250218,-0.0064178410538956012,3303.15454774403,0.6166666666666667,0.0081361637779935325,False,0.50843914575864235,600,platt,600,0
20250219,0.0038755474303531004,3364.5282491342878,0.65000000000000002,-0.00022553816467374421,False,0.50455063443331238,600,platt,600,0
20250220,-0.0021512185340982824,3343.575032861293,0.65000000000000002,0.0084545903043027337,False,0.50259597271880996,600,platt,600,0
20250221,-0.0051281790557722619,3361.784104511948,0.64166666666666672,-0.0018008277202229417,True,0.50329109978251052,600,platt,600,0
20250224,0.0035294268204711233,3384.9324540776292,0.65000000000000002,-0.0080010611238401363,False,0.50258877360375209,600,platt,600,0
20250225,0.0039105845739009328,3359.1247716255384,0.65000000000000002,0.010213446953021954,True,0.50264285928248542,600,platt,600,0
20250226,-0.00354972088646058,3368.2155823436051,0.6333333333333333,0.0023216870503834919,False,0.50391297426830273,600,platt,600,0
20250227,0.0042990629350292096,3402.6276926255937,0.6333333333333333,-0.019823986702487306,False,0.50208859323878396,600,platt,600,0
20250228,0.0080368821728464372,3347.5869603082242,0.625,-0.0011960622811191257,False,0.50106592715288678,600,platt,600,0
20250303,-0.0055296577824905753,3298.5838382009151,0.65000000000000002,0.0021961905503267154,False,0.49890666611545786,600,platt,600,0
20250304,0.0037515835241244367,3336.6809510915709,0.6166666666666667,0.005341118802395739,True,0.50181454970743411,600,platt,600,0
20250305,0.0035149919001849061,3353.7118795542024,0.65000000000000002,0.011709698088091969,True,0.50062794667221533,600,platt,600,0
20250306,0.0046666036627341454,3396.8765457108443,0.6166666666666667,-0.0025295035048227277,False,0.50512845366687897,600,platt,600,0
20250307,0.0032879628644123518,3383.6346053489292,0.6166666666666667,-0.0018925762253546585,False,0.50343726188297133,600,platt,600,0
20250310,-0.003491198514727708,3354.4110567340686,0.6166666666666667,0.0040596370407492977,False,0.50344035526282926,600,platt,600,0
20250311,-0.0054683431197466272,3361.3463386229355,0.60833333333333328,-0.0023388465520912671,True,0.50406965685578897,600,platt,600,0
20250312,0.0026977510919006836,3381.0201103039303,0.60833333333333328,-0.0039131967258450029,False,0.50408224969522086,600,platt,600,0
20250313,0.004394265829898247,3373.4876458794556,0.625,0.018111943254716767,True,0.50110848109800765,600,platt,600,0
20250314,0.0072629223779746531,3444.3976104675025,0.60833333333333328,0.0019203923684252278,True,0.5023959604921916,600,platt,600,0
20250317,0.001660218248978079,3431.8166210590434,0.60833333333333328,0.0010597384190349501,True,0.50250671498163768,600,platt,600,0
20250318,0.0016443165244870424,3435.3989098920033,0.60833333333333328,-0.00097097192797179765,False,0.5040802275931987,600,platt,600,0
20250319,0.0029212153265782462,3436.4384372023537,0.60833333333333328,-0.0051017836615968593,False,0.50405616146249477,600,platt,600,0
20250320,0.0026833651120214169,3418.0956526685682,0.60833333333333328,-0.01294167508910804,False,0.50408563454710098,600,platt,600,0
20250321,0.0071499574587977604,3388.8890963610561,0.60833333333333328,0.0015446839569075443,True,0.50406906085433434,600,platt,600,0
20250324,0.0040452029913385845,3383.6607485600553,0.60833333333333328,-1.5430137485838991e-05,False,0.50565578507518794,600,platt,600,0
20250325,0.0022945498102007688,3377.7088784795455,0.59999999999999998,-0.00037952789163531175,False,0.5046588980634692,600,platt,600,0
20250326,0.0020140247574638535,3375.4819397626015,0.59166666666666667,0.0014995707687954773,True,0.50502455551309022,600,platt,600,0
20250327,-0.0051476930422975223,3356.3818762610108,0.59166666666666667,-0.0066519769743386137,True,0.50677829633844673,600,platt,600,0
20250328,0.0034409647198195945,3362.8385284640917,0.59999999999999998,-0.0046431439819236697,False,0.5079886827426614,600,platt,600,0
20250331,0.005345106130478422,3353.5761174633399,0.59166666666666667,0.0038039164970045114,True,0.50814898243765028,600,platt,600,0
20250401,-0.002276692582719782,3340.8117426441117,0.69999999999999996,0.00050516135134293094,False,0.50151566419829174,600,platt,600,0
20250402,-0.002166376483523795,3342.8689645169325,0.63636363636363635,-0.0024234606536959191,True,0.50357347524805141,600,platt,600,0
20250403,-0.0046857966503154377,3326.3477315140117,0.66666666666666674,-0.073438340671686753,True,0.50296435763325742,600,platt,600,0
20250407,0.020968389153321887,3161.5064148045149,0.58333333333333337,0.015815176774916839,True,0.509249194609807,600,platt,600,0
20250408,0.0077236103031439107,3169.8440954378052,0.58333333333333337,0.013117201063559847,True,0.50943873847267107,600,platt,600,0
20250409,0.014712915025511024,3233.6971632611571,0.59166666666666667,0.011556384332808811,True,0.51051518594818379,600,platt,600,0
20250410,0.0047808304372475331,3239.0495661909854,0.59166666666666667,0.0045256013400263306,True,0.51233459625775779,600,platt,600,0
20250411,0.0047759749896420581,3253.6924902075889,0.60833333333333328,0.0075907901200742423,True,0.51252648945107426,600,platt,600,0
20250414,0.0034453932001914118,3274.0491547740335,0.60833333333333328,0.0014879210618463645,True,0.51251314024710959,600,platt,600,0
20250415,0.0027839110643640818,3276.7591812315754,0.6166666666666667,0.0025527729716745551,True,0.51337888693538636,600,platt,600,0
20250416,0.0051757168448038132,3292.9595685688732,0.6166666666666667,0.0013239605728185833,True,0.51505089348865307,600,platt,600,0
20250417,0.0033948970204786175,3291.4776205660332,0.6166666666666667,-0.0011007391548171208,False,0.51505310454022013,600,platt,600,0
20250418,0.0025129578083064293,3284.9646852443952,0.60833333333333328,0.0044873084462486723,True,0.51588627711441748,600,platt,600,0
20250421,0.0034319866161270202,3302.7302577790638,0.60833333333333328,0.0025286849887105056,True,0.51765915602402812,600,platt,600,0
20250422,0.0027320826152080154,3308.7723090073187,0.59999999999999998,-0.0010309546723907825,False,0.51845639344938077,600,platt,600,0
20250423,0.0023387222801123887,3304.0644593494039,0.59166666666666667,0.00028300954945637002,True,0.51924642738613458,600,platt,600,0
20250424,-0.0033343279197219043,3286.2938602288036,0.60833333333333328,-0.00067573713076518604,True,0.51929590499605194,600,platt,600,0
20250425,0.0020030359880061177,3301.6601237626392,0.60833333333333328,-0.0020167462807961778,False,0.52093469003523496,600,platt,600,0
20250428,0.0020671168445478517,3295.2122374182286,0.59166666666666667,-0.00053518189174861508,False,0.52089639448339364,600,platt,600,0
20250429,-0.0020593684137442227,3279.8863669179991,0.59166666666666667,-0.0023195012752784683,True,0.5208331768756479,600,platt,600,0
20250430,0.0017846002745753457,3284.8831603367812,0.59999999999999998,0.011308857853572274,True,0.52179695467472975,600,platt,600,0
20250506,0.0034778253333092074,3327.6463635384284,0.60833333333333328,0.0080068429503392657,True,0.5226414147063575,600,platt,600,0
20250507,-0.0037483861608196061,3330.1355003989056,0.60833333333333328,0.0027913954048224277,False,0.52263228501848458,600,platt,600,0
20250508,-0.0037395800627460759,3339.4607433359115,0.66666666666666674,-0.0029823724719464373,True,0.51497295147791655,600,platt,600,0
20250509,-0.0018988366573095032,3335.6529899799921,0.69230769230769229,0.0081524862261324049,False,0.51291426114218741,600,platt,600,0
20250512,0.0033009265005571175,3380.3661284569057,0.64285714285714279,0.0016698699070369916,True,0.51580152680274738,600,platt,600,0
20250513,-0.0018631366637058596,3368.5828546635635,0.66666666666666674,0.0086158560089428793,False,0.51355427047007285,600,platt,600,0
20250514,-0.0057115384917438596,3384.5063194029517,0.625,-0.0067940812611098078,True,0.51591419543794348,600,platt,600,0
20250515,-0.0029055527869260669,3370.9982449591307,0.64705882352941169,-0.003951554495011167,True,0.51371034951638783,600,platt,600,0
20250516,-0.0027751031871887694,3358.1168457485733,0.66666666666666674,3.5932106611236136e-05,False,0.51193902711783823,600,platt,600,0
20250519,0.0019975001375220854,3374.3096473058667,0.63157894736842102,0.0038291856155938664,True,0.51523520064902573,600,platt,600,0
20250520,-0.0020894762106647537,3373.4145716383246,0.65000000000000002,0.0020989931009756102,False,0.51502046330420226,600,platt,600,0
20250521,-0.0017035154305122806,3381.802816100404,0.61904761904761907,-0.0021800559550941845,True,0.51821380204695411,600,platt,600,0
20250522,0.0016802846048460528,3385.8681786980278,0.63636363636363635,-0.0094127294971863007,False,0.51800222667702467,600,platt,600,0
20250523,-0.0048790569061154081,3332.0348039328737,0.60869565217391308,-0.00045780460992428385,True,0.52110724525633534,600,platt,600,0
20250526,0.0030729154011107638,3357.1233524935546,0.625,-0.0018380927100523081,False,0.52082442928405726,600,platt,600,0
20250527,-0.0022572374634095252,3333.1462761500748,0.59999999999999998,-0.00022603135223375759,True,0.52395887859943979,600,platt,600,0
20250528,0.0013871032899612995,3344.5647305267366,0.61538461538461542,0.0070401435430464954,True,0.52370014911488094,600,platt,600,0
20250529,0.0036593952878833341,3375.7536766137523,0.62962962962962965,-0.0047445989536623046,False,0.52186375941925522,600,platt,600,0
20250530,0.002367982466458099,3355.4140912330913,0.60714285714285721,0.0043280821408941961,True,0.52481877750331596,600,platt,600,0
20250603,-0.0031620775969907707,3351.3446725898184,0.62068965517241381,0.0042318571328079368,False,0.524671770425995,600,platt,600,0
20250604,0.0019470883997315105,3382.7766655017299,0.59999999999999998,0.0023386035240950953,True,0.52587556864268359,600,platt,600,0
20250605,0.0019819532767780647,3390.8056251110143,0.61290322580645162,0.00037215228812037537,True,0.52409589726919259,600,platt,600,0
20250606,0.0013642003111741373,3389.976206300616,0.625,0.0042576591384917428,True,0.52404615032778579,600,platt,600,0
20250609,0.0022613695195865687,3407.4597398697961,0.63636363636363635,-0.0043989131505187684,False,0.5225894310490321,600,platt,600,0
20250610,0.0047671375972422533,3400.9521850434885,0.61764705882352944,0.0051700294636374267,True,0.52510228534894443,600,platt,600,0
20250611,0.0033380400374114919,3413.6729666941214,0.62857142857142856,0.00010054915829527111,True,0.52518304754391398,600,platt,600,0
20250612,-0.0022966562399187253,3394.8432642719904,0.62857142857142856,-0.0075417511839273033,True,0.52518788116645088,600,platt,600,0
20250613,0.0037054719519899739,3389.5093639599827,0.62857142857142856,0.0034744785010110135,True,0.52519270944496921,600,platt,600,0
20250616,0.0024932777099791804,3397.178343228843,0.65714285714285714,-0.00039082496202924588,False,0.52279309002538776,600,platt,600,0
20250617,0.0020179704408300877,3394.2405829593231,0.62857142857142856,0.00041438801721049856,True,0.52518591286205729,600,platt,600,0
20250618,0.002585933495958002,3397.5718336701302,0.65714285714285714,-0.0078789932249344607,False,0.52097437314935813,600,platt,600,0
20250619,0.0039739256531208557,3375.4689680245478,0.62857142857142856,-0.0006581584733056367,False,0.52346627519600397,600,platt,600,0
20250620,0.0015734457005471781,3365.1820129714183,0.59999999999999998,0.0064544271229396433,True,0.5262495794399904,600,platt,600,0
20250623,0.0049981759089257035,3398.4833396871863,0.61111111111111116,0.011528451657058847,True,0.52615753614498073,600,platt,600,0
20250624,-0.0051848592070659651,3402.830846881523,0.6216216216216216,0.01035138629104071,False,0.52618316531591247,600,platt,600,0
20250625,-0.0048846011786424113,3439.0925472800827,0.60526315789473684,-0.0021760004185217285,True,0.52705905733458647,600,platt,600,0
20250626,0.001946920384197315,3455.1672642184144,0.61538461538461542,-0.0070253812912187685,False,0.5254819567482184,600,platt,600,0
20250627,0.0049284891699067799,3441.1029642062558,0.59999999999999998,0.0058988208929040553,True,0.52788483182475721,600,platt,600,0
20250630,0.0032283723701733613,3455.5454884381579,0.6097560975609756,0.0038676405145752213,True,0.52801273633713286,600,platt,600,0
20250701,0.0021842419797865158,3465.2999570265783,0.61904761904761907,-0.00085460262366199302,False,0.52821328678275659,600,platt,600,0
20250702,0.0015737461976827705,3460.2293664032832,0.60465116279069764,0.0018404000194049974,True,0.53041614095215806,600,platt,600,0
20250703,0.00195746929089339,3467.9256960106572,0.61363636363636365,0.0032268460089543982,True,0.53070323598653402,600,platt,600,0
20250704,0.0048737932575772334,3489.242565905116,0.62222222222222223,0.00023266870165628006,True,0.53103300029125233,600,platt,600,0
20250707,-0.0013986410938843438,3468.2694417136568,0.63043478260869568,0.0070104546418701119,False,0.52980515903709313,600,platt,600,0
20250708,-0.0029283732803295571,3487.2333867828675,0.61702127659574468,-0.001265427092508653,True,0.53190624344185333,600,platt,600,0
20250709,-0.0024985332998535685,3484.3219995062132,0.625,0.0047615414553958679,False,0.53068205540363311,600,platt,600,0
20250710,-0.0040615276156556043,3495.4271304471358,0.61224489795918369,0.00014115239734846519,False,0.53096778567819392,600,platt,600,0
20250711,-0.0055651941235698677,3490.6423824738713,0.59999999999999998,0.0026986102012171997,False,0.53285840337852186,600,platt,600,0
20250714,-0.002162702686144216,3512.0378439232531,0.58823529411764708,-0.0041626300434777219,True,0.53487900647090991,600,platt,600,0
20250715,-0.0050254503381453198,3487.3846025953412,0.59615384615384615,-0.0003486163818372523,True,0.5352011137818663,600,platt,600,0
20250716,0.0025945467703060118,3512.8676130397671,0.60377358490566035,0.0037241526422531201,True,0.53586271227095783,600,platt,600,0
20250717,-0.0020652234565336739,3509.5624694848639,0.61111111111111116,0.0050207779714972478,False,0.53631366508187028,600,platt,600,0
20250718,-0.0020190173800535829,3527.3465179992013,0.59999999999999998,0.0071604537772953503,False,0.53840591576758834,600,platt,600,0
20250721,0.0020415287286225342,3567.0586160026983,0.58181818181818179,0.0061997737395385055,True,0.54159545194585479,600,platt,600,0
20250722,-0.0042206448320065895,3566.7433364593198,0.59999999999999998,0.00012197569581906542,False,0.53842156723889678,600,platt,600,0
20250723,-0.0039812603238050118,3568.035939104554,0.59999999999999998,0.00654018733226569,False,0.53676323615158716,600,platt,600,0
20250724,0.0035296420095198718,3618.4538251410959,0.58181818181818179,-0.0033478963700773745,False,0.53848520972643954,600,platt,600,0
20250725,-0.0026573546517463711,3584.1056833717721,0.56363636363636371,0.0011914331349476281,False,0.53995978619602614,600,platt,600,0
20250728,-0.002686724719718237,3588.2702339907837,0.5535714285714286,0.0032725421060051385,False,0.53970417669387116,600,platt,600,0
20250729,-0.0028240419143593693,3599.5173239900632,0.54385964912280704,0.0016636787545862841,False,0.54063630707315047,600,platt,600,0
20250730,0.0047120929428718155,3632.7542931454941,0.6166666666666667,-0.011756590332422823,False,0.52856559675001547,600,platt,600,0
20250731,-0.0050336410605448583,3555.2219524866046,0.5423728813559322,-0.0037099433500684675,True,0.53952793891130757,600,platt,600,0
20250801,-0.0035756520723354262,3547.2226509689153,0.55000000000000004,0.0065610438882908184,False,0.5403891068404747,600,platt,600,0
20250804,-0.0040584046658443994,3568.7662828469183,0.54098360655737698,0.0095690329563560272,False,0.5396346882429679,600,platt,600,0
20250805,0.0034063800684278542,3629.9205123602324,0.6166666666666667,0.0045326489601829056,True,0.52679656921078988,600,platt,600,0
20250806,0.0022526478006982139,3642.1810106192333,0.625,0.0015607341661376672,True,0.52558209175000814,600,platt,600,0
20250807,0.0024961803569804272,3648.7518642728783,0.6333333333333333,-0.0012469548721852908,False,0.52618663032692059,600,platt,600,0
20250808,0.0022023738822205263,3643.1340111859658,0.6333333333333333,0.0034162757565545654,True,0.52620639676099623,600,platt,600,0
20250811,0.0030046393655974719,3658.5062624026746,0.6333333333333333,0.0050365359270108101,True,0.52618020803498144,600,platt,600,0
20250812,0.0023168613899525992,3674.4111231778743,0.6333333333333333,0.0047865504454724928,True,0.52615460363201527,600,platt,600,0
20250813,0.0024157662734961751,3692.3631900334508,0.6333333333333333,-0.0046212468217424751,False,0.52787492426266969,600,platt,600,0
20250814,-0.0046442602153934677,3649.4146865007961,0.625,0.0082717509337253414,False,0.52733590084010507,600,platt,600,0
20250815,0.004789207164357997,3714.4750997635874,0.6166666666666667,0.0084551637706480332,True,0.52676082240196809,600,platt,600,0
20250818,0.0047220476494682839,3745.6312225491188,0.625,-0.00019833545746850145,False,0.52553640217102204,600,platt,600,0
20250819,0.0030926099322474638,3738.8149475798855,0.6166666666666667,0.01044257944228022,True,0.52674865265584292,600,platt,600,0
20250820,0.0067001343597378931,3791.4445157070422,0.6166666666666667,0.0012979890873860978,True,0.52848267444529962,600,platt,600,0
20250821,0.0032086294680596645,3783.1989590575067,0.6166666666666667,0.014494528372088089,True,0.53011115235417428,600,platt,600,0
20250822,0.0056643593074928557,3847.4296747327462,0.6166666666666667,0.015108765862734019,True,0.53175370042670567,600,platt,600,0
20250825,-0.0045437727868339493,3865.9156780315498,0.625,-0.0039087057635778244,True,0.53062455428758348,600,platt,600,0
20250826,-0.0030131066434453341,3856.7261524964156,0.625,-0.017586706793693008,True,0.53060986923561781,600,platt,600,0
20250827,0.00925966099936067,3835.5398517529547,0.625,0.011379873205885627,True,0.53059562759341483,600,platt,600,0
20250828,0.0088348189228623728,3877.554887041385,0.625,0.0037282780969722928,True,0.53227621255461965,600,platt,600,0
20250829,0.0029750639293178427,3869.4049806496669,0.625,0.0045628126646448663,True,0.53395894793598686,600,platt,600,0
20250901,0.0026430594185408774,3885.7736571255618,0.625,-0.0044889339534015527,False,0.53568365220371028,600,platt,600,0
20250902,-0.0059231318945545865,3835.2811670050137,0.6166666666666667,-0.011553981000242297,True,0.53670216237153867,600,platt,600,0
20250903,0.0077769477156159044,3843.2144302887423,0.625,-0.0125029480354375,False,0.53741218747423469,600,platt,600,0
20250904,0.0080852678931353089,3796.324015503802,0.625,0.012384476078991291,True,0.53747439553675835,600,platt,600,0
20250905,0.0077790416462098985,3842.1720075164703,0.625,0.0037577301677269581,True,0.5374074439021802,600,platt,600,0
20250908,-0.003183752009310772,3814.6569882320632,0.625,-0.0051082345810736784,True,0.53915890172183811,600,platt,600,0
20250909,0.004652507842845926,3825.0057572857568,0.6333333333333333,0.0012945945862889996,True,0.53829790728440907,600,platt,600,0
20250910,-0.0035636846097611098,3798.6356459805552,0.64166666666666672,0.016548934778496172,False,0.53927060876290334,600,platt,600,0
20250911,-0.0084012605573044602,3842.7519159904286,0.6333333333333333,-0.0012156448721230007,True,0.53839613771959105,600,platt,600,0
20250912,0.0027893852704844596,3881.3949901649207,0.64166666666666672,-0.0026080721781933658,False,0.53758888578901454,600,platt,600,0
20250915,-0.0024829681812019895,3850.9180923977842,0.6333333333333333,0.00035267419514894982,False,0.53660373757724666,600,platt,600,0
20250916,0.0039592978966103099,3877.1553743674226,0.6333333333333333,0.0037483960793969207,True,0.53666104426595573,600,platt,600,0
20250917,0.0034967214292768159,3889.8953842922119,0.64166666666666672,-0.011527546506552189,False,0.53577868042167376,600,platt,600,0
20250918,-0.010445074081968637,3791.6342671343655,0.6333333333333333,-0.0030187468280687968,True,0.53664130719750291,600,platt,600,0
20250919,0.0032812395152841184,3832.6240282911981,0.64166666666666672,0.0022216757544992749,True,0.53762754261936652,600,platt,600,0
20250922,0.0026548525611522901,3838.740705861107,0.65000000000000002,-0.0017614118918979349,False,0.53867639524580446,600,platt,600,0
20250923,0.0066890498486522603,3847.3971294435091,0.64166666666666672,0.0083231011132434141,True,0.53946705527555261,600,platt,600,0
20250924,0.0052770509814107818,3873.9780663535162,0.64166666666666672,-8.8254171598967091e-05,False,0.53937159463507356,600,platt,600,0
20250925,-0.0026682685597045099,3843.0204551555266,0.64166666666666672,-0.0065388332775672131,True,0.53937159463507356,600,platt,600,0
20250926,0.0030030289924975785,3839.6019133043542,0.65000000000000002,0.0089928805524193134,True,0.54044905069824578,600,platt,600,0
20250929,0.0074849225778817578,3891.4424507291137,0.65000000000000002,0.0052415621598651541,True,0.54060328735627661,600,platt,600,0
20250930,-0.0022123062740817077,3874.1875071971172,0.65000000000000002,0.013185149372714422,False,0.54249913268153838,600,platt,600,0
20251009,0.0052136000056867207,3954.4825585270119,0.64166666666666672,-0.0093910928302395336,False,0.54137183315326609,600,platt,600,0
20251010,0.0048371316431736651,3915.8785379368469,0.6333333333333333,-0.0019311895646839661,False,0.5402708240725772,600,platt,600,0
20251013,0.009910310016771836,3928.0483726129164,0.6333333333333333,-0.0062407214990133353,False,0.53853799284026238,600,platt,600,0
20251014,0.0068542694597076076,3891.722220404049,0.625,0.012154674720557868,True,0.53923772005835879,600,platt,600,0
20251015,0.0056315490582691738,3934.2412997254769,0.6333333333333333,0.0010271689182290711,True,0.54014102665559438,600,platt,600,0
20251016,-0.0032836013075211072,3903.3686686186493,0.6333333333333333,-0.019527131719603741,True,0.54180846781450442,600,platt,600,0
20251017,0.0090242771715773797,3874.4063160982332,0.64166666666666672,0.0062861557870628193,True,0.54266324882935502,600,platt,600,0
20251020,0.0027977042373385375,3874.7026286996415,0.64166666666666672,0.013571702277646036,True,0.54430072361952497,600,platt,600,0
20251021,-0.0051700643920754939,3896.0845103452411,0.64166666666666672,-0.0006574008200835868,True,0.54446011201507094,600,platt,600,0
20251022,0.0025544724848843626,3923.7551861017068,0.65000000000000002,0.0022107909800035408,True,0.54533994725320467,600,platt,600,0
20251023,0.0049113496992723169,3941.6744276650579,0.65000000000000002,0.0071133306535182683,True,0.54699118421204174,600,platt,600,0
20251024,0.0021360132618718879,3958.749417752525,0.65000000000000002,0.011804891842073895,True,0.54884191579194053,600,platt,600,0
20251027,0.0036435354041254339,4011.507508794075,0.65833333333333333,-0.0021818166351822432,False,0.54989432886651213,600,platt,600,0
20251028,-0.0033635163956159137,3974.8094435229627,0.65833333333333333,0.0070475230841477998,False,0.54976846507861887,600,platt,600,0
20251029,-0.0028960289683580553,4004.6995890774856,0.65833333333333333,-0.0073276331059367594,True,0.54939081738318352,600,platt,600,0
20251030,0.0040611487408343449,4003.0921971637517,0.65833333333333333,-0.0080540754864028008,False,0.55106711749818871,600,platt,600,0
20251031,0.0035835373463330043,3968.9621376619048,0.65000000000000002,0.0054947797481028626,True,0.55015870216751828,600,platt,600,0
20251103,0.0041005042636251422,3992.8264400847434,0.65000000000000002,-0.0041077869907730769,False,0.55036072615093645,600,platt,600,0
20251104,0.0048368020379989272,3979.340635715655,0.65000000000000002,0.0022883521127543549,True,0.54862718776341279,600,platt,600,0
20251105,0.0058249725864119367,3992.3690625361623,0.65000000000000002,0.0097024920310477825,True,0.54880027081159455,600,platt,600,0
20251106,0.0035803405244068777,4022.1090451820628,0.65000000000000002,-0.0025461106090711727,False,0.55050975261356194,600,platt,600,0
20251107,-0.0018544298611696207,3990.1425133382313,0.65000000000000002,0.0052635914491447888,False,0.54877829149010426,600,platt,600,0
20251110,0.0028167767549762473,4029.9166911805728,0.65000000000000002,-0.0039415744379656115,False,0.54702003605584393,600,platt,600,0
20251111,-0.0033928147847062501,3989.1769848351246,0.64166666666666672,-0.00065404909855149018,True,0.54606753790947038,600,platt,600,0
20251112,0.0039477680314727245,4015.9312232343082,0.64166666666666672,0.0073401438289804055,True,0.54615384763180175,600,platt,600,0
20251113,0.0035167756684467487,4043.6720517761369,0.64166666666666672,-0.0096808756379077598,False,0.54785468797700376,600,platt,600,0
20251114,0.0043700616038317448,4007.930796306604,0.6333333333333333,-0.0046253192682677025,False,0.54692867084237884,600,platt,600,0
20251117,0.0033556962129425065,3985.3637421360354,0.6333333333333333,-0.0081121394001885117,False,0.54688566670455097,600,platt,600,0
20251118,0.004079716603502247,3955.8864209187655,0.6333333333333333,0.0017587890146362195,True,0.54690185257772173,600,platt,600,0
20251119,0.0030288905819359085,3958.6966508846876,0.64166666666666672,-0.0039757345196890226,False,0.54770307658049511,600,platt,600,0
20251120,0.0042011820661741681,3947.5662618026527,0.64166666666666672,-0.024461752113531299,False,0.54581887237822879,600,platt,600,0
20251121,0.0082234844793306408,3866.4269649737284,0.64166666666666672,0.00048885355483907489,True,0.54392016569741075,600,platt,600,0
20251124,0.0040167635767595078,3852.1768799129677,0.64166666666666672,0.008668056465791274,True,0.54584692025420545,600,platt,600,0
20251125,-0.0038911979103988894,3854.9637753674438,0.65000000000000002,-0.0015086216029528421,True,0.54481345028113037,600,platt,600,0
20251126,0.0019807413538578665,3871.8383498400131,0.65000000000000002,0.0028660640522226721,True,0.54640786045459033,600,platt,600,0
20251127,0.003315806244256429,3888.1090093166335,0.65000000000000002,0.0034415244564016678,True,0.54669527719069688,600,platt,600,0
20251128,0.0034226414064077956,3901.9054703669199,0.65000000000000002,0.0065344660883019934,True,0.5483694170543626,600,platt,600,0
20251201,0.0024564093550605583,3923.620501199804,0.65000000000000002,-0.0041631258571620533,False,0.54995623578494912,600,platt,600,0
20251202,0.0021471875793123833,3906.0807179352619,0.64166666666666672,-0.0050573264579144572,False,0.54929512630663635,600,platt,600,0
20251203,0.0033513062870726071,3890.9959644407454,0.64166666666666672,-0.00056892734078684004,False,0.54908241838095562,600,platt,600,0
20251204,0.003223562440029908,3888.2871617071992,0.6333333333333333,0.0069700053405841178,True,0.54842301335407651,600,platt,600,0
20251205,0.0047779951944777249,3921.4551959577711,0.6333333333333333,0.0054499740135793839,True,0.55002716829611853,600,platt,600,0
20251208,0.003374115715898371,3937.3180925753882,0.64166666666666672,-0.0037094575443942235,False,0.549208737201617,600,platt,600,0
20251209,0.0023334224920078081,3918.64416563443,0.6333333333333333,-0.002308620062362654,False,0.54848286205474328,600,platt,600,0
20251210,0.0031836240652783347,3912.9137129321216,0.6333333333333333,-0.0069679343345052658,False,0.54680245441737563,600,platt,600,0
20251211,0.0045644605298854586,3890.99720530491,0.625,0.0041380804920310155,True,0.54772569409653971,600,platt,600,0
20251212,0.0044437395761870386,3906.6289394125624,0.6333333333333333,-0.005508587215582228,False,0.54839175276766394,600,platt,600,0
20251215,-0.0036169162590706096,3853.9309540079912,0.6333333333333333,-0.011145264113337938,True,0.54678539726936115,600,platt,600,0
20251216,0.005109400388887699,3844.354395409282,0.6333333333333333,0.011887015934038514,True,0.54839226361676952,600,platt,600,0
20251217,0.007075221736419458,3897.6605714939751,0.6333333333333333,0.0015743057183883469,True,0.54850130222684768,600,platt,600,0
20251218,-0.0035302997280328282,3862.6857502780954,0.6333333333333333,0.0036314898176013077,False,0.55014234302106069,600,platt,600,0
20251219,0.0033384438166870144,3903.4355404005205,0.625,0.0069185614251316974,True,0.54945534576582244,600,platt,600,0
20251222,0.002095776090643338,3925.5737173903917,0.6333333333333333,0.00066748970315178013,True,0.5501280838178243,600,platt,600,0
20251223,0.0028293960895296351,3931.0697721218794,0.6333333333333333,0.0053491108344316807,True,0.55022169394039155,600,platt,600,0
20251224,0.0037192616715370805,3955.6044131266594,0.6333333333333333,0.0047384803703272027,True,0.55030511520271741,600,platt,600,0
20251225,0.002981704047316795,3971.4275182597107,0.64166666666666672,0.001024795023948144,True,0.55103905655582275,600,platt,600,0
20251226,0.0034248654133478161,3977.2539667742262,0.64166666666666672,0.00040384199638365814,True,0.55119273010124925,600,platt,600,0
20251229,0.0028766909835711806,3976.6864840726585,0.64166666666666672,-4.1283343550357898e-05,False,0.55133009700149893,600,platt,600,0
20251230,0.0034651120300131589,3978.8554708054858,0.6333333333333333,0.00093924114551113824,True,0.55048617981127779,600,platt,600,0
20251231,0.0023443939657247568,3978.1446247813665,0.6333333333333333,0.013751272065609443,True,0.55213372928848525,600,platt,600,0
20260105,-0.004379974177481461,4005.7942387487524,0.64166666666666672,0.014974958969574237,False,0.55131032853510176,600,platt,600,0
20260106,0.0062081028512739819,4109.0190259879737,0.6333333333333333,0.00051549254552374357,True,0.55044534693471603,600,platt,600,0
20260107,-0.0030406968822921441,4073.3487049056343,0.6333333333333333,-0.00068371406796219336,True,0.55046758657340389,600,platt,600,0
20260108,0.002774072743173529,4094.3052802000352,0.6333333333333333,0.009171539171352272,True,0.55217609399636058,600,platt,600,0
20260109,0.003929104248279496,4136.6155833013217,0.64166666666666672,0.010887466490115294,True,0.5531456167642731,600,platt,600,0
20260112,0.0049558852304601103,4185.9296843239281,0.65000000000000002,-0.0063689488863553079,False,0.55413173867627674,600,platt,600,0
20260113,-0.0055103585143021997,4115.9524568608849,0.65000000000000002,-0.0030601688888104439,True,0.55401809058617857,600,platt,600,0
20260114,0.0089984694242263123,4163.2217235017079,0.65000000000000002,-0.0032699212901928787,False,0.5557032953712836,600,platt,600,0
20260115,0.0037482708683515722,4128.0163432711079,0.64166666666666672,-0.0025989634005845197,False,0.55633840204402685,600,platt,600,0
20260116,0.0050143980854168374,4122.4813231894268,0.64166666666666672,0.0029467716365587648,True,0.55476599734202359,600,platt,600,0
20260119,0.0037652313547866813,4129.4902621701158,0.64166666666666672,-8.5342730059667637e-05,False,0.55486936411521903,600,platt,600,0
20260120,0.0050230297001704399,4134.3119811030774,0.6333333333333333,0.00080001964192844,True,0.55390397846222239,600,platt,600,0
20260121,0.0033465255643179335,4130.7174449567628,0.6333333333333333,0.0013689779302104021,True,0.55560486990239921,600,platt,600,0
20260122,0.0031858456576232172,4135.709890847822,0.6333333333333333,0.0032960459673758713,True,0.55729409844951883,600,platt,600,0
20260123,0.0024145728355217449,4146.1512697205781,0.6333333333333333,-0.00086045906978260422,False,0.55898320516716893,600,platt,600,0
20260126,0.0037241352656139219,4147.9955807641791,0.625,0.0017661740347225674,True,0.55968801197742124,600,platt,600,0
20260127,0.005837082286488761,4164.0690608898722,0.6333333333333333,0.0027376721117766678,True,0.55898284083372174,600,platt,600,0
20260128,-0.0032716653578562468,4137.6563390975161,0.64166666666666672,0.001625226095214316,False,0.55995602367300512,600,platt,600,0
20260129,-0.0032446610556607137,4144.4932496228084,0.6333333333333333,-0.0096289199731262043,True,0.5589818219751741,600,platt,600,0
20260130,0.0090411933439646652,4155.1787604319161,0.6333333333333333,-0.024818479963173989,False,0.56065873778634212,600,platt,600,0
20260202,0.0094479746076362413,4053.6870700179061,0.625,0.012946908201175278,True,0.55971469483970793,600,platt,600,0
20260203,0.0069362261195813719,4095.9526498695909,0.625,0.0084725468668962467,True,0.55971469483970793,600,platt,600,0
20260204,0.0043298744291651332,4119.9640195430702,0.6333333333333333,-0.0064076074264505234,False,0.55904269826163389,600,platt,600,0
20260205,0.0041537684918110229,4092.8471143637062,0.625,-0.0025352088279920748,False,0.55804658552470798,600,platt,600,0
20260206,0.0067772740961808088,4093.136973062683,0.64166666666666672,0.014144661255750091,True,0.55674131482601197,600,platt,600,0
20260209,0.0030909310239864199,4135.8338858684092,0.64166666666666672,0.0012814176708304537,True,0.55670451051563397,600,platt,600,0
20260210,-0.0017202196783015049,4121.2713913540092,0.64166666666666672,0.00087489669962237393,False,0.55850761418375283,600,platt,600,0
20260211,0.002062793190991783,4140.5084305232795,0.65000000000000002,0.00049196693598840824,True,0.55783225782306289,600,platt,600,0
20260212,0.0016830339632123103,4140.9754923619239,0.65000000000000002,-0.01256530632258035,False,0.55793342218736663,600,platt,600,0
20260213,0.0045632833745851871,4100.7002540294297,0.625,0.0086564604460979133,True,0.55807227690938099,600,platt,600,0
20260224,0.0026335680187040606,4128.2523763989675,0.65000000000000002,0.0072428074850665602,True,0.55784482522238776,600,platt,600,0
20260225,-0.0046085100043229766,4128.1179467505162,0.64166666666666672,-0.00014453018707305532,True,0.56019470891646561,600,platt,600,0
20260226,-0.0025555966875808831,4136.03398329622,0.65000000000000002,0.0039189403658310695,False,0.55955638362792215,600,platt,600,0
20260227,0.0038439736256221128,4178.8835066925913,0.64166666666666672,0.0047345570610164422,True,0.56009493993043036,600,platt,600,0
20260302,0.0057984893222990932,4206.8436086731954,0.64166666666666672,-0.014324829138799955,False,0.56016641817666979,600,platt,600,0
20260303,-0.0083357061897640847,4088.3105841484085,0.625,-0.009751433292356726,True,0.56141267240495585,600,platt,600,0
20260304,0.0053520101078212822,4104.3234421129173,0.625,0.0063914675267986443,True,0.56307732518816767,600,platt,600,0
20260305,0.0036653480974288659,4123.626328236609,0.625,0.0038035159217313375,True,0.56308482298811424,600,platt,600,0
20260306,-0.0045449933127020524,4105.4495658497144,0.6333333333333333,-0.0066902041950501756,True,0.56245569510626414,600,platt,600,0
20260309,-0.0056711472274553398,4073.3698652243675,0.6333333333333333,0.0064774898944914838,False,0.56250831819079417,600,platt,600,0
20260310,0.0027036664968942969,4134.2855900726718,0.65000000000000002,0.0024969089077300222,True,0.56115075016683069,600,platt,600,0
20260311,-0.0024469911959868742,4123.3186255950995,0.65833333333333333,-0.001047676325038438,True,0.56255573704351824,600,platt,600,0
20260312,0.0040041607793939431,4145.6361906850134,0.65833333333333333,-0.0081504634929633335,False,0.56249193938720154,600,platt,600,0
20260313,0.0050630430375078516,4116.1839320133968,0.6333333333333333,-0.0026035487932517531,False,0.56243167106994507,600,platt,600,0
20260316,0.0051637645471953025,4105.8786720969274,0.625,-0.0085386362242054759,False,0.5631042974217878,600,platt,600,0
20260317,0.0063672482023369829,4075.6940649755561,0.625,0.0032289874881827885,True,0.56312088583192288,600,platt,600,0
20260318,0.0045689697292457393,4081.5480527339973,0.625,-0.013889322341478882,False,0.56478291355651811,600,platt,600,0
20260319,-0.0052317559610115588,3985.5909961213702,0.625,-0.012354662136820127,True,0.56309530216708514,600,platt,600,0
20260320,0.0074152181597698678,3986.395109040207,0.625,-0.036332546190249171,False,0.56307632978958799,600,platt,600,0
20260323,0.012861019925764135,3862.3256073594757,0.6166666666666667,0.017831564503121511,True,0.56207000249085337,600,platt,600,0
20260324,0.008455685148460625,3914.0985791163121,0.6166666666666667,0.01302606457349631,True,0.56207591154097358,600,platt,600,0
20260325,-0.0046818794493597793,3913.4291108105276,0.65000000000000002,-0.010873796284815884,True,0.55923528080999207,600,platt,600,0
20260326,-0.0065040601333850685,3863.7886670522444,0.65833333333333333,0.0063357600833204852,False,0.55871643411195626,600,platt,600,0
20260327,0.0082255807054761789,3945.9164509758425,0.65000000000000002,0.0024434785101594692,True,0.55915105222204664,600,platt,600,0
20260330,-0.0058696619007282454,3900.258532357444,0.65833333333333333,-0.0080102222450263438,True,0.56012640347504716,600,platt,600,0
20260331,0.0065572562968337373,3917.380426770023,0.66666666666666663,0.014566709161338176,True,0.5597048822381625,600,platt,600,0
20260401,0.0029524255162524881,3960.2099059722923,0.67500000000000004,-0.0074120587138764016,False,0.55939622212989759,600,platt,600,0
20260402,-0.0059979536502512568,3895.7775090282839,0.66666666666666663,-0.0099988895934390865,True,0.5595923727584784,600,platt,600,0
20260403,0.0067247205270103104,3906.1892659252749,0.66666666666666663,0.0025947291468275679,True,0.56129659385242969,600,platt,600,0
20260407,0.0030924160633036546,3902.1945071886935,0.66666666666666663,0.026948217742463143,True,0.56160294438009251,600,platt,600,0
20260408,-0.0077113695634356107,3964.1905978724985,0.67500000000000004,-0.0072155990085099875,True,0.56137022056116592,600,platt,600,0
20260409,-0.0027041888859589201,3955.4459239211501,0.67500000000000004,0.0050561357512757255,False,0.56317243784981397,600,platt,600,0
20260410,0.0035171403279120393,4000.2448116484888,0.66666666666666663,0.00058534081131944582,True,0.56186805077748636,600,platt,600,0
20260413,-0.0028240657315900361,3977.2940500337409,0.67500000000000004,0.0095442011874968813,False,0.56154387008554962,600,platt,600,0
20260414,0.0038190761294514628,4042.0035897111979,0.64166666666666672,0.00014500975705322716,True,0.56197641927652764,600,platt,600,0
20260415,-0.0033110956058099335,4013.8750243208742,0.64166666666666672,0.0070364603579724516,False,0.56202659350943274,600,platt,600,0
20260416,0.0032125008861154983,4068.5752476886828,0.6333333333333333,-0.0010162378103983905,False,0.56091654616717546,600,platt,600,0
20260417,-0.0022376764319306658,4042.359620866695,0.625,0.0075779995850349113,False,0.55985250784182716,600,platt,600,0
20260420,-0.0034765466180961594,4067.9353948358566,0.59166666666666667,0.00072253997186910723,False,0.56067323747728859,600,platt,600,0
20260421,-0.0026954114985780048,4074.0656375597878,0.6166666666666667,0.0051850924900649353,False,0.55710234593519148,600,platt,600,0
20260422,0.0035320787252692671,4120.7617268754748,0.6166666666666667,-0.0031678476323735438,False,0.55543557527206899,600,platt,600,0
20260423,0.0048894821447955138,4113.2639732781327,0.6333333333333333,-0.0032613936783388864,False,0.55430820937200453,600,platt,600,0
20260424,0.0034657704987591073,4094.0403984441955,0.6333333333333333,0.0015794013010710373,True,0.55260588958756085,600,platt,600,0
20260427,0.0023874260873541567,4096.1000447449887,0.6333333333333333,-0.0018859889482633063,False,0.55430850305369617,600,platt,600,0
20260428,0.0029995811887104391,4090.8716040206109,0.60833333333333328,0.0070800606104381991,True,0.55434046934129988,600,platt,600,0
20260429,0.0054902310973608251,4130.0656032917377,0.6166666666666667,0.0011308298760925872,True,0.55378061193303807,600,platt,600,0
20260430,-0.0019349462813113083,4104.2024926543054,0.625,0.011676201357277094,False,0.55484100876342768,600,platt,600,0
20260506,0.0038994414332507539,4176.3960536953,0.65000000000000002,0.0047879010436511216,True,0.55309306525504776,600,platt,600,0
20260507,-0.0018310750513593666,4172.438137460198,0.59999999999999998,-3.3444238383029123e-05,True,0.55813543335728866,600,platt,600,0
20260508,-0.0030302001297512126,4167.2863076951662,0.60833333333333328,0.010782012732967861,False,0.5576324023009589,600,platt,600,0
20260511,-0.0045261289955932137,4205.8977113027486,0.54545454545454541,-0.0024926741779041084,True,0.56151146549340714,600,platt,600,0
20260512,0.003211708009503802,4228.0248083984361,0.54545454545454541,0.0066634173997508483,True,0.56374971919273642,600,platt,600,0
20260513,-0.0054652709434810662,4219.3851945227743,0.59090909090909083,-0.015239458517144922,True,0.56244828809571279,600,platt,600,0
20260514,0.0085056114898880032,4213.4532430918043,0.59090909090909083,-0.010179257967635635,False,0.56426694129731403,600,platt,600,0
20260515,-0.0084327269878944327,4100.5167902011672,0.54545454545454541,-0.00093384192550272083,True,0.56758854863358121,600,platt,600,0
20260518,0.0040188577425554727,4148.1316216838422,0.59090909090909083,0.0092000353573820082,True,0.56596856680168905,600,platt,600,0
20260519,-0.0066943092777729026,4141.6256244214355,0.59090909090909083,-0.0017635767686288162,True,0.56754056068227221,600,platt,600,0
20260520,-0.0032158380292345648,4148.7995888002097,0.63636363636363635,-0.020399864542285484,True,0.56375296043100909,600,platt,600,0
20260521,0.013770878208809319,4133.4241781051405,0.59166666666666667,0.0087369841118207781,True,0.56923350700421815,600,platt,600,0
20260522,0.0055787219266592485,4135.8443231806677,0.59999999999999998,0.0096450202674531749,True,0.56869380057298746,600,platt,600,0
20260525,-0.0036047434782377373,4137.5996554212152,0.625,-0.0017328070149160713,True,0.56646290859255077,600,platt,600,0
20260526,-0.0048560516116091332,4125.2428547626287,0.60833333333333328,-0.012458806481346674,True,0.56961840379887219,600,platt,600,0
20260527,0.0081557189435151785,4127.1138835811917,0.6166666666666667,0.0011992007477978905,True,0.57052525915255037,600,platt,600,0
20260528,0.0058861834648457944,4122.7611222743853,0.6166666666666667,-0.0073357823107873532,False,0.57217971397323342,600,platt,600,0
20260529,0.0061587233052177327,4093.6262913350592,0.6166666666666667,-0.0026616482930080787,False,0.57217971397323364,600,platt,600,0
20260601,0.0051213885126182215,4078.5212630231913,0.6166666666666667,0.0042786378624555255,True,0.5705225734687529,600,platt,600,0
20260602,0.0061299087215565219,4100.0816008390684,0.6166666666666667,0.0021772217900040136,True,0.57052094482323845,600,platt,600,0
20260603,-0.0050471200156299717,4063.3616930812877,0.6166666666666667,-0.0064135814772572353,True,0.57052094482323856,600,platt,600,0
20260604,0.0040254334359796475,4074.1154277158266,0.625,-0.0074042683081155802,False,0.5697341335122561,600,platt,600,0
20260605,0.0069470168095940666,4055.7169510860099,0.6166666666666667,-0.016981847023645691,False,0.57052380184019436,600,platt,600,0
20260608,0.0088112446413286215,3994.2244939734596,0.6166666666666667,0.01280337838312251,True,0.57052380184019436,600,platt,600,0
20260609,0.0061212958293993666,4034.5772841996736,0.6166666666666667,-0.0041907160461388537,False,0.57216587230749616,600,platt,600,0
20260610,-0.0047895167648678901,3974.100178084997,0.60833333333333328,-0.0015554091631883038,True,0.57128855914984256,600,platt,600,0
20260611,0.0043683818995932655,4004.4315028488923,0.60833333333333328,0.011160781524081065,True,0.57130748377294127,600,platt,600,0
20260612,0.0057708152584873742,4054.778016158109,0.6333333333333333,0.016112760050947639,True,0.56886027619233226,600,platt,600,0
20260615,-0.0050258937679040572,4075.8832684125746,0.64166666666666672,-0.0011180353082873573,True,0.56803691356692509,600,platt,600,0
20260616,-0.0028407339836337936,4080.2677241904607,0.6166666666666667,0.0039552610837672031,False,0.57215863933157352,600,platt,600,0
20260617,0.0039329518148305005,4124.2330657462526,0.6166666666666667,-0.0042830023454775157,False,0.57214391940534948,600,platt,600,0
20260618,0.0040561473064118113,4107.0728947069229,0.68333333333333335,0.017752238593536696,True,0.56620453059255771,600,platt,600,0
20260622,0.010113383418417487,4205.199491112372,0.67500000000000004,-0.013654451680377822,False,0.56892669900483961,600,platt,600,0
20260623,-0.009765042136718232,4066.1539791255291,0.64166666666666672,0.0011109158262265773,False,0.56987595862849627,600,platt,600,0
20260624,-0.0044359547634359635,4092.5780177166739,0.6333333333333333,0.0023029992069210081,False,0.57063846219581682,600,platt,600,0
20260625,0.0042453226794921277,4137.772520677051,0.625,-0.022575112966820798,False,0.57138879904684259,600,platt,600,0
20260626,-0.010165022604596761,3986.3275622733031,0.68333333333333335,0.011580291417639055,False,0.56612437537507809,600,platt,600,0
20260629,-0.0090496752673600838,4037.0342125438538,0.66666666666666663,0.0050309264948635857,False,0.56739330466891513,600,platt,600,0
20260630,-0.0049213893246320495,4074.2470773291166,0.6166666666666667,0.0044079993020706976,False,0.57054015881431441,600,platt,600,0
20260701,0.0060404693361965313,4137.2863997314362,0.66666666666666663,-0.020314312752074848,False,0.56550830445824307,600,platt,600,0
20260702,0.0082430961405186211,4062.114441364301,0.65833333333333333,0.0036584144798890161,True,0.5644249332165352,600,platt,600,0
20260703,0.0050277295017274754,4063.9735442111,0.60833333333333328,-0.00059476068511687963,False,0.56977485219227919,600,platt,600,0
20260706,0.0058971620501214123,4065.0700365485404,0.625,-0.012620612167825174,False,0.56634494209062325,600,platt,600,0
20260707,0.0062070692038505579,4015.0029666467472,0.64166666666666672,-0.0048507415089029671,False,0.56464197762121182,600,platt,600,0
20260708,0.005283310516677589,3991.8590904794719,0.6333333333333333,0.016547517166032533,True,0.56376222831663336,600,platt,600,0
20260709,-0.01100253943103837,3992.1751824633975,0.625,-0.010014968335013807,True,0.56634996734031484,600,platt,600,0
20260710,0.0086479910079560653,4030.720369583139,0.60833333333333328,-0.020611678967136893,False,0.56808849320959276,600,platt,600,0
20260713,0.0092360501603652133,3949.9419977013363,0.6166666666666667,0.013626726393877631,True,0.56720916390554665,600,platt,600,0
20260714,0.010853486262993662,4010.1833497152625,0.625,-0.0029109484845730726,False,0.56799526063216477,600,platt,600,0
20260715,0.0042022519743956767,3972.2004358806012,0.6166666666666667,-0.018496790646100547,False,0.56722031254794769,600,platt,600,0
20260716,0.0082482827235779137,3914.4358367743812,0.64166666666666672,-0.030459900114686467,False,0.56456902765850414,600,platt,600,0
20260717,0.014485568281889447,3818.6806199304451,0.6166666666666667,0.0085349042641631456,True,0.56556164227024674,600,platt,600,0
20260720,0.010525213037506042,3836.2380704853213,0.625,0.01793484013066049,True,0.56463878056501027,600,platt,600,0
20260721,-0.013803586785986184,3811.0249733622404,0.6333333333333333,0.00069002243601556934,False,0.5637007064539874,600,platt,600,0
20260722,-0.0050936752034096058,3847.3361868409283,0.6333333333333333,0.0025197091641508962,False,0.56198851919651815,600,platt,600,0
20260723,0.0030563155377635359,3888.6260550040711,0.6333333333333333,-0.016142170040508441,False,0.56031282921943426,600,platt,600,0
20260724,-0.0060140859045291952,3791.2588867739337,0.65000000000000002,0.011548221227540845,False,0.55667327986886295,600,platt,600,0
20260727,0.0075369462060424115,3887.3243850147319,0.66666666666666663,-0.011645294687092078,False,0.55452052101019966,600,platt,600,0
20260728,0.0054915611205594303,3834.255650197822,0.65000000000000002,0.0039740754670489764,True,0.55647029899109168,600,platt,600,0
20260729,0.0074071255622076126,3856.8269505940198,0.65000000000000002,-0.0062104198832484414,False,0.55820984572068522,600,platt,600,0
20260730,0.0084429708931491234,3836.8155088791796,0.66666666666666663,0.0072462621553184281,True,0.55584534893391691,600,platt,600,0
20260731,0.0028171919714554232,3843.0586188657908,0.65833333333333333,-0.0058971692543809962,False,0.55868400317140776,600,platt,600,0
20260803,0.0034385175524139534,3822.7624927504298,0.65833333333333333,0.0033130752854799717,True,0.55845042110373022,600,platt,600,0
20260804,-0.0037040072378316424,3808.1268301765476,0.66666666666666663,0.014688859118444419,False,0.55755954269355046,600,platt,600,0
20260805,-0.0078012449075878553,3848.1730208335621,0.67500000000000004,0.0056524682051726227,False,0.55458275744280894,600,platt,600,0
20260806,0.0042306709209792076,3916.8534070571841,0.65000000000000002,0.010174670631676097,True,0.55622765611504987,600,platt,600,0
20260807,-0.0061470533998613779,3915.8174815488651,0.65833333333333333,0.0067401395788886376,False,0.55529968239266281,600,platt,600,0
20260810,0.0032025855393445729,3979.2968549835578,0.6166666666666667,-0.0081935797051045922,False,0.55920983981952954,600,platt,600,0
20260811,0.0040217834440804331,3949.9149696926943,0.59999999999999998,0.0031982722116197237,True,0.55974382070262285,600,platt,600,0
20260812,0.0025691389697533209,3956.8147570572792,0.65833333333333333,-0.004994178390965609,False,0.55206306912095826,600,platt,600,0
20260813,0.0049102027928565363,3946.2469935284093,0.65000000000000002,5.3883854522762675e-05,True,0.55144292010459084,600,platt,600,0
20260814,0.003241148413089407,3939.9049615567819,0.59166666666666667,0.014126459916595557,True,0.56092249429592156,600,platt,600,0
20260817,0.006520279211817883,4008.6215128239241,0.59999999999999998,0.0019208801368233441,True,0.55985404691227592,600,platt,600,0
20260818,-0.0042425844239974723,3973.3744996753603,0.59999999999999998,-0.024028572060818321,True,0.56157491962306827,600,platt,600,0
20260819,0.0092034640725047606,3930.2645766415576,0.59999999999999998,0.0023876711473311829,True,0.56157491962306816,600,platt,600,0
20260820,0.004152409306177619,3919.9308474091208,0.60833333333333328,0.00037953532027512615,True,0.56043645425242949,600,platt,600,0
20260821,0.0031782504873089394,3917.6143120664906,0.60833333333333328,-0.0059394357670456976,False,0.5604481750347684,600,platt,600,0
20260824,0.0061912380517047854,3906.0423350274991,0.625,0.0019157611709135214,True,0.55643291816272422,600,platt,600,0
20260825,0.0050772678518715419,3909.1926535523958,0.60833333333333328,0.0059336487836605389,True,0.56041424521529715,600,platt,600,0
20260826,0.0049892468482652845,3932.0440455411385,0.6166666666666667,0.011258079344443672,True,0.56092680253599736,600,platt,600,0
20260827,0.0053610257127550045,3977.7822788653407,0.6166666666666667,-0.0011100521133071695,False,0.56092188348211436,600,platt,600,0
20260828,0.0024735447741291313,3961.9548917118727,0.6333333333333333,0.0086329591853000487,True,0.55693827295625475,600,platt,600,0
20260831,0.0065237068800539496,4012.3034396885446,0.6166666666666667,-0.0016080834899948604,False,0.56090247942816163,600,platt,600,0
20260901,0.0020393215282901956,3988.0039706667872,0.64166666666666672,-0.0096740166814255346,False,0.55745193958254313,600,platt,600,0
20260902,0.003702805877142697,3955.9803879854489,0.64166666666666672,0.00017803380952630121,True,0.55736605666072425,600,platt,600,0
20260903,0.0041554229058936576,3958.4689423567065,0.65000000000000002,-0.0030368424813662642,False,0.55628319828644301,600,platt,600,0
20260904,0.0071801610607248887,3958.3352687393963,0.64166666666666672,0.00065718155319771654,True,0.55577456574117778,600,platt,600,0
20260907,0.0035225535911220761,3946.5523436897629,0.65000000000000002,0.0019965167943687412,True,0.55624456137722966,600,platt,600,0
20260908,0.0028189261759048664,3951.6590220794956,0.65000000000000002,0.0027802965316345851,True,0.55639051908665638,600,platt,600,0
20260909,-0.0027010698591047985,3940.8335040844727,0.65000000000000002,-0.0043282729514726448,True,0.5565502249416846,600,platt,600,0
20260910,0.002417335064591557,3943.914371780535,0.65000000000000002,-0.011766205175290145,False,0.55669802044812378,600,platt,600,0
20260911,0.0067727565426091247,3914.4438265045383,0.65000000000000002,-0.00071443440935037295,False,0.55653405756428442,600,platt,600,0
