model,signal_date,target_date,train_last_label_signal_date,probability_up,predicted_up,actual_up,actual_return,train_up_prior,correct
logistic_l2,2023-01-03,2023-01-04,2022-12-30,0.41383705461500053,0,1,0.0022475447631051804,0.510989010989011,False
logistic_l2,2023-01-04,2023-01-05,2022-12-30,0.33387137332587,0,1,0.0101487541413261,0.510989010989011,False
logistic_l2,2023-01-05,2023-01-06,2023-01-04,0.4523412290014852,0,1,0.0007670789722746818,0.5123287671232877,False
logistic_l2,2023-01-06,2023-01-09,2023-01-04,0.5962230682603616,1,1,0.005842344424382029,0.5123287671232877,True
logistic_l2,2023-01-09,2023-01-10,2023-01-04,0.511193772745525,1,0,-0.0020708831896631974,0.5123287671232877,False
logistic_l2,2023-01-10,2023-01-11,2023-01-04,0.5697712880790113,1,0,-0.0024198083538033988,0.5123287671232877,False
logistic_l2,2023-01-11,2023-01-12,2023-01-04,0.5898956211102404,1,1,0.0005102412597028927,0.5123287671232877,True
logistic_l2,2023-01-12,2023-01-13,2023-01-11,0.49597710371308296,0,1,0.010069699517068598,0.5129251700680272,False
logistic_l2,2023-01-13,2023-01-16,2023-01-11,0.4319782602760557,0,1,0.01010410302187359,0.5129251700680272,False
logistic_l2,2023-01-16,2023-01-17,2023-01-11,0.5964437477903719,1,0,-0.0010369341647810115,0.5129251700680272,False
logistic_l2,2023-01-17,2023-01-18,2023-01-11,0.4583074606220861,0,1,4.999620376211489e-05,0.5129251700680272,False
logistic_l2,2023-01-18,2023-01-19,2023-01-11,0.44479131826806223,0,1,0.004922891223996029,0.5129251700680272,False
logistic_l2,2023-01-19,2023-01-20,2023-01-18,0.3909087409597576,0,1,0.007571692737360802,0.5148648648648648,False
logistic_l2,2023-01-20,2023-01-30,2023-01-18,0.34524675240531155,0,1,0.0013796192603694468,0.5148648648648648,False
logistic_l2,2023-01-30,2023-01-31,2023-01-18,0.5698307630924369,1,0,-0.0041748156649186186,0.5148648648648648,False
logistic_l2,2023-01-31,2023-02-01,2023-01-18,0.6712101656121093,1,1,0.008984973043330235,0.5148648648648648,True
logistic_l2,2023-02-01,2023-02-02,2023-01-18,0.45254626135255926,0,1,0.00022807243509914699,0.5148648648648648,False
logistic_l2,2023-02-02,2023-02-03,2023-02-01,0.49305710867259317,0,0,-0.006776272909897685,0.5167785234899329,True
logistic_l2,2023-02-03,2023-02-06,2023-02-01,0.45438636284155454,0,0,-0.007571261668675722,0.5167785234899329,True
logistic_l2,2023-02-06,2023-02-07,2023-02-01,0.46949402659435263,0,1,0.0029012277712356926,0.5167785234899329,False
logistic_l2,2023-02-07,2023-02-08,2023-02-01,0.4330685509158917,0,0,-0.004922178976347391,0.5167785234899329,True
logistic_l2,2023-02-08,2023-02-09,2023-02-01,0.5017128910222624,1,1,0.011842525105068447,0.5167785234899329,True
logistic_l2,2023-02-09,2023-02-10,2023-02-08,0.43172433383528197,0,0,-0.002968826950094372,0.516,True
logistic_l2,2023-02-10,2023-02-13,2023-02-08,0.47265524105598056,0,1,0.007202959977530954,0.516,False
logistic_l2,2023-02-13,2023-02-14,2023-02-08,0.4427845558794808,0,1,0.0027777575629004403,0.516,False
logistic_l2,2023-02-14,2023-02-15,2023-02-08,0.3971929002428498,0,0,-0.0038838453731193656,0.516,True
logistic_l2,2023-02-15,2023-02-16,2023-02-08,0.47258804003461535,0,0,-0.009590756800832212,0.516,True
logistic_l2,2023-02-16,2023-02-17,2023-02-15,0.5575734623995174,1,0,-0.007696205897791963,0.5152317880794702,False
logistic_l2,2023-02-17,2023-02-20,2023-02-15,0.48778124957363955,0,1,0.02056870352993312,0.5152317880794702,False
logistic_l2,2023-02-20,2023-02-21,2023-02-15,0.5016165658402165,1,1,0.004919038264241671,0.5152317880794702,True
logistic_l2,2023-02-21,2023-02-22,2023-02-15,0.5158794828608552,1,0,-0.004650170952960941,0.5152317880794702,False
logistic_l2,2023-02-22,2023-02-23,2023-02-15,0.4967786564380317,0,0,-0.0011153252101083755,0.5152317880794702,True
logistic_l2,2023-02-23,2023-02-24,2023-02-22,0.4338165975333035,0,0,-0.0061802105383550465,0.5158730158730159,True
logistic_l2,2023-02-24,2023-02-27,2023-02-22,0.40428017001898253,0,0,-0.002793037634493345,0.5158730158730159,True
logistic_l2,2023-02-27,2023-02-28,2023-02-22,0.43446162865137045,0,1,0.0066208324872198965,0.5158730158730159,False
logistic_l2,2023-02-28,2023-03-01,2023-02-22,0.30753409972517437,0,1,0.009983670900885588,0.5158730158730159,False
logistic_l2,2023-03-01,2023-03-02,2023-02-22,0.5248948350301055,1,0,-0.0005114801048368145,0.5158730158730159,False
logistic_l2,2023-03-02,2023-03-03,2023-03-01,0.4961457725769962,0,1,0.005358186673471321,0.5158730158730159,False
logistic_l2,2023-03-03,2023-03-06,2023-03-01,0.3857349179506353,0,0,-0.0019128752445586317,0.5158730158730159,True
logistic_l2,2023-03-06,2023-03-07,2023-03-01,0.5533540092975818,1,0,-0.011115837477365775,0.5158730158730159,False
logistic_l2,2023-03-07,2023-03-08,2023-03-01,0.5937875853848841,1,0,-0.0005634229326680895,0.5158730158730159,False
logistic_l2,2023-03-08,2023-03-09,2023-03-01,0.45254651546690167,0,0,-0.0021790008607025513,0.5158730158730159,True
logistic_l2,2023-03-09,2023-03-10,2023-03-08,0.37080267201220124,0,0,-0.0140463320691957,0.5132275132275133,True
logistic_l2,2023-03-10,2023-03-13,2023-03-08,0.498403850179865,0,1,0.011956032250133086,0.5132275132275133,False
logistic_l2,2023-03-13,2023-03-14,2023-03-08,0.47724903291918874,0,0,-0.00715367950303103,0.5132275132275133,True
logistic_l2,2023-03-14,2023-03-15,2023-03-08,0.45375177734884775,0,1,0.0055472319258766944,0.5132275132275133,False
logistic_l2,2023-03-15,2023-03-16,2023-03-08,0.467153150345839,0,0,-0.011161534277967955,0.5132275132275133,True
logistic_l2,2023-03-16,2023-03-17,2023-03-15,0.558923594087368,1,1,0.007330522950386387,0.5119047619047619,True
logistic_l2,2023-03-17,2023-03-20,2023-03-15,0.5306820430420933,1,0,-0.004810176505731567,0.5119047619047619,False
logistic_l2,2023-03-20,2023-03-21,2023-03-15,0.6770138183603321,1,1,0.0064113678824417875,0.5119047619047619,True
logistic_l2,2023-03-21,2023-03-22,2023-03-15,0.34017839177759646,0,1,0.003101377128779559,0.5119047619047619,False
logistic_l2,2023-03-22,2023-03-23,2023-03-15,0.4720825117628213,0,1,0.006400249866225227,0.5119047619047619,False
logistic_l2,2023-03-23,2023-03-24,2023-03-22,0.44252313276402777,0,0,-0.006388086881559785,0.5119047619047619,True
logistic_l2,2023-03-24,2023-03-27,2023-03-22,0.5512784709943339,1,0,-0.004365619048951719,0.5119047619047619,False
logistic_l2,2023-03-27,2023-03-28,2023-03-22,0.44328095796080463,0,0,-0.0018518500862290121,0.5119047619047619,True
logistic_l2,2023-03-28,2023-03-29,2023-03-22,0.5813783628711223,1,0,-0.001639008854444124,0.5119047619047619,False
logistic_l2,2023-03-29,2023-03-30,2023-03-22,0.4844489690516703,0,1,0.006540533486943945,0.5119047619047619,False
logistic_l2,2023-03-30,2023-03-31,2023-03-29,0.5445459749711682,1,1,0.0035605075786160345,0.5079365079365079,True
logistic_l2,2023-03-31,2023-04-03,2023-03-29,0.47075431670546075,0,1,0.007191202361775284,0.5079365079365079,False
logistic_l2,2023-04-03,2023-04-04,2023-03-29,0.515212153790234,1,1,0.004902869679492383,0.5079365079365079,True
logistic_l2,2023-04-04,2023-04-06,2023-03-29,0.4775879154073983,0,1,2.1192083048404697e-05,0.5079365079365079,False
logistic_l2,2023-04-06,2023-04-07,2023-03-29,0.4323271164268459,0,1,0.0045334701028911795,0.5079365079365079,False
logistic_l2,2023-04-07,2023-04-10,2023-04-06,0.42261303065454675,0,0,-0.0036926707672033654,0.5119047619047619,True
logistic_l2,2023-04-10,2023-04-11,2023-04-06,0.5296707960621536,1,0,-0.000539097167732705,0.5119047619047619,False
logistic_l2,2023-04-11,2023-04-12,2023-04-06,0.411646376248274,0,1,0.004107683841342746,0.5119047619047619,False
logistic_l2,2023-04-12,2023-04-13,2023-04-06,0.5371992071419045,1,0,-0.0026502310544155305,0.5119047619047619,False
logistic_l2,2023-04-13,2023-04-14,2023-04-06,0.4995900100009323,0,1,0.005963390752997011,0.5119047619047619,False
logistic_l2,2023-04-14,2023-04-17,2023-04-13,0.37815498742686154,0,1,0.014216546428001742,0.5092592592592593,False
logistic_l2,2023-04-17,2023-04-18,2023-04-13,0.4795071698189976,0,1,0.0022807414735810383,0.5092592592592593,False
logistic_l2,2023-04-18,2023-04-19,2023-04-13,0.4703610116967437,0,0,-0.006837794082699689,0.5092592592592593,True
logistic_l2,2023-04-19,2023-04-20,2023-04-13,0.41232556546718213,0,0,-0.0009190451295281177,0.5092592592592593,True
logistic_l2,2023-04-20,2023-04-21,2023-04-13,0.42453474871192787,0,0,-0.019534569179790684,0.5092592592592593,True
logistic_l2,2023-04-21,2023-04-24,2023-04-20,0.5835378595929341,1,0,-0.007828683463801389,0.5105820105820106,False
logistic_l2,2023-04-24,2023-04-25,2023-04-20,0.5630625636258694,1,0,-0.0032183117060351485,0.5105820105820106,False
logistic_l2,2023-04-25,2023-04-26,2023-04-20,0.563932445318365,1,0,-0.00023618079693599192,0.5105820105820106,False
logistic_l2,2023-04-26,2023-04-27,2023-04-20,0.5744588511578573,1,1,0.006673752641079611,0.5105820105820106,True
logistic_l2,2023-04-27,2023-04-28,2023-04-20,0.4966285692107697,0,1,0.011379036949687116,0.5105820105820106,False
logistic_l2,2023-04-28,2023-05-04,2023-04-27,0.5350350542040905,1,1,0.008179913871697586,0.5132275132275133,True
logistic_l2,2023-05-04,2023-05-05,2023-04-27,0.5500630544220954,1,0,-0.004762303143745594,0.5132275132275133,False
logistic_l2,2023-05-05,2023-05-08,2023-04-27,0.5790004609319085,1,1,0.018143874403104387,0.5132275132275133,True
logistic_l2,2023-05-08,2023-05-09,2023-04-27,0.5236473435871128,1,0,-0.010996424274778316,0.5132275132275133,False
logistic_l2,2023-05-09,2023-05-10,2023-04-27,0.6583208430165445,1,0,-0.011472268558081145,0.5132275132275133,False
logistic_l2,2023-05-10,2023-05-11,2023-05-09,0.43937691046293975,0,0,-0.002892125473306306,0.5119047619047619,True
logistic_l2,2023-05-11,2023-05-12,2023-05-09,0.49279153212892574,0,0,-0.011236961676253876,0.5119047619047619,True
logistic_l2,2023-05-12,2023-05-15,2023-05-09,0.5074659941315448,1,1,0.01172694254874429,0.5119047619047619,True
logistic_l2,2023-05-15,2023-05-16,2023-05-09,0.4636578605966863,0,0,-0.005965228222467811,0.5119047619047619,True
logistic_l2,2023-05-16,2023-05-17,2023-05-09,0.5804819174281186,1,0,-0.0020526970112374476,0.5119047619047619,False
logistic_l2,2023-05-17,2023-05-18,2023-05-16,0.4364997696359935,0,1,0.003985071700172149,0.5092592592592593,False
logistic_l2,2023-05-18,2023-05-19,2023-05-16,0.5389389369401839,1,0,-0.004178605782229283,0.5092592592592593,False
logistic_l2,2023-05-19,2023-05-22,2023-05-16,0.46835146606680683,0,1,0.003937181610941476,0.5092592592592593,False
logistic_l2,2023-05-22,2023-05-23,2023-05-16,0.4208385765476846,0,0,-0.015237998857929758,0.5092592592592593,True
logistic_l2,2023-05-23,2023-05-24,2023-05-16,0.47998787254546094,0,0,-0.012780517016928394,0.5092592592592593,True
logistic_l2,2023-05-24,2023-05-25,2023-05-23,0.5086820139526969,1,0,-0.0010886654663232465,0.5092592592592593,False
logistic_l2,2023-05-25,2023-05-26,2023-05-23,0.5148448869331674,1,1,0.0035121477930333267,0.5092592592592593,True
logistic_l2,2023-05-26,2023-05-29,2023-05-23,0.5684682110466862,1,1,0.0027843079905462975,0.5092592592592593,True
logistic_l2,2023-05-29,2023-05-30,2023-05-23,0.5289507749146489,1,1,0.0008582785308619556,0.5092592592592593,True
logistic_l2,2023-05-30,2023-05-31,2023-05-23,0.4790497299881883,0,0,-0.00609416876978941,0.5092592592592593,True
logistic_l2,2023-05-31,2023-06-01,2023-05-30,0.4915739180913466,0,1,2.187504797834805e-05,0.5092592592592593,False
logistic_l2,2023-06-01,2023-06-02,2023-05-30,0.5587511152305276,1,1,0.007936661731626549,0.5092592592592593,True
logistic_l2,2023-06-02,2023-06-05,2023-05-30,0.4401683057327978,0,1,0.0007344735650505196,0.5092592592592593,False
logistic_l2,2023-06-05,2023-06-06,2023-05-30,0.5599683593343486,1,0,-0.011477579946548078,0.5092592592592593,False
logistic_l2,2023-06-06,2023-06-07,2023-05-30,0.46338310853712034,0,1,0.0007568207756518675,0.5092592592592593,False
logistic_l2,2023-06-07,2023-06-08,2023-06-06,0.5160400368023257,1,1,0.004949341549755015,0.5119047619047619,True
logistic_l2,2023-06-08,2023-06-09,2023-06-06,0.5568944271067336,1,1,0.005545207992754486,0.5119047619047619,True
logistic_l2,2023-06-09,2023-06-12,2023-06-06,0.5337872436226822,1,0,-0.0007959075393044746,0.5119047619047619,False
logistic_l2,2023-06-12,2023-06-13,2023-06-06,0.5282711230479851,1,1,0.0014989313788111858,0.5119047619047619,True
logistic_l2,2023-06-13,2023-06-14,2023-06-06,0.45198933237363603,0,0,-0.0014487239187482848,0.5119047619047619,True
logistic_l2,2023-06-14,2023-06-15,2023-06-13,0.6038732888218317,1,1,0.007428455850588822,0.5105820105820106,True
logistic_l2,2023-06-15,2023-06-16,2023-06-13,0.48082524567243995,0,1,0.006258578493269162,0.5105820105820106,False
logistic_l2,2023-06-16,2023-06-19,2023-06-13,0.5468296790727166,1,0,-0.005354907096101202,0.5105820105820106,False
logistic_l2,2023-06-19,2023-06-20,2023-06-13,0.580597504127282,1,0,-0.004742574165282676,0.5105820105820106,False
logistic_l2,2023-06-20,2023-06-21,2023-06-13,0.4670303703680058,0,0,-0.013104604765488026,0.5105820105820106,True
logistic_l2,2023-06-21,2023-06-26,2023-06-20,0.5296174916231122,1,0,-0.014785385326644418,0.5105820105820106,False
logistic_l2,2023-06-26,2023-06-27,2023-06-20,0.45435528110559115,0,1,0.012322594776537521,0.5105820105820106,False
logistic_l2,2023-06-27,2023-06-28,2023-06-20,0.4837434429063734,0,0,-2.0975451291316283e-05,0.5105820105820106,True
logistic_l2,2023-06-28,2023-06-29,2023-06-20,0.45591380140130316,0,0,-0.00219309370817955,0.5105820105820106,True
logistic_l2,2023-06-29,2023-06-30,2023-06-20,0.43111070457457346,0,1,0.006184394251700587,0.5105820105820106,False
logistic_l2,2023-06-30,2023-07-03,2023-06-29,0.46147801490116336,0,1,0.013089283116071826,0.5105820105820106,False
logistic_l2,2023-07-03,2023-07-04,2023-06-29,0.5057580870399578,1,1,0.00042361608828689334,0.5105820105820106,True
logistic_l2,2023-07-04,2023-07-05,2023-06-29,0.44198481697561715,0,0,-0.006902893531457344,0.5105820105820106,True
logistic_l2,2023-07-05,2023-07-06,2023-06-29,0.40409979764316517,0,0,-0.005390129139266953,0.5105820105820106,True
logistic_l2,2023-07-06,2023-07-07,2023-06-29,0.45433506919829186,0,0,-0.0027968774898030624,0.5105820105820106,True
logistic_l2,2023-07-07,2023-07-10,2023-07-06,0.4191867923848312,0,1,0.002216911594948856,0.5105820105820106,False
logistic_l2,2023-07-10,2023-07-11,2023-07-06,0.39013173319523686,0,1,0.005515754648116156,0.5105820105820106,False
logistic_l2,2023-07-11,2023-07-12,2023-07-06,0.3863067677432665,0,0,-0.007832979953290575,0.5105820105820106,True
logistic_l2,2023-07-12,2023-07-13,2023-07-06,0.500565212165193,1,1,0.012623470663946312,0.5105820105820106,True
logistic_l2,2023-07-13,2023-07-14,2023-07-06,0.4454424472920694,0,1,0.0003773235119635121,0.5105820105820106,False
logistic_l2,2023-07-14,2023-07-17,2023-07-13,0.6004658823613982,1,0,-0.008670163880471704,0.5092592592592593,False
logistic_l2,2023-07-17,2023-07-18,2023-07-13,0.42362472558824693,0,0,-0.003679458609214148,0.5092592592592593,True
logistic_l2,2023-07-18,2023-07-19,2023-07-13,0.46359436145687494,0,1,0.0003176226204844035,0.5092592592592593,False
logistic_l2,2023-07-19,2023-07-20,2023-07-13,0.4366555730744656,0,0,-0.009163896440073538,0.5092592592592593,True
logistic_l2,2023-07-20,2023-07-21,2023-07-13,0.4446883425307373,0,0,-0.000560589262355693,0.5092592592592593,True
logistic_l2,2023-07-21,2023-07-24,2023-07-20,0.45740100126019073,0,0,-0.0011315304021294326,0.5066137566137566,True
logistic_l2,2023-07-24,2023-07-25,2023-07-20,0.45789399734217145,0,1,0.021288583058104882,0.5066137566137566,False
logistic_l2,2023-07-25,2023-07-26,2023-07-20,0.4732535060731023,0,0,-0.0026282976999099095,0.5066137566137566,True
logistic_l2,2023-07-26,2023-07-27,2023-07-20,0.5136200068501149,1,0,-0.0019723689019259805,0.5066137566137566,False
logistic_l2,2023-07-27,2023-07-28,2023-07-20,0.4028941787877237,0,1,0.01842115710376202,0.5066137566137566,False
logistic_l2,2023-07-28,2023-07-31,2023-07-27,0.5344274630666314,1,1,0.00461368827748454,0.5066137566137566,True
logistic_l2,2023-07-31,2023-08-01,2023-07-27,0.5331223401059286,1,0,-2.7498907791967397e-05,0.5066137566137566,False
logistic_l2,2023-08-01,2023-08-02,2023-07-27,0.4997443838390306,0,0,-0.008890747724372372,0.5066137566137566,True
logistic_l2,2023-08-02,2023-08-03,2023-07-27,0.48698052345744947,0,1,0.005755390081026324,0.5066137566137566,False
logistic_l2,2023-08-03,2023-08-04,2023-07-27,0.422609516015007,0,1,0.0023233308619339255,0.5066137566137566,False
logistic_l2,2023-08-04,2023-08-07,2023-08-03,0.5066143137445087,1,0,-0.0058554157463485135,0.5052910052910053,False
logistic_l2,2023-08-07,2023-08-08,2023-08-03,0.4621948501658266,0,0,-0.002512060044949971,0.5052910052910053,True
logistic_l2,2023-08-08,2023-08-09,2023-08-03,0.4806988351751084,0,0,-0.0049478019453725874,0.5052910052910053,True
logistic_l2,2023-08-09,2023-08-10,2023-08-03,0.5210255462048881,1,1,0.0031046513459278557,0.5052910052910053,True
logistic_l2,2023-08-10,2023-08-11,2023-08-03,0.37525857155551157,0,0,-0.020067752943662365,0.5052910052910053,True
logistic_l2,2023-08-11,2023-08-14,2023-08-10,0.49370882572622077,0,0,-0.0033929001444854556,0.5013227513227513,True
logistic_l2,2023-08-14,2023-08-15,2023-08-10,0.4908976164294948,0,0,-0.0007083377590023643,0.5013227513227513,True
logistic_l2,2023-08-15,2023-08-16,2023-08-10,0.5313834272581872,1,0,-0.008201088869199236,0.5013227513227513,False
logistic_l2,2023-08-16,2023-08-17,2023-08-10,0.561325074007524,1,1,0.0043209676864846,0.5013227513227513,True
logistic_l2,2023-08-17,2023-08-18,2023-08-10,0.4859098065611415,0,0,-0.010047066773169355,0.5013227513227513,True
logistic_l2,2023-08-18,2023-08-21,2023-08-17,0.6047278118119331,1,0,-0.012444407690664572,0.4973544973544973,False
logistic_l2,2023-08-21,2023-08-22,2023-08-17,0.5825351253159541,1,1,0.008844583651540727,0.4973544973544973,True
logistic_l2,2023-08-22,2023-08-23,2023-08-17,0.5241525395996173,1,0,-0.013438209719742189,0.4973544973544973,False
logistic_l2,2023-08-23,2023-08-24,2023-08-17,0.6615175454798252,1,1,0.0012479851153948118,0.4973544973544973,True
logistic_l2,2023-08-24,2023-08-25,2023-08-17,0.6196266564642802,1,0,-0.0058947963203040965,0.4973544973544973,False
logistic_l2,2023-08-25,2023-08-28,2023-08-24,0.7202667352874976,1,1,0.01127962056538645,0.4973544973544973,True
logistic_l2,2023-08-28,2023-08-29,2023-08-24,0.552968258143834,1,1,0.012021546381548509,0.4973544973544973,True
logistic_l2,2023-08-29,2023-08-30,2023-08-24,0.7266422949776888,1,1,0.0003988664513931983,0.4973544973544973,True
logistic_l2,2023-08-30,2023-08-31,2023-08-24,0.6172202085200077,1,0,-0.005502181526949257,0.4973544973544973,False
logistic_l2,2023-08-31,2023-09-01,2023-08-24,0.6309422603579858,1,1,0.004285522336718195,0.4973544973544973,True
logistic_l2,2023-09-01,2023-09-04,2023-08-31,0.6055719113177437,1,1,0.013983450457316415,0.49867724867724866,True
logistic_l2,2023-09-04,2023-09-05,2023-08-31,0.49897218760188095,0,0,-0.00714213702522426,0.49867724867724866,True
logistic_l2,2023-09-05,2023-09-06,2023-08-31,0.5130894925608994,1,1,0.0011753855200151708,0.49867724867724866,True
logistic_l2,2023-09-06,2023-09-07,2023-08-31,0.41840720233957135,0,0,-0.011312137459350669,0.49867724867724866,True
logistic_l2,2023-09-07,2023-09-08,2023-08-31,0.5453028288779002,1,0,-0.0018041525935430514,0.49867724867724866,False
logistic_l2,2023-09-08,2023-09-11,2023-09-07,0.40035697853836294,0,1,0.008361324573651796,0.49603174603174605,False
logistic_l2,2023-09-11,2023-09-12,2023-09-07,0.4633250563901816,0,0,-0.0018199497960245115,0.49603174603174605,True
logistic_l2,2023-09-12,2023-09-13,2023-09-07,0.49594331383241635,0,0,-0.004460355594808174,0.49603174603174605,True
logistic_l2,2023-09-13,2023-09-14,2023-09-07,0.3890944697165405,0,1,0.0011156341223430566,0.49603174603174605,False
logistic_l2,2023-09-14,2023-09-15,2023-09-07,0.4455349282425723,0,0,-0.002817065743784042,0.49603174603174605,True
logistic_l2,2023-09-15,2023-09-18,2023-09-14,0.49010636223868853,0,1,0.0026264188387024046,0.4933862433862434,False
logistic_l2,2023-09-18,2023-09-19,2023-09-14,0.4092804300535195,0,0,-0.00031197096776158784,0.4933862433862434,True
logistic_l2,2023-09-19,2023-09-20,2023-09-14,0.43227745663863726,0,0,-0.00524448866763505,0.4933862433862434,True
logistic_l2,2023-09-20,2023-09-21,2023-09-14,0.5463317887009499,1,0,-0.007677779854832867,0.4933862433862434,False
logistic_l2,2023-09-21,2023-09-22,2023-09-14,0.5179616812520567,1,1,0.015473331126744538,0.4933862433862434,True
logistic_l2,2023-09-22,2023-09-25,2023-09-21,0.44014003721523143,0,0,-0.0053710670011117845,0.49206349206349204,True
logistic_l2,2023-09-25,2023-09-26,2023-09-21,0.4497101619980202,0,0,-0.004279904227975417,0.49206349206349204,True
logistic_l2,2023-09-26,2023-09-27,2023-09-21,0.46745400623357547,0,1,0.0016255824842730249,0.49206349206349204,False
logistic_l2,2023-09-27,2023-09-28,2023-09-21,0.5491734224592226,1,1,0.00101685840987642,0.49206349206349204,True
logistic_l2,2023-09-28,2023-10-09,2023-09-21,0.46677136245071577,0,0,-0.00435717975320371,0.49206349206349204,True
logistic_l2,2023-10-09,2023-10-10,2023-09-28,0.36634165721718653,0,0,-0.007002532578794907,0.49074074074074076,True
logistic_l2,2023-10-10,2023-10-11,2023-09-28,0.5264468693839545,1,1,0.0012095006298864508,0.49074074074074076,True
logistic_l2,2023-10-11,2023-10-12,2023-09-28,0.6481937649576686,1,1,0.009400947516099434,0.49074074074074076,True
logistic_l2,2023-10-12,2023-10-13,2023-09-28,0.5062692044215095,1,0,-0.006371374735364088,0.49074074074074076,False
logistic_l2,2023-10-13,2023-10-16,2023-09-28,0.5573704356763893,1,0,-0.004626179257006258,0.49074074074074076,False
logistic_l2,2023-10-16,2023-10-17,2023-10-13,0.48453253017859443,0,1,0.0031502892336001675,0.4894179894179894,False
logistic_l2,2023-10-17,2023-10-18,2023-10-13,0.4341538011977532,0,0,-0.00803847217074749,0.4894179894179894,True
logistic_l2,2023-10-18,2023-10-19,2023-10-13,0.5341687291133728,1,0,-0.017431009636808326,0.4894179894179894,False
logistic_l2,2023-10-19,2023-10-20,2023-10-13,0.5586504867972585,1,0,-0.0074316061251747945,0.4894179894179894,False
logistic_l2,2023-10-20,2023-10-23,2023-10-13,0.6506381798705192,1,0,-0.014671921452428904,0.4894179894179894,False
logistic_l2,2023-10-23,2023-10-24,2023-10-20,0.6167794278174161,1,1,0.007808821126371601,0.4894179894179894,True
logistic_l2,2023-10-24,2023-10-25,2023-10-20,0.5425368522482541,1,1,0.004007030211592655,0.4894179894179894,True
logistic_l2,2023-10-25,2023-10-26,2023-10-20,0.7430725537941714,1,1,0.004769723818542904,0.4894179894179894,True
logistic_l2,2023-10-26,2023-10-27,2023-10-20,0.6559777195018274,1,1,0.009866816549025659,0.4894179894179894,True
logistic_l2,2023-10-27,2023-10-30,2023-10-20,0.6355490296316664,1,1,0.0012489958692207814,0.4894179894179894,True
logistic_l2,2023-10-30,2023-10-31,2023-10-27,0.5816670466461139,1,0,-0.0009209832267071949,0.4933862433862434,False
logistic_l2,2023-10-31,2023-11-01,2023-10-27,0.4740668163969596,0,1,0.0014263753595586959,0.4933862433862434,False
logistic_l2,2023-11-01,2023-11-02,2023-10-27,0.5586379363220538,1,0,-0.004522115136682769,0.4933862433862434,False
logistic_l2,2023-11-02,2023-11-03,2023-10-27,0.6198989407480308,1,1,0.0071083467706483106,0.4933862433862434,True
logistic_l2,2023-11-03,2023-11-06,2023-10-27,0.5592287532990755,1,1,0.00911073675422136,0.4933862433862434,True
logistic_l2,2023-11-06,2023-11-07,2023-11-03,0.5108879411386936,1,0,-0.00037300421248231963,0.4933862433862434,False
logistic_l2,2023-11-07,2023-11-08,2023-11-03,0.5697703328764054,1,0,-0.0016017886809265303,0.4933862433862434,False
logistic_l2,2023-11-08,2023-11-09,2023-11-03,0.5447358574738425,1,1,0.00029701485329791666,0.4933862433862434,True
logistic_l2,2023-11-09,2023-11-10,2023-11-03,0.5735103471876276,1,0,-0.004686535053852858,0.4933862433862434,False
logistic_l2,2023-11-10,2023-11-13,2023-11-03,0.4503259005769602,0,1,0.0024886722306791675,0.4933862433862434,False
logistic_l2,2023-11-13,2023-11-14,2023-11-10,0.3862509553525806,0,1,0.0031305750875034732,0.4947089947089947,False
logistic_l2,2023-11-14,2023-11-15,2023-11-10,0.45618185930959004,0,1,0.005485639515557139,0.4947089947089947,False
logistic_l2,2023-11-15,2023-11-16,2023-11-10,0.4938166445909621,0,0,-0.007129930967977982,0.4947089947089947,True
logistic_l2,2023-11-16,2023-11-17,2023-11-10,0.5791500987268644,1,1,0.0011274610850078304,0.4947089947089947,True
logistic_l2,2023-11-17,2023-11-20,2023-11-10,0.41440657505924433,0,1,0.004568411999153366,0.4947089947089947,False
logistic_l2,2023-11-20,2023-11-21,2023-11-17,0.43851696177481675,0,0,-0.00012589955197295222,0.49603174603174605,True
logistic_l2,2023-11-21,2023-11-22,2023-11-17,0.5037273528298996,1,0,-0.00792774861300749,0.49603174603174605,False
logistic_l2,2023-11-22,2023-11-23,2023-11-17,0.5525970085665709,1,1,0.005994589978811415,0.49603174603174605,True
logistic_l2,2023-11-23,2023-11-24,2023-11-17,0.38068918379378114,0,0,-0.006820862455918064,0.49603174603174605,True
logistic_l2,2023-11-24,2023-11-27,2023-11-17,0.4436036579590682,0,0,-0.0030488609940039213,0.49603174603174605,True
logistic_l2,2023-11-27,2023-11-28,2023-11-24,0.3231149021272771,0,1,0.0022608765866756197,0.4947089947089947,False
logistic_l2,2023-11-28,2023-11-29,2023-11-24,0.39569407925282646,0,0,-0.00555102763501536,0.4947089947089947,True
logistic_l2,2023-11-29,2023-11-30,2023-11-24,0.4445208581530671,0,1,0.0026426625070483656,0.4947089947089947,False
logistic_l2,2023-11-30,2023-12-01,2023-11-24,0.3210632373538732,0,1,0.0006479577810500903,0.4947089947089947,False
logistic_l2,2023-12-01,2023-12-04,2023-11-24,0.32690425228878994,0,0,-0.002876994657471821,0.4947089947089947,True
logistic_l2,2023-12-04,2023-12-05,2023-12-01,0.4828559835096598,0,0,-0.016744738139737758,0.4973544973544973,True
logistic_l2,2023-12-05,2023-12-06,2023-12-01,0.4754203368321641,0,0,-0.0011312803681491346,0.4973544973544973,True
logistic_l2,2023-12-06,2023-12-07,2023-12-01,0.5143745182346295,1,0,-0.0009186127246909592,0.4973544973544973,False
logistic_l2,2023-12-07,2023-12-08,2023-12-01,0.5258814469459994,1,1,0.001130501349855706,0.4973544973544973,True
logistic_l2,2023-12-08,2023-12-11,2023-12-01,0.5661814031865305,1,1,0.007367793350084195,0.4973544973544973,True
logistic_l2,2023-12-11,2023-12-12,2023-12-08,0.5992528497302936,1,1,0.004011214002895169,0.4947089947089947,True
logistic_l2,2023-12-12,2023-12-13,2023-12-08,0.46399909183376287,0,0,-0.011545835908438051,0.4947089947089947,True
logistic_l2,2023-12-13,2023-12-14,2023-12-08,0.5191557325430041,1,0,-0.003292619822561682,0.4947089947089947,False
logistic_l2,2023-12-14,2023-12-15,2023-12-08,0.5175062487774373,1,0,-0.0055521730149684645,0.4947089947089947,False
logistic_l2,2023-12-15,2023-12-18,2023-12-08,0.6078657077489898,1,0,-0.003994213467688912,0.4947089947089947,False
logistic_l2,2023-12-18,2023-12-19,2023-12-15,0.5723781862238961,1,1,0.0005415579535932302,0.49074074074074076,True
logistic_l2,2023-12-19,2023-12-20,2023-12-15,0.6001295768271647,1,0,-0.01032645444120217,0.49074074074074076,False
logistic_l2,2023-12-20,2023-12-21,2023-12-15,0.6706919577013525,1,1,0.005721803201367726,0.49074074074074076,True
logistic_l2,2023-12-21,2023-12-22,2023-12-15,0.6053227026452862,1,0,-0.0013498063822540152,0.49074074074074076,False
logistic_l2,2023-12-22,2023-12-25,2023-12-15,0.618182309529318,1,1,0.0013851497021108994,0.49074074074074076,True
logistic_l2,2023-12-25,2023-12-26,2023-12-22,0.47614216803699955,0,0,-0.0068294552380649964,0.4933862433862434,True
logistic_l2,2023-12-26,2023-12-27,2023-12-22,0.5609255652823527,1,1,0.00542799531418825,0.4933862433862434,True
logistic_l2,2023-12-27,2023-12-28,2023-12-22,0.493727785056069,0,1,0.013754721122915203,0.4933862433862434,False
logistic_l2,2023-12-28,2023-12-29,2023-12-22,0.5413144860565163,1,1,0.006847150653187306,0.4933862433862434,True
logistic_l2,2023-12-29,2024-01-02,2023-12-22,0.42930035986338705,0,0,-0.004255084850935287,0.4933862433862434,True
logistic_l2,2024-01-02,2024-01-03,2023-12-29,0.5883310471007486,1,1,0.0016781014545503847,0.49206349206349204,True
logistic_l2,2024-01-03,2024-01-04,2023-12-29,0.47079880257036905,0,0,-0.004346992053779641,0.49206349206349204,True
logistic_l2,2024-01-04,2024-01-05,2023-12-29,0.41485371986448144,0,0,-0.008518053692106453,0.49206349206349204,True
logistic_l2,2024-01-05,2024-01-08,2023-12-29,0.47128597446130327,0,0,-0.014217410020055832,0.49206349206349204,True
logistic_l2,2024-01-08,2024-01-09,2023-12-29,0.5729249754069973,1,1,0.001978640695936784,0.49206349206349204,True
logistic_l2,2024-01-09,2024-01-10,2024-01-08,0.5623134475215281,1,0,-0.005374230714075834,0.49206349206349204,False
logistic_l2,2024-01-10,2024-01-11,2024-01-08,0.6056425556786956,1,1,0.003109390432776804,0.49206349206349204,True
logistic_l2,2024-01-11,2024-01-12,2024-01-08,0.5073752089767243,1,0,-0.0016189353320329447,0.49206349206349204,False
logistic_l2,2024-01-12,2024-01-15,2024-01-08,0.6354066424500122,1,1,0.0014968544681950302,0.49206349206349204,True
logistic_l2,2024-01-15,2024-01-16,2024-01-08,0.5031962284144692,1,1,0.002667021632054567,0.49206349206349204,True
logistic_l2,2024-01-16,2024-01-17,2024-01-15,0.44768166475746957,0,0,-0.020861657851727555,0.4933862433862434,True
logistic_l2,2024-01-17,2024-01-18,2024-01-15,0.4864770461445393,0,1,0.004294408076297662,0.4933862433862434,False
logistic_l2,2024-01-18,2024-01-19,2024-01-15,0.547628572277358,1,0,-0.004745476281596717,0.4933862433862434,False
logistic_l2,2024-01-19,2024-01-22,2024-01-15,0.625710525933538,1,0,-0.026812115598910058,0.4933862433862434,False
logistic_l2,2024-01-22,2024-01-23,2024-01-15,0.5121909009086137,1,1,0.0053100853055167985,0.4933862433862434,True
logistic_l2,2024-01-23,2024-01-24,2024-01-22,0.7114231259894546,1,1,0.017970417141424333,0.4933862433862434,True
logistic_l2,2024-01-24,2024-01-25,2024-01-22,0.6500331747139888,1,1,0.030252995642788383,0.4933862433862434,True
logistic_l2,2024-01-25,2024-01-26,2024-01-22,0.6814221407013795,1,1,0.0014156387199142362,0.4933862433862434,True
logistic_l2,2024-01-26,2024-01-29,2024-01-22,0.58632607365462,1,0,-0.009231836450179443,0.4933862433862434,False
logistic_l2,2024-01-29,2024-01-30,2024-01-22,0.5899117481809062,1,0,-0.018322191224392714,0.4933862433862434,False
logistic_l2,2024-01-30,2024-01-31,2024-01-29,0.5155383869812352,1,0,-0.014830597246462851,0.4947089947089947,False
logistic_l2,2024-01-31,2024-02-01,2024-01-29,0.42080023688704665,0,0,-0.00638608290866205,0.4947089947089947,True
logistic_l2,2024-02-01,2024-02-02,2024-01-29,0.669646139602374,1,0,-0.014648900873170945,0.4947089947089947,False
logistic_l2,2024-02-02,2024-02-05,2024-01-29,0.689988169654196,1,0,-0.010243751996225847,0.4947089947089947,False
logistic_l2,2024-02-05,2024-02-06,2024-01-29,0.8112066499821966,1,1,0.03230755851283318,0.4947089947089947,True
logistic_l2,2024-02-06,2024-02-07,2024-02-05,0.8345824188278652,1,1,0.014414698621896704,0.49206349206349204,True
logistic_l2,2024-02-07,2024-02-08,2024-02-05,0.5688227147326962,1,1,0.01279558126322855,0.49206349206349204,True
logistic_l2,2024-02-08,2024-02-19,2024-02-05,0.48412108327376024,0,1,0.015576520518906456,0.49206349206349204,False
logistic_l2,2024-02-19,2024-02-20,2024-02-05,0.40677499505396914,0,1,0.0041869148860145255,0.49206349206349204,False
logistic_l2,2024-02-20,2024-02-21,2024-02-05,0.3360912757265217,0,1,0.009657203391541191,0.49206349206349204,False
logistic_l2,2024-02-21,2024-02-22,2024-02-20,0.49325672589521413,0,1,0.01267460615130922,0.4933862433862434,False
logistic_l2,2024-02-22,2024-02-23,2024-02-20,0.4764880859849206,0,1,0.005529190647786342,0.4933862433862434,False
logistic_l2,2024-02-23,2024-02-26,2024-02-20,0.5319145316891196,1,0,-0.009271215732003957,0.4933862433862434,False
logistic_l2,2024-02-26,2024-02-27,2024-02-20,0.5834321968959308,1,1,0.012918479846018016,0.4933862433862434,True
logistic_l2,2024-02-27,2024-02-28,2024-02-20,0.6420457942249944,1,0,-0.019110817058122676,0.4933862433862434,False
logistic_l2,2024-02-28,2024-02-29,2024-02-27,0.6332006341426137,1,1,0.019378519360871316,0.4933862433862434,True
logistic_l2,2024-02-29,2024-03-01,2024-02-27,0.7074639423297772,1,1,0.003929859770483324,0.4933862433862434,True
logistic_l2,2024-03-01,2024-03-04,2024-02-27,0.6847591300173602,1,1,0.00405847942088533,0.4933862433862434,True
logistic_l2,2024-03-04,2024-03-05,2024-02-27,0.4886056781394409,0,1,0.002792611667369327,0.4933862433862434,False
logistic_l2,2024-03-05,2024-03-06,2024-02-27,0.684103648259687,1,0,-0.0025796370495096976,0.4933862433862434,False
logistic_l2,2024-03-06,2024-03-07,2024-03-05,0.6897979965988343,1,0,-0.004121672634072038,0.49603174603174605,False
logistic_l2,2024-03-07,2024-03-08,2024-03-05,0.7182272877066164,1,1,0.0061497958661773655,0.49603174603174605,True
logistic_l2,2024-03-08,2024-03-11,2024-03-05,0.6209177543597473,1,1,0.00736574477271823,0.49603174603174605,True
logistic_l2,2024-03-11,2024-03-12,2024-03-05,0.6523271759921,1,0,-0.004080359127918154,0.49603174603174605,False
logistic_l2,2024-03-12,2024-03-13,2024-03-05,0.6065046172191897,1,0,-0.003959639193896414,0.49603174603174605,False
logistic_l2,2024-03-13,2024-03-14,2024-03-12,0.5434627582094839,1,0,-0.001840014565837489,0.4947089947089947,False
logistic_l2,2024-03-14,2024-03-15,2024-03-12,0.5170530899413104,1,1,0.005398531034756848,0.4947089947089947,True
logistic_l2,2024-03-15,2024-03-18,2024-03-12,0.45360907904493986,0,1,0.009916173642822601,0.4947089947089947,False
logistic_l2,2024-03-18,2024-03-19,2024-03-12,0.41933660162044184,0,0,-0.007186687318484264,0.4947089947089947,True
logistic_l2,2024-03-19,2024-03-20,2024-03-12,0.5280710386453642,1,1,0.00552773420590702,0.4947089947089947,True
logistic_l2,2024-03-20,2024-03-21,2024-03-19,0.3534119502734355,0,0,-0.0008354423417011869,0.4947089947089947,True
logistic_l2,2024-03-21,2024-03-22,2024-03-19,0.39964803266282833,0,0,-0.009450221685066373,0.4947089947089947,True
logistic_l2,2024-03-22,2024-03-25,2024-03-19,0.3152471778668592,0,0,-0.007128563149697675,0.4947089947089947,True
logistic_l2,2024-03-25,2024-03-26,2024-03-19,0.5143090255646825,1,1,0.0017101379883821544,0.4947089947089947,True
logistic_l2,2024-03-26,2024-03-27,2024-03-19,0.3602370526817216,0,0,-0.01264797676937357,0.4947089947089947,True
logistic_l2,2024-03-27,2024-03-28,2024-03-26,0.45450783782641774,0,1,0.005854990754187384,0.4933862433862434,False
logistic_l2,2024-03-28,2024-03-29,2024-03-26,0.443068822259697,0,1,0.010131753012857514,0.4933862433862434,False
logistic_l2,2024-03-29,2024-04-01,2024-03-26,0.45940751214242465,0,1,0.011907172868414362,0.4933862433862434,False
logistic_l2,2024-04-01,2024-04-02,2024-03-26,0.3645956635955525,0,0,-0.000786383579842953,0.4933862433862434,True
logistic_l2,2024-04-02,2024-04-03,2024-03-26,0.33908882033956217,0,0,-0.0018415532488794684,0.4933862433862434,True
logistic_l2,2024-04-03,2024-04-08,2024-04-02,0.2717927215196496,0,0,-0.007247036690076092,0.4933862433862434,True
logistic_l2,2024-04-08,2024-04-09,2024-04-02,0.4455747200550134,0,1,0.0004871264775672124,0.4933862433862434,False
logistic_l2,2024-04-09,2024-04-10,2024-04-02,0.2480707216879029,0,0,-0.006954811667196914,0.4933862433862434,True
logistic_l2,2024-04-10,2024-04-11,2024-04-02,0.4108564824257111,0,1,0.0022830311902393152,0.4933862433862434,False
logistic_l2,2024-04-11,2024-04-12,2024-04-02,0.44561384630525286,0,0,-0.004868721274580712,0.4933862433862434,True
logistic_l2,2024-04-12,2024-04-15,2024-04-11,0.4971527017366395,0,1,0.012553214989301953,0.4933862433862434,False
logistic_l2,2024-04-15,2024-04-16,2024-04-11,0.533004113878185,1,0,-0.016455114997898757,0.4933862433862434,False
logistic_l2,2024-04-16,2024-04-17,2024-04-11,0.490484392320671,0,1,0.021387111252984203,0.4933862433862434,False
logistic_l2,2024-04-17,2024-04-18,2024-04-11,0.41896821059628825,0,1,0.0009259679506994356,0.4933862433862434,False
logistic_l2,2024-04-18,2024-04-19,2024-04-11,0.5573673667970446,1,0,-0.002915727107251742,0.4933862433862434,False
logistic_l2,2024-04-19,2024-04-22,2024-04-18,0.32599691039051487,0,0,-0.006741938125334079,0.49603174603174605,True
logistic_l2,2024-04-22,2024-04-23,2024-04-18,0.5021552549528796,1,0,-0.007428803671502893,0.49603174603174605,False
logistic_l2,2024-04-23,2024-04-24,2024-04-18,0.3668974251184428,0,1,0.007559553305740874,0.49603174603174605,False
logistic_l2,2024-04-24,2024-04-25,2024-04-18,0.3829047891267316,0,1,0.002652929860635922,0.49603174603174605,False
logistic_l2,2024-04-25,2024-04-26,2024-04-18,0.4020166603792946,0,1,0.01170549313767233,0.49603174603174605,False
logistic_l2,2024-04-26,2024-04-29,2024-04-25,0.5110886099507637,1,1,0.00790235637048431,0.49603174603174605,True
logistic_l2,2024-04-29,2024-04-30,2024-04-25,0.5198179238625451,1,0,-0.0026400854315159483,0.49603174603174605,False
logistic_l2,2024-04-30,2024-05-06,2024-04-25,0.5869347678281694,1,1,0.011561329794969044,0.49603174603174605,True
logistic_l2,2024-05-06,2024-05-07,2024-04-25,0.3662659908723795,0,1,0.002234391829339488,0.49603174603174605,False
logistic_l2,2024-05-07,2024-05-08,2024-04-25,0.3957644566605835,0,0,-0.006118107669698003,0.49603174603174605,True
logistic_l2,2024-05-08,2024-05-09,2024-05-07,0.528091160833898,1,1,0.00825969852833941,0.4973544973544973,True
logistic_l2,2024-05-09,2024-05-10,2024-05-07,0.48766969240917335,0,1,7.199649775557759e-05,0.4973544973544973,False
logistic_l2,2024-05-10,2024-05-13,2024-05-07,0.42571451039363667,0,0,-0.0020689181635956677,0.4973544973544973,True
logistic_l2,2024-05-13,2024-05-14,2024-05-07,0.4234001398731504,0,0,-0.0007135912416331713,0.4973544973544973,True
logistic_l2,2024-05-14,2024-05-15,2024-05-07,0.4877026991363851,0,0,-0.008224429832744296,0.4973544973544973,True
logistic_l2,2024-05-15,2024-05-16,2024-05-14,0.5628352353444472,1,1,0.000800954619697869,0.49603174603174605,True
logistic_l2,2024-05-16,2024-05-17,2024-05-14,0.5877046921313877,1,1,0.01012851968725359,0.49603174603174605,True
logistic_l2,2024-05-17,2024-05-20,2024-05-14,0.508045708603514,1,1,0.005427602173133428,0.49603174603174605,True
logistic_l2,2024-05-20,2024-05-21,2024-05-14,0.5274336922583304,1,0,-0.004156038145337493,0.49603174603174605,False
logistic_l2,2024-05-21,2024-05-22,2024-05-14,0.48078687121838604,0,1,0.00018182591406867843,0.49603174603174605,False
logistic_l2,2024-05-22,2024-05-23,2024-05-21,0.5171018052341025,1,0,-0.013345691786258551,0.49867724867724866,False
logistic_l2,2024-05-23,2024-05-24,2024-05-21,0.4773388911315288,0,0,-0.008829615833977011,0.49867724867724866,True
logistic_l2,2024-05-24,2024-05-27,2024-05-21,0.5083111607669226,1,1,0.011386751241270865,0.49867724867724866,True
logistic_l2,2024-05-27,2024-05-28,2024-05-21,0.44409192290356925,0,0,-0.004632010951706955,0.49867724867724866,True
logistic_l2,2024-05-28,2024-05-29,2024-05-21,0.49464511674270817,0,1,0.00046485495544557054,0.49867724867724866,False
logistic_l2,2024-05-29,2024-05-30,2024-05-28,0.4826365997092707,0,0,-0.0062165511374799864,0.49867724867724866,True
logistic_l2,2024-05-30,2024-05-31,2024-05-28,0.4838442816711228,0,0,-0.0015733851696965173,0.49867724867724866,True
logistic_l2,2024-05-31,2024-06-03,2024-05-28,0.5454683795895278,1,0,-0.0026968588383088354,0.49867724867724866,False
logistic_l2,2024-06-03,2024-06-04,2024-05-28,0.4916961352040511,0,1,0.004128811647091668,0.49867724867724866,False
logistic_l2,2024-06-04,2024-06-05,2024-05-28,0.3784860051626175,0,0,-0.008344916755930742,0.49867724867724866,True
logistic_l2,2024-06-05,2024-06-06,2024-06-04,0.539422359374601,1,0,-0.005418373320783876,0.4973544973544973,False
logistic_l2,2024-06-06,2024-06-07,2024-06-04,0.5023184059319277,1,1,0.0008150108146043333,0.4973544973544973,True
logistic_l2,2024-06-07,2024-06-11,2024-06-04,0.5645782050432144,1,0,-0.0076143814722660075,0.4973544973544973,False
logistic_l2,2024-06-11,2024-06-12,2024-06-04,0.5556517465364057,1,1,0.003111710588458605,0.4973544973544973,True
logistic_l2,2024-06-12,2024-06-13,2024-06-04,0.5024933916995353,1,0,-0.0028144498665417794,0.4973544973544973,False
logistic_l2,2024-06-13,2024-06-14,2024-06-12,0.5658422631178508,1,1,0.0012263782451473748,0.49603174603174605,True
logistic_l2,2024-06-14,2024-06-17,2024-06-12,0.5078702538242359,1,0,-0.0055208125558734444,0.49603174603174605,False
logistic_l2,2024-06-17,2024-06-18,2024-06-12,0.609500931316285,1,1,0.004760019983482744,0.49603174603174605,True
logistic_l2,2024-06-18,2024-06-19,2024-06-12,0.41033618481914014,0,0,-0.0040251842226426415,0.49603174603174605,True
logistic_l2,2024-06-19,2024-06-20,2024-06-12,0.5767891102063831,1,0,-0.004178924723259203,0.49603174603174605,False
logistic_l2,2024-06-20,2024-06-21,2024-06-19,0.4992248912681052,0,0,-0.002428665196730573,0.49603174603174605,True
logistic_l2,2024-06-21,2024-06-24,2024-06-19,0.578656117484224,1,0,-0.011686854809904279,0.49603174603174605,False
logistic_l2,2024-06-24,2024-06-25,2024-06-19,0.6449900596481256,1,0,-0.004421924627625584,0.49603174603174605,False
logistic_l2,2024-06-25,2024-06-26,2024-06-19,0.5486636685327416,1,1,0.00763689093440556,0.49603174603174605,True
logistic_l2,2024-06-26,2024-06-27,2024-06-19,0.5817247242891926,1,0,-0.008973078141543578,0.49603174603174605,False
logistic_l2,2024-06-27,2024-06-28,2024-06-26,0.5756279946268792,1,1,0.007315505692002677,0.49206349206349204,True
logistic_l2,2024-06-28,2024-07-01,2024-06-26,0.602678802899999,1,1,0.009209231722771216,0.49206349206349204,True
logistic_l2,2024-07-01,2024-07-02,2024-06-26,0.5303658584510625,1,1,0.0007616044757019491,0.49206349206349204,True
logistic_l2,2024-07-02,2024-07-03,2024-06-26,0.4341245286800135,0,0,-0.004883365296845299,0.49206349206349204,True
logistic_l2,2024-07-03,2024-07-04,2024-06-26,0.41023875765131024,0,0,-0.008318402283065796,0.49206349206349204,True
logistic_l2,2024-07-04,2024-07-05,2024-07-03,0.4026974216567727,0,0,-0.002581074241090664,0.4933862433862434,True
logistic_l2,2024-07-05,2024-07-08,2024-07-03,0.3845862546264025,0,0,-0.009316651329031811,0.4933862433862434,True
logistic_l2,2024-07-08,2024-07-09,2024-07-03,0.6185219956082826,1,1,0.012634126341537266,0.4933862433862434,True
logistic_l2,2024-07-09,2024-07-10,2024-07-03,0.6101770068112842,1,0,-0.006761163279079052,0.4933862433862434,False
logistic_l2,2024-07-10,2024-07-11,2024-07-03,0.6394978375621686,1,1,0.010554597600650695,0.4933862433862434,True
logistic_l2,2024-07-11,2024-07-12,2024-07-10,0.4321531424500519,0,1,0.0003055493704289258,0.49074074074074076,False
logistic_l2,2024-07-12,2024-07-15,2024-07-10,0.4328329089253624,0,1,0.0009139785850948989,0.49074074074074076,False
logistic_l2,2024-07-15,2024-07-16,2024-07-10,0.2945835627897779,0,1,0.0007712144411584632,0.49074074074074076,False
logistic_l2,2024-07-16,2024-07-17,2024-07-10,0.4228431638836068,0,0,-0.004518825578419539,0.49074074074074076,True
logistic_l2,2024-07-17,2024-07-18,2024-07-10,0.43867495536192497,0,1,0.0048191695111361454,0.49074074074074076,False
logistic_l2,2024-07-18,2024-07-19,2024-07-17,0.4222508703958222,0,1,0.0017383164624062974,0.49206349206349204,False
logistic_l2,2024-07-19,2024-07-22,2024-07-17,0.37621260911465915,0,0,-0.006066810121527988,0.49206349206349204,True
logistic_l2,2024-07-22,2024-07-23,2024-07-17,0.4357971136520246,0,0,-0.016478896355544892,0.49206349206349204,True
logistic_l2,2024-07-23,2024-07-24,2024-07-17,0.4400009152790549,0,0,-0.004602059739617914,0.49206349206349204,True
logistic_l2,2024-07-24,2024-07-25,2024-07-17,0.5815211507336532,1,0,-0.005241368929697621,0.49206349206349204,False
logistic_l2,2024-07-25,2024-07-26,2024-07-24,0.5360655615266767,1,1,0.0014395815683676538,0.49074074074074076,True
logistic_l2,2024-07-26,2024-07-29,2024-07-24,0.5631407958150684,1,1,0.00032792586578556104,0.49074074074074076,True
logistic_l2,2024-07-29,2024-07-30,2024-07-24,0.5404039733442448,1,0,-0.004338302605606192,0.49074074074074076,False
logistic_l2,2024-07-30,2024-07-31,2024-07-24,0.41839515220596607,0,1,0.02064727824780732,0.49074074074074076,False
logistic_l2,2024-07-31,2024-08-01,2024-07-24,0.6110414630844496,1,0,-0.002164934586288081,0.49074074074074076,False
logistic_l2,2024-08-01,2024-08-02,2024-07-31,0.5441908162995885,1,0,-0.009224430157941943,0.49074074074074076,False
logistic_l2,2024-08-02,2024-08-05,2024-07-31,0.557104344822073,1,0,-0.015364720966152823,0.49074074074074076,False
logistic_l2,2024-08-05,2024-08-06,2024-07-31,0.5291260810295381,1,1,0.0023022005330308737,0.49074074074074076,True
logistic_l2,2024-08-06,2024-08-07,2024-07-31,0.46488327914222405,0,1,0.0008893783339263273,0.49074074074074076,False
logistic_l2,2024-08-07,2024-08-08,2024-07-31,0.6562679189402641,1,1,2.3555371046368734e-05,0.49074074074074076,True
logistic_l2,2024-08-08,2024-08-09,2024-08-07,0.4610244058212855,0,0,-0.0026855626468561544,0.49074074074074076,True
logistic_l2,2024-08-09,2024-08-12,2024-08-07,0.6383094965414987,1,0,-0.0013938607448041873,0.49074074074074076,False
logistic_l2,2024-08-12,2024-08-13,2024-08-07,0.5518579874556215,1,1,0.0034082234700762992,0.49074074074074076,True
logistic_l2,2024-08-13,2024-08-14,2024-08-07,0.39593312455705487,0,0,-0.006029437095398604,0.49074074074074076,True
logistic_l2,2024-08-14,2024-08-15,2024-08-07,0.5737277311104345,1,1,0.009367675255140595,0.49074074074074076,True
logistic_l2,2024-08-15,2024-08-16,2024-08-14,0.5242347756783431,1,1,0.0007200703117258289,0.49074074074074076,True
logistic_l2,2024-08-16,2024-08-19,2024-08-14,0.5420339518254964,1,1,0.0049468127335488,0.49074074074074076,True
logistic_l2,2024-08-19,2024-08-20,2024-08-14,0.41715537072939496,0,0,-0.009335122708026056,0.49074074074074076,True
logistic_l2,2024-08-20,2024-08-21,2024-08-14,0.4239086329845537,0,0,-0.0035152743906586847,0.49074074074074076,True
logistic_l2,2024-08-21,2024-08-22,2024-08-14,0.4488866767092856,0,0,-0.0027347700167322797,0.49074074074074076,True
logistic_l2,2024-08-22,2024-08-23,2024-08-21,0.5273518100006437,1,1,0.001964249997139067,0.4894179894179894,True
logistic_l2,2024-08-23,2024-08-26,2024-08-21,0.4533479725944613,0,1,0.00040387231146654656,0.4894179894179894,False
logistic_l2,2024-08-26,2024-08-27,2024-08-21,0.4409767541760594,0,0,-0.002377535190346891,0.4894179894179894,True
logistic_l2,2024-08-27,2024-08-28,2024-08-21,0.43991551161972314,0,0,-0.003967345181602355,0.4894179894179894,True
logistic_l2,2024-08-28,2024-08-29,2024-08-21,0.4790096198800704,0,0,-0.005047984807938444,0.4894179894179894,True
logistic_l2,2024-08-29,2024-08-30,2024-08-28,0.4590354579487124,0,1,0.006768502493353035,0.49074074074074076,False
logistic_l2,2024-08-30,2024-09-02,2024-08-28,0.505282061721368,1,0,-0.010970038781735747,0.49074074074074076,False
logistic_l2,2024-09-02,2024-09-03,2024-08-28,0.6258285853430465,1,0,-0.0028659550663722166,0.49074074074074076,False
logistic_l2,2024-09-03,2024-09-04,2024-08-28,0.5526307859122588,1,0,-0.00667161687671769,0.49074074074074076,False
logistic_l2,2024-09-04,2024-09-05,2024-08-28,0.6093022550650032,1,1,0.001449495907072329,0.49074074074074076,True
logistic_l2,2024-09-05,2024-09-06,2024-09-04,0.5084295356546046,1,0,-0.00807208197957332,0.49074074074074076,False
logistic_l2,2024-09-06,2024-09-09,2024-09-04,0.620941531544084,1,0,-0.010600524273823075,0.49074074074074076,False
logistic_l2,2024-09-09,2024-09-10,2024-09-04,0.5408257384699877,1,1,0.0028154704592853186,0.49074074074074076,True
logistic_l2,2024-09-10,2024-09-11,2024-09-04,0.5672786947585255,1,0,-0.008161564199532623,0.49074074074074076,False
logistic_l2,2024-09-11,2024-09-12,2024-09-04,0.5500901792154305,1,0,-0.0017165508999354984,0.49074074074074076,False
logistic_l2,2024-09-12,2024-09-13,2024-09-11,0.6513782441518231,1,0,-0.004796801440464682,0.4894179894179894,False
logistic_l2,2024-09-13,2024-09-18,2024-09-11,0.6344345583807466,1,1,0.004878425626133165,0.4894179894179894,True
logistic_l2,2024-09-18,2024-09-19,2024-09-11,0.5090586444917096,1,1,0.00689693039877759,0.4894179894179894,True
logistic_l2,2024-09-19,2024-09-20,2024-09-11,0.5318206507015377,1,1,0.00028936168719684296,0.4894179894179894,True
logistic_l2,2024-09-20,2024-09-23,2024-09-11,0.47023329724114954,0,1,0.004422587885862361,0.4894179894179894,False
logistic_l2,2024-09-23,2024-09-24,2024-09-20,0.5976410675295695,1,1,0.041546460266889795,0.49074074074074076,True
logistic_l2,2024-09-24,2024-09-25,2024-09-20,0.7216875813658997,1,1,0.011588803913764822,0.49074074074074076,True
logistic_l2,2024-09-25,2024-09-26,2024-09-20,0.6814887857549624,1,1,0.03613116529791727,0.49074074074074076,True
logistic_l2,2024-09-26,2024-09-27,2024-09-20,0.8319402368672797,1,1,0.028849505986865642,0.49074074074074076,True
logistic_l2,2024-09-27,2024-09-30,2024-09-20,0.520411039565786,1,1,0.08063692106366238,0.49074074074074076,True
logistic_l2,2024-09-30,2024-10-08,2024-09-27,0.9333725994133883,1,1,0.045939703115009056,0.4947089947089947,True
logistic_l2,2024-10-08,2024-10-09,2024-09-27,0.74881261744696,1,0,-0.06616967953035124,0.4947089947089947,False
logistic_l2,2024-10-09,2024-10-10,2024-09-27,0.7454819348565759,1,1,0.013215703980701488,0.4947089947089947,True
logistic_l2,2024-10-10,2024-10-11,2024-09-27,0.818246336971534,1,0,-0.025496695731421437,0.4947089947089947,False
logistic_l2,2024-10-11,2024-10-14,2024-09-27,0.8948040284045277,1,1,0.020693047789445362,0.4947089947089947,True
logistic_l2,2024-10-14,2024-10-15,2024-10-11,0.853607424931522,1,0,-0.025280891264484517,0.4947089947089947,False
logistic_l2,2024-10-15,2024-10-16,2024-10-11,0.9497921226515618,1,1,0.0005173223972483321,0.4947089947089947,True
logistic_l2,2024-10-16,2024-10-17,2024-10-11,0.9614562772654941,1,0,-0.010479002468975374,0.4947089947089947,False
logistic_l2,2024-10-17,2024-10-18,2024-10-11,0.9441716565419195,1,1,0.02908419783615379,0.4947089947089947,True
logistic_l2,2024-10-18,2024-10-21,2024-10-11,0.9619503246498283,1,1,0.0020072276383538146,0.4947089947089947,True
logistic_l2,2024-10-21,2024-10-22,2024-10-18,0.7922982713800953,1,1,0.0054333850451788734,0.4933862433862434,True
logistic_l2,2024-10-22,2024-10-23,2024-10-18,0.5471985579840586,1,1,0.005154164948068862,0.4933862433862434,True
logistic_l2,2024-10-23,2024-10-24,2024-10-18,0.656214940830184,1,0,-0.006824597581181702,0.4933862433862434,False
logistic_l2,2024-10-24,2024-10-25,2024-10-18,0.49239721970690326,0,1,0.005925684301180123,0.4933862433862434,False
logistic_l2,2024-10-25,2024-10-28,2024-10-18,0.5316153600039141,1,1,0.006817952527385707,0.4933862433862434,True
logistic_l2,2024-10-28,2024-10-29,2024-10-25,0.4417883430039607,0,0,-0.010773140368686707,0.4933862433862434,True
logistic_l2,2024-10-29,2024-10-30,2024-10-25,0.5820948822418072,1,0,-0.006137158300843493,0.4933862433862434,False
logistic_l2,2024-10-30,2024-10-31,2024-10-25,0.5147675647710636,1,1,0.004159709375722853,0.4933862433862434,True
logistic_l2,2024-10-31,2024-11-01,2024-10-25,0.4992868616615619,0,0,-0.002381286022507756,0.4933862433862434,True
logistic_l2,2024-11-01,2024-11-04,2024-10-25,0.5800572801709106,1,1,0.01167262660412649,0.4933862433862434,True
logistic_l2,2024-11-04,2024-11-05,2024-11-01,0.44779274786649115,0,1,0.023194832033475166,0.49206349206349204,False
logistic_l2,2024-11-05,2024-11-06,2024-11-01,0.5312979071815199,1,0,-0.0009390942728476626,0.49206349206349204,False
logistic_l2,2024-11-06,2024-11-07,2024-11-01,0.38241388314180924,0,1,0.025667752485352135,0.49206349206349204,False
logistic_l2,2024-11-07,2024-11-08,2024-11-01,0.6637712467392523,1,0,-0.005291153624371714,0.49206349206349204,False
logistic_l2,2024-11-08,2024-11-11,2024-11-01,0.3782641707466362,0,1,0.005146891905682294,0.49206349206349204,False
logistic_l2,2024-11-11,2024-11-12,2024-11-08,0.4506818743003137,0,0,-0.013860141034217288,0.49206349206349204,True
logistic_l2,2024-11-12,2024-11-13,2024-11-08,0.37496006094621165,0,1,0.005057817425114131,0.49206349206349204,False
logistic_l2,2024-11-13,2024-11-14,2024-11-08,0.39958883538358125,0,0,-0.01728237829465229,0.49206349206349204,True
logistic_l2,2024-11-14,2024-11-15,2024-11-08,0.45070578753953733,0,0,-0.014531047618867365,0.49206349206349204,True
logistic_l2,2024-11-15,2024-11-18,2024-11-08,0.4224068553699309,0,0,-0.002064924998490536,0.49206349206349204,True
logistic_l2,2024-11-18,2024-11-19,2024-11-15,0.5317437189005055,1,1,0.006667331357992579,0.49074074074074076,True
logistic_l2,2024-11-19,2024-11-20,2024-11-15,0.4893791162739188,0,1,0.0065688689853808935,0.49074074074074076,False
logistic_l2,2024-11-20,2024-11-21,2024-11-15,0.5876572480467408,1,1,0.0007169262681445687,0.49074074074074076,True
logistic_l2,2024-11-21,2024-11-22,2024-11-15,0.4249532288298601,0,0,-0.030623125020713293,0.49074074074074076,True
logistic_l2,2024-11-22,2024-11-25,2024-11-15,0.4375186349094108,0,0,-0.0010504128377410993,0.49074074074074076,True
logistic_l2,2024-11-25,2024-11-26,2024-11-22,0.5312235619985827,1,0,-0.0012263464126970325,0.49206349206349204,False
logistic_l2,2024-11-26,2024-11-27,2024-11-22,0.7213331568352368,1,1,0.015345222644189471,0.49206349206349204,True
logistic_l2,2024-11-27,2024-11-28,2024-11-22,0.48507551869509624,0,0,-0.004254241877002629,0.49206349206349204,True
logistic_l2,2024-11-28,2024-11-29,2024-11-22,0.6221021904175558,1,1,0.009332589697303328,0.49206349206349204,True
logistic_l2,2024-11-29,2024-12-02,2024-11-22,0.5293165196310823,1,1,0.011281256503731685,0.49206349206349204,True
logistic_l2,2024-12-02,2024-12-03,2024-11-29,0.541265931865638,1,1,0.004406681925763989,0.49206349206349204,True
logistic_l2,2024-12-03,2024-12-04,2024-11-29,0.4072327563741251,0,0,-0.0041897933006695975,0.49206349206349204,True
logistic_l2,2024-12-04,2024-12-05,2024-11-29,0.4958462682100363,0,1,0.0012499071968796738,0.49206349206349204,False
logistic_l2,2024-12-05,2024-12-06,2024-11-29,0.403225729479906,0,1,0.010454916244102108,0.49206349206349204,False
logistic_l2,2024-12-06,2024-12-09,2024-11-29,0.4593332346862094,0,0,-0.00045301568437183803,0.49206349206349204,True
logistic_l2,2024-12-09,2024-12-10,2024-12-06,0.5746958882728742,1,1,0.0059151203854139744,0.4947089947089947,True
logistic_l2,2024-12-10,2024-12-11,2024-12-06,0.4257261914062799,0,1,0.002871888528126698,0.4947089947089947,False
logistic_l2,2024-12-11,2024-12-12,2024-12-06,0.717598699311097,1,1,0.008451473510397767,0.4947089947089947,True
logistic_l2,2024-12-12,2024-12-13,2024-12-06,0.4577512300488258,0,0,-0.020113131307995413,0.4947089947089947,True
logistic_l2,2024-12-13,2024-12-16,2024-12-06,0.5565017017098491,1,0,-0.001635377119378889,0.4947089947089947,False
logistic_l2,2024-12-16,2024-12-17,2024-12-13,0.5080732031789583,1,0,-0.007337203165478923,0.49603174603174605,False
logistic_l2,2024-12-17,2024-12-18,2024-12-13,0.610158423445313,1,1,0.0061648646357188586,0.49603174603174605,True
logistic_l2,2024-12-18,2024-12-19,2024-12-13,0.523339863000491,1,0,-0.003599719366765064,0.49603174603174605,False
logistic_l2,2024-12-19,2024-12-20,2024-12-13,0.5177637646172145,1,0,-0.0005827242468330329,0.49603174603174605,False
logistic_l2,2024-12-20,2024-12-23,2024-12-13,0.4944486234584371,0,0,-0.004991643135133894,0.49603174603174605,True
logistic_l2,2024-12-23,2024-12-24,2024-12-20,0.5660654642899189,1,1,0.01261347570140181,0.4933862433862434,True
logistic_l2,2024-12-24,2024-12-25,2024-12-20,0.41557598512572974,0,0,-5.245278505283668e-05,0.4933862433862434,True
logistic_l2,2024-12-25,2024-12-26,2024-12-20,0.4418195930232264,0,1,0.0013928418408699628,0.4933862433862434,False
logistic_l2,2024-12-26,2024-12-27,2024-12-20,0.2815486729377444,0,1,0.0006078438787353591,0.4933862433862434,False
logistic_l2,2024-12-27,2024-12-30,2024-12-20,0.37099105462907084,0,1,0.002112823523252816,0.4933862433862434,False
logistic_l2,2024-12-30,2024-12-31,2024-12-27,0.39447292715428894,0,0,-0.01630689333239299,0.49603174603174605,True
logistic_l2,2024-12-31,2025-01-02,2024-12-27,0.4352995060671164,0,0,-0.026613546363510765,0.49603174603174605,True
hist_gradient_boosting,2023-01-03,2023-01-04,2022-12-30,0.42573953278211535,0,1,0.0022475447631051804,0.510989010989011,False
hist_gradient_boosting,2023-01-04,2023-01-05,2022-12-30,0.4487015720125356,0,1,0.0101487541413261,0.510989010989011,False
hist_gradient_boosting,2023-01-05,2023-01-06,2023-01-04,0.388231773779178,0,1,0.0007670789722746818,0.5123287671232877,False
hist_gradient_boosting,2023-01-06,2023-01-09,2023-01-04,0.44217995717806136,0,1,0.005842344424382029,0.5123287671232877,False
hist_gradient_boosting,2023-01-09,2023-01-10,2023-01-04,0.4742489241714004,0,0,-0.0020708831896631974,0.5123287671232877,True
hist_gradient_boosting,2023-01-10,2023-01-11,2023-01-04,0.40652699608120163,0,0,-0.0024198083538033988,0.5123287671232877,True
hist_gradient_boosting,2023-01-11,2023-01-12,2023-01-04,0.49383517041712005,0,1,0.0005102412597028927,0.5123287671232877,False
hist_gradient_boosting,2023-01-12,2023-01-13,2023-01-11,0.4642021747714985,0,1,0.010069699517068598,0.5129251700680272,False
hist_gradient_boosting,2023-01-13,2023-01-16,2023-01-11,0.4528374046255221,0,1,0.01010410302187359,0.5129251700680272,False
hist_gradient_boosting,2023-01-16,2023-01-17,2023-01-11,0.5824795313931018,1,0,-0.0010369341647810115,0.5129251700680272,False
hist_gradient_boosting,2023-01-17,2023-01-18,2023-01-11,0.5477464110130472,1,1,4.999620376211489e-05,0.5129251700680272,True
hist_gradient_boosting,2023-01-18,2023-01-19,2023-01-11,0.42831332342218187,0,1,0.004922891223996029,0.5129251700680272,False
hist_gradient_boosting,2023-01-19,2023-01-20,2023-01-18,0.41648018363430384,0,1,0.007571692737360802,0.5148648648648648,False
hist_gradient_boosting,2023-01-20,2023-01-30,2023-01-18,0.5059562641698988,1,1,0.0013796192603694468,0.5148648648648648,True
hist_gradient_boosting,2023-01-30,2023-01-31,2023-01-18,0.46241731670026925,0,0,-0.0041748156649186186,0.5148648648648648,True
hist_gradient_boosting,2023-01-31,2023-02-01,2023-01-18,0.5765249915991572,1,1,0.008984973043330235,0.5148648648648648,True
hist_gradient_boosting,2023-02-01,2023-02-02,2023-01-18,0.46443579427903636,0,1,0.00022807243509914699,0.5148648648648648,False
hist_gradient_boosting,2023-02-02,2023-02-03,2023-02-01,0.5845795413844272,1,0,-0.006776272909897685,0.5167785234899329,False
hist_gradient_boosting,2023-02-03,2023-02-06,2023-02-01,0.5744380716595597,1,0,-0.007571261668675722,0.5167785234899329,False
hist_gradient_boosting,2023-02-06,2023-02-07,2023-02-01,0.5565042573637501,1,1,0.0029012277712356926,0.5167785234899329,True
hist_gradient_boosting,2023-02-07,2023-02-08,2023-02-01,0.5401252574889988,1,0,-0.004922178976347391,0.5167785234899329,False
hist_gradient_boosting,2023-02-08,2023-02-09,2023-02-01,0.480920239668277,0,1,0.011842525105068447,0.5167785234899329,False
hist_gradient_boosting,2023-02-09,2023-02-10,2023-02-08,0.4722363059790344,0,0,-0.002968826950094372,0.516,True
hist_gradient_boosting,2023-02-10,2023-02-13,2023-02-08,0.5777558601688813,1,1,0.007202959977530954,0.516,True
hist_gradient_boosting,2023-02-13,2023-02-14,2023-02-08,0.4704958453258522,0,1,0.0027777575629004403,0.516,False
hist_gradient_boosting,2023-02-14,2023-02-15,2023-02-08,0.5084507990155207,1,0,-0.0038838453731193656,0.516,False
hist_gradient_boosting,2023-02-15,2023-02-16,2023-02-08,0.5185403439287407,1,0,-0.009590756800832212,0.516,False
hist_gradient_boosting,2023-02-16,2023-02-17,2023-02-15,0.5715667330639357,1,0,-0.007696205897791963,0.5152317880794702,False
hist_gradient_boosting,2023-02-17,2023-02-20,2023-02-15,0.5575032549389459,1,1,0.02056870352993312,0.5152317880794702,True
hist_gradient_boosting,2023-02-20,2023-02-21,2023-02-15,0.5346079953651429,1,1,0.004919038264241671,0.5152317880794702,True
hist_gradient_boosting,2023-02-21,2023-02-22,2023-02-15,0.5082179668964023,1,0,-0.004650170952960941,0.5152317880794702,False
hist_gradient_boosting,2023-02-22,2023-02-23,2023-02-15,0.4960746918536006,0,0,-0.0011153252101083755,0.5152317880794702,True
hist_gradient_boosting,2023-02-23,2023-02-24,2023-02-22,0.4236307245444786,0,0,-0.0061802105383550465,0.5158730158730159,True
hist_gradient_boosting,2023-02-24,2023-02-27,2023-02-22,0.4369975480975913,0,0,-0.002793037634493345,0.5158730158730159,True
hist_gradient_boosting,2023-02-27,2023-02-28,2023-02-22,0.4265985476609318,0,1,0.0066208324872198965,0.5158730158730159,False
hist_gradient_boosting,2023-02-28,2023-03-01,2023-02-22,0.4510088058765917,0,1,0.009983670900885588,0.5158730158730159,False
hist_gradient_boosting,2023-03-01,2023-03-02,2023-02-22,0.48798716520603524,0,0,-0.0005114801048368145,0.5158730158730159,True
hist_gradient_boosting,2023-03-02,2023-03-03,2023-03-01,0.5067986855868553,1,1,0.005358186673471321,0.5158730158730159,True
hist_gradient_boosting,2023-03-03,2023-03-06,2023-03-01,0.45052172340725327,0,0,-0.0019128752445586317,0.5158730158730159,True
hist_gradient_boosting,2023-03-06,2023-03-07,2023-03-01,0.5222544313132943,1,0,-0.011115837477365775,0.5158730158730159,False
hist_gradient_boosting,2023-03-07,2023-03-08,2023-03-01,0.6247235658112889,1,0,-0.0005634229326680895,0.5158730158730159,False
hist_gradient_boosting,2023-03-08,2023-03-09,2023-03-01,0.5406292524479795,1,0,-0.0021790008607025513,0.5158730158730159,False
hist_gradient_boosting,2023-03-09,2023-03-10,2023-03-08,0.46622349643605754,0,0,-0.0140463320691957,0.5132275132275133,True
hist_gradient_boosting,2023-03-10,2023-03-13,2023-03-08,0.5319351061439433,1,1,0.011956032250133086,0.5132275132275133,True
hist_gradient_boosting,2023-03-13,2023-03-14,2023-03-08,0.47142674157551995,0,0,-0.00715367950303103,0.5132275132275133,True
hist_gradient_boosting,2023-03-14,2023-03-15,2023-03-08,0.5782540251569294,1,1,0.0055472319258766944,0.5132275132275133,True
hist_gradient_boosting,2023-03-15,2023-03-16,2023-03-08,0.5520145730752322,1,0,-0.011161534277967955,0.5132275132275133,False
hist_gradient_boosting,2023-03-16,2023-03-17,2023-03-15,0.6132841724305436,1,1,0.007330522950386387,0.5119047619047619,True
hist_gradient_boosting,2023-03-17,2023-03-20,2023-03-15,0.5056940169006889,1,0,-0.004810176505731567,0.5119047619047619,False
hist_gradient_boosting,2023-03-20,2023-03-21,2023-03-15,0.6563093508454279,1,1,0.0064113678824417875,0.5119047619047619,True
hist_gradient_boosting,2023-03-21,2023-03-22,2023-03-15,0.48757890927629294,0,1,0.003101377128779559,0.5119047619047619,False
hist_gradient_boosting,2023-03-22,2023-03-23,2023-03-15,0.5140606247498731,1,1,0.006400249866225227,0.5119047619047619,True
hist_gradient_boosting,2023-03-23,2023-03-24,2023-03-22,0.41957351111803326,0,0,-0.006388086881559785,0.5119047619047619,True
hist_gradient_boosting,2023-03-24,2023-03-27,2023-03-22,0.48980534646982093,0,0,-0.004365619048951719,0.5119047619047619,True
hist_gradient_boosting,2023-03-27,2023-03-28,2023-03-22,0.5108776860946894,1,0,-0.0018518500862290121,0.5119047619047619,False
hist_gradient_boosting,2023-03-28,2023-03-29,2023-03-22,0.5530258547181823,1,0,-0.001639008854444124,0.5119047619047619,False
hist_gradient_boosting,2023-03-29,2023-03-30,2023-03-22,0.5810842458371531,1,1,0.006540533486943945,0.5119047619047619,True
hist_gradient_boosting,2023-03-30,2023-03-31,2023-03-29,0.48470782715567295,0,1,0.0035605075786160345,0.5079365079365079,False
hist_gradient_boosting,2023-03-31,2023-04-03,2023-03-29,0.46784662946697164,0,1,0.007191202361775284,0.5079365079365079,False
hist_gradient_boosting,2023-04-03,2023-04-04,2023-03-29,0.42518662602313695,0,1,0.004902869679492383,0.5079365079365079,False
hist_gradient_boosting,2023-04-04,2023-04-06,2023-03-29,0.36614393584333466,0,1,2.1192083048404697e-05,0.5079365079365079,False
hist_gradient_boosting,2023-04-06,2023-04-07,2023-03-29,0.44001996969699864,0,1,0.0045334701028911795,0.5079365079365079,False
hist_gradient_boosting,2023-04-07,2023-04-10,2023-04-06,0.45144540092922936,0,0,-0.0036926707672033654,0.5119047619047619,True
hist_gradient_boosting,2023-04-10,2023-04-11,2023-04-06,0.5035150867894368,1,0,-0.000539097167732705,0.5119047619047619,False
hist_gradient_boosting,2023-04-11,2023-04-12,2023-04-06,0.485636942002094,0,1,0.004107683841342746,0.5119047619047619,False
hist_gradient_boosting,2023-04-12,2023-04-13,2023-04-06,0.5263058273237204,1,0,-0.0026502310544155305,0.5119047619047619,False
hist_gradient_boosting,2023-04-13,2023-04-14,2023-04-06,0.5133128359482408,1,1,0.005963390752997011,0.5119047619047619,True
hist_gradient_boosting,2023-04-14,2023-04-17,2023-04-13,0.49093233325126506,0,1,0.014216546428001742,0.5092592592592593,False
hist_gradient_boosting,2023-04-17,2023-04-18,2023-04-13,0.4430755951382702,0,1,0.0022807414735810383,0.5092592592592593,False
hist_gradient_boosting,2023-04-18,2023-04-19,2023-04-13,0.5021147154634473,1,0,-0.006837794082699689,0.5092592592592593,False
hist_gradient_boosting,2023-04-19,2023-04-20,2023-04-13,0.4504805559839682,0,0,-0.0009190451295281177,0.5092592592592593,True
hist_gradient_boosting,2023-04-20,2023-04-21,2023-04-13,0.5131003710921266,1,0,-0.019534569179790684,0.5092592592592593,False
hist_gradient_boosting,2023-04-21,2023-04-24,2023-04-20,0.657872106579348,1,0,-0.007828683463801389,0.5105820105820106,False
hist_gradient_boosting,2023-04-24,2023-04-25,2023-04-20,0.6195408530132261,1,0,-0.0032183117060351485,0.5105820105820106,False
hist_gradient_boosting,2023-04-25,2023-04-26,2023-04-20,0.629491908525055,1,0,-0.00023618079693599192,0.5105820105820106,False
hist_gradient_boosting,2023-04-26,2023-04-27,2023-04-20,0.543991172781163,1,1,0.006673752641079611,0.5105820105820106,True
hist_gradient_boosting,2023-04-27,2023-04-28,2023-04-20,0.4745021316920925,0,1,0.011379036949687116,0.5105820105820106,False
hist_gradient_boosting,2023-04-28,2023-05-04,2023-04-27,0.4450170303116374,0,1,0.008179913871697586,0.5132275132275133,False
hist_gradient_boosting,2023-05-04,2023-05-05,2023-04-27,0.511256517884831,1,0,-0.004762303143745594,0.5132275132275133,False
hist_gradient_boosting,2023-05-05,2023-05-08,2023-04-27,0.4947628121343368,0,1,0.018143874403104387,0.5132275132275133,False
hist_gradient_boosting,2023-05-08,2023-05-09,2023-04-27,0.5624723944971832,1,0,-0.010996424274778316,0.5132275132275133,False
hist_gradient_boosting,2023-05-09,2023-05-10,2023-04-27,0.5782693803814805,1,0,-0.011472268558081145,0.5132275132275133,False
hist_gradient_boosting,2023-05-10,2023-05-11,2023-05-09,0.5540089488385306,1,0,-0.002892125473306306,0.5119047619047619,False
hist_gradient_boosting,2023-05-11,2023-05-12,2023-05-09,0.6377888656948453,1,0,-0.011236961676253876,0.5119047619047619,False
hist_gradient_boosting,2023-05-12,2023-05-15,2023-05-09,0.5751547659810057,1,1,0.01172694254874429,0.5119047619047619,True
hist_gradient_boosting,2023-05-15,2023-05-16,2023-05-09,0.48638047108135796,0,0,-0.005965228222467811,0.5119047619047619,True
hist_gradient_boosting,2023-05-16,2023-05-17,2023-05-09,0.6178252755448718,1,0,-0.0020526970112374476,0.5119047619047619,False
hist_gradient_boosting,2023-05-17,2023-05-18,2023-05-16,0.5066056172063638,1,1,0.003985071700172149,0.5092592592592593,True
hist_gradient_boosting,2023-05-18,2023-05-19,2023-05-16,0.5174142354350576,1,0,-0.004178605782229283,0.5092592592592593,False
hist_gradient_boosting,2023-05-19,2023-05-22,2023-05-16,0.45011503540972136,0,1,0.003937181610941476,0.5092592592592593,False
hist_gradient_boosting,2023-05-22,2023-05-23,2023-05-16,0.39620300843116174,0,0,-0.015237998857929758,0.5092592592592593,True
hist_gradient_boosting,2023-05-23,2023-05-24,2023-05-16,0.606241177817595,1,0,-0.012780517016928394,0.5092592592592593,False
hist_gradient_boosting,2023-05-24,2023-05-25,2023-05-23,0.461537548934685,0,0,-0.0010886654663232465,0.5092592592592593,True
hist_gradient_boosting,2023-05-25,2023-05-26,2023-05-23,0.476958083818053,0,1,0.0035121477930333267,0.5092592592592593,False
hist_gradient_boosting,2023-05-26,2023-05-29,2023-05-23,0.5270026815994295,1,1,0.0027843079905462975,0.5092592592592593,True
hist_gradient_boosting,2023-05-29,2023-05-30,2023-05-23,0.6559299935201554,1,1,0.0008582785308619556,0.5092592592592593,True
hist_gradient_boosting,2023-05-30,2023-05-31,2023-05-23,0.48557748747349255,0,0,-0.00609416876978941,0.5092592592592593,True
hist_gradient_boosting,2023-05-31,2023-06-01,2023-05-30,0.692532422197241,1,1,2.187504797834805e-05,0.5092592592592593,True
hist_gradient_boosting,2023-06-01,2023-06-02,2023-05-30,0.6332565415779483,1,1,0.007936661731626549,0.5092592592592593,True
hist_gradient_boosting,2023-06-02,2023-06-05,2023-05-30,0.5422404176731127,1,1,0.0007344735650505196,0.5092592592592593,True
hist_gradient_boosting,2023-06-05,2023-06-06,2023-05-30,0.5499353902442609,1,0,-0.011477579946548078,0.5092592592592593,False
hist_gradient_boosting,2023-06-06,2023-06-07,2023-05-30,0.5577454548398247,1,1,0.0007568207756518675,0.5092592592592593,True
hist_gradient_boosting,2023-06-07,2023-06-08,2023-06-06,0.5148216002118063,1,1,0.004949341549755015,0.5119047619047619,True
hist_gradient_boosting,2023-06-08,2023-06-09,2023-06-06,0.5081399127982604,1,1,0.005545207992754486,0.5119047619047619,True
hist_gradient_boosting,2023-06-09,2023-06-12,2023-06-06,0.42461037358271997,0,0,-0.0007959075393044746,0.5119047619047619,True
hist_gradient_boosting,2023-06-12,2023-06-13,2023-06-06,0.49875262923091424,0,1,0.0014989313788111858,0.5119047619047619,False
hist_gradient_boosting,2023-06-13,2023-06-14,2023-06-06,0.4321382970233664,0,0,-0.0014487239187482848,0.5119047619047619,True
hist_gradient_boosting,2023-06-14,2023-06-15,2023-06-13,0.589687635279761,1,1,0.007428455850588822,0.5105820105820106,True
hist_gradient_boosting,2023-06-15,2023-06-16,2023-06-13,0.5356254718254985,1,1,0.006258578493269162,0.5105820105820106,True
hist_gradient_boosting,2023-06-16,2023-06-19,2023-06-13,0.5483333829712653,1,0,-0.005354907096101202,0.5105820105820106,False
hist_gradient_boosting,2023-06-19,2023-06-20,2023-06-13,0.5220611952721756,1,0,-0.004742574165282676,0.5105820105820106,False
hist_gradient_boosting,2023-06-20,2023-06-21,2023-06-13,0.4692497371973407,0,0,-0.013104604765488026,0.5105820105820106,True
hist_gradient_boosting,2023-06-21,2023-06-26,2023-06-20,0.6417765825059288,1,0,-0.014785385326644418,0.5105820105820106,False
hist_gradient_boosting,2023-06-26,2023-06-27,2023-06-20,0.4913379086677592,0,1,0.012322594776537521,0.5105820105820106,False
hist_gradient_boosting,2023-06-27,2023-06-28,2023-06-20,0.5251279570114686,1,0,-2.0975451291316283e-05,0.5105820105820106,False
hist_gradient_boosting,2023-06-28,2023-06-29,2023-06-20,0.4988908039661228,0,0,-0.00219309370817955,0.5105820105820106,True
hist_gradient_boosting,2023-06-29,2023-06-30,2023-06-20,0.5469594558657616,1,1,0.006184394251700587,0.5105820105820106,True
hist_gradient_boosting,2023-06-30,2023-07-03,2023-06-29,0.350082731519916,0,1,0.013089283116071826,0.5105820105820106,False
hist_gradient_boosting,2023-07-03,2023-07-04,2023-06-29,0.6040951172187685,1,1,0.00042361608828689334,0.5105820105820106,True
hist_gradient_boosting,2023-07-04,2023-07-05,2023-06-29,0.4343441918005982,0,0,-0.006902893531457344,0.5105820105820106,True
hist_gradient_boosting,2023-07-05,2023-07-06,2023-06-29,0.47113634838313345,0,0,-0.005390129139266953,0.5105820105820106,True
hist_gradient_boosting,2023-07-06,2023-07-07,2023-06-29,0.4013381197987614,0,0,-0.0027968774898030624,0.5105820105820106,True
hist_gradient_boosting,2023-07-07,2023-07-10,2023-07-06,0.4030145401945308,0,1,0.002216911594948856,0.5105820105820106,False
hist_gradient_boosting,2023-07-10,2023-07-11,2023-07-06,0.4508008022950207,0,1,0.005515754648116156,0.5105820105820106,False
hist_gradient_boosting,2023-07-11,2023-07-12,2023-07-06,0.49732539914426144,0,0,-0.007832979953290575,0.5105820105820106,True
hist_gradient_boosting,2023-07-12,2023-07-13,2023-07-06,0.49792761972978977,0,1,0.012623470663946312,0.5105820105820106,False
hist_gradient_boosting,2023-07-13,2023-07-14,2023-07-06,0.5341600746477199,1,1,0.0003773235119635121,0.5105820105820106,True
hist_gradient_boosting,2023-07-14,2023-07-17,2023-07-13,0.5717916904763493,1,0,-0.008670163880471704,0.5092592592592593,False
hist_gradient_boosting,2023-07-17,2023-07-18,2023-07-13,0.5337042550397759,1,0,-0.003679458609214148,0.5092592592592593,False
hist_gradient_boosting,2023-07-18,2023-07-19,2023-07-13,0.4711296634287652,0,1,0.0003176226204844035,0.5092592592592593,False
hist_gradient_boosting,2023-07-19,2023-07-20,2023-07-13,0.41773218682643953,0,0,-0.009163896440073538,0.5092592592592593,True
hist_gradient_boosting,2023-07-20,2023-07-21,2023-07-13,0.6317212249611327,1,0,-0.000560589262355693,0.5092592592592593,False
hist_gradient_boosting,2023-07-21,2023-07-24,2023-07-20,0.5476936768392053,1,0,-0.0011315304021294326,0.5066137566137566,False
hist_gradient_boosting,2023-07-24,2023-07-25,2023-07-20,0.5913146450703408,1,1,0.021288583058104882,0.5066137566137566,True
hist_gradient_boosting,2023-07-25,2023-07-26,2023-07-20,0.5673470957659527,1,0,-0.0026282976999099095,0.5066137566137566,False
hist_gradient_boosting,2023-07-26,2023-07-27,2023-07-20,0.4491425043414421,0,0,-0.0019723689019259805,0.5066137566137566,True
hist_gradient_boosting,2023-07-27,2023-07-28,2023-07-20,0.41477675556303845,0,1,0.01842115710376202,0.5066137566137566,False
hist_gradient_boosting,2023-07-28,2023-07-31,2023-07-27,0.43918415926285587,0,1,0.00461368827748454,0.5066137566137566,False
hist_gradient_boosting,2023-07-31,2023-08-01,2023-07-27,0.48716216542855867,0,0,-2.7498907791967397e-05,0.5066137566137566,True
hist_gradient_boosting,2023-08-01,2023-08-02,2023-07-27,0.38996388690299183,0,0,-0.008890747724372372,0.5066137566137566,True
hist_gradient_boosting,2023-08-02,2023-08-03,2023-07-27,0.4149596462888035,0,1,0.005755390081026324,0.5066137566137566,False
hist_gradient_boosting,2023-08-03,2023-08-04,2023-07-27,0.3776520918215376,0,1,0.0023233308619339255,0.5066137566137566,False
hist_gradient_boosting,2023-08-04,2023-08-07,2023-08-03,0.4747744431052467,0,0,-0.0058554157463485135,0.5052910052910053,True
hist_gradient_boosting,2023-08-07,2023-08-08,2023-08-03,0.400862511531033,0,0,-0.002512060044949971,0.5052910052910053,True
hist_gradient_boosting,2023-08-08,2023-08-09,2023-08-03,0.44003444739749054,0,0,-0.0049478019453725874,0.5052910052910053,True
hist_gradient_boosting,2023-08-09,2023-08-10,2023-08-03,0.4545735658889655,0,1,0.0031046513459278557,0.5052910052910053,False
hist_gradient_boosting,2023-08-10,2023-08-11,2023-08-03,0.43123562130987764,0,0,-0.020067752943662365,0.5052910052910053,True
hist_gradient_boosting,2023-08-11,2023-08-14,2023-08-10,0.5809899205286589,1,0,-0.0033929001444854556,0.5013227513227513,False
hist_gradient_boosting,2023-08-14,2023-08-15,2023-08-10,0.526361750721635,1,0,-0.0007083377590023643,0.5013227513227513,False
hist_gradient_boosting,2023-08-15,2023-08-16,2023-08-10,0.581180186530375,1,0,-0.008201088869199236,0.5013227513227513,False
hist_gradient_boosting,2023-08-16,2023-08-17,2023-08-10,0.5292996330837034,1,1,0.0043209676864846,0.5013227513227513,True
hist_gradient_boosting,2023-08-17,2023-08-18,2023-08-10,0.56219050392409,1,0,-0.010047066773169355,0.5013227513227513,False
hist_gradient_boosting,2023-08-18,2023-08-21,2023-08-17,0.4893468919559889,0,0,-0.012444407690664572,0.4973544973544973,True
hist_gradient_boosting,2023-08-21,2023-08-22,2023-08-17,0.5490501392719629,1,1,0.008844583651540727,0.4973544973544973,True
hist_gradient_boosting,2023-08-22,2023-08-23,2023-08-17,0.6433700358487523,1,0,-0.013438209719742189,0.4973544973544973,False
hist_gradient_boosting,2023-08-23,2023-08-24,2023-08-17,0.5150663917377616,1,1,0.0012479851153948118,0.4973544973544973,True
hist_gradient_boosting,2023-08-24,2023-08-25,2023-08-17,0.6421145495456947,1,0,-0.0058947963203040965,0.4973544973544973,False
hist_gradient_boosting,2023-08-25,2023-08-28,2023-08-24,0.5547184661825523,1,1,0.01127962056538645,0.4973544973544973,True
hist_gradient_boosting,2023-08-28,2023-08-29,2023-08-24,0.5761834863760679,1,1,0.012021546381548509,0.4973544973544973,True
hist_gradient_boosting,2023-08-29,2023-08-30,2023-08-24,0.5799434409896795,1,1,0.0003988664513931983,0.4973544973544973,True
hist_gradient_boosting,2023-08-30,2023-08-31,2023-08-24,0.4734656292506453,0,0,-0.005502181526949257,0.4973544973544973,True
hist_gradient_boosting,2023-08-31,2023-09-01,2023-08-24,0.43833944577242495,0,1,0.004285522336718195,0.4973544973544973,False
hist_gradient_boosting,2023-09-01,2023-09-04,2023-08-31,0.5584383789006158,1,1,0.013983450457316415,0.49867724867724866,True
hist_gradient_boosting,2023-09-04,2023-09-05,2023-08-31,0.4044528923176951,0,0,-0.00714213702522426,0.49867724867724866,True
hist_gradient_boosting,2023-09-05,2023-09-06,2023-08-31,0.42255414184324613,0,1,0.0011753855200151708,0.49867724867724866,False
hist_gradient_boosting,2023-09-06,2023-09-07,2023-08-31,0.5494217128211912,1,0,-0.011312137459350669,0.49867724867724866,False
hist_gradient_boosting,2023-09-07,2023-09-08,2023-08-31,0.5456533438750334,1,0,-0.0018041525935430514,0.49867724867724866,False
hist_gradient_boosting,2023-09-08,2023-09-11,2023-09-07,0.4887199133584004,0,1,0.008361324573651796,0.49603174603174605,False
hist_gradient_boosting,2023-09-11,2023-09-12,2023-09-07,0.40263169572567087,0,0,-0.0018199497960245115,0.49603174603174605,True
hist_gradient_boosting,2023-09-12,2023-09-13,2023-09-07,0.38896429291612433,0,0,-0.004460355594808174,0.49603174603174605,True
hist_gradient_boosting,2023-09-13,2023-09-14,2023-09-07,0.43745956432280086,0,1,0.0011156341223430566,0.49603174603174605,False
hist_gradient_boosting,2023-09-14,2023-09-15,2023-09-07,0.43910781023530077,0,0,-0.002817065743784042,0.49603174603174605,True
hist_gradient_boosting,2023-09-15,2023-09-18,2023-09-14,0.502241469940399,1,1,0.0026264188387024046,0.4933862433862434,True
hist_gradient_boosting,2023-09-18,2023-09-19,2023-09-14,0.3520395463197963,0,0,-0.00031197096776158784,0.4933862433862434,True
hist_gradient_boosting,2023-09-19,2023-09-20,2023-09-14,0.43930479671922157,0,0,-0.00524448866763505,0.4933862433862434,True
hist_gradient_boosting,2023-09-20,2023-09-21,2023-09-14,0.5040378738244018,1,0,-0.007677779854832867,0.4933862433862434,False
hist_gradient_boosting,2023-09-21,2023-09-22,2023-09-14,0.5566962071017828,1,1,0.015473331126744538,0.4933862433862434,True
hist_gradient_boosting,2023-09-22,2023-09-25,2023-09-21,0.41419089558863276,0,0,-0.0053710670011117845,0.49206349206349204,True
hist_gradient_boosting,2023-09-25,2023-09-26,2023-09-21,0.45108783392553986,0,0,-0.004279904227975417,0.49206349206349204,True
hist_gradient_boosting,2023-09-26,2023-09-27,2023-09-21,0.43566980584375337,0,1,0.0016255824842730249,0.49206349206349204,False
hist_gradient_boosting,2023-09-27,2023-09-28,2023-09-21,0.40669568018777424,0,1,0.00101685840987642,0.49206349206349204,False
hist_gradient_boosting,2023-09-28,2023-10-09,2023-09-21,0.46246715400795835,0,0,-0.00435717975320371,0.49206349206349204,True
hist_gradient_boosting,2023-10-09,2023-10-10,2023-09-28,0.4918031822208063,0,0,-0.007002532578794907,0.49074074074074076,True
hist_gradient_boosting,2023-10-10,2023-10-11,2023-09-28,0.5712180654233562,1,1,0.0012095006298864508,0.49074074074074076,True
hist_gradient_boosting,2023-10-11,2023-10-12,2023-09-28,0.6200011110472582,1,1,0.009400947516099434,0.49074074074074076,True
hist_gradient_boosting,2023-10-12,2023-10-13,2023-09-28,0.49642550502382904,0,0,-0.006371374735364088,0.49074074074074076,True
hist_gradient_boosting,2023-10-13,2023-10-16,2023-09-28,0.4795358109443514,0,0,-0.004626179257006258,0.49074074074074076,True
hist_gradient_boosting,2023-10-16,2023-10-17,2023-10-13,0.5815117046473858,1,1,0.0031502892336001675,0.4894179894179894,True
hist_gradient_boosting,2023-10-17,2023-10-18,2023-10-13,0.5327489603926937,1,0,-0.00803847217074749,0.4894179894179894,False
hist_gradient_boosting,2023-10-18,2023-10-19,2023-10-13,0.6126470266731049,1,0,-0.017431009636808326,0.4894179894179894,False
hist_gradient_boosting,2023-10-19,2023-10-20,2023-10-13,0.4903917076440425,0,0,-0.0074316061251747945,0.4894179894179894,True
hist_gradient_boosting,2023-10-20,2023-10-23,2023-10-13,0.5804695559443228,1,0,-0.014671921452428904,0.4894179894179894,False
hist_gradient_boosting,2023-10-23,2023-10-24,2023-10-20,0.4873627612753345,0,1,0.007808821126371601,0.4894179894179894,False
hist_gradient_boosting,2023-10-24,2023-10-25,2023-10-20,0.526009110811692,1,1,0.004007030211592655,0.4894179894179894,True
hist_gradient_boosting,2023-10-25,2023-10-26,2023-10-20,0.6473842592591771,1,1,0.004769723818542904,0.4894179894179894,True
hist_gradient_boosting,2023-10-26,2023-10-27,2023-10-20,0.5819464430762983,1,1,0.009866816549025659,0.4894179894179894,True
hist_gradient_boosting,2023-10-27,2023-10-30,2023-10-20,0.5764120622781692,1,1,0.0012489958692207814,0.4894179894179894,True
hist_gradient_boosting,2023-10-30,2023-10-31,2023-10-27,0.561629270406731,1,0,-0.0009209832267071949,0.4933862433862434,False
hist_gradient_boosting,2023-10-31,2023-11-01,2023-10-27,0.4895633022399082,0,1,0.0014263753595586959,0.4933862433862434,False
hist_gradient_boosting,2023-11-01,2023-11-02,2023-10-27,0.6158940798692204,1,0,-0.004522115136682769,0.4933862433862434,False
hist_gradient_boosting,2023-11-02,2023-11-03,2023-10-27,0.59810201525804,1,1,0.0071083467706483106,0.4933862433862434,True
hist_gradient_boosting,2023-11-03,2023-11-06,2023-10-27,0.5228259321113187,1,1,0.00911073675422136,0.4933862433862434,True
hist_gradient_boosting,2023-11-06,2023-11-07,2023-11-03,0.5016250916400027,1,0,-0.00037300421248231963,0.4933862433862434,False
hist_gradient_boosting,2023-11-07,2023-11-08,2023-11-03,0.40368171255731466,0,0,-0.0016017886809265303,0.4933862433862434,True
hist_gradient_boosting,2023-11-08,2023-11-09,2023-11-03,0.4566968435972972,0,1,0.00029701485329791666,0.4933862433862434,False
hist_gradient_boosting,2023-11-09,2023-11-10,2023-11-03,0.505381967060913,1,0,-0.004686535053852858,0.4933862433862434,False
hist_gradient_boosting,2023-11-10,2023-11-13,2023-11-03,0.5316896781195282,1,1,0.0024886722306791675,0.4933862433862434,True
hist_gradient_boosting,2023-11-13,2023-11-14,2023-11-10,0.46286226916823753,0,1,0.0031305750875034732,0.4947089947089947,False
hist_gradient_boosting,2023-11-14,2023-11-15,2023-11-10,0.4088313553413029,0,1,0.005485639515557139,0.4947089947089947,False
hist_gradient_boosting,2023-11-15,2023-11-16,2023-11-10,0.43771295923873443,0,0,-0.007129930967977982,0.4947089947089947,True
hist_gradient_boosting,2023-11-16,2023-11-17,2023-11-10,0.4625754652854247,0,1,0.0011274610850078304,0.4947089947089947,False
hist_gradient_boosting,2023-11-17,2023-11-20,2023-11-10,0.4341885199677969,0,1,0.004568411999153366,0.4947089947089947,False
hist_gradient_boosting,2023-11-20,2023-11-21,2023-11-17,0.5019852504875277,1,0,-0.00012589955197295222,0.49603174603174605,False
hist_gradient_boosting,2023-11-21,2023-11-22,2023-11-17,0.541242267794847,1,0,-0.00792774861300749,0.49603174603174605,False
hist_gradient_boosting,2023-11-22,2023-11-23,2023-11-17,0.5310080079802713,1,1,0.005994589978811415,0.49603174603174605,True
hist_gradient_boosting,2023-11-23,2023-11-24,2023-11-17,0.4112839730442164,0,0,-0.006820862455918064,0.49603174603174605,True
hist_gradient_boosting,2023-11-24,2023-11-27,2023-11-17,0.4711780785362821,0,0,-0.0030488609940039213,0.49603174603174605,True
hist_gradient_boosting,2023-11-27,2023-11-28,2023-11-24,0.440464970248839,0,1,0.0022608765866756197,0.4947089947089947,False
hist_gradient_boosting,2023-11-28,2023-11-29,2023-11-24,0.3853601290163592,0,0,-0.00555102763501536,0.4947089947089947,True
hist_gradient_boosting,2023-11-29,2023-11-30,2023-11-24,0.4131139416143763,0,1,0.0026426625070483656,0.4947089947089947,False
hist_gradient_boosting,2023-11-30,2023-12-01,2023-11-24,0.4292514474036107,0,1,0.0006479577810500903,0.4947089947089947,False
hist_gradient_boosting,2023-12-01,2023-12-04,2023-11-24,0.3964213746176628,0,0,-0.002876994657471821,0.4947089947089947,True
hist_gradient_boosting,2023-12-04,2023-12-05,2023-12-01,0.49650012692514967,0,0,-0.016744738139737758,0.4973544973544973,True
hist_gradient_boosting,2023-12-05,2023-12-06,2023-12-01,0.4311005568711488,0,0,-0.0011312803681491346,0.4973544973544973,True
hist_gradient_boosting,2023-12-06,2023-12-07,2023-12-01,0.5061216475787841,1,0,-0.0009186127246909592,0.4973544973544973,False
hist_gradient_boosting,2023-12-07,2023-12-08,2023-12-01,0.5836354070355406,1,1,0.001130501349855706,0.4973544973544973,True
hist_gradient_boosting,2023-12-08,2023-12-11,2023-12-01,0.6267553692087305,1,1,0.007367793350084195,0.4973544973544973,True
hist_gradient_boosting,2023-12-11,2023-12-12,2023-12-08,0.5434709154689784,1,1,0.004011214002895169,0.4947089947089947,True
hist_gradient_boosting,2023-12-12,2023-12-13,2023-12-08,0.5129438052072024,1,0,-0.011545835908438051,0.4947089947089947,False
hist_gradient_boosting,2023-12-13,2023-12-14,2023-12-08,0.6034618703444717,1,0,-0.003292619822561682,0.4947089947089947,False
hist_gradient_boosting,2023-12-14,2023-12-15,2023-12-08,0.5744429732492203,1,0,-0.0055521730149684645,0.4947089947089947,False
hist_gradient_boosting,2023-12-15,2023-12-18,2023-12-08,0.6473205464982417,1,0,-0.003994213467688912,0.4947089947089947,False
hist_gradient_boosting,2023-12-18,2023-12-19,2023-12-15,0.5321251328886507,1,1,0.0005415579535932302,0.49074074074074076,True
hist_gradient_boosting,2023-12-19,2023-12-20,2023-12-15,0.5651456296395218,1,0,-0.01032645444120217,0.49074074074074076,False
hist_gradient_boosting,2023-12-20,2023-12-21,2023-12-15,0.5424736340800641,1,1,0.005721803201367726,0.49074074074074076,True
hist_gradient_boosting,2023-12-21,2023-12-22,2023-12-15,0.5107214987692551,1,0,-0.0013498063822540152,0.49074074074074076,False
hist_gradient_boosting,2023-12-22,2023-12-25,2023-12-15,0.5770705412808625,1,1,0.0013851497021108994,0.49074074074074076,True
hist_gradient_boosting,2023-12-25,2023-12-26,2023-12-22,0.4960221341790724,0,0,-0.0068294552380649964,0.4933862433862434,True
hist_gradient_boosting,2023-12-26,2023-12-27,2023-12-22,0.5724859236226044,1,1,0.00542799531418825,0.4933862433862434,True
hist_gradient_boosting,2023-12-27,2023-12-28,2023-12-22,0.4545546928188967,0,1,0.013754721122915203,0.4933862433862434,False
hist_gradient_boosting,2023-12-28,2023-12-29,2023-12-22,0.47492328961791147,0,1,0.006847150653187306,0.4933862433862434,False
hist_gradient_boosting,2023-12-29,2024-01-02,2023-12-22,0.38646349689797743,0,0,-0.004255084850935287,0.4933862433862434,True
hist_gradient_boosting,2024-01-02,2024-01-03,2023-12-29,0.5141824460033843,1,1,0.0016781014545503847,0.49206349206349204,True
hist_gradient_boosting,2024-01-03,2024-01-04,2023-12-29,0.44615426862097846,0,0,-0.004346992053779641,0.49206349206349204,True
hist_gradient_boosting,2024-01-04,2024-01-05,2023-12-29,0.3792802562195536,0,0,-0.008518053692106453,0.49206349206349204,True
hist_gradient_boosting,2024-01-05,2024-01-08,2023-12-29,0.44844090612263826,0,0,-0.014217410020055832,0.49206349206349204,True
hist_gradient_boosting,2024-01-08,2024-01-09,2023-12-29,0.4983295940684996,0,1,0.001978640695936784,0.49206349206349204,False
hist_gradient_boosting,2024-01-09,2024-01-10,2024-01-08,0.45755602130956446,0,0,-0.005374230714075834,0.49206349206349204,True
hist_gradient_boosting,2024-01-10,2024-01-11,2024-01-08,0.58142129303733,1,1,0.003109390432776804,0.49206349206349204,True
hist_gradient_boosting,2024-01-11,2024-01-12,2024-01-08,0.5926343877755109,1,0,-0.0016189353320329447,0.49206349206349204,False
hist_gradient_boosting,2024-01-12,2024-01-15,2024-01-08,0.5733111404208894,1,1,0.0014968544681950302,0.49206349206349204,True
hist_gradient_boosting,2024-01-15,2024-01-16,2024-01-08,0.49291984157531066,0,1,0.002667021632054567,0.49206349206349204,False
hist_gradient_boosting,2024-01-16,2024-01-17,2024-01-15,0.5069449630133117,1,0,-0.020861657851727555,0.4933862433862434,False
hist_gradient_boosting,2024-01-17,2024-01-18,2024-01-15,0.528088426324535,1,1,0.004294408076297662,0.4933862433862434,True
hist_gradient_boosting,2024-01-18,2024-01-19,2024-01-15,0.45913833385458114,0,0,-0.004745476281596717,0.4933862433862434,True
hist_gradient_boosting,2024-01-19,2024-01-22,2024-01-15,0.6469048004256686,1,0,-0.026812115598910058,0.4933862433862434,False
hist_gradient_boosting,2024-01-22,2024-01-23,2024-01-15,0.46980282696881404,0,1,0.0053100853055167985,0.4933862433862434,False
hist_gradient_boosting,2024-01-23,2024-01-24,2024-01-22,0.5368542235450666,1,1,0.017970417141424333,0.4933862433862434,True
hist_gradient_boosting,2024-01-24,2024-01-25,2024-01-22,0.6002899065815877,1,1,0.030252995642788383,0.4933862433862434,True
hist_gradient_boosting,2024-01-25,2024-01-26,2024-01-22,0.41353444678277695,0,1,0.0014156387199142362,0.4933862433862434,False
hist_gradient_boosting,2024-01-26,2024-01-29,2024-01-22,0.4650313962580952,0,0,-0.009231836450179443,0.4933862433862434,True
hist_gradient_boosting,2024-01-29,2024-01-30,2024-01-22,0.4703690916388211,0,0,-0.018322191224392714,0.4933862433862434,True
hist_gradient_boosting,2024-01-30,2024-01-31,2024-01-29,0.5924231601933047,1,0,-0.014830597246462851,0.4947089947089947,False
hist_gradient_boosting,2024-01-31,2024-02-01,2024-01-29,0.5281345313253241,1,0,-0.00638608290866205,0.4947089947089947,False
hist_gradient_boosting,2024-02-01,2024-02-02,2024-01-29,0.5457252057232168,1,0,-0.014648900873170945,0.4947089947089947,False
hist_gradient_boosting,2024-02-02,2024-02-05,2024-01-29,0.5631688999581272,1,0,-0.010243751996225847,0.4947089947089947,False
hist_gradient_boosting,2024-02-05,2024-02-06,2024-01-29,0.6917876817490842,1,1,0.03230755851283318,0.4947089947089947,True
hist_gradient_boosting,2024-02-06,2024-02-07,2024-02-05,0.6413450084558007,1,1,0.014414698621896704,0.49206349206349204,True
hist_gradient_boosting,2024-02-07,2024-02-08,2024-02-05,0.5836812362973236,1,1,0.01279558126322855,0.49206349206349204,True
hist_gradient_boosting,2024-02-08,2024-02-19,2024-02-05,0.5342341281364906,1,1,0.015576520518906456,0.49206349206349204,True
hist_gradient_boosting,2024-02-19,2024-02-20,2024-02-05,0.4876137993519312,0,1,0.0041869148860145255,0.49206349206349204,False
hist_gradient_boosting,2024-02-20,2024-02-21,2024-02-05,0.4324529176011152,0,1,0.009657203391541191,0.49206349206349204,False
hist_gradient_boosting,2024-02-21,2024-02-22,2024-02-20,0.40990926924995846,0,1,0.01267460615130922,0.4933862433862434,False
hist_gradient_boosting,2024-02-22,2024-02-23,2024-02-20,0.5144953312664502,1,1,0.005529190647786342,0.4933862433862434,True
hist_gradient_boosting,2024-02-23,2024-02-26,2024-02-20,0.3331162172137043,0,0,-0.009271215732003957,0.4933862433862434,True
hist_gradient_boosting,2024-02-26,2024-02-27,2024-02-20,0.4555700049165433,0,1,0.012918479846018016,0.4933862433862434,False
hist_gradient_boosting,2024-02-27,2024-02-28,2024-02-20,0.4705909087471661,0,0,-0.019110817058122676,0.4933862433862434,True
hist_gradient_boosting,2024-02-28,2024-02-29,2024-02-27,0.5034025126066023,1,1,0.019378519360871316,0.4933862433862434,True
hist_gradient_boosting,2024-02-29,2024-03-01,2024-02-27,0.5107668764956169,1,1,0.003929859770483324,0.4933862433862434,True
hist_gradient_boosting,2024-03-01,2024-03-04,2024-02-27,0.5096529138161695,1,1,0.00405847942088533,0.4933862433862434,True
hist_gradient_boosting,2024-03-04,2024-03-05,2024-02-27,0.43969144595729276,0,1,0.002792611667369327,0.4933862433862434,False
hist_gradient_boosting,2024-03-05,2024-03-06,2024-02-27,0.4293625514213351,0,0,-0.0025796370495096976,0.4933862433862434,True
hist_gradient_boosting,2024-03-06,2024-03-07,2024-03-05,0.5391048543788919,1,0,-0.004121672634072038,0.49603174603174605,False
hist_gradient_boosting,2024-03-07,2024-03-08,2024-03-05,0.482120074645072,0,1,0.0061497958661773655,0.49603174603174605,False
hist_gradient_boosting,2024-03-08,2024-03-11,2024-03-05,0.5580145417090159,1,1,0.00736574477271823,0.49603174603174605,True
hist_gradient_boosting,2024-03-11,2024-03-12,2024-03-05,0.5687123776563852,1,0,-0.004080359127918154,0.49603174603174605,False
hist_gradient_boosting,2024-03-12,2024-03-13,2024-03-05,0.5952479646723166,1,0,-0.003959639193896414,0.49603174603174605,False
hist_gradient_boosting,2024-03-13,2024-03-14,2024-03-12,0.5676368556497325,1,0,-0.001840014565837489,0.4947089947089947,False
hist_gradient_boosting,2024-03-14,2024-03-15,2024-03-12,0.5352700287165286,1,1,0.005398531034756848,0.4947089947089947,True
hist_gradient_boosting,2024-03-15,2024-03-18,2024-03-12,0.440920160004155,0,1,0.009916173642822601,0.4947089947089947,False
hist_gradient_boosting,2024-03-18,2024-03-19,2024-03-12,0.5528820426563593,1,0,-0.007186687318484264,0.4947089947089947,False
hist_gradient_boosting,2024-03-19,2024-03-20,2024-03-12,0.5464134473992232,1,1,0.00552773420590702,0.4947089947089947,True
hist_gradient_boosting,2024-03-20,2024-03-21,2024-03-19,0.429671413658917,0,0,-0.0008354423417011869,0.4947089947089947,True
hist_gradient_boosting,2024-03-21,2024-03-22,2024-03-19,0.4993157632648625,0,0,-0.009450221685066373,0.4947089947089947,True
hist_gradient_boosting,2024-03-22,2024-03-25,2024-03-19,0.405233551492544,0,0,-0.007128563149697675,0.4947089947089947,True
hist_gradient_boosting,2024-03-25,2024-03-26,2024-03-19,0.5842880097723824,1,1,0.0017101379883821544,0.4947089947089947,True
hist_gradient_boosting,2024-03-26,2024-03-27,2024-03-19,0.3611482588042196,0,0,-0.01264797676937357,0.4947089947089947,True
hist_gradient_boosting,2024-03-27,2024-03-28,2024-03-26,0.4644038369858075,0,1,0.005854990754187384,0.4933862433862434,False
hist_gradient_boosting,2024-03-28,2024-03-29,2024-03-26,0.3769128939862241,0,1,0.010131753012857514,0.4933862433862434,False
hist_gradient_boosting,2024-03-29,2024-04-01,2024-03-26,0.4362526318992209,0,1,0.011907172868414362,0.4933862433862434,False
hist_gradient_boosting,2024-04-01,2024-04-02,2024-03-26,0.47108130881242144,0,0,-0.000786383579842953,0.4933862433862434,True
hist_gradient_boosting,2024-04-02,2024-04-03,2024-03-26,0.38367980352834924,0,0,-0.0018415532488794684,0.4933862433862434,True
hist_gradient_boosting,2024-04-03,2024-04-08,2024-04-02,0.38976290407377373,0,0,-0.007247036690076092,0.4933862433862434,True
hist_gradient_boosting,2024-04-08,2024-04-09,2024-04-02,0.457163674261531,0,1,0.0004871264775672124,0.4933862433862434,False
hist_gradient_boosting,2024-04-09,2024-04-10,2024-04-02,0.4585402293600472,0,0,-0.006954811667196914,0.4933862433862434,True
hist_gradient_boosting,2024-04-10,2024-04-11,2024-04-02,0.5884949751665087,1,1,0.0022830311902393152,0.4933862433862434,True
hist_gradient_boosting,2024-04-11,2024-04-12,2024-04-02,0.39351266752082387,0,0,-0.004868721274580712,0.4933862433862434,True
hist_gradient_boosting,2024-04-12,2024-04-15,2024-04-11,0.5553429951545565,1,1,0.012553214989301953,0.4933862433862434,True
hist_gradient_boosting,2024-04-15,2024-04-16,2024-04-11,0.3372044414619665,0,0,-0.016455114997898757,0.4933862433862434,True
hist_gradient_boosting,2024-04-16,2024-04-17,2024-04-11,0.5994859425495734,1,1,0.021387111252984203,0.4933862433862434,True
hist_gradient_boosting,2024-04-17,2024-04-18,2024-04-11,0.3637836127928661,0,1,0.0009259679506994356,0.4933862433862434,False
hist_gradient_boosting,2024-04-18,2024-04-19,2024-04-11,0.47216162029110076,0,0,-0.002915727107251742,0.4933862433862434,True
hist_gradient_boosting,2024-04-19,2024-04-22,2024-04-18,0.3292780109239937,0,0,-0.006741938125334079,0.49603174603174605,True
hist_gradient_boosting,2024-04-22,2024-04-23,2024-04-18,0.5159085731565314,1,0,-0.007428803671502893,0.49603174603174605,False
hist_gradient_boosting,2024-04-23,2024-04-24,2024-04-18,0.4360116449332061,0,1,0.007559553305740874,0.49603174603174605,False
hist_gradient_boosting,2024-04-24,2024-04-25,2024-04-18,0.3836327822908085,0,1,0.002652929860635922,0.49603174603174605,False
hist_gradient_boosting,2024-04-25,2024-04-26,2024-04-18,0.3767561774864571,0,1,0.01170549313767233,0.49603174603174605,False
hist_gradient_boosting,2024-04-26,2024-04-29,2024-04-25,0.47990059350524705,0,1,0.00790235637048431,0.49603174603174605,False
hist_gradient_boosting,2024-04-29,2024-04-30,2024-04-25,0.41596723202511954,0,0,-0.0026400854315159483,0.49603174603174605,True
hist_gradient_boosting,2024-04-30,2024-05-06,2024-04-25,0.3598792836181092,0,1,0.011561329794969044,0.49603174603174605,False
hist_gradient_boosting,2024-05-06,2024-05-07,2024-04-25,0.3984430619411841,0,1,0.002234391829339488,0.49603174603174605,False
hist_gradient_boosting,2024-05-07,2024-05-08,2024-04-25,0.3941533748125004,0,0,-0.006118107669698003,0.49603174603174605,True
hist_gradient_boosting,2024-05-08,2024-05-09,2024-05-07,0.4626326197339368,0,1,0.00825969852833941,0.4973544973544973,False
hist_gradient_boosting,2024-05-09,2024-05-10,2024-05-07,0.43648082468403926,0,1,7.199649775557759e-05,0.4973544973544973,False
hist_gradient_boosting,2024-05-10,2024-05-13,2024-05-07,0.42165150721375944,0,0,-0.0020689181635956677,0.4973544973544973,True
hist_gradient_boosting,2024-05-13,2024-05-14,2024-05-07,0.4094239236886706,0,0,-0.0007135912416331713,0.4973544973544973,True
hist_gradient_boosting,2024-05-14,2024-05-15,2024-05-07,0.5443733973588222,1,0,-0.008224429832744296,0.4973544973544973,False
hist_gradient_boosting,2024-05-15,2024-05-16,2024-05-14,0.5635769517337669,1,1,0.000800954619697869,0.49603174603174605,True
hist_gradient_boosting,2024-05-16,2024-05-17,2024-05-14,0.4756681554719218,0,1,0.01012851968725359,0.49603174603174605,False
hist_gradient_boosting,2024-05-17,2024-05-20,2024-05-14,0.4242044988712724,0,1,0.005427602173133428,0.49603174603174605,False
hist_gradient_boosting,2024-05-20,2024-05-21,2024-05-14,0.4437324453945836,0,0,-0.004156038145337493,0.49603174603174605,True
hist_gradient_boosting,2024-05-21,2024-05-22,2024-05-14,0.40927449623124795,0,1,0.00018182591406867843,0.49603174603174605,False
hist_gradient_boosting,2024-05-22,2024-05-23,2024-05-21,0.43893725200019207,0,0,-0.013345691786258551,0.49867724867724866,True
hist_gradient_boosting,2024-05-23,2024-05-24,2024-05-21,0.4411704364623076,0,0,-0.008829615833977011,0.49867724867724866,True
hist_gradient_boosting,2024-05-24,2024-05-27,2024-05-21,0.48441769592033074,0,1,0.011386751241270865,0.49867724867724866,False
hist_gradient_boosting,2024-05-27,2024-05-28,2024-05-21,0.42253715528341723,0,0,-0.004632010951706955,0.49867724867724866,True
hist_gradient_boosting,2024-05-28,2024-05-29,2024-05-21,0.40182764508059576,0,1,0.00046485495544557054,0.49867724867724866,False
hist_gradient_boosting,2024-05-29,2024-05-30,2024-05-28,0.5087576194730099,1,0,-0.0062165511374799864,0.49867724867724866,False
hist_gradient_boosting,2024-05-30,2024-05-31,2024-05-28,0.45646445838086264,0,0,-0.0015733851696965173,0.49867724867724866,True
hist_gradient_boosting,2024-05-31,2024-06-03,2024-05-28,0.5177145485552727,1,0,-0.0026968588383088354,0.49867724867724866,False
hist_gradient_boosting,2024-06-03,2024-06-04,2024-05-28,0.5528366383926786,1,1,0.004128811647091668,0.49867724867724866,True
hist_gradient_boosting,2024-06-04,2024-06-05,2024-05-28,0.41345953097125276,0,0,-0.008344916755930742,0.49867724867724866,True
hist_gradient_boosting,2024-06-05,2024-06-06,2024-06-04,0.6328595117588027,1,0,-0.005418373320783876,0.4973544973544973,False
hist_gradient_boosting,2024-06-06,2024-06-07,2024-06-04,0.3836053133037239,0,1,0.0008150108146043333,0.4973544973544973,False
hist_gradient_boosting,2024-06-07,2024-06-11,2024-06-04,0.4857274950123149,0,0,-0.0076143814722660075,0.4973544973544973,True
hist_gradient_boosting,2024-06-11,2024-06-12,2024-06-04,0.5269877363540756,1,1,0.003111710588458605,0.4973544973544973,True
hist_gradient_boosting,2024-06-12,2024-06-13,2024-06-04,0.42885836973013364,0,0,-0.0028144498665417794,0.4973544973544973,True
hist_gradient_boosting,2024-06-13,2024-06-14,2024-06-12,0.5524429556310879,1,1,0.0012263782451473748,0.49603174603174605,True
hist_gradient_boosting,2024-06-14,2024-06-17,2024-06-12,0.5822453983828598,1,0,-0.0055208125558734444,0.49603174603174605,False
hist_gradient_boosting,2024-06-17,2024-06-18,2024-06-12,0.5169572921617043,1,1,0.004760019983482744,0.49603174603174605,True
hist_gradient_boosting,2024-06-18,2024-06-19,2024-06-12,0.4081485556092376,0,0,-0.0040251842226426415,0.49603174603174605,True
hist_gradient_boosting,2024-06-19,2024-06-20,2024-06-12,0.4819010242459496,0,0,-0.004178924723259203,0.49603174603174605,True
hist_gradient_boosting,2024-06-20,2024-06-21,2024-06-19,0.5410556701671486,1,0,-0.002428665196730573,0.49603174603174605,False
hist_gradient_boosting,2024-06-21,2024-06-24,2024-06-19,0.5960343032813055,1,0,-0.011686854809904279,0.49603174603174605,False
hist_gradient_boosting,2024-06-24,2024-06-25,2024-06-19,0.6116300166886945,1,0,-0.004421924627625584,0.49603174603174605,False
hist_gradient_boosting,2024-06-25,2024-06-26,2024-06-19,0.5205675247319401,1,1,0.00763689093440556,0.49603174603174605,True
hist_gradient_boosting,2024-06-26,2024-06-27,2024-06-19,0.5414469470063711,1,0,-0.008973078141543578,0.49603174603174605,False
hist_gradient_boosting,2024-06-27,2024-06-28,2024-06-26,0.5801558054050399,1,1,0.007315505692002677,0.49206349206349204,True
hist_gradient_boosting,2024-06-28,2024-07-01,2024-06-26,0.4094993119001176,0,1,0.009209231722771216,0.49206349206349204,False
hist_gradient_boosting,2024-07-01,2024-07-02,2024-06-26,0.5243838319730458,1,1,0.0007616044757019491,0.49206349206349204,True
hist_gradient_boosting,2024-07-02,2024-07-03,2024-06-26,0.3725444948755002,0,0,-0.004883365296845299,0.49206349206349204,True
hist_gradient_boosting,2024-07-03,2024-07-04,2024-06-26,0.380990527168615,0,0,-0.008318402283065796,0.49206349206349204,True
hist_gradient_boosting,2024-07-04,2024-07-05,2024-07-03,0.4613669275564624,0,0,-0.002581074241090664,0.4933862433862434,True
hist_gradient_boosting,2024-07-05,2024-07-08,2024-07-03,0.487131165546723,0,0,-0.009316651329031811,0.4933862433862434,True
hist_gradient_boosting,2024-07-08,2024-07-09,2024-07-03,0.5733834219562506,1,1,0.012634126341537266,0.4933862433862434,True
hist_gradient_boosting,2024-07-09,2024-07-10,2024-07-03,0.5272488955833448,1,0,-0.006761163279079052,0.4933862433862434,False
hist_gradient_boosting,2024-07-10,2024-07-11,2024-07-03,0.6619656647109188,1,1,0.010554597600650695,0.4933862433862434,True
hist_gradient_boosting,2024-07-11,2024-07-12,2024-07-10,0.38212365394907105,0,1,0.0003055493704289258,0.49074074074074076,False
hist_gradient_boosting,2024-07-12,2024-07-15,2024-07-10,0.36510698004854913,0,1,0.0009139785850948989,0.49074074074074076,False
hist_gradient_boosting,2024-07-15,2024-07-16,2024-07-10,0.32391254096967004,0,1,0.0007712144411584632,0.49074074074074076,False
hist_gradient_boosting,2024-07-16,2024-07-17,2024-07-10,0.46336425337063736,0,0,-0.004518825578419539,0.49074074074074076,True
hist_gradient_boosting,2024-07-17,2024-07-18,2024-07-10,0.4793787379401222,0,1,0.0048191695111361454,0.49074074074074076,False
hist_gradient_boosting,2024-07-18,2024-07-19,2024-07-17,0.3520744518662753,0,1,0.0017383164624062974,0.49206349206349204,False
hist_gradient_boosting,2024-07-19,2024-07-22,2024-07-17,0.4113814580413389,0,0,-0.006066810121527988,0.49206349206349204,True
hist_gradient_boosting,2024-07-22,2024-07-23,2024-07-17,0.47491906259407707,0,0,-0.016478896355544892,0.49206349206349204,True
hist_gradient_boosting,2024-07-23,2024-07-24,2024-07-17,0.4562040347364702,0,0,-0.004602059739617914,0.49206349206349204,True
hist_gradient_boosting,2024-07-24,2024-07-25,2024-07-17,0.41194241092032025,0,0,-0.005241368929697621,0.49206349206349204,True
hist_gradient_boosting,2024-07-25,2024-07-26,2024-07-24,0.6495273466398556,1,1,0.0014395815683676538,0.49074074074074076,True
hist_gradient_boosting,2024-07-26,2024-07-29,2024-07-24,0.5456010256369574,1,1,0.00032792586578556104,0.49074074074074076,True
hist_gradient_boosting,2024-07-29,2024-07-30,2024-07-24,0.6600732029867001,1,0,-0.004338302605606192,0.49074074074074076,False
hist_gradient_boosting,2024-07-30,2024-07-31,2024-07-24,0.6647550122601323,1,1,0.02064727824780732,0.49074074074074076,True
hist_gradient_boosting,2024-07-31,2024-08-01,2024-07-24,0.6257902964900696,1,0,-0.002164934586288081,0.49074074074074076,False
hist_gradient_boosting,2024-08-01,2024-08-02,2024-07-31,0.35083975636306536,0,0,-0.009224430157941943,0.49074074074074076,True
hist_gradient_boosting,2024-08-02,2024-08-05,2024-07-31,0.4893194541275493,0,0,-0.015364720966152823,0.49074074074074076,True
hist_gradient_boosting,2024-08-05,2024-08-06,2024-07-31,0.5242742695573258,1,1,0.0023022005330308737,0.49074074074074076,True
hist_gradient_boosting,2024-08-06,2024-08-07,2024-07-31,0.48000668961306325,0,1,0.0008893783339263273,0.49074074074074076,False
hist_gradient_boosting,2024-08-07,2024-08-08,2024-07-31,0.4000426245289027,0,1,2.3555371046368734e-05,0.49074074074074076,False
hist_gradient_boosting,2024-08-08,2024-08-09,2024-08-07,0.38093862323529587,0,0,-0.0026855626468561544,0.49074074074074076,True
hist_gradient_boosting,2024-08-09,2024-08-12,2024-08-07,0.5592376294849553,1,0,-0.0013938607448041873,0.49074074074074076,False
hist_gradient_boosting,2024-08-12,2024-08-13,2024-08-07,0.5760267520331678,1,1,0.0034082234700762992,0.49074074074074076,True
hist_gradient_boosting,2024-08-13,2024-08-14,2024-08-07,0.4053340017667639,0,0,-0.006029437095398604,0.49074074074074076,True
hist_gradient_boosting,2024-08-14,2024-08-15,2024-08-07,0.5411459357620602,1,1,0.009367675255140595,0.49074074074074076,True
hist_gradient_boosting,2024-08-15,2024-08-16,2024-08-14,0.4178918077339758,0,1,0.0007200703117258289,0.49074074074074076,False
hist_gradient_boosting,2024-08-16,2024-08-19,2024-08-14,0.4256785012499392,0,1,0.0049468127335488,0.49074074074074076,False
hist_gradient_boosting,2024-08-19,2024-08-20,2024-08-14,0.3617807304398571,0,0,-0.009335122708026056,0.49074074074074076,True
hist_gradient_boosting,2024-08-20,2024-08-21,2024-08-14,0.4628065226306705,0,0,-0.0035152743906586847,0.49074074074074076,True
hist_gradient_boosting,2024-08-21,2024-08-22,2024-08-14,0.4948810667776278,0,0,-0.0027347700167322797,0.49074074074074076,True
hist_gradient_boosting,2024-08-22,2024-08-23,2024-08-21,0.4927577986158425,0,1,0.001964249997139067,0.4894179894179894,False
hist_gradient_boosting,2024-08-23,2024-08-26,2024-08-21,0.3997890335070612,0,1,0.00040387231146654656,0.4894179894179894,False
hist_gradient_boosting,2024-08-26,2024-08-27,2024-08-21,0.48174071928306317,0,0,-0.002377535190346891,0.4894179894179894,True
hist_gradient_boosting,2024-08-27,2024-08-28,2024-08-21,0.4172147848637029,0,0,-0.003967345181602355,0.4894179894179894,True
hist_gradient_boosting,2024-08-28,2024-08-29,2024-08-21,0.5422689796657002,1,0,-0.005047984807938444,0.4894179894179894,False
hist_gradient_boosting,2024-08-29,2024-08-30,2024-08-28,0.606295140013244,1,1,0.006768502493353035,0.49074074074074076,True
hist_gradient_boosting,2024-08-30,2024-09-02,2024-08-28,0.4402297889569145,0,0,-0.010970038781735747,0.49074074074074076,True
hist_gradient_boosting,2024-09-02,2024-09-03,2024-08-28,0.5382464782021877,1,0,-0.0028659550663722166,0.49074074074074076,False
hist_gradient_boosting,2024-09-03,2024-09-04,2024-08-28,0.5016703932401173,1,0,-0.00667161687671769,0.49074074074074076,False
hist_gradient_boosting,2024-09-04,2024-09-05,2024-08-28,0.6053652166166337,1,1,0.001449495907072329,0.49074074074074076,True
hist_gradient_boosting,2024-09-05,2024-09-06,2024-09-04,0.5061915394287668,1,0,-0.00807208197957332,0.49074074074074076,False
hist_gradient_boosting,2024-09-06,2024-09-09,2024-09-04,0.6336235652280825,1,0,-0.010600524273823075,0.49074074074074076,False
hist_gradient_boosting,2024-09-09,2024-09-10,2024-09-04,0.4780533283924517,0,1,0.0028154704592853186,0.49074074074074076,False
hist_gradient_boosting,2024-09-10,2024-09-11,2024-09-04,0.6530075599623433,1,0,-0.008161564199532623,0.49074074074074076,False
hist_gradient_boosting,2024-09-11,2024-09-12,2024-09-04,0.6350784205789408,1,0,-0.0017165508999354984,0.49074074074074076,False
hist_gradient_boosting,2024-09-12,2024-09-13,2024-09-11,0.47036218882735764,0,0,-0.004796801440464682,0.4894179894179894,True
hist_gradient_boosting,2024-09-13,2024-09-18,2024-09-11,0.5019970678181858,1,1,0.004878425626133165,0.4894179894179894,True
hist_gradient_boosting,2024-09-18,2024-09-19,2024-09-11,0.4570838768164507,0,1,0.00689693039877759,0.4894179894179894,False
hist_gradient_boosting,2024-09-19,2024-09-20,2024-09-11,0.5990791065299642,1,1,0.00028936168719684296,0.4894179894179894,True
hist_gradient_boosting,2024-09-20,2024-09-23,2024-09-11,0.511667213573508,1,1,0.004422587885862361,0.4894179894179894,True
hist_gradient_boosting,2024-09-23,2024-09-24,2024-09-20,0.5143031637693102,1,1,0.041546460266889795,0.49074074074074076,True
hist_gradient_boosting,2024-09-24,2024-09-25,2024-09-20,0.5962776571900417,1,1,0.011588803913764822,0.49074074074074076,True
hist_gradient_boosting,2024-09-25,2024-09-26,2024-09-20,0.6459193195337075,1,1,0.03613116529791727,0.49074074074074076,True
hist_gradient_boosting,2024-09-26,2024-09-27,2024-09-20,0.6141697605826156,1,1,0.028849505986865642,0.49074074074074076,True
hist_gradient_boosting,2024-09-27,2024-09-30,2024-09-20,0.5858305788756293,1,1,0.08063692106366238,0.49074074074074076,True
hist_gradient_boosting,2024-09-30,2024-10-08,2024-09-27,0.6584681262442584,1,1,0.045939703115009056,0.4947089947089947,True
hist_gradient_boosting,2024-10-08,2024-10-09,2024-09-27,0.6535450748825548,1,0,-0.06616967953035124,0.4947089947089947,False
hist_gradient_boosting,2024-10-09,2024-10-10,2024-09-27,0.6266320801876485,1,1,0.013215703980701488,0.4947089947089947,True
hist_gradient_boosting,2024-10-10,2024-10-11,2024-09-27,0.5216277291093543,1,0,-0.025496695731421437,0.4947089947089947,False
hist_gradient_boosting,2024-10-11,2024-10-14,2024-09-27,0.5204190967036413,1,1,0.020693047789445362,0.4947089947089947,True
hist_gradient_boosting,2024-10-14,2024-10-15,2024-10-11,0.5543205343735194,1,0,-0.025280891264484517,0.4947089947089947,False
hist_gradient_boosting,2024-10-15,2024-10-16,2024-10-11,0.569527600358571,1,1,0.0005173223972483321,0.4947089947089947,True
hist_gradient_boosting,2024-10-16,2024-10-17,2024-10-11,0.7066680967232171,1,0,-0.010479002468975374,0.4947089947089947,False
hist_gradient_boosting,2024-10-17,2024-10-18,2024-10-11,0.5876266113334804,1,1,0.02908419783615379,0.4947089947089947,True
hist_gradient_boosting,2024-10-18,2024-10-21,2024-10-11,0.6994319173387532,1,1,0.0020072276383538146,0.4947089947089947,True
hist_gradient_boosting,2024-10-21,2024-10-22,2024-10-18,0.7045685883834529,1,1,0.0054333850451788734,0.4933862433862434,True
hist_gradient_boosting,2024-10-22,2024-10-23,2024-10-18,0.5813481838877121,1,1,0.005154164948068862,0.4933862433862434,True
hist_gradient_boosting,2024-10-23,2024-10-24,2024-10-18,0.5196525285563621,1,0,-0.006824597581181702,0.4933862433862434,False
hist_gradient_boosting,2024-10-24,2024-10-25,2024-10-18,0.5095229221397364,1,1,0.005925684301180123,0.4933862433862434,True
hist_gradient_boosting,2024-10-25,2024-10-28,2024-10-18,0.43592428037341446,0,1,0.006817952527385707,0.4933862433862434,False
hist_gradient_boosting,2024-10-28,2024-10-29,2024-10-25,0.4966158383637379,0,0,-0.010773140368686707,0.4933862433862434,True
hist_gradient_boosting,2024-10-29,2024-10-30,2024-10-25,0.5143385861090948,1,0,-0.006137158300843493,0.4933862433862434,False
hist_gradient_boosting,2024-10-30,2024-10-31,2024-10-25,0.5701320492618892,1,1,0.004159709375722853,0.4933862433862434,True
hist_gradient_boosting,2024-10-31,2024-11-01,2024-10-25,0.5326269991473352,1,0,-0.002381286022507756,0.4933862433862434,False
hist_gradient_boosting,2024-11-01,2024-11-04,2024-10-25,0.5597097576269158,1,1,0.01167262660412649,0.4933862433862434,True
hist_gradient_boosting,2024-11-04,2024-11-05,2024-11-01,0.5905693408093878,1,1,0.023194832033475166,0.49206349206349204,True
hist_gradient_boosting,2024-11-05,2024-11-06,2024-11-01,0.4463404997509534,0,0,-0.0009390942728476626,0.49206349206349204,True
hist_gradient_boosting,2024-11-06,2024-11-07,2024-11-01,0.4455334952467294,0,1,0.025667752485352135,0.49206349206349204,False
hist_gradient_boosting,2024-11-07,2024-11-08,2024-11-01,0.44608073671185,0,0,-0.005291153624371714,0.49206349206349204,True
hist_gradient_boosting,2024-11-08,2024-11-11,2024-11-01,0.5640194508502907,1,1,0.005146891905682294,0.49206349206349204,True
hist_gradient_boosting,2024-11-11,2024-11-12,2024-11-08,0.6666762438968076,1,0,-0.013860141034217288,0.49206349206349204,False
hist_gradient_boosting,2024-11-12,2024-11-13,2024-11-08,0.5059911537972985,1,1,0.005057817425114131,0.49206349206349204,True
hist_gradient_boosting,2024-11-13,2024-11-14,2024-11-08,0.6605525620179731,1,0,-0.01728237829465229,0.49206349206349204,False
hist_gradient_boosting,2024-11-14,2024-11-15,2024-11-08,0.4744920579968498,0,0,-0.014531047618867365,0.49206349206349204,True
hist_gradient_boosting,2024-11-15,2024-11-18,2024-11-08,0.4845679603898942,0,0,-0.002064924998490536,0.49206349206349204,True
hist_gradient_boosting,2024-11-18,2024-11-19,2024-11-15,0.6027124583782527,1,1,0.006667331357992579,0.49074074074074076,True
hist_gradient_boosting,2024-11-19,2024-11-20,2024-11-15,0.5632234950895408,1,1,0.0065688689853808935,0.49074074074074076,True
hist_gradient_boosting,2024-11-20,2024-11-21,2024-11-15,0.578779970015705,1,1,0.0007169262681445687,0.49074074074074076,True
hist_gradient_boosting,2024-11-21,2024-11-22,2024-11-15,0.5055650719707072,1,0,-0.030623125020713293,0.49074074074074076,False
hist_gradient_boosting,2024-11-22,2024-11-25,2024-11-15,0.5522092896344392,1,0,-0.0010504128377410993,0.49074074074074076,False
hist_gradient_boosting,2024-11-25,2024-11-26,2024-11-22,0.6499560104533884,1,0,-0.0012263464126970325,0.49206349206349204,False
hist_gradient_boosting,2024-11-26,2024-11-27,2024-11-22,0.6042130672403389,1,1,0.015345222644189471,0.49206349206349204,True
hist_gradient_boosting,2024-11-27,2024-11-28,2024-11-22,0.6113974097164745,1,0,-0.004254241877002629,0.49206349206349204,False
hist_gradient_boosting,2024-11-28,2024-11-29,2024-11-22,0.6858880147616945,1,1,0.009332589697303328,0.49206349206349204,True
hist_gradient_boosting,2024-11-29,2024-12-02,2024-11-22,0.5803446371266491,1,1,0.011281256503731685,0.49206349206349204,True
hist_gradient_boosting,2024-12-02,2024-12-03,2024-11-29,0.5947786121710261,1,1,0.004406681925763989,0.49206349206349204,True
hist_gradient_boosting,2024-12-03,2024-12-04,2024-11-29,0.46941517857457155,0,0,-0.0041897933006695975,0.49206349206349204,True
hist_gradient_boosting,2024-12-04,2024-12-05,2024-11-29,0.5235230135580575,1,1,0.0012499071968796738,0.49206349206349204,True
hist_gradient_boosting,2024-12-05,2024-12-06,2024-11-29,0.39057914297516627,0,1,0.010454916244102108,0.49206349206349204,False
hist_gradient_boosting,2024-12-06,2024-12-09,2024-11-29,0.46283965084398154,0,0,-0.00045301568437183803,0.49206349206349204,True
hist_gradient_boosting,2024-12-09,2024-12-10,2024-12-06,0.4300328993402314,0,1,0.0059151203854139744,0.4947089947089947,False
hist_gradient_boosting,2024-12-10,2024-12-11,2024-12-06,0.42769230558157906,0,1,0.002871888528126698,0.4947089947089947,False
hist_gradient_boosting,2024-12-11,2024-12-12,2024-12-06,0.3449821256082424,0,1,0.008451473510397767,0.4947089947089947,False
hist_gradient_boosting,2024-12-12,2024-12-13,2024-12-06,0.4688652269679185,0,0,-0.020113131307995413,0.4947089947089947,True
hist_gradient_boosting,2024-12-13,2024-12-16,2024-12-06,0.5729618345714753,1,0,-0.001635377119378889,0.4947089947089947,False
hist_gradient_boosting,2024-12-16,2024-12-17,2024-12-13,0.4888508071210674,0,0,-0.007337203165478923,0.49603174603174605,True
hist_gradient_boosting,2024-12-17,2024-12-18,2024-12-13,0.5260607527972557,1,1,0.0061648646357188586,0.49603174603174605,True
hist_gradient_boosting,2024-12-18,2024-12-19,2024-12-13,0.40556016503924863,0,0,-0.003599719366765064,0.49603174603174605,True
hist_gradient_boosting,2024-12-19,2024-12-20,2024-12-13,0.5030177228395917,1,0,-0.0005827242468330329,0.49603174603174605,False
hist_gradient_boosting,2024-12-20,2024-12-23,2024-12-13,0.4216870919146328,0,0,-0.004991643135133894,0.49603174603174605,True
hist_gradient_boosting,2024-12-23,2024-12-24,2024-12-20,0.6030304194832052,1,1,0.01261347570140181,0.4933862433862434,True
hist_gradient_boosting,2024-12-24,2024-12-25,2024-12-20,0.4345853433176919,0,0,-5.245278505283668e-05,0.4933862433862434,True
hist_gradient_boosting,2024-12-25,2024-12-26,2024-12-20,0.34001254640592254,0,1,0.0013928418408699628,0.4933862433862434,False
hist_gradient_boosting,2024-12-26,2024-12-27,2024-12-20,0.3358807810706344,0,1,0.0006078438787353591,0.4933862433862434,False
hist_gradient_boosting,2024-12-27,2024-12-30,2024-12-20,0.3961207887873759,0,1,0.002112823523252816,0.4933862433862434,False
hist_gradient_boosting,2024-12-30,2024-12-31,2024-12-27,0.38486694259191956,0,0,-0.01630689333239299,0.49603174603174605,True
hist_gradient_boosting,2024-12-31,2025-01-02,2024-12-27,0.4491899767602545,0,0,-0.026613546363510765,0.49603174603174605,True
extra_trees,2023-01-03,2023-01-04,2022-12-30,0.45282344174174866,0,1,0.0022475447631051804,0.510989010989011,False
extra_trees,2023-01-04,2023-01-05,2022-12-30,0.4541211034781187,0,1,0.0101487541413261,0.510989010989011,False
extra_trees,2023-01-05,2023-01-06,2023-01-04,0.4667427000836906,0,1,0.0007670789722746818,0.5123287671232877,False
extra_trees,2023-01-06,2023-01-09,2023-01-04,0.46444254857192036,0,1,0.005842344424382029,0.5123287671232877,False
extra_trees,2023-01-09,2023-01-10,2023-01-04,0.4565492795917697,0,0,-0.0020708831896631974,0.5123287671232877,True
extra_trees,2023-01-10,2023-01-11,2023-01-04,0.458839922260619,0,0,-0.0024198083538033988,0.5123287671232877,True
extra_trees,2023-01-11,2023-01-12,2023-01-04,0.49857411487172376,0,1,0.0005102412597028927,0.5123287671232877,False
extra_trees,2023-01-12,2023-01-13,2023-01-11,0.44431841408228484,0,1,0.010069699517068598,0.5129251700680272,False
extra_trees,2023-01-13,2023-01-16,2023-01-11,0.4460599504688463,0,1,0.01010410302187359,0.5129251700680272,False
extra_trees,2023-01-16,2023-01-17,2023-01-11,0.5178409709718846,1,0,-0.0010369341647810115,0.5129251700680272,False
extra_trees,2023-01-17,2023-01-18,2023-01-11,0.46233063389612594,0,1,4.999620376211489e-05,0.5129251700680272,False
extra_trees,2023-01-18,2023-01-19,2023-01-11,0.46243242380564537,0,1,0.004922891223996029,0.5129251700680272,False
extra_trees,2023-01-19,2023-01-20,2023-01-18,0.4616417834433942,0,1,0.007571692737360802,0.5148648648648648,False
extra_trees,2023-01-20,2023-01-30,2023-01-18,0.4651427839549483,0,1,0.0013796192603694468,0.5148648648648648,False
extra_trees,2023-01-30,2023-01-31,2023-01-18,0.5151925085087843,1,0,-0.0041748156649186186,0.5148648648648648,False
extra_trees,2023-01-31,2023-02-01,2023-01-18,0.5406722435375874,1,1,0.008984973043330235,0.5148648648648648,True
extra_trees,2023-02-01,2023-02-02,2023-01-18,0.4792999035806822,0,1,0.00022807243509914699,0.5148648648648648,False
extra_trees,2023-02-02,2023-02-03,2023-02-01,0.4991483787309579,0,0,-0.006776272909897685,0.5167785234899329,True
extra_trees,2023-02-03,2023-02-06,2023-02-01,0.5075695527801738,1,0,-0.007571261668675722,0.5167785234899329,False
extra_trees,2023-02-06,2023-02-07,2023-02-01,0.5210491567807187,1,1,0.0029012277712356926,0.5167785234899329,True
extra_trees,2023-02-07,2023-02-08,2023-02-01,0.4785611591198959,0,0,-0.004922178976347391,0.5167785234899329,True
extra_trees,2023-02-08,2023-02-09,2023-02-01,0.5172309608105623,1,1,0.011842525105068447,0.5167785234899329,True
extra_trees,2023-02-09,2023-02-10,2023-02-08,0.4871968654903663,0,0,-0.002968826950094372,0.516,True
extra_trees,2023-02-10,2023-02-13,2023-02-08,0.5237442460253964,1,1,0.007202959977530954,0.516,True
extra_trees,2023-02-13,2023-02-14,2023-02-08,0.4830266745200018,0,1,0.0027777575629004403,0.516,False
extra_trees,2023-02-14,2023-02-15,2023-02-08,0.471712690310994,0,0,-0.0038838453731193656,0.516,True
extra_trees,2023-02-15,2023-02-16,2023-02-08,0.4996663461208486,0,0,-0.009590756800832212,0.516,True
extra_trees,2023-02-16,2023-02-17,2023-02-15,0.5654134989109516,1,0,-0.007696205897791963,0.5152317880794702,False
extra_trees,2023-02-17,2023-02-20,2023-02-15,0.5586512181189934,1,1,0.02056870352993312,0.5152317880794702,True
extra_trees,2023-02-20,2023-02-21,2023-02-15,0.5106847603397737,1,1,0.004919038264241671,0.5152317880794702,True
extra_trees,2023-02-21,2023-02-22,2023-02-15,0.5023597151601032,1,0,-0.004650170952960941,0.5152317880794702,False
extra_trees,2023-02-22,2023-02-23,2023-02-15,0.49747406007807576,0,0,-0.0011153252101083755,0.5152317880794702,True
extra_trees,2023-02-23,2023-02-24,2023-02-22,0.4777371259208401,0,0,-0.0061802105383550465,0.5158730158730159,True
extra_trees,2023-02-24,2023-02-27,2023-02-22,0.4919004293509414,0,0,-0.002793037634493345,0.5158730158730159,True
extra_trees,2023-02-27,2023-02-28,2023-02-22,0.5025282494096361,1,1,0.0066208324872198965,0.5158730158730159,True
extra_trees,2023-02-28,2023-03-01,2023-02-22,0.4603322722452093,0,1,0.009983670900885588,0.5158730158730159,False
extra_trees,2023-03-01,2023-03-02,2023-02-22,0.4997153365743958,0,0,-0.0005114801048368145,0.5158730158730159,True
extra_trees,2023-03-02,2023-03-03,2023-03-01,0.5013395717405355,1,1,0.005358186673471321,0.5158730158730159,True
extra_trees,2023-03-03,2023-03-06,2023-03-01,0.4746308630839859,0,0,-0.0019128752445586317,0.5158730158730159,True
extra_trees,2023-03-06,2023-03-07,2023-03-01,0.4875542581233222,0,0,-0.011115837477365775,0.5158730158730159,True
extra_trees,2023-03-07,2023-03-08,2023-03-01,0.5689957534109716,1,0,-0.0005634229326680895,0.5158730158730159,False
extra_trees,2023-03-08,2023-03-09,2023-03-01,0.5024434030684454,1,0,-0.0021790008607025513,0.5158730158730159,False
extra_trees,2023-03-09,2023-03-10,2023-03-08,0.5029424923923723,1,0,-0.0140463320691957,0.5132275132275133,False
extra_trees,2023-03-10,2023-03-13,2023-03-08,0.5711420034553985,1,1,0.011956032250133086,0.5132275132275133,True
extra_trees,2023-03-13,2023-03-14,2023-03-08,0.5047040631936314,1,0,-0.00715367950303103,0.5132275132275133,False
extra_trees,2023-03-14,2023-03-15,2023-03-08,0.5574792035944823,1,1,0.0055472319258766944,0.5132275132275133,True
extra_trees,2023-03-15,2023-03-16,2023-03-08,0.4915652129746812,0,0,-0.011161534277967955,0.5132275132275133,True
extra_trees,2023-03-16,2023-03-17,2023-03-15,0.5760242265604287,1,1,0.007330522950386387,0.5119047619047619,True
extra_trees,2023-03-17,2023-03-20,2023-03-15,0.4848723138136043,0,0,-0.004810176505731567,0.5119047619047619,True
extra_trees,2023-03-20,2023-03-21,2023-03-15,0.5743638074971661,1,1,0.0064113678824417875,0.5119047619047619,True
extra_trees,2023-03-21,2023-03-22,2023-03-15,0.45544968838061367,0,1,0.003101377128779559,0.5119047619047619,False
extra_trees,2023-03-22,2023-03-23,2023-03-15,0.49310104719419073,0,1,0.006400249866225227,0.5119047619047619,False
extra_trees,2023-03-23,2023-03-24,2023-03-22,0.4731087786877458,0,0,-0.006388086881559785,0.5119047619047619,True
extra_trees,2023-03-24,2023-03-27,2023-03-22,0.5324147006274559,1,0,-0.004365619048951719,0.5119047619047619,False
extra_trees,2023-03-27,2023-03-28,2023-03-22,0.4961612663508992,0,0,-0.0018518500862290121,0.5119047619047619,True
extra_trees,2023-03-28,2023-03-29,2023-03-22,0.5329665272209086,1,0,-0.001639008854444124,0.5119047619047619,False
extra_trees,2023-03-29,2023-03-30,2023-03-22,0.5234114058042212,1,1,0.006540533486943945,0.5119047619047619,True
extra_trees,2023-03-30,2023-03-31,2023-03-29,0.49441841392325275,0,1,0.0035605075786160345,0.5079365079365079,False
extra_trees,2023-03-31,2023-04-03,2023-03-29,0.46422137668923563,0,1,0.007191202361775284,0.5079365079365079,False
extra_trees,2023-04-03,2023-04-04,2023-03-29,0.4675341055465786,0,1,0.004902869679492383,0.5079365079365079,False
extra_trees,2023-04-04,2023-04-06,2023-03-29,0.4616561406733425,0,1,2.1192083048404697e-05,0.5079365079365079,False
extra_trees,2023-04-06,2023-04-07,2023-03-29,0.45367279119329146,0,1,0.0045334701028911795,0.5079365079365079,False
extra_trees,2023-04-07,2023-04-10,2023-04-06,0.4688722651958877,0,0,-0.0036926707672033654,0.5119047619047619,True
extra_trees,2023-04-10,2023-04-11,2023-04-06,0.4953567667876452,0,0,-0.000539097167732705,0.5119047619047619,True
extra_trees,2023-04-11,2023-04-12,2023-04-06,0.46571674479795455,0,1,0.004107683841342746,0.5119047619047619,False
extra_trees,2023-04-12,2023-04-13,2023-04-06,0.4961055042669673,0,0,-0.0026502310544155305,0.5119047619047619,True
extra_trees,2023-04-13,2023-04-14,2023-04-06,0.47855026378480103,0,1,0.005963390752997011,0.5119047619047619,False
extra_trees,2023-04-14,2023-04-17,2023-04-13,0.4766188670591167,0,1,0.014216546428001742,0.5092592592592593,False
extra_trees,2023-04-17,2023-04-18,2023-04-13,0.49060354914245524,0,1,0.0022807414735810383,0.5092592592592593,False
extra_trees,2023-04-18,2023-04-19,2023-04-13,0.4954281982805373,0,0,-0.006837794082699689,0.5092592592592593,True
extra_trees,2023-04-19,2023-04-20,2023-04-13,0.4783926212680232,0,0,-0.0009190451295281177,0.5092592592592593,True
extra_trees,2023-04-20,2023-04-21,2023-04-13,0.4826991893345678,0,0,-0.019534569179790684,0.5092592592592593,True
extra_trees,2023-04-21,2023-04-24,2023-04-20,0.5667232382095156,1,0,-0.007828683463801389,0.5105820105820106,False
extra_trees,2023-04-24,2023-04-25,2023-04-20,0.5525986825625256,1,0,-0.0032183117060351485,0.5105820105820106,False
extra_trees,2023-04-25,2023-04-26,2023-04-20,0.5450826956026339,1,0,-0.00023618079693599192,0.5105820105820106,False
extra_trees,2023-04-26,2023-04-27,2023-04-20,0.5287970830288558,1,1,0.006673752641079611,0.5105820105820106,True
extra_trees,2023-04-27,2023-04-28,2023-04-20,0.5144730674088234,1,1,0.011379036949687116,0.5105820105820106,True
extra_trees,2023-04-28,2023-05-04,2023-04-27,0.495950108780793,0,1,0.008179913871697586,0.5132275132275133,False
extra_trees,2023-05-04,2023-05-05,2023-04-27,0.5153412875610256,1,0,-0.004762303143745594,0.5132275132275133,False
extra_trees,2023-05-05,2023-05-08,2023-04-27,0.5027315195200913,1,1,0.018143874403104387,0.5132275132275133,True
extra_trees,2023-05-08,2023-05-09,2023-04-27,0.5254578578653092,1,0,-0.010996424274778316,0.5132275132275133,False
extra_trees,2023-05-09,2023-05-10,2023-04-27,0.5391078033485903,1,0,-0.011472268558081145,0.5132275132275133,False
extra_trees,2023-05-10,2023-05-11,2023-05-09,0.5119619681709272,1,0,-0.002892125473306306,0.5119047619047619,False
extra_trees,2023-05-11,2023-05-12,2023-05-09,0.550834775355323,1,0,-0.011236961676253876,0.5119047619047619,False
extra_trees,2023-05-12,2023-05-15,2023-05-09,0.5620656742549175,1,1,0.01172694254874429,0.5119047619047619,True
extra_trees,2023-05-15,2023-05-16,2023-05-09,0.4832521664893229,0,0,-0.005965228222467811,0.5119047619047619,True
extra_trees,2023-05-16,2023-05-17,2023-05-09,0.5743104635083986,1,0,-0.0020526970112374476,0.5119047619047619,False
extra_trees,2023-05-17,2023-05-18,2023-05-16,0.49736578662741004,0,1,0.003985071700172149,0.5092592592592593,False
extra_trees,2023-05-18,2023-05-19,2023-05-16,0.4890872177114421,0,0,-0.004178605782229283,0.5092592592592593,True
extra_trees,2023-05-19,2023-05-22,2023-05-16,0.5173767848245696,1,1,0.003937181610941476,0.5092592592592593,True
extra_trees,2023-05-22,2023-05-23,2023-05-16,0.46745880602857454,0,0,-0.015237998857929758,0.5092592592592593,True
extra_trees,2023-05-23,2023-05-24,2023-05-16,0.5867464019747358,1,0,-0.012780517016928394,0.5092592592592593,False
extra_trees,2023-05-24,2023-05-25,2023-05-23,0.5640334345302879,1,0,-0.0010886654663232465,0.5092592592592593,False
extra_trees,2023-05-25,2023-05-26,2023-05-23,0.5317579280271518,1,1,0.0035121477930333267,0.5092592592592593,True
extra_trees,2023-05-26,2023-05-29,2023-05-23,0.5197841262096522,1,1,0.0027843079905462975,0.5092592592592593,True
extra_trees,2023-05-29,2023-05-30,2023-05-23,0.5286457643914811,1,1,0.0008582785308619556,0.5092592592592593,True
extra_trees,2023-05-30,2023-05-31,2023-05-23,0.5170417236993934,1,0,-0.00609416876978941,0.5092592592592593,False
extra_trees,2023-05-31,2023-06-01,2023-05-30,0.5357078784345137,1,1,2.187504797834805e-05,0.5092592592592593,True
extra_trees,2023-06-01,2023-06-02,2023-05-30,0.5226736860449548,1,1,0.007936661731626549,0.5092592592592593,True
extra_trees,2023-06-02,2023-06-05,2023-05-30,0.4875210881351474,0,1,0.0007344735650505196,0.5092592592592593,False
extra_trees,2023-06-05,2023-06-06,2023-05-30,0.5266313533119119,1,0,-0.011477579946548078,0.5092592592592593,False
extra_trees,2023-06-06,2023-06-07,2023-05-30,0.5628225647763885,1,1,0.0007568207756518675,0.5092592592592593,True
extra_trees,2023-06-07,2023-06-08,2023-06-06,0.5164491159726518,1,1,0.004949341549755015,0.5119047619047619,True
extra_trees,2023-06-08,2023-06-09,2023-06-06,0.5233383345676408,1,1,0.005545207992754486,0.5119047619047619,True
extra_trees,2023-06-09,2023-06-12,2023-06-06,0.48969995617911005,0,0,-0.0007959075393044746,0.5119047619047619,True
extra_trees,2023-06-12,2023-06-13,2023-06-06,0.4924859472115501,0,1,0.0014989313788111858,0.5119047619047619,False
extra_trees,2023-06-13,2023-06-14,2023-06-06,0.46117824196977625,0,0,-0.0014487239187482848,0.5119047619047619,True
extra_trees,2023-06-14,2023-06-15,2023-06-13,0.5161178102787755,1,1,0.007428455850588822,0.5105820105820106,True
extra_trees,2023-06-15,2023-06-16,2023-06-13,0.47272083188090197,0,1,0.006258578493269162,0.5105820105820106,False
extra_trees,2023-06-16,2023-06-19,2023-06-13,0.4931754482052946,0,0,-0.005354907096101202,0.5105820105820106,True
extra_trees,2023-06-19,2023-06-20,2023-06-13,0.499344492258994,0,0,-0.004742574165282676,0.5105820105820106,True
extra_trees,2023-06-20,2023-06-21,2023-06-13,0.4848376111552494,0,0,-0.013104604765488026,0.5105820105820106,True
extra_trees,2023-06-21,2023-06-26,2023-06-20,0.5718579687875752,1,0,-0.014785385326644418,0.5105820105820106,False
extra_trees,2023-06-26,2023-06-27,2023-06-20,0.5480897863780116,1,1,0.012322594776537521,0.5105820105820106,True
extra_trees,2023-06-27,2023-06-28,2023-06-20,0.5258588794741885,1,0,-2.0975451291316283e-05,0.5105820105820106,False
extra_trees,2023-06-28,2023-06-29,2023-06-20,0.5419362819161742,1,0,-0.00219309370817955,0.5105820105820106,False
extra_trees,2023-06-29,2023-06-30,2023-06-20,0.5280910278315577,1,1,0.006184394251700587,0.5105820105820106,True
extra_trees,2023-06-30,2023-07-03,2023-06-29,0.47559098102532976,0,1,0.013089283116071826,0.5105820105820106,False
extra_trees,2023-07-03,2023-07-04,2023-06-29,0.4950522511794958,0,1,0.00042361608828689334,0.5105820105820106,False
extra_trees,2023-07-04,2023-07-05,2023-06-29,0.4546105412659617,0,0,-0.006902893531457344,0.5105820105820106,True
extra_trees,2023-07-05,2023-07-06,2023-06-29,0.4522590620105671,0,0,-0.005390129139266953,0.5105820105820106,True
extra_trees,2023-07-06,2023-07-07,2023-06-29,0.470332861911852,0,0,-0.0027968774898030624,0.5105820105820106,True
extra_trees,2023-07-07,2023-07-10,2023-07-06,0.4822981911431903,0,1,0.002216911594948856,0.5105820105820106,False
extra_trees,2023-07-10,2023-07-11,2023-07-06,0.4669673476252785,0,1,0.005515754648116156,0.5105820105820106,False
extra_trees,2023-07-11,2023-07-12,2023-07-06,0.4817600962311289,0,0,-0.007832979953290575,0.5105820105820106,True
extra_trees,2023-07-12,2023-07-13,2023-07-06,0.5364545234708801,1,1,0.012623470663946312,0.5105820105820106,True
extra_trees,2023-07-13,2023-07-14,2023-07-06,0.48545551400465564,0,1,0.0003773235119635121,0.5105820105820106,False
extra_trees,2023-07-14,2023-07-17,2023-07-13,0.4923231721701523,0,0,-0.008670163880471704,0.5092592592592593,True
extra_trees,2023-07-17,2023-07-18,2023-07-13,0.49113719359956143,0,0,-0.003679458609214148,0.5092592592592593,True
extra_trees,2023-07-18,2023-07-19,2023-07-13,0.5029232604563424,1,1,0.0003176226204844035,0.5092592592592593,True
extra_trees,2023-07-19,2023-07-20,2023-07-13,0.48846859742651716,0,0,-0.009163896440073538,0.5092592592592593,True
extra_trees,2023-07-20,2023-07-21,2023-07-13,0.5840348169860724,1,0,-0.000560589262355693,0.5092592592592593,False
extra_trees,2023-07-21,2023-07-24,2023-07-20,0.5312633079315645,1,0,-0.0011315304021294326,0.5066137566137566,False
extra_trees,2023-07-24,2023-07-25,2023-07-20,0.5350532607043215,1,1,0.021288583058104882,0.5066137566137566,True
extra_trees,2023-07-25,2023-07-26,2023-07-20,0.5249979622821186,1,0,-0.0026282976999099095,0.5066137566137566,False
extra_trees,2023-07-26,2023-07-27,2023-07-20,0.49540951868947375,0,0,-0.0019723689019259805,0.5066137566137566,True
extra_trees,2023-07-27,2023-07-28,2023-07-20,0.47613358158210445,0,1,0.01842115710376202,0.5066137566137566,False
extra_trees,2023-07-28,2023-07-31,2023-07-27,0.5066277145642862,1,1,0.00461368827748454,0.5066137566137566,True
extra_trees,2023-07-31,2023-08-01,2023-07-27,0.4884874786186888,0,0,-2.7498907791967397e-05,0.5066137566137566,True
extra_trees,2023-08-01,2023-08-02,2023-07-27,0.44348024849091994,0,0,-0.008890747724372372,0.5066137566137566,True
extra_trees,2023-08-02,2023-08-03,2023-07-27,0.46019072650515874,0,1,0.005755390081026324,0.5066137566137566,False
extra_trees,2023-08-03,2023-08-04,2023-07-27,0.4548162561614562,0,1,0.0023233308619339255,0.5066137566137566,False
extra_trees,2023-08-04,2023-08-07,2023-08-03,0.45767977961305584,0,0,-0.0058554157463485135,0.5052910052910053,True
extra_trees,2023-08-07,2023-08-08,2023-08-03,0.46139250733646575,0,0,-0.002512060044949971,0.5052910052910053,True
extra_trees,2023-08-08,2023-08-09,2023-08-03,0.4762229330893764,0,0,-0.0049478019453725874,0.5052910052910053,True
extra_trees,2023-08-09,2023-08-10,2023-08-03,0.48337608435652,0,1,0.0031046513459278557,0.5052910052910053,False
extra_trees,2023-08-10,2023-08-11,2023-08-03,0.4617349970525184,0,0,-0.020067752943662365,0.5052910052910053,True
extra_trees,2023-08-11,2023-08-14,2023-08-10,0.5452012134703356,1,0,-0.0033929001444854556,0.5013227513227513,False
extra_trees,2023-08-14,2023-08-15,2023-08-10,0.5178146929692905,1,0,-0.0007083377590023643,0.5013227513227513,False
extra_trees,2023-08-15,2023-08-16,2023-08-10,0.5406579676595684,1,0,-0.008201088869199236,0.5013227513227513,False
extra_trees,2023-08-16,2023-08-17,2023-08-10,0.5571872631618769,1,1,0.0043209676864846,0.5013227513227513,True
extra_trees,2023-08-17,2023-08-18,2023-08-10,0.5300714192418192,1,0,-0.010047066773169355,0.5013227513227513,False
extra_trees,2023-08-18,2023-08-21,2023-08-17,0.5346236058353104,1,0,-0.012444407690664572,0.4973544973544973,False
extra_trees,2023-08-21,2023-08-22,2023-08-17,0.5593220252875029,1,1,0.008844583651540727,0.4973544973544973,True
extra_trees,2023-08-22,2023-08-23,2023-08-17,0.5556137095724324,1,0,-0.013438209719742189,0.4973544973544973,False
extra_trees,2023-08-23,2023-08-24,2023-08-17,0.5641486014189088,1,1,0.0012479851153948118,0.4973544973544973,True
extra_trees,2023-08-24,2023-08-25,2023-08-17,0.5654109934953769,1,0,-0.0058947963203040965,0.4973544973544973,False
extra_trees,2023-08-25,2023-08-28,2023-08-24,0.5754325964502373,1,1,0.01127962056538645,0.4973544973544973,True
extra_trees,2023-08-28,2023-08-29,2023-08-24,0.5498866850303278,1,1,0.012021546381548509,0.4973544973544973,True
extra_trees,2023-08-29,2023-08-30,2023-08-24,0.5239822319925889,1,1,0.0003988664513931983,0.4973544973544973,True
extra_trees,2023-08-30,2023-08-31,2023-08-24,0.4947350944964439,0,0,-0.005502181526949257,0.4973544973544973,True
extra_trees,2023-08-31,2023-09-01,2023-08-24,0.5128351557492326,1,1,0.004285522336718195,0.4973544973544973,True
extra_trees,2023-09-01,2023-09-04,2023-08-31,0.5095652982626557,1,1,0.013983450457316415,0.49867724867724866,True
extra_trees,2023-09-04,2023-09-05,2023-08-31,0.4867070428842968,0,0,-0.00714213702522426,0.49867724867724866,True
extra_trees,2023-09-05,2023-09-06,2023-08-31,0.47338833713256756,0,1,0.0011753855200151708,0.49867724867724866,False
extra_trees,2023-09-06,2023-09-07,2023-08-31,0.4612621358650084,0,0,-0.011312137459350669,0.49867724867724866,True
extra_trees,2023-09-07,2023-09-08,2023-08-31,0.5301014303181225,1,0,-0.0018041525935430514,0.49867724867724866,False
extra_trees,2023-09-08,2023-09-11,2023-09-07,0.5055744300005072,1,1,0.008361324573651796,0.49603174603174605,True
extra_trees,2023-09-11,2023-09-12,2023-09-07,0.46464565261543045,0,0,-0.0018199497960245115,0.49603174603174605,True
extra_trees,2023-09-12,2023-09-13,2023-09-07,0.47469283921905286,0,0,-0.004460355594808174,0.49603174603174605,True
extra_trees,2023-09-13,2023-09-14,2023-09-07,0.48121298038267335,0,1,0.0011156341223430566,0.49603174603174605,False
extra_trees,2023-09-14,2023-09-15,2023-09-07,0.4738973857335785,0,0,-0.002817065743784042,0.49603174603174605,True
extra_trees,2023-09-15,2023-09-18,2023-09-14,0.48570875312766604,0,1,0.0026264188387024046,0.4933862433862434,False
extra_trees,2023-09-18,2023-09-19,2023-09-14,0.45100256946391964,0,0,-0.00031197096776158784,0.4933862433862434,True
extra_trees,2023-09-19,2023-09-20,2023-09-14,0.4684361837482031,0,0,-0.00524448866763505,0.4933862433862434,True
extra_trees,2023-09-20,2023-09-21,2023-09-14,0.5164242129049884,1,0,-0.007677779854832867,0.4933862433862434,False
extra_trees,2023-09-21,2023-09-22,2023-09-14,0.5418539487711574,1,1,0.015473331126744538,0.4933862433862434,True
extra_trees,2023-09-22,2023-09-25,2023-09-21,0.473302006358833,0,0,-0.0053710670011117845,0.49206349206349204,True
extra_trees,2023-09-25,2023-09-26,2023-09-21,0.4814702383477465,0,0,-0.004279904227975417,0.49206349206349204,True
extra_trees,2023-09-26,2023-09-27,2023-09-21,0.5238749272521864,1,1,0.0016255824842730249,0.49206349206349204,True
extra_trees,2023-09-27,2023-09-28,2023-09-21,0.48892574118825766,0,1,0.00101685840987642,0.49206349206349204,False
extra_trees,2023-09-28,2023-10-09,2023-09-21,0.47430194882259974,0,0,-0.00435717975320371,0.49206349206349204,True
extra_trees,2023-10-09,2023-10-10,2023-09-28,0.5012707794685167,1,0,-0.007002532578794907,0.49074074074074076,False
extra_trees,2023-10-10,2023-10-11,2023-09-28,0.5653719902271234,1,1,0.0012095006298864508,0.49074074074074076,True
extra_trees,2023-10-11,2023-10-12,2023-09-28,0.5534548815603128,1,1,0.009400947516099434,0.49074074074074076,True
extra_trees,2023-10-12,2023-10-13,2023-09-28,0.4772000899683151,0,0,-0.006371374735364088,0.49074074074074076,True
extra_trees,2023-10-13,2023-10-16,2023-09-28,0.5224569141829776,1,0,-0.004626179257006258,0.49074074074074076,False
extra_trees,2023-10-16,2023-10-17,2023-10-13,0.5411276879841777,1,1,0.0031502892336001675,0.4894179894179894,True
extra_trees,2023-10-17,2023-10-18,2023-10-13,0.49278452034323295,0,0,-0.00803847217074749,0.4894179894179894,True
extra_trees,2023-10-18,2023-10-19,2023-10-13,0.5993317685274084,1,0,-0.017431009636808326,0.4894179894179894,False
extra_trees,2023-10-19,2023-10-20,2023-10-13,0.5565886539043258,1,0,-0.0074316061251747945,0.4894179894179894,False
extra_trees,2023-10-20,2023-10-23,2023-10-13,0.563335984050633,1,0,-0.014671921452428904,0.4894179894179894,False
extra_trees,2023-10-23,2023-10-24,2023-10-20,0.5588659432716033,1,1,0.007808821126371601,0.4894179894179894,True
extra_trees,2023-10-24,2023-10-25,2023-10-20,0.5284025926513825,1,1,0.004007030211592655,0.4894179894179894,True
extra_trees,2023-10-25,2023-10-26,2023-10-20,0.5640413590196237,1,1,0.004769723818542904,0.4894179894179894,True
extra_trees,2023-10-26,2023-10-27,2023-10-20,0.5228433168870381,1,1,0.009866816549025659,0.4894179894179894,True
extra_trees,2023-10-27,2023-10-30,2023-10-20,0.5286927658340579,1,1,0.0012489958692207814,0.4894179894179894,True
extra_trees,2023-10-30,2023-10-31,2023-10-27,0.5391902306458486,1,0,-0.0009209832267071949,0.4933862433862434,False
extra_trees,2023-10-31,2023-11-01,2023-10-27,0.5087035132393681,1,1,0.0014263753595586959,0.4933862433862434,True
extra_trees,2023-11-01,2023-11-02,2023-10-27,0.5149374208867349,1,0,-0.004522115136682769,0.4933862433862434,False
extra_trees,2023-11-02,2023-11-03,2023-10-27,0.542006822111104,1,1,0.0071083467706483106,0.4933862433862434,True
extra_trees,2023-11-03,2023-11-06,2023-10-27,0.47771903386439546,0,1,0.00911073675422136,0.4933862433862434,False
extra_trees,2023-11-06,2023-11-07,2023-11-03,0.47561190518492197,0,0,-0.00037300421248231963,0.4933862433862434,True
extra_trees,2023-11-07,2023-11-08,2023-11-03,0.43629244322683997,0,0,-0.0016017886809265303,0.4933862433862434,True
extra_trees,2023-11-08,2023-11-09,2023-11-03,0.46805448287835544,0,1,0.00029701485329791666,0.4933862433862434,False
extra_trees,2023-11-09,2023-11-10,2023-11-03,0.46605415020937163,0,0,-0.004686535053852858,0.4933862433862434,True
extra_trees,2023-11-10,2023-11-13,2023-11-03,0.4603579416532989,0,1,0.0024886722306791675,0.4933862433862434,False
extra_trees,2023-11-13,2023-11-14,2023-11-10,0.4382050519567997,0,1,0.0031305750875034732,0.4947089947089947,False
extra_trees,2023-11-14,2023-11-15,2023-11-10,0.4468973745830271,0,1,0.005485639515557139,0.4947089947089947,False
extra_trees,2023-11-15,2023-11-16,2023-11-10,0.4439396524766292,0,0,-0.007129930967977982,0.4947089947089947,True
extra_trees,2023-11-16,2023-11-17,2023-11-10,0.47069443548244133,0,1,0.0011274610850078304,0.4947089947089947,False
extra_trees,2023-11-17,2023-11-20,2023-11-10,0.4327515661042973,0,1,0.004568411999153366,0.4947089947089947,False
extra_trees,2023-11-20,2023-11-21,2023-11-17,0.46257084322181796,0,0,-0.00012589955197295222,0.49603174603174605,True
extra_trees,2023-11-21,2023-11-22,2023-11-17,0.46726887914517434,0,0,-0.00792774861300749,0.49603174603174605,True
extra_trees,2023-11-22,2023-11-23,2023-11-17,0.5025129520415357,1,1,0.005994589978811415,0.49603174603174605,True
extra_trees,2023-11-23,2023-11-24,2023-11-17,0.426813538746784,0,0,-0.006820862455918064,0.49603174603174605,True
extra_trees,2023-11-24,2023-11-27,2023-11-17,0.47323645442182816,0,0,-0.0030488609940039213,0.49603174603174605,True
extra_trees,2023-11-27,2023-11-28,2023-11-24,0.4718525788923429,0,1,0.0022608765866756197,0.4947089947089947,False
extra_trees,2023-11-28,2023-11-29,2023-11-24,0.44336265442359946,0,0,-0.00555102763501536,0.4947089947089947,True
extra_trees,2023-11-29,2023-11-30,2023-11-24,0.5023903322088612,1,1,0.0026426625070483656,0.4947089947089947,True
extra_trees,2023-11-30,2023-12-01,2023-11-24,0.45530421403509935,0,1,0.0006479577810500903,0.4947089947089947,False
extra_trees,2023-12-01,2023-12-04,2023-11-24,0.45303752279763726,0,0,-0.002876994657471821,0.4947089947089947,True
extra_trees,2023-12-04,2023-12-05,2023-12-01,0.5487901277376577,1,0,-0.016744738139737758,0.4973544973544973,False
extra_trees,2023-12-05,2023-12-06,2023-12-01,0.5398260628217675,1,0,-0.0011312803681491346,0.4973544973544973,False
extra_trees,2023-12-06,2023-12-07,2023-12-01,0.5349927571132208,1,0,-0.0009186127246909592,0.4973544973544973,False
extra_trees,2023-12-07,2023-12-08,2023-12-01,0.5639879439707705,1,1,0.001130501349855706,0.4973544973544973,True
extra_trees,2023-12-08,2023-12-11,2023-12-01,0.5359177264183386,1,1,0.007367793350084195,0.4973544973544973,True
extra_trees,2023-12-11,2023-12-12,2023-12-08,0.5265617724375976,1,1,0.004011214002895169,0.4947089947089947,True
extra_trees,2023-12-12,2023-12-13,2023-12-08,0.48221759711977524,0,0,-0.011545835908438051,0.4947089947089947,True
extra_trees,2023-12-13,2023-12-14,2023-12-08,0.5829537108148387,1,0,-0.003292619822561682,0.4947089947089947,False
extra_trees,2023-12-14,2023-12-15,2023-12-08,0.5533842613551072,1,0,-0.0055521730149684645,0.4947089947089947,False
extra_trees,2023-12-15,2023-12-18,2023-12-08,0.5785337210529256,1,0,-0.003994213467688912,0.4947089947089947,False
extra_trees,2023-12-18,2023-12-19,2023-12-15,0.5441859590263234,1,1,0.0005415579535932302,0.49074074074074076,True
extra_trees,2023-12-19,2023-12-20,2023-12-15,0.5441950267409118,1,0,-0.01032645444120217,0.49074074074074076,False
extra_trees,2023-12-20,2023-12-21,2023-12-15,0.5316201567870512,1,1,0.005721803201367726,0.49074074074074076,True
extra_trees,2023-12-21,2023-12-22,2023-12-15,0.5371324809416191,1,0,-0.0013498063822540152,0.49074074074074076,False
extra_trees,2023-12-22,2023-12-25,2023-12-15,0.5461315828180714,1,1,0.0013851497021108994,0.49074074074074076,True
extra_trees,2023-12-25,2023-12-26,2023-12-22,0.5078018917940956,1,0,-0.0068294552380649964,0.4933862433862434,False
extra_trees,2023-12-26,2023-12-27,2023-12-22,0.5516645151407336,1,1,0.00542799531418825,0.4933862433862434,True
extra_trees,2023-12-27,2023-12-28,2023-12-22,0.4929915475796453,0,1,0.013754721122915203,0.4933862433862434,False
extra_trees,2023-12-28,2023-12-29,2023-12-22,0.49360549427609224,0,1,0.006847150653187306,0.4933862433862434,False
extra_trees,2023-12-29,2024-01-02,2023-12-22,0.4496710365670474,0,0,-0.004255084850935287,0.4933862433862434,True
extra_trees,2024-01-02,2024-01-03,2023-12-29,0.5030346124359473,1,1,0.0016781014545503847,0.49206349206349204,True
extra_trees,2024-01-03,2024-01-04,2023-12-29,0.4364875107714068,0,0,-0.004346992053779641,0.49206349206349204,True
extra_trees,2024-01-04,2024-01-05,2023-12-29,0.45337400151380036,0,0,-0.008518053692106453,0.49206349206349204,True
extra_trees,2024-01-05,2024-01-08,2023-12-29,0.5078265103184553,1,0,-0.014217410020055832,0.49206349206349204,False
extra_trees,2024-01-08,2024-01-09,2023-12-29,0.5336445382288505,1,1,0.001978640695936784,0.49206349206349204,True
extra_trees,2024-01-09,2024-01-10,2024-01-08,0.5153236937904192,1,0,-0.005374230714075834,0.49206349206349204,False
extra_trees,2024-01-10,2024-01-11,2024-01-08,0.5640933713051103,1,1,0.003109390432776804,0.49206349206349204,True
extra_trees,2024-01-11,2024-01-12,2024-01-08,0.5342440944550519,1,0,-0.0016189353320329447,0.49206349206349204,False
extra_trees,2024-01-12,2024-01-15,2024-01-08,0.5819978709139159,1,1,0.0014968544681950302,0.49206349206349204,True
extra_trees,2024-01-15,2024-01-16,2024-01-08,0.5037257930869931,1,1,0.002667021632054567,0.49206349206349204,True
extra_trees,2024-01-16,2024-01-17,2024-01-15,0.4869292548262348,0,0,-0.020861657851727555,0.4933862433862434,True
extra_trees,2024-01-17,2024-01-18,2024-01-15,0.5481818820976845,1,1,0.004294408076297662,0.4933862433862434,True
extra_trees,2024-01-18,2024-01-19,2024-01-15,0.5160077822543593,1,0,-0.004745476281596717,0.4933862433862434,False
extra_trees,2024-01-19,2024-01-22,2024-01-15,0.585756846017775,1,0,-0.026812115598910058,0.4933862433862434,False
extra_trees,2024-01-22,2024-01-23,2024-01-15,0.5598124495472782,1,1,0.0053100853055167985,0.4933862433862434,True
extra_trees,2024-01-23,2024-01-24,2024-01-22,0.5575147623706761,1,1,0.017970417141424333,0.4933862433862434,True
extra_trees,2024-01-24,2024-01-25,2024-01-22,0.5683311111504606,1,1,0.030252995642788383,0.4933862433862434,True
extra_trees,2024-01-25,2024-01-26,2024-01-22,0.504876161398395,1,1,0.0014156387199142362,0.4933862433862434,True
extra_trees,2024-01-26,2024-01-29,2024-01-22,0.48953732856959165,0,0,-0.009231836450179443,0.4933862433862434,True
extra_trees,2024-01-29,2024-01-30,2024-01-22,0.5402716970899217,1,0,-0.018322191224392714,0.4933862433862434,False
extra_trees,2024-01-30,2024-01-31,2024-01-29,0.5596866401796803,1,0,-0.014830597246462851,0.4947089947089947,False
extra_trees,2024-01-31,2024-02-01,2024-01-29,0.552234675652253,1,0,-0.00638608290866205,0.4947089947089947,False
extra_trees,2024-02-01,2024-02-02,2024-01-29,0.5586709025078241,1,0,-0.014648900873170945,0.4947089947089947,False
extra_trees,2024-02-02,2024-02-05,2024-01-29,0.5846565571471676,1,0,-0.010243751996225847,0.4947089947089947,False
extra_trees,2024-02-05,2024-02-06,2024-01-29,0.6097885680104885,1,1,0.03230755851283318,0.4947089947089947,True
extra_trees,2024-02-06,2024-02-07,2024-02-05,0.6074872064987972,1,1,0.014414698621896704,0.49206349206349204,True
extra_trees,2024-02-07,2024-02-08,2024-02-05,0.5763952131291853,1,1,0.01279558126322855,0.49206349206349204,True
extra_trees,2024-02-08,2024-02-19,2024-02-05,0.534567170654065,1,1,0.015576520518906456,0.49206349206349204,True
extra_trees,2024-02-19,2024-02-20,2024-02-05,0.5218991640105102,1,1,0.0041869148860145255,0.49206349206349204,True
extra_trees,2024-02-20,2024-02-21,2024-02-05,0.46961334775162156,0,1,0.009657203391541191,0.49206349206349204,False
extra_trees,2024-02-21,2024-02-22,2024-02-20,0.49786703489632556,0,1,0.01267460615130922,0.4933862433862434,False
extra_trees,2024-02-22,2024-02-23,2024-02-20,0.513228725321096,1,1,0.005529190647786342,0.4933862433862434,True
extra_trees,2024-02-23,2024-02-26,2024-02-20,0.49035822152195946,0,0,-0.009271215732003957,0.4933862433862434,True
extra_trees,2024-02-26,2024-02-27,2024-02-20,0.5091288447753738,1,1,0.012918479846018016,0.4933862433862434,True
extra_trees,2024-02-27,2024-02-28,2024-02-20,0.5109559565083162,1,0,-0.019110817058122676,0.4933862433862434,False
extra_trees,2024-02-28,2024-02-29,2024-02-27,0.5449690908967008,1,1,0.019378519360871316,0.4933862433862434,True
extra_trees,2024-02-29,2024-03-01,2024-02-27,0.5384501738166846,1,1,0.003929859770483324,0.4933862433862434,True
extra_trees,2024-03-01,2024-03-04,2024-02-27,0.5205593199585828,1,1,0.00405847942088533,0.4933862433862434,True
extra_trees,2024-03-04,2024-03-05,2024-02-27,0.48754453237252976,0,1,0.002792611667369327,0.4933862433862434,False
extra_trees,2024-03-05,2024-03-06,2024-02-27,0.501823094416777,1,0,-0.0025796370495096976,0.4933862433862434,False
extra_trees,2024-03-06,2024-03-07,2024-03-05,0.5214022141751095,1,0,-0.004121672634072038,0.49603174603174605,False
extra_trees,2024-03-07,2024-03-08,2024-03-05,0.5008726097883369,1,1,0.0061497958661773655,0.49603174603174605,True
extra_trees,2024-03-08,2024-03-11,2024-03-05,0.4985316703264667,0,1,0.00736574477271823,0.49603174603174605,False
extra_trees,2024-03-11,2024-03-12,2024-03-05,0.49769129929392625,0,0,-0.004080359127918154,0.49603174603174605,True
extra_trees,2024-03-12,2024-03-13,2024-03-05,0.5006286723288512,1,0,-0.003959639193896414,0.49603174603174605,False
extra_trees,2024-03-13,2024-03-14,2024-03-12,0.50362683067243,1,0,-0.001840014565837489,0.4947089947089947,False
extra_trees,2024-03-14,2024-03-15,2024-03-12,0.4863714710834688,0,1,0.005398531034756848,0.4947089947089947,False
extra_trees,2024-03-15,2024-03-18,2024-03-12,0.4299244798618953,0,1,0.009916173642822601,0.4947089947089947,False
extra_trees,2024-03-18,2024-03-19,2024-03-12,0.45637491790239787,0,0,-0.007186687318484264,0.4947089947089947,True
extra_trees,2024-03-19,2024-03-20,2024-03-12,0.4714209082255072,0,1,0.00552773420590702,0.4947089947089947,False
extra_trees,2024-03-20,2024-03-21,2024-03-19,0.431326194367222,0,0,-0.0008354423417011869,0.4947089947089947,True
extra_trees,2024-03-21,2024-03-22,2024-03-19,0.45047876213497395,0,0,-0.009450221685066373,0.4947089947089947,True
extra_trees,2024-03-22,2024-03-25,2024-03-19,0.4477656053985313,0,0,-0.007128563149697675,0.4947089947089947,True
extra_trees,2024-03-25,2024-03-26,2024-03-19,0.5033664166921501,1,1,0.0017101379883821544,0.4947089947089947,True
extra_trees,2024-03-26,2024-03-27,2024-03-19,0.44896254745545455,0,0,-0.01264797676937357,0.4947089947089947,True
extra_trees,2024-03-27,2024-03-28,2024-03-26,0.5224963512448483,1,1,0.005854990754187384,0.4933862433862434,True
extra_trees,2024-03-28,2024-03-29,2024-03-26,0.47103093365556525,0,1,0.010131753012857514,0.4933862433862434,False
extra_trees,2024-03-29,2024-04-01,2024-03-26,0.47151713793169314,0,1,0.011907172868414362,0.4933862433862434,False
extra_trees,2024-04-01,2024-04-02,2024-03-26,0.4518080674815229,0,0,-0.000786383579842953,0.4933862433862434,True
extra_trees,2024-04-02,2024-04-03,2024-03-26,0.4551075046081012,0,0,-0.0018415532488794684,0.4933862433862434,True
extra_trees,2024-04-03,2024-04-08,2024-04-02,0.4196303393171428,0,0,-0.007247036690076092,0.4933862433862434,True
extra_trees,2024-04-08,2024-04-09,2024-04-02,0.46995303020441853,0,1,0.0004871264775672124,0.4933862433862434,False
extra_trees,2024-04-09,2024-04-10,2024-04-02,0.4232682426697459,0,0,-0.006954811667196914,0.4933862433862434,True
extra_trees,2024-04-10,2024-04-11,2024-04-02,0.48981024282430935,0,1,0.0022830311902393152,0.4933862433862434,False
extra_trees,2024-04-11,2024-04-12,2024-04-02,0.45687253222156726,0,0,-0.004868721274580712,0.4933862433862434,True
extra_trees,2024-04-12,2024-04-15,2024-04-11,0.5182075048041542,1,1,0.012553214989301953,0.4933862433862434,True
extra_trees,2024-04-15,2024-04-16,2024-04-11,0.46747886895761875,0,0,-0.016455114997898757,0.4933862433862434,True
extra_trees,2024-04-16,2024-04-17,2024-04-11,0.5305540675788203,1,1,0.021387111252984203,0.4933862433862434,True
extra_trees,2024-04-17,2024-04-18,2024-04-11,0.47101445249582097,0,1,0.0009259679506994356,0.4933862433862434,False
extra_trees,2024-04-18,2024-04-19,2024-04-11,0.4728304258062313,0,0,-0.002915727107251742,0.4933862433862434,True
extra_trees,2024-04-19,2024-04-22,2024-04-18,0.43329289079315036,0,0,-0.006741938125334079,0.49603174603174605,True
extra_trees,2024-04-22,2024-04-23,2024-04-18,0.5109812395836083,1,0,-0.007428803671502893,0.49603174603174605,False
extra_trees,2024-04-23,2024-04-24,2024-04-18,0.4651199693715884,0,1,0.007559553305740874,0.49603174603174605,False
extra_trees,2024-04-24,2024-04-25,2024-04-18,0.4102685868506228,0,1,0.002652929860635922,0.49603174603174605,False
extra_trees,2024-04-25,2024-04-26,2024-04-18,0.409772413847735,0,1,0.01170549313767233,0.49603174603174605,False
extra_trees,2024-04-26,2024-04-29,2024-04-25,0.4624741359727462,0,1,0.00790235637048431,0.49603174603174605,False
extra_trees,2024-04-29,2024-04-30,2024-04-25,0.4515940416882366,0,0,-0.0026400854315159483,0.49603174603174605,True
extra_trees,2024-04-30,2024-05-06,2024-04-25,0.45941242258544845,0,1,0.011561329794969044,0.49603174603174605,False
extra_trees,2024-05-06,2024-05-07,2024-04-25,0.43567523959455295,0,1,0.002234391829339488,0.49603174603174605,False
extra_trees,2024-05-07,2024-05-08,2024-04-25,0.41484818839310394,0,0,-0.006118107669698003,0.49603174603174605,True
extra_trees,2024-05-08,2024-05-09,2024-05-07,0.462809265700464,0,1,0.00825969852833941,0.4973544973544973,False
extra_trees,2024-05-09,2024-05-10,2024-05-07,0.4457779524631507,0,1,7.199649775557759e-05,0.4973544973544973,False
extra_trees,2024-05-10,2024-05-13,2024-05-07,0.4373079427334117,0,0,-0.0020689181635956677,0.4973544973544973,True
extra_trees,2024-05-13,2024-05-14,2024-05-07,0.4482265789992919,0,0,-0.0007135912416331713,0.4973544973544973,True
extra_trees,2024-05-14,2024-05-15,2024-05-07,0.45780839438027604,0,0,-0.008224429832744296,0.4973544973544973,True
extra_trees,2024-05-15,2024-05-16,2024-05-14,0.49888622765720875,0,1,0.000800954619697869,0.49603174603174605,False
extra_trees,2024-05-16,2024-05-17,2024-05-14,0.4661813673433244,0,1,0.01012851968725359,0.49603174603174605,False
extra_trees,2024-05-17,2024-05-20,2024-05-14,0.4391027262634191,0,1,0.005427602173133428,0.49603174603174605,False
extra_trees,2024-05-20,2024-05-21,2024-05-14,0.4181980188824786,0,0,-0.004156038145337493,0.49603174603174605,True
extra_trees,2024-05-21,2024-05-22,2024-05-14,0.43337452556852796,0,1,0.00018182591406867843,0.49603174603174605,False
extra_trees,2024-05-22,2024-05-23,2024-05-21,0.4486901018110423,0,0,-0.013345691786258551,0.49867724867724866,True
extra_trees,2024-05-23,2024-05-24,2024-05-21,0.4924681166331874,0,0,-0.008829615833977011,0.49867724867724866,True
extra_trees,2024-05-24,2024-05-27,2024-05-21,0.5452154297896693,1,1,0.011386751241270865,0.49867724867724866,True
extra_trees,2024-05-27,2024-05-28,2024-05-21,0.4707609288575878,0,0,-0.004632010951706955,0.49867724867724866,True
extra_trees,2024-05-28,2024-05-29,2024-05-21,0.5171822772152521,1,1,0.00046485495544557054,0.49867724867724866,True
extra_trees,2024-05-29,2024-05-30,2024-05-28,0.484117908071173,0,0,-0.0062165511374799864,0.49867724867724866,True
extra_trees,2024-05-30,2024-05-31,2024-05-28,0.5441664454315253,1,0,-0.0015733851696965173,0.49867724867724866,False
extra_trees,2024-05-31,2024-06-03,2024-05-28,0.5534924370095091,1,0,-0.0026968588383088354,0.49867724867724866,False
extra_trees,2024-06-03,2024-06-04,2024-05-28,0.5197278214885799,1,1,0.004128811647091668,0.49867724867724866,True
extra_trees,2024-06-04,2024-06-05,2024-05-28,0.46647604441746,0,0,-0.008344916755930742,0.49867724867724866,True
extra_trees,2024-06-05,2024-06-06,2024-06-04,0.5818146990330625,1,0,-0.005418373320783876,0.4973544973544973,False
extra_trees,2024-06-06,2024-06-07,2024-06-04,0.5295976457791233,1,1,0.0008150108146043333,0.4973544973544973,True
extra_trees,2024-06-07,2024-06-11,2024-06-04,0.5160893962027227,1,0,-0.0076143814722660075,0.4973544973544973,False
extra_trees,2024-06-11,2024-06-12,2024-06-04,0.5358783943943283,1,1,0.003111710588458605,0.4973544973544973,True
extra_trees,2024-06-12,2024-06-13,2024-06-04,0.49545606274625315,0,0,-0.0028144498665417794,0.4973544973544973,True
extra_trees,2024-06-13,2024-06-14,2024-06-12,0.5196875210917294,1,1,0.0012263782451473748,0.49603174603174605,True
extra_trees,2024-06-14,2024-06-17,2024-06-12,0.5002473072642547,1,0,-0.0055208125558734444,0.49603174603174605,False
extra_trees,2024-06-17,2024-06-18,2024-06-12,0.5398973628586264,1,1,0.004760019983482744,0.49603174603174605,True
extra_trees,2024-06-18,2024-06-19,2024-06-12,0.46140122734891487,0,0,-0.0040251842226426415,0.49603174603174605,True
extra_trees,2024-06-19,2024-06-20,2024-06-12,0.5183643753623335,1,0,-0.004178924723259203,0.49603174603174605,False
extra_trees,2024-06-20,2024-06-21,2024-06-19,0.5295191775732703,1,0,-0.002428665196730573,0.49603174603174605,False
extra_trees,2024-06-21,2024-06-24,2024-06-19,0.5182949804688141,1,0,-0.011686854809904279,0.49603174603174605,False
extra_trees,2024-06-24,2024-06-25,2024-06-19,0.5684685177349114,1,0,-0.004421924627625584,0.49603174603174605,False
extra_trees,2024-06-25,2024-06-26,2024-06-19,0.5225471912529512,1,1,0.00763689093440556,0.49603174603174605,True
extra_trees,2024-06-26,2024-06-27,2024-06-19,0.47314534526479757,0,0,-0.008973078141543578,0.49603174603174605,True
extra_trees,2024-06-27,2024-06-28,2024-06-26,0.553677960308347,1,1,0.007315505692002677,0.49206349206349204,True
extra_trees,2024-06-28,2024-07-01,2024-06-26,0.48863778219971477,0,1,0.009209231722771216,0.49206349206349204,False
extra_trees,2024-07-01,2024-07-02,2024-06-26,0.4629392398929055,0,1,0.0007616044757019491,0.49206349206349204,False
extra_trees,2024-07-02,2024-07-03,2024-06-26,0.44326994673506026,0,0,-0.004883365296845299,0.49206349206349204,True
extra_trees,2024-07-03,2024-07-04,2024-06-26,0.4755380064315131,0,0,-0.008318402283065796,0.49206349206349204,True
extra_trees,2024-07-04,2024-07-05,2024-07-03,0.48609046102367537,0,0,-0.002581074241090664,0.4933862433862434,True
extra_trees,2024-07-05,2024-07-08,2024-07-03,0.45838991346400626,0,0,-0.009316651329031811,0.4933862433862434,True
extra_trees,2024-07-08,2024-07-09,2024-07-03,0.5274018208931911,1,1,0.012634126341537266,0.4933862433862434,True
extra_trees,2024-07-09,2024-07-10,2024-07-03,0.46989557522094033,0,0,-0.006761163279079052,0.4933862433862434,True
extra_trees,2024-07-10,2024-07-11,2024-07-03,0.5295345360411547,1,1,0.010554597600650695,0.4933862433862434,True
extra_trees,2024-07-11,2024-07-12,2024-07-10,0.44831882238858833,0,1,0.0003055493704289258,0.49074074074074076,False
extra_trees,2024-07-12,2024-07-15,2024-07-10,0.44446573776016,0,1,0.0009139785850948989,0.49074074074074076,False
extra_trees,2024-07-15,2024-07-16,2024-07-10,0.38904251268774376,0,1,0.0007712144411584632,0.49074074074074076,False
extra_trees,2024-07-16,2024-07-17,2024-07-10,0.4417496360600252,0,0,-0.004518825578419539,0.49074074074074076,True
extra_trees,2024-07-17,2024-07-18,2024-07-10,0.4539107306650169,0,1,0.0048191695111361454,0.49074074074074076,False
extra_trees,2024-07-18,2024-07-19,2024-07-17,0.42710229590467974,0,1,0.0017383164624062974,0.49206349206349204,False
extra_trees,2024-07-19,2024-07-22,2024-07-17,0.42490376596009055,0,0,-0.006066810121527988,0.49206349206349204,True
extra_trees,2024-07-22,2024-07-23,2024-07-17,0.4518003861388077,0,0,-0.016478896355544892,0.49206349206349204,True
extra_trees,2024-07-23,2024-07-24,2024-07-17,0.5167104646687771,1,0,-0.004602059739617914,0.49206349206349204,False
extra_trees,2024-07-24,2024-07-25,2024-07-17,0.49604049036921466,0,0,-0.005241368929697621,0.49206349206349204,True
extra_trees,2024-07-25,2024-07-26,2024-07-24,0.5139620463333123,1,1,0.0014395815683676538,0.49074074074074076,True
extra_trees,2024-07-26,2024-07-29,2024-07-24,0.49837334271281647,0,1,0.00032792586578556104,0.49074074074074076,False
extra_trees,2024-07-29,2024-07-30,2024-07-24,0.5245289269543608,1,0,-0.004338302605606192,0.49074074074074076,False
extra_trees,2024-07-30,2024-07-31,2024-07-24,0.532683867227687,1,1,0.02064727824780732,0.49074074074074076,True
extra_trees,2024-07-31,2024-08-01,2024-07-24,0.5114022205237636,1,0,-0.002164934586288081,0.49074074074074076,False
extra_trees,2024-08-01,2024-08-02,2024-07-31,0.4544723093283079,0,0,-0.009224430157941943,0.49074074074074076,True
extra_trees,2024-08-02,2024-08-05,2024-07-31,0.4924096965789282,0,0,-0.015364720966152823,0.49074074074074076,True
extra_trees,2024-08-05,2024-08-06,2024-07-31,0.5073649467698531,1,1,0.0023022005330308737,0.49074074074074076,True
extra_trees,2024-08-06,2024-08-07,2024-07-31,0.48648063536882014,0,1,0.0008893783339263273,0.49074074074074076,False
extra_trees,2024-08-07,2024-08-08,2024-07-31,0.47995972130966896,0,1,2.3555371046368734e-05,0.49074074074074076,False
extra_trees,2024-08-08,2024-08-09,2024-08-07,0.48298029905936884,0,0,-0.0026855626468561544,0.49074074074074076,True
extra_trees,2024-08-09,2024-08-12,2024-08-07,0.5485109544993656,1,0,-0.0013938607448041873,0.49074074074074076,False
extra_trees,2024-08-12,2024-08-13,2024-08-07,0.5235049304485596,1,1,0.0034082234700762992,0.49074074074074076,True
extra_trees,2024-08-13,2024-08-14,2024-08-07,0.44422053739196665,0,0,-0.006029437095398604,0.49074074074074076,True
extra_trees,2024-08-14,2024-08-15,2024-08-07,0.53279843726735,1,1,0.009367675255140595,0.49074074074074076,True
extra_trees,2024-08-15,2024-08-16,2024-08-14,0.46001453392778047,0,1,0.0007200703117258289,0.49074074074074076,False
extra_trees,2024-08-16,2024-08-19,2024-08-14,0.4595496561463806,0,1,0.0049468127335488,0.49074074074074076,False
extra_trees,2024-08-19,2024-08-20,2024-08-14,0.4191796062334099,0,0,-0.009335122708026056,0.49074074074074076,True
extra_trees,2024-08-20,2024-08-21,2024-08-14,0.4642373151318647,0,0,-0.0035152743906586847,0.49074074074074076,True
extra_trees,2024-08-21,2024-08-22,2024-08-14,0.46449110798938037,0,0,-0.0027347700167322797,0.49074074074074076,True
extra_trees,2024-08-22,2024-08-23,2024-08-21,0.48883671333351414,0,1,0.001964249997139067,0.4894179894179894,False
extra_trees,2024-08-23,2024-08-26,2024-08-21,0.43390626034128377,0,1,0.00040387231146654656,0.4894179894179894,False
extra_trees,2024-08-26,2024-08-27,2024-08-21,0.4574959767241371,0,0,-0.002377535190346891,0.4894179894179894,True
extra_trees,2024-08-27,2024-08-28,2024-08-21,0.4523271711860296,0,0,-0.003967345181602355,0.4894179894179894,True
extra_trees,2024-08-28,2024-08-29,2024-08-21,0.5091345113571855,1,0,-0.005047984807938444,0.4894179894179894,False
extra_trees,2024-08-29,2024-08-30,2024-08-28,0.5098967198141328,1,1,0.006768502493353035,0.49074074074074076,True
extra_trees,2024-08-30,2024-09-02,2024-08-28,0.45807540765356064,0,0,-0.010970038781735747,0.49074074074074076,True
extra_trees,2024-09-02,2024-09-03,2024-08-28,0.5385974738007063,1,0,-0.0028659550663722166,0.49074074074074076,False
extra_trees,2024-09-03,2024-09-04,2024-08-28,0.5133663452567565,1,0,-0.00667161687671769,0.49074074074074076,False
extra_trees,2024-09-04,2024-09-05,2024-08-28,0.5388074116834433,1,1,0.001449495907072329,0.49074074074074076,True
extra_trees,2024-09-05,2024-09-06,2024-09-04,0.5167880076288446,1,0,-0.00807208197957332,0.49074074074074076,False
extra_trees,2024-09-06,2024-09-09,2024-09-04,0.5718536228936376,1,0,-0.010600524273823075,0.49074074074074076,False
extra_trees,2024-09-09,2024-09-10,2024-09-04,0.5541540132135541,1,1,0.0028154704592853186,0.49074074074074076,True
extra_trees,2024-09-10,2024-09-11,2024-09-04,0.5494340124284977,1,0,-0.008161564199532623,0.49074074074074076,False
extra_trees,2024-09-11,2024-09-12,2024-09-04,0.5781603832844462,1,0,-0.0017165508999354984,0.49074074074074076,False
extra_trees,2024-09-12,2024-09-13,2024-09-11,0.5719331048290496,1,0,-0.004796801440464682,0.4894179894179894,False
extra_trees,2024-09-13,2024-09-18,2024-09-11,0.5657256444101157,1,1,0.004878425626133165,0.4894179894179894,True
extra_trees,2024-09-18,2024-09-19,2024-09-11,0.5270122227412117,1,1,0.00689693039877759,0.4894179894179894,True
extra_trees,2024-09-19,2024-09-20,2024-09-11,0.5325534572218273,1,1,0.00028936168719684296,0.4894179894179894,True
extra_trees,2024-09-20,2024-09-23,2024-09-11,0.4755719930384242,0,1,0.004422587885862361,0.4894179894179894,False
extra_trees,2024-09-23,2024-09-24,2024-09-20,0.5016464560571735,1,1,0.041546460266889795,0.49074074074074076,True
extra_trees,2024-09-24,2024-09-25,2024-09-20,0.565320634283109,1,1,0.011588803913764822,0.49074074074074076,True
extra_trees,2024-09-25,2024-09-26,2024-09-20,0.5329340328891613,1,1,0.03613116529791727,0.49074074074074076,True
extra_trees,2024-09-26,2024-09-27,2024-09-20,0.5871889550700807,1,1,0.028849505986865642,0.49074074074074076,True
extra_trees,2024-09-27,2024-09-30,2024-09-20,0.5992480368843919,1,1,0.08063692106366238,0.49074074074074076,True
extra_trees,2024-09-30,2024-10-08,2024-09-27,0.6579913451802405,1,1,0.045939703115009056,0.4947089947089947,True
extra_trees,2024-10-08,2024-10-09,2024-09-27,0.6501012975224811,1,0,-0.06616967953035124,0.4947089947089947,False
extra_trees,2024-10-09,2024-10-10,2024-09-27,0.6450738858627154,1,1,0.013215703980701488,0.4947089947089947,True
extra_trees,2024-10-10,2024-10-11,2024-09-27,0.648120163366793,1,0,-0.025496695731421437,0.4947089947089947,False
extra_trees,2024-10-11,2024-10-14,2024-09-27,0.6293919165335735,1,1,0.020693047789445362,0.4947089947089947,True
extra_trees,2024-10-14,2024-10-15,2024-10-11,0.6055557536007011,1,0,-0.025280891264484517,0.4947089947089947,False
extra_trees,2024-10-15,2024-10-16,2024-10-11,0.601969130589313,1,1,0.0005173223972483321,0.4947089947089947,True
extra_trees,2024-10-16,2024-10-17,2024-10-11,0.5923385642178322,1,0,-0.010479002468975374,0.4947089947089947,False
extra_trees,2024-10-17,2024-10-18,2024-10-11,0.6054239283541163,1,1,0.02908419783615379,0.4947089947089947,True
extra_trees,2024-10-18,2024-10-21,2024-10-11,0.607455009167438,1,1,0.0020072276383538146,0.4947089947089947,True
extra_trees,2024-10-21,2024-10-22,2024-10-18,0.5982583638738358,1,1,0.0054333850451788734,0.4933862433862434,True
extra_trees,2024-10-22,2024-10-23,2024-10-18,0.5830170535483312,1,1,0.005154164948068862,0.4933862433862434,True
extra_trees,2024-10-23,2024-10-24,2024-10-18,0.5664933116562181,1,0,-0.006824597581181702,0.4933862433862434,False
extra_trees,2024-10-24,2024-10-25,2024-10-18,0.5516723879729153,1,1,0.005925684301180123,0.4933862433862434,True
extra_trees,2024-10-25,2024-10-28,2024-10-18,0.5352922139776184,1,1,0.006817952527385707,0.4933862433862434,True
extra_trees,2024-10-28,2024-10-29,2024-10-25,0.5504875319491177,1,0,-0.010773140368686707,0.4933862433862434,False
extra_trees,2024-10-29,2024-10-30,2024-10-25,0.5702051012892634,1,0,-0.006137158300843493,0.4933862433862434,False
extra_trees,2024-10-30,2024-10-31,2024-10-25,0.558274027736635,1,1,0.004159709375722853,0.4933862433862434,True
extra_trees,2024-10-31,2024-11-01,2024-10-25,0.5301986730559759,1,0,-0.002381286022507756,0.4933862433862434,False
extra_trees,2024-11-01,2024-11-04,2024-10-25,0.5449263243829963,1,1,0.01167262660412649,0.4933862433862434,True
extra_trees,2024-11-04,2024-11-05,2024-11-01,0.5200517478271575,1,1,0.023194832033475166,0.49206349206349204,True
extra_trees,2024-11-05,2024-11-06,2024-11-01,0.5494547468702159,1,0,-0.0009390942728476626,0.49206349206349204,False
extra_trees,2024-11-06,2024-11-07,2024-11-01,0.48748664797685004,0,1,0.025667752485352135,0.49206349206349204,False
extra_trees,2024-11-07,2024-11-08,2024-11-01,0.5809692291980606,1,0,-0.005291153624371714,0.49206349206349204,False
extra_trees,2024-11-08,2024-11-11,2024-11-01,0.537566199171943,1,1,0.005146891905682294,0.49206349206349204,True
extra_trees,2024-11-11,2024-11-12,2024-11-08,0.5450294584337587,1,0,-0.013860141034217288,0.49206349206349204,False
extra_trees,2024-11-12,2024-11-13,2024-11-08,0.5243943449576133,1,1,0.005057817425114131,0.49206349206349204,True
extra_trees,2024-11-13,2024-11-14,2024-11-08,0.5394725760529471,1,0,-0.01728237829465229,0.49206349206349204,False
extra_trees,2024-11-14,2024-11-15,2024-11-08,0.5109568713051224,1,0,-0.014531047618867365,0.49206349206349204,False
extra_trees,2024-11-15,2024-11-18,2024-11-08,0.5169406006162213,1,0,-0.002064924998490536,0.49206349206349204,False
extra_trees,2024-11-18,2024-11-19,2024-11-15,0.5075322889620208,1,1,0.006667331357992579,0.49074074074074076,True
extra_trees,2024-11-19,2024-11-20,2024-11-15,0.49674937950034237,0,1,0.0065688689853808935,0.49074074074074076,False
extra_trees,2024-11-20,2024-11-21,2024-11-15,0.5075649375504343,1,1,0.0007169262681445687,0.49074074074074076,True
extra_trees,2024-11-21,2024-11-22,2024-11-15,0.46821704707401673,0,0,-0.030623125020713293,0.49074074074074076,True
extra_trees,2024-11-22,2024-11-25,2024-11-15,0.5641539154184462,1,0,-0.0010504128377410993,0.49074074074074076,False
extra_trees,2024-11-25,2024-11-26,2024-11-22,0.5317576974069369,1,0,-0.0012263464126970325,0.49206349206349204,False
extra_trees,2024-11-26,2024-11-27,2024-11-22,0.5487566953825062,1,1,0.015345222644189471,0.49206349206349204,True
extra_trees,2024-11-27,2024-11-28,2024-11-22,0.5313727956211151,1,0,-0.004254241877002629,0.49206349206349204,False
extra_trees,2024-11-28,2024-11-29,2024-11-22,0.5593571179552259,1,1,0.009332589697303328,0.49206349206349204,True
extra_trees,2024-11-29,2024-12-02,2024-11-22,0.4917118693525968,0,1,0.011281256503731685,0.49206349206349204,False
extra_trees,2024-12-02,2024-12-03,2024-11-29,0.5141641975371897,1,1,0.004406681925763989,0.49206349206349204,True
extra_trees,2024-12-03,2024-12-04,2024-11-29,0.4638361112651904,0,0,-0.0041897933006695975,0.49206349206349204,True
extra_trees,2024-12-04,2024-12-05,2024-11-29,0.4899681214176645,0,1,0.0012499071968796738,0.49206349206349204,False
extra_trees,2024-12-05,2024-12-06,2024-11-29,0.4552524727861034,0,1,0.010454916244102108,0.49206349206349204,False
extra_trees,2024-12-06,2024-12-09,2024-11-29,0.46374744447030913,0,0,-0.00045301568437183803,0.49206349206349204,True
extra_trees,2024-12-09,2024-12-10,2024-12-06,0.4856992240439816,0,1,0.0059151203854139744,0.4947089947089947,False
extra_trees,2024-12-10,2024-12-11,2024-12-06,0.49403683646104624,0,1,0.002871888528126698,0.4947089947089947,False
extra_trees,2024-12-11,2024-12-12,2024-12-06,0.4617252719794592,0,1,0.008451473510397767,0.4947089947089947,False
extra_trees,2024-12-12,2024-12-13,2024-12-06,0.45153424657410196,0,0,-0.020113131307995413,0.4947089947089947,True
extra_trees,2024-12-13,2024-12-16,2024-12-06,0.4973932864716407,0,0,-0.001635377119378889,0.4947089947089947,True
extra_trees,2024-12-16,2024-12-17,2024-12-13,0.489463897701797,0,0,-0.007337203165478923,0.49603174603174605,True
extra_trees,2024-12-17,2024-12-18,2024-12-13,0.5153600085562577,1,1,0.0061648646357188586,0.49603174603174605,True
extra_trees,2024-12-18,2024-12-19,2024-12-13,0.4681243838260616,0,0,-0.003599719366765064,0.49603174603174605,True
extra_trees,2024-12-19,2024-12-20,2024-12-13,0.47762803045431307,0,0,-0.0005827242468330329,0.49603174603174605,True
extra_trees,2024-12-20,2024-12-23,2024-12-13,0.4867224924562718,0,0,-0.004991643135133894,0.49603174603174605,True
extra_trees,2024-12-23,2024-12-24,2024-12-20,0.5291930450879444,1,1,0.01261347570140181,0.4933862433862434,True
extra_trees,2024-12-24,2024-12-25,2024-12-20,0.45534360377973626,0,0,-5.245278505283668e-05,0.4933862433862434,True
extra_trees,2024-12-25,2024-12-26,2024-12-20,0.4276993620438821,0,1,0.0013928418408699628,0.4933862433862434,False
extra_trees,2024-12-26,2024-12-27,2024-12-20,0.41422991028613176,0,1,0.0006078438787353591,0.4933862433862434,False
extra_trees,2024-12-27,2024-12-30,2024-12-20,0.4379535641037841,0,1,0.002112823523252816,0.4933862433862434,False
extra_trees,2024-12-30,2024-12-31,2024-12-27,0.4313151378933412,0,0,-0.01630689333239299,0.49603174603174605,True
extra_trees,2024-12-31,2025-01-02,2024-12-27,0.47559025541171784,0,0,-0.026613546363510765,0.49603174603174605,True
always_up,2023-01-03,2023-01-04,2022-12-30,1.0,1,1,0.0022475447631051804,0.510989010989011,True
always_up,2023-01-04,2023-01-05,2022-12-30,1.0,1,1,0.0101487541413261,0.510989010989011,True
always_up,2023-01-05,2023-01-06,2023-01-04,1.0,1,1,0.0007670789722746818,0.5123287671232877,True
always_up,2023-01-06,2023-01-09,2023-01-04,1.0,1,1,0.005842344424382029,0.5123287671232877,True
always_up,2023-01-09,2023-01-10,2023-01-04,1.0,1,0,-0.0020708831896631974,0.5123287671232877,False
always_up,2023-01-10,2023-01-11,2023-01-04,1.0,1,0,-0.0024198083538033988,0.5123287671232877,False
always_up,2023-01-11,2023-01-12,2023-01-04,1.0,1,1,0.0005102412597028927,0.5123287671232877,True
always_up,2023-01-12,2023-01-13,2023-01-11,1.0,1,1,0.010069699517068598,0.5129251700680272,True
always_up,2023-01-13,2023-01-16,2023-01-11,1.0,1,1,0.01010410302187359,0.5129251700680272,True
always_up,2023-01-16,2023-01-17,2023-01-11,1.0,1,0,-0.0010369341647810115,0.5129251700680272,False
always_up,2023-01-17,2023-01-18,2023-01-11,1.0,1,1,4.999620376211489e-05,0.5129251700680272,True
always_up,2023-01-18,2023-01-19,2023-01-11,1.0,1,1,0.004922891223996029,0.5129251700680272,True
always_up,2023-01-19,2023-01-20,2023-01-18,1.0,1,1,0.007571692737360802,0.5148648648648648,True
always_up,2023-01-20,2023-01-30,2023-01-18,1.0,1,1,0.0013796192603694468,0.5148648648648648,True
always_up,2023-01-30,2023-01-31,2023-01-18,1.0,1,0,-0.0041748156649186186,0.5148648648648648,False
always_up,2023-01-31,2023-02-01,2023-01-18,1.0,1,1,0.008984973043330235,0.5148648648648648,True
always_up,2023-02-01,2023-02-02,2023-01-18,1.0,1,1,0.00022807243509914699,0.5148648648648648,True
always_up,2023-02-02,2023-02-03,2023-02-01,1.0,1,0,-0.006776272909897685,0.5167785234899329,False
always_up,2023-02-03,2023-02-06,2023-02-01,1.0,1,0,-0.007571261668675722,0.5167785234899329,False
always_up,2023-02-06,2023-02-07,2023-02-01,1.0,1,1,0.0029012277712356926,0.5167785234899329,True
always_up,2023-02-07,2023-02-08,2023-02-01,1.0,1,0,-0.004922178976347391,0.5167785234899329,False
always_up,2023-02-08,2023-02-09,2023-02-01,1.0,1,1,0.011842525105068447,0.5167785234899329,True
always_up,2023-02-09,2023-02-10,2023-02-08,1.0,1,0,-0.002968826950094372,0.516,False
always_up,2023-02-10,2023-02-13,2023-02-08,1.0,1,1,0.007202959977530954,0.516,True
always_up,2023-02-13,2023-02-14,2023-02-08,1.0,1,1,0.0027777575629004403,0.516,True
always_up,2023-02-14,2023-02-15,2023-02-08,1.0,1,0,-0.0038838453731193656,0.516,False
always_up,2023-02-15,2023-02-16,2023-02-08,1.0,1,0,-0.009590756800832212,0.516,False
always_up,2023-02-16,2023-02-17,2023-02-15,1.0,1,0,-0.007696205897791963,0.5152317880794702,False
always_up,2023-02-17,2023-02-20,2023-02-15,1.0,1,1,0.02056870352993312,0.5152317880794702,True
always_up,2023-02-20,2023-02-21,2023-02-15,1.0,1,1,0.004919038264241671,0.5152317880794702,True
always_up,2023-02-21,2023-02-22,2023-02-15,1.0,1,0,-0.004650170952960941,0.5152317880794702,False
always_up,2023-02-22,2023-02-23,2023-02-15,1.0,1,0,-0.0011153252101083755,0.5152317880794702,False
always_up,2023-02-23,2023-02-24,2023-02-22,1.0,1,0,-0.0061802105383550465,0.5158730158730159,False
always_up,2023-02-24,2023-02-27,2023-02-22,1.0,1,0,-0.002793037634493345,0.5158730158730159,False
always_up,2023-02-27,2023-02-28,2023-02-22,1.0,1,1,0.0066208324872198965,0.5158730158730159,True
always_up,2023-02-28,2023-03-01,2023-02-22,1.0,1,1,0.009983670900885588,0.5158730158730159,True
always_up,2023-03-01,2023-03-02,2023-02-22,1.0,1,0,-0.0005114801048368145,0.5158730158730159,False
always_up,2023-03-02,2023-03-03,2023-03-01,1.0,1,1,0.005358186673471321,0.5158730158730159,True
always_up,2023-03-03,2023-03-06,2023-03-01,1.0,1,0,-0.0019128752445586317,0.5158730158730159,False
always_up,2023-03-06,2023-03-07,2023-03-01,1.0,1,0,-0.011115837477365775,0.5158730158730159,False
always_up,2023-03-07,2023-03-08,2023-03-01,1.0,1,0,-0.0005634229326680895,0.5158730158730159,False
always_up,2023-03-08,2023-03-09,2023-03-01,1.0,1,0,-0.0021790008607025513,0.5158730158730159,False
always_up,2023-03-09,2023-03-10,2023-03-08,1.0,1,0,-0.0140463320691957,0.5132275132275133,False
always_up,2023-03-10,2023-03-13,2023-03-08,1.0,1,1,0.011956032250133086,0.5132275132275133,True
always_up,2023-03-13,2023-03-14,2023-03-08,1.0,1,0,-0.00715367950303103,0.5132275132275133,False
always_up,2023-03-14,2023-03-15,2023-03-08,1.0,1,1,0.0055472319258766944,0.5132275132275133,True
always_up,2023-03-15,2023-03-16,2023-03-08,1.0,1,0,-0.011161534277967955,0.5132275132275133,False
always_up,2023-03-16,2023-03-17,2023-03-15,1.0,1,1,0.007330522950386387,0.5119047619047619,True
always_up,2023-03-17,2023-03-20,2023-03-15,1.0,1,0,-0.004810176505731567,0.5119047619047619,False
always_up,2023-03-20,2023-03-21,2023-03-15,1.0,1,1,0.0064113678824417875,0.5119047619047619,True
always_up,2023-03-21,2023-03-22,2023-03-15,1.0,1,1,0.003101377128779559,0.5119047619047619,True
always_up,2023-03-22,2023-03-23,2023-03-15,1.0,1,1,0.006400249866225227,0.5119047619047619,True
always_up,2023-03-23,2023-03-24,2023-03-22,1.0,1,0,-0.006388086881559785,0.5119047619047619,False
always_up,2023-03-24,2023-03-27,2023-03-22,1.0,1,0,-0.004365619048951719,0.5119047619047619,False
always_up,2023-03-27,2023-03-28,2023-03-22,1.0,1,0,-0.0018518500862290121,0.5119047619047619,False
always_up,2023-03-28,2023-03-29,2023-03-22,1.0,1,0,-0.001639008854444124,0.5119047619047619,False
always_up,2023-03-29,2023-03-30,2023-03-22,1.0,1,1,0.006540533486943945,0.5119047619047619,True
always_up,2023-03-30,2023-03-31,2023-03-29,1.0,1,1,0.0035605075786160345,0.5079365079365079,True
always_up,2023-03-31,2023-04-03,2023-03-29,1.0,1,1,0.007191202361775284,0.5079365079365079,True
always_up,2023-04-03,2023-04-04,2023-03-29,1.0,1,1,0.004902869679492383,0.5079365079365079,True
always_up,2023-04-04,2023-04-06,2023-03-29,1.0,1,1,2.1192083048404697e-05,0.5079365079365079,True
always_up,2023-04-06,2023-04-07,2023-03-29,1.0,1,1,0.0045334701028911795,0.5079365079365079,True
always_up,2023-04-07,2023-04-10,2023-04-06,1.0,1,0,-0.0036926707672033654,0.5119047619047619,False
always_up,2023-04-10,2023-04-11,2023-04-06,1.0,1,0,-0.000539097167732705,0.5119047619047619,False
always_up,2023-04-11,2023-04-12,2023-04-06,1.0,1,1,0.004107683841342746,0.5119047619047619,True
always_up,2023-04-12,2023-04-13,2023-04-06,1.0,1,0,-0.0026502310544155305,0.5119047619047619,False
always_up,2023-04-13,2023-04-14,2023-04-06,1.0,1,1,0.005963390752997011,0.5119047619047619,True
always_up,2023-04-14,2023-04-17,2023-04-13,1.0,1,1,0.014216546428001742,0.5092592592592593,True
always_up,2023-04-17,2023-04-18,2023-04-13,1.0,1,1,0.0022807414735810383,0.5092592592592593,True
always_up,2023-04-18,2023-04-19,2023-04-13,1.0,1,0,-0.006837794082699689,0.5092592592592593,False
always_up,2023-04-19,2023-04-20,2023-04-13,1.0,1,0,-0.0009190451295281177,0.5092592592592593,False
always_up,2023-04-20,2023-04-21,2023-04-13,1.0,1,0,-0.019534569179790684,0.5092592592592593,False
always_up,2023-04-21,2023-04-24,2023-04-20,1.0,1,0,-0.007828683463801389,0.5105820105820106,False
always_up,2023-04-24,2023-04-25,2023-04-20,1.0,1,0,-0.0032183117060351485,0.5105820105820106,False
always_up,2023-04-25,2023-04-26,2023-04-20,1.0,1,0,-0.00023618079693599192,0.5105820105820106,False
always_up,2023-04-26,2023-04-27,2023-04-20,1.0,1,1,0.006673752641079611,0.5105820105820106,True
always_up,2023-04-27,2023-04-28,2023-04-20,1.0,1,1,0.011379036949687116,0.5105820105820106,True
always_up,2023-04-28,2023-05-04,2023-04-27,1.0,1,1,0.008179913871697586,0.5132275132275133,True
always_up,2023-05-04,2023-05-05,2023-04-27,1.0,1,0,-0.004762303143745594,0.5132275132275133,False
always_up,2023-05-05,2023-05-08,2023-04-27,1.0,1,1,0.018143874403104387,0.5132275132275133,True
always_up,2023-05-08,2023-05-09,2023-04-27,1.0,1,0,-0.010996424274778316,0.5132275132275133,False
always_up,2023-05-09,2023-05-10,2023-04-27,1.0,1,0,-0.011472268558081145,0.5132275132275133,False
always_up,2023-05-10,2023-05-11,2023-05-09,1.0,1,0,-0.002892125473306306,0.5119047619047619,False
always_up,2023-05-11,2023-05-12,2023-05-09,1.0,1,0,-0.011236961676253876,0.5119047619047619,False
always_up,2023-05-12,2023-05-15,2023-05-09,1.0,1,1,0.01172694254874429,0.5119047619047619,True
always_up,2023-05-15,2023-05-16,2023-05-09,1.0,1,0,-0.005965228222467811,0.5119047619047619,False
always_up,2023-05-16,2023-05-17,2023-05-09,1.0,1,0,-0.0020526970112374476,0.5119047619047619,False
always_up,2023-05-17,2023-05-18,2023-05-16,1.0,1,1,0.003985071700172149,0.5092592592592593,True
always_up,2023-05-18,2023-05-19,2023-05-16,1.0,1,0,-0.004178605782229283,0.5092592592592593,False
always_up,2023-05-19,2023-05-22,2023-05-16,1.0,1,1,0.003937181610941476,0.5092592592592593,True
always_up,2023-05-22,2023-05-23,2023-05-16,1.0,1,0,-0.015237998857929758,0.5092592592592593,False
always_up,2023-05-23,2023-05-24,2023-05-16,1.0,1,0,-0.012780517016928394,0.5092592592592593,False
always_up,2023-05-24,2023-05-25,2023-05-23,1.0,1,0,-0.0010886654663232465,0.5092592592592593,False
always_up,2023-05-25,2023-05-26,2023-05-23,1.0,1,1,0.0035121477930333267,0.5092592592592593,True
always_up,2023-05-26,2023-05-29,2023-05-23,1.0,1,1,0.0027843079905462975,0.5092592592592593,True
always_up,2023-05-29,2023-05-30,2023-05-23,1.0,1,1,0.0008582785308619556,0.5092592592592593,True
always_up,2023-05-30,2023-05-31,2023-05-23,1.0,1,0,-0.00609416876978941,0.5092592592592593,False
always_up,2023-05-31,2023-06-01,2023-05-30,1.0,1,1,2.187504797834805e-05,0.5092592592592593,True
always_up,2023-06-01,2023-06-02,2023-05-30,1.0,1,1,0.007936661731626549,0.5092592592592593,True
always_up,2023-06-02,2023-06-05,2023-05-30,1.0,1,1,0.0007344735650505196,0.5092592592592593,True
always_up,2023-06-05,2023-06-06,2023-05-30,1.0,1,0,-0.011477579946548078,0.5092592592592593,False
always_up,2023-06-06,2023-06-07,2023-05-30,1.0,1,1,0.0007568207756518675,0.5092592592592593,True
always_up,2023-06-07,2023-06-08,2023-06-06,1.0,1,1,0.004949341549755015,0.5119047619047619,True
always_up,2023-06-08,2023-06-09,2023-06-06,1.0,1,1,0.005545207992754486,0.5119047619047619,True
always_up,2023-06-09,2023-06-12,2023-06-06,1.0,1,0,-0.0007959075393044746,0.5119047619047619,False
always_up,2023-06-12,2023-06-13,2023-06-06,1.0,1,1,0.0014989313788111858,0.5119047619047619,True
always_up,2023-06-13,2023-06-14,2023-06-06,1.0,1,0,-0.0014487239187482848,0.5119047619047619,False
always_up,2023-06-14,2023-06-15,2023-06-13,1.0,1,1,0.007428455850588822,0.5105820105820106,True
always_up,2023-06-15,2023-06-16,2023-06-13,1.0,1,1,0.006258578493269162,0.5105820105820106,True
always_up,2023-06-16,2023-06-19,2023-06-13,1.0,1,0,-0.005354907096101202,0.5105820105820106,False
always_up,2023-06-19,2023-06-20,2023-06-13,1.0,1,0,-0.004742574165282676,0.5105820105820106,False
always_up,2023-06-20,2023-06-21,2023-06-13,1.0,1,0,-0.013104604765488026,0.5105820105820106,False
always_up,2023-06-21,2023-06-26,2023-06-20,1.0,1,0,-0.014785385326644418,0.5105820105820106,False
always_up,2023-06-26,2023-06-27,2023-06-20,1.0,1,1,0.012322594776537521,0.5105820105820106,True
always_up,2023-06-27,2023-06-28,2023-06-20,1.0,1,0,-2.0975451291316283e-05,0.5105820105820106,False
always_up,2023-06-28,2023-06-29,2023-06-20,1.0,1,0,-0.00219309370817955,0.5105820105820106,False
always_up,2023-06-29,2023-06-30,2023-06-20,1.0,1,1,0.006184394251700587,0.5105820105820106,True
always_up,2023-06-30,2023-07-03,2023-06-29,1.0,1,1,0.013089283116071826,0.5105820105820106,True
always_up,2023-07-03,2023-07-04,2023-06-29,1.0,1,1,0.00042361608828689334,0.5105820105820106,True
always_up,2023-07-04,2023-07-05,2023-06-29,1.0,1,0,-0.006902893531457344,0.5105820105820106,False
always_up,2023-07-05,2023-07-06,2023-06-29,1.0,1,0,-0.005390129139266953,0.5105820105820106,False
always_up,2023-07-06,2023-07-07,2023-06-29,1.0,1,0,-0.0027968774898030624,0.5105820105820106,False
always_up,2023-07-07,2023-07-10,2023-07-06,1.0,1,1,0.002216911594948856,0.5105820105820106,True
always_up,2023-07-10,2023-07-11,2023-07-06,1.0,1,1,0.005515754648116156,0.5105820105820106,True
always_up,2023-07-11,2023-07-12,2023-07-06,1.0,1,0,-0.007832979953290575,0.5105820105820106,False
always_up,2023-07-12,2023-07-13,2023-07-06,1.0,1,1,0.012623470663946312,0.5105820105820106,True
always_up,2023-07-13,2023-07-14,2023-07-06,1.0,1,1,0.0003773235119635121,0.5105820105820106,True
always_up,2023-07-14,2023-07-17,2023-07-13,1.0,1,0,-0.008670163880471704,0.5092592592592593,False
always_up,2023-07-17,2023-07-18,2023-07-13,1.0,1,0,-0.003679458609214148,0.5092592592592593,False
always_up,2023-07-18,2023-07-19,2023-07-13,1.0,1,1,0.0003176226204844035,0.5092592592592593,True
always_up,2023-07-19,2023-07-20,2023-07-13,1.0,1,0,-0.009163896440073538,0.5092592592592593,False
always_up,2023-07-20,2023-07-21,2023-07-13,1.0,1,0,-0.000560589262355693,0.5092592592592593,False
always_up,2023-07-21,2023-07-24,2023-07-20,1.0,1,0,-0.0011315304021294326,0.5066137566137566,False
always_up,2023-07-24,2023-07-25,2023-07-20,1.0,1,1,0.021288583058104882,0.5066137566137566,True
always_up,2023-07-25,2023-07-26,2023-07-20,1.0,1,0,-0.0026282976999099095,0.5066137566137566,False
always_up,2023-07-26,2023-07-27,2023-07-20,1.0,1,0,-0.0019723689019259805,0.5066137566137566,False
always_up,2023-07-27,2023-07-28,2023-07-20,1.0,1,1,0.01842115710376202,0.5066137566137566,True
always_up,2023-07-28,2023-07-31,2023-07-27,1.0,1,1,0.00461368827748454,0.5066137566137566,True
always_up,2023-07-31,2023-08-01,2023-07-27,1.0,1,0,-2.7498907791967397e-05,0.5066137566137566,False
always_up,2023-08-01,2023-08-02,2023-07-27,1.0,1,0,-0.008890747724372372,0.5066137566137566,False
always_up,2023-08-02,2023-08-03,2023-07-27,1.0,1,1,0.005755390081026324,0.5066137566137566,True
always_up,2023-08-03,2023-08-04,2023-07-27,1.0,1,1,0.0023233308619339255,0.5066137566137566,True
always_up,2023-08-04,2023-08-07,2023-08-03,1.0,1,0,-0.0058554157463485135,0.5052910052910053,False
always_up,2023-08-07,2023-08-08,2023-08-03,1.0,1,0,-0.002512060044949971,0.5052910052910053,False
always_up,2023-08-08,2023-08-09,2023-08-03,1.0,1,0,-0.0049478019453725874,0.5052910052910053,False
always_up,2023-08-09,2023-08-10,2023-08-03,1.0,1,1,0.0031046513459278557,0.5052910052910053,True
always_up,2023-08-10,2023-08-11,2023-08-03,1.0,1,0,-0.020067752943662365,0.5052910052910053,False
always_up,2023-08-11,2023-08-14,2023-08-10,1.0,1,0,-0.0033929001444854556,0.5013227513227513,False
always_up,2023-08-14,2023-08-15,2023-08-10,1.0,1,0,-0.0007083377590023643,0.5013227513227513,False
always_up,2023-08-15,2023-08-16,2023-08-10,1.0,1,0,-0.008201088869199236,0.5013227513227513,False
always_up,2023-08-16,2023-08-17,2023-08-10,1.0,1,1,0.0043209676864846,0.5013227513227513,True
always_up,2023-08-17,2023-08-18,2023-08-10,1.0,1,0,-0.010047066773169355,0.5013227513227513,False
always_up,2023-08-18,2023-08-21,2023-08-17,1.0,1,0,-0.012444407690664572,0.4973544973544973,False
always_up,2023-08-21,2023-08-22,2023-08-17,1.0,1,1,0.008844583651540727,0.4973544973544973,True
always_up,2023-08-22,2023-08-23,2023-08-17,1.0,1,0,-0.013438209719742189,0.4973544973544973,False
always_up,2023-08-23,2023-08-24,2023-08-17,1.0,1,1,0.0012479851153948118,0.4973544973544973,True
always_up,2023-08-24,2023-08-25,2023-08-17,1.0,1,0,-0.0058947963203040965,0.4973544973544973,False
always_up,2023-08-25,2023-08-28,2023-08-24,1.0,1,1,0.01127962056538645,0.4973544973544973,True
always_up,2023-08-28,2023-08-29,2023-08-24,1.0,1,1,0.012021546381548509,0.4973544973544973,True
always_up,2023-08-29,2023-08-30,2023-08-24,1.0,1,1,0.0003988664513931983,0.4973544973544973,True
always_up,2023-08-30,2023-08-31,2023-08-24,1.0,1,0,-0.005502181526949257,0.4973544973544973,False
always_up,2023-08-31,2023-09-01,2023-08-24,1.0,1,1,0.004285522336718195,0.4973544973544973,True
always_up,2023-09-01,2023-09-04,2023-08-31,1.0,1,1,0.013983450457316415,0.49867724867724866,True
always_up,2023-09-04,2023-09-05,2023-08-31,1.0,1,0,-0.00714213702522426,0.49867724867724866,False
always_up,2023-09-05,2023-09-06,2023-08-31,1.0,1,1,0.0011753855200151708,0.49867724867724866,True
always_up,2023-09-06,2023-09-07,2023-08-31,1.0,1,0,-0.011312137459350669,0.49867724867724866,False
always_up,2023-09-07,2023-09-08,2023-08-31,1.0,1,0,-0.0018041525935430514,0.49867724867724866,False
always_up,2023-09-08,2023-09-11,2023-09-07,1.0,1,1,0.008361324573651796,0.49603174603174605,True
always_up,2023-09-11,2023-09-12,2023-09-07,1.0,1,0,-0.0018199497960245115,0.49603174603174605,False
always_up,2023-09-12,2023-09-13,2023-09-07,1.0,1,0,-0.004460355594808174,0.49603174603174605,False
always_up,2023-09-13,2023-09-14,2023-09-07,1.0,1,1,0.0011156341223430566,0.49603174603174605,True
always_up,2023-09-14,2023-09-15,2023-09-07,1.0,1,0,-0.002817065743784042,0.49603174603174605,False
always_up,2023-09-15,2023-09-18,2023-09-14,1.0,1,1,0.0026264188387024046,0.4933862433862434,True
always_up,2023-09-18,2023-09-19,2023-09-14,1.0,1,0,-0.00031197096776158784,0.4933862433862434,False
always_up,2023-09-19,2023-09-20,2023-09-14,1.0,1,0,-0.00524448866763505,0.4933862433862434,False
always_up,2023-09-20,2023-09-21,2023-09-14,1.0,1,0,-0.007677779854832867,0.4933862433862434,False
always_up,2023-09-21,2023-09-22,2023-09-14,1.0,1,1,0.015473331126744538,0.4933862433862434,True
always_up,2023-09-22,2023-09-25,2023-09-21,1.0,1,0,-0.0053710670011117845,0.49206349206349204,False
always_up,2023-09-25,2023-09-26,2023-09-21,1.0,1,0,-0.004279904227975417,0.49206349206349204,False
always_up,2023-09-26,2023-09-27,2023-09-21,1.0,1,1,0.0016255824842730249,0.49206349206349204,True
always_up,2023-09-27,2023-09-28,2023-09-21,1.0,1,1,0.00101685840987642,0.49206349206349204,True
always_up,2023-09-28,2023-10-09,2023-09-21,1.0,1,0,-0.00435717975320371,0.49206349206349204,False
always_up,2023-10-09,2023-10-10,2023-09-28,1.0,1,0,-0.007002532578794907,0.49074074074074076,False
always_up,2023-10-10,2023-10-11,2023-09-28,1.0,1,1,0.0012095006298864508,0.49074074074074076,True
always_up,2023-10-11,2023-10-12,2023-09-28,1.0,1,1,0.009400947516099434,0.49074074074074076,True
always_up,2023-10-12,2023-10-13,2023-09-28,1.0,1,0,-0.006371374735364088,0.49074074074074076,False
always_up,2023-10-13,2023-10-16,2023-09-28,1.0,1,0,-0.004626179257006258,0.49074074074074076,False
always_up,2023-10-16,2023-10-17,2023-10-13,1.0,1,1,0.0031502892336001675,0.4894179894179894,True
always_up,2023-10-17,2023-10-18,2023-10-13,1.0,1,0,-0.00803847217074749,0.4894179894179894,False
always_up,2023-10-18,2023-10-19,2023-10-13,1.0,1,0,-0.017431009636808326,0.4894179894179894,False
always_up,2023-10-19,2023-10-20,2023-10-13,1.0,1,0,-0.0074316061251747945,0.4894179894179894,False
always_up,2023-10-20,2023-10-23,2023-10-13,1.0,1,0,-0.014671921452428904,0.4894179894179894,False
always_up,2023-10-23,2023-10-24,2023-10-20,1.0,1,1,0.007808821126371601,0.4894179894179894,True
always_up,2023-10-24,2023-10-25,2023-10-20,1.0,1,1,0.004007030211592655,0.4894179894179894,True
always_up,2023-10-25,2023-10-26,2023-10-20,1.0,1,1,0.004769723818542904,0.4894179894179894,True
always_up,2023-10-26,2023-10-27,2023-10-20,1.0,1,1,0.009866816549025659,0.4894179894179894,True
always_up,2023-10-27,2023-10-30,2023-10-20,1.0,1,1,0.0012489958692207814,0.4894179894179894,True
always_up,2023-10-30,2023-10-31,2023-10-27,1.0,1,0,-0.0009209832267071949,0.4933862433862434,False
always_up,2023-10-31,2023-11-01,2023-10-27,1.0,1,1,0.0014263753595586959,0.4933862433862434,True
always_up,2023-11-01,2023-11-02,2023-10-27,1.0,1,0,-0.004522115136682769,0.4933862433862434,False
always_up,2023-11-02,2023-11-03,2023-10-27,1.0,1,1,0.0071083467706483106,0.4933862433862434,True
always_up,2023-11-03,2023-11-06,2023-10-27,1.0,1,1,0.00911073675422136,0.4933862433862434,True
always_up,2023-11-06,2023-11-07,2023-11-03,1.0,1,0,-0.00037300421248231963,0.4933862433862434,False
always_up,2023-11-07,2023-11-08,2023-11-03,1.0,1,0,-0.0016017886809265303,0.4933862433862434,False
always_up,2023-11-08,2023-11-09,2023-11-03,1.0,1,1,0.00029701485329791666,0.4933862433862434,True
always_up,2023-11-09,2023-11-10,2023-11-03,1.0,1,0,-0.004686535053852858,0.4933862433862434,False
always_up,2023-11-10,2023-11-13,2023-11-03,1.0,1,1,0.0024886722306791675,0.4933862433862434,True
always_up,2023-11-13,2023-11-14,2023-11-10,1.0,1,1,0.0031305750875034732,0.4947089947089947,True
always_up,2023-11-14,2023-11-15,2023-11-10,1.0,1,1,0.005485639515557139,0.4947089947089947,True
always_up,2023-11-15,2023-11-16,2023-11-10,1.0,1,0,-0.007129930967977982,0.4947089947089947,False
always_up,2023-11-16,2023-11-17,2023-11-10,1.0,1,1,0.0011274610850078304,0.4947089947089947,True
always_up,2023-11-17,2023-11-20,2023-11-10,1.0,1,1,0.004568411999153366,0.4947089947089947,True
always_up,2023-11-20,2023-11-21,2023-11-17,1.0,1,0,-0.00012589955197295222,0.49603174603174605,False
always_up,2023-11-21,2023-11-22,2023-11-17,1.0,1,0,-0.00792774861300749,0.49603174603174605,False
always_up,2023-11-22,2023-11-23,2023-11-17,1.0,1,1,0.005994589978811415,0.49603174603174605,True
always_up,2023-11-23,2023-11-24,2023-11-17,1.0,1,0,-0.006820862455918064,0.49603174603174605,False
always_up,2023-11-24,2023-11-27,2023-11-17,1.0,1,0,-0.0030488609940039213,0.49603174603174605,False
always_up,2023-11-27,2023-11-28,2023-11-24,1.0,1,1,0.0022608765866756197,0.4947089947089947,True
always_up,2023-11-28,2023-11-29,2023-11-24,1.0,1,0,-0.00555102763501536,0.4947089947089947,False
always_up,2023-11-29,2023-11-30,2023-11-24,1.0,1,1,0.0026426625070483656,0.4947089947089947,True
always_up,2023-11-30,2023-12-01,2023-11-24,1.0,1,1,0.0006479577810500903,0.4947089947089947,True
always_up,2023-12-01,2023-12-04,2023-11-24,1.0,1,0,-0.002876994657471821,0.4947089947089947,False
always_up,2023-12-04,2023-12-05,2023-12-01,1.0,1,0,-0.016744738139737758,0.4973544973544973,False
always_up,2023-12-05,2023-12-06,2023-12-01,1.0,1,0,-0.0011312803681491346,0.4973544973544973,False
always_up,2023-12-06,2023-12-07,2023-12-01,1.0,1,0,-0.0009186127246909592,0.4973544973544973,False
always_up,2023-12-07,2023-12-08,2023-12-01,1.0,1,1,0.001130501349855706,0.4973544973544973,True
always_up,2023-12-08,2023-12-11,2023-12-01,1.0,1,1,0.007367793350084195,0.4973544973544973,True
always_up,2023-12-11,2023-12-12,2023-12-08,1.0,1,1,0.004011214002895169,0.4947089947089947,True
always_up,2023-12-12,2023-12-13,2023-12-08,1.0,1,0,-0.011545835908438051,0.4947089947089947,False
always_up,2023-12-13,2023-12-14,2023-12-08,1.0,1,0,-0.003292619822561682,0.4947089947089947,False
always_up,2023-12-14,2023-12-15,2023-12-08,1.0,1,0,-0.0055521730149684645,0.4947089947089947,False
always_up,2023-12-15,2023-12-18,2023-12-08,1.0,1,0,-0.003994213467688912,0.4947089947089947,False
always_up,2023-12-18,2023-12-19,2023-12-15,1.0,1,1,0.0005415579535932302,0.49074074074074076,True
always_up,2023-12-19,2023-12-20,2023-12-15,1.0,1,0,-0.01032645444120217,0.49074074074074076,False
always_up,2023-12-20,2023-12-21,2023-12-15,1.0,1,1,0.005721803201367726,0.49074074074074076,True
always_up,2023-12-21,2023-12-22,2023-12-15,1.0,1,0,-0.0013498063822540152,0.49074074074074076,False
always_up,2023-12-22,2023-12-25,2023-12-15,1.0,1,1,0.0013851497021108994,0.49074074074074076,True
always_up,2023-12-25,2023-12-26,2023-12-22,1.0,1,0,-0.0068294552380649964,0.4933862433862434,False
always_up,2023-12-26,2023-12-27,2023-12-22,1.0,1,1,0.00542799531418825,0.4933862433862434,True
always_up,2023-12-27,2023-12-28,2023-12-22,1.0,1,1,0.013754721122915203,0.4933862433862434,True
always_up,2023-12-28,2023-12-29,2023-12-22,1.0,1,1,0.006847150653187306,0.4933862433862434,True
always_up,2023-12-29,2024-01-02,2023-12-22,1.0,1,0,-0.004255084850935287,0.4933862433862434,False
always_up,2024-01-02,2024-01-03,2023-12-29,1.0,1,1,0.0016781014545503847,0.49206349206349204,True
always_up,2024-01-03,2024-01-04,2023-12-29,1.0,1,0,-0.004346992053779641,0.49206349206349204,False
always_up,2024-01-04,2024-01-05,2023-12-29,1.0,1,0,-0.008518053692106453,0.49206349206349204,False
always_up,2024-01-05,2024-01-08,2023-12-29,1.0,1,0,-0.014217410020055832,0.49206349206349204,False
always_up,2024-01-08,2024-01-09,2023-12-29,1.0,1,1,0.001978640695936784,0.49206349206349204,True
always_up,2024-01-09,2024-01-10,2024-01-08,1.0,1,0,-0.005374230714075834,0.49206349206349204,False
always_up,2024-01-10,2024-01-11,2024-01-08,1.0,1,1,0.003109390432776804,0.49206349206349204,True
always_up,2024-01-11,2024-01-12,2024-01-08,1.0,1,0,-0.0016189353320329447,0.49206349206349204,False
always_up,2024-01-12,2024-01-15,2024-01-08,1.0,1,1,0.0014968544681950302,0.49206349206349204,True
always_up,2024-01-15,2024-01-16,2024-01-08,1.0,1,1,0.002667021632054567,0.49206349206349204,True
always_up,2024-01-16,2024-01-17,2024-01-15,1.0,1,0,-0.020861657851727555,0.4933862433862434,False
always_up,2024-01-17,2024-01-18,2024-01-15,1.0,1,1,0.004294408076297662,0.4933862433862434,True
always_up,2024-01-18,2024-01-19,2024-01-15,1.0,1,0,-0.004745476281596717,0.4933862433862434,False
always_up,2024-01-19,2024-01-22,2024-01-15,1.0,1,0,-0.026812115598910058,0.4933862433862434,False
always_up,2024-01-22,2024-01-23,2024-01-15,1.0,1,1,0.0053100853055167985,0.4933862433862434,True
always_up,2024-01-23,2024-01-24,2024-01-22,1.0,1,1,0.017970417141424333,0.4933862433862434,True
always_up,2024-01-24,2024-01-25,2024-01-22,1.0,1,1,0.030252995642788383,0.4933862433862434,True
always_up,2024-01-25,2024-01-26,2024-01-22,1.0,1,1,0.0014156387199142362,0.4933862433862434,True
always_up,2024-01-26,2024-01-29,2024-01-22,1.0,1,0,-0.009231836450179443,0.4933862433862434,False
always_up,2024-01-29,2024-01-30,2024-01-22,1.0,1,0,-0.018322191224392714,0.4933862433862434,False
always_up,2024-01-30,2024-01-31,2024-01-29,1.0,1,0,-0.014830597246462851,0.4947089947089947,False
always_up,2024-01-31,2024-02-01,2024-01-29,1.0,1,0,-0.00638608290866205,0.4947089947089947,False
always_up,2024-02-01,2024-02-02,2024-01-29,1.0,1,0,-0.014648900873170945,0.4947089947089947,False
always_up,2024-02-02,2024-02-05,2024-01-29,1.0,1,0,-0.010243751996225847,0.4947089947089947,False
always_up,2024-02-05,2024-02-06,2024-01-29,1.0,1,1,0.03230755851283318,0.4947089947089947,True
always_up,2024-02-06,2024-02-07,2024-02-05,1.0,1,1,0.014414698621896704,0.49206349206349204,True
always_up,2024-02-07,2024-02-08,2024-02-05,1.0,1,1,0.01279558126322855,0.49206349206349204,True
always_up,2024-02-08,2024-02-19,2024-02-05,1.0,1,1,0.015576520518906456,0.49206349206349204,True
always_up,2024-02-19,2024-02-20,2024-02-05,1.0,1,1,0.0041869148860145255,0.49206349206349204,True
always_up,2024-02-20,2024-02-21,2024-02-05,1.0,1,1,0.009657203391541191,0.49206349206349204,True
always_up,2024-02-21,2024-02-22,2024-02-20,1.0,1,1,0.01267460615130922,0.4933862433862434,True
always_up,2024-02-22,2024-02-23,2024-02-20,1.0,1,1,0.005529190647786342,0.4933862433862434,True
always_up,2024-02-23,2024-02-26,2024-02-20,1.0,1,0,-0.009271215732003957,0.4933862433862434,False
always_up,2024-02-26,2024-02-27,2024-02-20,1.0,1,1,0.012918479846018016,0.4933862433862434,True
always_up,2024-02-27,2024-02-28,2024-02-20,1.0,1,0,-0.019110817058122676,0.4933862433862434,False
always_up,2024-02-28,2024-02-29,2024-02-27,1.0,1,1,0.019378519360871316,0.4933862433862434,True
always_up,2024-02-29,2024-03-01,2024-02-27,1.0,1,1,0.003929859770483324,0.4933862433862434,True
always_up,2024-03-01,2024-03-04,2024-02-27,1.0,1,1,0.00405847942088533,0.4933862433862434,True
always_up,2024-03-04,2024-03-05,2024-02-27,1.0,1,1,0.002792611667369327,0.4933862433862434,True
always_up,2024-03-05,2024-03-06,2024-02-27,1.0,1,0,-0.0025796370495096976,0.4933862433862434,False
always_up,2024-03-06,2024-03-07,2024-03-05,1.0,1,0,-0.004121672634072038,0.49603174603174605,False
always_up,2024-03-07,2024-03-08,2024-03-05,1.0,1,1,0.0061497958661773655,0.49603174603174605,True
always_up,2024-03-08,2024-03-11,2024-03-05,1.0,1,1,0.00736574477271823,0.49603174603174605,True
always_up,2024-03-11,2024-03-12,2024-03-05,1.0,1,0,-0.004080359127918154,0.49603174603174605,False
always_up,2024-03-12,2024-03-13,2024-03-05,1.0,1,0,-0.003959639193896414,0.49603174603174605,False
always_up,2024-03-13,2024-03-14,2024-03-12,1.0,1,0,-0.001840014565837489,0.4947089947089947,False
always_up,2024-03-14,2024-03-15,2024-03-12,1.0,1,1,0.005398531034756848,0.4947089947089947,True
always_up,2024-03-15,2024-03-18,2024-03-12,1.0,1,1,0.009916173642822601,0.4947089947089947,True
always_up,2024-03-18,2024-03-19,2024-03-12,1.0,1,0,-0.007186687318484264,0.4947089947089947,False
always_up,2024-03-19,2024-03-20,2024-03-12,1.0,1,1,0.00552773420590702,0.4947089947089947,True
always_up,2024-03-20,2024-03-21,2024-03-19,1.0,1,0,-0.0008354423417011869,0.4947089947089947,False
always_up,2024-03-21,2024-03-22,2024-03-19,1.0,1,0,-0.009450221685066373,0.4947089947089947,False
always_up,2024-03-22,2024-03-25,2024-03-19,1.0,1,0,-0.007128563149697675,0.4947089947089947,False
always_up,2024-03-25,2024-03-26,2024-03-19,1.0,1,1,0.0017101379883821544,0.4947089947089947,True
always_up,2024-03-26,2024-03-27,2024-03-19,1.0,1,0,-0.01264797676937357,0.4947089947089947,False
always_up,2024-03-27,2024-03-28,2024-03-26,1.0,1,1,0.005854990754187384,0.4933862433862434,True
always_up,2024-03-28,2024-03-29,2024-03-26,1.0,1,1,0.010131753012857514,0.4933862433862434,True
always_up,2024-03-29,2024-04-01,2024-03-26,1.0,1,1,0.011907172868414362,0.4933862433862434,True
always_up,2024-04-01,2024-04-02,2024-03-26,1.0,1,0,-0.000786383579842953,0.4933862433862434,False
always_up,2024-04-02,2024-04-03,2024-03-26,1.0,1,0,-0.0018415532488794684,0.4933862433862434,False
always_up,2024-04-03,2024-04-08,2024-04-02,1.0,1,0,-0.007247036690076092,0.4933862433862434,False
always_up,2024-04-08,2024-04-09,2024-04-02,1.0,1,1,0.0004871264775672124,0.4933862433862434,True
always_up,2024-04-09,2024-04-10,2024-04-02,1.0,1,0,-0.006954811667196914,0.4933862433862434,False
always_up,2024-04-10,2024-04-11,2024-04-02,1.0,1,1,0.0022830311902393152,0.4933862433862434,True
always_up,2024-04-11,2024-04-12,2024-04-02,1.0,1,0,-0.004868721274580712,0.4933862433862434,False
always_up,2024-04-12,2024-04-15,2024-04-11,1.0,1,1,0.012553214989301953,0.4933862433862434,True
always_up,2024-04-15,2024-04-16,2024-04-11,1.0,1,0,-0.016455114997898757,0.4933862433862434,False
always_up,2024-04-16,2024-04-17,2024-04-11,1.0,1,1,0.021387111252984203,0.4933862433862434,True
always_up,2024-04-17,2024-04-18,2024-04-11,1.0,1,1,0.0009259679506994356,0.4933862433862434,True
always_up,2024-04-18,2024-04-19,2024-04-11,1.0,1,0,-0.002915727107251742,0.4933862433862434,False
always_up,2024-04-19,2024-04-22,2024-04-18,1.0,1,0,-0.006741938125334079,0.49603174603174605,False
always_up,2024-04-22,2024-04-23,2024-04-18,1.0,1,0,-0.007428803671502893,0.49603174603174605,False
always_up,2024-04-23,2024-04-24,2024-04-18,1.0,1,1,0.007559553305740874,0.49603174603174605,True
always_up,2024-04-24,2024-04-25,2024-04-18,1.0,1,1,0.002652929860635922,0.49603174603174605,True
always_up,2024-04-25,2024-04-26,2024-04-18,1.0,1,1,0.01170549313767233,0.49603174603174605,True
always_up,2024-04-26,2024-04-29,2024-04-25,1.0,1,1,0.00790235637048431,0.49603174603174605,True
always_up,2024-04-29,2024-04-30,2024-04-25,1.0,1,0,-0.0026400854315159483,0.49603174603174605,False
always_up,2024-04-30,2024-05-06,2024-04-25,1.0,1,1,0.011561329794969044,0.49603174603174605,True
always_up,2024-05-06,2024-05-07,2024-04-25,1.0,1,1,0.002234391829339488,0.49603174603174605,True
always_up,2024-05-07,2024-05-08,2024-04-25,1.0,1,0,-0.006118107669698003,0.49603174603174605,False
always_up,2024-05-08,2024-05-09,2024-05-07,1.0,1,1,0.00825969852833941,0.4973544973544973,True
always_up,2024-05-09,2024-05-10,2024-05-07,1.0,1,1,7.199649775557759e-05,0.4973544973544973,True
always_up,2024-05-10,2024-05-13,2024-05-07,1.0,1,0,-0.0020689181635956677,0.4973544973544973,False
always_up,2024-05-13,2024-05-14,2024-05-07,1.0,1,0,-0.0007135912416331713,0.4973544973544973,False
always_up,2024-05-14,2024-05-15,2024-05-07,1.0,1,0,-0.008224429832744296,0.4973544973544973,False
always_up,2024-05-15,2024-05-16,2024-05-14,1.0,1,1,0.000800954619697869,0.49603174603174605,True
always_up,2024-05-16,2024-05-17,2024-05-14,1.0,1,1,0.01012851968725359,0.49603174603174605,True
always_up,2024-05-17,2024-05-20,2024-05-14,1.0,1,1,0.005427602173133428,0.49603174603174605,True
always_up,2024-05-20,2024-05-21,2024-05-14,1.0,1,0,-0.004156038145337493,0.49603174603174605,False
always_up,2024-05-21,2024-05-22,2024-05-14,1.0,1,1,0.00018182591406867843,0.49603174603174605,True
always_up,2024-05-22,2024-05-23,2024-05-21,1.0,1,0,-0.013345691786258551,0.49867724867724866,False
always_up,2024-05-23,2024-05-24,2024-05-21,1.0,1,0,-0.008829615833977011,0.49867724867724866,False
always_up,2024-05-24,2024-05-27,2024-05-21,1.0,1,1,0.011386751241270865,0.49867724867724866,True
always_up,2024-05-27,2024-05-28,2024-05-21,1.0,1,0,-0.004632010951706955,0.49867724867724866,False
always_up,2024-05-28,2024-05-29,2024-05-21,1.0,1,1,0.00046485495544557054,0.49867724867724866,True
always_up,2024-05-29,2024-05-30,2024-05-28,1.0,1,0,-0.0062165511374799864,0.49867724867724866,False
always_up,2024-05-30,2024-05-31,2024-05-28,1.0,1,0,-0.0015733851696965173,0.49867724867724866,False
always_up,2024-05-31,2024-06-03,2024-05-28,1.0,1,0,-0.0026968588383088354,0.49867724867724866,False
always_up,2024-06-03,2024-06-04,2024-05-28,1.0,1,1,0.004128811647091668,0.49867724867724866,True
always_up,2024-06-04,2024-06-05,2024-05-28,1.0,1,0,-0.008344916755930742,0.49867724867724866,False
always_up,2024-06-05,2024-06-06,2024-06-04,1.0,1,0,-0.005418373320783876,0.4973544973544973,False
always_up,2024-06-06,2024-06-07,2024-06-04,1.0,1,1,0.0008150108146043333,0.4973544973544973,True
always_up,2024-06-07,2024-06-11,2024-06-04,1.0,1,0,-0.0076143814722660075,0.4973544973544973,False
always_up,2024-06-11,2024-06-12,2024-06-04,1.0,1,1,0.003111710588458605,0.4973544973544973,True
always_up,2024-06-12,2024-06-13,2024-06-04,1.0,1,0,-0.0028144498665417794,0.4973544973544973,False
always_up,2024-06-13,2024-06-14,2024-06-12,1.0,1,1,0.0012263782451473748,0.49603174603174605,True
always_up,2024-06-14,2024-06-17,2024-06-12,1.0,1,0,-0.0055208125558734444,0.49603174603174605,False
always_up,2024-06-17,2024-06-18,2024-06-12,1.0,1,1,0.004760019983482744,0.49603174603174605,True
always_up,2024-06-18,2024-06-19,2024-06-12,1.0,1,0,-0.0040251842226426415,0.49603174603174605,False
always_up,2024-06-19,2024-06-20,2024-06-12,1.0,1,0,-0.004178924723259203,0.49603174603174605,False
always_up,2024-06-20,2024-06-21,2024-06-19,1.0,1,0,-0.002428665196730573,0.49603174603174605,False
always_up,2024-06-21,2024-06-24,2024-06-19,1.0,1,0,-0.011686854809904279,0.49603174603174605,False
always_up,2024-06-24,2024-06-25,2024-06-19,1.0,1,0,-0.004421924627625584,0.49603174603174605,False
always_up,2024-06-25,2024-06-26,2024-06-19,1.0,1,1,0.00763689093440556,0.49603174603174605,True
always_up,2024-06-26,2024-06-27,2024-06-19,1.0,1,0,-0.008973078141543578,0.49603174603174605,False
always_up,2024-06-27,2024-06-28,2024-06-26,1.0,1,1,0.007315505692002677,0.49206349206349204,True
always_up,2024-06-28,2024-07-01,2024-06-26,1.0,1,1,0.009209231722771216,0.49206349206349204,True
always_up,2024-07-01,2024-07-02,2024-06-26,1.0,1,1,0.0007616044757019491,0.49206349206349204,True
always_up,2024-07-02,2024-07-03,2024-06-26,1.0,1,0,-0.004883365296845299,0.49206349206349204,False
always_up,2024-07-03,2024-07-04,2024-06-26,1.0,1,0,-0.008318402283065796,0.49206349206349204,False
always_up,2024-07-04,2024-07-05,2024-07-03,1.0,1,0,-0.002581074241090664,0.4933862433862434,False
always_up,2024-07-05,2024-07-08,2024-07-03,1.0,1,0,-0.009316651329031811,0.4933862433862434,False
always_up,2024-07-08,2024-07-09,2024-07-03,1.0,1,1,0.012634126341537266,0.4933862433862434,True
always_up,2024-07-09,2024-07-10,2024-07-03,1.0,1,0,-0.006761163279079052,0.4933862433862434,False
always_up,2024-07-10,2024-07-11,2024-07-03,1.0,1,1,0.010554597600650695,0.4933862433862434,True
always_up,2024-07-11,2024-07-12,2024-07-10,1.0,1,1,0.0003055493704289258,0.49074074074074076,True
always_up,2024-07-12,2024-07-15,2024-07-10,1.0,1,1,0.0009139785850948989,0.49074074074074076,True
always_up,2024-07-15,2024-07-16,2024-07-10,1.0,1,1,0.0007712144411584632,0.49074074074074076,True
always_up,2024-07-16,2024-07-17,2024-07-10,1.0,1,0,-0.004518825578419539,0.49074074074074076,False
always_up,2024-07-17,2024-07-18,2024-07-10,1.0,1,1,0.0048191695111361454,0.49074074074074076,True
always_up,2024-07-18,2024-07-19,2024-07-17,1.0,1,1,0.0017383164624062974,0.49206349206349204,True
always_up,2024-07-19,2024-07-22,2024-07-17,1.0,1,0,-0.006066810121527988,0.49206349206349204,False
always_up,2024-07-22,2024-07-23,2024-07-17,1.0,1,0,-0.016478896355544892,0.49206349206349204,False
always_up,2024-07-23,2024-07-24,2024-07-17,1.0,1,0,-0.004602059739617914,0.49206349206349204,False
always_up,2024-07-24,2024-07-25,2024-07-17,1.0,1,0,-0.005241368929697621,0.49206349206349204,False
always_up,2024-07-25,2024-07-26,2024-07-24,1.0,1,1,0.0014395815683676538,0.49074074074074076,True
always_up,2024-07-26,2024-07-29,2024-07-24,1.0,1,1,0.00032792586578556104,0.49074074074074076,True
always_up,2024-07-29,2024-07-30,2024-07-24,1.0,1,0,-0.004338302605606192,0.49074074074074076,False
always_up,2024-07-30,2024-07-31,2024-07-24,1.0,1,1,0.02064727824780732,0.49074074074074076,True
always_up,2024-07-31,2024-08-01,2024-07-24,1.0,1,0,-0.002164934586288081,0.49074074074074076,False
always_up,2024-08-01,2024-08-02,2024-07-31,1.0,1,0,-0.009224430157941943,0.49074074074074076,False
always_up,2024-08-02,2024-08-05,2024-07-31,1.0,1,0,-0.015364720966152823,0.49074074074074076,False
always_up,2024-08-05,2024-08-06,2024-07-31,1.0,1,1,0.0023022005330308737,0.49074074074074076,True
always_up,2024-08-06,2024-08-07,2024-07-31,1.0,1,1,0.0008893783339263273,0.49074074074074076,True
always_up,2024-08-07,2024-08-08,2024-07-31,1.0,1,1,2.3555371046368734e-05,0.49074074074074076,True
always_up,2024-08-08,2024-08-09,2024-08-07,1.0,1,0,-0.0026855626468561544,0.49074074074074076,False
always_up,2024-08-09,2024-08-12,2024-08-07,1.0,1,0,-0.0013938607448041873,0.49074074074074076,False
always_up,2024-08-12,2024-08-13,2024-08-07,1.0,1,1,0.0034082234700762992,0.49074074074074076,True
always_up,2024-08-13,2024-08-14,2024-08-07,1.0,1,0,-0.006029437095398604,0.49074074074074076,False
always_up,2024-08-14,2024-08-15,2024-08-07,1.0,1,1,0.009367675255140595,0.49074074074074076,True
always_up,2024-08-15,2024-08-16,2024-08-14,1.0,1,1,0.0007200703117258289,0.49074074074074076,True
always_up,2024-08-16,2024-08-19,2024-08-14,1.0,1,1,0.0049468127335488,0.49074074074074076,True
always_up,2024-08-19,2024-08-20,2024-08-14,1.0,1,0,-0.009335122708026056,0.49074074074074076,False
always_up,2024-08-20,2024-08-21,2024-08-14,1.0,1,0,-0.0035152743906586847,0.49074074074074076,False
always_up,2024-08-21,2024-08-22,2024-08-14,1.0,1,0,-0.0027347700167322797,0.49074074074074076,False
always_up,2024-08-22,2024-08-23,2024-08-21,1.0,1,1,0.001964249997139067,0.4894179894179894,True
always_up,2024-08-23,2024-08-26,2024-08-21,1.0,1,1,0.00040387231146654656,0.4894179894179894,True
always_up,2024-08-26,2024-08-27,2024-08-21,1.0,1,0,-0.002377535190346891,0.4894179894179894,False
always_up,2024-08-27,2024-08-28,2024-08-21,1.0,1,0,-0.003967345181602355,0.4894179894179894,False
always_up,2024-08-28,2024-08-29,2024-08-21,1.0,1,0,-0.005047984807938444,0.4894179894179894,False
always_up,2024-08-29,2024-08-30,2024-08-28,1.0,1,1,0.006768502493353035,0.49074074074074076,True
always_up,2024-08-30,2024-09-02,2024-08-28,1.0,1,0,-0.010970038781735747,0.49074074074074076,False
always_up,2024-09-02,2024-09-03,2024-08-28,1.0,1,0,-0.0028659550663722166,0.49074074074074076,False
always_up,2024-09-03,2024-09-04,2024-08-28,1.0,1,0,-0.00667161687671769,0.49074074074074076,False
always_up,2024-09-04,2024-09-05,2024-08-28,1.0,1,1,0.001449495907072329,0.49074074074074076,True
always_up,2024-09-05,2024-09-06,2024-09-04,1.0,1,0,-0.00807208197957332,0.49074074074074076,False
always_up,2024-09-06,2024-09-09,2024-09-04,1.0,1,0,-0.010600524273823075,0.49074074074074076,False
always_up,2024-09-09,2024-09-10,2024-09-04,1.0,1,1,0.0028154704592853186,0.49074074074074076,True
always_up,2024-09-10,2024-09-11,2024-09-04,1.0,1,0,-0.008161564199532623,0.49074074074074076,False
always_up,2024-09-11,2024-09-12,2024-09-04,1.0,1,0,-0.0017165508999354984,0.49074074074074076,False
always_up,2024-09-12,2024-09-13,2024-09-11,1.0,1,0,-0.004796801440464682,0.4894179894179894,False
always_up,2024-09-13,2024-09-18,2024-09-11,1.0,1,1,0.004878425626133165,0.4894179894179894,True
always_up,2024-09-18,2024-09-19,2024-09-11,1.0,1,1,0.00689693039877759,0.4894179894179894,True
always_up,2024-09-19,2024-09-20,2024-09-11,1.0,1,1,0.00028936168719684296,0.4894179894179894,True
always_up,2024-09-20,2024-09-23,2024-09-11,1.0,1,1,0.004422587885862361,0.4894179894179894,True
always_up,2024-09-23,2024-09-24,2024-09-20,1.0,1,1,0.041546460266889795,0.49074074074074076,True
always_up,2024-09-24,2024-09-25,2024-09-20,1.0,1,1,0.011588803913764822,0.49074074074074076,True
always_up,2024-09-25,2024-09-26,2024-09-20,1.0,1,1,0.03613116529791727,0.49074074074074076,True
always_up,2024-09-26,2024-09-27,2024-09-20,1.0,1,1,0.028849505986865642,0.49074074074074076,True
always_up,2024-09-27,2024-09-30,2024-09-20,1.0,1,1,0.08063692106366238,0.49074074074074076,True
always_up,2024-09-30,2024-10-08,2024-09-27,1.0,1,1,0.045939703115009056,0.4947089947089947,True
always_up,2024-10-08,2024-10-09,2024-09-27,1.0,1,0,-0.06616967953035124,0.4947089947089947,False
always_up,2024-10-09,2024-10-10,2024-09-27,1.0,1,1,0.013215703980701488,0.4947089947089947,True
always_up,2024-10-10,2024-10-11,2024-09-27,1.0,1,0,-0.025496695731421437,0.4947089947089947,False
always_up,2024-10-11,2024-10-14,2024-09-27,1.0,1,1,0.020693047789445362,0.4947089947089947,True
always_up,2024-10-14,2024-10-15,2024-10-11,1.0,1,0,-0.025280891264484517,0.4947089947089947,False
always_up,2024-10-15,2024-10-16,2024-10-11,1.0,1,1,0.0005173223972483321,0.4947089947089947,True
always_up,2024-10-16,2024-10-17,2024-10-11,1.0,1,0,-0.010479002468975374,0.4947089947089947,False
always_up,2024-10-17,2024-10-18,2024-10-11,1.0,1,1,0.02908419783615379,0.4947089947089947,True
always_up,2024-10-18,2024-10-21,2024-10-11,1.0,1,1,0.0020072276383538146,0.4947089947089947,True
always_up,2024-10-21,2024-10-22,2024-10-18,1.0,1,1,0.0054333850451788734,0.4933862433862434,True
always_up,2024-10-22,2024-10-23,2024-10-18,1.0,1,1,0.005154164948068862,0.4933862433862434,True
always_up,2024-10-23,2024-10-24,2024-10-18,1.0,1,0,-0.006824597581181702,0.4933862433862434,False
always_up,2024-10-24,2024-10-25,2024-10-18,1.0,1,1,0.005925684301180123,0.4933862433862434,True
always_up,2024-10-25,2024-10-28,2024-10-18,1.0,1,1,0.006817952527385707,0.4933862433862434,True
always_up,2024-10-28,2024-10-29,2024-10-25,1.0,1,0,-0.010773140368686707,0.4933862433862434,False
always_up,2024-10-29,2024-10-30,2024-10-25,1.0,1,0,-0.006137158300843493,0.4933862433862434,False
always_up,2024-10-30,2024-10-31,2024-10-25,1.0,1,1,0.004159709375722853,0.4933862433862434,True
always_up,2024-10-31,2024-11-01,2024-10-25,1.0,1,0,-0.002381286022507756,0.4933862433862434,False
always_up,2024-11-01,2024-11-04,2024-10-25,1.0,1,1,0.01167262660412649,0.4933862433862434,True
always_up,2024-11-04,2024-11-05,2024-11-01,1.0,1,1,0.023194832033475166,0.49206349206349204,True
always_up,2024-11-05,2024-11-06,2024-11-01,1.0,1,0,-0.0009390942728476626,0.49206349206349204,False
always_up,2024-11-06,2024-11-07,2024-11-01,1.0,1,1,0.025667752485352135,0.49206349206349204,True
always_up,2024-11-07,2024-11-08,2024-11-01,1.0,1,0,-0.005291153624371714,0.49206349206349204,False
always_up,2024-11-08,2024-11-11,2024-11-01,1.0,1,1,0.005146891905682294,0.49206349206349204,True
always_up,2024-11-11,2024-11-12,2024-11-08,1.0,1,0,-0.013860141034217288,0.49206349206349204,False
always_up,2024-11-12,2024-11-13,2024-11-08,1.0,1,1,0.005057817425114131,0.49206349206349204,True
always_up,2024-11-13,2024-11-14,2024-11-08,1.0,1,0,-0.01728237829465229,0.49206349206349204,False
always_up,2024-11-14,2024-11-15,2024-11-08,1.0,1,0,-0.014531047618867365,0.49206349206349204,False
always_up,2024-11-15,2024-11-18,2024-11-08,1.0,1,0,-0.002064924998490536,0.49206349206349204,False
always_up,2024-11-18,2024-11-19,2024-11-15,1.0,1,1,0.006667331357992579,0.49074074074074076,True
always_up,2024-11-19,2024-11-20,2024-11-15,1.0,1,1,0.0065688689853808935,0.49074074074074076,True
always_up,2024-11-20,2024-11-21,2024-11-15,1.0,1,1,0.0007169262681445687,0.49074074074074076,True
always_up,2024-11-21,2024-11-22,2024-11-15,1.0,1,0,-0.030623125020713293,0.49074074074074076,False
always_up,2024-11-22,2024-11-25,2024-11-15,1.0,1,0,-0.0010504128377410993,0.49074074074074076,False
always_up,2024-11-25,2024-11-26,2024-11-22,1.0,1,0,-0.0012263464126970325,0.49206349206349204,False
always_up,2024-11-26,2024-11-27,2024-11-22,1.0,1,1,0.015345222644189471,0.49206349206349204,True
always_up,2024-11-27,2024-11-28,2024-11-22,1.0,1,0,-0.004254241877002629,0.49206349206349204,False
always_up,2024-11-28,2024-11-29,2024-11-22,1.0,1,1,0.009332589697303328,0.49206349206349204,True
always_up,2024-11-29,2024-12-02,2024-11-22,1.0,1,1,0.011281256503731685,0.49206349206349204,True
always_up,2024-12-02,2024-12-03,2024-11-29,1.0,1,1,0.004406681925763989,0.49206349206349204,True
always_up,2024-12-03,2024-12-04,2024-11-29,1.0,1,0,-0.0041897933006695975,0.49206349206349204,False
always_up,2024-12-04,2024-12-05,2024-11-29,1.0,1,1,0.0012499071968796738,0.49206349206349204,True
always_up,2024-12-05,2024-12-06,2024-11-29,1.0,1,1,0.010454916244102108,0.49206349206349204,True
always_up,2024-12-06,2024-12-09,2024-11-29,1.0,1,0,-0.00045301568437183803,0.49206349206349204,False
always_up,2024-12-09,2024-12-10,2024-12-06,1.0,1,1,0.0059151203854139744,0.4947089947089947,True
always_up,2024-12-10,2024-12-11,2024-12-06,1.0,1,1,0.002871888528126698,0.4947089947089947,True
always_up,2024-12-11,2024-12-12,2024-12-06,1.0,1,1,0.008451473510397767,0.4947089947089947,True
always_up,2024-12-12,2024-12-13,2024-12-06,1.0,1,0,-0.020113131307995413,0.4947089947089947,False
always_up,2024-12-13,2024-12-16,2024-12-06,1.0,1,0,-0.001635377119378889,0.4947089947089947,False
always_up,2024-12-16,2024-12-17,2024-12-13,1.0,1,0,-0.007337203165478923,0.49603174603174605,False
always_up,2024-12-17,2024-12-18,2024-12-13,1.0,1,1,0.0061648646357188586,0.49603174603174605,True
always_up,2024-12-18,2024-12-19,2024-12-13,1.0,1,0,-0.003599719366765064,0.49603174603174605,False
always_up,2024-12-19,2024-12-20,2024-12-13,1.0,1,0,-0.0005827242468330329,0.49603174603174605,False
always_up,2024-12-20,2024-12-23,2024-12-13,1.0,1,0,-0.004991643135133894,0.49603174603174605,False
always_up,2024-12-23,2024-12-24,2024-12-20,1.0,1,1,0.01261347570140181,0.4933862433862434,True
always_up,2024-12-24,2024-12-25,2024-12-20,1.0,1,0,-5.245278505283668e-05,0.4933862433862434,False
always_up,2024-12-25,2024-12-26,2024-12-20,1.0,1,1,0.0013928418408699628,0.4933862433862434,True
always_up,2024-12-26,2024-12-27,2024-12-20,1.0,1,1,0.0006078438787353591,0.4933862433862434,True
always_up,2024-12-27,2024-12-30,2024-12-20,1.0,1,1,0.002112823523252816,0.4933862433862434,True
always_up,2024-12-30,2024-12-31,2024-12-27,1.0,1,0,-0.01630689333239299,0.49603174603174605,False
always_up,2024-12-31,2025-01-02,2024-12-27,1.0,1,0,-0.026613546363510765,0.49603174603174605,False
training_prior,2023-01-03,2023-01-04,2022-12-30,0.510989010989011,1,1,0.0022475447631051804,0.510989010989011,True
training_prior,2023-01-04,2023-01-05,2022-12-30,0.510989010989011,1,1,0.0101487541413261,0.510989010989011,True
training_prior,2023-01-05,2023-01-06,2023-01-04,0.5123287671232877,1,1,0.0007670789722746818,0.5123287671232877,True
training_prior,2023-01-06,2023-01-09,2023-01-04,0.5123287671232877,1,1,0.005842344424382029,0.5123287671232877,True
training_prior,2023-01-09,2023-01-10,2023-01-04,0.5123287671232877,1,0,-0.0020708831896631974,0.5123287671232877,False
training_prior,2023-01-10,2023-01-11,2023-01-04,0.5123287671232877,1,0,-0.0024198083538033988,0.5123287671232877,False
training_prior,2023-01-11,2023-01-12,2023-01-04,0.5123287671232877,1,1,0.0005102412597028927,0.5123287671232877,True
training_prior,2023-01-12,2023-01-13,2023-01-11,0.5129251700680272,1,1,0.010069699517068598,0.5129251700680272,True
training_prior,2023-01-13,2023-01-16,2023-01-11,0.5129251700680272,1,1,0.01010410302187359,0.5129251700680272,True
training_prior,2023-01-16,2023-01-17,2023-01-11,0.5129251700680272,1,0,-0.0010369341647810115,0.5129251700680272,False
training_prior,2023-01-17,2023-01-18,2023-01-11,0.5129251700680272,1,1,4.999620376211489e-05,0.5129251700680272,True
training_prior,2023-01-18,2023-01-19,2023-01-11,0.5129251700680272,1,1,0.004922891223996029,0.5129251700680272,True
training_prior,2023-01-19,2023-01-20,2023-01-18,0.5148648648648648,1,1,0.007571692737360802,0.5148648648648648,True
training_prior,2023-01-20,2023-01-30,2023-01-18,0.5148648648648648,1,1,0.0013796192603694468,0.5148648648648648,True
training_prior,2023-01-30,2023-01-31,2023-01-18,0.5148648648648648,1,0,-0.0041748156649186186,0.5148648648648648,False
training_prior,2023-01-31,2023-02-01,2023-01-18,0.5148648648648648,1,1,0.008984973043330235,0.5148648648648648,True
training_prior,2023-02-01,2023-02-02,2023-01-18,0.5148648648648648,1,1,0.00022807243509914699,0.5148648648648648,True
training_prior,2023-02-02,2023-02-03,2023-02-01,0.5167785234899329,1,0,-0.006776272909897685,0.5167785234899329,False
training_prior,2023-02-03,2023-02-06,2023-02-01,0.5167785234899329,1,0,-0.007571261668675722,0.5167785234899329,False
training_prior,2023-02-06,2023-02-07,2023-02-01,0.5167785234899329,1,1,0.0029012277712356926,0.5167785234899329,True
training_prior,2023-02-07,2023-02-08,2023-02-01,0.5167785234899329,1,0,-0.004922178976347391,0.5167785234899329,False
training_prior,2023-02-08,2023-02-09,2023-02-01,0.5167785234899329,1,1,0.011842525105068447,0.5167785234899329,True
training_prior,2023-02-09,2023-02-10,2023-02-08,0.516,1,0,-0.002968826950094372,0.516,False
training_prior,2023-02-10,2023-02-13,2023-02-08,0.516,1,1,0.007202959977530954,0.516,True
training_prior,2023-02-13,2023-02-14,2023-02-08,0.516,1,1,0.0027777575629004403,0.516,True
training_prior,2023-02-14,2023-02-15,2023-02-08,0.516,1,0,-0.0038838453731193656,0.516,False
training_prior,2023-02-15,2023-02-16,2023-02-08,0.516,1,0,-0.009590756800832212,0.516,False
training_prior,2023-02-16,2023-02-17,2023-02-15,0.5152317880794702,1,0,-0.007696205897791963,0.5152317880794702,False
training_prior,2023-02-17,2023-02-20,2023-02-15,0.5152317880794702,1,1,0.02056870352993312,0.5152317880794702,True
training_prior,2023-02-20,2023-02-21,2023-02-15,0.5152317880794702,1,1,0.004919038264241671,0.5152317880794702,True
training_prior,2023-02-21,2023-02-22,2023-02-15,0.5152317880794702,1,0,-0.004650170952960941,0.5152317880794702,False
training_prior,2023-02-22,2023-02-23,2023-02-15,0.5152317880794702,1,0,-0.0011153252101083755,0.5152317880794702,False
training_prior,2023-02-23,2023-02-24,2023-02-22,0.5158730158730159,1,0,-0.0061802105383550465,0.5158730158730159,False
training_prior,2023-02-24,2023-02-27,2023-02-22,0.5158730158730159,1,0,-0.002793037634493345,0.5158730158730159,False
training_prior,2023-02-27,2023-02-28,2023-02-22,0.5158730158730159,1,1,0.0066208324872198965,0.5158730158730159,True
training_prior,2023-02-28,2023-03-01,2023-02-22,0.5158730158730159,1,1,0.009983670900885588,0.5158730158730159,True
training_prior,2023-03-01,2023-03-02,2023-02-22,0.5158730158730159,1,0,-0.0005114801048368145,0.5158730158730159,False
training_prior,2023-03-02,2023-03-03,2023-03-01,0.5158730158730159,1,1,0.005358186673471321,0.5158730158730159,True
training_prior,2023-03-03,2023-03-06,2023-03-01,0.5158730158730159,1,0,-0.0019128752445586317,0.5158730158730159,False
training_prior,2023-03-06,2023-03-07,2023-03-01,0.5158730158730159,1,0,-0.011115837477365775,0.5158730158730159,False
training_prior,2023-03-07,2023-03-08,2023-03-01,0.5158730158730159,1,0,-0.0005634229326680895,0.5158730158730159,False
training_prior,2023-03-08,2023-03-09,2023-03-01,0.5158730158730159,1,0,-0.0021790008607025513,0.5158730158730159,False
training_prior,2023-03-09,2023-03-10,2023-03-08,0.5132275132275133,1,0,-0.0140463320691957,0.5132275132275133,False
training_prior,2023-03-10,2023-03-13,2023-03-08,0.5132275132275133,1,1,0.011956032250133086,0.5132275132275133,True
training_prior,2023-03-13,2023-03-14,2023-03-08,0.5132275132275133,1,0,-0.00715367950303103,0.5132275132275133,False
training_prior,2023-03-14,2023-03-15,2023-03-08,0.5132275132275133,1,1,0.0055472319258766944,0.5132275132275133,True
training_prior,2023-03-15,2023-03-16,2023-03-08,0.5132275132275133,1,0,-0.011161534277967955,0.5132275132275133,False
training_prior,2023-03-16,2023-03-17,2023-03-15,0.5119047619047619,1,1,0.007330522950386387,0.5119047619047619,True
training_prior,2023-03-17,2023-03-20,2023-03-15,0.5119047619047619,1,0,-0.004810176505731567,0.5119047619047619,False
training_prior,2023-03-20,2023-03-21,2023-03-15,0.5119047619047619,1,1,0.0064113678824417875,0.5119047619047619,True
training_prior,2023-03-21,2023-03-22,2023-03-15,0.5119047619047619,1,1,0.003101377128779559,0.5119047619047619,True
training_prior,2023-03-22,2023-03-23,2023-03-15,0.5119047619047619,1,1,0.006400249866225227,0.5119047619047619,True
training_prior,2023-03-23,2023-03-24,2023-03-22,0.5119047619047619,1,0,-0.006388086881559785,0.5119047619047619,False
training_prior,2023-03-24,2023-03-27,2023-03-22,0.5119047619047619,1,0,-0.004365619048951719,0.5119047619047619,False
training_prior,2023-03-27,2023-03-28,2023-03-22,0.5119047619047619,1,0,-0.0018518500862290121,0.5119047619047619,False
training_prior,2023-03-28,2023-03-29,2023-03-22,0.5119047619047619,1,0,-0.001639008854444124,0.5119047619047619,False
training_prior,2023-03-29,2023-03-30,2023-03-22,0.5119047619047619,1,1,0.006540533486943945,0.5119047619047619,True
training_prior,2023-03-30,2023-03-31,2023-03-29,0.5079365079365079,1,1,0.0035605075786160345,0.5079365079365079,True
training_prior,2023-03-31,2023-04-03,2023-03-29,0.5079365079365079,1,1,0.007191202361775284,0.5079365079365079,True
training_prior,2023-04-03,2023-04-04,2023-03-29,0.5079365079365079,1,1,0.004902869679492383,0.5079365079365079,True
training_prior,2023-04-04,2023-04-06,2023-03-29,0.5079365079365079,1,1,2.1192083048404697e-05,0.5079365079365079,True
training_prior,2023-04-06,2023-04-07,2023-03-29,0.5079365079365079,1,1,0.0045334701028911795,0.5079365079365079,True
training_prior,2023-04-07,2023-04-10,2023-04-06,0.5119047619047619,1,0,-0.0036926707672033654,0.5119047619047619,False
training_prior,2023-04-10,2023-04-11,2023-04-06,0.5119047619047619,1,0,-0.000539097167732705,0.5119047619047619,False
training_prior,2023-04-11,2023-04-12,2023-04-06,0.5119047619047619,1,1,0.004107683841342746,0.5119047619047619,True
training_prior,2023-04-12,2023-04-13,2023-04-06,0.5119047619047619,1,0,-0.0026502310544155305,0.5119047619047619,False
training_prior,2023-04-13,2023-04-14,2023-04-06,0.5119047619047619,1,1,0.005963390752997011,0.5119047619047619,True
training_prior,2023-04-14,2023-04-17,2023-04-13,0.5092592592592593,1,1,0.014216546428001742,0.5092592592592593,True
training_prior,2023-04-17,2023-04-18,2023-04-13,0.5092592592592593,1,1,0.0022807414735810383,0.5092592592592593,True
training_prior,2023-04-18,2023-04-19,2023-04-13,0.5092592592592593,1,0,-0.006837794082699689,0.5092592592592593,False
training_prior,2023-04-19,2023-04-20,2023-04-13,0.5092592592592593,1,0,-0.0009190451295281177,0.5092592592592593,False
training_prior,2023-04-20,2023-04-21,2023-04-13,0.5092592592592593,1,0,-0.019534569179790684,0.5092592592592593,False
training_prior,2023-04-21,2023-04-24,2023-04-20,0.5105820105820106,1,0,-0.007828683463801389,0.5105820105820106,False
training_prior,2023-04-24,2023-04-25,2023-04-20,0.5105820105820106,1,0,-0.0032183117060351485,0.5105820105820106,False
training_prior,2023-04-25,2023-04-26,2023-04-20,0.5105820105820106,1,0,-0.00023618079693599192,0.5105820105820106,False
training_prior,2023-04-26,2023-04-27,2023-04-20,0.5105820105820106,1,1,0.006673752641079611,0.5105820105820106,True
training_prior,2023-04-27,2023-04-28,2023-04-20,0.5105820105820106,1,1,0.011379036949687116,0.5105820105820106,True
training_prior,2023-04-28,2023-05-04,2023-04-27,0.5132275132275133,1,1,0.008179913871697586,0.5132275132275133,True
training_prior,2023-05-04,2023-05-05,2023-04-27,0.5132275132275133,1,0,-0.004762303143745594,0.5132275132275133,False
training_prior,2023-05-05,2023-05-08,2023-04-27,0.5132275132275133,1,1,0.018143874403104387,0.5132275132275133,True
training_prior,2023-05-08,2023-05-09,2023-04-27,0.5132275132275133,1,0,-0.010996424274778316,0.5132275132275133,False
training_prior,2023-05-09,2023-05-10,2023-04-27,0.5132275132275133,1,0,-0.011472268558081145,0.5132275132275133,False
training_prior,2023-05-10,2023-05-11,2023-05-09,0.5119047619047619,1,0,-0.002892125473306306,0.5119047619047619,False
training_prior,2023-05-11,2023-05-12,2023-05-09,0.5119047619047619,1,0,-0.011236961676253876,0.5119047619047619,False
training_prior,2023-05-12,2023-05-15,2023-05-09,0.5119047619047619,1,1,0.01172694254874429,0.5119047619047619,True
training_prior,2023-05-15,2023-05-16,2023-05-09,0.5119047619047619,1,0,-0.005965228222467811,0.5119047619047619,False
training_prior,2023-05-16,2023-05-17,2023-05-09,0.5119047619047619,1,0,-0.0020526970112374476,0.5119047619047619,False
training_prior,2023-05-17,2023-05-18,2023-05-16,0.5092592592592593,1,1,0.003985071700172149,0.5092592592592593,True
training_prior,2023-05-18,2023-05-19,2023-05-16,0.5092592592592593,1,0,-0.004178605782229283,0.5092592592592593,False
training_prior,2023-05-19,2023-05-22,2023-05-16,0.5092592592592593,1,1,0.003937181610941476,0.5092592592592593,True
training_prior,2023-05-22,2023-05-23,2023-05-16,0.5092592592592593,1,0,-0.015237998857929758,0.5092592592592593,False
training_prior,2023-05-23,2023-05-24,2023-05-16,0.5092592592592593,1,0,-0.012780517016928394,0.5092592592592593,False
training_prior,2023-05-24,2023-05-25,2023-05-23,0.5092592592592593,1,0,-0.0010886654663232465,0.5092592592592593,False
training_prior,2023-05-25,2023-05-26,2023-05-23,0.5092592592592593,1,1,0.0035121477930333267,0.5092592592592593,True
training_prior,2023-05-26,2023-05-29,2023-05-23,0.5092592592592593,1,1,0.0027843079905462975,0.5092592592592593,True
training_prior,2023-05-29,2023-05-30,2023-05-23,0.5092592592592593,1,1,0.0008582785308619556,0.5092592592592593,True
training_prior,2023-05-30,2023-05-31,2023-05-23,0.5092592592592593,1,0,-0.00609416876978941,0.5092592592592593,False
training_prior,2023-05-31,2023-06-01,2023-05-30,0.5092592592592593,1,1,2.187504797834805e-05,0.5092592592592593,True
training_prior,2023-06-01,2023-06-02,2023-05-30,0.5092592592592593,1,1,0.007936661731626549,0.5092592592592593,True
training_prior,2023-06-02,2023-06-05,2023-05-30,0.5092592592592593,1,1,0.0007344735650505196,0.5092592592592593,True
training_prior,2023-06-05,2023-06-06,2023-05-30,0.5092592592592593,1,0,-0.011477579946548078,0.5092592592592593,False
training_prior,2023-06-06,2023-06-07,2023-05-30,0.5092592592592593,1,1,0.0007568207756518675,0.5092592592592593,True
training_prior,2023-06-07,2023-06-08,2023-06-06,0.5119047619047619,1,1,0.004949341549755015,0.5119047619047619,True
training_prior,2023-06-08,2023-06-09,2023-06-06,0.5119047619047619,1,1,0.005545207992754486,0.5119047619047619,True
training_prior,2023-06-09,2023-06-12,2023-06-06,0.5119047619047619,1,0,-0.0007959075393044746,0.5119047619047619,False
training_prior,2023-06-12,2023-06-13,2023-06-06,0.5119047619047619,1,1,0.0014989313788111858,0.5119047619047619,True
training_prior,2023-06-13,2023-06-14,2023-06-06,0.5119047619047619,1,0,-0.0014487239187482848,0.5119047619047619,False
training_prior,2023-06-14,2023-06-15,2023-06-13,0.5105820105820106,1,1,0.007428455850588822,0.5105820105820106,True
training_prior,2023-06-15,2023-06-16,2023-06-13,0.5105820105820106,1,1,0.006258578493269162,0.5105820105820106,True
training_prior,2023-06-16,2023-06-19,2023-06-13,0.5105820105820106,1,0,-0.005354907096101202,0.5105820105820106,False
training_prior,2023-06-19,2023-06-20,2023-06-13,0.5105820105820106,1,0,-0.004742574165282676,0.5105820105820106,False
training_prior,2023-06-20,2023-06-21,2023-06-13,0.5105820105820106,1,0,-0.013104604765488026,0.5105820105820106,False
training_prior,2023-06-21,2023-06-26,2023-06-20,0.5105820105820106,1,0,-0.014785385326644418,0.5105820105820106,False
training_prior,2023-06-26,2023-06-27,2023-06-20,0.5105820105820106,1,1,0.012322594776537521,0.5105820105820106,True
training_prior,2023-06-27,2023-06-28,2023-06-20,0.5105820105820106,1,0,-2.0975451291316283e-05,0.5105820105820106,False
training_prior,2023-06-28,2023-06-29,2023-06-20,0.5105820105820106,1,0,-0.00219309370817955,0.5105820105820106,False
training_prior,2023-06-29,2023-06-30,2023-06-20,0.5105820105820106,1,1,0.006184394251700587,0.5105820105820106,True
training_prior,2023-06-30,2023-07-03,2023-06-29,0.5105820105820106,1,1,0.013089283116071826,0.5105820105820106,True
training_prior,2023-07-03,2023-07-04,2023-06-29,0.5105820105820106,1,1,0.00042361608828689334,0.5105820105820106,True
training_prior,2023-07-04,2023-07-05,2023-06-29,0.5105820105820106,1,0,-0.006902893531457344,0.5105820105820106,False
training_prior,2023-07-05,2023-07-06,2023-06-29,0.5105820105820106,1,0,-0.005390129139266953,0.5105820105820106,False
training_prior,2023-07-06,2023-07-07,2023-06-29,0.5105820105820106,1,0,-0.0027968774898030624,0.5105820105820106,False
training_prior,2023-07-07,2023-07-10,2023-07-06,0.5105820105820106,1,1,0.002216911594948856,0.5105820105820106,True
training_prior,2023-07-10,2023-07-11,2023-07-06,0.5105820105820106,1,1,0.005515754648116156,0.5105820105820106,True
training_prior,2023-07-11,2023-07-12,2023-07-06,0.5105820105820106,1,0,-0.007832979953290575,0.5105820105820106,False
training_prior,2023-07-12,2023-07-13,2023-07-06,0.5105820105820106,1,1,0.012623470663946312,0.5105820105820106,True
training_prior,2023-07-13,2023-07-14,2023-07-06,0.5105820105820106,1,1,0.0003773235119635121,0.5105820105820106,True
training_prior,2023-07-14,2023-07-17,2023-07-13,0.5092592592592593,1,0,-0.008670163880471704,0.5092592592592593,False
training_prior,2023-07-17,2023-07-18,2023-07-13,0.5092592592592593,1,0,-0.003679458609214148,0.5092592592592593,False
training_prior,2023-07-18,2023-07-19,2023-07-13,0.5092592592592593,1,1,0.0003176226204844035,0.5092592592592593,True
training_prior,2023-07-19,2023-07-20,2023-07-13,0.5092592592592593,1,0,-0.009163896440073538,0.5092592592592593,False
training_prior,2023-07-20,2023-07-21,2023-07-13,0.5092592592592593,1,0,-0.000560589262355693,0.5092592592592593,False
training_prior,2023-07-21,2023-07-24,2023-07-20,0.5066137566137566,1,0,-0.0011315304021294326,0.5066137566137566,False
training_prior,2023-07-24,2023-07-25,2023-07-20,0.5066137566137566,1,1,0.021288583058104882,0.5066137566137566,True
training_prior,2023-07-25,2023-07-26,2023-07-20,0.5066137566137566,1,0,-0.0026282976999099095,0.5066137566137566,False
training_prior,2023-07-26,2023-07-27,2023-07-20,0.5066137566137566,1,0,-0.0019723689019259805,0.5066137566137566,False
training_prior,2023-07-27,2023-07-28,2023-07-20,0.5066137566137566,1,1,0.01842115710376202,0.5066137566137566,True
training_prior,2023-07-28,2023-07-31,2023-07-27,0.5066137566137566,1,1,0.00461368827748454,0.5066137566137566,True
training_prior,2023-07-31,2023-08-01,2023-07-27,0.5066137566137566,1,0,-2.7498907791967397e-05,0.5066137566137566,False
training_prior,2023-08-01,2023-08-02,2023-07-27,0.5066137566137566,1,0,-0.008890747724372372,0.5066137566137566,False
training_prior,2023-08-02,2023-08-03,2023-07-27,0.5066137566137566,1,1,0.005755390081026324,0.5066137566137566,True
training_prior,2023-08-03,2023-08-04,2023-07-27,0.5066137566137566,1,1,0.0023233308619339255,0.5066137566137566,True
training_prior,2023-08-04,2023-08-07,2023-08-03,0.5052910052910053,1,0,-0.0058554157463485135,0.5052910052910053,False
training_prior,2023-08-07,2023-08-08,2023-08-03,0.5052910052910053,1,0,-0.002512060044949971,0.5052910052910053,False
training_prior,2023-08-08,2023-08-09,2023-08-03,0.5052910052910053,1,0,-0.0049478019453725874,0.5052910052910053,False
training_prior,2023-08-09,2023-08-10,2023-08-03,0.5052910052910053,1,1,0.0031046513459278557,0.5052910052910053,True
training_prior,2023-08-10,2023-08-11,2023-08-03,0.5052910052910053,1,0,-0.020067752943662365,0.5052910052910053,False
training_prior,2023-08-11,2023-08-14,2023-08-10,0.5013227513227513,1,0,-0.0033929001444854556,0.5013227513227513,False
training_prior,2023-08-14,2023-08-15,2023-08-10,0.5013227513227513,1,0,-0.0007083377590023643,0.5013227513227513,False
training_prior,2023-08-15,2023-08-16,2023-08-10,0.5013227513227513,1,0,-0.008201088869199236,0.5013227513227513,False
training_prior,2023-08-16,2023-08-17,2023-08-10,0.5013227513227513,1,1,0.0043209676864846,0.5013227513227513,True
training_prior,2023-08-17,2023-08-18,2023-08-10,0.5013227513227513,1,0,-0.010047066773169355,0.5013227513227513,False
training_prior,2023-08-18,2023-08-21,2023-08-17,0.4973544973544973,0,0,-0.012444407690664572,0.4973544973544973,True
training_prior,2023-08-21,2023-08-22,2023-08-17,0.4973544973544973,0,1,0.008844583651540727,0.4973544973544973,False
training_prior,2023-08-22,2023-08-23,2023-08-17,0.4973544973544973,0,0,-0.013438209719742189,0.4973544973544973,True
training_prior,2023-08-23,2023-08-24,2023-08-17,0.4973544973544973,0,1,0.0012479851153948118,0.4973544973544973,False
training_prior,2023-08-24,2023-08-25,2023-08-17,0.4973544973544973,0,0,-0.0058947963203040965,0.4973544973544973,True
training_prior,2023-08-25,2023-08-28,2023-08-24,0.4973544973544973,0,1,0.01127962056538645,0.4973544973544973,False
training_prior,2023-08-28,2023-08-29,2023-08-24,0.4973544973544973,0,1,0.012021546381548509,0.4973544973544973,False
training_prior,2023-08-29,2023-08-30,2023-08-24,0.4973544973544973,0,1,0.0003988664513931983,0.4973544973544973,False
training_prior,2023-08-30,2023-08-31,2023-08-24,0.4973544973544973,0,0,-0.005502181526949257,0.4973544973544973,True
training_prior,2023-08-31,2023-09-01,2023-08-24,0.4973544973544973,0,1,0.004285522336718195,0.4973544973544973,False
training_prior,2023-09-01,2023-09-04,2023-08-31,0.49867724867724866,0,1,0.013983450457316415,0.49867724867724866,False
training_prior,2023-09-04,2023-09-05,2023-08-31,0.49867724867724866,0,0,-0.00714213702522426,0.49867724867724866,True
training_prior,2023-09-05,2023-09-06,2023-08-31,0.49867724867724866,0,1,0.0011753855200151708,0.49867724867724866,False
training_prior,2023-09-06,2023-09-07,2023-08-31,0.49867724867724866,0,0,-0.011312137459350669,0.49867724867724866,True
training_prior,2023-09-07,2023-09-08,2023-08-31,0.49867724867724866,0,0,-0.0018041525935430514,0.49867724867724866,True
training_prior,2023-09-08,2023-09-11,2023-09-07,0.49603174603174605,0,1,0.008361324573651796,0.49603174603174605,False
training_prior,2023-09-11,2023-09-12,2023-09-07,0.49603174603174605,0,0,-0.0018199497960245115,0.49603174603174605,True
training_prior,2023-09-12,2023-09-13,2023-09-07,0.49603174603174605,0,0,-0.004460355594808174,0.49603174603174605,True
training_prior,2023-09-13,2023-09-14,2023-09-07,0.49603174603174605,0,1,0.0011156341223430566,0.49603174603174605,False
training_prior,2023-09-14,2023-09-15,2023-09-07,0.49603174603174605,0,0,-0.002817065743784042,0.49603174603174605,True
training_prior,2023-09-15,2023-09-18,2023-09-14,0.4933862433862434,0,1,0.0026264188387024046,0.4933862433862434,False
training_prior,2023-09-18,2023-09-19,2023-09-14,0.4933862433862434,0,0,-0.00031197096776158784,0.4933862433862434,True
training_prior,2023-09-19,2023-09-20,2023-09-14,0.4933862433862434,0,0,-0.00524448866763505,0.4933862433862434,True
training_prior,2023-09-20,2023-09-21,2023-09-14,0.4933862433862434,0,0,-0.007677779854832867,0.4933862433862434,True
training_prior,2023-09-21,2023-09-22,2023-09-14,0.4933862433862434,0,1,0.015473331126744538,0.4933862433862434,False
training_prior,2023-09-22,2023-09-25,2023-09-21,0.49206349206349204,0,0,-0.0053710670011117845,0.49206349206349204,True
training_prior,2023-09-25,2023-09-26,2023-09-21,0.49206349206349204,0,0,-0.004279904227975417,0.49206349206349204,True
training_prior,2023-09-26,2023-09-27,2023-09-21,0.49206349206349204,0,1,0.0016255824842730249,0.49206349206349204,False
training_prior,2023-09-27,2023-09-28,2023-09-21,0.49206349206349204,0,1,0.00101685840987642,0.49206349206349204,False
training_prior,2023-09-28,2023-10-09,2023-09-21,0.49206349206349204,0,0,-0.00435717975320371,0.49206349206349204,True
training_prior,2023-10-09,2023-10-10,2023-09-28,0.49074074074074076,0,0,-0.007002532578794907,0.49074074074074076,True
training_prior,2023-10-10,2023-10-11,2023-09-28,0.49074074074074076,0,1,0.0012095006298864508,0.49074074074074076,False
training_prior,2023-10-11,2023-10-12,2023-09-28,0.49074074074074076,0,1,0.009400947516099434,0.49074074074074076,False
training_prior,2023-10-12,2023-10-13,2023-09-28,0.49074074074074076,0,0,-0.006371374735364088,0.49074074074074076,True
training_prior,2023-10-13,2023-10-16,2023-09-28,0.49074074074074076,0,0,-0.004626179257006258,0.49074074074074076,True
training_prior,2023-10-16,2023-10-17,2023-10-13,0.4894179894179894,0,1,0.0031502892336001675,0.4894179894179894,False
training_prior,2023-10-17,2023-10-18,2023-10-13,0.4894179894179894,0,0,-0.00803847217074749,0.4894179894179894,True
training_prior,2023-10-18,2023-10-19,2023-10-13,0.4894179894179894,0,0,-0.017431009636808326,0.4894179894179894,True
training_prior,2023-10-19,2023-10-20,2023-10-13,0.4894179894179894,0,0,-0.0074316061251747945,0.4894179894179894,True
training_prior,2023-10-20,2023-10-23,2023-10-13,0.4894179894179894,0,0,-0.014671921452428904,0.4894179894179894,True
training_prior,2023-10-23,2023-10-24,2023-10-20,0.4894179894179894,0,1,0.007808821126371601,0.4894179894179894,False
training_prior,2023-10-24,2023-10-25,2023-10-20,0.4894179894179894,0,1,0.004007030211592655,0.4894179894179894,False
training_prior,2023-10-25,2023-10-26,2023-10-20,0.4894179894179894,0,1,0.004769723818542904,0.4894179894179894,False
training_prior,2023-10-26,2023-10-27,2023-10-20,0.4894179894179894,0,1,0.009866816549025659,0.4894179894179894,False
training_prior,2023-10-27,2023-10-30,2023-10-20,0.4894179894179894,0,1,0.0012489958692207814,0.4894179894179894,False
training_prior,2023-10-30,2023-10-31,2023-10-27,0.4933862433862434,0,0,-0.0009209832267071949,0.4933862433862434,True
training_prior,2023-10-31,2023-11-01,2023-10-27,0.4933862433862434,0,1,0.0014263753595586959,0.4933862433862434,False
training_prior,2023-11-01,2023-11-02,2023-10-27,0.4933862433862434,0,0,-0.004522115136682769,0.4933862433862434,True
training_prior,2023-11-02,2023-11-03,2023-10-27,0.4933862433862434,0,1,0.0071083467706483106,0.4933862433862434,False
training_prior,2023-11-03,2023-11-06,2023-10-27,0.4933862433862434,0,1,0.00911073675422136,0.4933862433862434,False
training_prior,2023-11-06,2023-11-07,2023-11-03,0.4933862433862434,0,0,-0.00037300421248231963,0.4933862433862434,True
training_prior,2023-11-07,2023-11-08,2023-11-03,0.4933862433862434,0,0,-0.0016017886809265303,0.4933862433862434,True
training_prior,2023-11-08,2023-11-09,2023-11-03,0.4933862433862434,0,1,0.00029701485329791666,0.4933862433862434,False
training_prior,2023-11-09,2023-11-10,2023-11-03,0.4933862433862434,0,0,-0.004686535053852858,0.4933862433862434,True
training_prior,2023-11-10,2023-11-13,2023-11-03,0.4933862433862434,0,1,0.0024886722306791675,0.4933862433862434,False
training_prior,2023-11-13,2023-11-14,2023-11-10,0.4947089947089947,0,1,0.0031305750875034732,0.4947089947089947,False
training_prior,2023-11-14,2023-11-15,2023-11-10,0.4947089947089947,0,1,0.005485639515557139,0.4947089947089947,False
training_prior,2023-11-15,2023-11-16,2023-11-10,0.4947089947089947,0,0,-0.007129930967977982,0.4947089947089947,True
training_prior,2023-11-16,2023-11-17,2023-11-10,0.4947089947089947,0,1,0.0011274610850078304,0.4947089947089947,False
training_prior,2023-11-17,2023-11-20,2023-11-10,0.4947089947089947,0,1,0.004568411999153366,0.4947089947089947,False
training_prior,2023-11-20,2023-11-21,2023-11-17,0.49603174603174605,0,0,-0.00012589955197295222,0.49603174603174605,True
training_prior,2023-11-21,2023-11-22,2023-11-17,0.49603174603174605,0,0,-0.00792774861300749,0.49603174603174605,True
training_prior,2023-11-22,2023-11-23,2023-11-17,0.49603174603174605,0,1,0.005994589978811415,0.49603174603174605,False
training_prior,2023-11-23,2023-11-24,2023-11-17,0.49603174603174605,0,0,-0.006820862455918064,0.49603174603174605,True
training_prior,2023-11-24,2023-11-27,2023-11-17,0.49603174603174605,0,0,-0.0030488609940039213,0.49603174603174605,True
training_prior,2023-11-27,2023-11-28,2023-11-24,0.4947089947089947,0,1,0.0022608765866756197,0.4947089947089947,False
training_prior,2023-11-28,2023-11-29,2023-11-24,0.4947089947089947,0,0,-0.00555102763501536,0.4947089947089947,True
training_prior,2023-11-29,2023-11-30,2023-11-24,0.4947089947089947,0,1,0.0026426625070483656,0.4947089947089947,False
training_prior,2023-11-30,2023-12-01,2023-11-24,0.4947089947089947,0,1,0.0006479577810500903,0.4947089947089947,False
training_prior,2023-12-01,2023-12-04,2023-11-24,0.4947089947089947,0,0,-0.002876994657471821,0.4947089947089947,True
training_prior,2023-12-04,2023-12-05,2023-12-01,0.4973544973544973,0,0,-0.016744738139737758,0.4973544973544973,True
training_prior,2023-12-05,2023-12-06,2023-12-01,0.4973544973544973,0,0,-0.0011312803681491346,0.4973544973544973,True
training_prior,2023-12-06,2023-12-07,2023-12-01,0.4973544973544973,0,0,-0.0009186127246909592,0.4973544973544973,True
training_prior,2023-12-07,2023-12-08,2023-12-01,0.4973544973544973,0,1,0.001130501349855706,0.4973544973544973,False
training_prior,2023-12-08,2023-12-11,2023-12-01,0.4973544973544973,0,1,0.007367793350084195,0.4973544973544973,False
training_prior,2023-12-11,2023-12-12,2023-12-08,0.4947089947089947,0,1,0.004011214002895169,0.4947089947089947,False
training_prior,2023-12-12,2023-12-13,2023-12-08,0.4947089947089947,0,0,-0.011545835908438051,0.4947089947089947,True
training_prior,2023-12-13,2023-12-14,2023-12-08,0.4947089947089947,0,0,-0.003292619822561682,0.4947089947089947,True
training_prior,2023-12-14,2023-12-15,2023-12-08,0.4947089947089947,0,0,-0.0055521730149684645,0.4947089947089947,True
training_prior,2023-12-15,2023-12-18,2023-12-08,0.4947089947089947,0,0,-0.003994213467688912,0.4947089947089947,True
training_prior,2023-12-18,2023-12-19,2023-12-15,0.49074074074074076,0,1,0.0005415579535932302,0.49074074074074076,False
training_prior,2023-12-19,2023-12-20,2023-12-15,0.49074074074074076,0,0,-0.01032645444120217,0.49074074074074076,True
training_prior,2023-12-20,2023-12-21,2023-12-15,0.49074074074074076,0,1,0.005721803201367726,0.49074074074074076,False
training_prior,2023-12-21,2023-12-22,2023-12-15,0.49074074074074076,0,0,-0.0013498063822540152,0.49074074074074076,True
training_prior,2023-12-22,2023-12-25,2023-12-15,0.49074074074074076,0,1,0.0013851497021108994,0.49074074074074076,False
training_prior,2023-12-25,2023-12-26,2023-12-22,0.4933862433862434,0,0,-0.0068294552380649964,0.4933862433862434,True
training_prior,2023-12-26,2023-12-27,2023-12-22,0.4933862433862434,0,1,0.00542799531418825,0.4933862433862434,False
training_prior,2023-12-27,2023-12-28,2023-12-22,0.4933862433862434,0,1,0.013754721122915203,0.4933862433862434,False
training_prior,2023-12-28,2023-12-29,2023-12-22,0.4933862433862434,0,1,0.006847150653187306,0.4933862433862434,False
training_prior,2023-12-29,2024-01-02,2023-12-22,0.4933862433862434,0,0,-0.004255084850935287,0.4933862433862434,True
training_prior,2024-01-02,2024-01-03,2023-12-29,0.49206349206349204,0,1,0.0016781014545503847,0.49206349206349204,False
training_prior,2024-01-03,2024-01-04,2023-12-29,0.49206349206349204,0,0,-0.004346992053779641,0.49206349206349204,True
training_prior,2024-01-04,2024-01-05,2023-12-29,0.49206349206349204,0,0,-0.008518053692106453,0.49206349206349204,True
training_prior,2024-01-05,2024-01-08,2023-12-29,0.49206349206349204,0,0,-0.014217410020055832,0.49206349206349204,True
training_prior,2024-01-08,2024-01-09,2023-12-29,0.49206349206349204,0,1,0.001978640695936784,0.49206349206349204,False
training_prior,2024-01-09,2024-01-10,2024-01-08,0.49206349206349204,0,0,-0.005374230714075834,0.49206349206349204,True
training_prior,2024-01-10,2024-01-11,2024-01-08,0.49206349206349204,0,1,0.003109390432776804,0.49206349206349204,False
training_prior,2024-01-11,2024-01-12,2024-01-08,0.49206349206349204,0,0,-0.0016189353320329447,0.49206349206349204,True
training_prior,2024-01-12,2024-01-15,2024-01-08,0.49206349206349204,0,1,0.0014968544681950302,0.49206349206349204,False
training_prior,2024-01-15,2024-01-16,2024-01-08,0.49206349206349204,0,1,0.002667021632054567,0.49206349206349204,False
training_prior,2024-01-16,2024-01-17,2024-01-15,0.4933862433862434,0,0,-0.020861657851727555,0.4933862433862434,True
training_prior,2024-01-17,2024-01-18,2024-01-15,0.4933862433862434,0,1,0.004294408076297662,0.4933862433862434,False
training_prior,2024-01-18,2024-01-19,2024-01-15,0.4933862433862434,0,0,-0.004745476281596717,0.4933862433862434,True
training_prior,2024-01-19,2024-01-22,2024-01-15,0.4933862433862434,0,0,-0.026812115598910058,0.4933862433862434,True
training_prior,2024-01-22,2024-01-23,2024-01-15,0.4933862433862434,0,1,0.0053100853055167985,0.4933862433862434,False
training_prior,2024-01-23,2024-01-24,2024-01-22,0.4933862433862434,0,1,0.017970417141424333,0.4933862433862434,False
training_prior,2024-01-24,2024-01-25,2024-01-22,0.4933862433862434,0,1,0.030252995642788383,0.4933862433862434,False
training_prior,2024-01-25,2024-01-26,2024-01-22,0.4933862433862434,0,1,0.0014156387199142362,0.4933862433862434,False
training_prior,2024-01-26,2024-01-29,2024-01-22,0.4933862433862434,0,0,-0.009231836450179443,0.4933862433862434,True
training_prior,2024-01-29,2024-01-30,2024-01-22,0.4933862433862434,0,0,-0.018322191224392714,0.4933862433862434,True
training_prior,2024-01-30,2024-01-31,2024-01-29,0.4947089947089947,0,0,-0.014830597246462851,0.4947089947089947,True
training_prior,2024-01-31,2024-02-01,2024-01-29,0.4947089947089947,0,0,-0.00638608290866205,0.4947089947089947,True
training_prior,2024-02-01,2024-02-02,2024-01-29,0.4947089947089947,0,0,-0.014648900873170945,0.4947089947089947,True
training_prior,2024-02-02,2024-02-05,2024-01-29,0.4947089947089947,0,0,-0.010243751996225847,0.4947089947089947,True
training_prior,2024-02-05,2024-02-06,2024-01-29,0.4947089947089947,0,1,0.03230755851283318,0.4947089947089947,False
training_prior,2024-02-06,2024-02-07,2024-02-05,0.49206349206349204,0,1,0.014414698621896704,0.49206349206349204,False
training_prior,2024-02-07,2024-02-08,2024-02-05,0.49206349206349204,0,1,0.01279558126322855,0.49206349206349204,False
training_prior,2024-02-08,2024-02-19,2024-02-05,0.49206349206349204,0,1,0.015576520518906456,0.49206349206349204,False
training_prior,2024-02-19,2024-02-20,2024-02-05,0.49206349206349204,0,1,0.0041869148860145255,0.49206349206349204,False
training_prior,2024-02-20,2024-02-21,2024-02-05,0.49206349206349204,0,1,0.009657203391541191,0.49206349206349204,False
training_prior,2024-02-21,2024-02-22,2024-02-20,0.4933862433862434,0,1,0.01267460615130922,0.4933862433862434,False
training_prior,2024-02-22,2024-02-23,2024-02-20,0.4933862433862434,0,1,0.005529190647786342,0.4933862433862434,False
training_prior,2024-02-23,2024-02-26,2024-02-20,0.4933862433862434,0,0,-0.009271215732003957,0.4933862433862434,True
training_prior,2024-02-26,2024-02-27,2024-02-20,0.4933862433862434,0,1,0.012918479846018016,0.4933862433862434,False
training_prior,2024-02-27,2024-02-28,2024-02-20,0.4933862433862434,0,0,-0.019110817058122676,0.4933862433862434,True
training_prior,2024-02-28,2024-02-29,2024-02-27,0.4933862433862434,0,1,0.019378519360871316,0.4933862433862434,False
training_prior,2024-02-29,2024-03-01,2024-02-27,0.4933862433862434,0,1,0.003929859770483324,0.4933862433862434,False
training_prior,2024-03-01,2024-03-04,2024-02-27,0.4933862433862434,0,1,0.00405847942088533,0.4933862433862434,False
training_prior,2024-03-04,2024-03-05,2024-02-27,0.4933862433862434,0,1,0.002792611667369327,0.4933862433862434,False
training_prior,2024-03-05,2024-03-06,2024-02-27,0.4933862433862434,0,0,-0.0025796370495096976,0.4933862433862434,True
training_prior,2024-03-06,2024-03-07,2024-03-05,0.49603174603174605,0,0,-0.004121672634072038,0.49603174603174605,True
training_prior,2024-03-07,2024-03-08,2024-03-05,0.49603174603174605,0,1,0.0061497958661773655,0.49603174603174605,False
training_prior,2024-03-08,2024-03-11,2024-03-05,0.49603174603174605,0,1,0.00736574477271823,0.49603174603174605,False
training_prior,2024-03-11,2024-03-12,2024-03-05,0.49603174603174605,0,0,-0.004080359127918154,0.49603174603174605,True
training_prior,2024-03-12,2024-03-13,2024-03-05,0.49603174603174605,0,0,-0.003959639193896414,0.49603174603174605,True
training_prior,2024-03-13,2024-03-14,2024-03-12,0.4947089947089947,0,0,-0.001840014565837489,0.4947089947089947,True
training_prior,2024-03-14,2024-03-15,2024-03-12,0.4947089947089947,0,1,0.005398531034756848,0.4947089947089947,False
training_prior,2024-03-15,2024-03-18,2024-03-12,0.4947089947089947,0,1,0.009916173642822601,0.4947089947089947,False
training_prior,2024-03-18,2024-03-19,2024-03-12,0.4947089947089947,0,0,-0.007186687318484264,0.4947089947089947,True
training_prior,2024-03-19,2024-03-20,2024-03-12,0.4947089947089947,0,1,0.00552773420590702,0.4947089947089947,False
training_prior,2024-03-20,2024-03-21,2024-03-19,0.4947089947089947,0,0,-0.0008354423417011869,0.4947089947089947,True
training_prior,2024-03-21,2024-03-22,2024-03-19,0.4947089947089947,0,0,-0.009450221685066373,0.4947089947089947,True
training_prior,2024-03-22,2024-03-25,2024-03-19,0.4947089947089947,0,0,-0.007128563149697675,0.4947089947089947,True
training_prior,2024-03-25,2024-03-26,2024-03-19,0.4947089947089947,0,1,0.0017101379883821544,0.4947089947089947,False
training_prior,2024-03-26,2024-03-27,2024-03-19,0.4947089947089947,0,0,-0.01264797676937357,0.4947089947089947,True
training_prior,2024-03-27,2024-03-28,2024-03-26,0.4933862433862434,0,1,0.005854990754187384,0.4933862433862434,False
training_prior,2024-03-28,2024-03-29,2024-03-26,0.4933862433862434,0,1,0.010131753012857514,0.4933862433862434,False
training_prior,2024-03-29,2024-04-01,2024-03-26,0.4933862433862434,0,1,0.011907172868414362,0.4933862433862434,False
training_prior,2024-04-01,2024-04-02,2024-03-26,0.4933862433862434,0,0,-0.000786383579842953,0.4933862433862434,True
training_prior,2024-04-02,2024-04-03,2024-03-26,0.4933862433862434,0,0,-0.0018415532488794684,0.4933862433862434,True
training_prior,2024-04-03,2024-04-08,2024-04-02,0.4933862433862434,0,0,-0.007247036690076092,0.4933862433862434,True
training_prior,2024-04-08,2024-04-09,2024-04-02,0.4933862433862434,0,1,0.0004871264775672124,0.4933862433862434,False
training_prior,2024-04-09,2024-04-10,2024-04-02,0.4933862433862434,0,0,-0.006954811667196914,0.4933862433862434,True
training_prior,2024-04-10,2024-04-11,2024-04-02,0.4933862433862434,0,1,0.0022830311902393152,0.4933862433862434,False
training_prior,2024-04-11,2024-04-12,2024-04-02,0.4933862433862434,0,0,-0.004868721274580712,0.4933862433862434,True
training_prior,2024-04-12,2024-04-15,2024-04-11,0.4933862433862434,0,1,0.012553214989301953,0.4933862433862434,False
training_prior,2024-04-15,2024-04-16,2024-04-11,0.4933862433862434,0,0,-0.016455114997898757,0.4933862433862434,True
training_prior,2024-04-16,2024-04-17,2024-04-11,0.4933862433862434,0,1,0.021387111252984203,0.4933862433862434,False
training_prior,2024-04-17,2024-04-18,2024-04-11,0.4933862433862434,0,1,0.0009259679506994356,0.4933862433862434,False
training_prior,2024-04-18,2024-04-19,2024-04-11,0.4933862433862434,0,0,-0.002915727107251742,0.4933862433862434,True
training_prior,2024-04-19,2024-04-22,2024-04-18,0.49603174603174605,0,0,-0.006741938125334079,0.49603174603174605,True
training_prior,2024-04-22,2024-04-23,2024-04-18,0.49603174603174605,0,0,-0.007428803671502893,0.49603174603174605,True
training_prior,2024-04-23,2024-04-24,2024-04-18,0.49603174603174605,0,1,0.007559553305740874,0.49603174603174605,False
training_prior,2024-04-24,2024-04-25,2024-04-18,0.49603174603174605,0,1,0.002652929860635922,0.49603174603174605,False
training_prior,2024-04-25,2024-04-26,2024-04-18,0.49603174603174605,0,1,0.01170549313767233,0.49603174603174605,False
training_prior,2024-04-26,2024-04-29,2024-04-25,0.49603174603174605,0,1,0.00790235637048431,0.49603174603174605,False
training_prior,2024-04-29,2024-04-30,2024-04-25,0.49603174603174605,0,0,-0.0026400854315159483,0.49603174603174605,True
training_prior,2024-04-30,2024-05-06,2024-04-25,0.49603174603174605,0,1,0.011561329794969044,0.49603174603174605,False
training_prior,2024-05-06,2024-05-07,2024-04-25,0.49603174603174605,0,1,0.002234391829339488,0.49603174603174605,False
training_prior,2024-05-07,2024-05-08,2024-04-25,0.49603174603174605,0,0,-0.006118107669698003,0.49603174603174605,True
training_prior,2024-05-08,2024-05-09,2024-05-07,0.4973544973544973,0,1,0.00825969852833941,0.4973544973544973,False
training_prior,2024-05-09,2024-05-10,2024-05-07,0.4973544973544973,0,1,7.199649775557759e-05,0.4973544973544973,False
training_prior,2024-05-10,2024-05-13,2024-05-07,0.4973544973544973,0,0,-0.0020689181635956677,0.4973544973544973,True
training_prior,2024-05-13,2024-05-14,2024-05-07,0.4973544973544973,0,0,-0.0007135912416331713,0.4973544973544973,True
training_prior,2024-05-14,2024-05-15,2024-05-07,0.4973544973544973,0,0,-0.008224429832744296,0.4973544973544973,True
training_prior,2024-05-15,2024-05-16,2024-05-14,0.49603174603174605,0,1,0.000800954619697869,0.49603174603174605,False
training_prior,2024-05-16,2024-05-17,2024-05-14,0.49603174603174605,0,1,0.01012851968725359,0.49603174603174605,False
training_prior,2024-05-17,2024-05-20,2024-05-14,0.49603174603174605,0,1,0.005427602173133428,0.49603174603174605,False
training_prior,2024-05-20,2024-05-21,2024-05-14,0.49603174603174605,0,0,-0.004156038145337493,0.49603174603174605,True
training_prior,2024-05-21,2024-05-22,2024-05-14,0.49603174603174605,0,1,0.00018182591406867843,0.49603174603174605,False
training_prior,2024-05-22,2024-05-23,2024-05-21,0.49867724867724866,0,0,-0.013345691786258551,0.49867724867724866,True
training_prior,2024-05-23,2024-05-24,2024-05-21,0.49867724867724866,0,0,-0.008829615833977011,0.49867724867724866,True
training_prior,2024-05-24,2024-05-27,2024-05-21,0.49867724867724866,0,1,0.011386751241270865,0.49867724867724866,False
training_prior,2024-05-27,2024-05-28,2024-05-21,0.49867724867724866,0,0,-0.004632010951706955,0.49867724867724866,True
training_prior,2024-05-28,2024-05-29,2024-05-21,0.49867724867724866,0,1,0.00046485495544557054,0.49867724867724866,False
training_prior,2024-05-29,2024-05-30,2024-05-28,0.49867724867724866,0,0,-0.0062165511374799864,0.49867724867724866,True
training_prior,2024-05-30,2024-05-31,2024-05-28,0.49867724867724866,0,0,-0.0015733851696965173,0.49867724867724866,True
training_prior,2024-05-31,2024-06-03,2024-05-28,0.49867724867724866,0,0,-0.0026968588383088354,0.49867724867724866,True
training_prior,2024-06-03,2024-06-04,2024-05-28,0.49867724867724866,0,1,0.004128811647091668,0.49867724867724866,False
training_prior,2024-06-04,2024-06-05,2024-05-28,0.49867724867724866,0,0,-0.008344916755930742,0.49867724867724866,True
training_prior,2024-06-05,2024-06-06,2024-06-04,0.4973544973544973,0,0,-0.005418373320783876,0.4973544973544973,True
training_prior,2024-06-06,2024-06-07,2024-06-04,0.4973544973544973,0,1,0.0008150108146043333,0.4973544973544973,False
training_prior,2024-06-07,2024-06-11,2024-06-04,0.4973544973544973,0,0,-0.0076143814722660075,0.4973544973544973,True
training_prior,2024-06-11,2024-06-12,2024-06-04,0.4973544973544973,0,1,0.003111710588458605,0.4973544973544973,False
training_prior,2024-06-12,2024-06-13,2024-06-04,0.4973544973544973,0,0,-0.0028144498665417794,0.4973544973544973,True
training_prior,2024-06-13,2024-06-14,2024-06-12,0.49603174603174605,0,1,0.0012263782451473748,0.49603174603174605,False
training_prior,2024-06-14,2024-06-17,2024-06-12,0.49603174603174605,0,0,-0.0055208125558734444,0.49603174603174605,True
training_prior,2024-06-17,2024-06-18,2024-06-12,0.49603174603174605,0,1,0.004760019983482744,0.49603174603174605,False
training_prior,2024-06-18,2024-06-19,2024-06-12,0.49603174603174605,0,0,-0.0040251842226426415,0.49603174603174605,True
training_prior,2024-06-19,2024-06-20,2024-06-12,0.49603174603174605,0,0,-0.004178924723259203,0.49603174603174605,True
training_prior,2024-06-20,2024-06-21,2024-06-19,0.49603174603174605,0,0,-0.002428665196730573,0.49603174603174605,True
training_prior,2024-06-21,2024-06-24,2024-06-19,0.49603174603174605,0,0,-0.011686854809904279,0.49603174603174605,True
training_prior,2024-06-24,2024-06-25,2024-06-19,0.49603174603174605,0,0,-0.004421924627625584,0.49603174603174605,True
training_prior,2024-06-25,2024-06-26,2024-06-19,0.49603174603174605,0,1,0.00763689093440556,0.49603174603174605,False
training_prior,2024-06-26,2024-06-27,2024-06-19,0.49603174603174605,0,0,-0.008973078141543578,0.49603174603174605,True
training_prior,2024-06-27,2024-06-28,2024-06-26,0.49206349206349204,0,1,0.007315505692002677,0.49206349206349204,False
training_prior,2024-06-28,2024-07-01,2024-06-26,0.49206349206349204,0,1,0.009209231722771216,0.49206349206349204,False
training_prior,2024-07-01,2024-07-02,2024-06-26,0.49206349206349204,0,1,0.0007616044757019491,0.49206349206349204,False
training_prior,2024-07-02,2024-07-03,2024-06-26,0.49206349206349204,0,0,-0.004883365296845299,0.49206349206349204,True
training_prior,2024-07-03,2024-07-04,2024-06-26,0.49206349206349204,0,0,-0.008318402283065796,0.49206349206349204,True
training_prior,2024-07-04,2024-07-05,2024-07-03,0.4933862433862434,0,0,-0.002581074241090664,0.4933862433862434,True
training_prior,2024-07-05,2024-07-08,2024-07-03,0.4933862433862434,0,0,-0.009316651329031811,0.4933862433862434,True
training_prior,2024-07-08,2024-07-09,2024-07-03,0.4933862433862434,0,1,0.012634126341537266,0.4933862433862434,False
training_prior,2024-07-09,2024-07-10,2024-07-03,0.4933862433862434,0,0,-0.006761163279079052,0.4933862433862434,True
training_prior,2024-07-10,2024-07-11,2024-07-03,0.4933862433862434,0,1,0.010554597600650695,0.4933862433862434,False
training_prior,2024-07-11,2024-07-12,2024-07-10,0.49074074074074076,0,1,0.0003055493704289258,0.49074074074074076,False
training_prior,2024-07-12,2024-07-15,2024-07-10,0.49074074074074076,0,1,0.0009139785850948989,0.49074074074074076,False
training_prior,2024-07-15,2024-07-16,2024-07-10,0.49074074074074076,0,1,0.0007712144411584632,0.49074074074074076,False
training_prior,2024-07-16,2024-07-17,2024-07-10,0.49074074074074076,0,0,-0.004518825578419539,0.49074074074074076,True
training_prior,2024-07-17,2024-07-18,2024-07-10,0.49074074074074076,0,1,0.0048191695111361454,0.49074074074074076,False
training_prior,2024-07-18,2024-07-19,2024-07-17,0.49206349206349204,0,1,0.0017383164624062974,0.49206349206349204,False
training_prior,2024-07-19,2024-07-22,2024-07-17,0.49206349206349204,0,0,-0.006066810121527988,0.49206349206349204,True
training_prior,2024-07-22,2024-07-23,2024-07-17,0.49206349206349204,0,0,-0.016478896355544892,0.49206349206349204,True
training_prior,2024-07-23,2024-07-24,2024-07-17,0.49206349206349204,0,0,-0.004602059739617914,0.49206349206349204,True
training_prior,2024-07-24,2024-07-25,2024-07-17,0.49206349206349204,0,0,-0.005241368929697621,0.49206349206349204,True
training_prior,2024-07-25,2024-07-26,2024-07-24,0.49074074074074076,0,1,0.0014395815683676538,0.49074074074074076,False
training_prior,2024-07-26,2024-07-29,2024-07-24,0.49074074074074076,0,1,0.00032792586578556104,0.49074074074074076,False
training_prior,2024-07-29,2024-07-30,2024-07-24,0.49074074074074076,0,0,-0.004338302605606192,0.49074074074074076,True
training_prior,2024-07-30,2024-07-31,2024-07-24,0.49074074074074076,0,1,0.02064727824780732,0.49074074074074076,False
training_prior,2024-07-31,2024-08-01,2024-07-24,0.49074074074074076,0,0,-0.002164934586288081,0.49074074074074076,True
training_prior,2024-08-01,2024-08-02,2024-07-31,0.49074074074074076,0,0,-0.009224430157941943,0.49074074074074076,True
training_prior,2024-08-02,2024-08-05,2024-07-31,0.49074074074074076,0,0,-0.015364720966152823,0.49074074074074076,True
training_prior,2024-08-05,2024-08-06,2024-07-31,0.49074074074074076,0,1,0.0023022005330308737,0.49074074074074076,False
training_prior,2024-08-06,2024-08-07,2024-07-31,0.49074074074074076,0,1,0.0008893783339263273,0.49074074074074076,False
training_prior,2024-08-07,2024-08-08,2024-07-31,0.49074074074074076,0,1,2.3555371046368734e-05,0.49074074074074076,False
training_prior,2024-08-08,2024-08-09,2024-08-07,0.49074074074074076,0,0,-0.0026855626468561544,0.49074074074074076,True
training_prior,2024-08-09,2024-08-12,2024-08-07,0.49074074074074076,0,0,-0.0013938607448041873,0.49074074074074076,True
training_prior,2024-08-12,2024-08-13,2024-08-07,0.49074074074074076,0,1,0.0034082234700762992,0.49074074074074076,False
training_prior,2024-08-13,2024-08-14,2024-08-07,0.49074074074074076,0,0,-0.006029437095398604,0.49074074074074076,True
training_prior,2024-08-14,2024-08-15,2024-08-07,0.49074074074074076,0,1,0.009367675255140595,0.49074074074074076,False
training_prior,2024-08-15,2024-08-16,2024-08-14,0.49074074074074076,0,1,0.0007200703117258289,0.49074074074074076,False
training_prior,2024-08-16,2024-08-19,2024-08-14,0.49074074074074076,0,1,0.0049468127335488,0.49074074074074076,False
training_prior,2024-08-19,2024-08-20,2024-08-14,0.49074074074074076,0,0,-0.009335122708026056,0.49074074074074076,True
training_prior,2024-08-20,2024-08-21,2024-08-14,0.49074074074074076,0,0,-0.0035152743906586847,0.49074074074074076,True
training_prior,2024-08-21,2024-08-22,2024-08-14,0.49074074074074076,0,0,-0.0027347700167322797,0.49074074074074076,True
training_prior,2024-08-22,2024-08-23,2024-08-21,0.4894179894179894,0,1,0.001964249997139067,0.4894179894179894,False
training_prior,2024-08-23,2024-08-26,2024-08-21,0.4894179894179894,0,1,0.00040387231146654656,0.4894179894179894,False
training_prior,2024-08-26,2024-08-27,2024-08-21,0.4894179894179894,0,0,-0.002377535190346891,0.4894179894179894,True
training_prior,2024-08-27,2024-08-28,2024-08-21,0.4894179894179894,0,0,-0.003967345181602355,0.4894179894179894,True
training_prior,2024-08-28,2024-08-29,2024-08-21,0.4894179894179894,0,0,-0.005047984807938444,0.4894179894179894,True
training_prior,2024-08-29,2024-08-30,2024-08-28,0.49074074074074076,0,1,0.006768502493353035,0.49074074074074076,False
training_prior,2024-08-30,2024-09-02,2024-08-28,0.49074074074074076,0,0,-0.010970038781735747,0.49074074074074076,True
training_prior,2024-09-02,2024-09-03,2024-08-28,0.49074074074074076,0,0,-0.0028659550663722166,0.49074074074074076,True
training_prior,2024-09-03,2024-09-04,2024-08-28,0.49074074074074076,0,0,-0.00667161687671769,0.49074074074074076,True
training_prior,2024-09-04,2024-09-05,2024-08-28,0.49074074074074076,0,1,0.001449495907072329,0.49074074074074076,False
training_prior,2024-09-05,2024-09-06,2024-09-04,0.49074074074074076,0,0,-0.00807208197957332,0.49074074074074076,True
training_prior,2024-09-06,2024-09-09,2024-09-04,0.49074074074074076,0,0,-0.010600524273823075,0.49074074074074076,True
training_prior,2024-09-09,2024-09-10,2024-09-04,0.49074074074074076,0,1,0.0028154704592853186,0.49074074074074076,False
training_prior,2024-09-10,2024-09-11,2024-09-04,0.49074074074074076,0,0,-0.008161564199532623,0.49074074074074076,True
training_prior,2024-09-11,2024-09-12,2024-09-04,0.49074074074074076,0,0,-0.0017165508999354984,0.49074074074074076,True
training_prior,2024-09-12,2024-09-13,2024-09-11,0.4894179894179894,0,0,-0.004796801440464682,0.4894179894179894,True
training_prior,2024-09-13,2024-09-18,2024-09-11,0.4894179894179894,0,1,0.004878425626133165,0.4894179894179894,False
training_prior,2024-09-18,2024-09-19,2024-09-11,0.4894179894179894,0,1,0.00689693039877759,0.4894179894179894,False
training_prior,2024-09-19,2024-09-20,2024-09-11,0.4894179894179894,0,1,0.00028936168719684296,0.4894179894179894,False
training_prior,2024-09-20,2024-09-23,2024-09-11,0.4894179894179894,0,1,0.004422587885862361,0.4894179894179894,False
training_prior,2024-09-23,2024-09-24,2024-09-20,0.49074074074074076,0,1,0.041546460266889795,0.49074074074074076,False
training_prior,2024-09-24,2024-09-25,2024-09-20,0.49074074074074076,0,1,0.011588803913764822,0.49074074074074076,False
training_prior,2024-09-25,2024-09-26,2024-09-20,0.49074074074074076,0,1,0.03613116529791727,0.49074074074074076,False
training_prior,2024-09-26,2024-09-27,2024-09-20,0.49074074074074076,0,1,0.028849505986865642,0.49074074074074076,False
training_prior,2024-09-27,2024-09-30,2024-09-20,0.49074074074074076,0,1,0.08063692106366238,0.49074074074074076,False
training_prior,2024-09-30,2024-10-08,2024-09-27,0.4947089947089947,0,1,0.045939703115009056,0.4947089947089947,False
training_prior,2024-10-08,2024-10-09,2024-09-27,0.4947089947089947,0,0,-0.06616967953035124,0.4947089947089947,True
training_prior,2024-10-09,2024-10-10,2024-09-27,0.4947089947089947,0,1,0.013215703980701488,0.4947089947089947,False
training_prior,2024-10-10,2024-10-11,2024-09-27,0.4947089947089947,0,0,-0.025496695731421437,0.4947089947089947,True
training_prior,2024-10-11,2024-10-14,2024-09-27,0.4947089947089947,0,1,0.020693047789445362,0.4947089947089947,False
training_prior,2024-10-14,2024-10-15,2024-10-11,0.4947089947089947,0,0,-0.025280891264484517,0.4947089947089947,True
training_prior,2024-10-15,2024-10-16,2024-10-11,0.4947089947089947,0,1,0.0005173223972483321,0.4947089947089947,False
training_prior,2024-10-16,2024-10-17,2024-10-11,0.4947089947089947,0,0,-0.010479002468975374,0.4947089947089947,True
training_prior,2024-10-17,2024-10-18,2024-10-11,0.4947089947089947,0,1,0.02908419783615379,0.4947089947089947,False
training_prior,2024-10-18,2024-10-21,2024-10-11,0.4947089947089947,0,1,0.0020072276383538146,0.4947089947089947,False
training_prior,2024-10-21,2024-10-22,2024-10-18,0.4933862433862434,0,1,0.0054333850451788734,0.4933862433862434,False
training_prior,2024-10-22,2024-10-23,2024-10-18,0.4933862433862434,0,1,0.005154164948068862,0.4933862433862434,False
training_prior,2024-10-23,2024-10-24,2024-10-18,0.4933862433862434,0,0,-0.006824597581181702,0.4933862433862434,True
training_prior,2024-10-24,2024-10-25,2024-10-18,0.4933862433862434,0,1,0.005925684301180123,0.4933862433862434,False
training_prior,2024-10-25,2024-10-28,2024-10-18,0.4933862433862434,0,1,0.006817952527385707,0.4933862433862434,False
training_prior,2024-10-28,2024-10-29,2024-10-25,0.4933862433862434,0,0,-0.010773140368686707,0.4933862433862434,True
training_prior,2024-10-29,2024-10-30,2024-10-25,0.4933862433862434,0,0,-0.006137158300843493,0.4933862433862434,True
training_prior,2024-10-30,2024-10-31,2024-10-25,0.4933862433862434,0,1,0.004159709375722853,0.4933862433862434,False
training_prior,2024-10-31,2024-11-01,2024-10-25,0.4933862433862434,0,0,-0.002381286022507756,0.4933862433862434,True
training_prior,2024-11-01,2024-11-04,2024-10-25,0.4933862433862434,0,1,0.01167262660412649,0.4933862433862434,False
training_prior,2024-11-04,2024-11-05,2024-11-01,0.49206349206349204,0,1,0.023194832033475166,0.49206349206349204,False
training_prior,2024-11-05,2024-11-06,2024-11-01,0.49206349206349204,0,0,-0.0009390942728476626,0.49206349206349204,True
training_prior,2024-11-06,2024-11-07,2024-11-01,0.49206349206349204,0,1,0.025667752485352135,0.49206349206349204,False
training_prior,2024-11-07,2024-11-08,2024-11-01,0.49206349206349204,0,0,-0.005291153624371714,0.49206349206349204,True
training_prior,2024-11-08,2024-11-11,2024-11-01,0.49206349206349204,0,1,0.005146891905682294,0.49206349206349204,False
training_prior,2024-11-11,2024-11-12,2024-11-08,0.49206349206349204,0,0,-0.013860141034217288,0.49206349206349204,True
training_prior,2024-11-12,2024-11-13,2024-11-08,0.49206349206349204,0,1,0.005057817425114131,0.49206349206349204,False
training_prior,2024-11-13,2024-11-14,2024-11-08,0.49206349206349204,0,0,-0.01728237829465229,0.49206349206349204,True
training_prior,2024-11-14,2024-11-15,2024-11-08,0.49206349206349204,0,0,-0.014531047618867365,0.49206349206349204,True
training_prior,2024-11-15,2024-11-18,2024-11-08,0.49206349206349204,0,0,-0.002064924998490536,0.49206349206349204,True
training_prior,2024-11-18,2024-11-19,2024-11-15,0.49074074074074076,0,1,0.006667331357992579,0.49074074074074076,False
training_prior,2024-11-19,2024-11-20,2024-11-15,0.49074074074074076,0,1,0.0065688689853808935,0.49074074074074076,False
training_prior,2024-11-20,2024-11-21,2024-11-15,0.49074074074074076,0,1,0.0007169262681445687,0.49074074074074076,False
training_prior,2024-11-21,2024-11-22,2024-11-15,0.49074074074074076,0,0,-0.030623125020713293,0.49074074074074076,True
training_prior,2024-11-22,2024-11-25,2024-11-15,0.49074074074074076,0,0,-0.0010504128377410993,0.49074074074074076,True
training_prior,2024-11-25,2024-11-26,2024-11-22,0.49206349206349204,0,0,-0.0012263464126970325,0.49206349206349204,True
training_prior,2024-11-26,2024-11-27,2024-11-22,0.49206349206349204,0,1,0.015345222644189471,0.49206349206349204,False
training_prior,2024-11-27,2024-11-28,2024-11-22,0.49206349206349204,0,0,-0.004254241877002629,0.49206349206349204,True
training_prior,2024-11-28,2024-11-29,2024-11-22,0.49206349206349204,0,1,0.009332589697303328,0.49206349206349204,False
training_prior,2024-11-29,2024-12-02,2024-11-22,0.49206349206349204,0,1,0.011281256503731685,0.49206349206349204,False
training_prior,2024-12-02,2024-12-03,2024-11-29,0.49206349206349204,0,1,0.004406681925763989,0.49206349206349204,False
training_prior,2024-12-03,2024-12-04,2024-11-29,0.49206349206349204,0,0,-0.0041897933006695975,0.49206349206349204,True
training_prior,2024-12-04,2024-12-05,2024-11-29,0.49206349206349204,0,1,0.0012499071968796738,0.49206349206349204,False
training_prior,2024-12-05,2024-12-06,2024-11-29,0.49206349206349204,0,1,0.010454916244102108,0.49206349206349204,False
training_prior,2024-12-06,2024-12-09,2024-11-29,0.49206349206349204,0,0,-0.00045301568437183803,0.49206349206349204,True
training_prior,2024-12-09,2024-12-10,2024-12-06,0.4947089947089947,0,1,0.0059151203854139744,0.4947089947089947,False
training_prior,2024-12-10,2024-12-11,2024-12-06,0.4947089947089947,0,1,0.002871888528126698,0.4947089947089947,False
training_prior,2024-12-11,2024-12-12,2024-12-06,0.4947089947089947,0,1,0.008451473510397767,0.4947089947089947,False
training_prior,2024-12-12,2024-12-13,2024-12-06,0.4947089947089947,0,0,-0.020113131307995413,0.4947089947089947,True
training_prior,2024-12-13,2024-12-16,2024-12-06,0.4947089947089947,0,0,-0.001635377119378889,0.4947089947089947,True
training_prior,2024-12-16,2024-12-17,2024-12-13,0.49603174603174605,0,0,-0.007337203165478923,0.49603174603174605,True
training_prior,2024-12-17,2024-12-18,2024-12-13,0.49603174603174605,0,1,0.0061648646357188586,0.49603174603174605,False
training_prior,2024-12-18,2024-12-19,2024-12-13,0.49603174603174605,0,0,-0.003599719366765064,0.49603174603174605,True
training_prior,2024-12-19,2024-12-20,2024-12-13,0.49603174603174605,0,0,-0.0005827242468330329,0.49603174603174605,True
training_prior,2024-12-20,2024-12-23,2024-12-13,0.49603174603174605,0,0,-0.004991643135133894,0.49603174603174605,True
training_prior,2024-12-23,2024-12-24,2024-12-20,0.4933862433862434,0,1,0.01261347570140181,0.4933862433862434,False
training_prior,2024-12-24,2024-12-25,2024-12-20,0.4933862433862434,0,0,-5.245278505283668e-05,0.4933862433862434,True
training_prior,2024-12-25,2024-12-26,2024-12-20,0.4933862433862434,0,1,0.0013928418408699628,0.4933862433862434,False
training_prior,2024-12-26,2024-12-27,2024-12-20,0.4933862433862434,0,1,0.0006078438787353591,0.4933862433862434,False
training_prior,2024-12-27,2024-12-30,2024-12-20,0.4933862433862434,0,1,0.002112823523252816,0.4933862433862434,False
training_prior,2024-12-30,2024-12-31,2024-12-27,0.49603174603174605,0,0,-0.01630689333239299,0.49603174603174605,True
training_prior,2024-12-31,2025-01-02,2024-12-27,0.49603174603174605,0,0,-0.026613546363510765,0.49603174603174605,True
