trade_date,predicted_pct_change,predicted_label,predicted_close,confidence,real_pct_change,correct,calibrated_confidence,confidence_calibration_window,confidence_calibration_method,confidence_calibration_rows,confidence_calibration_fallback,uncalibrated_predicted_return,return_calibration_scale,return_calibration_rows,return_calibration_close_fallback
20201215,-0,0,3367.2325999999998,0.6166666666666667,-7.4066757372093228e-05,True,0.6166666666666667,300,platt,0,1,-0.0030081594396608293,0,0,0
20201216,-0,0,3366.9832000000001,0.6166666666666667,0.011253397403349075,False,0.6166666666666667,300,platt,1,1,-0.002335088051007809,0,1,0
20201217,-0,0,3404.8732,0.6166666666666667,-0.0029302706485515584,True,0.6166666666666667,300,platt,2,1,-0.0061825834036430289,0,2,0
20201218,-0,0,3394.8960000000002,0.625,0.0075623229695400696,False,0.625,300,platt,3,1,-0.0036032009461750359,0,3,0
20201221,0,1,3420.5693000000001,0.60833333333333328,-0.018648094631498968,False,0.60833333333333328,300,platt,4,1,0.0050152172183723625,0,4,0
20201222,-0,0,3356.7822000000001,0.60833333333333328,0.0076076726097986658,False,0.60833333333333328,300,platt,5,1,-0.0074413496414549992,0,5,0
20201223,0,1,3382.3195000000001,0.60833333333333328,-0.0056784109248106951,False,0.60833333333333328,300,platt,6,1,0.0040694440275638863,0,6,0
20201224,-0,0,3363.1133,0.59999999999999998,0.0099459331328504152,False,0.59999999999999998,300,platt,7,1,-0.0049200989254651849,0,7,0
20201225,-0,0,3396.5626000000002,0.60833333333333328,0.00021280337951079531,False,0.60833333333333328,300,platt,8,1,-0.005935950548336167,0,8,0
20201228,-0,0,3397.2854000000002,0.60833333333333328,-0.0053717005936564366,True,0.60833333333333328,300,platt,9,1,-0.0035009530472169641,0,9,0
20201229,0,1,3379.0362,0.69999999999999996,0.010481243142645091,True,0.69999999999999996,300,platt,10,1,0.0037842168324014529,0,10,0
20201230,-0,0,3414.4526999999998,0.72727272727272729,0.017167202228339562,False,0.72727272727272729,300,platt,11,1,-0.004844330078323412,0,11,0
20201231,0,1,3473.0693000000001,0.66666666666666674,0.0086059613034499272,True,0.66666666666666674,300,platt,12,1,0.0065842291752861446,0,12,0
20210104,-0,0,3502.9584,0.59166666666666667,0.0073418799378262012,False,0.59166666666666667,300,platt,13,1,-0.0064589737516738107,0,13,0
20210105,0,1,3528.6767,0.69230769230769229,0.006291310280706508,True,0.69230769230769229,300,platt,14,1,0.0052913496086797315,0,14,0
20210106,-0,0,3550.8766999999998,0.58333333333333337,0.0071328582037220034,False,0.58333333333333337,300,platt,15,1,-0.0052189261901596055,0,15,0
20210107,0,1,3576.2046,0.66666666666666674,-0.0017047123086860738,False,0.66666666666666674,300,platt,16,1,0.0058921475344956642,0,16,0
20210108,-0,0,3570.1082000000001,0.73333333333333339,-0.010814910315603332,True,0.73333333333333339,300,platt,17,1,-0.0051178364521118416,0,17,0
20210111,-0,0,3531.4978000000001,0.75,0.021758784615411697,False,0.75,300,platt,18,1,-0.0096907099100431836,0,18,0
20210112,0,1,3608.3389000000002,0.6166666666666667,-0.0026846425096046511,False,0.6166666666666667,300,platt,19,1,0.010938497670782296,0,19,0
20210113,-0,0,3598.6518000000001,0.59999999999999998,-0.0090998523391455644,True,0.59999999999999998,300,platt,20,1,-0.0054726629624846012,0,20,0
20210114,0,1,3565.9045999999998,0.59999999999999998,0.00013270125061692895,True,0.59999999999999998,300,platt,21,1,0.0047535303186594631,0,21,0
20210115,0,1,3566.3778000000002,0.59999999999999998,0.0083686871312398381,True,0.59999999999999998,300,platt,22,1,0.0067008092528481429,0,22,0
20210118,-0,0,3596.2237,0.59999999999999998,-0.0082982323930516078,True,0.59999999999999998,300,platt,23,1,-0.0077053961574781674,0,23,0
20210119,-0,0,3566.3814000000002,0.59999999999999998,0.0046855897128668111,False,0.59999999999999998,300,platt,24,1,-0.0060940860669484913,0,24,0
20210120,0,1,3583.0920000000001,0.59999999999999998,0.010653396563638173,True,0.59999999999999998,300,platt,25,1,0.0040124390927860102,0,25,0
20210121,-0,0,3621.2640999999999,0.66666666666666674,-0.0040081307519105325,True,0.66666666666666674,300,platt,26,1,-0.0060398743965846911,0,26,0
20210122,0,1,3606.7496000000001,0.66666666666666674,0.0048488256573175903,True,0.66666666666666674,300,platt,27,1,0.0037466552340314103,0,27,0
20210125,0,1,3624.2381,0.73333333333333339,-0.015122930251188493,False,0.73333333333333339,300,platt,28,1,0.0054425102068140661,0,28,0
20210126,-0,0,3569.4290000000001,0.66666666666666674,0.0010960296450777118,False,0.66666666666666674,300,platt,29,1,-0.005554712678098192,0,29,0
20210127,0,1,3573.3411999999998,0.66666666666666674,-0.019076068078805242,False,0.66666666666666674,300,platt,30,1,0.0038547785608936355,0,30,0
20210128,-0,0,3505.1759000000002,0.59166666666666667,-0.0063068732156923435,True,0.59166666666666667,300,platt,31,1,-0.0064443277330058614,0,31,0
20210129,-0,0,3483.0691999999999,0.59999999999999998,0.0063778233289193409,False,0.59999999999999998,300,platt,32,1,-0.010546505412580972,0,32,0
20210201,-0,0,3505.2836000000002,0.59166666666666667,0.0081024257209887374,False,0.59166666666666667,300,platt,33,1,-0.0044300032694859718,0,33,0
20210202,0,1,3533.6849000000002,0.58333333333333337,-0.0046345105643120776,False,0.58333333333333337,300,platt,34,1,0.0048318627300498688,0,34,0
20210203,0,1,3517.308,0.66666666666666674,-0.0043922226884879345,False,0.66666666666666674,300,platt,35,1,0.0043194081814770715,0,35,0
20210204,0,1,3501.8591999999999,0.59999999999999998,-0.0015781045679963412,False,0.59999999999999998,300,platt,36,1,0.0071379622647677072,0,36,0
20210205,-0,0,3496.3328999999999,0.60833333333333328,0.010329050760583991,False,0.60833333333333328,300,platt,37,1,-0.0052278236694575887,0,37,0
20210208,-0,0,3532.4467,0.57499999999999996,0.020111357943489949,False,0.57499999999999996,300,platt,38,1,-0.005987702046067734,0,38,0
20210209,0,1,3603.489,0.6166666666666667,0.014319177885654844,True,0.6166666666666667,300,platt,39,1,0.0088909181710216754,0,39,0
20210210,-0,0,3655.0880000000002,0.6166666666666667,0.0055454478797773987,False,0.6166666666666667,300,platt,40,1,-0.0059713465364067703,0,40,0
20210218,0,1,3675.3571000000002,0.56666666666666665,0.0056622797278664816,True,0.56666666666666665,300,platt,41,1,0.00798934840909255,0,41,0
20210219,0,1,3696.1680000000001,0.59999999999999998,-0.014534810106034191,False,0.59999999999999998,300,platt,42,1,0.0075858795834446392,0,42,0
20210222,0,1,3642.4449,0.6166666666666667,-0.0016712950139615712,False,0.6166666666666667,300,platt,43,1,0.0088594024104382847,0,43,0
20210223,-0,0,3636.3573000000001,0.6166666666666667,-0.019876319634486994,True,0.6166666666666667,300,platt,44,1,-0.0063710681417289972,0,44,0
20210224,0,1,3564.0799000000002,0.59166666666666667,0.0058825561121678138,True,0.59166666666666667,300,platt,45,1,0.013703944847826516,0,45,0
20210225,-0,0,3585.0457999999999,0.57499999999999996,-0.021189520089255232,True,0.57499999999999996,300,platt,46,1,-0.0047189499433674259,0,46,0
20210226,-0,0,3509.0803999999998,0.60833333333333328,0.012059968759906559,False,0.60833333333333328,300,platt,47,1,-0.0060654488756050288,0,47,0
20210301,-0,0,3551.3998000000001,0.60833333333333328,-0.012054007549361367,True,0.60833333333333328,300,platt,48,1,-0.0048818466725612302,0,48,0
20210302,-0,0,3508.5911999999998,0.6166666666666667,0.01947029337587125,False,0.6166666666666667,300,platt,49,1,-0.0099908645740065232,0,49,0
20210303,-0,0,3576.9045000000001,0.60833333333333328,-0.020524143152270469,True,0.60833333333333328,300,platt,50,1,-0.0094613876426268614,0,50,0
20210304,0,1,3503.4915999999998,0.6166666666666667,-0.00042954291655783461,False,0.6166666666666667,300,platt,51,1,0.0080883635788349222,0,51,0
20210305,-0,0,3501.9866999999999,0.60833333333333328,-0.023007683038887561,True,0.60833333333333328,300,platt,52,1,-0.0083253046958837156,0,52,0
20210308,0,1,3421.4141,0.60833333333333328,-0.018156849239617023,False,0.60833333333333328,300,platt,53,1,0.01542561396582624,0,53,0
20210309,-0,0,3359.2919999999999,0.59166666666666667,-0.00046283562131543832,True,0.59166666666666667,300,platt,54,1,-0.013058127637749545,0,54,0
20210310,-0,0,3357.7372,0.59166666666666667,0.023555774406645025,False,0.59166666666666667,300,platt,55,1,-0.0054544584380528342,0,55,0
20210311,-0,0,3436.8312999999998,0.59166666666666667,0.0047271450303656426,False,0.59166666666666667,300,platt,56,1,-0.0084426675078779854,0,56,0
20210312,0,1,3453.0776999999998,0.58333333333333337,-0.0095949477186684229,False,0.58333333333333337,300,platt,57,1,0.0046720811058835483,0,57,0
20210315,-0,0,3419.9456,0.58333333333333337,0.0078328146506190244,False,0.58333333333333337,300,platt,58,1,-0.0082373349885814379,0,58,0
20210316,0,1,3446.7334000000001,0.625,-0.00034307846379988405,False,0.625,300,platt,59,1,0.005366478437956069,0,59,0
20210317,0,1,3445.5509000000002,0.59999999999999998,0.0050840055794849626,True,0.39985714570465586,300,platt,60,0,0.0055075933681240944,0,60,0
20210318,0,1,3463.0681,0.66666666666666674,-0.01686501631313575,False,0.4098723668565582,300,platt,61,0,0.0035960401713793855,0,61,0
20210319,0,1,3404.6633999999999,0.66666666666666674,0.011389026004744007,True,0.40309979343409097,300,platt,62,0,0.0063957636761996861,0,62,0
20210322,0,1,3443.4391999999998,0.66666666666666674,-0.0092728223573687041,False,0.41286166033899691,300,platt,63,0,0.0049587200148405305,0,63,0
20210323,0,1,3411.5088000000001,0.66666666666666674,-0.013028897946855689,False,0.40614607554858112,300,platt,64,0,0.0070444643535776813,0,64,0
20210324,-0,0,3367.0605999999998,0.6333333333333333,-0.0010303051866663582,True,0.39991730974813994,300,platt,65,0,-0.006845205081586302,0,65,0
20210325,-0,0,3363.5915,0.59166666666666667,0.016272844071582471,False,0.4091656075027767,300,platt,66,0,-0.0048014893452251323,0,66,0
20210326,-0,0,3418.3267000000001,0.59166666666666667,0.0049641539528681999,False,0.40290232569908119,300,platt,67,0,-0.0063357590862748456,0,67,0
20210329,0,1,3435.2957999999999,0.59999999999999998,0.0062238599657122862,True,0.39692005684357951,300,platt,68,0,0.0050407736169743251,0,68,0
20210330,0,1,3456.6765999999998,0.59166666666666667,-0.0042714727782169337,False,0.40578914444879333,300,platt,69,0,0.0042999354608458931,0,69,0
20210331,-0,0,3441.9115000000002,0.66666666666666674,0.0070948947990090439,False,0.40009540628515206,300,platt,70,0,-0.0039517647623961202,0,70,0
20210401,0,1,3466.3314999999998,0.59999999999999998,0.0052103787534458768,True,0.39438586263957437,300,platt,71,0,0.0039081505045063091,0,71,0
20210402,0,1,3484.3924000000002,0.59999999999999998,-0.00040896656760014416,False,0.40285717989194736,300,platt,72,0,0.0030835901555054607,0,72,0
20210406,-0,0,3482.9674,0.60833333333333328,-0.00095946921581868683,True,0.39720519658080067,300,platt,73,0,-0.0026813225573023695,0,73,0
20210407,0,1,3479.6255999999998,0.6166666666666667,0.00084181470558220006,True,0.40539175229857716,300,platt,74,0,0.0037719071669965894,0,74,0
20210408,-0,0,3482.5547999999999,0.625,-0.0091535099462037861,True,0.41329712493885462,300,platt,75,0,-0.0045639832800181586,0,75,0
20210409,-0,0,3450.6772000000001,0.72222222222222221,-0.010933940734879521,True,0.4205501823637755,300,platt,76,0,-0.0042064635082047566,0,76,0
20210412,0,1,3412.9477000000002,0.72222222222222221,-0.0048279966317680278,False,0.42939876247395631,300,platt,77,0,0.0066930156526111145,0,77,0
20210413,0,1,3396.4699999999998,0.72222222222222221,0.0059624256949126764,True,0.42294023431400957,300,platt,78,0,0.0048105644843383791,0,78,0
20210414,0,1,3416.7212,0.72222222222222221,-0.0051902683777651504,False,0.43149440806492623,300,platt,79,0,0.0034499665079088413,0,79,0
20210415,-0,0,3398.9875000000002,0.66666666666666674,0.0081289795858325853,False,0.42507670167733502,300,platt,80,0,-0.0046921873856332159,0,80,0
20210416,0,1,3426.6178,0.61111111111111116,0.014863256707532413,True,0.41978209860331639,300,platt,81,0,0.0049393183960817688,0,81,0
20210419,-0,0,3477.5484999999999,0.61111111111111116,-0.0013244387533343227,True,0.42686104887678511,300,platt,82,0,-0.008216625345082048,0,82,0
20210420,-0,0,3472.9427000000001,0.61111111111111116,-3.7144292649449184e-06,True,0.43377395052438711,300,platt,83,0,-0.0039037148925313197,0,83,0
20210421,0,1,3472.9297999999999,0.61111111111111116,-0.0022505493776464602,False,0.44057518043381799,300,platt,84,0,0.003947479299850668,0,84,0
20210422,0,1,3465.1138000000001,0.61111111111111116,0.0026123817347643019,True,0.43533041198261119,300,platt,85,0,0.0036148525244928749,0,85,0
20210423,0,1,3474.1660000000002,0.61111111111111116,-0.0094987401292856433,False,0.44196961067493512,300,platt,86,0,0.0032273728027369429,0,86,0
20210426,-0,0,3441.1658000000002,0.61111111111111116,0.00042000301177003152,False,0.4368206827012408,300,platt,87,0,-0.007344506827495414,0,87,0
20210427,0,1,3442.6111000000001,0.55555555555555558,0.0041994868371857397,True,0.43210422406114263,300,platt,88,0,0.0033274480612509247,0,88,0
20210428,0,1,3457.0682999999999,0.57894736842105265,0.0051583591796553474,True,0.43889813033546843,300,platt,89,0,0.0042005076236680304,0,89,0
20210429,0,1,3474.9011,0.57894736842105265,-0.0080706469602832565,False,0.44535502099551605,300,platt,90,0,0.003860070874161126,0,90,0
20210430,-0,0,3446.8564000000001,0.55000000000000004,-0.00161706765619829,True,0.44076022285897842,300,platt,91,0,-0.0053061807291145896,0,91,0
20210506,0,1,3441.2826,0.55000000000000004,-0.0065116709682605523,False,0.44746808238284375,300,platt,92,0,0.005647062285919051,0,92,0
20210507,0,1,3418.8741,0.6166666666666667,0.0026666088698614754,True,0.44092369668890269,300,platt,93,0,0.0052900199713945863,0,93,0
20210510,-0,0,3427.9908999999998,0.6166666666666667,0.0040415801570536924,False,0.44691681665301058,300,platt,94,0,-0.0035469169194133547,0,94,0
20210511,-0,0,3441.8454000000002,0.60833333333333328,0.0060740380727151155,False,0.4423303881981574,300,platt,95,0,-0.0080093260752704242,0,95,0
20210512,0,1,3462.7512999999999,0.54545454545454541,-0.009592141370360685,False,0.4388093966308555,300,platt,96,0,0.0047424783431215967,0,96,0
20210513,0,1,3429.5360999999998,0.6166666666666667,0.017740037785285434,True,0.43303097763533194,300,platt,97,0,0.0037569278459039642,0,97,0
20210514,-0,0,3490.3762000000002,0.6166666666666667,0.0078042017361910077,False,0.43877457231323846,300,platt,98,0,-0.0085620873401204885,0,98,0
20210517,-0,0,3517.6158,0.59999999999999998,0.0032404334776980903,False,0.43444328412685757,300,platt,99,0,-0.0049650053779921304,0,99,0
20210518,-0,0,3529.0144,0.6166666666666667,-0.005114657508906717,True,0.43002271756445237,300,platt,100,0,-0.0022091375140244891,0,100,0
20210519,-0,0,3510.9647,0.6166666666666667,-0.0011450699005889353,True,0.4356735404545653,300,platt,101,0,-0.0021460333070765529,0,101,0
20210520,0,1,3506.9443999999999,0.625,-0.0058134654202102176,False,0.44108603578256705,300,platt,102,0,0.0039361773286193703,0,102,0
20210521,-0,0,3486.5569,0.625,0.0030761580285696422,False,0.43676787113482407,300,platt,103,0,-0.0048394971290181034,0,103,0
20210524,-0,0,3497.2820999999999,0.625,0.024035721911023433,False,0.43265200884333671,300,platt,104,0,-0.0035435609614006178,0,104,0
20210525,0,1,3581.3418000000001,0.59999999999999998,0.0033549436694368939,True,0.42876150502145266,300,platt,105,0,0.010014326354665815,0,105,0
20210526,-0,0,3593.357,0.59999999999999998,0.0043117619540724572,False,0.43416076144376342,300,platt,106,0,-0.0021504723406623877,0,106,0
20210527,-0,0,3608.8507,0.59999999999999998,-0.0022351437259513496,True,0.43011003590685237,300,platt,107,0,-0.0056884399936159603,0,107,0
20210528,0,1,3600.7844,0.59999999999999998,0.0040804720215961154,True,0.43541571844458726,300,platt,108,0,0.0048081232774614072,0,108,0
20210531,-0,0,3615.4773,0.66666666666666674,0.0025547111027359737,False,0.43955267962631472,300,platt,109,0,-0.0041141697311760355,0,109,0
20210601,-0,0,3624.7138,0.59999999999999998,-0.007607745472207994,True,0.43673498303122904,300,platt,110,0,-0.0051840105286705563,0,110,0
20210602,0,1,3597.1379000000002,0.59999999999999998,-0.0035933568184861597,False,0.442059565605744,300,platt,111,0,0.0052798102519452748,0,111,0
20210603,0,1,3584.2121000000002,0.55555555555555558,0.0021295056729482287,True,0.43882898104685975,300,platt,112,0,0.0041358973181373441,0,112,0
20210604,0,1,3591.8447000000001,0.56756756756756754,0.0021427151346493645,True,0.44403294420869638,300,platt,113,0,0.0068237888338924038,0,113,0
20210607,0,1,3599.5410000000002,0.57894736842105265,-0.0053992161778405601,False,0.44886487755004045,300,platt,114,0,0.0021606849556909413,0,114,0
20210608,0,1,3580.1062999999999,0.5641025641025641,0.0031535935120139413,True,0.44523588764547928,300,platt,115,0,0.0068548730893943271,0,115,0
20210609,0,1,3591.3964999999998,0.57499999999999996,0.0054192011380531646,True,0.44999435281702138,300,platt,116,0,0.0030544224396048328,0,116,0
20210610,0,1,3610.8589999999999,0.58536585365853666,-0.0058465035605101967,False,0.45449005709297663,300,platt,117,0,0.0046883416011357232,0,117,0
20210611,0,1,3589.7480999999998,0.5714285714285714,-0.0092455233836601369,False,0.45104571792069276,300,platt,118,0,0.0032118024446548868,0,118,0
20210615,0,1,3556.5590000000002,0.55813953488372092,-0.010749097653096729,False,0.44748402463500492,300,platt,119,0,0.0054769998651159422,0,119,0
20210616,0,1,3518.3292000000001,0.54545454545454541,0.0020677428365714068,True,0.44384067901780772,300,platt,120,0,0.0058467032287140121,0,120,0
20210617,0,1,3525.6042000000002,0.55555555555555558,-0.0001439185941519705,False,0.44870678559693561,300,platt,121,0,0.0032764820257005275,0,121,0
20210618,0,1,3525.0967999999998,0.54347826086956519,0.0011590603696329804,True,0.44501281792996278,300,platt,122,0,0.0038928271938972483,0,122,0
20210621,-0,0,3529.1826000000001,0.55319148936170215,0.0079988493652891623,False,0.44976826741459225,300,platt,123,0,-0.004370738949434347,0,123,0
20210622,0,1,3557.4119999999998,0.54166666666666674,0.0024759291305027631,True,0.44613538422584148,300,platt,124,0,0.0027986970028279316,0,124,0
20210623,0,1,3566.2199000000001,0.55102040816326525,0.00012169748702262062,True,0.45090975427532543,300,platt,125,0,0.0032982664090357994,0,125,0
20210624,-0,0,3566.6538999999998,0.56000000000000005,0.011469545727439412,False,0.45528990196258451,300,platt,126,0,-0.0025855237217640341,0,126,0
20210625,0,1,3607.5617999999999,0.5490196078431373,-0.00032975180078698152,False,0.45193110920107787,300,platt,127,0,0.0058915537094995718,0,127,0
20210628,0,1,3606.3721999999998,0.60833333333333328,-0.0092043466839056842,False,0.44547431690335254,300,platt,128,0,0.0023763666594497227,0,128,0
20210629,-0,0,3573.1779000000001,0.59999999999999998,0.0050428779378715038,False,0.44238607850271466,300,platt,129,0,-0.0037403374082035246,0,129,0
20210630,0,1,3591.1970000000001,0.55555555555555558,-0.00067258911165279933,False,0.44063920324242317,300,platt,130,0,0.0029313590837417879,0,130,0
20210701,-0,0,3588.7815999999998,0.59999999999999998,-0.019511385145309368,True,0.4355061703318065,300,platt,131,0,-0.0040297666491436049,0,131,0
20210702,0,1,3518.7595000000001,0.66666666666666674,0.0044227802440035546,True,0.43742702161921804,300,platt,132,0,0.0067796096485350874,0,132,0
20210705,-0,0,3534.3222000000001,0.66666666666666674,-0.0011496688106138464,True,0.44221150038624785,300,platt,133,0,-0.0028136323771175823,0,133,0
20210706,0,1,3530.2588999999998,0.66666666666666674,0.0066444418566582453,True,0.44655134952301673,300,platt,134,0,0.0049938116076637916,0,134,0
20210707,-0,0,3553.7154999999998,0.66666666666666674,-0.007938620860336032,True,0.45104660247982648,300,platt,135,0,-0.0062940598176061636,0,135,0
20210708,0,1,3525.5039000000002,0.73333333333333339,-0.00040158798292644349,False,0.4548518530251689,300,platt,136,0,0.0045630351616461565,0,136,0
20210709,0,1,3524.0880999999999,0.66666666666666674,0.0067387929376681033,True,0.4514730509531682,300,platt,137,0,0.0053783432295719273,0,137,0
20210712,-0,0,3547.8362000000002,0.73333333333333339,0.0052669568003167466,False,0.45487690069623493,300,platt,138,0,-0.0045367352486045407,0,138,0
20210713,-0,0,3566.5225,0.66666666666666674,-0.010660636516382604,True,0.45190256342511775,300,platt,139,0,-0.0029619656493045871,0,139,0
20210714,-0,0,3528.5011,0.73333333333333339,0.0102278840156802,False,0.45488061393952772,300,platt,140,0,-0.0043002197203491953,0,140,0
20210715,0,1,3564.5902000000001,0.60833333333333328,-0.0070937747626641512,False,0.45409987664144297,300,platt,141,0,0.006242004731285512,0,141,0
20210716,0,1,3539.3038000000001,0.73333333333333339,-5.1224763469082113e-05,False,0.44704161708742823,300,platt,142,0,0.0034398754834396418,0,142,0
20210719,0,1,3539.1224999999999,0.60833333333333328,-0.00065892039622816867,False,0.44788046253777963,300,platt,143,0,0.0046883630839114621,0,143,0
20210720,-0,0,3536.7905000000001,0.66666666666666674,0.0073147108939586314,False,0.44237012126981257,300,platt,144,0,-0.0035797084826530083,0,144,0
20210721,-0,0,3562.6610999999998,0.59999999999999998,0.0033888432441693261,False,0.4422301385927721,300,platt,145,0,-0.003151601216239914,0,145,0
20210722,-0,0,3574.7343999999998,0.66666666666666674,-0.0068083379844946501,True,0.43613423591681649,300,platt,146,0,-0.0021898499438772938,0,146,0
20210723,0,1,3550.3964000000001,0.66666666666666674,-0.023365137481550002,False,0.44023938793274831,300,platt,147,0,0.0036903068606194403,0,147,0
20210726,-0,0,3467.4409000000001,0.59999999999999998,-0.024876444181067381,True,0.43997633331079716,300,platt,148,0,-0.014142971967900823,0,148,0
20210727,0,1,3381.1833000000001,0.59999999999999998,-0.0057949535004505615,False,0.44380771568564231,300,platt,149,0,0.013248824745193625,0,149,0
20210728,-0,0,3361.5895,0.59999999999999998,0.014913926878936223,False,0.44077121308858908,300,platt,150,0,-0.0093538285812421029,0,150,0
20210729,0,1,3411.7240000000002,0.59166666666666667,-0.0042109502409926058,False,0.43815057328248014,300,platt,151,0,0.0043084497942554173,0,151,0
20210730,-0,0,3397.3573999999999,0.59999999999999998,0.019700017431195205,False,0.43485734754476768,300,platt,152,0,-0.0043763843991355515,0,152,0
20210802,0,1,3464.2854000000002,0.59166666666666667,-0.0047034231071148014,False,0.43231384412594087,300,platt,153,0,0.012063624222080122,0,153,0
20210803,-0,0,3447.9913999999999,0.59999999999999998,0.0084765872675900411,False,0.42913408893295002,300,platt,154,0,-0.0044078632171948356,0,154,0
20210804,-0,0,3477.2186000000002,0.59999999999999998,-0.0030684007039418759,True,0.42642350383227046,300,platt,155,0,-0.0045779839970845832,0,155,0
20210805,0,1,3466.5491000000002,0.59166666666666667,-0.0024004852549183164,False,0.43028751363725132,300,platt,156,0,0.0045920698138016067,0,156,0
20210806,0,1,3458.2276999999999,0.59999999999999998,0.010527675780284795,True,0.42734881462696239,300,platt,157,0,0.00369249354330181,0,157,0
20210809,0,1,3494.6347999999998,0.60833333333333328,0.010100082560844381,True,0.4306375940468426,300,platt,158,0,0.0079825581456103682,0,158,0
20210810,0,1,3529.9308999999998,0.59999999999999998,0.00076216789399463636,True,0.43454572876797631,300,platt,159,0,0.0065013997701231429,0,159,0
20210811,-0,0,3532.6212999999998,0.59999999999999998,-0.0022317421909899826,True,0.43809564158324316,300,platt,160,0,-0.0024571878452055987,0,160,0
20210812,-0,0,3524.7374,0.59999999999999998,-0.0023940790596201911,True,0.44165855699901047,300,platt,161,0,-0.00306837727193154,0,161,0
20210813,0,1,3516.2988999999998,0.59999999999999998,0.00029741498937996269,True,0.44511674104641796,300,platt,162,0,0.0048447836954829794,0,162,0
20210816,0,1,3517.3447000000001,0.59999999999999998,-0.020006199562982885,False,0.44861819503651845,300,platt,163,0,0.0032514879603844937,0,163,0
20210817,-0,0,3446.9760000000001,0.59999999999999998,0.01111406055626718,False,0.44577608177040556,300,platt,164,0,-0.011554723876095047,0,164,0
20210818,0,1,3485.2858999999999,0.59166666666666667,-0.0056613146141037962,False,0.44346134944099963,300,platt,165,0,0.0060824110165805948,0,165,0
20210819,0,1,3465.5545999999999,0.59166666666666667,-0.011028768670965361,False,0.44067482515594486,300,platt,166,0,0.0042153146686993897,0,166,0
20210820,-0,0,3427.3337999999999,0.59166666666666667,0.014529749042827333,False,0.43797320134460405,300,platt,167,0,-0.0072340712955299711,0,167,0
20210823,0,1,3477.1320999999998,0.57499999999999996,0.010738418595025445,True,0.43570313383473336,300,platt,168,0,0.0054534728035111248,0,168,0
20210824,0,1,3514.471,0.59999999999999998,0.0073731437818094214,True,0.4384453869701902,300,platt,169,0,0.0051329614879185061,0,169,0
20210825,0,1,3540.3836999999999,0.59999999999999998,-0.010936498210631806,False,0.44183241708339993,300,platt,170,0,0.003712023150244595,0,170,0
20210826,0,1,3501.6642999999999,0.58333333333333337,0.005852188629275501,True,0.43984782165286535,300,platt,171,0,0.0046953047723003478,0,171,0
20210827,0,1,3522.1567,0.60833333333333328,0.0017019401777325083,True,0.44218943262969257,300,platt,172,0,0.0045505134474893181,0,172,0
20210830,-0,0,3528.1511999999998,0.6166666666666667,0.00447514834398266,False,0.44503863762458495,300,platt,173,0,-0.0032055792051209541,0,173,0
20210831,-0,0,3543.9402,0.6166666666666667,0.006535268286976148,False,0.44248281361217456,300,platt,174,0,-0.0058552195152698971,0,174,0
20210901,0,1,3567.1008000000002,0.6166666666666667,0.0083938754968742035,True,0.43995469951328436,300,platt,175,0,0.008276511514984106,0,175,0
20210902,0,1,3597.0426000000002,0.6166666666666667,-0.0042557738960334879,False,0.44313590878944942,300,platt,176,0,0.0048032336578651986,0,176,0
20210903,0,1,3581.7343999999998,0.59999999999999998,0.01120264528827164,True,0.44137973481767379,300,platt,177,0,0.0054280719670685533,0,177,0
20210906,0,1,3621.8593000000001,0.66666666666666674,0.015110277751540391,True,0.44139695625818109,300,platt,178,0,0.005546351362204844,0,178,0
20210907,0,1,3676.5866000000001,0.66666666666666674,-0.00038081518330079778,False,0.44485986733694294,300,platt,179,0,0.0078874384047563067,0,179,0
20210908,0,1,3675.1864999999998,0.59999999999999998,0.0048822284256868631,True,0.44518379069196984,300,platt,180,0,0.0040465694494539938,0,180,0
20210909,-0,0,3693.1296000000002,0.59999999999999998,0.0027025046724598045,False,0.44827506381639826,300,platt,181,0,-0.0036775100938204008,0,181,0
20210910,0,1,3703.1102999999998,0.60833333333333328,0.0033112705284528143,True,0.44540446632041603,300,platt,182,0,0.0048427613536591941,0,182,0
20210913,-0,0,3715.3723,0.60833333333333328,-0.014203367990873961,True,0.4484368475226409,300,platt,183,0,-0.0028168547915694581,0,183,0
20210914,0,1,3662.6015000000002,0.64166666666666672,-0.0017414670965433254,False,0.44981563093818439,300,platt,184,0,0.0081270652450318673,0,184,0
20210915,0,1,3656.2231999999999,0.64166666666666672,-0.013437636958268828,False,0.44731358587647285,300,platt,185,0,0.0046726948557066555,0,185,0
20210916,0,1,3607.0922,0.6333333333333333,0.0019057178521801887,True,0.44528781593116046,300,platt,186,0,0.0086127961677482483,0,186,0
20210917,0,1,3613.9663,0.6333333333333333,0.0040186871692744486,True,0.44829120665074013,300,platt,187,0,0.0062325430534195007,0,187,0
20210922,0,1,3628.4897000000001,0.6333333333333333,0.0037841364135606792,True,0.4512624174779275,300,platt,188,0,0.0082413134077945743,0,188,0
20210923,-0,0,3642.2204000000002,0.6166666666666667,-0.0080042108379821952,True,0.45499387218797266,300,platt,189,0,-0.0045827936295517631,0,189,0
20210924,-0,0,3613.0673000000002,0.60833333333333328,-0.0083686788784699262,True,0.45825495765284124,300,platt,190,0,-0.0052380312577397269,0,190,0
20210927,0,1,3582.8307,0.6166666666666667,0.0054112799692154212,True,0.46069175306906185,300,platt,191,0,0.0097867985499441486,0,191,0
20210928,-0,0,3602.2184000000002,0.6166666666666667,-0.018300944773365191,True,0.46350259218581297,300,platt,192,0,-0.0050451701592522519,0,192,0
20210929,-0,0,3536.2944000000002,0.625,0.0090129373843987892,False,0.46588193543497647,300,platt,193,0,-0.0067729369224909667,0,193,0
20210930,-0,0,3568.1668,0.625,0.0067260869082690355,False,0.46347021338032784,300,platt,194,0,-0.0036908922065004568,0,194,0
20211008,-0,0,3592.1666,0.625,-0.00012747181603434132,True,0.4610838359605996,300,platt,195,0,-0.0049137650751200123,0,195,0
20211011,-0,0,3591.7087000000001,0.6333333333333333,-0.012465515368771385,True,0.46343368784267752,300,platt,196,0,-0.0033690683531127225,0,196,0
20211012,-0,0,3546.9362000000001,0.6333333333333333,0.0041799736910970164,False,0.46619318546074651,300,platt,197,0,-0.008383328194503584,0,197,0
20211013,-0,0,3561.7622999999999,0.6333333333333333,-0.00097783055315059375,True,0.46380837204229658,300,platt,198,0,-0.0065012286745402713,0,198,0
20211014,-0,0,3558.2795000000001,0.6333333333333333,0.0039588514617807657,False,0.46653806494486566,300,platt,199,0,-0.0027308250335005137,0,199,0
20211015,0,1,3572.3661999999999,0.625,-0.0011836132589093662,False,0.46458228369790783,300,platt,200,0,0.0043592166071257507,0,200,0
20211018,-0,0,3568.1379000000002,0.625,0.0070107716408605025,False,0.46226116022715397,300,platt,201,0,-0.0038188884126330062,0,201,0
20211019,-0,0,3593.1532999999999,0.6166666666666667,-0.0017122564740000845,True,0.46038461047837642,300,platt,202,0,-0.0043651764288017642,0,202,0
20211020,-0,0,3587.0009,0.6166666666666667,0.0021695561882908443,False,0.46304833861003614,300,platt,203,0,-0.0025734235410853649,0,203,0
20211021,-0,0,3594.7831000000001,0.60833333333333328,-0.0033881042781135351,True,0.46119459669564972,300,platt,204,0,-0.0041519081031216269,0,204,0
20211022,0,1,3582.6035999999999,0.60833333333333328,0.0076087122784112005,True,0.4638407726370935,300,platt,205,0,0.0034480788443755892,0,205,0
20211025,-0,0,3609.8625999999999,0.60833333333333328,-0.0033865277864038035,True,0.46646171795466557,300,platt,206,0,-0.0056070099319082221,0,206,0
20211026,0,1,3597.6377000000002,0.60833333333333328,-0.009821027837239038,False,0.46905401321684631,300,platt,207,0,0.0042072326027278555,0,207,0
20211027,0,1,3562.3051999999998,0.60833333333333328,-0.012320280699138264,False,0.46678713585236159,300,platt,208,0,0.004352751127472027,0,208,0
20211028,0,1,3518.4166,0.625,0.0082194644033910524,True,0.46367640867974663,300,platt,209,0,0.0051419420681187685,0,209,0
20211029,0,1,3547.3361,0.6333333333333333,-0.00080528033416404909,False,0.46582052439893556,300,platt,210,0,0.0053471877646918244,0,210,0
20211101,0,1,3544.4794999999999,0.66666666666666663,-0.010961045197186214,False,0.46183547742157555,300,platt,211,0,0.0044711888185759371,0,211,0
20211102,-0,0,3505.6282999999999,0.59999999999999998,-0.0020228898768303027,True,0.46324892359639847,300,platt,212,0,-0.009887815741991806,0,212,0
20211103,-0,0,3498.5367999999999,0.59999999999999998,0.0080973565863307062,False,0.46578170775553451,300,platt,213,0,-0.003900974639780857,0,213,0
20211104,-0,0,3526.8656999999998,0.59999999999999998,-0.010008319851816272,True,0.4635156577850878,300,platt,214,0,-0.0030125674577110031,0,214,0
20211105,0,1,3491.5677000000001,0.59999999999999998,0.0020229022052185019,True,0.46612095682798876,300,platt,215,0,0.0042084693735036163,0,215,0
20211108,0,1,3498.6307999999999,0.59999999999999998,0.0023926502905080582,True,0.46864021622245317,300,platt,216,0,0.002807223279322273,0,216,0
20211109,0,1,3507.0018,0.59999999999999998,-0.0041460486276340136,False,0.47112270422828378,300,platt,217,0,0.0031456010701359049,0,217,0
20211110,0,1,3492.4616000000001,0.59999999999999998,0.011546068251688135,True,0.46892992556569474,300,platt,218,0,0.0061170769501873966,0,218,0
20211111,0,1,3532.7858000000001,0.59999999999999998,0.001787371314728281,True,0.4713914155818808,300,platt,219,0,0.0061915064211588555,0,219,0
20211112,0,1,3539.1001999999999,0.66666666666666674,-0.0016381565009094823,False,0.46937841659312285,300,platt,220,0,0.0019414746470392482,0,220,0
20211115,0,1,3533.3026,0.66666666666666674,-0.0032592453304168822,False,0.46697213553763717,300,platt,221,0,0.0035443450174615725,0,221,0
20211116,0,1,3521.7867000000001,0.5625,0.0044237488885967569,True,0.47260114882701604,300,platt,222,0,0.0038887036996397232,0,222,0
20211117,0,1,3537.3661999999999,0.59375,-0.0047084749099485235,False,0.47274695319942789,300,platt,223,0,0.0028988985816113038,0,223,0
20211118,0,1,3520.7105999999999,0.57575757575757569,0.01126556667281875,True,0.4720617056400021,300,platt,224,0,0.003018043893405761,0,224,0
20211119,0,1,3560.3733999999999,0.58823529411764708,0.0060966358191529846,True,0.47350649172313969,300,platt,225,0,0.0053173035698770134,0,225,0
20211122,0,1,3582.0796999999998,0.59999999999999998,0.001956879965568703,True,0.47483241093614803,300,platt,226,0,0.0026852463551270901,0,226,0
20211123,-0,0,3589.0893999999998,0.61111111111111116,0.001006689886298151,False,0.47624813655248543,300,platt,227,0,-0.0025043173131199994,0,227,0
20211124,0,1,3592.7024999999999,0.59459459459459452,-0.0023725037071674615,False,0.47565734875461119,300,platt,228,0,0.0032681143918898044,0,228,0
20211125,0,1,3584.1788000000001,0.57894736842105265,-0.0056050217137605385,False,0.47487521532493393,300,platt,229,0,0.0021026410068231039,0,229,0
20211126,0,1,3564.0893999999998,0.5641025641025641,-0.00039073093957731064,False,0.47394274841239009,300,platt,230,0,0.0025462544955162651,0,230,0
20211129,-0,0,3562.6968000000002,0.55000000000000004,0.00033412891043660409,False,0.47270495347220892,300,platt,231,0,-0.0044724373607307067,0,231,0
20211130,0,1,3563.8872000000001,0.64166666666666672,0.0036471693043482745,True,0.46363125940825939,300,platt,232,0,0.0042871332476163366,0,232,0
20211201,0,1,3576.8852999999999,0.6166666666666667,-0.00085255739120293494,False,0.46772886078683718,300,platt,233,0,0.0021758249706083478,0,233,0
20211202,0,1,3573.8357999999998,0.59999999999999998,0.0094006557324206597,True,0.46687294538804364,300,platt,234,0,0.0023619541126177167,0,234,0
20211203,0,1,3607.4322000000002,0.59999999999999998,-0.0050246543788128317,False,0.46917194227545139,300,platt,235,0,0.0041955441486337458,0,235,0
20211206,0,1,3589.3060999999998,0.59166666666666667,0.0016109241839252775,True,0.46772948274189452,300,platt,236,0,0.0046978176978615628,0,236,0
20211207,-0,0,3595.0882000000001,0.6166666666666667,0.011815927075168764,False,0.46824802635453144,300,platt,237,0,-0.0049633133045951343,0,237,0
20211208,0,1,3637.5675000000001,0.59999999999999998,0.0097520389656000628,True,0.46747570963628771,300,platt,238,0,0.0053910221658845315,0,238,0
20211209,0,1,3673.0412000000001,0.59999999999999998,-0.0018222774087042204,False,0.46973675455807934,300,platt,239,0,0.0058080873515002247,0,239,0
20211210,-0,0,3666.3479000000002,0.59999999999999998,0.0040187402837574826,False,0.46774620820225471,300,platt,240,0,-0.0019256933877951109,0,240,0
20211213,-0,0,3681.0819999999999,0.56000000000000005,-0.005312758585655053,True,0.46860728343207525,300,platt,241,0,-0.003590244784097041,0,241,0
20211214,-0,0,3661.5252999999998,0.56862745098039214,-0.0037948665819679261,True,0.47050574031133069,300,platt,242,0,-0.001980260357439281,0,242,0
20211215,-0,0,3647.6302999999998,0.57692307692307687,0.0075078058212205701,False,0.47217870672588647,300,platt,243,0,-0.002691950533783077,0,243,0
20211216,-0,0,3675.0160000000001,0.56603773584905659,-0.011605990286845058,True,0.47102359619284945,300,platt,244,0,-0.0035213515789269847,0,244,0
20211217,-0,0,3632.3638000000001,0.57407407407407407,-0.010671260406240113,True,0.47273564030850579,300,platt,245,0,-0.0049567810133444015,0,245,0
20211220,-0,0,3593.6019000000001,0.58181818181818179,0.0087720345428357049,False,0.47444023226999271,300,platt,246,0,-0.0065211111794657804,0,246,0
20211221,0,1,3625.1251000000002,0.5714285714285714,-0.00069164509660646356,False,0.47325041987982969,300,platt,247,0,0.0042245622201658182,0,247,0
20211222,0,1,3622.6178,0.56140350877192979,0.0057199796235749556,True,0.47200101817836965,300,platt,248,0,0.0022929973033990621,0,248,0
20211223,0,1,3643.3391000000001,0.56896551724137934,-0.0069402268924131372,False,0.47377398360878936,300,platt,249,0,0.0030006613774339144,0,249,0
20211224,0,1,3618.0535,0.55932203389830515,-0.00057472892537380194,False,0.47247787629061244,300,platt,250,0,0.0043887968158015924,0,250,0
20211227,0,1,3615.9740999999999,0.55000000000000004,0.003909707207250257,True,0.47098681416939991,300,platt,251,0,0.0036042039456570694,0,251,0
20211228,0,1,3630.1115,0.55737704918032782,-0.009121290076076205,False,0.47295491284908514,300,platt,252,0,0.0028012848628244887,0,252,0
20211229,0,1,3597.0001999999999,0.54838709677419351,0.0061685845889027924,True,0.47144673249771341,300,platt,253,0,0.004148100114990819,0,252,0
20211230,0,1,3619.1886,0.55555555555555558,0.005688236307994643,True,0.47341982204398869,300,platt,254,0,0.0039988949628489553,0,252,0
20211231,-0,0,3639.7754,0.5625,-0.0020458679950416947,True,0.47522183163454229,300,platt,255,0,-0.0021313876606317995,0,252,0
20220104,-0,0,3632.3289,0.56923076923076921,-0.010228368912297503,True,0.47688968140095495,300,platt,256,0,-0.004963766882068078,0,252,0
20220105,-0,0,3595.1761000000001,0.57575757575757569,-0.0025303072080391509,True,0.47849205395885674,300,platt,257,0,-0.0053998562532517301,0,252,0
20220106,-0,0,3586.0792000000001,0.58208955223880599,-0.0018227427882797631,True,0.47998395034991692,300,platt,258,0,-0.0041510948247657949,0,252,0
20220107,0,1,3579.5427,0.58823529411764708,0.0039044093537423663,True,0.48140777851995376,300,platt,259,0,0.0036109230607544412,0,252,0
20220110,0,1,3593.5187000000001,0.58823529411764708,-0.0072568983709476731,False,0.48341215630348733,300,platt,260,0,0.0046796931802979809,0,252,0
20220111,0,1,3567.4409000000001,0.57352941176470584,0.0084069227327634444,True,0.48320607707555635,300,platt,261,0,0.0048451702418870566,0,252,0
20220112,-0,0,3597.4321,0.57971014492753625,-0.011723251149062697,True,0.48458288415355327,300,platt,262,0,-0.0032922445881925061,0,252,0
20220113,-0,0,3555.2584999999999,0.59420289855072461,-0.0095640302948434286,True,0.48493379355349858,300,platt,263,0,-0.0056193218990115536,0,252,0
20220114,-0,0,3521.2559000000001,0.60869565217391308,0.0057962558188400237,False,0.48516079850627086,300,platt,264,0,-0.0035956699976009685,0,252,0
20220117,0,1,3541.6660000000002,0.60869565217391308,0.00797602032489797,True,0.48330748859444206,300,platt,265,0,0.0032760088615612494,0,252,0
20220118,-0,0,3569.9144000000001,0.62318840579710144,-0.0032871376411715003,True,0.48349709425481441,300,platt,266,0,-0.0058587343499318144,0,252,0
20220119,0,1,3558.1795999999999,0.6376811594202898,-0.00087592543108283571,False,0.48372249305906284,300,platt,267,0,0.004534482554939206,0,252,0
20220120,-0,0,3555.0628999999999,0.6376811594202898,-0.0091404852499233913,True,0.48181487819391355,300,platt,268,0,-0.0043707985967076186,0,252,0
20220121,0,1,3522.5679,0.64285714285714279,0.00043635780590633999,True,0.48319182147464962,300,platt,269,0,0.0039683285736822841,0,252,0
20220124,0,1,3524.105,0.647887323943662,-0.025834587788956309,False,0.48455851432865171,300,platt,270,0,0.0038922886881320551,0,252,0
20220125,0,1,3433.0612000000001,0.60833333333333328,0.0065849976691356726,True,0.48746753038531082,300,platt,271,0,0.011035206519184751,0,252,0
20220126,-0.00015646934390572146,0,3455.1271939109311,0.60833333333333328,-0.017773843371928111,True,0.48929653690003488,300,platt,272,0,-0.0056049341414549985,0.027916357258945989,252,0
20220127,0.00023104375095613541,1,3395.0316196509689,0.6166666666666667,-0.0096656772868118912,False,0.49020937635871681,300,platt,273,0,0.0082762857923411853,0.027916357258945989,252,0
20220128,7.4797278461369281e-06,1,3361.4648426541276,0.58333333333333337,0.020271433100525371,True,0.4925098460084652,300,platt,274,0,0.0078608913785517803,0.00095151141084904873,252,0
20220207,3.185025960370597e-06,1,3429.5918233041994,0.59166666666666667,0.0067203255068279955,True,0.49340458094161588,300,platt,275,0,0.0033473334361051412,0.00095151141084904873,252,0
20220208,7.5731680625933281e-06,1,3452.6549473381601,0.59166666666666667,0.0079119423437585823,True,0.49529985081948191,300,platt,276,0,0.0079590932659816139,0.00095151141084904873,252,0
20220209,-0.00013303944916061403,0,3479.4828299276592,0.59999999999999998,0.0017130439215460314,False,0.49601623233893571,300,platt,277,0,-0.0051283853893045192,0.025941780709007135,252,0
20220210,2.9413331231155684e-06,1,3485.9173532140171,0.59999999999999998,-0.0065862914132163164,False,0.49419394714901788,300,platt,278,0,0.0030912221225922768,0.00095151141084904873,252,0
20220211,0,1,3462.9479000000001,0.59999999999999998,-0.0098372256770020705,False,0.49247663025317906,300,platt,279,0,0.0051742209079632057,0,252,0
20220214,-0,0,3428.8820999999998,0.6333333333333333,0.0050180786326832205,False,0.48644933400380413,300,platt,280,0,-0.0053479620176065867,0,252,0
20220215,-0,0,3446.0884999999998,0.6333333333333333,0.0057288139872206933,False,0.4847220386915112,300,platt,281,0,-0.0032827655114056518,0,252,0
20220216,-0,0,3465.8305,0.68333333333333335,0.00063618229454687203,False,0.47627473341853838,300,platt,282,0,-0.0026823385497212909,0,252,0
20220217,0,1,3468.0354000000002,0.68333333333333335,0.0065518074008126259,True,0.47415076783526483,300,platt,283,0,0.0033646282170011269,0,252,0
20220218,-0,0,3490.7573000000002,0.59166666666666667,-4.1538264490714738e-05,True,0.48857006958092086,300,platt,284,0,-0.0054879279708431108,0,252,0
20220221,-2.444227886593012e-06,0,3490.6037681480748,0.6333333333333333,-0.0095875156344346069,True,0.4848554767647178,300,platt,285,0,-0.0025687846290902479,0.00095151141084904873,252,0
20220222,3.4260940102954434e-05,1,3457.2644450720331,0.66666666666666663,0.0092563345603569047,True,0.48230188542500846,300,platt,286,0,0.0045264667121664055,0.0075690250876840883,252,0
20220223,-0.00010636287187697486,0,3488.7753843578603,0.60833333333333328,-0.016964062701293803,True,0.49174064486546964,300,platt,287,0,-0.0041000605575254537,0.025941780709007135,252,0
20220224,0.00039443444911840825,1,3431.3092929631343,0.60833333333333328,0.0062536363435989895,True,0.49353292887078054,300,platt,288,0,0.011128303752150723,0.035444256187038163,252,0
20220225,0.00017710362884030127,1,3452.0173565449118,0.6166666666666667,0.0031582200657291892,True,0.49420853403843179,300,platt,289,0,0.0049966806442694493,0.035444256187038163,252,0
20220228,-0.00017220722067277488,0,3461.7101658377383,0.6166666666666667,0.0076620312979809313,False,0.49597113446875218,300,platt,290,0,-0.004667189974373538,0.036897409708695157,252,0
20220301,-0.00011812930682221516,0,3488.4225663752718,0.6166666666666667,-0.0013308455112532869,True,0.49425122271705973,300,platt,291,0,-0.0032015609701289433,0.036897409708695157,252,0
20220302,-8.7808759527132672e-05,0,3483.8856574576489,0.6166666666666667,-0.00088373440771738476,True,0.49599792415366573,300,platt,292,0,-0.0024773762796366432,0.035444256187038163,252,0
20220303,0.00020929208347302515,1,3481.8410692879293,0.59166666666666667,-0.0096128751943524993,False,0.50088248627050402,300,platt,293,0,0.0034092931083186625,0.061388703412550025,252,0
20220304,-0.00016855369537245219,0,3447.0678860207026,0.65833333333333333,-0.021694145778761054,True,0.49094257378424916,300,platt,294,0,-0.0047554586696078463,0.035444256187038163,252,0
20220307,0.00062524138518724149,1,3374.9640486572839,0.66666666666666663,-0.023518679366964834,False,0.49199762855593893,300,platt,295,0,0.01018495831367274,0.061388703412550025,252,0
20220308,0.00079377239653706023,1,3296.1444132805436,0.66666666666666663,-0.011277170352868571,False,0.48995240073547447,300,platt,296,0,0.012930268150520752,0.061388703412550025,252,0
20220309,0.00075489401978964777,1,3258.8466281292722,0.65833333333333333,0.01219258734615325,True,0.48902838119892156,300,platt,297,0,0.021298063522791875,0.035444256187038163,252,0
20220310,0.00016556615717635837,1,3296.6379213192531,0.65833333333333333,0.004142632903290755,True,0.49100560877888022,300,platt,298,0,0.0046711703104353854,0.035444256187038163,252,0
20220311,-0.00045586590884138579,0,3308.2378993125699,0.66666666666666663,-0.02604848884659372,True,0.49201602070812717,300,platt,299,0,-0.012861488937327293,0.035444256187038163,252,0
20220314,-0.0006160330022022258,0,3221.5469974115185,0.66666666666666663,-0.049500845780132807,True,0.49405030444660963,300,platt,300,0,-0.010034957051663138,0.061388703412550025,252,0
20220315,0.0020891366301987891,1,3070.3662419329744,0.66666666666666663,0.034838874801841779,True,0.49437038369114678,300,platt,300,0,0.018999042693242492,0.10996009977607163,252,0
20220316,-0.0032152847150711135,0,3160.5155636364916,0.67500000000000004,0.013982419018224279,False,0.49722207350498077,300,platt,300,0,-0.021377222381812909,0.15040703874637054,252,0
20220317,-0.00086064350996410558,0,3212.2774928168292,0.65000000000000002,0.011206034628758577,False,0.49614694303106788,300,platt,300,0,-0.0078268709442494509,0.10996009977607163,252,0
20220318,0.00094237926728684654,1,3254.1361432262088,0.625,0.00080382706949255756,True,0.49879417119062353,300,platt,300,0,0.0085701929082090313,0.10996009977607163,252,0
20220321,-0.00055729127875743783,0,3251.8724493355721,0.625,0.0018982165364036518,False,0.50205102078194241,300,platt,300,0,-0.0059416931156956471,0.093793346089398419,252,0
20220322,-0.00049784403908077431,0,3258.2389971848584,0.59999999999999998,0.0034267095793230062,False,0.50487181314142748,300,platt,300,0,-0.0053078822735064604,0.093793346089398419,252,0
20220323,-0.00040902885556236003,0,3269.6945533200173,0.59999999999999998,-0.0063490961951615521,True,0.50476512047059463,300,platt,300,0,-0.0037197934195706199,0.10996009977607163,252,0
20220324,-0.00047661333139580964,0,3248.7152806563986,0.60833333333333328,-0.011698894403790683,True,0.50721529619797701,300,platt,300,0,-0.0040655790247655704,0.11723135339210192,252,0
20220325,0.00093296104105985967,1,3215.2367946812378,0.6166666666666667,0.00070443057506386353,True,0.50973841107295281,300,platt,300,0,0.0062029081141149241,0.15040703874637054,252,0
20220328,-0.001439617173729307,0,3209.8750467080808,0.65833333333333333,-0.0032861692727773617,True,0.50499132823395565,300,platt,300,0,-0.0095714747509716945,0.15040703874637054,252,0
20220329,-0.00067026383931027649,0,3201.791815343865,0.65833333333333333,0.019556113313382584,False,0.5047620009696423,300,platt,300,0,-0.0044531401940190399,0.15051487492140939,252,0
20220330,-0.0010130643620891377,0,3263.2866281083634,0.65000000000000002,-0.0044061158590199545,True,0.50600836383610515,300,platt,300,0,-0.0067306594289641098,0.15051487492140939,252,0
20220331,-0.00052421673534064188,0,3250.4980408130968,0.65833333333333333,0.0093824711859151755,False,0.50499018274480112,300,platt,300,0,-0.0034828234459508343,0.15051487492140939,252,0
20220401,-0.001221326468565608,0,3278.7073313276205,0.65000000000000002,0.00021613196826075765,False,0.50567555933643493,300,platt,300,0,-0.0081143240440741671,0.15051487492140939,252,0
20220406,-0.00064752310328213046,0,3281.3000057423305,0.66666666666666663,-0.014232389758977781,True,0.49966777379197264,300,platt,300,0,-0.0043051383012336301,0.15040703874637054,252,0
20220407,0.001093237468416925,1,3240.2335763571614,0.64166666666666672,0.0046822760661020535,True,0.50639262540196395,300,platt,300,0,0.0072633184526629249,0.15051487492140939,252,0
20220408,-0.0010534856735170219,0,3248.4244224018762,0.65000000000000002,-0.026054182938685111,True,0.50892802902955026,300,platt,300,0,-0.0065356718564061611,0.16119011123308036,252,0
20220411,0.0023470545421944802,1,3174.5593172292965,0.625,0.014588494887430858,True,0.51190041520321738,300,platt,300,0,0.01147232141276407,0.2045840992201591,252,0
20220412,-0.0020432734066319577,0,3206.7637892859038,0.625,-0.0082484849437319818,True,0.51536103047074677,300,platt,300,0,-0.0099874497305537397,0.2045840992201591,252,0
20220413,0.0012690901395912585,1,3190.8687674226489,0.625,0.012180401279719089,True,0.51866122729206543,300,platt,300,0,0.00573558917879371,0.22126587174051565,252,0
20220414,-0.0011891581681082724,0,3221.8054024196335,0.625,-0.0044631126363341433,True,0.51870281364039161,300,platt,300,0,-0.0053743406461834731,0.22126587174051565,252,0
20220415,0.00089802248750008051,1,3214.1285700432677,0.6333333333333333,-0.0048955470476744756,False,0.5178515273513763,300,platt,300,0,0.0040237565752466011,0.22318012302845236,252,0
20220418,-0.0011263738685620482,0,3191.9246452700368,0.625,-0.00046793577516557328,True,0.51549158334064804,300,platt,300,0,-0.0050469273574979216,0.22318012302845236,252,0
20220419,-0.0009940701841636018,0,3190.8536113019668,0.6333333333333333,-0.013456015595601944,True,0.51457525065804588,300,platt,300,0,-0.0044926502959723238,0.22126587174051565,252,0
20220420,0.0015348700535479786,1,3155.8862519752583,0.6333333333333333,-0.022609004783104347,False,0.51793233458450005,300,platt,300,0,0.0068772703981003899,0.22318012302845236,252,0
20220421,0.0028480680788350206,1,3088.57920199932,0.625,0.0023091052080947971,True,0.51547256385767903,300,platt,300,0,0.01287170071205118,0.22126587174051565,252,0
20220422,-0.0016165438735309655,0,3081.9291595175005,0.625,-0.05131572438579779,True,0.51547810759482704,300,platt,300,0,-0.0079016105342153403,0.2045840992201591,252,0
20220425,0.0037755095799941484,1,2939.5684243560258,0.6333333333333333,-0.014371156025391629,False,0.5144297007355475,300,platt,300,0,0.017063226019879779,0.22126587174051565,252,0
20220426,0.002139808917303749,1,2892.6020994519945,0.6333333333333333,0.024894560771129726,True,0.51457215058839012,300,platt,300,0,0.01192798832550266,0.17939394799110644,252,0
20220427,-0.0028627351420217086,0,2949.8132221585897,0.6333333333333333,0.0058151318907393446,False,0.51806965979589037,300,platt,300,0,-0.0139929503462585,0.2045840992201591,252,0
20220428,-0.0014285055761390348,0,2971.2343033714833,0.625,0.02405577739802256,False,0.51889811141115638,300,platt,300,0,-0.0079629529988929932,0.17939394799110644,252,0
20220429,-0.0020402923010950568,0,3040.8455020443234,0.6166666666666667,0.0067922140353935401,False,0.51633358643868554,300,platt,300,0,-0.011373250457681023,0.17939394799110644,252,0
20220505,-0.0010124691492685374,0,3064.6526889588495,0.6166666666666667,-0.021578685442241508,True,0.51633104688574349,300,platt,300,0,-0.0056438311359240014,0.17939394799110644,252,0
20220506,0.00097967602699280715,1,3004.5010568654188,0.6166666666666667,0.00085968615325260345,True,0.51966732297610174,300,platt,300,0,0.0054610316455122286,0.17939394799110644,252,0
20220509,-0.00083284912594416556,0,3001.6389038772218,0.6166666666666667,0.010553200084590042,False,0.52300131914824521,300,platt,300,0,-0.0046425709187550438,0.17939394799110644,252,0
20220510,-0.0022031731568094527,0,3029.1557095503044,0.6333333333333333,0.0075295365947962711,False,0.52151705845079777,300,platt,300,0,-0.01228120113014446,0.17939394799110644,252,0
20220511,0.0016764412995193827,1,3063.8304355292312,0.59999999999999998,-0.0012125075117629391,False,0.52468844370936873,300,platt,300,0,0.0093450270663673288,0.17939394799110644,252,0
20220512,0.00087067227982614572,1,3057.6538985908355,0.59166666666666667,0.0095877438711826635,True,0.52544957365991973,300,platt,300,0,0.0055308194217288456,0.15742193216534042,252,0
20220513,0.0006720125614047823,1,3086.3571779269464,0.59999999999999998,-0.0034159300155353067,False,0.52806740500798111,300,platt,300,0,0.0037460157877683684,0.17939394799110644,252,0
20220516,-0.00098531414980431776,0,3070.720191814416,0.59999999999999998,0.006489697531561589,False,0.52465141020642891,300,platt,300,0,-0.0054924603691377891,0.17939394799110644,252,0
20220517,-0.00078969039633677884,0,3091.253437584769,0.64166666666666672,-0.0024952997166981516,True,0.52053258230153154,300,platt,300,0,-0.0050163937481555376,0.15742193216534042,252,0
20220518,0.00075729776476171314,1,3088.3138033327464,0.6166666666666667,0.0035606230092204427,True,0.52306049604928351,300,platt,300,0,0.0048106242525744287,0.15742193216534042,252,0
20220519,-0.0013528832745011382,0,3092.7749681203613,0.6166666666666667,0.016016488143488106,False,0.52636582930296916,300,platt,300,0,-0.0075414097836132583,0.17939394799110644,252,0
20220520,0.00084887020177023956,1,3149.2383272188345,0.60833333333333328,9.2163927337463036e-05,True,0.5271239407686269,300,platt,300,0,0.0053923248818892036,0.15742193216534042,252,0
20220523,0.00048554687907191487,1,3148.3852467408997,0.60833333333333328,-0.024128866599702481,False,0.5271292655217118,300,platt,300,0,0.003084366151483546,0.15742193216534042,252,0
20220524,0.0017305950703351649,1,3076.2417314736786,0.60833333333333328,0.011897677027316034,True,0.52380734227707204,300,platt,300,0,0.011506077672690872,0.15040703874637054,252,0
20220525,0.00093431516599493298,1,3110.3674508364147,0.6166666666666667,0.005034265721685971,True,0.52310370396412409,300,platt,300,0,0.005208175506797209,0.17939394799110644,252,0
20220526,0.0013259837037594895,1,3127.2490901804827,0.625,0.002283462572650885,True,0.52570489927147113,300,platt,300,0,0.0073914628593001689,0.17939394799110644,252,0
20220527,0.0010788740360745128,1,3133.6165340153575,0.625,0.0060127350003964519,True,0.52574328908391799,300,platt,300,0,0.0052734989678425792,0.2045840992201591,252,0
20220530,-0.00077268997063075591,0,3146.6274523802026,0.625,0.011865887500993599,False,0.52907132229637499,300,platt,300,0,-0.0037768818474951025,0.2045840992201591,252,0
20220531,0.0012833676245854904,1,3190.5164573782422,0.625,-0.001340215817270729,False,0.52576658648146013,300,platt,300,0,0.0062730565546270534,0.2045840992201591,252,0
20220601,0.00084256381390784374,1,3184.8377700013475,0.625,0.0041799954156875874,True,0.52574901582458955,300,platt,300,0,0.004118422776352406,0.2045840992201591,252,0
20220602,0.00092025804511880916,1,3198.3986459323396,0.6333333333333333,0.012803767096923213,True,0.52510114286191878,300,platt,300,0,0.0044981894909070707,0.2045840992201591,252,0
20220606,0.0015034284350893656,1,3241.2375535409847,0.64166666666666672,0.0016659395664633259,True,0.52775682560417658,300,platt,300,0,0.0073487061840103269,0.2045840992201591,252,0
20220607,0.0008912797044942646,1,3244.65281801432,0.65000000000000002,0.0067956530450170582,True,0.52728898147071757,300,platt,300,0,0.004028093883088721,0.22126587174051565,252,0
20220608,0.0014724564335234537,1,3268.5991935895217,0.65000000000000002,-0.0076105001008949236,False,0.53068167055517657,300,platt,300,0,0.0066546929354303784,0.22126587174051565,252,0
20220609,0.0013796806221998321,1,3243.4230224839002,0.65000000000000002,0.014165003810026056,True,0.53044240777510354,300,platt,300,0,0.0062353973134086403,0.22126587174051565,252,0
20220610,0.0021918419002184622,1,3292.0339370156466,0.65833333333333333,-0.0089146054590701906,False,0.53311539461518298,300,platt,300,0,0.0099059194397086835,0.22126587174051565,252,0
20220613,0.0011789143279294641,1,3259.3891158370966,0.65833333333333333,0.010245730745863435,True,0.53273868832704807,300,platt,300,0,0.005762492453828481,0.2045840992201591,252,0
20220614,0.0025009483114629724,1,3297.1319854078297,0.65833333333333333,0.0050168648753965428,True,0.53633820563826928,300,platt,300,0,0.012224548833443927,0.2045840992201591,252,0
20220615,0.0020032664105735327,1,3312.028210015068,0.66666666666666663,-0.0060573788410780427,False,0.53596201073666838,300,platt,300,0,0.0090536619805643426,0.22126587174051565,252,0
20220616,0.0011301144684527039,1,3289.0973605578806,0.65833333333333333,0.0095578462733965086,True,0.5366202514914542,300,platt,300,0,0.0055239604287943885,0.2045840992201591,252,0
20220617,0.0016074560074326562,1,3322.1172870988316,0.65833333333333333,-0.000408678800080442,False,0.53657966364045906,300,platt,300,0,0.0078571893590949331,0.2045840992201591,252,0
20220620,0.0010872548082376966,1,3319.034917426326,0.65833333333333333,-0.0026275926424268459,False,0.53662124287322488,300,platt,300,0,0.0053144638922679368,0.2045840992201591,252,0
20220621,0.0013138627378552474,1,3311.063174353113,0.65000000000000002,-0.011950517954566919,False,0.53731173812865385,300,platt,300,0,0.0064221156134004346,0.2045840992201591,252,0
20220622,0.0010491799365835199,1,3270.6294823674934,0.64166666666666672,0.016205642161781553,True,0.53446105184962833,300,platt,300,0,0.0058484689608120644,0.17939394799110644,252,0
20220623,0.0015355859122079295,1,3325.2470735701559,0.65000000000000002,0.0089147513182163962,True,0.53710950775475941,300,platt,300,0,0.0075058908197720648,0.2045840992201591,252,0
20220624,0.00088790015012984915,1,3352.7212408641967,0.65000000000000002,0.0087881860928602507,True,0.54048721462717997,300,platt,300,0,0.0043400252195277067,0.2045840992201591,252,0
20220627,0.00076485534074073559,1,3381.7697878475719,0.65833333333333333,0.008885307617942928,True,0.54002970840616593,300,platt,300,0,0.0037385864476087742,0.2045840992201591,252,0
20220628,0.0013799340892812625,1,3413.9147855104989,0.65833333333333333,-0.013989339408014945,False,0.54344539325417762,300,platt,300,0,0.00674507009362577,0.2045840992201591,252,0
20220629,0.0014779693216750199,1,3366.4859200348678,0.65000000000000002,0.011036205461598669,True,0.5441178868021026,300,platt,300,0,0.007224262918324521,0.2045840992201591,252,0
20220630,0.0016345342633403504,1,3404.1712544633906,0.65833333333333333,-0.0032303736806285066,False,0.54371817820565937,300,platt,300,0,0.0073871955511386408,0.22126587174051565,252,0
20220701,0.00066956485616328099,1,3389.9055428815077,0.65000000000000002,0.0052512705536689186,True,0.54407547848883475,300,platt,300,0,0.0032728098552895946,0.2045840992201591,252,0
20220704,0.0010759782480288789,1,3409.090865054457,0.65833333333333333,-0.00041154901381368347,False,0.54361947597169757,300,platt,300,0,0.0052593444560468322,0.2045840992201591,252,0
20220705,0.0013650828569535521,1,3408.6719764451582,0.65833333333333333,-0.01429939472833508,False,0.54007532207453668,300,platt,300,0,0.0066724777837428376,0.2045840992201591,252,0
20220706,0.001519455840004108,1,3360.448005696921,0.65000000000000002,0.0026966786800195486,True,0.53720076822767981,300,platt,300,0,0.0074270475848124242,0.2045840992201591,252,0
20220707,0.0011355521064059992,1,3368.2184492356882,0.65000000000000002,-0.0024730130026233699,False,0.53691829907882804,300,platt,300,0,0.005550539415010926,0.2045840992201591,252,0
20220708,-0.00084081704752205801,0,3353.2559525729494,0.64166666666666672,-0.012661744611522474,True,0.53788945319371517,300,platt,300,0,-0.0041098846426829557,0.2045840992201591,252,0
20220711,-0.0011674287999802583,0,3309.7156266072461,0.64166666666666672,-0.0096926771737188,True,0.53763971580011705,300,platt,300,0,-0.0057063515905209873,0.2045840992201591,252,0
20220712,-0.0012204572686308319,0,3277.4616103583062,0.65000000000000002,0.00086098700078141022,False,0.54072964926246569,300,platt,300,0,-0.0055157953598108178,0.22126587174051565,252,0
20220713,-0.00088138936695763019,0,3281.3970601294941,0.64166666666666672,-0.00077575323849110589,True,0.54141904852656453,300,platt,300,0,-0.0039833949990772137,0.22126587174051565,252,0
20220714,-0.0010906945106020746,0,3278.164619833999,0.65000000000000002,-0.016358101058461694,True,0.54091495316084703,300,platt,300,0,-0.004929339088863921,0.22126587174051565,252,0
20220715,0.001788744115787452,1,3233.8350749402789,0.65000000000000002,0.01550230976125655,True,0.54106436457063034,300,platt,300,0,0.0080841392380889155,0.22126587174051565,252,0
20220718,0.0015133833383669611,1,3283.0643269156658,0.65000000000000002,0.00040511230991402414,True,0.54121204229438191,300,platt,300,0,0.0068396600273798475,0.22126587174051565,252,0
20220719,0.00074604175052867005,1,3281.877892667791,0.65833333333333333,0.0077126177334465584,True,0.54415256581738347,300,platt,300,0,0.0036466262694532874,0.2045840992201591,252,0
20220720,0.00054742319459158255,1,3306.5333827335508,0.66666666666666663,-0.0099019152671827593,False,0.54390532836924832,300,platt,300,0,0.0026757856386604318,0.2045840992201591,252,0
20220721,0.00076710463042713411,1,3274.5111672712833,0.65833333333333333,-0.00061959023731417151,False,0.54409025360765839,300,platt,300,0,0.0037495808977882966,0.2045840992201591,252,0
20220722,0.0012626051628391258,1,3274.1025859284887,0.65000000000000002,-0.0059896196724995576,False,0.54442407410693483,300,platt,300,0,0.0061715703598274191,0.2045840992201591,252,0
20220725,0.00081378822669368744,1,3253.0331274865862,0.6333333333333333,0.0083213450209635997,True,0.54228332917410438,300,platt,300,0,0.0039777687014568297,0.2045840992201591,252,0
20220726,0.00092965426627248586,1,3280.4824819879732,0.65000000000000002,-0.00051268741939580753,False,0.54137929436891086,300,platt,300,0,0.0047736573582903242,0.19474675212245221,252,0
20220727,0.00043106615344404807,1,3277.1673672367951,0.6333333333333333,0.0020821152300356527,True,0.54225999051003748,300,platt,300,0,0.0022134703082134265,0.19474675212245221,252,0
20220728,-0.00072999881482175471,0,3280.1795235564377,0.64166666666666672,-0.0089373716823234473,True,0.54191008579034727,300,platt,300,0,-0.0037484518065941789,0.19474675212245221,252,0
20220729,-0.0013112336617831391,0,3248.972444562361,0.65000000000000002,0.0020657263891714628,False,0.54456719966872302,300,platt,300,0,-0.006409264780505161,0.2045840992201591,252,0
20220801,-0.0010463404851520002,0,3256.5474734415347,0.65000000000000002,-0.022605226416225865,True,0.54111448532155881,300,platt,300,0,-0.0051144760963363119,0.2045840992201591,252,0
20220802,-0.0021022871186808139,0,3179.5679531905948,0.65000000000000002,-0.0070905245085595148,True,0.5445602943134189,300,platt,300,0,-0.010275906713641902,0.2045840992201591,252,0
20220803,-0.0017478090185117879,0,3158.1446018763882,0.65000000000000002,0.0080175767788470687,False,0.54797158694803805,300,platt,300,0,-0.0078991351208535666,0.22126587174051565,252,0
20220804,-0.0010529691475430264,0,3185.6811402173917,0.64166666666666672,0.011911926699174069,False,0.54823024028610867,300,platt,300,0,-0.0047588412042950355,0.22126587174051565,252,0
20220805,-0.0013135330639873731,0,3222.7878937311798,0.64166666666666672,0.0030700086863242326,False,0.54483756377957993,300,platt,300,0,-0.0059364467446104303,0.22126587174051565,252,0
20220808,-0.00064914005349496842,0,3234.8324766848227,0.64166666666666672,0.0032432236718347163,False,0.54477112221787538,300,platt,300,0,-0.0031729741263831521,0.2045840992201591,252,0
20220809,0.00057541528244031313,1,3249.3004218864021,0.59999999999999998,-0.0053617138318347024,False,0.54837569738541769,300,platt,300,0,0.0028126099957606746,0.2045840992201591,252,0
20220810,0.00091755267393803079,1,3232.983713487873,0.59999999999999998,0.015989188921430753,True,0.54499128762173843,300,platt,300,0,0.0047115172085699028,0.19474675212245221,252,0
20220811,0.0011758924835346546,1,3285.5242856773352,0.59999999999999998,-0.0014558766411711943,False,0.54501628648543843,300,platt,300,0,0.0057477217829585148,0.2045840992201591,252,0
20220812,-0.00044703637898885299,0,3275.4228119882391,0.65833333333333333,-0.00024434770834536046,True,0.53997689512580316,300,platt,300,0,-0.0020203584740492849,0.22126587174051565,252,0
20220815,-0.00072869885602870968,0,3273.6997191508494,0.65833333333333333,0.0005487339011449599,False,0.54352047993925312,300,platt,300,0,-0.0032933178998488938,0.22126587174051565,252,0
20220816,-0.00068094779973103074,0,3275.6526316257632,0.65833333333333333,0.0044666915831419463,False,0.54336499739497313,300,platt,300,0,-0.003077509397968053,0.22126587174051565,252,0
20220817,-0.00094132486526047883,0,3289.4266634066835,0.65833333333333333,-0.0045503664967262436,True,0.53992905741502573,300,platt,300,0,-0.0042542704749532973,0.22126587174051565,252,0
20220818,-0.00055000513075203171,0,3275.7411340937356,0.66666666666666663,-0.0059390205555758246,True,0.54263595018152833,300,platt,300,0,-0.002426154097639556,0.22669834998821403,252,0
20220819,-0.00084617602797089017,0,3255.32149216067,0.6333333333333333,0.0060513890641797907,False,0.54561373508393773,300,platt,300,0,-0.0037326077936380331,0.22669834998821403,252,0
20220822,-0.00091800266991235141,0,3274.7852760811766,0.66666666666666663,-0.00047925521134750682,True,0.53966957050737174,300,platt,300,0,-0.0040494457500907174,0.22669834998821403,252,0
20220823,-0.00063516564284387908,0,3274.142455458039,0.67500000000000004,-0.018625134049161551,True,0.54294755069484757,300,platt,300,0,-0.0028705992381362574,0.22126587174051565,252,0
20220824,-0.002050214482384793,0,3208.6114436305288,0.68333333333333335,0.0096556258199909095,False,0.54289255976672257,300,platt,300,0,-0.0092658414343678528,0.22126587174051565,252,0
20220825,-0.0014426802228003613,0,3241.5648020678263,0.67500000000000004,-0.0030883344991405881,True,0.54284410824249485,300,platt,300,0,-0.0065201208458041402,0.22126587174051565,252,0
20220826,-0.0009959437603859699,0,3232.9995042943101,0.67500000000000004,0.0013920241456815141,False,0.54354256825703262,300,platt,300,0,-0.0045011178296576141,0.22126587174051565,252,0
20220829,-0.0012200745574218058,0,3236.7735708297128,0.66666666666666663,-0.0041679530290652522,True,0.54065570169110178,300,platt,300,0,-0.0055140657157133543,0.22126587174051565,252,0
20220830,-0.00091228382535091322,0,3224.2761591194658,0.66666666666666663,-0.0077721685129459317,True,0.54398707284471348,300,platt,300,0,-0.0041230209529139342,0.22126587174051565,252,0
20220831,-0.0014436710686800669,0,3197.514966300213,0.66666666666666663,-0.0053583265529671964,True,0.54448094666977442,300,platt,300,0,-0.006368246918229104,0.22669834998821403,252,0
20220901,-0.0012766261182646902,0,3180.913671728837,0.65833333333333333,0.00047045825755187565,False,0.54524413266604876,300,platt,300,0,-0.0044222701480786317,0.28868116951637457,252,0
20220902,-0.00094886819688878052,0,3183.4545522708272,0.65000000000000002,0.0042158457012462236,False,0.54533781054595776,300,platt,300,0,-0.0032869071386901071,0.28868116951637457,252,0
20220905,-0.0010754982147964706,0,3196.4703005715937,0.64166666666666672,0.013604999987812283,False,0.54557450091446968,300,platt,300,0,-0.003725557218014063,0.28868116951637457,252,0
20220906,-0.0015555498875296444,0,3238.4012570061618,0.64166666666666672,0.00087798578216147227,False,0.54539361691143473,300,platt,300,0,-0.0053884702287151105,0.28868116951637457,252,0
20220907,-0.00077492974107008382,0,3243.7786499986637,0.64166666666666672,-0.0032985610700791979,True,0.54218534355755288,300,platt,300,0,-0.0034183298692309501,0.22669834998821403,252,0
20220908,-0.00059671715639275842,0,3233.6554702034728,0.64166666666666672,0.008180279666169854,False,0.54541897896660163,300,platt,300,0,-0.0026322077616523524,0.22669834998821403,252,0
20220909,-0.00088388054237161819,0,3259.1709337644584,0.6333333333333333,0.00053432588581747709,False,0.5427498576548242,300,platt,300,0,-0.0038989279913928393,0.22669834998821403,252,0
20220913,-0.00055047344542983993,0,3262.0005663101319,0.625,-0.0080444030039611425,True,0.5432895475968762,300,platt,300,0,-0.0024282199030493997,0.22669834998821403,252,0
20220914,-0.00086529670137500711,0,3234.7404656733665,0.625,-0.01162091523819353,True,0.54332008176521962,300,platt,300,0,-0.0038169519161475748,0.22669834998821403,252,0
20220915,-0.0024233524203274705,0,3192.1641692735043,0.625,-0.022975896231363646,True,0.54333851399260813,300,platt,300,0,-0.010689766469202179,0.22669834998821403,252,0
20220916,-0.0025899391829631441,0,3118.3005200952443,0.625,-0.0034531115475168184,True,0.54668597565275256,300,platt,300,0,-0.0089716249497743487,0.28868116951637457,252,0
20220919,-0.0014590032923936624,0,3111.0562265701119,0.6333333333333333,0.002183815589533511,False,0.54940509698016449,300,platt,300,0,-0.0047227262563822167,0.30893242868395954,252,0
20220920,0.0011017116435904075,1,3125.8457908258738,0.6333333333333333,-0.001674478057912876,False,0.54938329701015864,300,platt,300,0,0.0035661896948910718,0.30893242868395954,252,0
20220921,0.0015290197405106766,1,3121.9436257792736,0.64166666666666672,-0.0026523354108752839,False,0.54866323323238431,300,platt,300,0,0.005296569024824972,0.28868116951637457,252,0
20220922,-0.0010263484475749238,0,3105.7187754583892,0.59999999999999998,-0.0066068501959658521,True,0.55240297997152243,300,platt,300,0,-0.0045273750233659985,0.22669834998821403,252,0
20220923,-0.0020996431712282928,0,3081.8850260690951,0.66666666666666674,-0.012026896393064312,True,0.54615368419642896,300,platt,300,0,-0.0072732252496614498,0.28868116951637457,252,0
20220926,-0.0021947111819949029,0,3044.5294401790065,0.66666666666666674,0.013973333997547188,False,0.54615368419642896,300,platt,300,0,-0.0076025436147140676,0.28868116951637457,252,0
20220927,-0.0018263045671724411,0,3088.2114660644597,0.59999999999999998,-0.015771551269678552,True,0.54929299178709756,300,platt,300,0,-0.0063263723443826823,0.28868116951637457,252,0
20220928,-0.0017973547027882216,0,3039.5937348667157,0.59999999999999998,-0.0012683465597536081,True,0.54943300164838993,300,platt,300,0,-0.0062260891688893901,0.28868116951637457,252,0
20220929,-0.001617583791843238,0,3036.2851967313609,0.59999999999999998,-0.0055287631749603161,True,0.54964643148491876,300,platt,300,0,-0.0071354016997800633,0.22669834998821403,252,0
20220930,-0.0014278715445392085,0,3020.0720588654754,0.66666666666666674,-0.016613297786777226,True,0.54553464507359306,300,platt,300,0,-0.0046219542267604838,0.30893242868395954,252,0
20221010,-0.0027203501863327837,0,2966.0546830069293,0.66666666666666674,0.0018987639272782797,False,0.54553464507359306,300,platt,300,0,-0.0088056478820348269,0.30893242868395954,252,0
20221011,-0.0014818037935977581,0,2975.3771320211858,0.59999999999999998,0.01534096701897969,False,0.55239865191079029,300,platt,300,0,-0.0047965304254726062,0.30893242868395954,252,0
20221012,-0.003734544574320688,0,3014.2066148503977,0.59999999999999998,-0.0030240896934413675,True,0.54907512340471631,300,platt,300,0,-0.012936571445159179,0.28868116951637457,252,0
20221013,-0.0010524986959089652,0,3013.1813891383531,0.66666666666666674,0.018443014735561203,False,0.54622300199479923,300,platt,300,0,-0.0045024208789484384,0.23376284097074046,252,0
20221014,0.0016042311039132209,1,3076.9149767753711,0.64166666666666672,0.0042173032774750485,True,0.54831425014999302,300,platt,300,0,0.0068626437685791932,0.23376284097074046,252,0
20221017,0.0011174916075719151,1,3088.3896971300942,0.59166666666666667,-0.0012917259424918281,False,0.55592668991058469,300,platt,300,0,0.004780450147385866,0.23376284097074046,252,0
20221018,0.00080938287855096742,1,3083.4510741691047,0.59166666666666667,-0.011872835372537027,False,0.55585554798090331,300,platt,300,0,0.0035703077618035022,0.22669834998821403,252,0
20221019,-0.0010655037400599239,0,3041.133904174495,0.66666666666666674,-0.0030637788471515881,True,0.55040521777130169,300,platt,300,0,-0.0052081454234295266,0.2045840992201591,252,0
20221020,-0.0018084547435475672,0,3029.5616487072143,0.66666666666666674,0.0012779688930371069,False,0.55382350263092861,300,platt,300,0,-0.0079773617392521305,0.22669834998821403,252,0
20221021,-0.00090763148992391101,0,3036.1708722531939,0.59999999999999998,-0.020195831485505744,True,0.55517933440939271,300,platt,300,0,-0.0040036969389988875,0.22669834998821403,252,0
20221024,-0.003334926925697966,0,2967.6254703237828,0.59999999999999998,-0.00042733042011589006,True,0.55842185548776901,300,platt,300,0,-0.014266283348752554,0.23376284097074046,252,0
20221025,-0.0016504597434780412,0,2971.3707647233018,0.66666666666666674,0.0078018790551839245,False,0.55350801178828957,300,platt,300,0,-0.0080673901332963902,0.2045840992201591,252,0
20221026,-0.0014473354762971535,0,2995.1623120284389,0.59999999999999998,-0.0055344824390275438,True,0.55863213157221014,300,platt,300,0,-0.0070745257418057313,0.2045840992201591,252,0
20221027,-0.0011291914833107498,0,2979.5346314497774,0.59999999999999998,-0.022453697705010822,True,0.56208059035520264,300,platt,300,0,-0.0049810308869449472,0.22669834998821403,252,0
20221028,0.0021837816987351293,1,2922.2934451785313,0.59999999999999998,-0.0076966295814738794,False,0.56555091716712447,300,platt,300,0,0.0093418684067433453,0.23376284097074046,252,0
20221031,-0.0013795736768880342,0,2889.4911271566343,0.60833333333333328,0.026167979081542336,False,0.56477149216582789,300,platt,300,0,-0.0059015952713404613,0.23376284097074046,252,0
20221101,0.0023067707308810719,1,2976.0487625007468,0.59999999999999998,0.011508286997892858,True,0.56560341913453893,300,platt,300,0,0.010175507369158178,0.22669834998821403,252,0
20221102,-0.0021280105039701617,0,2996.9786973054925,0.66666666666666674,-0.0018526522490620589,True,0.56232064670655058,300,platt,300,0,-0.0091032881664734715,0.23376284097074046,252,0
20221103,-0.00081949201552077076,0,2995.3490221647671,0.66666666666666674,0.024348042303075301,False,0.562632719973996,300,platt,300,0,-0.0036149006623267259,0.22669834998821403,252,0
20221104,0.0026034193694615278,1,3078.7909708274328,0.66666666666666674,0.0022862473070504041,True,0.56223604377584468,300,platt,300,0,0.011484068453064959,0.22669834998821403,252,0
20221107,-0.00093447752647640584,0,3074.9408491828931,0.73333333333333339,-0.0043291072861056934,True,0.55603320485801189,300,platt,300,0,-0.0045676938239016633,0.2045840992201591,252,0
20221108,-0.00085711330667453305,0,3061.8661824429118,0.73333333333333339,-0.0053272110804110095,True,0.55745080178725404,300,platt,300,0,-0.0041895401936988645,0.2045840992201591,252,0
20221109,0.00077590032601063466,1,3050.5326742345751,0.73333333333333339,-0.0039485361631690363,False,0.55895022723110388,300,platt,300,0,0.0037925739535391014,0.2045840992201591,252,0
20221110,-0.00070631110784275778,0,3033.9873463847853,0.66666666666666674,0.016850651872227784,False,0.55995529774305619,300,platt,300,0,-0.0034524242623698489,0.2045840992201591,252,0
20221111,0.0013123815959436794,1,3091.3443059895335,0.66666666666666674,-0.001260424748856126,False,0.55652367906052258,300,platt,300,0,0.0064148758429724596,0.2045840992201591,252,0
20221114,0.0012783536766483097,1,3087.3429773884372,0.59999999999999998,0.016435259335202401,True,0.55899183864940938,300,platt,300,0,0.0062485485505529683,0.2045840992201591,252,0
20221115,-0.001662520678593395,0,3128.8673308491793,0.60833333333333328,-0.0044981014829944543,True,0.56168031223153869,300,platt,300,0,-0.0081263435669274887,0.2045840992201591,252,0
20221116,-0.00094895623837192597,0,3117.0196751358221,0.60833333333333328,-0.0014569642809294514,True,0.56509149174880646,300,platt,300,0,-0.0040594828264031262,0.23376284097074046,252,0
20221117,-0.00088337399896446292,0,3112.6826059905484,0.60833333333333328,-0.0058391530401840086,True,0.56852267055092509,300,platt,300,0,-0.0037789325082468205,0.23376284097074046,252,0
20221118,-0.00093782703113241817,0,3094.3385216050488,0.6166666666666667,-0.0039385993324643209,True,0.57109369017366529,300,platt,300,0,-0.0040118738600109834,0.23376284097074046,252,0
20221121,-0.00091825399484633786,0,3082.211545655422,0.60833333333333328,0.0012635798693851896,False,0.57540632350680254,300,platt,300,0,-0.0039281435451123453,0.23376284097074046,252,0
20221122,-0.0013192272323867057,0,3084.8675828028004,0.59999999999999998,0.0025784551645602338,False,0.57294396389674329,300,platt,300,0,-0.0056434428453572315,0.23376284097074046,252,0
20221123,0.0010334402566224742,1,3100.1077686748481,0.60833333333333328,-0.0024533185090815923,False,0.56852301152473361,300,platt,300,0,0.0044208919276089199,0.23376284097074046,252,0
20221124,-0.00086495388123453815,0,3086.637489671145,0.59166666666666667,0.0040085331687054193,False,0.5702774787998236,300,platt,300,0,-0.0038154396857299879,0.22669834998821403,252,0
20221125,0.00091093521041044013,1,3104.5186415477706,0.59166666666666667,-0.0074619565855192915,False,0.5666749819584227,300,platt,300,0,0.0044716200028154683,0.20371480801966346,252,0
20221128,-0.0012505173715169164,0,3074.6987216216926,0.59166666666666667,0.023127555079934581,False,0.56314084009991872,300,platt,300,0,-0.0061385688339171242,0.20371480801966346,252,0
20221129,-0.0015047960682998084,0,3145.0080718944241,0.59166666666666667,0.00050400860665744673,False,0.56302722026248075,300,platt,300,0,-0.0073867780301693081,0.20371480801966346,252,0
20221130,-0.00056867551291651215,0,3149.5432127819008,0.59166666666666667,0.0044856540654369947,False,0.56291352018218643,300,platt,300,0,-0.0027942734908383269,0.20351462187972888,252,0
20221201,-0.00090289142557261541,0,3162.6130232859123,0.59166666666666667,-0.0029464492662719666,True,0.55940025803668214,300,platt,300,0,-0.0044364941311499356,0.20351462187972888,252,0
20221202,-0.00056199177489079711,0,3154.3704729192309,0.59166666666666667,0.017638674430654921,False,0.5628751410529792,300,platt,300,0,-0.0027614319290675715,0.20351462187972888,252,0
20221205,0.00095660259936373386,1,3214.8868300037138,0.59999999999999998,0.0002238610051688017,True,0.55867940341655986,300,platt,300,0,0.0047004121400626327,0.20351462187972888,252,0
20221206,0.00076406633943883813,1,3214.9879886352628,0.66666666666666674,-0.0040198803847455444,False,0.55331313466353249,300,platt,300,0,0.0038379881816542837,0.19907990938875259,252,0
20221207,0.00096043067751380522,1,3202.6924126281283,0.66666666666666674,-0.00070930311273897928,False,0.55331313466353249,300,platt,300,0,0.0048243475721014501,0.19907990938875259,252,0
20221208,-0.00050897188628347553,0,3195.7225387902886,0.64166666666666672,0.0030025803556876784,False,0.55202471470987868,300,platt,300,0,-0.0025566210465245011,0.19907990938875259,252,0
20221209,0.00075957475621855864,1,3209.3861184163702,0.73333333333333339,-0.0087025049531482823,False,0.543621967430723,300,platt,300,0,0.0038154264714642889,0.19907990938875259,252,0
20221212,0.0005301818458456327,1,3180.7271701965265,0.58823529411764708,-0.00085440842125483751,False,0.55391062662125456,300,platt,300,0,0.0026631609762807454,0.19907990938875259,252,0
20221213,-0.00041306604089245632,0,3175.0134678011291,0.55555555555555558,6.2902873146919447e-05,False,0.55344664895814422,300,platt,300,0,-0.0020748755721293958,0.19907990938875259,252,0
20221214,0.00055684373742439792,1,3178.294128220075,0.73333333333333339,-0.0024799109895330407,False,0.53759610222379128,300,platt,300,0,0.0027970865525010023,0.19907990938875259,252,0
20221215,0.00054269441968479444,1,3170.3674074790065,0.66666666666666674,-0.00024938082421166463,False,0.54282643686564191,300,platt,300,0,0.0027260129932300194,0.19907990938875259,252,0
20221216,0.00062428717896929225,1,3169.8352528844803,0.6333333333333333,-0.019174662396441056,False,0.54265219256165753,300,platt,300,0,0.0031358622820659302,0.19907990938875259,252,0
20221219,0.0019910195671016071,1,3113.3013267622346,0.59999999999999998,-0.010733139906311751,False,0.54273587859198646,300,platt,300,0,0.010001107460892254,0.19907990938875259,252,0
20221220,-0.00095904522899214345,0,3070.8180194785659,0.625,-0.0017422927360863927,True,0.53681160061355671,300,platt,300,0,-0.0053460288918982298,0.17939394799110644,252,0
20221221,-0.00068506565198786322,0,3066.308437360251,0.6333333333333333,-0.0045558441414536022,True,0.53598334651356461,300,platt,300,0,-0.0034411591510728674,0.19907990938875259,252,0
20221222,-0.0013776823908111754,0,3050.223263784048,0.6333333333333333,-0.0028040899135627351,True,0.53601225294157484,300,platt,300,0,-0.0070742252479000052,0.19474675212245221,252,0
20221223,-0.00082839098795089235,0,3043.3432317237375,0.64166666666666672,0.0064665344481296128,False,0.53523651953991358,300,platt,300,0,-0.004161097875191689,0.19907990938875259,252,0
20221226,-0.00066532004778309395,0,3063.5230197444862,0.64166666666666672,0.009787828178749125,False,0.53189378206777915,300,platt,300,0,-0.0033419748372694536,0.19907990938875259,252,0
20221227,-0.00064043877182429481,0,3093.585278360069,0.6333333333333333,-0.0026386435470739933,True,0.53268519614438792,300,platt,300,0,-0.003216993486638977,0.19907990938875259,252,0
20221228,-0.00051952025056146826,0,3085.7957333342724,0.6333333333333333,-0.004436775711288754,True,0.53602972090829881,300,platt,300,0,-0.0026096066255835836,0.19907990938875259,252,0
20221229,-0.0005855401415498754,0,3071.9018243300538,0.6333333333333333,0.0050610963666739561,False,0.53603916229812598,300,platt,300,0,-0.0029412317061409949,0.19907990938875259,252,0
20221230,-0.00038201704899548628,0,3088.0777508134561,0.6333333333333333,0.0088221834764912188,False,0.53268974963802895,300,platt,300,0,-0.0019189131146805168,0.19907990938875259,252,0
20230103,-0.0012291827285886054,0,3112.681137399079,0.64166666666666672,0.0022475447631051804,False,0.5318710685810194,300,platt,300,0,-0.0063116982193147124,0.19474675212245221,252,0
20230104,-0.00051426525179752995,0,3121.91008405206,0.6333333333333333,0.0101487541413261,False,0.52935200792443304,300,platt,300,0,-0.0026406871806220005,0.19474675212245221,252,0
20230105,-0.00075741455244553971,0,3152.8263933340081,0.625,0.0007670789722746818,False,0.5301921971483895,300,platt,300,0,-0.0038892281601148096,0.19474675212245221,252,0
20230106,-0.00045116030018903442,0,3156.2118997687721,0.55555555555555558,0.0058423444243820288,False,0.5371866718746281,300,platt,300,0,-0.0025149137149899892,0.17939394799110644,252,0
20230109,0.00043167224643686578,1,3177.4555275309881,0.59999999999999998,-0.0020708831896631974,False,0.53245093567032376,300,platt,300,0,0.002406280988131585,0.17939394799110644,252,0
20230110,0.00033704830093643403,1,3170.5754770165659,0.57894736842105265,-0.0024198083538033988,False,0.53093517524280121,300,platt,300,0,0.0017307004982784304,0.19474675212245221,252,0
20230111,-0.00057006423988846967,0,3160.035149451905,0.59999999999999998,0.00051024125970289269,False,0.52887111559359001,300,platt,300,0,-0.0031777228065504805,0.17939394799110644,252,0
20230112,-0.00043355173429388135,0,3162.0793803759511,0.59999999999999998,0.010069699517068598,False,0.52549976786046615,300,platt,300,0,-0.0024167578625081316,0.17939394799110644,252,0
20230113,-0.0006573844235931509,0,3193.2053556727242,0.59090909090909083,0.010104103021873589,False,0.52263478719927781,300,platt,300,0,-0.0036644738072531919,0.17939394799110644,252,0
20230116,0.0012681822856284621,1,3231.6847744923634,0.54545454545454541,-0.0010369341647810115,False,0.52216163608327915,300,platt,300,0,0.0070692590236730449,0.17939394799110644,252,0
20230117,0.00040119902186567385,1,3225.5383638600156,0.66666666666666674,4.9996203762114888e-05,True,0.51431205587327877,300,platt,300,0,0.0025485586178950852,0.15742193216534042,252,0
20230118,0.00029681198063624193,1,3225.3630423312352,0.66666666666666674,0.0049228912239960287,True,0.51769787749358276,300,platt,300,0,0.0018854550732136867,0.15742193216534042,252,0
20230119,0.00046954742114865892,1,3241.800864836071,0.73333333333333339,0.0075716927373608023,True,0.51437244365917589,300,platt,300,0,0.0038823941411591065,0.12094274926153516,252,0
20230120,0.00030979531019981269,1,3265.8252240039155,0.80000000000000004,0.0013796192603694468,True,0.51639948255524859,300,platt,300,0,0.0025615037866378362,0.12094274926153516,252,0
20230130,-0.0006672198871443308,0,3267.1366460130012,0.80000000000000004,-0.0041748156649186186,True,0.52388326241603578,300,platt,300,0,-0.0055168242099531513,0.12094274926153516,252,0
20230131,-0.00051344003051549821,0,3253.9976091066037,0.80000000000000004,0.0089849730433302355,False,0.52868003592401858,300,platt,300,0,-0.0032615533518940147,0.15742193216534042,252,0
20230201,-0.00059995403817736414,0,3282.9504982009703,0.73333333333333339,0.00022807243509914699,False,0.52480500622825577,300,platt,300,0,-0.0049606449484621944,0.12094274926153516,252,0
20230202,0.00035386551214147666,1,3286.8331854742109,0.66666666666666674,-0.0067762729098976848,False,0.52229881707577508,300,platt,300,0,0.0029899710223619093,0.11835081661157464,252,0
20230203,-0.00057845460929716529,0,3261.5181678151375,0.625,-0.0075712616686757217,True,0.52013085323794617,300,platt,300,0,-0.0050936187563001062,0.11356456715212471,252,0
20230206,0.00037156055205682294,1,3239.9011723425133,0.625,0.0029012277712356926,True,0.52011789863452995,300,platt,300,0,0.0031394844809248621,0.11835081661157464,252,0
20230207,0.00024343944727525335,1,3248.8847142080581,0.6333333333333333,-0.0049221789763473911,False,0.5232219586915664,300,platt,300,0,0.0020569308623718031,0.11835081661157464,252,0
20230208,-0.0003872500343736515,0,3230.8546667242254,0.6333333333333333,0.011842525105068447,False,0.51990156494935302,300,platt,300,0,-0.0034099547427932616,0.11356456715212471,252,0
20230209,0.00064078999419452879,1,3272.4782284472676,0.66666666666666663,-0.002968826950094372,False,0.51575746730094374,300,platt,300,0,0.005642516942244517,0.11356456715212471,252,0
20230210,0.00031719502774446405,1,3261.7076693895788,0.66666666666666674,0.0072029599775309539,True,0.51575746730094374,300,platt,300,0,0.0028846375038801913,0.10996009977607163,252,0
20230213,-0.00046428601775602707,0,3282.6351104783548,0.66666666666666674,0.0027777575629004403,False,0.5194102019097665,300,platt,300,0,-0.0040882999812265003,0.11356456715212471,252,0
20230214,0.0002074785319961452,1,3293.9657854185484,0.59999999999999998,-0.0038838453731193656,False,0.51715497999858984,300,platt,300,0,0.0018269653748445905,0.11356456715212471,252,0
20230215,-0.00025624219669024455,0,3279.6512995493194,0.65000000000000002,-0.0095907568008322119,True,0.51641870154423131,300,platt,300,0,-0.0027319869412272511,0.093793346089398419,252,0
20230216,0.00092696064717053938,1,3252.041222487996,0.65833333333333333,-0.0076962058977919634,False,0.51654313528530138,300,platt,300,0,0.0098830107445683178,0.093793346089398419,252,0
20230217,-0.00047261114061627568,0,3222.5005901982026,0.65000000000000002,0.020568703529933119,False,0.51327062544092428,300,platt,300,0,-0.0050388557431974967,0.093793346089398419,252,0
20230220,0.00076150559959980643,1,3292.8439110400273,0.65000000000000002,0.0049190382642416708,True,0.51003272854812265,300,platt,300,0,0.0082132284973257929,0.092716962622889504,252,0
20230221,-0.00030541253825771024,0,3305.5137462345151,0.65000000000000002,-0.0046501709529609414,True,0.51327443882143609,300,platt,300,0,-0.0032940308829995202,0.092716962622889504,252,0
20230222,0.00023672056253196805,1,3291.9267823349201,0.65000000000000002,-0.0011153252101083755,False,0.51659960478730882,300,platt,300,0,0.0025531526900292099,0.092716962622889504,252,0
20230223,-0.00037395459967407181,0,3286.2476328545272,0.64166666666666672,-0.0061802105383550465,True,0.51655272189032964,300,platt,300,0,-0.00403329217324632,0.092716962622889504,252,0
20230224,-0.00040903406086254484,0,3265.8233204004227,0.64166666666666672,-0.002793037634493345,True,0.51981497597635717,300,platt,300,0,-0.0043610136317418198,0.093793346089398419,252,0
20230227,0.00029625030220479956,1,3258.9995936755936,0.64166666666666672,0.0066208324872198965,True,0.52304885548039692,300,platt,300,0,0.0031585428450588682,0.093793346089398419,252,0
20230228,-0.00049127567529189445,0,3277.9941096915518,0.65000000000000002,0.0099836709008855884,False,0.52280424183975738,300,platt,300,0,-0.0043259591227412433,0.11356456715212471,252,0
20230301,0.00061367535664779479,1,3314.3805062175061,0.65000000000000002,-0.0005114801048368145,False,0.52274018669920919,300,platt,300,0,0.005403757281316009,0.11356456715212471,252,0
20230302,-0.00016769929346779035,0,3310.0984057303635,0.64166666666666672,0.0053581866734713213,False,0.5197037095053777,300,platt,300,0,-0.001787965782860002,0.093793346089398419,252,0
20230303,0.00032665453204651655,1,3329.4799345598858,0.64166666666666672,-0.0019128752445586317,False,0.51966593233693403,300,platt,300,0,0.0034827047510936249,0.093793346089398419,252,0
20230306,-0.0002846463228168775,0,3321.0802975432625,0.6333333333333333,-0.011115837477365775,True,0.51664931406979497,300,platt,300,0,-0.0030348242672307373,0.093793346089398419,252,0
20230307,-0.00069131811076300273,0,3282.8277517039146,0.64166666666666672,-0.00056342293266808952,True,0.51968763788095829,300,platt,300,0,-0.007370651966122182,0.093793346089398419,252,0
20230308,-0.00023092311256158731,0,3282.4897221756205,0.64166666666666672,-0.0021790008607025513,True,0.51972934464383813,300,platt,300,0,-0.0024620415220231581,0.093793346089398419,252,0
20230309,0.00034047069255010087,1,3277.2091138908977,0.64166666666666672,-0.014046332069195699,False,0.523042385355866,300,platt,300,0,0.0036721510597247193,0.092716962622889504,252,0
20230310,-0.00032048873435718537,0,3229.0413968385892,0.6333333333333333,0.011956032250133086,False,0.52333149988855532,300,platt,300,0,-0.0041926069796689803,0.076441396942598466,252,0
20230313,0.00039411902208298807,1,3269.9837550739471,0.68333333333333335,-0.0071536795030310296,False,0.51845755878266631,300,platt,300,0,0.0051558322825908161,0.076441396942598466,252,0
20230314,-0.00034122639959015602,0,3244.2049137683257,0.67500000000000004,0.0055472319258766944,False,0.51544114892946713,300,platt,300,0,-0.0057610507221043088,0.059229889832582143,252,0
20230315,-0.0001224402798860861,0,3262.9152388225316,0.59999999999999998,-0.011161534277967955,True,0.51808047162046134,300,platt,300,0,-0.0020672042482633851,0.059229889832582143,252,0
20230316,0.00024916121949335575,1,3227.6952161465642,0.59999999999999998,0.0073305229503863867,True,0.51796118314693196,300,platt,300,0,0.0042066804479567524,0.059229889832582143,252,0
20230317,0.00030131669422169883,1,3251.525443775135,0.66666666666666674,-0.0048101765057315671,False,0.51554489481279331,300,platt,300,0,0.0050872404975493574,0.059229889832582143,252,0
20230320,0.00027674418517929767,1,3235.8055426151013,0.66666666666666674,0.0064113678824417875,True,0.51523033258919959,300,platt,300,0,0.0046723737957564413,0.059229889832582143,252,0
20230321,-0.00017690898506898041,0,3255.0745461743059,0.73333333333333339,0.0031013771287795588,False,0.51520688878958132,300,platt,300,0,-0.0023143086356967714,0.076441396942598466,252,0
20230322,0.00023024319870368449,1,3266.4994161505588,0.66666666666666674,0.0064002498662252272,True,0.5150316631390629,300,platt,300,0,0.0030120223846324943,0.076441396942598466,252,0
20230323,0.00025269179168232434,1,3287.4796092497099,0.66666666666666674,-0.0063880868815597847,False,0.51824887926801755,300,platt,300,0,0.0042662883958855431,0.059229889832582143,252,0
20230324,-0.00016582292527655965,0,3265.1121797505257,0.625,-0.0043656190489517188,True,0.52074377488823609,300,platt,300,0,-0.00279964939568976,0.059229889832582143,252,0
20230327,-0.000123478704631816,0,3250.9956216978485,0.65000000000000002,-0.0018518500862290121,True,0.51915693565036114,300,platt,300,0,-0.0041222953126919407,0.029953871633515251,252,0
20230328,8.6259339062711341e-05,1,3245.6559439887701,0.65833333333333333,-0.0016390088544441239,False,0.52182670575623347,300,platt,300,0,0.0028797392243010136,0.029953871633515251,252,0
20230329,9.6488081376156995e-05,1,3240.3694268641812,0.64166666666666672,0.0065405334869439447,True,0.51970234730504117,300,platt,300,0,0.003221222370072419,0.029953871633515251,252,0
20230330,-0.00016412157446569708,0,3260.7132587614565,0.64166666666666672,0.0035605075786160345,False,0.51977485984891025,300,platt,300,0,-0.0054791439475243729,0.029953871633515251,252,0
20230331,-7.0320292626199779e-05,0,3272.6300515130115,0.67500000000000004,0.007191202361775284,False,0.51497442936741333,300,platt,300,0,-0.0023476194826019992,0.029953871633515251,252,0
20230403,8.8763223596512118e-05,1,3296.6885987352107,0.59999999999999998,0.0049028696794923832,True,0.51493227295902222,300,platt,300,0,0.0029633305731735643,0.029953871633515251,252,0
20230404,8.1711481522602151e-05,1,3312.8284740054673,0.59999999999999998,2.1192083048404697e-05,True,0.51483932602170301,300,platt,300,0,0.0027279105192924559,0.029953871633515251,252,0
20230406,-6.9925319083449759e-05,0,3312.3963634300953,0.59999999999999998,0.0045334701028911795,False,0.51476930950086086,300,platt,300,0,-0.002334433422797026,0.029953871633515251,252,0
20230407,7.8388591970562693e-05,1,3327.9065494609999,0.65000000000000002,-0.0036926707672033654,False,0.50967767360434335,300,platt,300,0,0.0026169769614307237,0.029953871633515251,252,0
20230410,8.6163943626026786e-05,1,3315.6434643025796,0.64166666666666672,-0.000539097167732705,False,0.50988001524549065,300,platt,300,0,0.0028765544795090309,0.029953871633515251,252,0
20230411,-7.2255109757394869e-05,0,3313.3310775998334,0.59999999999999998,0.0041076838413427463,False,0.50777992284125606,300,platt,300,0,-0.0024122127063050157,0.029953871633515251,252,0
20230412,3.3318914240432466e-05,1,3327.2924580783929,0.65000000000000002,-0.0026502310544155305,False,0.50313534895537804,300,platt,300,0,0.001949422246714363,0.017091686676188055,252,0
20230413,-6.3145540028559379e-05,0,3318.1542601258379,0.59999999999999998,0.0059633907529970109,False,0.5005032642433882,300,platt,300,0,-0.003218846594576255,0.019617443134742545,252,0
20230414,5.0503515078378177e-05,1,3338.3210884351179,0.64166666666666672,0.014216546428001742,True,0.49996508380913834,300,platt,300,0,0.0029548584662939734,0.017091686676188055,252,0
20230417,0.00010538496701073442,1,3385.9662923454689,0.64166666666666672,0.0022807414735810383,True,0.4999770249975804,300,platt,300,0,0.0061658611585453157,0.017091686676188055,252,0
20230418,7.6114178219312988e-05,1,3393.5894806157139,0.65000000000000002,-0.0068377940826996886,False,0.5,300,platt,300,0,0.0025410464179912284,0.029953871633515251,252,0
20230419,0.00011396919252127725,1,3370.5123908010441,0.64166666666666672,-0.00091904512952811768,False,0.49997978167265383,300,platt,300,0,0.0038048234270242928,0.029953871633515251,252,0
20230420,5.8609109674732926e-05,1,3367.2283386891572,0.6333333333333333,-0.019534569179790684,False,0.49663352251314802,300,platt,300,0,0.0034291004033198476,0.017091686676188055,252,0
20230421,-6.6033539337224535e-05,0,3301.0395062830116,0.66666666666666674,-0.0078286834638013891,True,0.49321523250889832,300,platt,300,0,-0.0085000415566834579,0.0077686137058122183,252,0
20230424,-0,0,3275.413,0.66666666666666674,-0.0032183117060351485,True,0.49661117206416594,300,platt,300,0,-0.0048151636419486643,0,252,0
20230425,0,1,3264.8717000000001,0.66666666666666674,-0.00023618079693599192,False,0.49665802693626615,300,platt,300,0,0.0074725094671045785,0,252,0
20230426,0,1,3264.1006000000002,0.59999999999999998,0.0066737526410796111,True,0.49349151670788927,300,platt,300,0,0.0048027598229895873,0,252,0
20230427,0,1,3285.8843999999999,0.59999999999999998,0.011379036949687116,True,0.49671581746325016,300,platt,300,0,0.0058005561876021189,0,252,0
20230428,0,1,3323.2746000000002,0.66666666666666674,0.0081799138716975861,True,0.49662589003745877,300,platt,300,0,0.0051851122156872107,0,252,0
20230504,-0,0,3350.4587000000001,0.66666666666666674,-0.0047623031437455943,True,0.4966844231391947,300,platt,300,0,-0.0062466221771129591,0,252,0
20230505,0,1,3334.5028000000002,0.66666666666666674,0.018143874403104387,True,0.49705402701668733,300,platt,300,0,0.0053044948213952269,0,252,0
20230508,-5.5768657885840584e-05,0,3394.8142652057104,0.73333333333333339,-0.010996424274778316,True,0.50135887297418946,300,platt,300,0,-0.0071787142465477892,0.0077686137058122183,252,0
20230509,-0,0,3357.6707000000001,0.73333333333333339,-0.011472268558081145,True,0.50527398008139079,300,platt,300,0,-0.0077060293315685665,0,252,0
20230510,0,1,3319.1505999999999,0.80000000000000004,-0.0028921254733063062,False,0.51092611918866948,300,platt,300,0,0.0055171330261203121,0,252,0
20230511,5.5207999563075385e-05,1,3309.7339137012032,0.80000000000000004,-0.011236961676253876,False,0.50718929268518176,300,platt,300,0,0.0032301083333098157,0.017091686676188055,252,0
20230512,-0,0,3272.3618999999999,0.80000000000000004,0.01172694254874429,False,0.50477835872892562,300,platt,300,0,-0.0060169481682793118,0,252,0
20230515,-7.2670258758528243e-05,0,3310.4961079073296,0.59999999999999998,-0.005965228222467811,True,0.50782471786647165,300,platt,300,0,-0.0093543406211791403,0.0077686137058122183,252,0
20230516,8.7099425143949058e-05,1,3291.2740431106954,0.59999999999999998,-0.0020526970112374476,False,0.50814436388389572,300,platt,300,0,0.0044398969093834527,0.019617443134742545,252,0
20230517,0.00010776892748443125,1,3284.58593816025,0.59999999999999998,0.0039850717001721492,True,0.50439591435422881,300,platt,300,0,0.0035978296496353107,0.029953871633515251,252,0
20230518,-0.00011132105042123011,0,3296.9528388851572,0.60833333333333328,-0.0041786057822292832,True,0.5042925348607209,300,platt,300,0,-0.0037164160874841134,0.029953871633515251,252,0
20230519,0.00012840825630204539,1,3283.963333864192,0.60833333333333328,0.0039371816109414759,True,0.50457487819503788,300,platt,300,0,0.0042868667487501004,0.029953871633515251,252,0
20230522,-0.00011993645069164823,0,3296.0742331363631,0.60833333333333328,-0.015237998857929758,True,0.50457487819503788,300,platt,300,0,-0.0040040383479994579,0.029953871633515251,252,0
20230523,0.00019796368725545117,1,3246.8806372441891,0.60833333333333328,-0.012780517016928394,False,0.50457487819503788,300,platt,300,0,0.006608951579866908,0.029953871633515251,252,0
20230524,-0.00012838384378784941,0,3204.3379619536513,0.60833333333333328,-0.0010886654663232465,True,0.50093711079637138,300,platt,300,0,-0.0042860517451173592,0.029953871633515251,252,0
20230525,-0.0001484683351367952,0,3200.7852141832254,0.60833333333333328,0.0035121477930333267,False,0.50457281055562098,300,platt,300,0,-0.0049565657806543663,0.029953871633515251,252,0
20230526,-0.00015735237504462606,0,3211.9983048972299,0.59999999999999998,0.0027843079905462975,False,0.50116773172214335,300,platt,300,0,-0.0052531564857400672,0.029953871633515251,252,0
20230529,-8.424139110281777e-05,0,3221.1770207054183,0.59999999999999998,0.0008582785308619556,False,0.49751458801466292,300,platt,300,0,-0.0028123707056472947,0.029953871633515251,252,0
20230530,-0.00016824233975219302,0,3223.6708508105476,0.66666666666666663,-0.0060941687697894098,True,0.49608579331799163,300,platt,300,0,-0.0056167143202933215,0.029953871633515251,252,0
20230531,0.00010009904213112107,1,3204.8851738268877,0.67500000000000004,2.187504797834805e-05,True,0.49598281715140707,300,platt,300,0,0.003341773088829048,0.029953871633515251,252,0
20230601,-0.00013650969620111213,0,3204.1970363179694,0.68333333333333335,0.0079366617316265486,False,0.49942726183648356,300,platt,300,0,-0.0045573306139287872,0.029953871633515251,252,0
20230602,8.4564851931402782e-05,1,3230.3417502728876,0.67500000000000004,0.00073447356505051964,True,0.49948147403779947,300,platt,300,0,0.0028231693373748572,0.029953871633515251,252,0
20230605,0.00013574329827012159,1,3232.8797822028032,0.5714285714285714,-0.011477579946548078,False,0.50097564372879244,300,platt,300,0,0.0028502036191604845,0.047625824820931292,252,0
20230606,0.00022405475494851164,1,3196.0563312102995,0.5714285714285714,0.00075682077565186745,True,0.4967376960929818,300,platt,300,0,0.0074799931604773856,0.029953871633515251,252,0
20230607,-8.5418633364214931e-05,0,3197.4855518220174,0.59183673469387754,0.0049493415497550153,False,0.49757776525379266,300,platt,300,0,-0.0028516725453493767,0.029953871633515251,252,0
20230608,-0.00017171713649946578,0,3213.0336723000441,0.5714285714285714,0.0055452079927544862,False,0.49443350388258694,300,platt,300,0,-0.0057327192491314627,0.029953871633515251,252,0
20230609,-6.2746421746150033e-05,0,3231.202740867664,0.55102040816326525,-0.00079590753930447455,True,0.4903739964886038,300,platt,300,0,-0.0031985015231177577,0.019617443134742545,252,0
20230612,-0.00010911073623817369,0,3228.4812995887132,0.5714285714285714,0.0014989313788111858,False,0.49451548978017007,300,platt,300,0,-0.0036426254867197262,0.029953871633515251,252,0
20230613,7.5425937244778969e-05,1,3233.917302846939,0.59999999999999998,-0.0014487239187482848,False,0.4934182484836323,300,platt,300,0,0.0025180697229264092,0.029953871633515251,252,0
20230614,-5.4496882641433942e-05,0,3228.8127301817653,0.5714285714285714,0.0074284558505888221,False,0.49032089372919507,300,platt,300,0,-0.0027779809156127902,0.019617443134742545,252,0
20230615,-2.3678621923598886e-05,0,3252.8980740324801,0.59999999999999998,0.0062585784932691624,False,0.49022481880177982,300,platt,300,0,-0.0030479854991223632,0.0077686137058122183,252,0
20230616,-0,0,3273.3341,0.59183673469387754,-0.0053549070961012024,True,0.49026105236015222,300,platt,300,0,-0.002676106067184391,0,252,0
20230619,-0,0,3255.8056999999999,0.61224489795918369,-0.0047425741652826758,True,0.49016471230148567,300,platt,300,0,-0.0024772496757653169,0,252,0
20230620,1.5020436754536295e-05,1,3240.41347169454,0.61224489795918369,-0.013104604765488026,False,0.49016747370369035,300,platt,300,0,0.0019334771071572916,0.0077686137058122183,252,0
20230621,0,1,3197.9011,0.59183673469387754,-0.014785385326644418,False,0.48618929056807081,300,platt,300,0,0.0049346792162519807,0,252,0
20230626,3.1376466837947483e-05,1,3150.717755289435,0.5714285714285714,0.012322594776537521,True,0.48257566636373095,300,platt,300,0,0.0047932709727253452,0.0065459405521794516,252,0
20230627,3.9017810516111566e-05,1,3189.5671450709206,0.5714285714285714,-2.0975451291316283e-05,False,0.48625770649334316,300,platt,300,0,0.0059606118028555427,0.0065459405521794516,252,0
20230628,-0,0,3189.3757999999998,0.5714285714285714,-0.0021930937081795499,True,0.48254716447154739,300,platt,300,0,-0.0045793614143671314,0,252,0
20230629,-0,0,3182.3811999999998,0.59183673469387754,0.0061843942517005868,False,0.48634280198117702,300,platt,300,0,-0.0022254242623747128,0,252,0
20230630,0,1,3202.0623000000001,0.59183673469387754,0.013089283116071826,True,0.48609218041477248,300,platt,300,0,0.0044790484561844385,0,252,0
20230703,-3.1213301457115544e-05,0,3243.8737448304055,0.59183673469387754,0.00042361608828689334,False,0.48700307854821567,300,platt,300,0,-0.0047683447792270534,0.0065459405521794516,252,0
20230704,-1.0709278627704385e-05,0,3245.3144446511733,0.58000000000000007,-0.0069028935314573436,True,0.4827731715316177,300,platt,300,0,-0.0016360183143030167,0.0065459405521794516,252,0
20230705,-2.297852101810386e-05,0,3222.8728414469183,0.58823529411764708,-0.0053901291392669526,True,0.48375265880527835,300,platt,300,0,-0.0029578663437611905,0.0077686137058122183,252,0
20230706,2.9556329071248986e-05,1,3205.6695450236512,0.59615384615384615,-0.0027968774898030624,False,0.48366762528344925,300,platt,300,0,0.0038045821546173579,0.0077686137058122183,252,0
20230707,0,1,3196.6091999999999,0.58490566037735847,0.002216911594948856,True,0.47988728170465045,300,platt,300,0,0.0029272213721166511,0,252,0
20230710,0,1,3203.6958,0.59259259259259256,0.0055157546481161557,True,0.48044356406091526,300,platt,300,0,0.0030539051919728872,0,252,0
20230711,-0,0,3221.3665999999998,0.59999999999999998,-0.0078329799532905753,True,0.48035330728561443,300,platt,300,0,-0.0027170518184838066,0,252,0
20230712,-2.6005892865465081e-05,0,3196.0505816894138,0.59999999999999998,0.012623470663946312,False,0.48359155367362089,300,platt,300,0,-0.0039728275345865304,0.0065459405521794516,252,0
20230713,0,1,3236.48,0.59999999999999998,0.0003773235119635121,True,0.48035554075635639,300,platt,300,0,0.0045595478891443785,0,252,0
20230714,-1.1970854397914744e-05,0,3237.6624419503505,0.59999999999999998,-0.0086701638804717041,True,0.48033123179457388,300,platt,300,0,-0.0018287447468384177,0.0065459405521794516,252,0
20230717,-1.9419873030360615e-05,0,3209.5674693968099,0.61818181818181817,-0.0036794586092141479,True,0.4834295414365396,300,platt,300,0,-0.0029667047654282205,0.0065459405521794516,252,0
20230718,-2.0245310881274381e-05,0,3197.7553591379328,0.63636363636363635,0.00031762262048440348,False,0.48328349265788406,300,platt,300,0,-0.0026060390756883064,0.0077686137058122183,252,0
20230719,5.7562658902470951e-05,1,3199.0199334940407,0.63636363636363635,-0.0091638964400735379,False,0.4799711235009077,300,platt,300,0,0.0029342589911998942,0.019617443134742545,252,0
20230720,3.6883870695809084e-05,1,3169.6389042396158,0.61818181818181817,-0.00056058926235569295,False,0.48013656593618831,300,platt,300,0,0.0056346174246157356,0.0065459405521794516,252,0
20230721,2.4003935926276757e-05,1,3167.8212383528116,0.61818181818181817,-0.0011315304021294326,False,0.47685617730579494,300,platt,300,0,0.0036669957105376883,0.0065459405521794516,252,0
20230724,-0,0,3164.1608000000001,0.59999999999999998,0.021288583058104882,False,0.47705918366515598,300,platt,300,0,-0.0035801865276615589,0,252,0
20230725,0,1,3231.5212999999999,0.58181818181818179,-0.0026282976999099095,False,0.47726671435987633,300,platt,300,0,0.0038588834514178801,0,252,0
20230726,-0,0,3223.0279,0.56363636363636371,-0.0019723689019259805,True,0.47747766459567287,300,platt,300,0,-0.0021776481904516695,0,252,0
20230727,0,1,3216.6709000000001,0.56363636363636371,0.01842115710376202,True,0.47744262742241533,300,platt,300,0,0.0045012334012397657,0,252,0
20230728,0,1,3275.9256999999998,0.625,0.00461368827748454,True,0.47674844874377897,300,platt,300,0,0.009987809040648863,0,252,0
20230731,0,1,3291.0398,0.6333333333333333,-2.7498907791967397e-05,False,0.48000925773465153,300,platt,300,0,0.0051543276235287974,0,252,0
20230801,0,1,3290.9493000000002,0.625,-0.008890747724372372,False,0.4801728043107194,300,platt,300,0,0.0032189395158988324,0,252,0
20230802,-0,0,3261.6903000000002,0.625,0.0057553900810263237,False,0.48023670121516315,300,platt,300,0,-0.0048719492818351572,0,252,0
20230803,0,1,3280.4625999999998,0.59999999999999998,0.0023233308619339255,True,0.47702133418010167,300,platt,300,0,0.0042155139644516719,0,252,0
20230804,0,1,3288.0841999999998,0.66666666666666674,-0.0058554157463485135,False,0.47922396478791152,300,platt,300,0,0.0041710867636148207,0,252,0
20230807,-0,0,3268.8310999999999,0.66666666666666674,-0.0025120600449499708,True,0.47903943993052023,300,platt,300,0,-0.0022969307142782017,0,252,0
20230808,0,1,3260.6196,0.73333333333333339,-0.0049478019453725874,False,0.47726165597560471,300,platt,300,0,0.0035145584999895538,0,252,0
20230809,0,1,3244.4866999999999,0.66666666666666674,0.0031046513459278557,True,0.47557822095140417,300,platt,300,0,0.0021272532276546859,0,252,0
20230810,0,1,3254.5596999999998,0.66666666666666674,-0.020067752943662365,False,0.47896405079967669,300,platt,300,0,0.0028863038986252083,0,252,0
20230811,-0,0,3189.248,0.625,-0.0033929001444854556,True,0.47708567819678888,300,platt,300,0,-0.008386805562089995,0,252,0
20230814,-0,0,3178.4272000000001,0.60833333333333328,-0.00070833775900236429,True,0.48111621101538454,300,platt,300,0,-0.005083081992255655,0,252,0
20230815,-0,0,3176.1758,0.6333333333333333,-0.0082010888691992356,True,0.48013732445762303,300,platt,300,0,-0.005091463882839777,0,252,0
20230816,-0,0,3150.1277,0.66666666666666663,0.0043209676864846003,False,0.47881889450805759,300,platt,300,0,-0.0035514809063879474,0,252,0
20230817,-0,0,3163.7393000000002,0.65833333333333333,-0.010047066773169355,True,0.47582151796412053,300,platt,300,0,-0.005781353104918706,0,252,0
20230818,0,1,3131.953,0.65833333333333333,-0.012444407690664572,False,0.47592156869718166,300,platt,300,0,0.0062320441297346249,0,252,0
20230821,-0,0,3092.9776999999999,0.625,0.0088445836515407272,False,0.47708831691333897,300,platt,300,0,-0.0056170034776393731,0,252,0
20230822,-0,0,3120.3337999999999,0.6166666666666667,-0.013438209719742189,True,0.47740770169464725,300,platt,300,0,-0.0069303674210450536,0,252,0
20230823,3.4119122042209227e-05,1,3078.5071323769448,0.625,0.0012479851153948118,True,0.47715776985440844,300,platt,300,0,0.005212256629927592,0.0065459405521794516,252,0
20230824,2.9202389792678304e-05,1,3082.3339088878042,0.625,-0.0058947963203040965,False,0.47717524487680713,300,platt,300,0,0.0044611449737281001,0.0065459405521794516,252,0
20230825,-2.8318529500016579e-05,0,3063.9879299102181,0.6166666666666667,0.01127962056538645,False,0.47414468967179874,300,platt,300,0,-0.0043261207880337391,0.0065459405521794516,252,0
20230828,0,1,3098.6363000000001,0.65000000000000002,0.012021546381548509,True,0.4695118761085379,300,platt,300,0,0.017382419641738069,0,252,0
20230829,-0.00022025154325814225,0,3135.1960161148422,0.6166666666666667,0.00039886645139319832,False,0.47407839041127303,300,platt,300,0,-0.0073530242084533671,0.029953871633515251,252,0
20230830,-6.9737919659097628e-05,0,3136.9187225570649,0.60833333333333328,-0.0055021815269492569,True,0.47094519948697799,300,platt,300,0,-0.0035548934272474878,0.019617443134742545,252,0
20230831,-6.8228768371390587e-05,0,3119.6635346757571,0.60833333333333328,0.0042855223367181949,False,0.47438212562626964,300,platt,300,0,-0.0034779643760280486,0.019617443134742545,252,0
20230901,-2.1256289879422269e-05,0,3133.1800987998813,0.60833333333333328,0.013983450457316415,False,0.47102786625526399,300,platt,300,0,-0.0027361754213005881,0.0077686137058122183,252,0
20230904,-3.4431522255929722e-05,0,3176.9509089775725,0.60833333333333328,-0.00714213702522426,True,0.46762871952806823,300,platt,300,0,-0.004432132110027456,0.0077686137058122183,252,0
20230905,1.9887829491539852e-05,1,3154.4320335587913,0.59999999999999998,0.0011753855200151708,True,0.47122760351654991,300,platt,300,0,0.0025600229648000696,0.0077686137058122183,252,0
20230906,-2.5474352439157821e-05,0,3157.9964500360193,0.59166666666666667,-0.011312137459350669,True,0.47189000918680307,300,platt,300,0,-0.0032791374888545117,0.0077686137058122183,252,0
20230907,0.00012447093649073273,1,3122.740942114835,0.59166666666666667,-0.0018041525935430514,False,0.47531215969367629,300,platt,300,0,0.0041554206419000192,0.029953871633515251,252,0
20230908,-2.1858985285300403e-05,0,3116.6509716830546,0.68333333333333335,0.008361324573651796,False,0.47150938385937813,300,platt,300,0,-0.0028137562392819503,0.0077686137058122183,252,0
20230911,-0.00010587294129245248,0,3142.4462647434375,0.67500000000000004,-0.0018199497960245115,True,0.47170760551135954,300,platt,300,0,-0.0053968776952869665,0.019617443134742545,252,0
20230912,-3.390236090663648e-05,0,3136.9529462834257,0.67500000000000004,-0.0044603555948081741,True,0.47185467101641237,300,platt,300,0,-0.0017281742923263687,0.019617443134742545,252,0
20230913,-3.7606514462491764e-05,0,3122.9494523394578,0.68333333333333335,0.0011156341223430566,False,0.47167882258741345,300,platt,300,0,-0.0048408269334277521,0.0077686137058122183,252,0
20230914,0,1,3126.5511000000001,0.68333333333333335,-0.0028170657437840418,False,0.46804875404780366,300,platt,300,0,0.0030449433283407431,0,252,0
20230915,-2.9781854924439766e-05,0,3117.6505478183694,0.59999999999999998,0.0026264188387024046,False,0.46844540963913966,300,platt,300,0,-0.0045496677959478236,0.0065459405521794516,252,0
20230918,-0,0,3125.9319,0.66666666666666663,-0.00031197096776158784,True,0.46536315872578132,300,platt,300,0,-0.0039670289034257292,0,252,0
20230919,-1.7960556482646856e-05,0,3124.9005740386842,0.66666666666666663,-0.0052444886676350499,True,0.46542633923690768,300,platt,300,0,-0.0023119384182031556,0.0077686137058122183,252,0
20230920,-3.6156197635949616e-05,0,3108.4555060046428,0.66666666666666663,-0.0076777798548328668,True,0.46884200342096743,300,platt,300,0,-0.0018430637156743885,0.019617443134742545,252,0
20230921,7.526291463507342e-05,1,3084.9331635880376,0.6333333333333333,0.015473331126744538,True,0.47004994901725039,300,platt,300,0,0.0038365302816544219,0.019617443134742545,252,0
20230922,-0.00021128734976091156,0,3131.7697568289286,0.6333333333333333,-0.0053710670011117845,True,0.47336441559243192,300,platt,300,0,-0.0070537576025565627,0.029953871633515251,252,0
20230925,-7.5180365183456617e-05,0,3115.3728675204538,0.59999999999999998,-0.0042799042279754174,True,0.47766840577691605,300,platt,300,0,-0.0025098713816793434,0.029953871633515251,252,0
20230926,-7.1429021604284954e-05,0,3102.0510077034319,0.59166666666666667,0.0016255824842730249,False,0.47821978979064933,300,platt,300,0,-0.0023846340292238998,0.029953871633515251,252,0
20230927,-8.5303968411167154e-05,0,3107.0505336482138,0.60833333333333328,0.00101685840987642,False,0.4774046002157657,300,platt,300,0,-0.0028478444941895569,0.029953871633515251,252,0
20230928,-1.6513304894797316e-05,0,3110.4239357730034,0.59166666666666667,-0.0043571797532037104,True,0.47446425851098389,300,platt,300,0,-0.0021256437145848314,0.0077686137058122183,252,0
20231009,-2.7034494047104346e-05,0,3096.8386762698128,0.59999999999999998,-0.0070025325787949066,True,0.47442233800471506,300,platt,300,0,-0.0041299632698471866,0.0065459405521794516,252,0
20231010,-9.6369028937041374e-05,0,3074.939742483291,0.59999999999999998,0.0012095006298864508,False,0.47790401451203302,300,platt,300,0,-0.0049124153578593305,0.019617443134742545,252,0
20231011,-2.4549936505430416e-05,0,3078.8800118355166,0.59166666666666667,0.0094009475160994338,False,0.47467428093035291,300,platt,300,0,-0.0031601438088063216,0.0077686137058122183,252,0
20231012,-4.6161542952850242e-05,0,3107.7572345083436,0.59999999999999998,-0.0063713747353640882,True,0.47096272580460685,300,platt,300,0,-0.0023530866196878647,0.019617443134742545,252,0
20231013,-1.4854742381805095e-05,0,3088.0532270834196,0.59166666666666667,-0.0046261792570062577,True,0.47145119709875954,300,platt,300,0,-0.0019121484146767745,0.0077686137058122183,252,0
20231016,-2.4401268648062735e-05,0,3073.737995063213,0.59999999999999998,0.0031502892336001675,False,0.47144166256371706,300,platt,300,0,-0.0037276948138397627,0.0065459405521794516,252,0
20231017,-2.020987118770086e-05,0,3083.4340829349485,0.59999999999999998,-0.0080384721707474904,True,0.46808276931147691,300,platt,300,0,-0.0026014771686459974,0.0077686137058122183,252,0
20231018,-1.7269343364651209e-05,0,3058.6569780902109,0.6166666666666667,-0.017431009636808326,True,0.47072175078935458,300,platt,300,0,-0.0026381760156531566,0.0065459405521794516,252,0
20231019,-3.4676106752276674e-05,0,3005.289184657629,0.6166666666666667,-0.0074316061251747945,True,0.47405699065174772,300,platt,300,0,-0.0052973451982742748,0.0065459405521794516,252,0
20231020,-2.6461630438623021e-05,0,2982.9795634083962,0.6166666666666667,-0.014671921452428904,True,0.47730527637612019,300,platt,300,0,-0.0040424489388026447,0.0065459405521794516,252,0
20231023,4.6376907879173245e-05,1,2939.4276152418497,0.625,0.0078088211263716012,True,0.47705020329207931,300,platt,300,0,0.0070848348697166511,0.0065459405521794516,252,0
20231024,9.789092913352618e-05,1,2962.5336767881131,0.625,0.0040070302115926548,True,0.48031698582338617,300,platt,300,0,0.0049899942852471473,0.019617443134742545,252,0
20231025,8.6919309687116228e-05,1,2974.3720078923511,0.625,0.0047697238185429036,True,0.48030990556289704,300,platt,300,0,0.0029017721231689663,0.029953871633515251,252,0
20231026,9.4657157367409683e-05,1,2988.5820639076355,0.60833333333333328,0.0098668165490256587,True,0.48117687457838521,300,platt,300,0,0.0048251526316276964,0.019617443134742545,252,0
20231027,0.00022655311240895633,1,3018.4678884030891,0.6333333333333333,0.0012489958692207814,True,0.48334893148037833,300,platt,300,0,0.0075633999898519653,0.029953871633515251,252,0
20231030,0.00010703697648548918,1,3021.8768179402255,0.64166666666666672,-0.0009209832267071949,False,0.48293594216459479,300,platt,300,0,0.0035733937100046191,0.029953871633515251,252,0
20231031,6.7678954459907402e-05,1,3018.9749072379618,0.64166666666666672,0.0014263753595586959,True,0.47958180483270824,300,platt,300,0,0.002259439290117733,0.029953871633515251,252,0
20231101,0.00010058391606255183,1,3023.3805728729271,0.64166666666666672,-0.0045221151366827694,False,0.482932665416972,300,platt,300,0,0.003357960443083723,0.029953871633515251,252,0
20231102,0.00012226134363159841,1,3009.7737339966407,0.64166666666666672,0.0071083467706483106,True,0.482932665416972,300,platt,300,0,0.0040816541222938527,0.029953871633515251,252,0
20231103,0.00011747867231566336,1,3031.1537540898535,0.64166666666666672,0.0091107367542213602,True,0.48628203311936274,300,platt,300,0,0.0039219862378063013,0.029953871633515251,252,0
20231106,8.7008896089316279e-05,1,3058.6766089213929,0.64166666666666672,-0.00037300421248231963,False,0.48957725517163814,300,platt,300,0,0.0029047629352848808,0.029953871633515251,252,0
20231107,0.00014348735313465667,1,3057.7083795370718,0.6333333333333333,-0.0016017886809265303,False,0.49001930233426227,300,platt,300,0,0.003012805629596041,0.047625824820931292,252,0
20231108,-0.00016681534778090684,0,3051.863417403174,0.64166666666666672,0.00029701485329791666,False,0.48630184174957741,300,platt,300,0,-0.0035026238056373228,0.047625824820931292,252,0
20231109,-4.7171987584611237e-05,0,3053.135170751485,0.625,-0.0046865350538528583,True,0.48712563567318695,300,platt,300,0,-0.0024045940778627526,0.019617443134742545,252,0
20231110,-1.795513249733829e-05,0,3038.9153348927903,0.64166666666666672,0.0024886722306791675,False,0.48624643143639917,300,platt,300,0,-0.0023112402260270525,0.0077686137058122183,252,0
20231113,-0.0001329810114686393,0,3046.1277689734857,0.625,0.0031305750875034732,False,0.48713624650243043,300,platt,300,0,-0.002792203850928265,0.047625824820931292,252,0
20231114,-9.7893728321149829e-05,0,3055.7711298843215,0.625,0.0054856395155571391,False,0.48709674541408099,300,platt,300,0,-0.0020554757568865467,0.047625824820931292,252,0
20231115,1.6636939176631187e-05,1,3072.885922565667,0.60833333333333328,-0.0071299309679779821,False,0.48462435691082234,300,platt,300,0,0.0021415583019894504,0.0077686137058122183,252,0
20231116,0,1,3050.9256999999998,0.59999999999999998,0.0011274610850078304,True,0.48174370807764577,300,platt,300,0,0.0028108707823338939,0,252,0
20231117,1.9806588574486092e-05,1,3054.4259965608148,0.66666666666666674,0.0045684119991533656,True,0.48145892139992991,300,platt,300,0,0.003025781920352385,0.0065459405521794516,252,0
20231120,-0,0,3068.3191000000002,0.73333333333333339,-0.00012589955197295222,True,0.47771994179069988,300,platt,300,0,-0.0039405698056778175,0,252,0
20231121,0,1,3067.9328,0.73333333333333339,-0.0079277486130074903,False,0.47840001234174817,300,platt,300,0,0.0035991982021896891,0,252,0
20231122,0,1,3043.6109999999999,0.73333333333333339,0.0059945899788114154,True,0.47788928908723516,300,platt,300,0,0.0033427899752343738,0,252,0
20231123,0,1,3061.8562000000002,0.73333333333333339,-0.0068208624559180642,False,0.47856631606004302,300,platt,300,0,0.0039084167360365924,0,252,0
20231124,0,1,3040.9717000000001,0.73333333333333339,-0.0030488609940039213,False,0.47797243925831773,300,platt,300,0,0.0031921553320085742,0,252,0
20231127,-0,0,3031.7002000000002,0.625,0.0022608765866756197,False,0.48062942815051102,300,platt,300,0,-0.0032261595892908658,0,252,0
20231128,0,1,3038.5545000000002,0.60833333333333328,-0.0055510276350153598,False,0.47848517322811057,300,platt,300,0,0.002684544460533463,0,252,0
20231129,0,1,3021.6873999999998,0.73333333333333339,0.0026426625070483656,True,0.46621831288486204,300,platt,300,0,0.0029621450974130761,0,252,0
20231130,0,1,3029.6727000000001,0.73333333333333339,0.00064795778105009028,True,0.47095527381921365,300,platt,300,0,0.0023757113576341137,0,252,0
20231201,0,1,3031.6358,0.80000000000000004,-0.0028769946574718208,False,0.47261975226490566,300,platt,300,0,0.0035323800016445702,0,252,0
20231204,0,1,3022.9137999999998,0.73333333333333339,-0.016744738139737758,False,0.47401037937809964,300,platt,300,0,0.0023042761323589572,0,252,0
20231205,0,1,2972.2959000000001,0.66666666666666674,-0.0011312803681491346,False,0.47780246635146456,300,platt,300,0,0.006320659786185936,0,252,0
20231206,-0,0,2968.9333999999999,0.6166666666666667,-0.00091861272469095923,True,0.47805354423001223,300,platt,300,0,-0.0036362706344657959,0,252,0
20231207,-0,0,2966.2060999999999,0.6166666666666667,0.0011305013498557059,False,0.48141392238176933,300,platt,300,0,-0.0038061905454175328,0,252,0
20231208,-0,0,2969.5594000000001,0.6166666666666667,0.0073677933500841952,False,0.48137679933623212,300,platt,300,0,-0.0026155111089124976,0,252,0
20231211,-0,0,2991.4385000000002,0.66666666666666663,0.0040112140028951693,False,0.47444013542089336,300,platt,300,0,-0.0091939065837390206,0,252,0
20231212,-0,0,3003.4378000000002,0.66666666666666663,-0.011545835908438051,True,0.47105361772854148,300,platt,300,0,-0.0032555727556362116,0,252,0
20231213,-0,0,2968.7606000000001,0.6333333333333333,-0.0032926198225616821,True,0.47347792694017576,300,platt,300,0,-0.003965482798778442,0,252,0
20231214,-0,0,2958.9856,0.6333333333333333,-0.0055521730149684645,True,0.47347805183607616,300,platt,300,0,-0.0039040113449771013,0,252,0
20231215,-0,0,2942.5567999999998,0.6333333333333333,-0.0039942134676889118,True,0.47681224837206326,300,platt,300,0,-0.0050799321228151926,0,252,0
20231218,-0,0,2930.8036000000002,0.6333333333333333,0.00054155795359323022,False,0.48015081420855055,300,platt,300,0,-0.0038407471062141857,0,252,0
20231219,0,1,2932.3908000000001,0.66666666666666663,-0.010326454441202171,False,0.47790589254231142,300,platt,300,0,0.0036962532992676563,0,252,0
20231220,-0,0,2902.1095999999998,0.6166666666666667,0.0057218032013677256,False,0.47792949939271784,300,platt,300,0,-0.0049835778389655241,0,252,0
20231221,0,1,2918.7148999999999,0.6166666666666667,-0.0013498063822540152,False,0.47461337534701192,300,platt,300,0,0.0059735266594164709,0,252,0
20231222,0,1,2914.7752,0.6333333333333333,0.0013851497021108994,True,0.47346208914234816,300,platt,300,0,0.0041183263552297712,0,252,0
20231225,0,1,2918.8126000000002,0.64166666666666672,-0.0068294552380649964,False,0.47297201690418433,300,platt,300,0,0.0023434646529454039,0,252,0
20231226,-0,0,2898.8787000000002,0.6166666666666667,0.0054279953141882498,False,0.47100922656735605,300,platt,300,0,-0.0035719461021862914,0,252,0
20231227,0,1,2914.6138000000001,0.59999999999999998,0.013754721122915203,True,0.46833943395625705,300,platt,300,0,0.0039360618184073526,0,252,0
20231228,4.7879970107919648e-05,1,2954.844971115258,0.66666666666666674,0.0068471506531873061,True,0.46486389388346927,300,platt,300,0,0.0073144523275540827,0.0065459405521794516,252,0
20231229,2.7056026722414229e-05,1,2975.0152899154459,0.66666666666666674,-0.0042550848509352868,False,0.46843498358778807,300,platt,300,0,0.0034827354978626121,0.0077686137058122183,252,0
20240102,1.5175129263859853e-05,1,2962.3211529242499,0.59999999999999998,0.0016781014545503847,True,0.47198329331711947,300,platt,300,0,0.0019533896057293111,0.0077686137058122183,252,0
20240103,8.022287695441034e-05,1,2967.4852411070183,0.59999999999999998,-0.0043469920537796414,False,0.47198329331711958,300,platt,300,0,0.0025109211406810334,0.031949580436704442,252,0
20240104,8.246535591482042e-05,1,2954.5922314087952,0.59999999999999998,-0.0085180536921064531,False,0.47178710498679821,300,platt,300,0,0.004203675032898352,0.019617443134742545,252,0
20240105,-5.6295686228354017e-05,0,2929.0183996160381,0.64166666666666672,-0.014217410020055832,True,0.46635999773393683,300,platt,300,0,-0.0072465549659439825,0.0077686137058122183,252,0
20240108,-4.1127279247485156e-05,0,2887.419143422449,0.65000000000000002,0.0019786406959367842,False,0.46925596053428387,300,platt,300,0,-0.0052940306732866755,0.0077686137058122183,252,0
20240109,-2.0904758198359933e-05,0,2893.1908172811663,0.65000000000000002,-0.0053742307140758339,True,0.46910144837377304,300,platt,300,0,-0.003193545378501758,0.0065459405521794516,252,0
20240110,-9.2293151618863778e-05,0,2877.4367077853121,0.65000000000000002,0.003109390432776804,False,0.46915835186899679,300,platt,300,0,-0.0047046473378282595,0.019617443134742545,252,0
20240111,-2.7295963357525485e-05,0,2886.5714061019148,0.64166666666666672,-0.0016189353320329447,True,0.46957019346201173,300,platt,300,0,-0.0041699070041871025,0.0065459405521794516,252,0
20240112,-2.3757096194261174e-05,0,2881.9084325975573,0.6166666666666667,0.0014968544681950302,False,0.47099025584847498,300,platt,300,0,-0.0036292868847321441,0.0065459405521794516,252,0
20240115,-3.304328538710034e-05,0,2886.1954274693858,0.60833333333333328,0.002667021632054567,False,0.46793571039415655,300,platt,300,0,-0.0050479048997929985,0.0065459405521794516,252,0
20240116,3.3172054908960537e-05,1,2894.0845995487452,0.59999999999999998,-0.020861657851727555,False,0.46811628141670431,300,platt,300,0,0.0050675765605472847,0.0065459405521794516,252,0
20240117,-5.2562502924804662e-05,0,2833.4662580927625,0.6333333333333333,0.0042944080762976622,False,0.46337018399772967,300,platt,300,0,-0.0080297861714164406,0.0065459405521794516,252,0
20240118,-0,0,2845.7838999999999,0.6333333333333333,-0.0047454762815967166,True,0.45999907570736587,300,platt,300,0,-0.013051554048504324,0,252,0
20240119,-7.6995605199927367e-05,0,2832.0612269412013,0.6333333333333333,-0.026812115598910058,True,0.46340694721866033,300,platt,300,0,-0.003924854257054934,0.019617443134742545,252,0
20240122,0.00044304999046661578,1,2757.5610963664176,0.6333333333333333,0.0053100853055167985,True,0.46670364406603859,300,platt,300,0,0.013867161459110411,0.031949580436704442,252,0
20240123,0.00068681322894212457,1,2772.8794431799251,0.64166666666666672,0.017970417141424333,True,0.46648499134721894,300,platt,300,0,0.0089848335641729282,0.076441396942598466,252,0
20240124,0.00098977834738235224,1,2823.5638389495252,0.6166666666666667,0.030252995642788383,True,0.46729744931545647,300,platt,300,0,0.011960404351808391,0.082754589081488666,252,0
20240125,0.0012462770962108323,1,2909.7305167119089,0.6166666666666667,0.0014156387199142362,True,0.47058805329679987,300,platt,300,0,0.0123175056177432,0.10117934059762775,252,0
20240126,0.00056038639178130581,1,2911.8535491981329,0.6166666666666667,-0.0092318364501794425,False,0.47074759085617734,300,platt,300,0,0.0048759351039022545,0.11492900948021714,252,0
20240129,0.00067967444399026861,1,2885.3157433861265,0.6166666666666667,-0.018322191224392714,False,0.46757337928809339,300,platt,300,0,0.0059138632366553352,0.11492900948021714,252,0
20240130,0.00088824636389141481,1,2833.0408049603484,0.6166666666666667,-0.014830597246462851,False,0.46438857650626941,300,platt,300,0,0.0077286523907987709,0.11492900948021714,252,0
20240131,0.00088997233687283155,1,2791.0299307580372,0.60833333333333328,-0.0063860829086620496,False,0.46455508223746439,300,platt,300,0,0.0077436701220854384,0.11492900948021714,252,0
20240201,0.00080092646019515085,1,2772.959459220599,0.59999999999999998,-0.014648900873170945,False,0.4647379171574374,300,platt,300,0,0.0079159090725871902,0.10117934059762775,252,0
20240202,0.0015945357259309033,1,2734.5053249012217,0.60833333333333328,-0.010243751996225847,False,0.46420692178415024,300,platt,300,0,0.019268245346016517,0.082754589081488666,252,0
20240205,0.0012424501896480587,1,2705.5423302657136,0.60833333333333328,0.032307558512833179,True,0.46065458101678552,300,platt,300,0,0.016253630092357443,0.076441396942598466,252,0
20240206,0.001565646360250235,1,2793.8533486028691,0.60833333333333328,0.014414698621896704,True,0.46065458101678564,300,platt,300,0,0.019908789616610967,0.078640961625509001,252,0
20240207,0.00086897667545710001,1,2832.1545394750433,0.59166666666666667,0.01279558126322855,True,0.46111739989851708,300,platt,300,0,0.0085884793311004643,0.10117934059762775,252,0
20240208,0.0006652477894404736,1,2867.8097357685506,0.59166666666666667,0.015576520518906456,True,0.46117864984152446,300,platt,300,0,0.0057883365779375614,0.11492900948021714,252,0
20240219,0.00070903973435123787,1,2912.6076913445772,0.59166666666666667,0.0041869148860145255,True,0.46135275627949218,300,platt,300,0,0.0061693713150228245,0.11492900948021714,252,0
20240220,0.00065562196811639359,1,2924.6464061259971,0.59999999999999998,0.0096572033915411915,True,0.46461334445483116,300,platt,300,0,0.0057045820814217189,0.11492900948021714,252,0
20240221,0.0015741561642493862,1,2955.6008649481664,0.59999999999999998,0.01267460615130922,True,0.46826864259937551,300,platt,300,0,0.013696769609072002,0.11492900948021714,252,0
20240222,0.00083669431264623542,1,2990.8581419754123,0.59999999999999998,0.0055291906477863417,True,0.47180300974699002,300,platt,300,0,0.0060041777239502013,0.1393520230603312,252,0
20240223,0.00065565858365361788,1,3006.8511760205079,0.59999999999999998,-0.0092712157320039568,False,0.47544509052456757,300,platt,300,0,0.0039703959373748243,0.16513682614916514,252,0
20240226,0.00096657058340918612,1,2979.8996019880192,0.6166666666666667,0.012918479846018016,True,0.47442070082935039,300,platt,300,0,0.0058531498149062174,0.16513682614916514,252,0
20240227,0.0012221683982382883,1,3019.1661252170375,0.6166666666666667,-0.019110817058122676,False,0.477868961475161,300,platt,300,0,0.0074009439731772819,0.16513682614916514,252,0
20240228,0.0016886414200693867,1,2962.8471520770918,0.59999999999999998,0.019378519360871316,True,0.47912732132527153,300,platt,300,0,0.010225710760264141,0.16513682614916514,252,0
20240229,0.0023479917294554993,1,3022.2507970404927,0.6166666666666667,0.0039298597704833238,True,0.48140966552484704,300,platt,300,0,0.0098064755003090462,0.23943278391727013,252,0
20240301,0.00096126654055130186,1,3029.9301734280862,0.6166666666666667,0.0040584794208853303,True,0.48136626084356471,300,platt,300,0,0.0038630272264568704,0.24883763023150263,252,0
20240304,0.0011235033712059098,1,3042.7201699753741,0.59999999999999998,0.0027926116673693269,True,0.48613723668239056,300,platt,300,0,0.0044232078023613355,0.25400194189522951,252,0
20240305,0.0010651452825522799,1,3051.0394424426604,0.60833333333333328,-0.0025796370495096976,False,0.48543682993106813,300,platt,300,0,0.0040942052166904564,0.26015923144499536,252,0
20240306,0.00089878273962394032,1,3042.663137422569,0.6166666666666667,-0.0041216726340720378,False,0.48469332223853728,300,platt,300,0,0.0035384876702819435,0.25400194189522951,252,0
20240307,0.0013910132401608705,1,3031.6124552915803,0.60833333333333328,0.0061497958661773655,True,0.48516405389657274,300,platt,300,0,0.0055062383324286568,0.25262496030522008,252,0
20240308,0.001105119346212076,1,3049.3854147468537,0.60833333333333328,0.0073657447727182301,True,0.48855268614914904,300,platt,300,0,0.0043508303045490682,0.25400194189522951,252,0
20240311,0.0011235561786095531,1,3071.9029820234578,0.625,-0.0040803591279181539,False,0.49048621937618991,300,platt,300,0,0.0044234157039358245,0.25400194189522951,252,0
20240312,0.0010284851878677437,1,3059.0779838825865,0.60833333333333328,-0.0039596391938964137,False,0.49173441198218898,300,platt,300,0,0.0040711938623370133,0.25262496030522008,252,0
20240313,0.00097021759898755172,1,3046.7877818973275,0.59999999999999998,-0.0018400145658374889,False,0.49255544934638218,300,platt,300,0,0.0040521501822523417,0.23943278391727013,252,0
20240314,0.0013244181976475788,1,3042.2577922658697,0.59999999999999998,0.0053985310347568483,True,0.49204803717824325,300,platt,300,0,0.0053224192675980107,0.24883763023150263,252,0
20240315,0.0011266476079943922,1,3058.0773982300288,0.59999999999999998,0.0099161736428226011,True,0.49541002241497284,300,platt,300,0,0.0044597636220632467,0.25262496030522008,252,0
20240318,0.00099199568549491915,1,3087.9864334804702,0.59999999999999998,-0.0071866873184842639,False,0.49886293521672259,300,platt,300,0,0.0039054649665005181,0.25400194189522951,252,0
20240319,0.00093307735322918444,1,3065.6135880754514,0.59999999999999998,0.00552773420590702,True,0.49886293521672259,300,platt,300,0,0.0036735048018414732,0.25400194189522951,252,0
20240320,-0.00084982469478248849,0,3077.0687068700067,0.59999999999999998,-0.00083544234170118692,True,0.49887563212275554,300,platt,300,0,-0.0033457409358430158,0.25400194189522951,252,0
20240321,-0.00070447058357462451,0,3074.9452644091648,0.60833333333333328,-0.0094502216850663734,True,0.49841912198205846,300,platt,300,0,-0.0027734850305404513,0.25400194189522951,252,0
20240322,0.001557211252524271,1,3052.7800322199919,0.60833333333333328,-0.0071285631496976753,False,0.49850213655427528,300,platt,300,0,0.0061307060918714866,0.25400194189522951,252,0
20240325,-0.0013469364904055128,0,3022.2292586909352,0.59999999999999998,0.0017101379883821544,False,0.49897802962397597,300,platt,300,0,-0.0053028590268065588,0.25400194189522951,252,0
20240326,-0.0010416732473935725,0,3028.3230874464853,0.59166666666666667,-0.01264797676937357,True,0.49942216496380026,300,platt,300,0,-0.0041010444236022452,0.25400194189522951,252,0
20240327,-0.0013343569196034284,0,2989.1448845308869,0.59999999999999998,0.0058549907541873836,False,0.49896013704530556,300,platt,300,0,-0.0051290008514863995,0.26015923144499536,252,0
20240328,0.001835660677123963,1,3016.190156782568,0.6166666666666667,0.010131753012857514,True,0.49439858423314653,300,platt,300,0,0.0067303766494450044,0.27274263726017978,252,0
20240329,0.0015076177108784006,1,3045.7518170801773,0.625,0.011907172868414362,True,0.4971020194668343,300,platt,300,0,0.0044824481735509869,0.33633801273469466,252,0
20240401,-0.0013251529912792883,0,3073.3006025429108,0.6333333333333333,-0.00078638357984295304,True,0.49993844378680297,300,platt,300,0,-0.0039399441665981909,0.33633801273469466,252,0
20240402,-0.00097032384029252137,0,3071.9748943625077,0.625,-0.0018415532488794684,True,0.50388550883174998,300,platt,300,0,-0.002884966324213607,0.33633801273469466,252,0
20240403,-0.00079222079814702032,0,3066.8643399523526,0.625,-0.0072470366900760919,True,0.50721564846147182,300,platt,300,0,-0.0029046459552684099,0.27274263726017978,252,0
20240408,-0.0014527903543549018,0,3042.6258713735083,0.625,0.00048712647756721239,False,0.51056173791637605,300,platt,300,0,-0.0043194355063900288,0.33633801273469466,252,0
20240409,-0.00067813011901115172,0,3046.4695953091932,0.625,-0.006954811667196914,True,0.51060692450294498,300,platt,300,0,-0.0024863370312147312,0.27274263726017978,252,0
20240410,0.001651040252476027,1,3032.3331517776255,0.6333333333333333,0.0022830311902393152,True,0.5133526364218115,300,platt,300,0,0.0049088719977018382,0.33633801273469466,252,0
20240411,0.0018453789398242236,1,3039.8457344047974,0.6333333333333333,-0.0048687212745807118,False,0.51660234644909064,300,platt,300,0,0.005486679679230516,0.33633801273469466,252,0
20240412,-0.0010664488050134199,0,3016.2533860941553,0.625,0.012553214989301953,False,0.51739200186845125,300,platt,300,0,-0.0039100920036792526,0.27274263726017978,252,0
20240415,0.0026212802595080957,1,3065.3918435487417,0.625,-0.016455114997898757,False,0.51742145193953348,300,platt,300,0,0.0096108195104367012,0.27274263726017978,252,0
20240416,0.001637121985916889,1,3011.9910372996592,0.6166666666666667,0.021387111252984203,True,0.51830077067902347,300,platt,300,0,0.0064453128732069598,0.25400194189522951,252,0
20240417,0.0024208973818188274,1,3078.8160972531086,0.6166666666666667,0.0009259679506994356,True,0.52185324294537316,300,platt,300,0,0.0093054448553391809,0.26015923144499536,252,0
20240418,0.0015230670493200844,1,3078.906850190469,0.64166666666666672,-0.0029157271072517421,False,0.51897895886432188,300,platt,300,0,0.0059962811227180215,0.25400194189522951,252,0
20240419,-0.00085592963733620612,0,3062.6373522639292,0.6166666666666667,-0.0067419381253340793,True,0.51869940568276363,300,platt,300,0,-0.0033881435797241755,0.25262496030522008,252,0
20240422,0.0012348047957850981,1,3048.3546807541843,0.6166666666666667,-0.0074288036715028927,False,0.5188140400335699,300,platt,300,0,0.0048613990372342476,0.25400194189522951,252,0
20240423,-0.00098561304831331405,0,3018.9989995442907,0.60833333333333328,0.0075595533057408737,False,0.51701571518944156,300,platt,300,0,-0.0038803366657718659,0.25400194189522951,252,0
20240424,-0.00091532452353637269,0,3042.0352994789996,0.625,0.002652929860635922,False,0.5109651719341034,300,platt,300,0,-0.0036036123059008931,0.25400194189522951,252,0
20240425,-0.00087679719431881897,0,3050.2232258454642,0.6166666666666667,0.011705493137672329,False,0.51211568651139139,300,platt,300,0,-0.0034707464902101418,0.25262496030522008,252,0
20240426,-0.0012702690159201401,0,3084.712301768825,0.59999999999999998,0.0079023563704843092,False,0.51419005793942618,300,platt,300,0,-0.00502827992287622,0.25262496030522008,252,0
20240429,-0.0013181435429851012,0,3108.9397622068864,0.59999999999999998,-0.0026400854315159483,True,0.51394803016882318,300,platt,300,0,-0.0052177882240635586,0.25262496030522008,252,0
20240430,0.0006455001644447958,1,3106.8286647253221,0.59999999999999998,0.011561329794969044,True,0.51401247332929856,300,platt,300,0,0.0025413198010551083,0.25400194189522951,252,0
20240506,0.00052454376039724792,1,3142.3678452889726,0.66666666666666674,0.0022343918293394882,True,0.50507609448785773,300,platt,300,0,0.0020651171265990212,0.25400194189522951,252,0
20240507,0.00058436095065632614,1,3149.5774151700971,0.73333333333333339,-0.006118107669698003,False,0.49990918286119257,300,platt,300,0,0.002313156031574649,0.25262496030522008,252,0
20240508,0.00063192841903118434,1,3130.4567752939852,0.66666666666666674,0.0082596985283394098,True,0.50826223267362658,300,platt,300,0,0.0025014488602697529,0.25262496030522008,252,0
20240509,0.00099390342583661681,1,3157.4551895535751,0.66666666666666674,7.1996497755577593e-05,True,0.51184446491518043,300,platt,300,0,0.0039129756978258899,0.25400194189522951,252,0
20240510,-0.00085544529589210772,0,3151.8486574370904,0.66666666666666674,-0.0020689181635956677,True,0.51184446491518043,300,platt,300,0,-0.003367869117492657,0.25400194189522951,252,0
20240513,0.0010297598053153275,1,3151.2624051831604,0.73333333333333339,-0.00071359124163317134,False,0.50713087453763128,300,platt,300,0,0.0040541414669187136,0.25400194189522951,252,0
20240514,0.00059176507279401817,1,3147.6358593576333,0.73333333333333339,-0.0082244298327442955,False,0.50560066354950406,300,platt,300,0,0.0023698734546030681,0.24970323695749119,252,0
20240515,0.00083206021132209234,1,3122.4980464006298,0.66666666666666674,0.00080095461969786896,True,0.51121614629113254,300,platt,300,0,0.0032936579596758841,0.25262496030522008,252,0
20240516,0.00071255528335605783,1,3124.6258833293059,0.73333333333333339,0.01012851968725359,True,0.50498094005972594,300,platt,300,0,0.0028536085156051112,0.24970323695749119,252,0
20240517,0.0012056025123562515,1,3157.828802031318,0.73333333333333339,0.0054276021731334279,True,0.50973547112835094,300,platt,300,0,0.0048449364802045248,0.24883763023150263,252,0
20240520,0.00058817215130550402,1,3173.0102792355688,0.73333333333333339,-0.0041560381453374928,False,0.51069156734605214,300,platt,300,0,0.0023636784788470546,0.24883763023150263,252,0
20240521,0.00053317948556823379,1,3159.6494625273685,0.66666666666666674,0.00018182591406867843,True,0.5152552655486945,300,platt,300,0,0.0021925222895151481,0.24318087351629183,252,0
20240522,0.00044963887799298461,1,3159.9601023367318,0.66666666666666674,-0.013345691786258551,False,0.51876365540423441,300,platt,300,0,0.0018779336339686289,0.23943278391727013,252,0
20240523,-0.001061820763414211,0,3113.0779555765662,0.66666666666666674,-0.0088296158339770114,True,0.51530369227231188,300,platt,300,0,-0.005319941349261309,0.19959256948606174,252,0
20240524,-0.0011317984070464474,0,3085.3745212885274,0.66666666666666674,0.011386751241270865,False,0.51541394735005297,300,platt,300,0,-0.005670543798102088,0.19959256948606174,252,0
20240527,-0.00087863550505137562,0,3121.2978051644832,0.59999999999999998,-0.0046320109517069552,True,0.52124836681394748,300,platt,300,0,-0.0044021453670034238,0.19959256948606174,252,0
20240528,-0.00075653189226679881,0,3107.2196095350469,0.59999999999999998,0.00046485495544557054,False,0.52457795969439625,300,platt,300,0,-0.0031596838155972785,0.23943278391727013,252,0
20240529,-0.00085722531630177392,0,3108.3507569538201,0.6333333333333333,-0.0062165511374799864,True,0.51988103144967335,300,platt,300,0,-0.003580233676763188,0.23943278391727013,252,0
20240530,0.00095049365397661077,1,3094.6164201290403,0.64166666666666672,-0.0015733851696965173,False,0.52202912793117917,300,platt,300,0,0.0047621695357901945,0.19959256948606174,252,0
20240531,-0.00055134801850826828,0,3085.111491548405,0.6333333333333333,-0.0026968588383088354,True,0.52313970547938782,300,platt,300,0,-0.0027623674565037896,0.19959256948606174,252,0
20240603,0.0009557745389677843,1,3081.4310411179604,0.59999999999999998,0.004128811647091668,True,0.52757961881641446,300,platt,300,0,0.0047886278603900103,0.19959256948606174,252,0
20240604,-0.0008407447564160596,0,3088.6002904815628,0.60833333333333328,-0.0083449167559307424,True,0.52655243718732447,300,platt,300,0,-0.0042123048898108995,0.19959256948606174,252,0
20240605,-0.00073732403070314524,0,3063.1432044093808,0.60833333333333328,-0.0054183733207838758,True,0.52661784673768219,300,platt,300,0,-0.0036941456919048041,0.19959256948606174,252,0
20240606,0.00099100601612419226,1,3051.8152730968231,0.60833333333333328,0.00081501081460433333,True,0.52996521680422892,300,platt,300,0,0.0049651448381869629,0.19959256948606174,252,0
20240607,-0.0010940700525103703,0,3047.940387352467,0.6166666666666667,-0.0076143814722660075,True,0.532134991854328,300,platt,300,0,-0.004569424598464337,0.23943278391727013,252,0
20240611,-0.00095065601721031892,0,3025.1664707053005,0.6166666666666667,0.0031117105884586049,False,0.53537363326390575,300,platt,300,0,-0.0039704505024624939,0.23943278391727013,252,0
20240612,-0.00067060345425036516,0,3035.430563802327,0.6166666666666667,-0.0028144498665417794,True,0.53525014134473703,300,platt,300,0,-0.0028008004721779244,0.23943278391727013,252,0
20240613,-0.00057019363364147304,0,3027.1916298404426,0.625,0.0012263782451473748,False,0.53413866901969997,300,platt,300,0,-0.0023814350913552791,0.23943278391727013,252,0
20240614,-0.00086622505793870709,0,3030.0063570440007,0.6166666666666667,-0.0055208125558734444,True,0.53185444139086635,300,platt,300,0,-0.0035620608044270169,0.24318087351629183,252,0
20240617,-0.00047490928310059806,0,3014.4584255097534,0.6166666666666667,0.0047600199834827439,False,0.53512794848371736,300,platt,300,0,-0.0019834764284605687,0.23943278391727013,252,0
20240618,-0.00063151528298580745,0,3028.3327530871875,0.60833333333333328,-0.0040251842226426415,True,0.53286123065546898,300,platt,300,0,-0.0026375472592091291,0.23943278391727013,252,0
20240619,-0.00049317738147242973,0,3016.5606664477068,0.60833333333333328,-0.0041789247232592031,True,0.53603593041392694,300,platt,300,0,-0.0020280270168508523,0.24318087351629183,252,0
20240620,-0.00088977881087263166,0,3002.7627259289657,0.6166666666666667,-0.0024286651967305728,True,0.5350115971668451,300,platt,300,0,-0.0036589177347988314,0.24318087351629183,252,0
20240621,-0.00088670443169541226,0,2995.4792380145773,0.625,-0.011686854809904279,True,0.53734786050953343,300,platt,300,0,-0.0035633856136247526,0.24883763023150263,252,0
20240624,0.0010716006885321213,1,2966.2741588214285,0.625,-0.0044219246276255841,False,0.53734786050953354,300,platt,300,0,0.0042418638571478417,0.25262496030522008,252,0
20240625,0.0012723630247400428,1,2953.7497662152396,0.6166666666666667,0.0076368909344055602,True,0.53496124964208225,300,platt,300,0,0.0050365689249501746,0.25262496030522008,252,0
20240626,0.002013774262707011,1,2978.5110945416309,0.6333333333333333,-0.0089730781415435779,False,0.53631059836974848,300,platt,300,0,0.0059873525633734638,0.33633801273469466,252,0
20240627,-0.00070707194128613376,0,2943.7694704247897,0.6333333333333333,0.0073155056920026773,False,0.53291015701981126,300,platt,300,0,-0.0025924510681167552,0.27274263726017978,252,0
20240628,0.0017626717848272754,1,2972.6333571897776,0.625,0.0092092317227712162,True,0.53391504823962832,300,platt,300,0,0.0064627657873154408,0.27274263726017978,252,0
20240701,0.0016361768056724279,1,2999.6302082561047,0.6333333333333333,0.00076160447570194911,True,0.53626247091903123,300,platt,300,0,0.0048646800055961959,0.33633801273469466,252,0
20240702,-0.00073358855901327455,0,2994.8125269458042,0.64166666666666672,-0.004883365296845299,True,0.53533546310815372,300,platt,300,0,-0.00218110511223105,0.33633801273469466,252,0
20240703,-0.0009732546756475428,0,2979.4729890027625,0.64166666666666672,-0.0083184022830657955,True,0.53539985559143033,300,platt,300,0,-0.0028860886505273865,0.3372227237266936,252,0
20240704,0.0019364127632434862,1,2963.2940704869479,0.64166666666666672,-0.002581074241090664,False,0.53878399774351549,300,platt,300,0,0.0057422368867789475,0.3372227237266936,252,0
20240705,0.0017693242234047381,1,2955.1526884451182,0.64166666666666672,-0.0093166513290318109,False,0.53873216986347405,300,platt,300,0,0.0052605538369532769,0.33633801273469466,252,0
20240708,-0.0011943243312646386,0,2918.9594470969605,0.6333333333333333,0.012634126341537266,False,0.5396425479441791,300,platt,300,0,-0.004378942519813381,0.27274263726017978,252,0
20240709,0.0028622967261531028,1,2967.8430019319881,0.625,-0.0067611632790790521,False,0.54057372389911784,300,platt,300,0,0.0085101790989378853,0.33633801273469466,252,0
20240710,-0.00084331356050435001,0,2936.8847948168673,0.625,0.010554597600650695,False,0.54062203959743993,300,platt,300,0,-0.0033772632296629516,0.24970323695749119,252,0
20240711,-0.00086205096414910859,0,2967.8267746779334,0.6166666666666667,0.00030554937042892583,False,0.54151663920209747,300,platt,300,0,-0.0034123744665118735,0.25262496030522008,252,0
20240712,0.00049201878499662249,1,2972.7569329557664,0.59999999999999998,0.00091397858509489893,True,0.54006359467748732,300,platt,300,0,0.0019704141243486661,0.24970323695749119,252,0
20240715,0.00064570994341317219,1,2975.9310482808069,0.66666666666666674,0.00077121444115846316,True,0.53237709348215523,300,platt,300,0,0.0025859093829972901,0.24970323695749119,252,0
20240716,0.00062902653778973883,1,2978.1764743892377,0.66666666666666674,-0.0045188255784195386,False,0.53596143570912236,300,platt,300,0,0.002519096450066535,0.24970323695749119,252,0
20240717,0.00053015333633849352,1,2964.4256674103217,0.66666666666666674,0.0048191695111361454,True,0.5358315832430609,300,platt,300,0,0.0021231336157197891,0.24970323695749119,252,0
20240718,-0.0014322588071178028,0,2972.8693744678853,0.66666666666666674,0.0017383164624062974,False,0.53934007641056747,300,platt,300,0,-0.0057358439745081348,0.24970323695749119,252,0
20240719,0.0010743331793979306,1,2985.5125930801833,0.59999999999999998,-0.0060668101215279879,False,0.54356141126974333,300,platt,300,0,0.0044178358431875434,0.24318087351629183,252,0
20240722,-0.0011407224453237677,0,2960.8341528463729,0.6166666666666667,-0.016478896355544892,True,0.53827908550710002,300,platt,300,0,-0.0046908394925530414,0.24318087351629183,252,0
20240723,0.0016308383372239782,1,2920.122994716935,0.625,-0.0046020597396179141,False,0.54058594234922719,300,platt,300,0,0.0067062771575854248,0.24318087351629183,252,0
20240724,-0.00096722111710667439,0,2899.1449709382141,0.6166666666666667,-0.0052413689296976207,True,0.53819455165332708,300,platt,300,0,-0.0040396352633182966,0.23943278391727013,252,0
20240725,-0.00089154283706115265,0,2884.1679462040734,0.625,0.0014395815683676538,False,0.53720489909402069,300,platt,300,0,-0.0037235620890128497,0.23943278391727013,252,0
20240726,-0.00082833946359698685,0,2888.502655681204,0.60833333333333328,0.00032792586578556104,False,0.53580812602281469,300,platt,300,0,-0.003459590829813842,0.23943278391727013,252,0
20240729,0.00071312043532301692,1,2893.9075339792225,0.66666666666666674,-0.0043383026056061924,False,0.52574161647280215,300,platt,300,0,0.0029783742378797109,0.23943278391727013,252,0
20240730,0.00070558024585918244,1,2881.3311769196698,0.59999999999999998,0.020647278247807321,True,0.5303041717035365,300,platt,300,0,0.0029468823538508311,0.23943278391727013,252,0
20240731,-0.002270229440738512,0,2932.0776648201904,0.59999999999999998,-0.0021649345862880809,True,0.53065964220213924,300,platt,300,0,-0.0094816983856435121,0.23943278391727013,252,0
20240801,0.00062724471677931526,1,2934.2264243160266,0.59999999999999998,-0.009224430157941943,False,0.53100530939667612,300,platt,300,0,0.0027471246734927729,0.22832772128314743,252,0
20240802,-0.00095008638044036438,0,2902.5771784106673,0.625,-0.015364720966152823,True,0.52705222148217068,300,platt,300,0,-0.0041610645220873975,0.22832772128314743,252,0
20240805,0.0020726421380656283,1,2866.6270028045519,0.6333333333333333,0.0023022005330308737,True,0.52938781006721447,300,platt,300,0,0.0086564676071334366,0.23943278391727013,252,0
20240806,0.001576784823710509,1,2871.8047894234323,0.625,0.00088937833392632726,True,0.5335082346094332,300,platt,300,0,0.0063146350961358847,0.24970323695749119,252,0
20240807,-0.0010457196450114818,0,2866.8327584174222,0.6333333333333333,2.3555371046368734e-05,False,0.5327942987676465,300,platt,300,0,-0.0043001722540544464,0.24318087351629183,252,0
20240808,0.0012685889766791715,1,2873.5421252801966,0.625,-0.0026855626468561544,False,0.5335269871232402,300,platt,300,0,0.0052166478322736298,0.24318087351629183,252,0
20240809,-0.00090325348503226296,0,2859.6088132043365,0.6166666666666667,-0.0013938607448041873,True,0.53091841006223184,300,platt,300,0,-0.0037724720493763253,0.23943278391727013,252,0
20240812,-0.00063369729480212587,0,2856.3933634769892,0.60833333333333328,0.0034082234700762992,False,0.5316318651183799,300,platt,300,0,-0.0026466605133785011,0.23943278391727013,252,0
20240813,-0.00075759929910690501,0,2865.7732461205233,0.625,-0.0060294370953986043,True,0.52684852274169081,300,platt,300,0,-0.0033180346864996389,0.22832772128314743,252,0
20240814,-0.00056077123514323621,0,2849.0553352915304,0.60833333333333328,0.0093676752551405951,False,0.52818950980608059,300,platt,300,0,-0.002342082090717353,0.23943278391727013,252,0
20240815,0.0017459573902015326,1,2882.3816442897596,0.6166666666666667,0.00072007031172582892,True,0.52752030560064178,300,platt,300,0,0.0072920565080377775,0.23943278391727013,252,0
20240816,-0.00054720530921777177,0,2877.8541607259199,0.59999999999999998,0.0049468127335487999,False,0.52883818123730553,300,platt,300,0,-0.0022854234924104817,0.23943278391727013,252,0
20240819,-0.00091064997099182365,0,2891.0386760379702,0.59166666666666667,-0.0093351227080260557,True,0.52946406785858824,300,platt,300,0,-0.0039883460749933807,0.22832772128314743,252,0
20240820,-0.0014547592756556072,0,2862.4906983200899,0.59166666666666667,-0.0035152743906586847,True,0.53304217107409679,300,platt,300,0,-0.0060758566636315856,0.23943278391727013,252,0
20240821,-0.00054433233688165128,0,2855.0289690102145,0.59999999999999998,-0.0027347700167322797,True,0.53584798394112954,300,platt,300,0,-0.0022734244157213298,0.23943278391727013,252,0
20240822,-0.00056822500519386639,0,2847.153056629149,0.59999999999999998,0.001964249997139067,False,0.53606754920131316,300,platt,300,0,-0.0023366352664894031,0.24318087351629183,252,0
20240823,-0.00074093192405865068,0,2852.2526079962545,0.59166666666666667,0.00040387231146654656,False,0.53356088445374927,300,platt,300,0,-0.0030945299634266492,0.23943278391727013,252,0
20240826,0.00056307790323593954,1,2857.1281803831716,0.59999999999999998,-0.0023775351903468911,False,0.53248979209834035,300,platt,300,0,0.0023517159764992611,0.23943278391727013,252,0
20240827,-0.00035135791018073092,0,2847.7302757589018,0.59166666666666667,-0.0039673451816023553,True,0.52985787900630865,300,platt,300,0,-0.0015388315891131533,0.22832772128314743,252,0
20240828,-0.0007521906677549862,0,2835.2950121601252,0.58333333333333337,-0.0050479848079384437,True,0.53439237662462191,300,platt,300,0,-0.0031415525286415517,0.23943278391727013,252,0
20240829,0.00056239367200899934,1,2824.6936969498106,0.57499999999999996,0.0067685024933530347,True,0.53520953867565524,300,platt,300,0,0.0023488582591234459,0.23943278391727013,252,0
20240830,-0.0017735396300666943,0,2837.1734204791619,0.59166666666666667,-0.010970038781735747,True,0.53719603214750677,300,platt,300,0,-0.0074072547670810838,0.23943278391727013,252,0
20240902,-0.0010163071513476759,0,2808.1781250268114,0.59999999999999998,-0.0028659550663722166,True,0.53987591283404501,300,platt,300,0,-0.0042446449258963419,0.23943278391727013,252,0
20240903,0.00073477951538883271,1,2805.0382713308318,0.59999999999999998,-0.0066716168767176898,False,0.53975216466810161,300,platt,300,0,0.0029426110944405564,0.24970323695749119,252,0
20240904,-0.00069085146272037463,0,2782.3547772638244,0.58333333333333337,0.001449495907072329,False,0.54184613395795,300,platt,300,0,-0.002766690056316664,0.24970323695749119,252,0
20240905,-0.00066561250519693214,0,2786.4581632666232,0.59166666666666667,-0.0080720819795733201,True,0.54083815184944584,300,platt,300,0,-0.0027371087848006253,0.24318087351629183,252,0
20240906,-0.0014303660003665468,0,2761.8504842757707,0.6166666666666667,-0.010600524273823075,True,0.54130344852914269,300,platt,300,0,-0.0057282637493804231,0.24970323695749119,252,0
20240909,-0.0011848113342545262,0,2733.245378475473,0.6166666666666667,0.0028154704592853186,False,0.54469229510912576,300,platt,300,0,-0.0044549902531889089,0.26595149863828121,252,0
20240910,-0.0012557918437391389,0,2740.745965943167,0.59999999999999998,-0.0081615641995326227,True,0.54343738834967803,300,platt,300,0,-0.0047218829379379913,0.26595149863828121,252,0
20240911,-0.00083457395874723245,0,2719.5236606050371,0.60833333333333328,-0.0017165508999354984,True,0.54240558673879091,300,platt,300,0,-0.0033422632758633723,0.24970323695749119,252,0
20240912,-0.0006944202674987823,0,2715.2362746500708,0.6166666666666667,-0.0047968014404646819,True,0.5446980857825896,300,platt,300,0,-0.0027488189079170468,0.25262496030522008,252,0
20240913,-0.00097588257502082291,0,2701.4507260780647,0.6166666666666667,0.0048784256261331649,False,0.5481248639126628,300,platt,300,0,-0.0038629697312639534,0.25262496030522008,252,0
20240918,-0.001317280753644163,0,2713.7018776412729,0.59999999999999998,0.0068969303987775898,False,0.54687745018676936,300,platt,300,0,-0.0052143729267790156,0.25262496030522008,252,0
20240919,-0.0019066709360628393,0,2730.805505990837,0.58333333333333337,0.00028936168719684296,False,0.54927150168029415,300,platt,300,0,-0.0075474368556424911,0.25262496030522008,252,0
20240920,-0.00084778397630393869,0,2734.4936730294544,0.59999999999999998,0.0044225878858623613,False,0.54333187109283199,300,platt,300,0,-0.0034862280246194676,0.24318087351629183,252,0
20240923,-0.00099419172431385841,0,2746.1847487718401,0.58333333333333337,0.041546460266889795,False,0.54543792941125913,300,platt,300,0,-0.0043542313597610387,0.22832772128314743,252,0
20240924,0.0033413445345448823,1,2872.6921887411413,0.59999999999999998,0.011588803913764822,True,0.53977167972088158,300,platt,300,0,0.0146339853775412,0.22832772128314743,252,0
20240925,0.0022559595031807506,1,2902.8396483680317,0.60833333333333328,0.036131165297917267,True,0.5423491886658921,300,platt,300,0,0.0090345625097555272,0.24970323695749119,252,0
20240926,0.0038936679208781294,1,3012.637312870696,0.6166666666666667,0.028849505986865642,True,0.54124231271728418,300,platt,300,0,0.015412839317911506,0.25262496030522008,252,0
20240927,0.0025543033711406841,1,3095.4150847114729,0.6166666666666667,0.080636921063662381,True,0.54123261686127944,300,platt,300,0,0.0096043954789469879,0.26595149863828121,252,0
20240930,0.0050867953776614645,1,3353.4694795518994,0.6166666666666667,0.045939703115009056,True,0.54465183537871875,300,platt,300,0,0.019126778392702271,0.26595149863828121,252,0
20241008,0.0069903365429327012,1,3514.1698024081466,0.6166666666666667,-0.066169679530351244,False,0.54461195930632367,300,platt,300,0,0.019225626637548621,0.36359473086199545,252,0
20241009,0.0057910308250972535,1,3277.729945974409,0.6166666666666667,0.013215703980701488,True,0.54124754382229612,300,platt,300,0,0.019417531815601158,0.29823722603324937,252,0
20241010,0.0070601122544977366,1,3325.2378675100335,0.6166666666666667,-0.025496695731421437,False,0.54125083001827268,300,platt,300,0,0.019417531815601158,0.36359473086199545,252,0
20241011,0.0050623467426214952,1,3234.0270039642051,0.6166666666666667,0.020693047789445362,True,0.54126226380557008,300,platt,300,0,0.015051366634001917,0.33633801273469466,252,0
20241014,0.0044313717809883286,1,3298.876554046165,0.6166666666666667,-0.025280891264484517,False,0.54126496704169447,300,platt,300,0,0.012187667765378817,0.36359473086199545,252,0
20241015,0.0038904449115479936,1,3213.7463497827348,0.6166666666666667,0.00051732239724833207,True,0.53789337810576054,300,platt,300,0,0.011567068735156019,0.33633801273469466,252,0
20241016,0.0025257909567130581,1,3211.0379770932223,0.625,-0.010479002468975374,False,0.5369906162498872,300,platt,300,0,0.0094971864029552572,0.26595149863828121,252,0
20241017,0.0026659842131439215,1,3177.8338285091868,0.6166666666666667,0.029084197836153791,True,0.53788823970461463,300,platt,300,0,0.010024324836649664,0.26595149863828121,252,0
20241018,0.0053761382405199242,1,3279.0979151810061,0.625,0.0020072276383538146,True,0.54037347166429073,300,platt,300,0,0.020214731889260651,0.26595149863828121,252,0
20241021,0.002068627395854966,1,3274.8705018786677,0.625,0.0054333850451788734,True,0.5436175632369098,300,platt,300,0,0.0082843435313861135,0.24970323695749119,252,0
20241022,0.0013860761413208506,1,3290.4213617136461,0.60833333333333328,0.0051541649480688623,True,0.54877932925740247,300,platt,300,0,0.0052117628530683451,0.26595149863828121,252,0
20241023,0.0018698063328951725,1,3308.9784015917439,0.6166666666666667,-0.0068245975811817017,False,0.55134397723681272,300,platt,300,0,0.007030629052548725,0.26595149863828121,252,0
20241024,0.00086313104494066409,1,3283.0937963993047,0.60833333333333328,0.005925684301180123,True,0.55235089937491411,300,platt,300,0,0.0034166498983229285,0.25262496030522008,252,0
20241025,0.0015000415628027052,1,3304.6499875947929,0.625,0.0068179525273857067,True,0.5504225703970469,300,platt,300,0,0.0056402824217317207,0.26595149863828121,252,0
20241028,0.0014642300688125884,1,3327.061961474034,0.6333333333333333,-0.010773140368686707,False,0.54944167169858849,300,platt,300,0,0.0055056281927708837,0.26595149863828121,252,0
20241029,0.0019604251653017632,1,3292.8497549862241,0.6333333333333333,-0.0061371583008434927,False,0.54610736401414106,300,platt,300,0,0.0073713634829639507,0.26595149863828121,252,0
20241030,0.0015613663808659933,1,3271.3375938928339,0.625,0.0041597093757228532,True,0.54701487799307846,300,platt,300,0,0.006180570514408232,0.25262496030522008,252,0
20241031,0.0015115795835461416,1,3284.7821156006562,0.6333333333333333,-0.0023812860225077559,False,0.54943840675009681,300,platt,300,0,0.0056836663500138065,0.26595149863828121,252,0
20241101,0.0015465402256770147,1,3277.0745015792863,0.60833333333333328,0.01167262660412649,True,0.55219705621817761,300,platt,300,0,0.0061218821125533021,0.25262496030522008,252,0
20241104,0.0015182331230656604,1,3315.2328662152504,0.6333333333333333,0.023194832033475166,True,0.54944335070654371,300,platt,300,0,0.0060098302290927212,0.25262496030522008,252,0
20241105,0.0027830184046781672,1,3396.4129468791039,0.6333333333333333,-0.00093909427284766256,False,0.55279894342315639,300,platt,300,0,0.011016403134970272,0.25262496030522008,252,0
20241106,0.00166256661652867,1,3389.4320032249225,0.625,0.025667752485352135,True,0.55033179247224318,300,platt,300,0,0.006836749093333966,0.24318087351629183,252,0
20241107,0.0035212501527142519,1,3482.8819652241441,0.6333333333333333,-0.0052911536243717139,False,0.55280582500259534,300,platt,300,0,0.014479963418991283,0.24318087351629183,252,0
20241108,0.0018928725729521183,1,3458.8318584942717,0.65000000000000002,0.0051468919056822937,True,0.54773816446810808,300,platt,300,0,0.0082901566323818465,0.22832772128314743,252,0
20241111,0.0015375069592678695,1,3475.4009501628666,0.65833333333333333,-0.013860141034217288,False,0.55045331916178564,300,platt,300,0,0.0067337726257129292,0.22832772128314743,252,0
20241112,0.0021893919004259588,1,3429.4621336204395,0.65000000000000002,0.0050578174251141306,True,0.54782791648954865,300,platt,300,0,0.010969305651325119,0.19959256948606174,252,0
20241113,0.0010759643868184375,1,3442.9783404291748,0.6333333333333333,-0.01728237829465229,False,0.54950069630202825,300,platt,300,0,0.0047123686110988796,0.22832772128314743,252,0
20241114,0.0019021158442494215,1,3386.2677451227005,0.625,-0.014531047618867365,False,0.54694707568048651,300,platt,300,0,0.0083306391075073285,0.22832772128314743,252,0
20241115,0.001822579402561648,1,3336.7968131499501,0.625,-0.002064924998490536,False,0.54692744881702438,300,platt,300,0,0.0079822957646981524,0.22832772128314743,252,0
20241118,-0.0020045913284030457,0,3317.1856419195151,0.59999999999999998,0.0066673313579925786,False,0.54590222003474154,300,platt,300,0,-0.010043416613978876,0.19959256948606174,252,0
20241119,0.0013148316365737614,1,3350.4092395413259,0.625,0.0065688689853808935,True,0.54355936436080232,300,platt,300,0,0.0080101139720317252,0.1641464330176392,252,0
20241120,0.00088222914036497604,1,3370.9606383048977,0.625,0.00071692626814456872,True,0.54689569681016315,300,platt,300,0,0.0053746470401228371,0.1641464330176392,252,0
20241121,0.00061747930047092851,1,3372.4850546424764,0.6333333333333333,-0.030623125020713293,False,0.54618709596113679,300,platt,300,0,0.0037617588705358834,0.1641464330176392,252,0
20241122,0.0022563325605183789,1,3274.563470788532,0.625,-0.0010504128377410993,False,0.54356437110244471,300,platt,300,0,0.013745851914283833,0.1641464330176392,252,0
20241125,0.0010798518472113052,1,3267.2840769408986,0.625,-0.0012263464126970325,False,0.54356437110244471,300,platt,300,0,0.0068974564327412748,0.15655798013966385,252,0
20241126,-0.00060022243662599,0,3257.8006205906072,0.59999999999999998,0.015345222644189471,False,0.54573682840910709,300,platt,300,0,-0.0042616123186565479,0.14084397916683494,252,0
20241127,0.001504582477574417,1,3314.7587353375852,0.60833333333333328,-0.0042542418770026291,False,0.54164588450671425,300,platt,300,0,0.010682618358802423,0.14084397916683494,252,0
20241128,-0.00049940146817716306,0,3294.0524234303111,0.59999999999999998,0.0093325896973033284,False,0.54233187115251047,300,platt,300,0,-0.0037439088816175678,0.13339039062334099,252,0
20241129,0.0010940706902221966,1,3330.0950776836926,0.6166666666666667,0.011281256503731685,True,0.53752950085052398,300,platt,300,0,0.0082020202887894793,0.13339039062334099,252,0
20241202,0.00082888146635027378,1,3366.7706425816,0.60833333333333328,0.0044066819257639889,True,0.54159203514153809,300,platt,300,0,0.0058851040083753442,0.14084397916683494,252,0
20241203,0.0006808019896719043,1,3381.106598051756,0.60833333333333328,-0.0041897933006695975,False,0.54500325817981832,300,platt,300,0,0.0048337315780142007,0.14084397916683494,252,0
20241204,0.00062498967903923256,1,3366.7526713985812,0.60833333333333328,0.0012499071968796738,True,0.5415920351415382,300,platt,300,0,0.0044374611022520811,0.14084397916683494,252,0
20241205,0.00042700378616108314,1,3370.2938139681291,0.60833333333333328,0.010454916244102108,True,0.54157909632623313,300,platt,300,0,0.0030317503714893004,0.14084397916683494,252,0
20241206,0.0010580727981919992,1,3407.6781606418072,0.60833333333333328,-0.00045301568437183803,False,0.54155297250008072,300,platt,300,0,0.0067583447183471763,0.15655798013966385,252,0
20241209,0.0007149347026711826,1,3404.9668898480986,0.60833333333333328,0.0059151203854139744,True,0.54159454133636964,300,platt,300,0,0.0050760757179709884,0.14084397916683494,252,0
20241210,0.0014971199416263115,1,3427.7848335873905,0.60833333333333328,0.0028718885281266981,True,0.54482203556168007,300,platt,300,0,0.0095627188105693837,0.15655798013966385,252,0
20241211,0.00044098351342167284,1,3434.0038715881815,0.6166666666666667,0.0084514735103977667,True,0.54422411544562499,300,platt,300,0,0.0026865251063621022,0.1641464330176392,252,0
20241212,0.00093544605607646589,1,3464.7378463360192,0.6166666666666667,-0.020113131307995413,False,0.5442610044974362,300,platt,300,0,0.0046867779621514987,0.19959256948606174,252,0
20241213,0.0010751933605652093,1,3395.5251249204862,0.6166666666666667,-0.0016353771193788891,False,0.54417103673646217,300,platt,300,0,0.0065502084985889931,0.1641464330176392,252,0
20241216,0.00049830981039431562,1,3388.0186420582045,0.6166666666666667,-0.0073372031654789227,False,0.54408059862794222,300,platt,300,0,0.0031829090407897334,0.15655798013966385,252,0
20241217,0.00075995385243153818,1,3364.0395734756407,0.60833333333333328,0.0061648646357188586,True,0.54473857681629756,300,platt,300,0,0.0048541367980960842,0.15655798013966385,252,0
20241218,0.00051818295700314552,1,3383.9607025944579,0.60833333333333328,-0.003599719366765064,False,0.54482708766739274,300,platt,300,0,0.0031568334899331105,0.1641464330176392,252,0
20241219,0.0006419491016379763,1,3372.1964897210355,0.60833333333333328,-0.00058272424683303292,False,0.54150975230499376,300,platt,300,0,0.0039108318702788525,0.1641464330176392,252,0
20241220,0.00057482620659377894,1,3370.0053544992643,0.59999999999999998,-0.0049916431351338941,False,0.53891245774316088,300,platt,300,0,0.0035019110438544105,0.1641464330176392,252,0
20241223,0.00072810000794222584,1,3353.6971503211262,0.6166666666666667,0.012613475701401811,True,0.53410162883653223,300,platt,300,0,0.0046506732348788283,0.15655798013966385,252,0
20241224,0.00086252765009676242,1,3396.4551118176305,0.6166666666666667,-5.2452785052836681e-05,False,0.53410998587884795,300,platt,300,0,0.005254623169326348,0.1641464330176392,252,0
20241225,0.0006608963513632445,1,3395.5927526999881,0.6333333333333333,0.0013928418408699628,True,0.52937341707828378,300,platt,300,0,0.004026260816110603,0.1641464330176392,252,0
20241226,0.00051936123792578072,1,3399.8413292176065,0.6166666666666667,0.00060784387873535906,True,0.53412345999976962,300,platt,300,0,0.0026021070787509933,0.19959256948606174,252,0
20241227,0.00076288647909790203,1,3402.7359223588123,0.6166666666666667,0.0021128235232528159,True,0.53748923623202527,300,platt,300,0,0.0038222188384181158,0.19959256948606174,252,0
20241230,-0.00044429777130801997,0,3405.8120326965095,0.54545454545454541,-0.016306893332392991,True,0.54360272695889655,300,platt,300,0,-0.002226023606249765,0.19959256948606174,252,0
20241231,0.0015586726470451491,1,3356.987301307478,0.625,-0.026613546363510765,False,0.53673840871040734,300,platt,300,0,0.0078092719135718965,0.19959256948606174,252,0
20250102,0.0023403594686995425,1,3270.1962648264516,0.6166666666666667,-0.015671984279097106,False,0.53753358012454533,300,platt,300,0,0.014257754041161814,0.1641464330176392,252,0
20250103,-0.0012605876319854398,0,3207.3816111870719,0.6166666666666667,-0.0014034558250828333,True,0.53756539438810547,300,platt,300,0,-0.0089502415328114714,0.14084397916683494,252,0
20250106,0.00070447596631242285,1,3209.1820000384191,0.6166666666666667,0.0070850162030717811,True,0.53755731517129224,300,platt,300,0,0.0044926458958441393,0.1568064749915164,252,0
20250107,0.00085081311172147827,1,3232.3917233763113,0.60833333333333328,0.00016224698952105321,True,0.53832383510181236,300,platt,300,0,0.0054258799693540031,0.1568064749915164,252,0
20250108,-0.001448332317295368,0,3225.4895434401396,0.6333333333333333,-0.0058122675294989268,True,0.53928469993977024,300,platt,300,0,-0.0092364318334030929,0.1568064749915164,252,0
20250109,-0.00049884258350517353,0,3209.7913202695768,0.60833333333333328,-0.013349190209744899,True,0.54170073687026776,300,platt,300,0,-0.0030390095863464047,0.1641464330176392,252,0
20250110,-0.0011353591770742195,0,3164.9263874258918,0.59999999999999998,-0.0024518673332988294,True,0.54251051020103191,300,platt,300,0,-0.0069167459578741725,0.1641464330176392,252,0
20250113,-0.00084992626517682449,0,3158.0685913077114,0.59999999999999998,0.025368938750393477,False,0.54254711475433881,300,platt,300,0,-0.0042583061451903293,0.19959256948606174,252,0
20250114,-0.0018484636514007466,0,3234.9492402136293,0.59999999999999998,-0.0042652131788925018,True,0.5391021410399357,300,platt,300,0,-0.011261064997995481,0.1641464330176392,252,0
20250115,0.00062059711970521576,1,3229.1194393289729,0.60833333333333328,0.002762620886936018,True,0.5383575496761186,300,platt,300,0,0.003109319757259572,0.19959256948606174,252,0
20250116,-0.0014413780376708639,0,3231.3676545460003,0.60833333333333328,0.0017889810731166467,False,0.5383800824927929,300,platt,300,0,-0.0063127597015844705,0.22832772128314743,252,0
20250117,0.00095880049302942761,1,3244.9294597648732,0.6333333333333333,0.00078856909196600711,True,0.53261063569730349,300,platt,300,0,0.0048037885152652643,0.19959256948606174,252,0
20250120,-0.00064485568324430245,0,3242.285444666049,0.60833333333333328,-0.00054093580229364058,True,0.53496523917257122,300,platt,300,0,-0.0039283182117237359,0.16415566369338025,252,0
20250121,0.00061716848741929153,1,3244.6238444853134,0.60833333333333328,-0.0089430388846362119,False,0.53499980659139346,300,platt,300,0,0.003759653937814023,0.16415566369338025,252,0
20250122,0.0006795296057011301,1,3215.8074524457329,0.60833333333333328,0.005146837820495298,True,0.53492492721099649,300,platt,300,0,0.0041397768639182533,0.1641464330176392,252,0
20250123,-0.00092503372241595379,0,3227.1756896485763,0.6166666666666667,0.0069540438461370702,False,0.53417834894286187,300,platt,300,0,-0.0056351008646511706,0.16415566369338025,252,0
20250124,-0.00080151899873252884,0,3250.019358144621,0.60833333333333328,-0.00062278901751522397,True,0.53491492140208707,300,platt,300,0,-0.004882951057769239,0.1641464330176392,252,0
20250127,0.00049782186639633138,1,3252.2189201073829,0.60833333333333328,-0.0064951379601930759,False,0.53495975386614647,300,platt,300,0,0.0030327912537876189,0.1641464330176392,252,0
20250205,0.0010209012966422093,1,3232.7845880783298,0.59999999999999998,0.012748709733395591,True,0.53248373787621395,300,platt,300,0,0.0065105812543611004,0.1568064749915164,252,0
20250206,-0.00094702190002151764,0,3267.562013920689,0.60833333333333328,0.01009190990660791,False,0.53494141420148933,300,platt,300,0,-0.0057690479799126617,0.16415566369338025,252,0
20250207,0.0013030129065217406,1,3307.9713202186445,0.60833333333333328,0.0056008072969591094,True,0.53488686219508974,300,platt,300,0,0.0079381128335680538,0.1641464330176392,252,0
20250210,0.00064942853211942498,1,3324.3273118566658,0.6166666666666667,-0.0012380161905030107,False,0.53744002712830607,300,platt,300,0,0.003253771088731722,0.19959256948606174,252,0
20250211,0.00049125402417813963,1,3319.6869088045773,0.6166666666666667,0.0085376775787058268,True,0.53409100492461525,300,platt,300,0,0.0024612841321853198,0.19959256948606174,252,0
20250212,-0.00073093003618248395,0,3343.9394263984973,0.6166666666666667,-0.0041545722737137414,True,0.53741523141850978,300,platt,300,0,-0.0044526641343777132,0.16415566369338025,252,0
20250213,0.00054262143645024809,1,3334.2908764953577,0.625,0.0042735707007142132,True,0.53999548628681826,300,platt,300,0,0.0033055297894795076,0.16415566369338025,252,0
20250214,-0.00053738004515274445,0,3344.9257371982903,0.625,0.0027206902797667354,False,0.54333288460221707,300,platt,300,0,-0.003273784481780347,0.1641464330176392,252,0
20250217,0.00046128577377356088,1,3357.3775964536885,0.6166666666666667,-0.0093386744070675931,False,0.54411208907631081,300,platt,300,0,0.002941752078787037,0.1568064749915164,252,0
20250218,-0.0010047642322553068,0,3321.150270754651,0.6166666666666667,0.0081361637779935325,False,0.54075616899957357,300,platt,300,0,-0.0064178410538956012,0.15655798013966385,252,0
20250219,0.00060771093121609904,1,3353.5759670082398,0.65000000000000002,-0.00022553816467374421,False,0.53431815930762683,300,platt,300,0,0.0038755474303531004,0.1568064749915164,252,0
20250220,-0.00033732499526836887,0,3349.6529970391821,0.65000000000000002,0.0084545903043027337,False,0.5305736225500306,300,platt,300,0,-0.0021512185340982824,0.1568064749915164,252,0
20250221,0.00080413168086097137,1,3381.8300516556824,0.59999999999999998,-0.0018008277202229417,False,0.53570164880984383,300,platt,300,0,0.0051281790557722619,0.1568064749915164,252,0
20250224,0.00055343697845859239,1,3374.8943582032011,0.65000000000000002,-0.0080010611238401363,False,0.52716618781507785,300,platt,300,0,0.0035294268204711233,0.1568064749915164,252,0
20250225,-0.00061320498218960645,0,3343.9879917240351,0.59999999999999998,0.010213446953021954,False,0.53235655822680517,300,platt,300,0,-0.0039105845739009328,0.1568064749915164,252,0
20250226,-0.00058267402172071641,0,3378.2448368812734,0.6333333333333333,0.0023216870503834919,False,0.52917252051678731,300,platt,300,0,-0.00354972088646058,0.1641464330176392,252,0
20250227,-0.00070571552935933121,0,3385.6711918910241,0.59999999999999998,-0.019823986702487306,True,0.53191195653146839,300,platt,300,0,-0.0042990629350292096,0.16415566369338025,252,0
20250228,-0.0013192255412557963,0,3316.5162874619527,0.59999999999999998,-0.0011960622811191257,True,0.53534331784727651,300,platt,300,0,-0.0080368821728464372,0.1641464330176392,252,0
20250303,0.00086571205329029712,1,3319.7968022120731,0.66666666666666674,0.0021961905503267154,True,0.52886047737161401,300,platt,300,0,0.0055296577824905753,0.15655798013966385,252,0
20250304,-0.0005873403388621637,0,3322.2574574308846,0.66666666666666674,0.005341118802395739,False,0.52852083803645855,300,platt,300,0,-0.0037515835241244367,0.15655798013966385,252,0
20250305,-0.00052310698848548852,0,3340.2166948055369,0.66666666666666674,0.011709698088091969,False,0.5291750129523034,300,platt,300,0,-0.0035149919001849061,0.14882167678906186,252,0
20250306,-0.00065726302905400361,0,3378.8760290898126,0.66666666666666674,-0.0025295035048227277,True,0.52952847541611026,300,platt,300,0,-0.0046666036627341454,0.14084397916683494,252,0
20250307,-0.00046308977317662019,0,3370.98400853045,0.73333333333333339,-0.0018925762253546585,True,0.52838669320895693,300,platt,300,0,-0.0032879628644123518,0.14084397916683494,252,0
20250310,0.00048074370958403693,1,3367.781261687684,0.73333333333333339,0.0040596370407492977,True,0.52987157646217187,300,platt,300,0,0.003491198514727708,0.1377016252602101,252,0
20250311,0.00075299973506959825,1,3382.3734098897808,0.73333333333333339,-0.0023388465520912671,False,0.53452787437513638,300,platt,300,0,0.0054683431197466272,0.1377016252602101,252,0
20250312,-0.00037148470990223053,0,3370.67088197679,0.66666666666666674,-0.0039131967258450029,True,0.53721650850497282,300,platt,300,0,-0.0026977510919006836,0.1377016252602101,252,0
20250313,-0.00058615283555292681,0,3356.7597717658728,0.66666666666666674,0.018111943254716767,False,0.54100395133632717,300,platt,300,0,-0.004394265829898247,0.13339039062334099,252,0
20250314,-0.0010001162155858596,0,3416.1416409936455,0.59999999999999998,0.0019203923684252278,False,0.54151243720279996,300,platt,300,0,-0.0072629223779746531,0.1377016252602101,252,0
20250317,0.0002117501649943359,1,3426.8539832751667,0.60833333333333328,0.0010597384190349501,True,0.53760889212576468,300,platt,300,0,0.001660218248978079,0.12754357153023427,252,0
20250318,0.00016362295689785025,1,3430.320487358114,0.60833333333333328,-0.00097097192797179765,False,0.53764297588488508,300,platt,300,0,0.0016443165244870424,0.099508187420845703,252,0
20250319,0.00029068484221379511,1,3427.4251110022897,0.60833333333333328,-0.0051017836615968593,False,0.53429349113515956,300,platt,300,0,0.0029212153265782462,0.099508187420845703,252,0
20250320,0.00026701679848558578,1,3409.8584464345668,0.60833333333333328,-0.01294167508910804,False,0.53424367917401849,300,platt,300,0,0.0026833651120214169,0.099508187420845703,252,0
20250321,-0.00071147930686112125,0,3362.436692585859,0.59999999999999998,0.0015446839569075443,False,0.53457934148190178,300,platt,300,0,-0.0071499574587977604,0.099508187420845703,252,0
20250324,0.00040253081741748554,1,3371.3848402463195,0.60833333333333328,-1.5430137485838991e-05,False,0.53409208309969414,300,platt,300,0,0.0040452029913385845,0.099508187420845703,252,0
20250325,0.00022783798577419244,1,3370.7441086122981,0.59999999999999998,-0.00037952789163531175,False,0.5345014457794498,300,platt,300,0,0.0022945498102007688,0.099295288671138959,252,0
20250326,-0.00019998316968319397,0,3368.0236172362429,0.59999999999999998,0.0014995707687954773,False,0.53112785533935536,300,platt,300,0,-0.0020140247574638535,0.099295288671138959,252,0
20250327,0.00051114166662534597,1,3375.4733636355213,0.59999999999999998,-0.0066519769743386137,False,0.53099939413598118,300,platt,300,0,0.0051476930422975223,0.099295288671138959,252,0
20250328,0.00034167158516169144,1,3352.4518463067188,0.59999999999999998,-0.0046431439819236697,False,0.53094763567382086,300,platt,300,0,0.0034409647198195945,0.099295288671138959,252,0
20250331,0.00053074385620372941,1,3337.5166268015046,0.59166666666666667,0.0038039164970045114,True,0.52780390224411644,300,platt,300,0,0.005345106130478422,0.099295288671138959,252,0
20250401,-0.00022606484721660167,0,3347.6781365307038,0.69999999999999996,0.00050516135134293094,False,0.52311810020433525,300,platt,300,0,-0.002276692582719782,0.099295288671138959,252,0
20250402,-0.00021511097830186215,0,3349.4059509896392,0.63636363636363635,-0.0024234606536959191,True,0.52596965165836496,300,platt,300,0,-0.002166376483523795,0.099295288671138959,252,0
20250403,-0.00046527753104732737,0,3340.4527389086029,0.66666666666666674,-0.073438340671686753,True,0.52464829853281558,300,platt,300,0,-0.0046857966503154377,0.099295288671138959,252,0
20250407,0.0020820622539478757,1,3103.0234644224934,0.58333333333333337,0.015815176774916839,True,0.53170205385630376,300,platt,300,0,0.020968389153321887,0.099295288671138959,252,0
20250408,0.00076856246161081921,1,3147.9666509594135,0.58333333333333337,0.013117201063559847,True,0.53531378652163475,300,platt,300,0,0.0077236103031439107,0.099508187420845703,252,0
20250409,0.0014640555058655278,1,3191.4755665802422,0.59166666666666667,0.011556384332808811,True,0.5350837540866612,300,platt,300,0,0.014712915025511024,0.099508187420845703,252,0
20250410,0.00063771683952840651,1,3225.6936681733723,0.59166666666666667,0.0045256013400263306,True,0.5383967760865872,300,platt,300,0,0.0047808304372475331,0.13339039062334099,252,0
20250411,0.00065765951827582644,1,3240.356450677356,0.60833333333333328,0.0075907901200742423,True,0.53753065914465636,300,platt,300,0,0.0047759749896420581,0.1377016252602101,252,0
20250414,0.00047443624332683379,1,3264.3554941329985,0.60833333333333328,0.0014879210618463645,True,0.54082645786612549,300,platt,300,0,0.0034453932001914118,0.1377016252602101,252,0
20250415,0.00039209711195161605,1,3268.9435409506627,0.6166666666666667,0.0025527729716745551,True,0.54033204633276333,300,platt,300,0,0.0027839110643640818,0.14084397916683494,252,0
20250416,0.00071270462141613164,1,3278.3387231193074,0.6166666666666667,0.0013239605728185833,True,0.5436715744019176,300,platt,300,0,0.0051757168448038132,0.1377016252602101,252,0
20250417,0.00046748283731095041,1,3281.8747032115239,0.6166666666666667,-0.0011007391548171208,False,0.54701782293294798,300,platt,300,0,0.0033948970204786175,0.1377016252602101,252,0
20250418,0.00034603837441413079,1,3277.8642744610088,0.60833333333333328,0.0044873084462486723,True,0.54761046548919812,300,platt,300,0,0.0025129578083064293,0.1377016252602101,252,0
20250421,0.00047259013491197948,1,3292.9895992853731,0.60833333333333328,0.0025286849887105056,True,0.55093559642086221,300,platt,300,0,0.0034319866161270202,0.1377016252602101,252,0
20250422,0.00037621221645930893,1,3300.9985089323677,0.59999999999999998,-0.0010309546723907825,False,0.55156152231974764,300,platt,300,0,0.0027320826152080154,0.1377016252602101,252,0
20250423,0.00032204585900374023,1,3297.4167775419651,0.59166666666666667,0.00028300954945637002,True,0.54877862029686753,300,platt,300,0,0.0023387222801123887,0.1377016252602101,252,0
20250424,-0.00044476730367801675,0,3295.8215740623136,0.60833333333333328,-0.00067573713076518604,True,0.5476480554022819,300,platt,300,0,-0.0033343279197219043,0.13339039062334099,252,0
20250425,0.00026718575287274578,1,3295.9403930868607,0.60833333333333328,-0.0020167462807961778,False,0.54768159094661639,300,platt,300,0,0.0020030359880061177,0.13339039062334099,252,0
20250428,0.00027573352335832598,1,3289.3214261714938,0.59166666666666667,-0.00053518189174861508,False,0.5455962028371748,300,platt,300,0,0.0020671168445478517,0.13339039062334099,252,0
20250429,-0.00028357837758212023,0,3285.7227757641435,0.59166666666666667,-0.0023195012752784683,True,0.54213869004831683,300,platt,300,0,-0.0020593684137442227,0.1377016252602101,252,0
20250430,0.00025135020389341789,1,3279.855585210963,0.59999999999999998,0.011308857853572274,True,0.54493511937766403,300,platt,300,0,0.0017846002745753457,0.14084397916683494,252,0
20250506,0.0004898307587904928,1,3317.7378343919399,0.60833333333333328,0.0080068429503392657,True,0.54766286833225697,300,platt,300,0,0.0034778253333092074,0.14084397916683494,252,0
20250507,-0.00055784111370608784,0,3340.8004239778697,0.60833333333333328,0.0027913954048224277,False,0.55101432989087484,300,platt,300,0,-0.0037483861608196061,0.14882167678906186,252,0
20250508,-0.00055653057542481615,0,3350.1303118486044,0.66666666666666674,-0.0029823724719464373,True,0.54633135595099058,300,platt,300,0,-0.0037395800627460759,0.14882167678906186,252,0
20250509,-0.00028258805528933747,0,3341.05449103007,0.69230769230769229,0.0081524862261324049,False,0.54778876859932968,300,platt,300,0,-0.0018988366573095032,0.14882167678906186,252,0
20250512,0.00049124941677036033,1,3370.8996393955817,0.64285714285714279,0.0016698699070369916,True,0.55142705619723842,300,platt,300,0,0.0033009265005571175,0.14882167678906186,252,0
20250513,-0.0002772751223798845,0,3373.9349323136412,0.66666666666666674,0.0086158560089428793,False,0.54949207783452558,300,platt,300,0,-0.0018631366637058596,0.14882167678906186,252,0
20250514,-0.00085000073538659055,0,3401.0547416117824,0.625,-0.0067940812611098078,True,0.5496982489658665,300,platt,300,0,-0.0057115384917438596,0.14882167678906186,252,0
20250515,-0.00045488747551031614,0,3379.2835066882026,0.64705882352941169,-0.003951554495011167,True,0.54782408920435044,300,platt,300,0,-0.0029055527869260669,0.15655798013966385,252,0
20250516,-0.0004351541485207932,0,3365.9965349842291,0.66666666666666674,3.5932106611236136e-05,False,0.54641492518998236,300,platt,300,0,-0.0027751031871887694,0.1568064749915164,252,0
20250519,0.00031272458685915845,1,3368.6360259711159,0.63157894736842102,0.0038291856155938664,True,0.54589436135084368,300,platt,300,0,0.0019975001375220854,0.15655798013966385,252,0
20250520,-0.00032712417509155257,0,3379.3721639228352,0.65000000000000002,0.0020989931009756102,False,0.5444690383240568,300,platt,300,0,-0.0020894762106647537,0.15655798013966385,252,0
20250521,-0.00026669893493775254,0,3386.6701377288568,0.61904761904761907,-0.0021800559550941845,True,0.54361751884857035,300,platt,300,0,-0.0017035154305122806,0.15655798013966385,252,0
20250522,0.00026306196379447124,1,3381.0776990248055,0.63636363636363635,-0.0094127294971863007,False,0.54225034791818727,300,platt,300,0,0.0016802846048460528,0.15655798013966385,252,0
20250523,-0.00076385529420790578,0,3345.8140285499794,0.60869565217391308,-0.00045780460992428385,True,0.54450349772655793,300,platt,300,0,-0.0048790569061154081,0.15655798013966385,252,0
20250526,0.00048108942833796614,1,3348.4489287650317,0.625,-0.0018380927100523081,False,0.54313578037527965,300,platt,300,0,0.0030729154011107638,0.15655798013966385,252,0
20250527,-0.00033592586421569423,0,3339.5647768324507,0.59999999999999998,-0.00022603135223375759,True,0.54526989349867949,300,platt,300,0,-0.0022572374634095252,0.14882167678906186,252,0
20250528,0.00020643103749166486,1,3340.6213656072682,0.61538461538461542,0.0070401435430464954,True,0.54395579817287976,300,platt,300,0,0.0013871032899612995,0.14882167678906186,252,0
20250529,0.00057290753480361849,1,3365.3724432698509,0.62962962962962965,-0.0047445989536623046,False,0.542736985532842,300,platt,300,0,0.0036593952878833341,0.15655798013966385,252,0
20250530,0.0003524071212653927,1,3348.6669783628654,0.60714285714285721,0.0043280821408941961,True,0.54133352002649759,300,platt,300,0,0.002367982466458099,0.14882167678906186,252,0
20250603,-0.00047058569012129386,0,3360.3934024391619,0.62068965517241381,0.0042318571328079368,False,0.54017095492390321,300,platt,300,0,-0.0031620775969907707,0.14882167678906186,252,0
20250604,0.00028976896050457451,1,3377.1812188047857,0.59999999999999998,0.0023386035240950953,True,0.54196967158533582,300,platt,300,0,0.0019470883997315105,0.14882167678906186,252,0
20250605,0.00029495760996768719,1,3385.0966656054557,0.61290322580645162,0.00037215228812037537,True,0.54420741799574657,300,platt,300,0,0.0019819532767780647,0.14882167678906186,252,0
20250606,0.00020302257778509507,1,3386.0452040875834,0.625,0.0042576591384917428,True,0.5431249489052048,300,platt,300,0,0.0013642003111741373,0.14882167678906186,252,0
20250609,0.00033654080374454843,1,3400.9157618668119,0.63636363636363635,-0.0043989131505187684,False,0.54214169074954743,300,platt,300,0,0.0022613695195865687,0.14882167678906186,252,0
20250610,0.00070945341070577156,1,3387.2176694686473,0.61764705882352944,0.0051700294636374267,True,0.54378870080660358,300,platt,300,0,0.0047671375972422533,0.14882167678906186,252,0
20250611,0.00052259680588247117,1,3404.0939394219431,0.62857142857142856,0.00010054915829527111,True,0.54613953207814947,300,platt,300,0,0.0033380400374114919,0.15655798013966385,252,0
20250612,-0.00034179223263276662,0,3401.4949979252942,0.62857142857142856,-0.0075417511839273033,True,0.54946787770927397,300,platt,300,0,-0.0022966562399187253,0.14882167678906186,252,0
20250613,0.00055145454918998607,1,3378.8582598067965,0.62857142857142856,0.0034744785010110135,True,0.54949806512577959,300,platt,300,0,0.0037054719519899739,0.14882167678906186,252,0
20250616,0.00037105376949989391,1,3389.9867007805797,0.65714285714285714,-0.00039082496202924588,False,0.54702914313139761,300,platt,300,0,0.0024932777099791804,0.14882167678906186,252,0
20250617,0.00031592937619790557,1,3388.4750807169867,0.62857142857142856,0.00041438801721049856,True,0.54949457208775732,300,platt,300,0,0.0020179704408300877,0.15655798013966385,252,0
20250618,0.00038484295893347059,1,3390.1127591288832,0.65714285714285714,-0.0078789932249344607,False,0.5469033189695105,300,platt,300,0,0.002585933495958002,0.14882167678906186,252,0
20250619,0.00059140627913251349,1,3364.0965719006031,0.62857142857142856,-0.0006581584733056367,False,0.54619324978170725,300,platt,300,0,0.0039739256531208557,0.14882167678906186,252,0
20250620,0.00023416282749197116,1,3360.6821626069413,0.59999999999999998,0.0064544271229396433,True,0.54551995815101506,300,platt,300,0,0.0015734457005471781,0.14882167678906186,252,0
20250623,0.00070396298358890805,1,3383.9621082723856,0.61111111111111116,0.011528451657058847,True,0.54786807860236231,300,platt,300,0,0.0049981759089257035,0.14084397916683494,252,0
20250624,-0.00073025620214297107,0,3418.0681104636606,0.6216216216216216,0.01035138629104071,False,0.55018826196548731,300,platt,300,0,-0.0051848592070659651,0.14084397916683494,252,0
20250625,-0.00068796666664300917,0,3453.5960053624012,0.60526315789473684,-0.0021760004185217285,True,0.54846076048036274,300,platt,300,0,-0.0048846011786424113,0.14084397916683494,252,0
20250626,0.00027421201403137293,1,3449.3990073521072,0.61538461538461542,-0.0070253812912187685,False,0.55083963305125305,300,platt,300,0,0.001946920384197315,0.14084397916683494,252,0
20250627,0.00069414802597032215,1,3426.6036202042801,0.59999999999999998,0.0058988208929040553,True,0.54904427580331572,300,platt,300,0,0.0049284891699067799,0.14084397916683494,252,0
20250630,0.00045469681084748246,1,3445.9917693355214,0.6097560975609756,0.0038676405145752213,True,0.54808358006346591,300,platt,300,0,0.0032283723701733613,0.14084397916683494,252,0
20250701,0.00030763733189637836,1,3458.8111321845081,0.61904761904761907,-0.00085460262366199302,False,0.54712149809293698,300,platt,300,0,0.0021842419797865158,0.14084397916683494,252,0
20250702,0.00022165267668031784,1,3455.5581639828347,0.60465116279069764,0.0018404000194049974,True,0.5453018864927055,300,platt,300,0,0.0015737461976827705,0.14084397916683494,252,0
20250703,0.00027569776402630781,1,3462.1048314813784,0.61363636363636365,0.0032268460089543982,True,0.54436370524587574,300,platt,300,0,0.00195746929089339,0.14084397916683494,252,0
20250704,0.00068644443603366851,1,3474.7027541949728,0.62222222222222223,0.00023266870165628006,True,0.54677093735399174,300,platt,300,0,0.0048737932575772334,0.14084397916683494,252,0
20250707,-0.00019699017708892577,0,3472.4429280775189,0.63043478260869568,0.0070104546418701119,False,0.54587737441691941,300,platt,300,0,-0.0013986410938843438,0.14084397916683494,252,0
20250708,-0.00040324176006995282,0,3496.0649719042267,0.61702127659574468,-0.001265427092508653,True,0.54400792388107366,300,platt,300,0,-0.0029283732803295571,0.1377016252602101,252,0
20250709,-0.00035190337203221936,0,3491.8202841022749,0.625,0.0047615414553958679,False,0.54645676032489998,300,platt,300,0,-0.0024985332998535685,0.14084397916683494,252,0
20250710,-0.00055927895371500266,0,3507.7189088350233,0.61224489795918369,0.00014115239734846519,False,0.54785925791795242,300,platt,300,0,-0.0040615276156556043,0.1377016252602101,252,0
20250711,-0.00076633627570414132,0,3507.4872238774906,0.59999999999999998,0.0026986102012171997,False,0.54916572090529081,300,platt,300,0,-0.0055651941235698677,0.1377016252602101,252,0
20250714,-0.0002978076748366806,0,3518.6016212768227,0.58823529411764708,-0.0041626300434777219,True,0.54698263980702588,300,platt,300,0,-0.002162702686144216,0.1377016252602101,252,0
20250715,-0.00067034678366340527,0,3502.6492353276758,0.59615384615384615,-0.0003486163818372523,True,0.54621662876589605,300,platt,300,0,-0.0050254503381453198,0.13339039062334099,252,0
20250716,0.00034608760718164667,1,3504.9895137634194,0.60377358490566035,0.0037241526422531201,True,0.54872060807842016,300,platt,300,0,0.0025945467703060118,0.13339039062334099,252,0
20250717,-0.00027548096359151321,0,3515.8566815224767,0.61111111111111116,0.0050207779714972478,False,0.54793608659507642,300,platt,300,0,-0.0020652234565336739,0.13339039062334099,252,0
20250718,-0.00025751268763365032,0,3533.5725258605285,0.59999999999999998,0.0071604537772953503,False,0.54913518103478198,300,platt,300,0,-0.0020190173800535829,0.12754357153023427,252,0
20250721,0.00026038386543009639,1,3560.7181121927802,0.58181818181818179,0.0061997737395385055,True,0.55106687021075196,300,platt,300,0,0.0020415287286225342,0.12754357153023427,252,0
20250722,-0.00056299346282374441,0,3579.8445356159573,0.59999999999999998,0.00012197569581906542,False,0.55250772693905148,300,platt,300,0,-0.0042206448320065895,0.13339039062334099,252,0
20250723,-0.00053106186976555959,0,3580.3955781260624,0.59999999999999998,0.00654018733226569,False,0.55245712104372435,300,platt,300,0,-0.0039812603238050118,0.13339039062334099,252,0
20250724,0.00048603744129760033,1,3607.479418276494,0.58181818181818179,-0.0033478963700773745,False,0.55444327273689797,300,platt,300,0,0.0035296420095198718,0.1377016252602101,252,0
20250725,0.00036592205443825487,1,3594.9702977303191,0.59999999999999998,0.0011914331349476281,True,0.5489629798387905,300,platt,300,0,0.0026573546517463711,0.1377016252602101,252,0
20250728,0.00036996636053198366,1,3599.2680156203164,0.66666666666666674,0.0032725421060051385,True,0.54215168499960287,300,platt,300,0,0.002686724719718237,0.1377016252602101,252,0
20250729,0.00038887516141024021,1,3611.1150270644321,0.66666666666666674,0.0016636787545862841,True,0.54215168499960287,300,platt,300,0,0.0028240419143593693,0.1377016252602101,252,0
20250730,-0.00064886285661061528,0,3613.3705957333432,0.73333333333333339,-0.011756590332422823,True,0.54071865906284877,300,platt,300,0,-0.0047120929428718155,0.1377016252602101,252,0
20250731,0.000708958036664705,1,3575.7414546700657,0.73333333333333339,-0.0037099433500684675,False,0.54153914469910736,300,platt,300,0,0.0050336410605448583,0.14084397916683494,252,0
20250801,0.00049237310172562645,1,3561.7046245097599,0.66666666666666674,0.0065610438882908184,True,0.54249864834161976,300,platt,300,0,0.0035756520723354262,0.1377016252602101,252,0
20250804,0.00057160186220677432,1,3585.3570259829421,0.66666666666666674,0.0095690329563560272,True,0.54249864834161976,300,platt,300,0,0.0040584046658443994,0.14084397916683494,252,0
20250805,-0.00050694319356427251,0,3615.7636835196258,0.73333333333333339,0.0045326489601829056,False,0.54153914469910724,300,platt,300,0,-0.0034063800684278542,0.14882167678906186,252,0
20250806,-0.00031727187991175581,0,3632.8419356064874,0.73333333333333339,0.0015607341661376672,False,0.54153914469910736,300,platt,300,0,-0.0022526478006982139,0.14084397916683494,252,0
20250807,0.00037148574629374616,1,3641.0186842631615,0.6333333333333333,-0.0012469548721852908,False,0.5456682189283889,300,platt,300,0,0.0024961803569804272,0.14882167678906186,252,0
20250808,-0.00031019110118504919,0,3634.0005156117122,0.73333333333333339,0.0034162757565545654,False,0.53129310935022678,300,platt,300,0,-0.0022023738822205263,0.14084397916683494,252,0
20250811,0.00042318536421206249,1,3649.0902883787198,0.6333333333333333,0.0050365359270108101,True,0.53854092307371004,300,platt,300,0,0.0030046393655974719,0.14084397916683494,252,0
20250812,0.00034479919694058235,1,3667.1817054790099,0.6333333333333333,0.0047865504454724928,True,0.54201197656051769,300,platt,300,0,0.0023168613899525992,0.14882167678906186,252,0
20250813,0.00035951838755216416,1,3684.7890733255017,0.6333333333333333,-0.0046212468217424751,False,0.54193057584353654,300,platt,300,0,0.0024157662734961751,0.14882167678906186,252,0
20250814,-0.00069116659269958549,0,3663.9084773608292,0.625,0.0082717509337253414,False,0.54299003980295923,300,platt,300,0,-0.0046442602153934677,0.14882167678906186,252,0
20250815,0.00067453099408249439,1,3699.26408628026,0.6166666666666667,0.0084551637706480332,True,0.54063129325705839,300,platt,300,0,0.004789207164357997,0.14084397916683494,252,0
20250818,0.00066507198076651286,1,3730.5067065007634,0.625,-0.00019833545746850145,False,0.54295267975126438,300,platt,300,0,0.0047220476494682839,0.14084397916683494,252,0
20250819,0.00042585741396634398,1,3728.8751931862021,0.6166666666666667,0.01044257944228022,True,0.54059715770660832,300,platt,300,0,0.0030926099322474638,0.1377016252602101,252,0
20250820,0.00092261939079768508,1,3769.6851787448636,0.6166666666666667,0.0012979890873860978,True,0.54395432678865507,300,platt,300,0,0.0067001343597378931,0.1377016252602101,252,0
20250821,0.0004418334926096192,1,3772.7650977979629,0.6166666666666667,0.014494528372088089,True,0.54393997216737433,300,platt,300,0,0.0032086294680596645,0.1377016252602101,252,0
20250822,0.00084297945007681598,1,3828.9842363865423,0.6166666666666667,0.015108765862734019,True,0.54729973357677786,300,platt,300,0,0.0056643593074928557,0.14882167678906186,252,0
20250825,-0.00067621188508513682,0,3880.9355894219989,0.625,-0.0039087057635778244,True,0.54626528477745862,300,platt,300,0,-0.0045437727868339493,0.14882167678906186,252,0
20250826,-0.00044841558302179655,0,3866.6473572301193,0.625,-0.017586706793693008,True,0.54631609850723684,300,platt,300,0,-0.0030131066434453341,0.14882167678906186,252,0
20250827,0.0014519748009261687,1,3805.8679122895019,0.625,0.011379873205885627,True,0.54625095644395605,300,platt,300,0,0.00925966099936067,0.1568064749915164,252,0
20250828,0.0013853568124823944,1,3848.92215384253,0.625,0.0037282780969722928,True,0.54626493944694909,300,platt,300,0,0.0088348189228623728,0.1568064749915164,252,0
20250829,0.00048837359384740621,1,3859.8115098691405,0.625,0.0045628126646448663,True,0.54627894833559676,300,platt,300,0,0.0029750639293178427,0.16415566369338025,252,0
20250901,0.00049628849568396772,1,3877.4537811521941,0.625,-0.0044889339534015527,False,0.54628596313210986,300,platt,300,0,0.0026430594185408774,0.18777046486451973,252,0
20250902,-0.0011121892292943782,0,3853.8424255873392,0.6166666666666667,-0.011553981000242297,True,0.54723236440852729,300,platt,300,0,-0.0059231318945545865,0.18777046486451973,252,0
20250903,0.0015065956480963128,1,3819.3020877773292,0.625,-0.0125029480354375,False,0.54628450267874307,300,platt,300,0,0.0077769477156159044,0.19372582961707571,252,0
20250904,0.0013272425171364048,1,3770.8741306087395,0.625,0.012384476078991291,True,0.54628450267874307,300,platt,300,0,0.0080852678931353089,0.16415566369338025,252,0
20250905,0.0012769737443320312,1,3817.3827806609906,0.625,0.0037577301677269581,True,0.54629146619767588,300,platt,300,0,0.0077790416462098985,0.16415566369338025,252,0
20250908,-0.00061677499929876109,0,3824.4804003299409,0.625,-0.0051082345810736784,True,0.54962869490319877,300,platt,300,0,-0.003183752009310772,0.19372582961707571,252,0
20250909,0.00090131094165527828,1,3810.7238542080704,0.6333333333333333,0.0012945945862889996,True,0.54871440620186207,300,platt,300,0,0.004652507842845926,0.19372582961707571,252,0
20250910,-0.00072221871127566538,0,3809.4679425178383,0.64166666666666672,0.016548934778496172,False,0.54784942302962492,300,platt,300,0,-0.0035636846097611098,0.20266067016634198,252,0
20250911,-0.0016275411712930224,0,3869.002174400001,0.6333333333333333,-0.0012156448721230007,True,0.54540469123009749,300,platt,300,0,-0.0084012605573044602,0.19372582961707571,252,0
20250912,0.00052376416892511112,1,3872.6256807542186,0.64166666666666672,-0.0026080721781933658,False,0.54450176393998129,300,platt,300,0,0.0027893852704844596,0.18777046486451973,252,0
20250915,-0.00040759328971475781,0,3858.9300846377205,0.6333333333333333,0.00035267419514894982,False,0.54539885450323289,300,platt,300,0,-0.0024829681812019895,0.16415566369338025,252,0
20250916,0.00062084354660878801,1,3864.2627140252089,0.6333333333333333,0.0037483960793969207,True,0.54205792508808937,300,platt,300,0,0.0039592978966103099,0.1568064749915164,252,0
20250917,0.0005483085613521945,1,3878.4663309021898,0.64166666666666672,-0.011527546506552189,False,0.54450685152509803,300,platt,300,0,0.0034967214292768159,0.1568064749915164,252,0
20250918,-0.0016378552478187511,0,3825.3805017849927,0.6333333333333333,-0.0030187468280687968,True,0.54541683811107,300,platt,300,0,-0.010445074081968637,0.1568064749915164,252,0
20250919,0.00061611986911673034,1,3822.4430329811426,0.64166666666666672,0.0022216757544992749,True,0.54450949260329207,300,platt,300,0,0.0032812395152841184,0.18777046486451973,252,0
20250922,0.00049850289955432627,1,3830.4849564365654,0.65000000000000002,-0.0017614118918979349,False,0.54361636727639184,300,platt,300,0,0.0026548525611522901,0.18777046486451973,252,0
20250923,0.0010980454173836166,1,3826.0292458822419,0.64166666666666672,0.0083231011132434141,True,0.54108336691698633,300,platt,300,0,0.0066890498486522603,0.16415566369338025,252,0
20250924,0.0010223010793054073,1,3857.5817825803165,0.64166666666666672,-8.8254171598967091e-05,False,0.54108336691698644,300,platt,300,0,0.0052770509814107818,0.19372582961707571,252,0
20250925,-0.00043801139633047363,0,3851.6143097666959,0.64166666666666672,-0.0065388332775672131,True,0.54108336691698633,300,platt,300,0,-0.0026682685597045099,0.16415566369338025,252,0
20250926,0.00049296421735390303,1,3829.9931192782378,0.65000000000000002,0.0089928805524193134,True,0.54358943194422737,300,platt,300,0,0.0030030289924975785,0.16415566369338025,252,0
20250929,0.0012286924334657466,1,3867.2775634738114,0.65000000000000002,0.0052415621598651541,True,0.54705839459244576,300,platt,300,0,0.0074849225778817578,0.16415566369338025,252,0
20250930,-0.0004285808683135405,0,3881.1133158904399,0.65000000000000002,0.013185149372714422,False,0.55049857929296919,300,platt,300,0,-0.0022123062740817077,0.19372582961707571,252,0
20251009,0.0010100089863932507,1,3937.9457474762226,0.64166666666666672,-0.0093910928302395336,False,0.55130055092129437,300,platt,300,0,0.0052136000056867207,0.19372582961707571,252,0
20251010,0.0009370773405408269,1,3900.679916727961,0.6333333333333333,-0.0019311895646839661,False,0.55215521733056327,300,platt,300,0,0.0048371316431736651,0.19372582961707571,252,0
20251013,0.0019198830297615394,1,3896.9695892680002,0.6333333333333333,-0.0062407214990133353,False,0.54884305366099428,300,platt,300,0,0.009910310016771836,0.19372582961707571,252,0
20251014,0.0012870293627559779,1,3870.2035630880732,0.625,0.012154674720557868,True,0.54637708470758273,300,platt,300,0,0.0068542694597076076,0.18777046486451973,252,0
20251015,0.0009244506732820067,1,3915.8261447062951,0.6333333333333333,0.0010271689182290711,True,0.54881371345876073,300,platt,300,0,0.0056315490582691738,0.16415566369338025,252,0
20251016,-0.00053902175194057858,0,3914.1170679224415,0.6333333333333333,-0.019527131719603741,True,0.54875862526978281,300,platt,300,0,-0.0032836013075211072,0.16415566369338025,252,0
20251017,0.0014150650926214607,1,3845.1888036892378,0.64166666666666672,0.0062861557870628193,True,0.55128885360827251,300,platt,300,0,0.0090242771715773797,0.1568064749915164,252,0
20251020,0.00043869813952588483,1,3865.5876824949482,0.64166666666666672,0.013571702277646036,True,0.55462251489564163,300,platt,300,0,0.0027977042373385375,0.1568064749915164,252,0
20251021,-0.00076941765193609668,0,3913.3189048744744,0.64166666666666672,-0.0006574008200835868,True,0.55468413206527156,300,platt,300,0,-0.0051700643920754939,0.14882167678906186,252,0
20251022,0.00040055782581753654,1,3915.3252862350328,0.65000000000000002,0.0022107909800035408,True,0.55723155663623447,300,platt,300,0,0.0025544724848843626,0.1568064749915164,252,0
20251023,0.00073091529754316085,1,3925.2770495453278,0.65000000000000002,0.0071133306535182683,True,0.55734037578202722,300,platt,300,0,0.0049113496992723169,0.14882167678906186,252,0
20251024,0.00033494071012926153,1,3951.6346201390411,0.65000000000000002,0.011804891842073895,True,0.56077403562413364,300,platt,300,0,0.0021360132618718879,0.1568064749915164,252,0
20251027,0.00054223704828225915,1,3999.1117913878275,0.65833333333333333,-0.0021818166351822432,False,0.56337133055145872,300,platt,300,0,0.0036435354041254339,0.14882167678906186,252,0
20251028,-0.00052742114957270213,0,3986.1204263659088,0.65833333333333333,0.0070475230841477998,False,0.56340820432661287,300,platt,300,0,-0.0033635163956159137,0.1568064749915164,252,0
20251029,-0.00045411609400154446,0,4014.5071194540628,0.65833333333333333,-0.0073276331059367594,True,0.56000332481508319,300,platt,300,0,-0.0028960289683580553,0.1568064749915164,252,0
20251030,0.00074073504744931614,1,3989.8540371532636,0.65833333333333333,-0.0080540754864028008,False,0.56023619413186643,300,platt,300,0,0.0040611487408343449,0.18239544885448727,252,0
20251031,0.00056192185927893127,1,3957.0122829498578,0.65000000000000002,0.0054947797481028626,True,0.56078296092062485,300,platt,300,0,0.0035835373463330043,0.1568064749915164,252,0
20251103,0.00074791331569364658,1,3979.4947927816611,0.65000000000000002,-0.0041077869907730769,False,0.56086146941275161,300,platt,300,0,0.0041005042636251422,0.18239544885448727,252,0
20251104,0.00079398844870120805,1,3963.330341938708,0.65000000000000002,0.0022883521127543549,True,0.55740705820218972,300,platt,300,0,0.0048368020379989272,0.16415566369338025,252,0
20251105,0.00095620224091819725,1,3973.0437041192208,0.65000000000000002,0.0097024920310477825,True,0.55748601107892204,300,platt,300,0,0.0058249725864119367,0.16415566369338025,252,0
20251106,0.00065303781700110281,1,4010.3771187761604,0.65000000000000002,-0.0025461106090711727,False,0.56093694971050023,300,platt,300,0,0.0035803405244068777,0.18239544885448727,252,0
20251107,-0.00033823956689719748,0,3996.2035684913844,0.65000000000000002,0.0052635914491447888,False,0.56085557827523647,300,platt,300,0,-0.0018544298611696207,0.18239544885448727,252,0
20251110,0.00046238985768921182,1,4020.4553585874182,0.65000000000000002,-0.0039415744379656115,False,0.55745631535933571,300,platt,300,0,0.0028167767549762473,0.16415566369338025,252,0
20251111,-0.00055694976277216753,0,4000.5282651042453,0.64166666666666672,-0.00065404909855149018,True,0.55818312664345371,300,platt,300,0,-0.0033928147847062501,0.16415566369338025,252,0
20251112,0.00072005492207386325,1,4003.0199202079625,0.64166666666666672,0.0073401438289804055,True,0.55822105243278519,300,platt,300,0,0.0039477680314727245,0.18239544885448727,252,0
20251113,0.0006414438765668843,1,4032.0858988703594,0.64166666666666672,-0.0096808756379077598,False,0.56156257076448146,300,platt,300,0,0.0035167756684467487,0.18239544885448727,252,0
20251114,0.00079707934775265167,1,3993.6728388402803,0.6333333333333333,-0.0046253192682677025,False,0.5590676584171973,300,platt,300,0,0.0043700616038317448,0.18239544885448727,252,0
20251117,-0.00055085653898893981,0,3969.8467786573283,0.59999999999999998,-0.0081121394001885117,True,0.56261163954076421,300,platt,300,0,-0.0033556962129425065,0.16415566369338025,252,0
20251118,-0.00066970858672881438,0,3937.1745733368234,0.59999999999999998,0.0017587890146362195,False,0.56259598881405015,300,platt,300,0,-0.004079716603502247,0.16415566369338025,252,0
20251119,0.00055245585722332919,1,3948.9228009558319,0.64166666666666672,-0.0039757345196890226,False,0.55494511797479762,300,platt,300,0,0.0030288905819359085,0.18239544885448727,252,0
20251120,-0.00068964783036954715,0,3928.3401590688486,0.59999999999999998,-0.024461752113531299,True,0.55580599876264081,300,platt,300,0,-0.0042011820661741681,0.16415566369338025,252,0
20251121,-0.0015441275034900775,0,3828.9692396428391,0.59999999999999998,0.00048885355483907489,False,0.55926262835530505,300,platt,300,0,-0.0082234844793306408,0.18777046486451973,252,0
20251124,-0.00065937449084235288,0,3834.2356347019563,0.59999999999999998,0.008668056465791274,False,0.55929016478932803,300,platt,300,0,-0.0040167635767595078,0.16415566369338025,252,0
20251125,-0.00063876217554382402,0,3867.5507758168678,0.65000000000000002,-0.0015086216029528421,True,0.55395269352796217,300,platt,300,0,-0.0038911979103988894,0.16415566369338025,252,0
20251126,0.00032514991154746262,1,3865.4408392158634,0.65000000000000002,0.0028660640522226721,True,0.55413148207455232,300,platt,300,0,0.0019807413538578665,0.16415566369338025,252,0
20251127,0.00054430837470456855,1,3877.3687361455723,0.65000000000000002,0.0034415244564016678,True,0.55433333828904729,300,platt,300,0,0.003315806244256429,0.16415566369338025,252,0
20251128,0.0006242742155897035,1,3891.0237503425001,0.65000000000000002,0.0065344660883019934,True,0.5545562499070088,300,platt,300,0,0.0034226414064077956,0.18239544885448727,252,0
20251201,0.00047353375480232882,1,3915.8595140048524,0.65000000000000002,-0.0041631258571620533,False,0.55472649851101974,300,platt,300,0,0.0024564093550605583,0.19277477258697978,252,0
20251202,0.00041596569514577202,1,3899.3329143151714,0.64166666666666672,-0.0050573264579144572,False,0.55206698333646087,300,platt,300,0,0.0021471875793123833,0.19372582961707571,252,0
20251203,0.00064604730735973745,1,3880.5049711995221,0.64166666666666672,-0.00056892734078684004,False,0.55198765840323949,300,platt,300,0,0.0033513062870726071,0.19277477258697978,252,0
20251204,0.00062142151629669521,1,3878.2018013493384,0.6333333333333333,0.0069700053405841178,True,0.55266145918991172,300,platt,300,0,0.003223562440029908,0.19277477258697978,252,0
20251205,0.00092562108295659825,1,3906.4201209972834,0.6333333333333333,0.0054499740135793839,True,0.55271158671515008,300,platt,300,0,0.0047779951944777249,0.19372582961707571,252,0
20251208,0.00078818262353678547,1,3927.1706899353662,0.64166666666666672,-0.0037094575443942235,False,0.55199687220827487,300,platt,300,0,0.003374115715898371,0.23359679688013571,252,0
20251209,0.00054508001990108803,1,3911.6526021115319,0.6333333333333333,-0.002308620062362654,False,0.55271175067134148,300,platt,300,0,0.0023334224920078081,0.23359679688013571,252,0
20251210,0.00081437854262382872,1,3903.6724802479898,0.6333333333333333,-0.0069679343345052658,False,0.54940183733383618,300,platt,300,0,0.0031836240652783347,0.2558023579183587,252,0
20251211,0.0011675997661699813,1,3877.8400847240619,0.625,0.0041380804920310155,True,0.54682109750572883,300,platt,300,0,0.0045644605298854586,0.2558023579183587,252,0
20251212,0.0012365032779162208,1,3894.1548887069994,0.6333333333333333,-0.005508587215582228,False,0.54609110507555447,300,platt,300,0,0.0044437395761870386,0.27825736785799798,252,0
20251215,-0.00092521570746351112,0,3864.3422388280937,0.6333333333333333,-0.011145264113337938,True,0.54607892373805356,300,platt,300,0,-0.0036169162590706096,0.2558023579183587,252,0
20251216,0.0013069966670264522,1,3829.8109164053035,0.6333333333333333,0.011887015934038514,True,0.5494036090148412,300,platt,300,0,0.005109400388887699,0.2558023579183587,252,0
20251217,0.0019687325773877725,1,3877.8970413977813,0.6333333333333333,0.0015743057183883469,True,0.55271553956705821,300,platt,300,0,0.007075221736419458,0.27825736785799798,252,0
20251218,-0.00082466670849528289,0,3873.1737862988571,0.6333333333333333,0.0036314898176013077,False,0.55603858954275998,300,platt,300,0,-0.0035302997280328282,0.23359679688013571,252,0
20251219,0.00074283625120537093,1,3893.3374654364115,0.625,0.0069185614251316974,True,0.55689037424521703,300,platt,300,0,0.0033384438166870144,0.22250973567155682,252,0
20251222,0.00053610446565548577,1,3919.4639162267777,0.6333333333333333,0.00066748970315178013,True,0.55603352009816442,300,platt,300,0,0.002095776090643338,0.2558023579183587,252,0
20251223,0.00072376619118666419,1,3922.8157479808556,0.6333333333333333,0.0053491108344316807,True,0.55606191046619646,300,platt,300,0,0.0028293960895296351,0.2558023579183587,252,0
20251224,0.00082757193142706832,1,3944.2084171204415,0.6333333333333333,0.0047384803703272027,True,0.55608059665854093,300,platt,300,0,0.0037192616715370805,0.22250973567155682,252,0
20251225,0.00066345817941927123,1,3962.2481430061962,0.64166666666666672,0.001024795023948144,True,0.55528339181485886,300,platt,300,0,0.002981704047316795,0.22250973567155682,252,0
20251226,0.00087608864828740555,1,3967.1514340897465,0.64166666666666672,0.00040384199638365814,True,0.55533192418710575,300,platt,300,0,0.0034248654133478161,0.2558023579183587,252,0
20251229,0.00073586433659999042,1,3968.1975078422875,0.64166666666666672,-4.1283343550357898e-05,False,0.55867578014121244,300,platt,300,0,0.0028766909835711806,0.2558023579183587,252,0
20251230,0.00088638382772863653,1,3968.6305146088293,0.6333333333333333,0.00093924114551113824,True,0.55613762093396135,300,platt,300,0,0.0034651120300131589,0.2558023579183587,252,0
20251231,0.00059970150432196462,1,3971.2202193783833,0.6333333333333333,0.013751272065609443,True,0.55947024041440441,300,platt,300,0,0.0023443939657247568,0.2558023579183587,252,0
20260105,-0.0011204077222212814,0,4018.9088328596058,0.64166666666666672,0.014974958969574237,False,0.55869678317996274,300,platt,300,0,-0.004379974177481461,0.2558023579183587,252,0
20260106,0.0015880473475555702,1,4090.1522568652595,0.6333333333333333,0.00051549254552374357,True,0.55947285094310462,300,platt,300,0,0.0062081028512739819,0.2558023579183587,252,0
20260107,-0.00077781743220533249,0,4082.5943150810385,0.6333333333333333,-0.00068371406796219336,True,0.55949027818313424,300,platt,300,0,-0.0030406968822921441,0.2558023579183587,252,0
20260108,0.00064801450711782769,1,4085.624629494655,0.6333333333333333,0.009171539171352272,True,0.56282645115089469,300,platt,300,0,0.002774072743173529,0.23359679688013571,252,0
20260109,0.0010050741312169354,1,4124.5673335821939,0.64166666666666672,0.010887466490115294,True,0.56205707282655448,300,platt,300,0,0.003929104248279496,0.2558023579183587,252,0
20260112,0.0012677271275244647,1,4170.5674473238259,0.65000000000000002,-0.0063689488863553079,False,0.5613150710721253,300,platt,300,0,0.0049558852304601103,0.2558023579183587,252,0
20260113,-0.0014095627009340066,0,4132.9246603902266,0.65000000000000002,-0.0030601688888104439,True,0.55792770206075493,300,platt,300,0,-0.0055103585143021997,0.2558023579183587,252,0
20260114,0.0023018296963733462,1,4135.5907638577637,0.65000000000000002,-0.0032699212901928787,False,0.5580394198657922,300,platt,300,0,0.0089984694242263123,0.2558023579183587,252,0
20260115,0.00084281519086933207,1,4116.0673627653468,0.64166666666666672,-0.0025989634005845197,False,0.55874640625764016,300,platt,300,0,0.0037482708683515722,0.22485439832687126,252,0
20260116,0.0011275094644678182,1,4106.5376453916706,0.64166666666666672,0.0029467716365587648,True,0.55542713852555603,300,platt,300,0,0.0050143980854168374,0.22485439832687126,252,0
20260119,0.0010477033661593458,1,4118.3103517531499,0.64166666666666672,-8.5342730059667637e-05,False,0.55545751293220758,300,platt,300,0,0.0037652313547866813,0.27825736785799798,252,0
20260120,0.0013976950230419755,1,4119.3986267338414,0.6333333333333333,0.00080001964192844,True,0.55623412541255268,300,platt,300,0,0.0050230297001704399,0.27825736785799798,252,0
20260121,0.00090709751294833262,1,4120.6744660349577,0.6333333333333333,0.0013689779302104021,True,0.55957423850547572,300,platt,300,0,0.0033465255643179335,0.27105650188965796,252,0
20260122,0.00088648502709206905,1,4126.2306018970485,0.6333333333333333,0.0032960459673758713,True,0.55958215475381767,300,platt,300,0,0.0031858456576232172,0.27825736785799798,252,0
20260123,0.00065448566635431667,1,4138.8712601825882,0.6333333333333333,-0.00086045906978260422,False,0.56292124193612536,300,platt,300,0,0.0024145728355217449,0.27105650188965796,252,0
20260126,0.0010094510776612218,1,4136.7768627726882,0.625,0.0017661740347225674,True,0.56035577591945063,300,platt,300,0,0.0037241352656139219,0.27105650188965796,252,0
20260127,0.0014931394122473097,1,4146.0855539746335,0.6333333333333333,0.0027376721117766678,True,0.55959777049991555,300,platt,300,0,0.005837082286488761,0.2558023579183587,252,0
20260128,-0.00091036499098927424,0,4147.4586584376084,0.64166666666666672,0.001625226095214316,False,0.56218997766332535,300,platt,300,0,-0.0032716653578562468,0.27825736785799798,252,0
20260129,-0.00082999194868388143,0,4154.5334063422479,0.6333333333333333,-0.0096289199731262043,True,0.55960147192840426,300,platt,300,0,-0.0032446610556607137,0.2558023579183587,252,0
20260130,0.0023127585757819315,1,4127.471418626521,0.6333333333333333,-0.024818479963173989,False,0.56294027556991122,300,platt,300,0,0.0090411933439646652,0.2558023579183587,252,0
20260202,0.0024168141821861305,1,4025.4517128515827,0.625,0.012946908201175278,True,0.56035931073819834,300,platt,300,0,0.0094479746076362413,0.2558023579183587,252,0
20260203,0.001880109188289403,1,4075.3856914013431,0.625,0.0084725468668962467,True,0.56367231114536243,300,platt,300,0,0.0069362261195813719,0.27105650188965796,252,0
20260204,0.0012048194618151415,1,4107.1444128058965,0.6333333333333333,-0.0064076074264505234,False,0.56290612402982598,300,platt,300,0,0.0043298744291651332,0.27825736785799798,252,0
20260205,0.0011558166872228212,1,4080.62771253759,0.625,-0.0025352088279920748,False,0.56366975311240863,300,platt,300,0,0.0041537684918110229,0.27825736785799798,252,0
20260206,0.0018858264512554642,1,4073.2503847155053,0.64166666666666672,0.014144661255750091,True,0.56214219665170184,300,platt,300,0,0.0067772740961808088,0.27825736785799798,252,0
20260209,0.00089331470042382222,1,4126.7729166401759,0.64166666666666672,0.0012814176708304537,True,0.56549350564808365,300,platt,300,0,0.0030909310239864199,0.2890115287243456,252,0
20260210,-0.00049716331896761991,0,4126.3206243276672,0.64166666666666672,0.00087489669962237393,False,0.56880302094728197,300,platt,300,0,-0.0017202196783015049,0.2890115287243456,252,0
20260211,0.00059617101357070624,1,4134.4483696855086,0.65000000000000002,0.00049196693598840824,True,0.56467006881543702,300,platt,300,0,0.002062793190991783,0.2890115287243456,252,0
20260212,0.00048641621860298385,1,4136.0286533059125,0.65000000000000002,-0.01256530632258035,False,0.56473490523487169,300,platt,300,0,0.0016830339632123103,0.2890115287243456,252,0
20260213,0.0013188415040912556,1,4087.4562067675934,0.625,0.0086564604460979133,True,0.56704033315388935,300,platt,300,0,0.0045632833745851871,0.2890115287243456,252,0
20260224,0.00076113151908520653,1,4120.5427896907522,0.65000000000000002,0.0072428074850665602,True,0.5680057637089444,300,platt,300,0,0.0026335680187040606,0.2890115287243456,252,0
20260225,-0.001331912521490824,0,4141.7067517675414,0.64166666666666672,-0.00014453018707305532,True,0.57215633808099564,300,platt,300,0,-0.0046085100043229766,0.2890115287243456,252,0
20260226,-0.00073859690548062483,0,4143.5684111013697,0.65000000000000002,0.0039189403658310695,False,0.57467305455179063,300,platt,300,0,-0.0025555966875808831,0.2890115287243456,252,0
20260227,0.0010696139831811746,1,4167.3341762627269,0.64166666666666672,0.0047345570610164422,True,0.57540190245715284,300,platt,300,0,0.0038439736256221128,0.27825736785799798,252,0
20260302,0.0016134723763756521,1,4189.3393948788307,0.64166666666666672,-0.014324829138799955,False,0.57876677493439066,300,platt,300,0,0.0057984893222990932,0.27825736785799798,252,0
20260303,-0.0023194716636013757,0,4113.1135698397911,0.625,-0.009751433292356726,True,0.57710548892698366,300,platt,300,0,-0.0083357061897640847,0.27825736785799798,252,0
20260304,0.0015467926230095786,1,4088.7887406668278,0.625,0.0063914675267986443,True,0.57710598007987846,300,platt,300,0,0.0053520101078212822,0.2890115287243456,252,0
20260305,0.0010593278569447882,1,4112.9193194752243,0.625,0.0038035159217313375,True,0.58049277975385183,300,platt,300,0,0.0036653480974288659,0.2890115287243456,252,0
20260306,-0.0014475478800748491,0,4118.2240317182832,0.6333333333333333,-0.0066902041950501756,True,0.57964728095448437,300,platt,300,0,-0.0045449933127020524,0.31849285147006406,252,0
20260309,-0.002198709862071292,0,4087.5950601220056,0.6333333333333333,0.0064774898944914838,False,0.57969581746862853,300,platt,300,0,-0.0056711472274553398,0.38770107244383062,252,0
20260310,0.0010482144003763736,1,4127.4599326263387,0.65000000000000002,0.0024969089077300222,True,0.57791231134679322,300,platt,300,0,0.0027036664968942969,0.38770107244383062,252,0
20260311,-0.00094870111094472285,0,4129.5117074260143,0.65833333333333333,-0.001047676325038438,True,0.57713649988972338,300,platt,300,0,-0.0024469911959868742,0.38770107244383062,252,0
20260312,0.0015903154248603489,1,4135.6691755556112,0.65833333333333333,-0.0081504634929633335,False,0.57729300722332322,300,platt,300,0,0.0040041607793939431,0.39716572647241549,252,0
20260313,0.0020108671661529113,1,4103.6839029193206,0.6333333333333333,-0.0026035487932517531,False,0.57634910660988503,300,platt,300,0,0.0050630430375078516,0.39716572647241549,252,0
20260316,0.0020019970527950502,1,4092.9635291329,0.625,-0.0085386362242054759,False,0.57717937316656254,300,platt,300,0,0.0051637645471953025,0.38770107244383062,252,0
20260317,0.0024685889565621011,1,4059.90485643588,0.625,0.0032289874881827885,True,0.57718650339591615,300,platt,300,0,0.0063672482023369829,0.38770107244383062,252,0
20260318,0.0017713944639919715,1,4070.1815480734454,0.625,-0.013889322341478882,False,0.58058824972930156,300,platt,300,0,0.0045689697292457393,0.38770107244383062,252,0
20260319,-0.002028357396848585,0,3998.4255800064343,0.625,-0.012354662136820127,True,0.57719303027904711,300,platt,300,0,-0.0052317559610115588,0.38770107244383062,252,0
20260320,0.0030741519332699719,1,3969.2172812077565,0.625,-0.036332546190249171,False,0.58059700877577136,300,platt,300,0,0.0074152181597698678,0.41457336345791052,252,0
20260323,0.0049862312179402299,1,3832.2968102388181,0.6166666666666667,0.017831564503121511,True,0.58147751629678224,300,platt,300,0,0.012861019925764135,0.38770107244383062,252,0
20260324,0.0034590043107618497,1,3894.7050632135724,0.6166666666666667,0.01302606457349631,True,0.58485434498144873,300,platt,300,0,0.008455685148460625,0.40907439787910843,252,0
20260325,-0.0019409825106255537,0,3924.2058721778785,0.65000000000000002,-0.010873796284815884,True,0.5811477571103012,300,platt,300,0,-0.0046818794493597793,0.41457336345791052,252,0
20260326,-0.0027447019739068835,0,3878.4091248408618,0.65833333333333333,0.0063357600833204852,False,0.58360554866204428,300,platt,300,0,-0.0065040601333850685,0.42199824688250392,252,0
20260327,0.0034101066594637518,1,3927.0700155936825,0.65000000000000002,0.0024434785101594692,True,0.58110694740015334,300,platt,300,0,0.0082255807054761789,0.41457336345791052,252,0
20260330,-0.0024011284077943501,0,3913.8665843724825,0.65833333333333333,-0.0080102222450263438,True,0.58023380635333965,300,platt,300,0,-0.0058696619007282454,0.40907439787910843,252,0
20260331,0.0027671506616230969,1,3902.6298643575196,0.66666666666666663,0.014566709161338176,True,0.57945200790444895,300,platt,300,0,0.0065572562968337373,0.42199824688250392,252,0
20260401,0.0012459183919097216,1,3953.4716736828041,0.67500000000000004,-0.0074120587138764016,False,0.5791495582940912,300,platt,300,0,0.0029524255162524881,0.42199824688250392,252,0
20260402,-0.0025311259252885454,0,3909.36499562168,0.66666666666666663,-0.0099988895934390865,True,0.57969622962193046,300,platt,300,0,-0.0059979536502512568,0.42199824688250392,252,0
20260403,0.0028791809713918162,1,3891.2682005858001,0.66666666666666663,0.0025947291468275679,True,0.58309323933908486,300,platt,300,0,0.0067247205270103104,0.42814879218063923,252,0
20260407,0.0013049941573454365,1,3895.241141943613,0.66666666666666663,0.026948217742463143,True,0.58328741437691933,300,platt,300,0,0.0030924160633036546,0.42199824688250392,252,0
20260408,-0.0033302176333544187,0,3981.693288880293,0.67500000000000004,-0.0072155990085099875,True,0.58272428621706229,300,platt,300,0,-0.0077113695634356107,0.43185812921547001,252,0
20260409,-0.0012046666518726629,0,3961.3932858197422,0.67500000000000004,0.0050561357512757255,False,0.58298870624700572,300,platt,300,0,-0.0027041888859589201,0.44548169624086065,252,0
20260410,0.0015668216391953921,1,3992.4704031186552,0.66666666666666663,0.00058534081131944582,True,0.58017326883490983,300,platt,300,0,0.0035171403279120393,0.44548169624086065,252,0
20260413,-0.0012203530580558793,0,3983.6905510474667,0.67500000000000004,0.0095442011874968813,False,0.57966503646787093,300,platt,300,0,-0.0028240657315900361,0.43212629380576878,252,0
20260414,0.0017013285122210184,1,4033.4762129413184,0.64166666666666672,0.00014500975705322716,True,0.57921250541231495,300,platt,300,0,0.0038190761294514628,0.44548169624086065,252,0
20260415,-0.0014750324868918693,0,4021.2692351559804,0.64166666666666672,0.0070364603579724516,False,0.58251900047514815,300,platt,300,0,-0.0033110956058099335,0.44548169624086065,252,0
20260416,0.0013873446227808787,1,4061.173241045416,0.6333333333333333,-0.0010162378103983905,False,0.57997761012055782,300,platt,300,0,0.0032125008861154983,0.43185812921547001,252,0
20260417,-0.00096635875768312539,0,4047.5102695836104,0.625,0.0075779995850349113,False,0.57740332833175145,300,platt,300,0,-0.0022376764319306658,0.43185812921547001,252,0
20260420,-0.0015013749186213764,0,4075.9982967574356,0.59166666666666667,0.00072253997186910723,False,0.58044842594960055,300,platt,300,0,-0.0034765466180961594,0.43185812921547001,252,0
20260421,-0.0011374589270268607,0,4080.4299931537412,0.6166666666666667,0.0051850924900649353,False,0.57476558755507257,300,platt,300,0,-0.0026954114985780048,0.42199824688250392,252,0
20260422,0.0014448829778011343,1,4112.1911624311479,0.6166666666666667,-0.0031678476323735438,False,0.57137565418743153,300,platt,300,0,0.0035320787252692671,0.40907439787910843,252,0
20260423,-0.0018956574712321818,0,4085.4906998663132,0.59999999999999998,-0.0032613936783388864,True,0.57276935403560469,300,platt,300,0,-0.0048894821447955138,0.38770107244383062,252,0
20260424,-0.0013372653470468284,0,4074.4444905756777,0.59999999999999998,0.0015794013010710373,False,0.5727927779223102,300,platt,300,0,-0.0034657704987591073,0.38584936524955304,252,0
20260427,-0.00082054500900792526,0,4082.9911706616012,0.59999999999999998,-0.0018859889482633063,True,0.5727182272047403,300,platt,300,0,-0.0023874260873541567,0.34369441355869862,252,0
20260428,-0.00095534516600835205,0,4074.7408934760092,0.66666666666666674,0.0070800606104381991,False,0.56727459508959832,300,platt,300,0,-0.0029995811887104391,0.31849285147006406,252,0
20260429,-0.0016309197104198622,0,4100.8153738042065,0.66666666666666674,0.0011308298760925872,False,0.56702436294468783,300,platt,300,0,-0.0054902310973608251,0.29705848105444077,252,0
20260430,-0.00057479220324827592,0,4109.7956628958455,0.625,0.011676201357277094,False,0.56746168559840138,300,platt,300,0,-0.0019349462813113083,0.29705848105444077,252,0
20260506,0.0011583621491222205,1,4164.9926877478538,0.65000000000000002,0.0047879010436511216,True,0.56515372434022459,300,platt,300,0,0.0038994414332507539,0.29705848105444077,252,0
20260507,-0.00054393637345349552,0,4177.818495808031,0.59999999999999998,-3.3444238383029123e-05,True,0.56968790401228298,300,platt,300,0,-0.0018310750513593666,0.29705848105444077,252,0
20260508,-0.00090014664783486453,0,4176.1898298590304,0.60833333333333328,0.010782012732967861,False,0.57239413822259455,300,platt,300,0,-0.0030302001297512126,0.29705848105444077,252,0
20260511,-0.0013445250044873817,0,4219.3400540243738,0.54545454545454541,-0.0024926741779041084,True,0.57456591717450378,300,platt,300,0,-0.0045261289955932137,0.29705848105444077,252,0
20260512,0.00095406510289358084,1,4218.5099969768353,0.54545454545454541,0.0066634173997508483,True,0.57513441970174317,300,platt,300,0,0.003211708009503802,0.29705848105444077,252,0
20260513,-0.0017406497268457721,0,4235.1871682070769,0.59090909090909083,-0.015239458517144922,True,0.57104886931219423,300,platt,300,0,-0.0054652709434810662,0.31849285147006406,252,0
20260514,0.003281884794432591,1,4191.6289439156435,0.59090909090909083,-0.010179257967635635,False,0.57455699844014418,300,platt,300,0,0.0085056114898880032,0.38584936524955304,252,0
20260515,-0.0026857632640430625,0,4124.2827230669673,0.54545454545454541,-0.00093384192550272083,True,0.57918530793652678,300,platt,300,0,-0.0084327269878944327,0.31849285147006406,252,0
20260518,0.0011938357765774075,1,4136.4599654607973,0.59090909090909083,0.0092000353573820082,True,0.57817423848761662,300,platt,300,0,0.0040188577425554727,0.29705848105444077,252,0
20260519,-0.0019886013457638689,0,4161.2462515197067,0.59090909090909083,-0.0017635767686288162,True,0.58154091280179676,300,platt,300,0,-0.0066943092777729026,0.29705848105444077,252,0
20260520,-0.0009552919602815261,0,4158.2083986099415,0.63636363636363635,-0.020399864542285484,True,0.57950117432288761,300,platt,300,0,-0.0032158380292345648,0.29705848105444077,252,0
20260521,0.0040907561634945947,1,4093.9556439726471,0.59166666666666667,0.0087369841118207781,True,0.58826731991124959,300,platt,300,0,0.013770878208809319,0.29705848105444077,252,0
20260522,0.0019173755609902038,1,4120.7855731778463,0.59999999999999998,0.0096450202674531749,True,0.59060578624751225,300,platt,300,0,0.0055787219266592485,0.34369441355869862,252,0
20260525,-0.0012389301957824626,0,4147.423857371401,0.625,-0.0017328070149160713,True,0.59091037303793847,300,platt,300,0,-0.0036047434782377373,0.34369441355869862,252,0
20260526,-0.0018737044319584531,0,4137.605796237779,0.60833333333333328,-0.012458806481346674,True,0.59640893091421876,300,platt,300,0,-0.0048560516116091332,0.38584936524955304,252,0
20260527,0.0031468789775090868,1,4106.60906217721,0.6166666666666667,0.0011992007477978905,True,0.59531633107865645,300,platt,300,0,0.0081557189435151785,0.38584936524955304,252,0
20260528,0.0022711801536531647,1,4107.9445402860129,0.6166666666666667,-0.0073357823107873532,False,0.59530059540154823,300,platt,300,0,0.0058861834648457944,0.38584936524955304,252,0
20260529,0.0018295009902825647,1,4076.0125511974838,0.6166666666666667,-0.0026616482930080787,False,0.59197161426271472,300,platt,300,0,0.0061587233052177327,0.29705848105444077,252,0
20260601,0.0015213518924480306,1,4063.9132504280615,0.6166666666666667,0.0042786378624555255,True,0.59185032993113318,300,platt,300,0,0.0051213885126182215,0.29705848105444077,252,0
20260602,0.0018209413738279492,1,4082.522121105992,0.6166666666666667,0.0021772217900040136,True,0.59510799162350203,300,platt,300,0,0.0061299087215565219,0.29705848105444077,252,0
20260603,-0.0016074716454896241,0,4077.4091275940837,0.6166666666666667,-0.0064135814772572353,True,0.5951554334470649,300,platt,300,0,-0.0050471200156299717,0.31849285147006406,252,0
20260604,0.0013835189840986021,1,4063.3951171851663,0.625,-0.0074042683081155802,False,0.59413861325906181,300,platt,300,0,0.0040254334359796475,0.34369441355869862,252,0
20260605,0.0022125751928980812,1,4036.6478691996576,0.6166666666666667,-0.016981847023645691,False,0.5920141797981151,300,platt,300,0,0.0069470168095940666,0.31849285147006406,252,0
20260608,0.0026174549493521611,1,3969.7011883207665,0.6166666666666667,0.01280337838312251,True,0.59175186569164384,300,platt,300,0,0.0088112446413286215,0.29705848105444077,252,0
20260609,0.0021741626618291409,1,4018.7491590207287,0.6166666666666667,-0.0041907160461388537,False,0.59179283720683784,300,platt,300,0,0.0061212958293993666,0.35518013218493211,252,0
20260610,-0.0016461301557308249,0,3986.6524305919779,0.60833333333333328,-0.0015554091631883038,True,0.59274080601988566,300,platt,300,0,-0.0047895167648678901,0.34369441355869862,252,0
20260611,0.0015013884551811412,1,3993.0007578412174,0.60833333333333328,0.011160781524081065,True,0.59619754503556766,300,platt,300,0,0.0043683818995932655,0.34369441355869862,252,0
20260612,0.0019833969660214079,1,4039.5089904543365,0.6333333333333333,0.016112760050947639,True,0.59287761171608566,300,platt,300,0,0.0057708152584873742,0.34369441355869862,252,0
20260615,-0.0017850976128315895,0,4089.1590981472978,0.64166666666666672,-0.0011180353082873573,True,0.59508572833004569,300,platt,300,0,-0.0050258937679040572,0.35518013218493211,252,0
20260616,-0.0010089722718092796,0,4087.7630947354537,0.6166666666666667,0.0039552610837672031,False,0.60183166394903465,300,platt,300,0,-0.0028407339836337936,0.35518013218493211,252,0
20260617,0.0013969063454684657,1,4113.8147977114486,0.6166666666666667,-0.0042830023454775157,False,0.60185093846377669,300,platt,300,0,0.0039329518148305005,0.35518013218493211,252,0
20260618,0.0013940751697849025,1,4096.1837384127994,0.68333333333333335,0.017752238593536696,True,0.59253268185123886,300,platt,300,0,0.0040561473064118113,0.34369441355869862,252,0
20260622,0.0035920728593904234,1,4178.0506459486724,0.67500000000000004,-0.013654451680377822,False,0.59719698905590846,300,platt,300,0,0.010113383418417487,0.35518013218493211,252,0
20260623,-0.0031712251494312041,0,4093.2298513390651,0.64166666666666672,0.0011109158262265773,False,0.60173979013976286,300,platt,300,0,-0.009765042136718232,0.32475283823987344,252,0
20260624,-0.0014128198815989334,0,4105.0055610989366,0.6333333333333333,0.0023029992069210081,False,0.60297482361198385,300,platt,300,0,-0.0044359547634359635,0.31849285147006406,252,0
20260625,0.0012611091067559,1,4125.4767233870498,0.625,-0.022575112966820798,False,0.60429568474134332,300,platt,300,0,0.0042453226794921277,0.29705848105444077,252,0
20260626,0.0030196061748055691,1,4039.425553657657,0.59999999999999998,0.011580291417639055,True,0.60836589016521336,300,platt,300,0,0.010165022604596761,0.29705848105444077,252,0
20260629,0.0028822568807796273,1,4085.6437312064445,0.59999999999999998,0.0050309264948635857,True,0.60834966940062907,300,platt,300,0,0.0090496752673600838,0.31849285147006406,252,0
20260630,0.0015982351512576719,1,4100.941009528251,0.59999999999999998,0.0044079993020706976,True,0.61143252226927203,300,platt,300,0,0.0049213893246320495,0.32475283823987344,252,0
20260701,-0.0019616595612307478,0,4104.378082357217,0.66666666666666674,-0.020314312752074848,True,0.60097612801863476,300,platt,300,0,-0.0060404693361965313,0.32475283823987344,252,0
20260702,-0.0029277839768025076,0,4017.1080400102815,0.66666666666666674,0.0036584144798890161,False,0.60097612801863476,300,platt,300,0,-0.0082430961405186211,0.35518013218493211,252,0
20260703,-0.0017280025426279926,0,4036.6557742689197,0.66666666666666674,-0.00059476068511687963,True,0.59765471898512956,300,platt,300,0,-0.0050277295017274754,0.34369441355869862,252,0
20260706,-0.0020268216524770917,0,4033.0473309134222,0.73333333333333339,-0.012620612167825174,True,0.58777571636713455,300,platt,300,0,-0.0058971620501214123,0.34369441355869862,252,0
20260707,-0.0021333350099356756,0,3981.7227913366287,0.80000000000000004,-0.0048507415089029671,True,0.57977505966846765,300,platt,300,0,-0.0062070692038505579,0.34369441355869862,252,0
20260708,-0.0018765269276875881,0,3963.4282373163419,0.8666666666666667,0.016547517166032533,False,0.57528523685581989,300,platt,300,0,-0.005283310516677589,0.35518013218493211,252,0
20260709,0.003907883409486136,1,4052.3624148853423,0.80000000000000004,-0.010014968335013807,False,0.57518211948341302,300,platt,300,0,0.01100253943103837,0.35518013218493211,252,0
20260710,-0.0027543233156114007,0,3985.1548789321687,0.73333333333333339,-0.020611678967136893,True,0.57999474837554765,300,platt,300,0,-0.0086479910079560653,0.31849285147006406,252,0
20260713,-0.0031743788434654462,0,3901.3701351287177,0.80000000000000004,0.013626726393877631,False,0.57069443085986493,300,platt,300,0,-0.0092360501603652133,0.34369441355869862,252,0
20260714,0.003456757788292021,1,3980.8395943889873,0.625,-0.0029109484845730726,False,0.59515295713275984,300,platt,300,0,0.010853486262993662,0.31849285147006406,252,0
20260715,0.0012483145885220045,1,3960.5159058482686,0.6166666666666667,-0.018496790646100547,False,0.59664002363950774,300,platt,300,0,0.0042022519743956767,0.29705848105444077,252,0
20260716,-0.0024502223371736407,0,3872.8998259253558,0.73333333333333339,-0.030459900114686467,True,0.57299895565002157,300,platt,300,0,-0.0082482827235779137,0.29705848105444077,252,0
20260717,-0.0043030609110284645,0,3747.9573130473659,0.73333333333333339,0.0085349042641631456,False,0.57422668335787652,300,platt,300,0,-0.014485568281889447,0.29705848105444077,252,0
20260720,-0.0030419079101190343,0,3784.733461580302,0.66666666666666674,0.01793484013066049,False,0.58451629693108498,300,platt,300,0,-0.010525213037506042,0.2890115287243456,252,0
20260721,0.0039893957188970432,1,3879.7835895649864,0.59999999999999998,0.00069002243601556934,True,0.59304451959564863,300,platt,300,0,0.013803586785986184,0.2890115287243456,252,0
20260722,0.0014173526548243093,1,3872.5145503392546,0.59999999999999998,0.0025197091641508962,True,0.59306621732915277,300,platt,300,0,0.0050936752034096058,0.27825736785799798,252,0
20260723,-0.00085044231688158312,0,3873.4804244459096,0.59999999999999998,-0.016142170040508441,True,0.59677852079050475,300,platt,300,0,-0.0030563155377635359,0.27825736785799798,252,0
20260724,0.0017381401611475215,1,3820.8274103787408,0.66666666666666674,0.011548221227540845,True,0.58740619861714893,300,platt,300,0,0.0060140859045291952,0.2890115287243456,252,0
20260727,-0.0021782643449214738,0,3849.8407224825282,0.66666666666666674,-0.011645294687092078,True,0.5876671326605728,300,platt,300,0,-0.0075369462060424115,0.2890115287243456,252,0
20260728,-0.0016313148050910071,0,3807.0938834365502,0.66666666666666674,0.0039740754670489764,False,0.58789967021811018,300,platt,300,0,-0.0054915611205594303,0.29705848105444077,252,0
20260729,-0.0021407446821868001,0,3820.2732253473328,0.59999999999999998,-0.0062104198832484414,True,0.59667040513438985,300,platt,300,0,-0.0074071255622076126,0.2890115287243456,252,0
20260730,-0.0025080561091057338,0,3795.1502174813004,0.66666666666666674,0.0072462621553184281,False,0.58766549230653564,300,platt,300,0,-0.0084429708931491234,0.29705848105444077,252,0
20260731,-0.0008142009583802848,0,3829.1421682811556,0.66666666666666674,-0.0058971692543809962,True,0.58412840535692467,300,platt,300,0,-0.0028171919714554232,0.2890115287243456,252,0
20260803,-0.0010214408011991224,0,3805.7715548751253,0.66666666666666674,0.0033130752854799717,False,0.58775249099449156,300,platt,300,0,-0.0034385175524139534,0.29705848105444077,252,0
20260804,-0.0011003067638849224,0,3818.0789144011269,0.66666666666666663,0.014688859118444419,False,0.5843015116501018,300,platt,300,0,-0.0037040072378316424,0.29705848105444077,252,0
20260805,0.0022546497166949821,1,3887.1741001988617,0.66666666666666674,0.0056524682051726227,True,0.5843015116501018,300,platt,300,0,0.0078012449075878553,0.2890115287243456,252,0
20260806,-0.0012567566776272754,0,3895.4505062018761,0.66666666666666674,0.010174670631676097,False,0.58445072261886444,300,platt,300,0,-0.0042306709209792076,0.29705848105444077,252,0
20260807,0.0018260343459233568,1,3947.2317430688122,0.59999999999999998,0.0067401395788886376,True,0.59372215203714673,300,platt,300,0,0.0061470533998613779,0.29705848105444077,252,0
20260810,-0.0010200006005026462,0,3962.5475722480501,0.66666666666666674,-0.0081935797051045922,True,0.58428477337509588,300,platt,300,0,-0.0032025855393445729,0.31849285147006406,252,0
20260811,-0.0012809092771002722,0,3929.0536839074161,0.73333333333333339,0.0031982722116197237,False,0.57168596099279112,300,platt,300,0,-0.0040217834440804331,0.31849285147006406,252,0
20260812,-0.00076318451997269238,0,3943.6631585820001,0.66666666666666674,-0.004994178390965609,True,0.58413217290574737,300,platt,300,0,-0.0025691389697533209,0.29705848105444077,252,0
20260813,-0.0014586173833152356,0,3921.2368608790534,0.66666666666666674,5.3883854522762675e-05,False,0.58429951534364255,300,platt,300,0,-0.0049102027928565363,0.29705848105444077,252,0
20260814,-0.00096281062446435038,0,3923.395272837934,0.59999999999999998,0.014126459916595557,False,0.59745335643587139,300,platt,300,0,-0.003241148413089407,0.29705848105444077,252,0
20260817,0.0019369042387134667,1,3990.3675184454764,0.59999999999999998,0.0019208801368233441,True,0.59375505844031673,300,platt,300,0,0.006520279211817883,0.29705848105444077,252,0
20260818,-0.0012498691979450889,0,3985.3163423149235,0.59999999999999998,-0.024028572060818321,True,0.59734633551383942,300,platt,300,0,-0.0042425844239974723,0.29460090195858257,252,0
20260819,0.0027113488169033121,1,3904.9815375667613,0.59999999999999998,0.0023876711473311829,True,0.59734633551383931,300,platt,300,0,0.0092034640725047606,0.29460090195858257,252,0
20260820,0.0012000941614675928,1,3908.4058327800985,0.60833333333333328,0.00037953532027512615,True,0.59574011063239274,300,platt,300,0,0.004152409306177619,0.2890115287243456,252,0
20260821,0.00091855103200605295,1,3908.7897278784226,0.60833333333333328,-0.0059394357670456976,False,0.59908690500462658,300,platt,300,0,0.0031782504873089394,0.2890115287243456,252,0
20260824,0.001789339174019539,1,3888.9541288093237,0.625,0.0019157611709135214,True,0.59241431680591428,300,platt,300,0,0.0061912380517047854,0.2890115287243456,252,0
20260825,0.0014957676886466712,1,3895.2626060081916,0.60833333333333328,0.0059336487836605389,True,0.59900760532962793,300,platt,300,0,0.0050772678518715419,0.29460090195858257,252,0
20260826,0.0014698366215929683,1,3918.2742703231434,0.6166666666666667,0.011258079344443672,True,0.59736462978238969,300,platt,300,0,0.0049892468482652845,0.29460090195858257,252,0
20260827,0.0015793630104007773,1,3962.8198618854244,0.6166666666666667,-0.0011100521133071695,False,0.59736130045890778,300,platt,300,0,0.0053610257127550045,0.29460090195858257,252,0
20260828,0.00072870852149338049,1,3955.0589865157672,0.6333333333333333,0.0086329591853000487,True,0.5907955362024907,300,platt,300,0,0.0024735447741291313,0.29460090195858257,252,0
20260831,0.0019379224566332311,1,3994.0231364130318,0.6166666666666667,-0.0016080834899948604,False,0.59729525251850579,300,platt,300,0,0.0065237068800539496,0.29705848105444077,252,0
20260901,0.00060078596161784671,1,3982.2787606589764,0.64166666666666672,-0.0096740166814255346,False,0.58921025537581961,300,platt,300,0,0.0020393215282901956,0.29460090195858257,252,0
20260902,0.0010908499511837789,1,3945.685660943866,0.64166666666666672,0.00017803380952630121,True,0.58580230722101134,300,platt,300,0,0.003702805877142697,0.29460090195858257,252,0
20260903,0.0012009651265284884,1,3946.82221009361,0.65000000000000002,-0.0030368424813662642,False,0.58425303154782027,300,platt,300,0,0.0041554229058936576,0.2890115287243456,252,0
20260904,0.002115281924697445,1,3938.4297041828768,0.64166666666666672,0.00065718155319771654,True,0.58248872738015012,300,platt,300,0,0.0071801610607248887,0.29460090195858257,252,0
20260907,0.0010180585983836246,1,3936.7029182354167,0.65000000000000002,0.0019965167943687412,True,0.58428350146603214,300,platt,300,0,0.0035225535911220761,0.2890115287243456,252,0
20260908,0.00081470216345933899,1,3943.7612753434514,0.65000000000000002,0.0027802965316345851,True,0.58432150325782695,300,platt,300,0,0.0028189261759048664,0.2890115287243456,252,0
20260909,-0.00078064032917113065,0,3948.4220944309263,0.65000000000000002,-0.0043282729514726448,True,0.58770526035648984,300,platt,300,0,-0.0027010698591047985,0.2890115287243456,252,0
20260910,0.00069863770245657056,1,3937.1523226916406,0.65000000000000002,-0.011766205175290145,False,0.59111568657571312,300,platt,300,0,0.002417335064591557,0.2890115287243456,252,0
20260911,0.0018845694086894499,1,3895.4380142943614,0.65000000000000002,-0.00071443440935037295,False,0.58776876653453769,300,platt,300,0,0.0067727565426091247,0.27825736785799798,252,0
20260914,0.00083857089224733978,1,3888.5909269927743,0.65000000000000002,-0.005418686399270678,False,0.58446069718765536,300,platt,300,0,0.0031831066296060884,0.26344417257272762,252,0
20260915,0.00099375659481052065,1,3868.1195531379408,0.64166666666666672,0.007070166820753121,True,0.58594027043809249,300,platt,300,0,0.0037721714817441241,0.26344417257272762,252,0
20260916,-0.0015071351105887774,0,3885.7353322500653,0.65000000000000002,-0.0041104167809619119,True,0.58449409604240921,300,platt,300,0,-0.0057208899170950941,0.26344417257272762,252,0
20260917,0.00092803901484532925,1,3879.2011120893067,0.65000000000000002,0.0093577662364094927,True,0.58783297280667035,300,platt,300,0,0.0035227160494094075,0.26344417257272762,252,0
20260918,-0.00095041507997354843,0,3908.1534984305231,0.65000000000000002,0.0097230701397801322,False,0.58791538359063567,300,platt,300,0,-0.0034155971764189552,0.27825736785799798,252,0
20260921,-0.00093798024407922443,0,3946.2018654556459,0.60833333333333328,,,0.59184511335280732,300,platt,300,0,-0.0035604516695858257,0.26344417257272762,252,0
