trade_date,predicted_pct_change,predicted_label,predicted_close,confidence,real_pct_change,correct,calibrated_confidence,confidence_calibration_window,confidence_calibration_method,confidence_calibration_rows,confidence_calibration_fallback,uncalibrated_predicted_return,return_calibration_scale,return_calibration_rows,return_calibration_close_fallback,correction_selected,downside_last_training_date,downside_probability,downside_training_rows
20201215,-0,0,3367.2325999999998,0.6166666666666667,-7.4066757372093228e-05,True,0.6166666666666667,300,platt,0,1,-0.0030081594396608293,0,0,0,False,0,0,0
20201216,-0,0,3366.9832000000001,0.6166666666666667,0.011253397403349075,False,0.6166666666666667,300,platt,1,1,-0.002335088051007809,0,1,0,False,0,0,0
20201217,-0,0,3404.8732,0.6166666666666667,-0.0029302706485515584,True,0.6166666666666667,300,platt,2,1,-0.0061825834036430289,0,2,0,False,0,0,0
20201218,-0,0,3394.8960000000002,0.625,0.0075623229695400696,False,0.625,300,platt,3,1,-0.0036032009461750359,0,3,0,False,0,0,0
20201221,0,1,3420.5693000000001,0.60833333333333328,-0.018648094631498968,False,0.60833333333333328,300,platt,4,1,0.0050152172183723625,0,4,0,False,0,0,0
20201222,-0,0,3356.7822000000001,0.60833333333333328,0.0076076726097986658,False,0.60833333333333328,300,platt,5,1,-0.0074413496414549992,0,5,0,False,0,0,0
20201223,0,1,3382.3195000000001,0.60833333333333328,-0.0056784109248106951,False,0.60833333333333328,300,platt,6,1,0.0040694440275638863,0,6,0,False,0,0,0
20201224,-0,0,3363.1133,0.59999999999999998,0.0099459331328504152,False,0.59999999999999998,300,platt,7,1,-0.0049200989254651849,0,7,0,False,0,0,0
20201225,-0,0,3396.5626000000002,0.60833333333333328,0.00021280337951079531,False,0.60833333333333328,300,platt,8,1,-0.005935950548336167,0,8,0,False,0,0,0
20201228,-0,0,3397.2854000000002,0.60833333333333328,-0.0053717005936564366,True,0.60833333333333328,300,platt,9,1,-0.0035009530472169641,0,9,0,False,0,0,0
20201229,0,1,3379.0362,0.69999999999999996,0.010481243142645091,True,0.69999999999999996,300,platt,10,1,0.0037842168324014529,0,10,0,False,0,0,0
20201230,-0,0,3414.4526999999998,0.72727272727272729,0.017167202228339562,False,0.72727272727272729,300,platt,11,1,-0.004844330078323412,0,11,0,False,0,0,0
20201231,0,1,3473.0693000000001,0.66666666666666674,0.0086059613034499272,True,0.66666666666666674,300,platt,12,1,0.0065842291752861446,0,12,0,False,0,0,0
20210104,-0,0,3502.9584,0.59166666666666667,0.0073418799378262012,False,0.59166666666666667,300,platt,13,1,-0.0064589737516738107,0,13,0,False,0,0,0
20210105,0,1,3528.6767,0.69230769230769229,0.006291310280706508,True,0.69230769230769229,300,platt,14,1,0.0052913496086797315,0,14,0,False,0,0,0
20210106,-0,0,3550.8766999999998,0.58333333333333337,0.0071328582037220034,False,0.58333333333333337,300,platt,15,1,-0.0052189261901596055,0,15,0,False,0,0,0
20210107,0,1,3576.2046,0.66666666666666674,-0.0017047123086860738,False,0.66666666666666674,300,platt,16,1,0.0058921475344956642,0,16,0,False,0,0,0
20210108,-0,0,3570.1082000000001,0.73333333333333339,-0.010814910315603332,True,0.73333333333333339,300,platt,17,1,-0.0051178364521118416,0,17,0,False,0,0,0
20210111,-0,0,3531.4978000000001,0.75,0.021758784615411697,False,0.75,300,platt,18,1,-0.0096907099100431836,0,18,0,False,0,0,0
20210112,0,1,3608.3389000000002,0.6166666666666667,-0.0026846425096046511,False,0.6166666666666667,300,platt,19,1,0.010938497670782296,0,19,0,False,0,0,0
20210113,-0,0,3598.6518000000001,0.59999999999999998,-0.0090998523391455644,True,0.59999999999999998,300,platt,20,1,-0.0054726629624846012,0,20,0,False,0,0,0
20210114,0,1,3565.9045999999998,0.59999999999999998,0.00013270125061692895,True,0.59999999999999998,300,platt,21,1,0.0047535303186594631,0,21,0,False,0,0,0
20210115,0,1,3566.3778000000002,0.59999999999999998,0.0083686871312398381,True,0.59999999999999998,300,platt,22,1,0.0067008092528481429,0,22,0,False,0,0,0
20210118,-0,0,3596.2237,0.59999999999999998,-0.0082982323930516078,True,0.59999999999999998,300,platt,23,1,-0.0077053961574781674,0,23,0,False,0,0,0
20210119,-0,0,3566.3814000000002,0.59999999999999998,0.0046855897128668111,False,0.59999999999999998,300,platt,24,1,-0.0060940860669484913,0,24,0,False,0,0,0
20210120,0,1,3583.0920000000001,0.59999999999999998,0.010653396563638173,True,0.59999999999999998,300,platt,25,1,0.0040124390927860102,0,25,0,False,0,0,0
20210121,-0,0,3621.2640999999999,0.66666666666666674,-0.0040081307519105325,True,0.66666666666666674,300,platt,26,1,-0.0060398743965846911,0,26,0,False,0,0,0
20210122,0,1,3606.7496000000001,0.66666666666666674,0.0048488256573175903,True,0.66666666666666674,300,platt,27,1,0.0037466552340314103,0,27,0,False,0,0,0
20210125,0,1,3624.2381,0.73333333333333339,-0.015122930251188493,False,0.73333333333333339,300,platt,28,1,0.0054425102068140661,0,28,0,False,0,0,0
20210126,-0,0,3569.4290000000001,0.66666666666666674,0.0010960296450777118,False,0.66666666666666674,300,platt,29,1,-0.005554712678098192,0,29,0,False,0,0,0
20210127,0,1,3573.3411999999998,0.66666666666666674,-0.019076068078805242,False,0.66666666666666674,300,platt,30,1,0.0038547785608936355,0,30,0,False,0,0,0
20210128,-0,0,3505.1759000000002,0.59166666666666667,-0.0063068732156923435,True,0.59166666666666667,300,platt,31,1,-0.0064443277330058614,0,31,0,False,0,0,0
20210129,-0,0,3483.0691999999999,0.59999999999999998,0.0063778233289193409,False,0.59999999999999998,300,platt,32,1,-0.010546505412580972,0,32,0,False,0,0,0
20210201,-0,0,3505.2836000000002,0.59166666666666667,0.0081024257209887374,False,0.59166666666666667,300,platt,33,1,-0.0044300032694859718,0,33,0,False,0,0,0
20210202,0,1,3533.6849000000002,0.58333333333333337,-0.0046345105643120776,False,0.58333333333333337,300,platt,34,1,0.0048318627300498688,0,34,0,False,0,0,0
20210203,0,1,3517.308,0.66666666666666674,-0.0043922226884879345,False,0.66666666666666674,300,platt,35,1,0.0043194081814770715,0,35,0,False,0,0,0
20210204,0,1,3501.8591999999999,0.59999999999999998,-0.0015781045679963412,False,0.59999999999999998,300,platt,36,1,0.0071379622647677072,0,36,0,False,0,0,0
20210205,-0,0,3496.3328999999999,0.60833333333333328,0.010329050760583991,False,0.60833333333333328,300,platt,37,1,-0.0052278236694575887,0,37,0,False,0,0,0
20210208,-0,0,3532.4467,0.57499999999999996,0.020111357943489949,False,0.57499999999999996,300,platt,38,1,-0.005987702046067734,0,38,0,False,0,0,0
20210209,0,1,3603.489,0.6166666666666667,0.014319177885654844,True,0.6166666666666667,300,platt,39,1,0.0088909181710216754,0,39,0,False,0,0,0
20210210,-0,0,3655.0880000000002,0.6166666666666667,0.0055454478797773987,False,0.6166666666666667,300,platt,40,1,-0.0059713465364067703,0,40,0,False,0,0,0
20210218,0,1,3675.3571000000002,0.56666666666666665,0.0056622797278664816,True,0.56666666666666665,300,platt,41,1,0.00798934840909255,0,41,0,False,0,0,0
20210219,0,1,3696.1680000000001,0.59999999999999998,-0.014534810106034191,False,0.59999999999999998,300,platt,42,1,0.0075858795834446392,0,42,0,False,0,0,0
20210222,0,1,3642.4449,0.6166666666666667,-0.0016712950139615712,False,0.6166666666666667,300,platt,43,1,0.0088594024104382847,0,43,0,False,0,0,0
20210223,-0,0,3636.3573000000001,0.6166666666666667,-0.019876319634486994,True,0.6166666666666667,300,platt,44,1,-0.0063710681417289972,0,44,0,False,0,0,0
20210224,0,1,3564.0799000000002,0.59166666666666667,0.0058825561121678138,True,0.59166666666666667,300,platt,45,1,0.013703944847826516,0,45,0,False,0,0,0
20210225,-0,0,3585.0457999999999,0.57499999999999996,-0.021189520089255232,True,0.57499999999999996,300,platt,46,1,-0.0047189499433674259,0,46,0,False,0,0,0
20210226,-0,0,3509.0803999999998,0.60833333333333328,0.012059968759906559,False,0.60833333333333328,300,platt,47,1,-0.0060654488756050288,0,47,0,False,0,0,0
20210301,-0,0,3551.3998000000001,0.60833333333333328,-0.012054007549361367,True,0.60833333333333328,300,platt,48,1,-0.0048818466725612302,0,48,0,False,0,0,0
20210302,-0,0,3508.5911999999998,0.6166666666666667,0.01947029337587125,False,0.6166666666666667,300,platt,49,1,-0.0099908645740065232,0,49,0,False,0,0,0
20210303,-0,0,3576.9045000000001,0.60833333333333328,-0.020524143152270469,True,0.60833333333333328,300,platt,50,1,-0.0094613876426268614,0,50,0,False,0,0,0
20210304,0,1,3503.4915999999998,0.6166666666666667,-0.00042954291655783461,False,0.6166666666666667,300,platt,51,1,0.0080883635788349222,0,51,0,False,0,0,0
20210305,-0,0,3501.9866999999999,0.60833333333333328,-0.023007683038887561,True,0.60833333333333328,300,platt,52,1,-0.0083253046958837156,0,52,0,False,0,0,0
20210308,0,1,3421.4141,0.60833333333333328,-0.018156849239617023,False,0.60833333333333328,300,platt,53,1,0.01542561396582624,0,53,0,False,0,0,0
20210309,-0,0,3359.2919999999999,0.59166666666666667,-0.00046283562131543832,True,0.59166666666666667,300,platt,54,1,-0.013058127637749545,0,54,0,False,0,0,0
20210310,-0,0,3357.7372,0.59166666666666667,0.023555774406645025,False,0.59166666666666667,300,platt,55,1,-0.0054544584380528342,0,55,0,False,0,0,0
20210311,-0,0,3436.8312999999998,0.59166666666666667,0.0047271450303656426,False,0.59166666666666667,300,platt,56,1,-0.0084426675078779854,0,56,0,False,0,0,0
20210312,0,1,3453.0776999999998,0.58333333333333337,-0.0095949477186684229,False,0.58333333333333337,300,platt,57,1,0.0046720811058835483,0,57,0,False,0,0,0
20210315,-0,0,3419.9456,0.58333333333333337,0.0078328146506190244,False,0.58333333333333337,300,platt,58,1,-0.0082373349885814379,0,58,0,False,0,0,0
20210316,0,1,3446.7334000000001,0.625,-0.00034307846379988405,False,0.625,300,platt,59,1,0.005366478437956069,0,59,0,False,0,0,0
20210317,0,1,3445.5509000000002,0.59999999999999998,0.0050840055794849626,True,0.39985714570465586,300,platt,60,0,0.0055075933681240944,0,60,0,False,0,0,0
20210318,0,1,3463.0681,0.66666666666666674,-0.01686501631313575,False,0.4098723668565582,300,platt,61,0,0.0035960401713793855,0,61,0,False,0,0,0
20210319,0,1,3404.6633999999999,0.66666666666666674,0.011389026004744007,True,0.40309979343409097,300,platt,62,0,0.0063957636761996861,0,62,0,False,0,0,0
20210322,0,1,3443.4391999999998,0.66666666666666674,-0.0092728223573687041,False,0.41286166033899691,300,platt,63,0,0.0049587200148405305,0,63,0,False,0,0,0
20210323,0,1,3411.5088000000001,0.66666666666666674,-0.013028897946855689,False,0.40614607554858112,300,platt,64,0,0.0070444643535776813,0,64,0,False,0,0,0
20210324,-0,0,3367.0605999999998,0.6333333333333333,-0.0010303051866663582,True,0.39991730974813994,300,platt,65,0,-0.006845205081586302,0,65,0,False,0,0,0
20210325,-0,0,3363.5915,0.59166666666666667,0.016272844071582471,False,0.4091656075027767,300,platt,66,0,-0.0048014893452251323,0,66,0,False,0,0,0
20210326,-0,0,3418.3267000000001,0.59166666666666667,0.0049641539528681999,False,0.40290232569908119,300,platt,67,0,-0.0063357590862748456,0,67,0,False,0,0,0
20210329,0,1,3435.2957999999999,0.59999999999999998,0.0062238599657122862,True,0.39692005684357951,300,platt,68,0,0.0050407736169743251,0,68,0,False,0,0,0
20210330,0,1,3456.6765999999998,0.59166666666666667,-0.0042714727782169337,False,0.40578914444879333,300,platt,69,0,0.0042999354608458931,0,69,0,False,0,0,0
20210331,-0,0,3441.9115000000002,0.66666666666666674,0.0070948947990090439,False,0.40009540628515206,300,platt,70,0,-0.0039517647623961202,0,70,0,False,0,0,0
20210401,0,1,3466.3314999999998,0.59999999999999998,0.0052103787534458768,True,0.39438586263957437,300,platt,71,0,0.0039081505045063091,0,71,0,False,0,0,0
20210402,0,1,3484.3924000000002,0.59999999999999998,-0.00040896656760014416,False,0.40285717989194736,300,platt,72,0,0.0030835901555054607,0,72,0,False,0,0,0
20210406,-0,0,3482.9674,0.60833333333333328,-0.00095946921581868683,True,0.39720519658080067,300,platt,73,0,-0.0026813225573023695,0,73,0,False,0,0,0
20210407,0,1,3479.6255999999998,0.6166666666666667,0.00084181470558220006,True,0.40539175229857716,300,platt,74,0,0.0037719071669965894,0,74,0,False,0,0,0
20210408,-0,0,3482.5547999999999,0.625,-0.0091535099462037861,True,0.41329712493885462,300,platt,75,0,-0.0045639832800181586,0,75,0,False,0,0,0
20210409,-0,0,3450.6772000000001,0.72222222222222221,-0.010933940734879521,True,0.4205501823637755,300,platt,76,0,-0.0042064635082047566,0,76,0,False,0,0,0
20210412,0,1,3412.9477000000002,0.72222222222222221,-0.0048279966317680278,False,0.42939876247395631,300,platt,77,0,0.0066930156526111145,0,77,0,False,0,0,0
20210413,0,1,3396.4699999999998,0.72222222222222221,0.0059624256949126764,True,0.42294023431400957,300,platt,78,0,0.0048105644843383791,0,78,0,False,0,0,0
20210414,0,1,3416.7212,0.72222222222222221,-0.0051902683777651504,False,0.43149440806492623,300,platt,79,0,0.0034499665079088413,0,79,0,False,0,0,0
20210415,-0,0,3398.9875000000002,0.66666666666666674,0.0081289795858325853,False,0.42507670167733502,300,platt,80,0,-0.0046921873856332159,0,80,0,False,0,0,0
20210416,0,1,3426.6178,0.61111111111111116,0.014863256707532413,True,0.41978209860331639,300,platt,81,0,0.0049393183960817688,0,81,0,False,0,0,0
20210419,-0,0,3477.5484999999999,0.61111111111111116,-0.0013244387533343227,True,0.42686104887678511,300,platt,82,0,-0.008216625345082048,0,82,0,False,0,0,0
20210420,-0,0,3472.9427000000001,0.61111111111111116,-3.7144292649449184e-06,True,0.43377395052438711,300,platt,83,0,-0.0039037148925313197,0,83,0,False,0,0,0
20210421,0,1,3472.9297999999999,0.61111111111111116,-0.0022505493776464602,False,0.44057518043381799,300,platt,84,0,0.003947479299850668,0,84,0,False,0,0,0
20210422,0,1,3465.1138000000001,0.61111111111111116,0.0026123817347643019,True,0.43533041198261119,300,platt,85,0,0.0036148525244928749,0,85,0,False,0,0,0
20210423,0,1,3474.1660000000002,0.61111111111111116,-0.0094987401292856433,False,0.44196961067493512,300,platt,86,0,0.0032273728027369429,0,86,0,False,0,0,0
20210426,-0,0,3441.1658000000002,0.61111111111111116,0.00042000301177003152,False,0.4368206827012408,300,platt,87,0,-0.007344506827495414,0,87,0,False,0,0,0
20210427,0,1,3442.6111000000001,0.55555555555555558,0.0041994868371857397,True,0.43210422406114263,300,platt,88,0,0.0033274480612509247,0,88,0,False,0,0,0
20210428,0,1,3457.0682999999999,0.57894736842105265,0.0051583591796553474,True,0.43889813033546843,300,platt,89,0,0.0042005076236680304,0,89,0,False,0,0,0
20210429,0,1,3474.9011,0.57894736842105265,-0.0080706469602832565,False,0.44535502099551605,300,platt,90,0,0.003860070874161126,0,90,0,False,0,0,0
20210430,-0,0,3446.8564000000001,0.55000000000000004,-0.00161706765619829,True,0.44076022285897842,300,platt,91,0,-0.0053061807291145896,0,91,0,False,0,0,0
20210506,0,1,3441.2826,0.55000000000000004,-0.0065116709682605523,False,0.44746808238284375,300,platt,92,0,0.005647062285919051,0,92,0,False,0,0,0
20210507,0,1,3418.8741,0.6166666666666667,0.0026666088698614754,True,0.44092369668890269,300,platt,93,0,0.0052900199713945863,0,93,0,False,0,0,0
20210510,-0,0,3427.9908999999998,0.6166666666666667,0.0040415801570536924,False,0.44691681665301058,300,platt,94,0,-0.0035469169194133547,0,94,0,False,0,0,0
20210511,-0,0,3441.8454000000002,0.60833333333333328,0.0060740380727151155,False,0.4423303881981574,300,platt,95,0,-0.0080093260752704242,0,95,0,False,0,0,0
20210512,0,1,3462.7512999999999,0.54545454545454541,-0.009592141370360685,False,0.4388093966308555,300,platt,96,0,0.0047424783431215967,0,96,0,False,0,0,0
20210513,0,1,3429.5360999999998,0.6166666666666667,0.017740037785285434,True,0.43303097763533194,300,platt,97,0,0.0037569278459039642,0,97,0,False,0,0,0
20210514,-0,0,3490.3762000000002,0.6166666666666667,0.0078042017361910077,False,0.43877457231323846,300,platt,98,0,-0.0085620873401204885,0,98,0,False,0,0,0
20210517,-0,0,3517.6158,0.59999999999999998,0.0032404334776980903,False,0.43444328412685757,300,platt,99,0,-0.0049650053779921304,0,99,0,False,0,0,0
20210518,-0,0,3529.0144,0.6166666666666667,-0.005114657508906717,True,0.43002271756445237,300,platt,100,0,-0.0022091375140244891,0,100,0,False,0,0,0
20210519,-0,0,3510.9647,0.6166666666666667,-0.0011450699005889353,True,0.4356735404545653,300,platt,101,0,-0.0021460333070765529,0,101,0,False,0,0,0
20210520,0,1,3506.9443999999999,0.625,-0.0058134654202102176,False,0.44108603578256705,300,platt,102,0,0.0039361773286193703,0,102,0,False,0,0,0
20210521,-0,0,3486.5569,0.625,0.0030761580285696422,False,0.43676787113482407,300,platt,103,0,-0.0048394971290181034,0,103,0,False,0,0,0
20210524,-0,0,3497.2820999999999,0.625,0.024035721911023433,False,0.43265200884333671,300,platt,104,0,-0.0035435609614006178,0,104,0,False,0,0,0
20210525,0,1,3581.3418000000001,0.59999999999999998,0.0033549436694368939,True,0.42876150502145266,300,platt,105,0,0.010014326354665815,0,105,0,False,0,0,0
20210526,-0,0,3593.357,0.59999999999999998,0.0043117619540724572,False,0.43416076144376342,300,platt,106,0,-0.0021504723406623877,0,106,0,False,0,0,0
20210527,-0,0,3608.8507,0.59999999999999998,-0.0022351437259513496,True,0.43011003590685237,300,platt,107,0,-0.0056884399936159603,0,107,0,False,0,0,0
20210528,0,1,3600.7844,0.59999999999999998,0.0040804720215961154,True,0.43541571844458726,300,platt,108,0,0.0048081232774614072,0,108,0,False,0,0,0
20210531,-0,0,3615.4773,0.66666666666666674,0.0025547111027359737,False,0.43955267962631472,300,platt,109,0,-0.0041141697311760355,0,109,0,False,0,0,0
20210601,-0,0,3624.7138,0.59999999999999998,-0.007607745472207994,True,0.43673498303122904,300,platt,110,0,-0.0051840105286705563,0,110,0,False,0,0,0
20210602,0,1,3597.1379000000002,0.59999999999999998,-0.0035933568184861597,False,0.442059565605744,300,platt,111,0,0.0052798102519452748,0,111,0,False,0,0,0
20210603,0,1,3584.2121000000002,0.55555555555555558,0.0021295056729482287,True,0.43882898104685975,300,platt,112,0,0.0041358973181373441,0,112,0,False,0,0,0
20210604,0,1,3591.8447000000001,0.56756756756756754,0.0021427151346493645,True,0.44403294420869638,300,platt,113,0,0.0068237888338924038,0,113,0,False,0,0,0
20210607,0,1,3599.5410000000002,0.57894736842105265,-0.0053992161778405601,False,0.44886487755004045,300,platt,114,0,0.0021606849556909413,0,114,0,False,0,0,0
20210608,0,1,3580.1062999999999,0.5641025641025641,0.0031535935120139413,True,0.44523588764547928,300,platt,115,0,0.0068548730893943271,0,115,0,False,0,0,0
20210609,0,1,3591.3964999999998,0.57499999999999996,0.0054192011380531646,True,0.44999435281702138,300,platt,116,0,0.0030544224396048328,0,116,0,False,0,0,0
20210610,0,1,3610.8589999999999,0.58536585365853666,-0.0058465035605101967,False,0.45449005709297663,300,platt,117,0,0.0046883416011357232,0,117,0,False,0,0,0
20210611,0,1,3589.7480999999998,0.5714285714285714,-0.0092455233836601369,False,0.45104571792069276,300,platt,118,0,0.0032118024446548868,0,118,0,False,0,0,0
20210615,0,1,3556.5590000000002,0.55813953488372092,-0.010749097653096729,False,0.44748402463500492,300,platt,119,0,0.0054769998651159422,0,119,0,False,0,0,0
20210616,0,1,3518.3292000000001,0.54545454545454541,0.0020677428365714068,True,0.44384067901780772,300,platt,120,0,0.0058467032287140121,0,120,0,False,0,0,0
20210617,0,1,3525.6042000000002,0.55555555555555558,-0.0001439185941519705,False,0.44870678559693561,300,platt,121,0,0.0032764820257005275,0,121,0,False,0,0,0
20210618,0,1,3525.0967999999998,0.54347826086956519,0.0011590603696329804,True,0.44501281792996278,300,platt,122,0,0.0038928271938972483,0,122,0,False,0,0,0
20210621,-0,0,3529.1826000000001,0.55319148936170215,0.0079988493652891623,False,0.44976826741459225,300,platt,123,0,-0.004370738949434347,0,123,0,False,0,0,0
20210622,0,1,3557.4119999999998,0.54166666666666674,0.0024759291305027631,True,0.44613538422584148,300,platt,124,0,0.0027986970028279316,0,124,0,False,0,0,0
20210623,0,1,3566.2199000000001,0.55102040816326525,0.00012169748702262062,True,0.45090975427532543,300,platt,125,0,0.0032982664090357994,0,125,0,False,0,0,0
20210624,-0,0,3566.6538999999998,0.56000000000000005,0.011469545727439412,False,0.45528990196258451,300,platt,126,0,-0.0025855237217640341,0,126,0,False,0,0,0
20210625,0,1,3607.5617999999999,0.5490196078431373,-0.00032975180078698152,False,0.45193110920107787,300,platt,127,0,0.0058915537094995718,0,127,0,False,0,0,0
20210628,0,1,3606.3721999999998,0.60833333333333328,-0.0092043466839056842,False,0.44547431690335254,300,platt,128,0,0.0023763666594497227,0,128,0,False,0,0,0
20210629,-0,0,3573.1779000000001,0.59999999999999998,0.0050428779378715038,False,0.44238607850271466,300,platt,129,0,-0.0037403374082035246,0,129,0,False,0,0,0
20210630,0,1,3591.1970000000001,0.55555555555555558,-0.00067258911165279933,False,0.44063920324242317,300,platt,130,0,0.0029313590837417879,0,130,0,False,0,0,0
20210701,-0,0,3588.7815999999998,0.59999999999999998,-0.019511385145309368,True,0.4355061703318065,300,platt,131,0,-0.0040297666491436049,0,131,0,False,0,0,0
20210702,0,1,3518.7595000000001,0.66666666666666674,0.0044227802440035546,True,0.43742702161921804,300,platt,132,0,0.0067796096485350874,0,132,0,False,0,0,0
20210705,-0,0,3534.3222000000001,0.66666666666666674,-0.0011496688106138464,True,0.44221150038624785,300,platt,133,0,-0.0028136323771175823,0,133,0,False,0,0,0
20210706,0,1,3530.2588999999998,0.66666666666666674,0.0066444418566582453,True,0.44655134952301673,300,platt,134,0,0.0049938116076637916,0,134,0,False,0,0,0
20210707,-0,0,3553.7154999999998,0.66666666666666674,-0.007938620860336032,True,0.45104660247982648,300,platt,135,0,-0.0062940598176061636,0,135,0,False,0,0,0
20210708,0,1,3525.5039000000002,0.73333333333333339,-0.00040158798292644349,False,0.4548518530251689,300,platt,136,0,0.0045630351616461565,0,136,0,False,0,0,0
20210709,0,1,3524.0880999999999,0.66666666666666674,0.0067387929376681033,True,0.4514730509531682,300,platt,137,0,0.0053783432295719273,0,137,0,False,0,0,0
20210712,-0,0,3547.8362000000002,0.73333333333333339,0.0052669568003167466,False,0.45487690069623493,300,platt,138,0,-0.0045367352486045407,0,138,0,False,0,0,0
20210713,-0,0,3566.5225,0.66666666666666674,-0.010660636516382604,True,0.45190256342511775,300,platt,139,0,-0.0029619656493045871,0,139,0,False,0,0,0
20210714,-0,0,3528.5011,0.73333333333333339,0.0102278840156802,False,0.45488061393952772,300,platt,140,0,-0.0043002197203491953,0,140,0,False,0,0,0
20210715,0,1,3564.5902000000001,0.60833333333333328,-0.0070937747626641512,False,0.45409987664144297,300,platt,141,0,0.006242004731285512,0,141,0,False,0,0,0
20210716,0,1,3539.3038000000001,0.73333333333333339,-5.1224763469082113e-05,False,0.44704161708742823,300,platt,142,0,0.0034398754834396418,0,142,0,False,0,0,0
20210719,0,1,3539.1224999999999,0.60833333333333328,-0.00065892039622816867,False,0.44788046253777963,300,platt,143,0,0.0046883630839114621,0,143,0,False,0,0,0
20210720,-0,0,3536.7905000000001,0.66666666666666674,0.0073147108939586314,False,0.44237012126981257,300,platt,144,0,-0.0035797084826530083,0,144,0,False,0,0,0
20210721,-0,0,3562.6610999999998,0.59999999999999998,0.0033888432441693261,False,0.4422301385927721,300,platt,145,0,-0.003151601216239914,0,145,0,False,0,0,0
20210722,-0,0,3574.7343999999998,0.66666666666666674,-0.0068083379844946501,True,0.43613423591681649,300,platt,146,0,-0.0021898499438772938,0,146,0,False,0,0,0
20210723,0,1,3550.3964000000001,0.66666666666666674,-0.023365137481550002,False,0.44023938793274831,300,platt,147,0,0.0036903068606194403,0,147,0,False,0,0,0
20210726,-0,0,3467.4409000000001,0.59999999999999998,-0.024876444181067381,True,0.43997633331079716,300,platt,148,0,-0.014142971967900823,0,148,0,False,0,0,0
20210727,0,1,3381.1833000000001,0.59999999999999998,-0.0057949535004505615,False,0.44380771568564231,300,platt,149,0,0.013248824745193625,0,149,0,False,0,0,0
20210728,-0,0,3361.5895,0.59999999999999998,0.014913926878936223,False,0.44077121308858908,300,platt,150,0,-0.0093538285812421029,0,150,0,False,0,0,0
20210729,0,1,3411.7240000000002,0.59166666666666667,-0.0042109502409926058,False,0.43815057328248014,300,platt,151,0,0.0043084497942554173,0,151,0,False,0,0,0
20210730,-0,0,3397.3573999999999,0.59999999999999998,0.019700017431195205,False,0.43485734754476768,300,platt,152,0,-0.0043763843991355515,0,152,0,False,0,0,0
20210802,0,1,3464.2854000000002,0.59166666666666667,-0.0047034231071148014,False,0.43231384412594087,300,platt,153,0,0.012063624222080122,0,153,0,False,0,0,0
20210803,-0,0,3447.9913999999999,0.59999999999999998,0.0084765872675900411,False,0.42913408893295002,300,platt,154,0,-0.0044078632171948356,0,154,0,False,0,0,0
20210804,-0,0,3477.2186000000002,0.59999999999999998,-0.0030684007039418759,True,0.42642350383227046,300,platt,155,0,-0.0045779839970845832,0,155,0,False,0,0,0
20210805,0,1,3466.5491000000002,0.59166666666666667,-0.0024004852549183164,False,0.43028751363725132,300,platt,156,0,0.0045920698138016067,0,156,0,False,0,0,0
20210806,0,1,3458.2276999999999,0.59999999999999998,0.010527675780284795,True,0.42734881462696239,300,platt,157,0,0.00369249354330181,0,157,0,False,0,0,0
20210809,0,1,3494.6347999999998,0.60833333333333328,0.010100082560844381,True,0.4306375940468426,300,platt,158,0,0.0079825581456103682,0,158,0,False,0,0,0
20210810,0,1,3529.9308999999998,0.59999999999999998,0.00076216789399463636,True,0.43454572876797631,300,platt,159,0,0.0065013997701231429,0,159,0,False,0,0,0
20210811,-0,0,3532.6212999999998,0.59999999999999998,-0.0022317421909899826,True,0.43809564158324316,300,platt,160,0,-0.0024571878452055987,0,160,0,False,0,0,0
20210812,-0,0,3524.7374,0.59999999999999998,-0.0023940790596201911,True,0.44165855699901047,300,platt,161,0,-0.00306837727193154,0,161,0,False,0,0,0
20210813,0,1,3516.2988999999998,0.59999999999999998,0.00029741498937996269,True,0.44511674104641796,300,platt,162,0,0.0048447836954829794,0,162,0,False,0,0,0
20210816,0,1,3517.3447000000001,0.59999999999999998,-0.020006199562982885,False,0.44861819503651845,300,platt,163,0,0.0032514879603844937,0,163,0,False,0,0,0
20210817,-0,0,3446.9760000000001,0.59999999999999998,0.01111406055626718,False,0.44577608177040556,300,platt,164,0,-0.011554723876095047,0,164,0,False,0,0,0
20210818,0,1,3485.2858999999999,0.59166666666666667,-0.0056613146141037962,False,0.44346134944099963,300,platt,165,0,0.0060824110165805948,0,165,0,False,0,0,0
20210819,0,1,3465.5545999999999,0.59166666666666667,-0.011028768670965361,False,0.44067482515594486,300,platt,166,0,0.0042153146686993897,0,166,0,False,0,0,0
20210820,-0,0,3427.3337999999999,0.59166666666666667,0.014529749042827333,False,0.43797320134460405,300,platt,167,0,-0.0072340712955299711,0,167,0,False,0,0,0
20210823,0,1,3477.1320999999998,0.57499999999999996,0.010738418595025445,True,0.43570313383473336,300,platt,168,0,0.0054534728035111248,0,168,0,False,0,0,0
20210824,0,1,3514.471,0.59999999999999998,0.0073731437818094214,True,0.4384453869701902,300,platt,169,0,0.0051329614879185061,0,169,0,False,0,0,0
20210825,0,1,3540.3836999999999,0.59999999999999998,-0.010936498210631806,False,0.44183241708339993,300,platt,170,0,0.003712023150244595,0,170,0,False,0,0,0
20210826,0,1,3501.6642999999999,0.58333333333333337,0.005852188629275501,True,0.43984782165286535,300,platt,171,0,0.0046953047723003478,0,171,0,False,0,0,0
20210827,0,1,3522.1567,0.60833333333333328,0.0017019401777325083,True,0.44218943262969257,300,platt,172,0,0.0045505134474893181,0,172,0,False,0,0,0
20210830,-0,0,3528.1511999999998,0.6166666666666667,0.00447514834398266,False,0.44503863762458495,300,platt,173,0,-0.0032055792051209541,0,173,0,False,0,0,0
20210831,-0,0,3543.9402,0.6166666666666667,0.006535268286976148,False,0.44248281361217456,300,platt,174,0,-0.0058552195152698971,0,174,0,False,0,0,0
20210901,0,1,3567.1008000000002,0.6166666666666667,0.0083938754968742035,True,0.43995469951328436,300,platt,175,0,0.008276511514984106,0,175,0,False,0,0,0
20210902,0,1,3597.0426000000002,0.6166666666666667,-0.0042557738960334879,False,0.44313590878944942,300,platt,176,0,0.0048032336578651986,0,176,0,False,0,0,0
20210903,0,1,3581.7343999999998,0.59999999999999998,0.01120264528827164,True,0.44137973481767379,300,platt,177,0,0.0054280719670685533,0,177,0,False,0,0,0
20210906,0,1,3621.8593000000001,0.66666666666666674,0.015110277751540391,True,0.44139695625818109,300,platt,178,0,0.005546351362204844,0,178,0,False,0,0,0
20210907,0,1,3676.5866000000001,0.66666666666666674,-0.00038081518330079778,False,0.44485986733694294,300,platt,179,0,0.0078874384047563067,0,179,0,False,0,0,0
20210908,0,1,3675.1864999999998,0.59999999999999998,0.0048822284256868631,True,0.44518379069196984,300,platt,180,0,0.0040465694494539938,0,180,0,False,0,0,0
20210909,-0,0,3693.1296000000002,0.59999999999999998,0.0027025046724598045,False,0.44827506381639826,300,platt,181,0,-0.0036775100938204008,0,181,0,False,0,0,0
20210910,0,1,3703.1102999999998,0.60833333333333328,0.0033112705284528143,True,0.44540446632041603,300,platt,182,0,0.0048427613536591941,0,182,0,False,0,0,0
20210913,-0,0,3715.3723,0.60833333333333328,-0.014203367990873961,True,0.4484368475226409,300,platt,183,0,-0.0028168547915694581,0,183,0,False,0,0,0
20210914,0,1,3662.6015000000002,0.64166666666666672,-0.0017414670965433254,False,0.44981563093818439,300,platt,184,0,0.0081270652450318673,0,184,0,False,0,0,0
20210915,0,1,3656.2231999999999,0.64166666666666672,-0.013437636958268828,False,0.44731358587647285,300,platt,185,0,0.0046726948557066555,0,185,0,False,0,0,0
20210916,0,1,3607.0922,0.6333333333333333,0.0019057178521801887,True,0.44528781593116046,300,platt,186,0,0.0086127961677482483,0,186,0,False,0,0,0
20210917,0,1,3613.9663,0.6333333333333333,0.0040186871692744486,True,0.44829120665074013,300,platt,187,0,0.0062325430534195007,0,187,0,False,0,0,0
20210922,0,1,3628.4897000000001,0.6333333333333333,0.0037841364135606792,True,0.4512624174779275,300,platt,188,0,0.0082413134077945743,0,188,0,False,0,0,0
20210923,-0,0,3642.2204000000002,0.6166666666666667,-0.0080042108379821952,True,0.45499387218797266,300,platt,189,0,-0.0045827936295517631,0,189,0,False,0,0,0
20210924,-0,0,3613.0673000000002,0.60833333333333328,-0.0083686788784699262,True,0.45825495765284124,300,platt,190,0,-0.0052380312577397269,0,190,0,False,0,0,0
20210927,0,1,3582.8307,0.6166666666666667,0.0054112799692154212,True,0.46069175306906185,300,platt,191,0,0.0097867985499441486,0,191,0,False,0,0,0
20210928,-0,0,3602.2184000000002,0.6166666666666667,-0.018300944773365191,True,0.46350259218581297,300,platt,192,0,-0.0050451701592522519,0,192,0,False,0,0,0
20210929,-0,0,3536.2944000000002,0.625,0.0090129373843987892,False,0.46588193543497647,300,platt,193,0,-0.0067729369224909667,0,193,0,False,0,0,0
20210930,-0,0,3568.1668,0.625,0.0067260869082690355,False,0.46347021338032784,300,platt,194,0,-0.0036908922065004568,0,194,0,False,0,0,0
20211008,-0,0,3592.1666,0.625,-0.00012747181603434132,True,0.4610838359605996,300,platt,195,0,-0.0049137650751200123,0,195,0,False,0,0,0
20211011,-0,0,3591.7087000000001,0.6333333333333333,-0.012465515368771385,True,0.46343368784267752,300,platt,196,0,-0.0033690683531127225,0,196,0,False,0,0,0
20211012,-0,0,3546.9362000000001,0.6333333333333333,0.0041799736910970164,False,0.46619318546074651,300,platt,197,0,-0.008383328194503584,0,197,0,False,0,0,0
20211013,-0,0,3561.7622999999999,0.6333333333333333,-0.00097783055315059375,True,0.46380837204229658,300,platt,198,0,-0.0065012286745402713,0,198,0,False,0,0,0
20211014,-0,0,3558.2795000000001,0.6333333333333333,0.0039588514617807657,False,0.46653806494486566,300,platt,199,0,-0.0027308250335005137,0,199,0,False,0,0,0
20211015,0,1,3572.3661999999999,0.625,-0.0011836132589093662,False,0.46458228369790783,300,platt,200,0,0.0043592166071257507,0,200,0,False,0,0,0
20211018,-0,0,3568.1379000000002,0.625,0.0070107716408605025,False,0.46226116022715397,300,platt,201,0,-0.0038188884126330062,0,201,0,False,0,0,0
20211019,-0,0,3593.1532999999999,0.6166666666666667,-0.0017122564740000845,True,0.46038461047837642,300,platt,202,0,-0.0043651764288017642,0,202,0,False,0,0,0
20211020,-0,0,3587.0009,0.6166666666666667,0.0021695561882908443,False,0.46304833861003614,300,platt,203,0,-0.0025734235410853649,0,203,0,False,0,0,0
20211021,-0,0,3594.7831000000001,0.60833333333333328,-0.0033881042781135351,True,0.46119459669564972,300,platt,204,0,-0.0041519081031216269,0,204,0,False,0,0,0
20211022,0,1,3582.6035999999999,0.60833333333333328,0.0076087122784112005,True,0.4638407726370935,300,platt,205,0,0.0034480788443755892,0,205,0,False,0,0,0
20211025,-0,0,3609.8625999999999,0.60833333333333328,-0.0033865277864038035,True,0.46646171795466557,300,platt,206,0,-0.0056070099319082221,0,206,0,False,0,0,0
20211026,0,1,3597.6377000000002,0.60833333333333328,-0.009821027837239038,False,0.46905401321684631,300,platt,207,0,0.0042072326027278555,0,207,0,False,0,0,0
20211027,0,1,3562.3051999999998,0.60833333333333328,-0.012320280699138264,False,0.46678713585236159,300,platt,208,0,0.004352751127472027,0,208,0,False,0,0,0
20211028,0,1,3518.4166,0.625,0.0082194644033910524,True,0.46367640867974663,300,platt,209,0,0.0051419420681187685,0,209,0,False,0,0,0
20211029,0,1,3547.3361,0.6333333333333333,-0.00080528033416404909,False,0.46582052439893556,300,platt,210,0,0.0053471877646918244,0,210,0,False,0,0,0
20211101,0,1,3544.4794999999999,0.66666666666666663,-0.010961045197186214,False,0.46183547742157555,300,platt,211,0,0.0044711888185759371,0,211,0,False,0,0,0
20211102,-0,0,3505.6282999999999,0.59999999999999998,-0.0020228898768303027,True,0.46324892359639847,300,platt,212,0,-0.009887815741991806,0,212,0,False,0,0,0
20211103,-0,0,3498.5367999999999,0.59999999999999998,0.0080973565863307062,False,0.46578170775553451,300,platt,213,0,-0.003900974639780857,0,213,0,False,0,0,0
20211104,-0,0,3526.8656999999998,0.59999999999999998,-0.010008319851816272,True,0.4635156577850878,300,platt,214,0,-0.0030125674577110031,0,214,0,False,0,0,0
20211105,0,1,3491.5677000000001,0.59999999999999998,0.0020229022052185019,True,0.46612095682798876,300,platt,215,0,0.0042084693735036163,0,215,0,False,0,0,0
20211108,0,1,3498.6307999999999,0.59999999999999998,0.0023926502905080582,True,0.46864021622245317,300,platt,216,0,0.002807223279322273,0,216,0,False,0,0,0
20211109,0,1,3507.0018,0.59999999999999998,-0.0041460486276340136,False,0.47112270422828378,300,platt,217,0,0.0031456010701359049,0,217,0,False,0,0,0
20211110,0,1,3492.4616000000001,0.59999999999999998,0.011546068251688135,True,0.46892992556569474,300,platt,218,0,0.0061170769501873966,0,218,0,False,0,0,0
20211111,0,1,3532.7858000000001,0.59999999999999998,0.001787371314728281,True,0.4713914155818808,300,platt,219,0,0.0061915064211588555,0,219,0,False,0,0,0
20211112,0,1,3539.1001999999999,0.66666666666666674,-0.0016381565009094823,False,0.46937841659312285,300,platt,220,0,0.0019414746470392482,0,220,0,False,0,0,0
20211115,0,1,3533.3026,0.66666666666666674,-0.0032592453304168822,False,0.46697213553763717,300,platt,221,0,0.0035443450174615725,0,221,0,False,0,0,0
20211116,0,1,3521.7867000000001,0.5625,0.0044237488885967569,True,0.47260114882701604,300,platt,222,0,0.0038887036996397232,0,222,0,False,20211115,0.42408859152762574,120
20211117,0,1,3537.3661999999999,0.59375,-0.0047084749099485235,False,0.47274695319942789,300,platt,223,0,0.0028988985816113038,0,223,0,False,20211115,0.53945498249116408,120
20211118,0,1,3520.7105999999999,0.57575757575757569,0.01126556667281875,True,0.4720617056400021,300,platt,224,0,0.003018043893405761,0,224,0,False,20211115,0.55548879058802603,120
20211119,0,1,3560.3733999999999,0.58823529411764708,0.0060966358191529846,True,0.47350649172313969,300,platt,225,0,0.0053173035698770134,0,225,0,False,20211115,0.51876040248333577,120
20211122,-0,0,3582.0796999999998,0.63024792659852202,0.001956879965568703,False,0.47209560444310589,300,platt,226,0,-0.0026852463551270901,0,226,0,True,20211115,0.63024792659852202,120
20211123,-0,0,3589.0893999999998,0.61111111111111116,0.001006689886298151,False,0.47177273580463774,300,platt,227,0,-0.0025043173131199994,0,227,0,False,0,0,0
20211124,0,1,3592.7024999999999,0.59459459459459452,-0.0023725037071674615,False,0.47123352190180173,300,platt,228,0,0.0032681143918898044,0,228,0,False,20211122,0.4817548441726896,125
20211125,0,1,3584.1788000000001,0.57894736842105265,-0.0056050217137605385,False,0.4705265264804121,300,platt,229,0,0.0021026410068231039,0,229,0,False,20211122,0.35571326411805199,125
20211126,0,1,3564.0893999999998,0.5641025641025641,-0.00039073093957731064,False,0.46958408811198876,300,platt,230,0,0.0025462544955162651,0,230,0,False,20211122,0.44451599087362414,125
20211129,-0,0,3562.6968000000002,0.55000000000000004,0.00033412891043660409,False,0.46836301115742768,300,platt,231,0,-0.0044724373607307067,0,231,0,False,0,0,0
20211130,0,1,3563.8872000000001,0.64166666666666672,0.0036471693043482745,True,0.45934086417933306,300,platt,232,0,0.0042871332476163366,0,232,0,False,20211122,0.56081531750906155,125
20211201,0,1,3576.8852999999999,0.6166666666666667,-0.00085255739120293494,False,0.46344641114572088,300,platt,233,0,0.0021758249706083478,0,233,0,False,20211130,0.52415084991306371,129
20211202,0,1,3573.8357999999998,0.59999999999999998,0.0094006557324206597,True,0.46260371815493778,300,platt,234,0,0.0023619541126177167,0,234,0,False,20211130,0.57860407860277885,129
20211203,-0,0,3607.4322000000002,0.64037373084486537,-0.0050246543788128317,True,0.46208082734893097,300,platt,235,0,-0.0041955441486337458,0,235,0,True,20211130,0.64037373084486537,129
20211206,0,1,3589.3060999999998,0.59166666666666667,0.0016109241839252775,True,0.46770963535987387,300,platt,236,0,0.0046978176978615628,0,236,0,False,20211130,0.56678906328070877,129
20211207,-0,0,3595.0882000000001,0.6166666666666667,0.011815927075168764,False,0.46826914403245651,300,platt,237,0,-0.0049633133045951343,0,237,0,False,0,0,0
20211208,-0,0,3637.5675000000001,0.66653800625930826,0.0097520389656000628,False,0.46278974674170659,300,platt,238,0,-0.0053910221658845315,0,238,0,True,20211206,0.66653800625930826,133
20211209,0,1,3673.0412000000001,0.59999999999999998,-0.0018222774087042204,False,0.46561547034321421,300,platt,239,0,0.0058080873515002247,0,239,0,False,20211206,0.39623403165513771,133
20211210,-0,0,3666.3479000000002,0.59999999999999998,0.0040187402837574826,False,0.4636444940377813,300,platt,240,0,-0.0019256933877951109,0,240,0,False,0,0,0
20211213,-0,0,3681.0819999999999,0.56000000000000005,-0.005312758585655053,True,0.46458847574335471,300,platt,241,0,-0.003590244784097041,0,241,0,False,0,0,0
20211214,-0,0,3661.5252999999998,0.56862745098039214,-0.0037948665819679261,True,0.46649276405997298,300,platt,242,0,-0.001980260357439281,0,242,0,False,0,0,0
20211215,-0,0,3647.6302999999998,0.57692307692307687,0.0075078058212205701,False,0.46826057329685472,300,platt,243,0,-0.002691950533783077,0,243,0,False,0,0,0
20211216,-0,0,3675.0160000000001,0.56603773584905659,-0.011605990286845058,True,0.46705197452845487,300,platt,244,0,-0.0035213515789269847,0,244,0,False,0,0,0
20211217,-0,0,3632.3638000000001,0.57407407407407407,-0.010671260406240113,True,0.46883400322542562,300,platt,245,0,-0.0049567810133444015,0,245,0,False,0,0,0
20211220,-0,0,3593.6019000000001,0.58181818181818179,0.0087720345428357049,False,0.47049139627818248,300,platt,246,0,-0.0065211111794657804,0,246,0,False,0,0,0
20211221,0,1,3625.1251000000002,0.5714285714285714,-0.00069164509660646356,False,0.46937915839182964,300,platt,247,0,0.0042245622201658182,0,247,0,False,20211209,0.5541057056894706,135
20211222,0,1,3622.6178,0.56140350877192979,0.0057199796235749556,True,0.4681103945806171,300,platt,248,0,0.0022929973033990621,0,248,0,False,20211209,0.37915632336818311,135
20211223,0,1,3643.3391000000001,0.56896551724137934,-0.0069402268924131372,False,0.46992064195684929,300,platt,249,0,0.0030006613774339144,0,249,0,False,20211209,0.51647690709640437,135
20211224,0,1,3618.0535,0.55932203389830515,-0.00057472892537380194,False,0.46862779248370146,300,platt,250,0,0.0043887968158015924,0,250,0,False,20211209,0.36486243626904752,135
20211227,0,1,3615.9740999999999,0.55000000000000004,0.003909707207250257,True,0.46717233223486332,300,platt,251,0,0.0036042039456570694,0,251,0,False,20211209,0.37818973600385825,135
20211228,0,1,3630.1115,0.55737704918032782,-0.009121290076076205,False,0.46914614852144393,300,platt,252,0,0.0028012848628244887,0,252,0,False,20211227,0.44340299939290495,140
20211229,0,1,3597.0001999999999,0.54838709677419351,0.0061685845889027924,True,0.46767240938744503,300,platt,253,0,0.004148100114990819,0,252,0,False,20211227,0.2871532039571118,140
20211230,0,1,3619.1886,0.55555555555555558,0.005688236307994643,True,0.4696522816907216,300,platt,254,0,0.0039988949628489553,0,252,0,False,20211227,0.36581260133072641,140
20211231,-0,0,3639.7754,0.5625,-0.0020458679950416947,True,0.471399657846586,300,platt,255,0,-0.0021313876606317995,0,252,0,False,0,0,0
20220104,-0,0,3632.3289,0.56923076923076921,-0.010228368912297503,True,0.47316063068840786,300,platt,256,0,-0.004963766882068078,0,252,0,False,0,0,0
20220105,-0,0,3595.1761000000001,0.57575757575757569,-0.0025303072080391509,True,0.47470552260115673,300,platt,257,0,-0.0053998562532517301,0,252,0,False,0,0,0
20220106,-0,0,3586.0792000000001,0.58208955223880599,-0.0018227427882797631,True,0.47624469604081177,300,platt,258,0,-0.0041510948247657949,0,252,0,False,0,0,0
20220107,-0,0,3579.5427,0.64422871618946309,0.0039044093537423663,False,0.47124368652325921,300,platt,259,0,-0.0036109230607544412,0,252,0,True,20211230,0.64422871618946309,143
20220110,-0,0,3593.5187000000001,0.72030403805702692,-0.0072568983709476731,True,0.46035283106003749,300,platt,260,0,-0.0046796931802979809,0,252,0,True,20211230,0.72030403805702692,143
20220111,0,1,3567.4409000000001,0.57352941176470584,0.0084069227327634444,True,0.47923270120906364,300,platt,261,0,0.0048451702418870566,0,252,0,False,20211230,0.58335130256955303,143
20220112,-0,0,3597.4321,0.57971014492753625,-0.011723251149062697,True,0.48072569865596487,300,platt,262,0,-0.0032922445881925061,0,252,0,False,0,0,0
20220113,-0,0,3555.2584999999999,0.59420289855072461,-0.0095640302948434286,True,0.48118001864808574,300,platt,263,0,-0.0056193218990115536,0,252,0,False,0,0,0
20220114,-0,0,3521.2559000000001,0.60869565217391308,0.0057962558188400237,False,0.48142899730641348,300,platt,264,0,-0.0035956699976009685,0,252,0,False,0,0,0
20220117,-0,0,3541.6660000000002,0.72481755232793965,0.00797602032489797,False,0.46631201704125896,300,platt,265,0,-0.0032760088615612494,0,252,0,True,20220111,0.72481755232793965,146
20220118,-0,0,3569.9144000000001,0.62318840579710144,-0.0032871376411715003,True,0.47614393564528157,300,platt,266,0,-0.0058587343499318144,0,252,0,False,0,0,0
20220119,-0,0,3558.1795999999999,0.69728320344008932,-0.00087592543108283571,True,0.46861587149610096,300,platt,267,0,-0.004534482554939206,0,252,0,True,20220111,0.69728320344008932,146
20220120,-0,0,3555.0628999999999,0.6376811594202898,-0.0091404852499233913,True,0.47840631662080069,300,platt,268,0,-0.0043707985967076186,0,252,0,False,0,0,0
20220121,-0,0,3522.5679,0.78471226876368771,0.00043635780590633999,False,0.46372779933171826,300,platt,269,0,-0.0039683285736822841,0,252,0,True,20220111,0.78471226876368771,146
20220124,-0,0,3524.105,0.74626926165887253,-0.025834587788956309,True,0.46410460434341955,300,platt,270,0,-0.0038922886881320551,0,252,0,True,20220121,0.74626926165887253,149
20220125,-0,0,3433.0612000000001,0.72749196535155325,0.0065849976691356726,False,0.4702749302859715,300,platt,271,0,-0.011035206519184751,0,252,0,True,20220121,0.72749196535155325,149
20220126,-0,0,3455.6678999999999,0.60833333333333328,-0.017773843371928111,True,0.48241026255721337,300,platt,272,0,-0.0056049341414549985,0,252,0,False,0,0,0
20220127,-0,0,3394.2474000000002,0.68306384111884211,-0.0096656772868118912,True,0.47479045184328361,300,platt,273,0,-0.0082762857923411853,0,252,0,True,20220121,0.68306384111884211,149
20220128,0,1,3361.4396999999999,0.58333333333333337,0.020271433100525371,True,0.48920276697570408,300,platt,274,0,0.0078608913785517803,0,252,0,False,20220121,0.56210247495852528,149
20220207,-0,0,3429.5808999999999,0.62557555239518736,0.0067203255068279955,False,0.48592811390413537,300,platt,275,0,-0.0033473334361051412,0,252,0,True,20220128,0.62557555239518736,153
20220208,0,1,3452.6288,0.59166666666666667,0.0079119423437585823,True,0.48841177026249227,300,platt,276,0,0.0079590932659816139,0,252,0,False,20220128,0.5154245345338998,153
20220209,-4.8797172171547912e-06,0,3479.9288188485648,0.59999999999999998,0.0017130439215460314,False,0.48924913644977541,300,platt,277,0,-0.0051283853893045192,0.00095151141084904873,252,0,False,0,0,0
20220210,0,1,3485.9070999999999,0.59999999999999998,-0.0065862914132163164,False,0.48747765941218746,300,platt,278,0,0.0030912221225922768,0,252,0,False,20220128,0.55534596791543944,153
20220211,0,1,3462.9479000000001,0.59999999999999998,-0.0098372256770020705,False,0.48568997362982225,300,platt,279,0,0.0051742209079632057,0,252,0,False,20220128,0.51352031051058133,153
20220214,-0,0,3428.8820999999998,0.6333333333333333,0.0050180786326832205,False,0.47979211882632578,300,platt,280,0,-0.0053479620176065867,0,252,0,False,0,0,0
20220215,-0,0,3446.0884999999998,0.6333333333333333,0.0057288139872206933,False,0.47801099567769878,300,platt,281,0,-0.0032827655114056518,0,252,0,False,0,0,0
20220216,-0,0,3465.8305,0.68333333333333335,0.00063618229454687203,False,0.47011648897525665,300,platt,282,0,-0.0026823385497212909,0,252,0,False,0,0,0
20220217,-0,0,3468.0354000000002,0.65011524670740906,0.0065518074008126259,False,0.47238952650765742,300,platt,283,0,-0.0033646282170011269,0,252,0,True,20220211,0.65011524670740906,157
20220218,-0,0,3490.7573000000002,0.59166666666666667,-4.1538264490714738e-05,True,0.47858593575252178,300,platt,284,0,-0.0054879279708431108,0,252,0,False,0,0,0
20220221,-0,0,3490.6122999999998,0.6333333333333333,-0.0095875156344346069,True,0.47467309358661014,300,platt,285,0,-0.0025687846290902479,0,252,0,False,0,0,0
20220222,-0,0,3457.1460000000002,0.68508368008981957,0.0092563345603569047,False,0.46924816812829767,300,platt,286,0,-0.0045264667121664055,0,252,0,True,20220211,0.68508368008981957,157
20220223,-0,0,3489.1464999999998,0.60833333333333328,-0.016964062701293803,True,0.47839411862136222,300,platt,287,0,-0.0041000605575254537,0,252,0,False,0,0,0
20220224,-0,0,3429.9564,0.62225680408548056,0.0062536363435989895,False,0.47810191734786844,300,platt,288,0,-0.011128303752150723,0,252,0,True,20220222,0.62225680408548056,159
20220225,0,1,3451.4061000000002,0.6166666666666667,0.0031582200657291892,True,0.47734527115052794,300,platt,289,0,0.0049966806442694493,0,252,0,False,20220222,0.43285752188127191,159
20220228,-4.4408845172167004e-06,0,3462.2910242971143,0.6166666666666667,0.0076620312979809313,False,0.47906665473665705,300,platt,290,0,-0.004667189974373538,0.00095151141084904873,252,0,False,0,0,0
20220301,-3.0463217956066398e-06,0,3488.8240718868119,0.6166666666666667,-0.0013308455112532869,True,0.47750109343621705,300,platt,291,0,-0.0032015609701289433,0.00095151141084904873,252,0,False,0,0,0
20220302,-2.3572517990410299e-06,0,3484.1833868830827,0.6166666666666667,-0.00088373440771738476,True,0.47920632639591043,300,platt,292,0,-0.0024773762796366432,0.00095151141084904873,252,0,False,0,0,0
20220303,2.5805025068132423e-05,1,3481.2023301953277,0.59166666666666667,-0.0096128751943524993,False,0.48468382097771795,300,platt,293,0,0.0034092931083186625,0.0075690250876840883,252,0,False,20220225,0.39860549046907034,161
20220304,-0,0,3447.6489999999999,0.65833333333333333,-0.021694145778761054,True,0.4733039656125102,300,platt,294,0,-0.0047554586696078463,0,252,0,False,0,0,0
20220307,7.7090204993205593e-05,1,3373.1152140987801,0.66666666666666663,-0.023518679366964834,False,0.4741657224460516,300,platt,295,0,0.01018495831367274,0.0075690250876840883,252,0,False,20220225,0.52433485502892085,161
20220308,-9.7869524021774115e-05,0,3293.2077637767616,0.65177079473528898,-0.011277170352868571,True,0.4744203453751682,300,platt,296,0,-0.012930268150520752,0.0075690250876840883,252,0,True,20220225,0.65177079473528898,161
20220309,-0.00016120557712310106,0,3255.8634520286409,0.6931162204947704,0.01219258734615325,False,0.47056077818876219,300,platt,297,0,-0.021298063522791875,0.0075690250876840883,252,0,True,20220225,0.6931162204947704,161
20220310,0,1,3296.0922,0.65833333333333333,0.004142632903290755,True,0.47351441342110612,300,platt,298,0,0.0046711703104353854,0,252,0,False,20220309,0.33840022008755244,165
20220311,-0,0,3309.7467000000001,0.66666666666666663,-0.02604848884659372,True,0.47431033553347807,300,platt,299,0,-0.012861488937327293,0,252,0,False,0,0,0
20220314,-0,0,3223.5328,0.66666666666666663,-0.049500845780132807,True,0.4763800452296949,300,platt,300,0,-0.010034957051663138,0,252,0,False,0,0,0
20220315,-1.8077805917828475e-05,0,3063.9098102317757,0.76342973281126936,0.034838874801841779,False,0.46390889072599018,300,platt,300,0,-0.018999042693242492,0.00095151141084904873,252,0,True,20220309,0.76342973281126936,165
20220316,-0,0,3170.7103000000002,0.67500000000000004,0.013982419018224279,False,0.47484467782872886,300,platt,300,0,-0.021377222381812909,0,252,0,False,0,0,0
20220317,-0,0,3215.0445,0.65000000000000002,0.011206034628758577,False,0.47493569972251065,300,platt,300,0,-0.0078268709442494509,0,252,0,False,0,0,0
20220318,0,1,3251.0724,0.625,0.00080382706949255756,True,0.47875889305403579,300,platt,300,0,0.0085701929082090313,0,252,0,False,20220315,0.40592590042818666,167
20220321,-0,0,3253.6857,0.625,0.0018982165364036518,False,0.48215878053201677,300,platt,300,0,-0.0059416931156956471,0,252,0,False,0,0,0
20220322,-0,0,3259.8618999999999,0.59999999999999998,0.0034267095793230062,False,0.48606466184474945,300,platt,300,0,-0.0053078822735064604,0,252,0,False,0,0,0
20220323,-0,0,3271.0324999999998,0.59999999999999998,-0.0063490961951615521,True,0.48604460895624541,300,platt,300,0,-0.0037197934195706199,0,252,0,False,0,0,0
20220324,-0,0,3250.2644,0.60833333333333328,-0.011698894403790683,True,0.48806304013603119,300,platt,300,0,-0.0040655790247655704,0,252,0,False,0,0,0
20220325,0,1,3212.2399,0.6166666666666667,0.00070443057506386353,True,0.49010528754325461,300,platt,300,0,0.0062029081141149241,0,252,0,False,20220318,0.39036379465928572,168
20220328,-0,0,3214.5027,0.65833333333333333,-0.0032861692727773617,True,0.48340636756401528,300,platt,300,0,-0.0095714747509716945,0,252,0,False,0,0,0
20220329,-4.2372137087196629e-06,0,3203.9257242244762,0.65833333333333333,0.019556113313382584,False,0.48319436526750864,300,platt,300,0,-0.0044531401940190399,0.00095151141084904873,252,0,False,0,0,0
20220330,-6.404299249198093e-06,0,3266.57497974233,0.65000000000000002,-0.0044061158590199545,True,0.48475434210984719,300,platt,300,0,-0.0067306594289641098,0.00095151141084904873,252,0,False,0,0,0
20220331,-2.6361578038376212e-05,0,3252.1171667994554,0.65833333333333333,0.0093824711859151755,False,0.48334790287431717,300,platt,300,0,-0.0034828234459508343,0.0075690250876840883,252,0,False,0,0,0
20220401,-6.1417522259195578e-05,0,3282.5149836801493,0.65000000000000002,0.00021613196826075765,False,0.48449981691606209,300,platt,300,0,-0.0081143240440741671,0.0075690250876840883,252,0,False,0,0,0
20220406,-0,0,3283.4261000000001,0.66666666666666663,-0.014232389758977781,True,0.47768395730308066,300,platt,300,0,-0.0043051383012336301,0,252,0,False,0,0,0
20220407,6.9111303883392294e-06,1,3236.7174692218637,0.64166666666666672,0.0046822760661020535,True,0.48568652042400962,300,platt,300,0,0.0072633184526629249,0.00095151141084904873,252,0,False,20220325,0.34356074622418076,169
20220408,-4.9468664246009069e-05,0,3251.6893353142777,0.65000000000000002,-0.026054182938685111,True,0.48768772561938789,300,platt,300,0,-0.0065356718564061611,0.0075690250876840883,252,0,False,0,0,0
20220411,8.6834288587186607e-05,1,3167.4009151243922,0.625,0.014588494887430858,True,0.49191608859731145,300,platt,300,0,0.01147232141276407,0.0075690250876840883,252,0,False,20220325,0.47234094688703265,169
20220412,-0.0003685110246532384,0,3212.1453526534065,0.625,-0.0082484849437319818,True,0.49526610015547828,300,platt,300,0,-0.0099874497305537397,0.036897409708695157,252,0,False,0,0,0
20220413,0.0005379601008732069,1,3188.5387843756894,0.625,0.012180401279719089,True,0.49867119809476196,300,platt,300,0,0.00573558917879371,0.093793346089398419,252,0,False,20220325,0.37486005364411751,169
20220414,-0.00050407739222980757,0,3224.0152271956349,0.625,-0.0044631126363341433,True,0.49870716305127583,300,platt,300,0,-0.0053743406461834731,0.093793346089398419,252,0,False,0,0,0
20220415,0.00037740159304159698,1,3212.4567289031665,0.6333333333333333,-0.0048955470476744756,False,0.49742754409040629,300,platt,300,0,0.0040237565752466011,0.093793346089398419,252,0,False,20220413,0.404443226201747,172
20220418,-0.00047336820432985555,0,3194.0113405422271,0.625,-0.00046793577516557328,True,0.49535126032470944,300,platt,300,0,-0.0050469273574979216,0.093793346089398419,252,0,False,0,0,0
20220419,-0.00042138070406877042,0,3192.682797937578,0.6333333333333333,-0.013456015595601944,True,0.49408315527996305,300,platt,300,0,-0.0044926502959723238,0.093793346089398419,252,0,False,0,0,0
20220420,0.00064504220259940467,1,3153.0823601034922,0.6333333333333333,-0.022609004783104347,False,0.49752007690441796,300,platt,300,0,0.0068772703981003899,0.093793346089398419,252,0,False,20220413,0.35648106843664817,172
20220421,0.0012072798796445724,1,3083.5258898693842,0.625,0.0023091052080947971,True,0.49541254523878847,300,platt,300,0,0.01287170071205118,0.093793346089398419,252,0,False,20220413,0.46207642818520767,172
20220422,-0.00074111849149929572,0,3084.6315270250038,0.625,-0.05131572438579779,True,0.49536692704083285,300,platt,300,0,-0.0079016105342153403,0.093793346089398419,252,0,False,0,0,0
20220425,0.0019377778771665188,1,2934.1866053790613,0.6333333333333333,-0.014371156025391629,False,0.49394657255424074,300,platt,300,0,0.017063226019879779,0.11356456715212471,252,0,False,20220421,0.44106874298689935,175
20220426,0.0011059268477418924,1,2889.6178756756417,0.6333333333333333,0.024894560771129726,True,0.49403411577436412,300,platt,300,0,0.01192798832550266,0.092716962622889504,252,0,False,20220421,0.32025003805254204,175
20220427,-0.0013124456346383909,0,2954.3994157030706,0.6333333333333333,0.0058151318907393446,False,0.49756727169103193,300,platt,300,0,-0.0139929503462585,0.093793346089398419,252,0,False,0,0,0
20220428,-0.0007383008155661875,0,2973.2879971454554,0.625,0.02405577739802256,False,0.49880258834793545,300,platt,300,0,-0.0079629529988929932,0.092716962622889504,252,0,False,0,0,0
20220429,-0.0010544932375855724,0,3043.8492933046987,0.6166666666666667,0.0067922140353935401,False,0.49663720090291741,300,platt,300,0,-0.011373250457681023,0.092716962622889504,252,0,False,0,0,0
20220505,-0.0003464674757137538,0,3066.6958213871121,0.6166666666666667,-0.021578685442241508,True,0.49664598743610877,300,platt,300,0,-0.0056438311359240014,0.061388703412550025,252,0,False,0,0,0
20220506,0.00033524565201290023,1,3002.566760106879,0.6166666666666667,0.00085968615325260345,True,0.50002985430148361,300,platt,300,0,0.0054610316455122286,0.061388703412550025,252,0,False,20220426,0.35753210235666505,177
20220509,-0.00028500140920318328,0,3003.2847156100552,0.6166666666666667,0.010553200084590042,False,0.50344111983593609,300,platt,300,0,-0.0046425709187550438,0.061388703412550025,252,0,False,0,0,0
20220510,-0.00075392701372831237,0,3033.5553950481494,0.6333333333333333,0.0075295365947962711,False,0.50102631271891251,300,platt,300,0,-0.01228120113014446,0.061388703412550025,252,0,False,0,0,0
20220511,0.00024242664287543752,1,3059.4442110271152,0.59999999999999998,-0.0012125075117629391,False,0.50589997684014343,300,platt,300,0,0.0093450270663673288,0.025941780709007135,252,0,False,20220426,0.29065564104501512,177
20220512,4.1862910958516032e-05,1,3055.1218909418008,0.59166666666666667,0.0095877438711826635,True,0.50710565749887471,300,platt,300,0,0.0055308194217288456,0.0075690250876840883,252,0,False,20220426,0.200127808700892,177
20220513,9.7178320098765633e-05,1,3084.5842255864168,0.59999999999999998,-0.0034159300155353067,False,0.50932451729337003,300,platt,300,0,0.0037460157877683684,0.025941780709007135,252,0,False,20220512,0.35537471137298859,180
20220516,-0.00014248420244908491,0,3073.3108393537032,0.59999999999999998,0.006489697531561589,False,0.50596180606952434,300,platt,300,0,-0.0054924603691377891,0.025941780709007135,252,0,False,0,0,0
20220517,-0.00013013418656468532,0,3093.2939043224942,0.64166666666666672,-0.0024952997166981516,True,0.49965416778413563,300,platt,300,0,-0.0050163937481555376,0.025941780709007135,252,0,False,0,0,0
20220518,0.00012479615943371719,1,3086.3619180527417,0.6166666666666667,0.0035606230092204427,True,0.50346830750354943,300,platt,300,0,0.0048106242525744287,0.025941780709007135,252,0,False,20220512,0.29725492963580546,180
20220519,-0.00019563759884325609,0,3096.358917242826,0.6166666666666667,0.016016488143488106,False,0.50679393837753006,300,platt,300,0,-0.0075414097836132583,0.025941780709007135,252,0,False,0,0,0
20220520,4.0814642311962521e-05,1,3146.6957260188601,0.60833333333333328,9.2163927337463036e-05,True,0.50800246257689852,300,platt,300,0,0.0053923248818892036,0.0075690250876840883,252,0,False,20220518,0.47054072890252063,182
20220523,5.2717019855796752e-05,1,3147.0231929387678,0.60833333333333328,-0.024128866599702481,False,0.50800400514550814,300,platt,300,0,0.003084366151483546,0.017091686676188055,252,0,False,20220518,0.33270676749030942,182
20220524,8.7089790565438952e-05,1,3071.1946464066896,0.60833333333333328,0.011897677027316034,True,0.50465873357254487,300,platt,300,0,0.011506077672690872,0.0075690250876840883,252,0,False,20220518,0.23092403859228433,182
20220525,0.0001351093468913553,1,3107.8839474450392,0.6166666666666667,0.005034265721685971,True,0.50348977427850206,300,platt,300,0,0.005208175506797209,0.025941780709007135,252,0,False,20220518,0.33749345758636407,182
20220526,0.00045375232125445704,1,3124.5250174591529,0.625,0.002283462572650885,True,0.50566306046247478,300,platt,300,0,0.0073914628593001689,0.061388703412550025,252,0,False,20220518,0.56093990652281922,182
20220527,0.00048894280669330679,1,3131.7699080378575,0.625,0.0060127350003964519,True,0.50568767771322654,300,platt,300,0,0.0052734989678425792,0.092716962622889504,252,0,False,20220526,0.29828484161820384,187
20220530,-0.00035018101308527329,0,3147.9579587338071,0.625,0.011865887500993599,False,0.50896155877642124,300,platt,300,0,-0.0037768818474951025,0.092716962622889504,252,0,False,0,0,0
20220531,0.0005816187501066285,1,3188.2803857472077,0.625,-0.001340215817270729,False,0.50570701913529637,300,platt,300,0,0.0062730565546270534,0.092716962622889504,252,0,False,20220526,0.38245461039836443,187
20220601,0.00038184765062032285,1,3183.3716990216158,0.625,0.0041799954156875874,True,0.50570264378897178,300,platt,300,0,0.004118422776352406,0.092716962622889504,252,0,False,20220526,0.49286624506806764,187
20220602,0.00041705846689910525,1,3196.7906928145208,0.6333333333333333,0.012803767096923213,True,0.50459179954921918,300,platt,300,0,0.0044981894909070707,0.092716962622889504,252,0,False,20220526,0.52563903575702009,187
20220606,0.00068925974242618293,1,3238.6026008621893,0.64166666666666672,0.0016659395664633259,True,0.50675739804320141,300,platt,300,0,0.0073487061840103269,0.093793346089398419,252,0,False,20220602,0.40001158357191363,191
20220607,0.00037780840365712919,1,3242.9882654929693,0.65000000000000002,0.0067956530450170582,True,0.50583628716577256,300,platt,300,0,0.004028093883088721,0.093793346089398419,252,0,False,20220602,0.43874103874813902,191
20220608,0.00075573732274245313,1,3266.2599704861004,0.65000000000000002,-0.0076105001008949236,False,0.50924531464886102,300,platt,300,0,0.0066546929354303784,0.11356456715212471,252,0,False,20220602,0.52503977293014603,191
20220609,0.00070812019691877351,1,3241.247868956727,0.65000000000000002,0.014165003810026056,True,0.50905886886237173,300,platt,300,0,0.0062353973134086403,0.11356456715212471,252,0,False,20220602,0.51931410237018716,191
20220610,0.00092910933034229628,1,3287.8860700109367,0.65833333333333333,-0.0089146054590701906,False,0.51127919429555801,300,platt,300,0,0.0099059194397086835,0.093793346089398419,252,0,False,20220602,0.51056352221034196,191
20220613,0.00054048344905948146,1,3257.3106714871174,0.65833333333333333,0.010245730745863435,True,0.51088469445439288,300,platt,300,0,0.005762492453828481,0.093793346089398419,252,0,False,20220610,0.34884502479088758,196
20220614,0.0011465813395219579,1,3292.6775989349903,0.65833333333333333,0.0050168648753965428,True,0.51448181762531398,300,platt,300,0,0.012224548833443927,0.093793346089398419,252,0,False,20220610,0.53152519680597743,196
20220615,0.00084917325151949972,1,3308.2134628701156,0.66666666666666663,-0.0060573788410780427,False,0.51365084255059479,300,platt,300,0,0.0090536619805643426,0.093793346089398419,252,0,False,20220610,0.37763216941027694,196
20220616,0.0005181107322820538,1,3287.0866929691233,0.65833333333333333,0.0095578462733965086,True,0.51476739318120379,300,platt,300,0,0.0055239604287943885,0.093793346089398419,252,0,False,20220610,0.29131815516402498,196
20220617,0.00073695208084752965,1,3319.2300121233402,0.65833333333333333,-0.000408678800080442,False,0.51472588955529985,300,platt,300,0,0.0078571893590949331,0.093793346089398419,252,0,False,20220610,0.40886148645249715,196
20220620,0.00049846135112709795,1,3317.0828138170596,0.65833333333333333,-0.0026275926424268459,False,0.5147613448470495,300,platt,300,0,0.0053144638922679368,0.093793346089398419,252,0,False,20220617,0.31311912658422314,201
20220621,0.00059543905328752317,1,3308.6875493926727,0.65000000000000002,-0.011950517954566919,False,0.51590558942034026,300,platt,300,0,0.0064221156134004346,0.092716962622889504,252,0,False,20220617,0.27559933870292225,201
20220622,0.00035902992645279644,1,3268.3746231501545,0.64166666666666672,0.016205642161781553,True,0.51356975833314611,300,platt,300,0,0.0058484689608120644,0.061388703412550025,252,0,False,20220617,0.32647408073710582,201
20220623,0.00069592339858829603,1,3322.4592691671228,0.65000000000000002,0.0089147513182163962,True,0.51574112783874126,300,platt,300,0,0.0075058908197720648,0.092716962622889504,252,0,False,20220617,0.48576795886593233,201
20220624,0.00040239395606134822,1,3351.0949179471345,0.65000000000000002,0.0087881860928602507,True,0.51908070682920726,300,platt,300,0,0.0043400252195277067,0.092716962622889504,252,0,False,20220617,0.3899263076595893,201
20220627,0.00034663037992538397,1,3380.3565282497138,0.65833333333333333,0.008885307617942928,True,0.51816196592357866,300,platt,300,0,0.0037385864476087742,0.092716962622889504,252,0,False,20220624,0.25270395100570192,206
20220628,0.00063264269368869285,1,3411.3671119875435,0.65833333333333333,-0.013989339408014945,False,0.52156013655365085,300,platt,300,0,0.00674507009362577,0.093793346089398419,252,0,False,20220624,0.33984704739265681,206
20220629,0.00067758779213921924,1,3363.7954233565797,0.65000000000000002,0.011036205461598669,True,0.5226819481822631,300,platt,300,0,0.007224262918324521,0.093793346089398419,252,0,False,20220624,0.27918707814588567,206
20220630,0.00069286978895801083,1,3400.9708984199569,0.65833333333333333,-0.0032303736806285066,False,0.52181886246673626,300,platt,300,0,0.0073871955511386408,0.093793346089398419,252,0,False,20220624,0.48174853521427341,206
20220701,0.00030344498902470972,1,3388.6652615633179,0.65000000000000002,0.0052512705536689186,True,0.52268339602794334,300,platt,300,0,0.0032728098552895946,0.092716962622889504,252,0,False,20220624,0.43062394396045039,206
20220704,0.00049329151476935939,1,3407.1065680952788,0.65833333333333333,-0.00041154901381368347,False,0.52176906572526183,300,platt,300,0,0.0052593444560468322,0.093793346089398419,252,0,False,20220701,0.55333779310540898,211
20220705,0.0006186518732773453,1,3406.1311065666632,0.65833333333333333,-0.01429939472833508,False,0.5182977259005449,300,platt,300,0,0.0066724777837428376,0.092716962622889504,252,0,False,20220701,0.55409855583740941,211
20220706,0.00068861329331947529,1,3357.6602384071557,0.65000000000000002,0.0026966786800195486,True,0.51596152055749711,300,platt,300,0,0.0074270475848124242,0.092716962622889504,252,0,False,20220701,0.51244479045144486,211
20220707,0.00051462915547844301,1,3366.1294173014339,0.65000000000000002,-0.0024730130026233699,False,0.51567515887762316,300,platt,300,0,0.005550539415010926,0.092716962622889504,252,0,False,20220701,0.50560562472812709,211
20220708,-0.00038105602080002317,0,3354.7989463480362,0.64166666666666672,-0.012661744611522474,True,0.51704439168604177,300,platt,300,0,-0.0041098846426829557,0.092716962622889504,252,0,False,0,0,0
20220711,-0.00053521780963752407,0,3311.8105108294699,0.64166666666666672,-0.0096926771737188,True,0.51679108043920041,300,platt,300,0,-0.0057063515905209873,0.093793346089398419,252,0,False,0,0,0
20220712,-0.00051734490314103395,0,3279.7688500313971,0.65000000000000002,0.00086098700078141022,False,0.51928520150359814,300,platt,300,0,-0.0055157953598108178,0.093793346089398419,252,0,False,0,0,0
20220713,-0.00037361594575922798,0,3283.0647362129935,0.64166666666666672,-0.00077575323849110589,True,0.52041621290242379,300,platt,300,0,-0.0039833949990772137,0.093793346089398419,252,0,False,0,0,0
20220714,-0.00055979825997287994,0,3279.9068854191237,0.65000000000000002,-0.016358101058461694,True,0.51944999108512335,300,platt,300,0,-0.004929339088863921,0.11356456715212471,252,0,False,0,0,0
20220715,0.00091807177337107488,1,3231.0244915950125,0.65000000000000002,0.01550230976125655,True,0.51959378170725656,300,platt,300,0,0.0080841392380889155,0.11356456715212471,252,0,False,20220707,0.35969313348738907,215
20220718,0.00080182260175160037,1,3280.731757316817,0.65000000000000002,0.00040511230991402414,True,0.51973670820248219,300,platt,300,0,0.0068396600273798475,0.11723135339210192,252,0,False,20220707,0.4984349929177172,215
20220719,0.00041412753385602989,1,3280.7894027967195,0.65833333333333333,0.0077126177334465584,True,0.52219330341694603,300,platt,300,0,0.0036466262694532874,0.11356456715212471,252,0,False,20220707,0.42672710463342461,215
20220720,0.00030387443784634353,1,3305.7285212388992,0.66666666666666663,-0.0099019152671827593,False,0.52148464465810074,300,platt,300,0,0.0026757856386604318,0.11356456715212471,252,0,False,20220707,0.48814476569815118,215
20220721,0.00035168573883645493,1,3273.1519161594956,0.65833333333333333,-0.00061959023731417151,False,0.52217689987634586,300,platt,300,0,0.0037495808977882966,0.093793346089398419,252,0,False,20220707,0.33974193203266617,215
20220722,0.00057885223467436624,1,3271.8667316993419,0.65000000000000002,-0.0059896196724995576,False,0.52300636808361667,300,platt,300,0,0.0061715703598274191,0.093793346089398419,252,0,False,20220721,0.51434565941548094,220
20220725,0.00036880663201547262,1,3251.5867646510237,0.6333333333333333,0.0083213450209635997,True,0.52179648313001625,300,platt,300,0,0.0039777687014568297,0.092716962622889504,252,0,False,20220721,0.49631919774181343,220
20220726,0.00044259901086308545,1,3278.8861897547276,0.65000000000000002,-0.00051268741939580753,False,0.51999740046234022,300,platt,300,0,0.0047736573582903242,0.092716962622889504,252,0,False,20220721,0.59242963912853042,220
20220727,0.00020522624383349997,1,3276.4275709559365,0.6333333333333333,0.0020821152300356527,True,0.52181398539678858,300,platt,300,0,0.0022134703082134265,0.092716962622889504,252,0,False,20220721,0.44735999996895232,220
20220728,-0.00034754506604569511,0,3281.4349569767892,0.64166666666666672,-0.0089373716823234473,True,0.52101204237255283,300,platt,300,0,-0.0037484518065941789,0.092716962622889504,252,0,False,0,0,0
20220729,-0.0006011463897365128,0,3251.2825276011167,0.65000000000000002,0.0020657263891714628,False,0.52325797981791489,300,platt,300,0,-0.006409264780505161,0.093793346089398419,252,0,False,0,0,0
20220801,-0.00047970382656962714,0,3258.394685433092,0.65000000000000002,-0.022605226416225865,True,0.51985450208545703,300,platt,300,0,-0.0051144760963363119,0.093793346089398419,252,0,False,0,0,0
20220802,-0.00096381167477498769,0,3183.1954392447365,0.65000000000000002,-0.0070905245085595148,True,0.52327439870933901,300,platt,300,0,-0.010275906713641902,0.093793346089398419,252,0,False,0,0,0
20220803,-0.00089706186087588154,0,3160.8360886246492,0.65000000000000002,0.0080175767788470687,False,0.52666953443266273,300,platt,300,0,-0.0078991351208535666,0.11356456715212471,252,0,False,0,0,0
20220804,-0.00054043574151146152,0,3187.3156292892827,0.64166666666666672,0.011911926699174069,False,0.52745016583942739,300,platt,300,0,-0.0047588412042950355,0.11356456715212471,252,0,False,0,0,0
20220805,-0.00067417000497332338,0,3224.8511353936119,0.64166666666666672,0.0030700086863242326,False,0.52409107475247063,300,platt,300,0,-0.0059364467446104303,0.11356456715212471,252,0,False,0,0,0
20220808,-0.00029760386036856157,0,3235.9703760351231,0.64166666666666672,0.0032432236718347163,False,0.5240451751799392,300,platt,300,0,-0.0031729741263831521,0.093793346089398419,252,0,False,0,0,0
20220809,0.00026380410274688237,1,3248.2884858322309,0.59999999999999998,-0.0053617138318347024,False,0.52982183994868415,300,platt,300,0,0.0028126099957606746,0.093793346089398419,252,0,False,20220727,0.4921357484892071,224
20220810,0.00043683756492407636,1,3231.4309940714566,0.59999999999999998,0.015989188921430753,True,0.52640679412599822,300,platt,300,0,0.0047115172085699028,0.092716962622889504,252,0,False,20220727,0.3681164744813672,224
20220811,-0.00053909805841460216,0,3279.8962605544934,0.60786895195316182,-0.0014558766411711943,True,0.52534548252283431,300,platt,300,0,-0.0057477217829585148,0.093793346089398419,252,0,True,20220727,0.60786895195316182,224
20220812,-0.00023684935824999949,0,3276.1115712511978,0.65833333333333333,-0.00024434770834536046,True,0.52161336601740904,300,platt,300,0,-0.0020203584740492849,0.11723135339210192,252,0,False,0,0,0
20220815,-0.00038608011454972058,0,3274.8221679557651,0.65833333333333333,0.0005487339011449599,False,0.52511407182620817,300,platt,300,0,-0.0032933178998488938,0.11723135339210192,252,0,False,0,0,0
20220816,-0.00036078059180070767,0,3276.7021028180798,0.65833333333333333,0.0044666915831419463,False,0.52498885394339978,300,platt,300,0,-0.003077509397968053,0.11723135339210192,252,0,False,0,0,0
20220817,-0.0006398722241638408,0,3290.4192040652624,0.65833333333333333,-0.0045503664967262436,True,0.52161599611638709,300,platt,300,0,-0.0042542704749532973,0.15040703874637054,252,0,False,0,0,0
20220818,-0.00036491065336833836,0,3276.3477893504987,0.66666666666666663,-0.0059390205555758246,True,0.52384368478362031,300,platt,300,0,-0.002426154097639556,0.15040703874637054,252,0,False,0,0,0
20220819,-0.00056141048504272032,0,3256.2492806251485,0.6333333333333333,0.0060513890641797907,False,0.52864052244082271,300,platt,300,0,-0.0037326077936380331,0.15040703874637054,252,0,False,0,0,0
20220822,-0.0006090651438352201,0,3275.7979097432085,0.66666666666666663,-0.00047925521134750682,True,0.52091382555785604,300,platt,300,0,-0.0040494457500907174,0.15040703874637054,252,0,False,0,0,0
20220823,-0.00043175833083566184,0,3274.8088632533713,0.67500000000000004,-0.018625134049161551,True,0.52365161116225878,300,platt,300,0,-0.0028705992381362574,0.15040703874637054,252,0,False,0,0,0
20220824,-0.0010966199003507994,0,3211.6774440775466,0.68333333333333335,0.0096556258199909095,False,0.52313956222105173,300,platt,300,0,-0.0092658414343678528,0.11835081661157464,252,0,False,0,0,0
20220825,-0.00077166162650707071,0,3243.7430949111081,0.67500000000000004,-0.0030883344991405881,True,0.52362073579254576,300,platt,300,0,-0.0065201208458041402,0.11835081661157464,252,0,False,0,0,0
20220826,-0.00054437756506890613,0,3234.4608730209911,0.67500000000000004,0.0013920241456815141,False,0.52431332199424363,300,platt,300,0,-0.0045011178296576141,0.12094274926153516,252,0,False,0,0,0
20220829,-0.00065259418030456224,0,3238.6126200935469,0.66666666666666663,-0.0041679530290652522,True,0.52194548595415891,300,platt,300,0,-0.0055140657157133543,0.11835081661157464,252,0,False,0,0,0
20220830,-0.00049864948930832573,0,3225.6110482455197,0.66666666666666663,-0.0077721685129459317,True,0.52527782794798306,300,platt,300,0,-0.0041230209529139342,0.12094274926153516,252,0,False,0,0,0
20220831,-0.0009578291609765396,0,3199.0706990376948,0.66666666666666663,-0.0053583265529671964,True,0.52576916255803363,300,platt,300,0,-0.006368246918229104,0.15040703874637054,252,0,False,0,0,0
20220901,-0.00079332850094704062,0,3182.4529648290522,0.65833333333333333,0.00047045825755187565,False,0.52697880762996951,300,platt,300,0,-0.0044222701480786317,0.17939394799110644,252,0,False,0,0,0
20220902,-0.00058965124828976956,0,3184.5991892106867,0.65000000000000002,0.0042158457012462236,False,0.52759180952982465,300,platt,300,0,-0.0032869071386901071,0.17939394799110644,252,0,False,0,0,0
20220905,-0.00066834241780630598,0,3197.7731632108207,0.64166666666666672,0.013604999987812283,False,0.52832943250352715,300,platt,300,0,-0.003725557218014063,0.17939394799110644,252,0,False,0,0,0
20220906,-0.00096665894796174395,0,3240.311293321874,0.64166666666666672,0.00087798578216147227,False,0.52814455176874586,300,platt,300,0,-0.0053884702287151105,0.17939394799110644,252,0,False,0,0,0
20220907,-0.00053812009279283158,0,3244.547403810051,0.64166666666666672,-0.0032985610700791979,True,0.52494730333663198,300,platt,300,0,-0.0034183298692309501,0.15742193216534042,252,0,False,0,0,0
20220908,-0.00041436723169991919,0,3234.2454791033797,0.64166666666666672,0.008180279666169854,False,0.52821213239595799,300,platt,300,0,-0.0026322077616523524,0.15742193216534042,252,0,False,0,0,0
20220909,-0.00061377677777859057,0,3260.0520268841847,0.6333333333333333,0.00053432588581747709,False,0.52596938483598832,300,platt,300,0,-0.0038989279913928393,0.15742193216534042,252,0,False,0,0,0
20220913,-0.00036522136504265918,0,3262.6051915313933,0.625,-0.0080444030039611425,True,0.52697470463617635,300,platt,300,0,-0.0024282199030493997,0.15040703874637054,252,0,False,0,0,0
20220914,-0.00057409643474504158,0,3235.6832387378727,0.625,-0.01162091523819353,True,0.52698647871519055,300,platt,300,0,-0.0038169519161475748,0.15040703874637054,252,0,False,0,0,0
20220915,-0.001682803691978076,0,3194.5338649976106,0.625,-0.022975896231363646,True,0.527083263762816,300,platt,300,0,-0.010689766469202179,0.15742193216534042,252,0,False,0,0,0
20220916,-0.0016094552196355325,0,3121.3659029030787,0.625,-0.0034531115475168184,True,0.5304759435527634,300,platt,300,0,-0.0089716249497743487,0.17939394799110644,252,0,False,0,0,0
20220919,-0.00084722850841366425,0,3112.9622732494522,0.6333333333333333,0.002183815589533511,False,0.53272460394449739,300,platt,300,0,-0.0047227262563822167,0.17939394799110644,252,0,False,0,0,0
20220920,0.00063975284865170864,1,3124.4033680051966,0.6333333333333333,-0.001674478057912876,False,0.53272075993097046,300,platt,300,0,0.0035661896948910718,0.17939394799110644,252,0,False,20220811,0.38925707832499751,227
20220921,0.00095017242817075644,1,3120.1392560191975,0.64166666666666672,-0.0026523354108752839,False,0.53160722247604364,300,platt,300,0,0.005296569024824972,0.17939394799110644,252,0,False,20220811,0.40249619178468593,227
20220922,-0.00071270812381537868,0,3106.6938548718722,0.59999999999999998,-0.0066068501959658521,True,0.53749166210488197,300,platt,300,0,-0.0045273750233659985,0.15742193216534042,252,0,False,0,0,0
20220923,-0.0013047725921653682,0,3084.3398801219205,0.66666666666666674,-0.012026896393064312,True,0.52791497943055143,300,platt,300,0,-0.0072732252496614498,0.17939394799110644,252,0,False,0,0,0
20220926,-0.0013638503138181338,0,3047.06458446237,0.66666666666666674,0.013973333997547188,False,0.52791497943055143,300,platt,300,0,-0.0076025436147140676,0.17939394799110644,252,0,False,0,0,0
20220927,-0.001134912911320561,0,3090.3505362973387,0.59999999999999998,-0.015771551269678552,True,0.5344023282340421,300,platt,300,0,-0.0063263723443826823,0.17939394799110644,252,0,False,0,0,0
20220928,-0.0011169227165517344,0,3041.6656957176624,0.59999999999999998,-0.0012683465597536081,True,0.53457059045024902,300,platt,300,0,-0.0062260891688893901,0.17939394799110644,252,0,False,0,0,0
20220929,-0.0012800478814259972,0,3037.3117124947871,0.59999999999999998,-0.0055287631749603161,True,0.53473622690593192,300,platt,300,0,-0.0071354016997800633,0.17939394799110644,252,0,False,0,0,0
20220930,-0.00082915061617274484,0,3021.8828247533779,0.66666666666666674,-0.016613297786777226,True,0.52726422030138542,300,platt,300,0,-0.0046219542267604838,0.17939394799110644,252,0,False,0,0,0
20221010,-0.0017009859060177648,0,2969.0864205921525,0.66666666666666674,0.0018987639272782797,False,0.52726422030138542,300,platt,300,0,-0.0088056478820348269,0.19316987560768756,252,0,False,0,0,0
20221011,-0.00086046852968499235,0,2977.228582242712,0.59999999999999998,0.01534096701897969,False,0.53749058467913036,300,platt,300,0,-0.0047965304254726062,0.17939394799110644,252,0,False,0,0,0
20221012,-0.0023207426250161185,0,3018.4840804239293,0.59999999999999998,-0.0030240896934413675,True,0.53414585137084014,300,platt,300,0,-0.012936571445159179,0.17939394799110644,252,0,False,0,0,0
20221013,-0.00080770705699214794,0,3013.9197678916285,0.66666666666666674,0.018443014735561203,False,0.52777872247738311,300,platt,300,0,-0.0045024208789484384,0.17939394799110644,252,0,False,0,0,0
20221014,0.0010803306418121698,1,3075.3055614712825,0.64166666666666672,0.0042173032774750485,True,0.53122257304776221,300,platt,300,0,0.0068626437685791932,0.15742193216534042,252,0,False,20220921,0.5558186430534019,229
20221017,0.00075254769882156941,1,3087.2638662288623,0.59166666666666667,-0.0012917259424918281,False,0.54138347469648185,300,platt,300,0,0.004780450147385866,0.15742193216534042,252,0,False,20220921,0.40649952945764234,229
20221018,0.0005369994178660468,1,3082.6118723302702,0.59166666666666667,-0.011872835372537027,False,0.54130128297232494,300,platt,300,0,0.0035703077618035022,0.15040703874637054,252,0,False,20220921,0.45022324948370379,229
20221019,-0.0007833417304984972,0,3041.9929119041908,0.66666666666666674,-0.0030637788471515881,True,0.53181180301087427,300,platt,300,0,-0.0052081454234295266,0.15040703874637054,252,0,False,0,0,0
20221020,-0.001199851356209509,0,3031.4087906613959,0.66666666666666674,0.0012779688930371069,False,0.53519969075009599,300,platt,300,0,-0.0079773617392521305,0.15040703874637054,252,0,False,0,0,0
20221021,-0.00060218420063273077,0,3037.0991049091367,0.59999999999999998,-0.020195831485505744,True,0.54029513356187031,300,platt,300,0,-0.0040036969389988875,0.15040703874637054,252,0,False,0,0,0
20221024,-0.0022458258895788502,0,2970.868328995025,0.59999999999999998,-0.00042733042011589006,True,0.54345327501987184,300,platt,300,0,-0.014266283348752554,0.15742193216534042,252,0,False,0,0,0
20221025,-0.00097569234208624801,0,2973.3790634690185,0.66666666666666674,0.0078018790551839245,False,0.53491181207924743,300,platt,300,0,-0.0080673901332963902,0.12094274926153516,252,0,False,0,0,0
20221026,-0.00085561259293548658,0,2996.9371869472843,0.59999999999999998,-0.0055344824390275438,True,0.54367449537533041,300,platt,300,0,-0.0070745257418057313,0.12094274926153516,252,0,False,0,0,0
20221027,-0.00078412350639811296,0,2980.563935718807,0.59999999999999998,-0.022453697705010822,True,0.54717158486015416,300,platt,300,0,-0.0049810308869449472,0.15742193216534042,252,0,False,0,0,0
20221028,0.0014706149746238878,1,2920.2139039993108,0.59999999999999998,-0.0076966295814738794,False,0.55070161795148631,300,platt,300,0,0.0093418684067433453,0.15742193216534042,252,0,False,20221018,0.28644956042354031,232
20221031,-0.00092904053047225185,0,2890.7947371116716,0.60833333333333328,0.026167979081542336,False,0.54945907593021825,300,platt,300,0,-0.0059015952713404613,0.15742193216534042,252,0,False,0,0,0
20221101,0.0016018480308155403,1,2973.9557063721736,0.59999999999999998,0.011508286997892858,True,0.55076780887963428,300,platt,300,0,0.010175507369158178,0.15742193216534042,252,0,False,20221018,0.36692902543850614,232
20221102,-0.001433057212224133,0,2999.0658991038285,0.66666666666666674,-0.0018526522490620589,True,0.54376284119422769,300,platt,300,0,-0.0091032881664734715,0.15742193216534042,252,0,False,0,0,0
20221103,-0.00064849130141045688,0,2995.8616490802315,0.66666666666666674,0.024348042303075301,False,0.54407173577151235,300,platt,300,0,-0.0036149006623267259,0.17939394799110644,252,0,False,0,0,0
20221104,0.0018078442450005178,1,3076.3479215993084,0.66666666666666674,0.0022862473070504041,True,0.54373763295744493,300,platt,300,0,0.011484068453064959,0.15742193216534042,252,0,False,20221101,0.37073975536293235,234
20221107,-0.00081941662828431314,0,3075.2949855713837,0.73333333333333339,-0.0043291072861056934,True,0.53379781293015227,300,platt,300,0,-0.0045676938239016633,0.17939394799110644,252,0,False,0,0,0
20221108,-0.00075157815561506416,0,3062.1895941534804,0.73333333333333339,-0.0053272110804110095,True,0.53527025503352255,300,platt,300,0,-0.0041895401936988645,0.17939394799110644,252,0,False,0,0,0
20221109,0.00068036481457361855,1,3050.2414659839637,0.73333333333333339,-0.0039485361631690363,False,0.53681012080327384,300,platt,300,0,0.0037925739535391014,0.17939394799110644,252,0,False,20221101,0.41175730275584832,234
20221110,-0.00061934401856681071,0,3034.2513899300898,0.66666666666666674,0.016850651872227784,False,0.54159464820000247,300,platt,300,0,-0.0034524242623698489,0.17939394799110644,252,0,False,0,0,0
20221111,-0.0011507899033436065,0,3083.7397748472526,0.6636874693680973,-0.001260424748856126,True,0.53866923229554997,300,platt,300,0,-0.0064148758429724596,0.17939394799110644,252,0,True,20221109,0.6636874693680973,236
20221114,0.0011209517936978028,1,3086.8576442179251,0.59999999999999998,0.016435259335202401,True,0.54722841656575605,300,platt,300,0,0.0062485485505529683,0.17939394799110644,252,0,False,20221109,0.36342900642947529,236
20221115,-0.001569764775968715,0,3129.1580350644144,0.60833333333333328,-0.0044981014829944543,True,0.54965439329630572,300,platt,300,0,-0.0081263435669274887,0.19316987560768756,252,0,False,0,0,0
20221116,-0.00078416979260783573,0,3117.5338056167911,0.60833333333333328,-0.0014569642809294514,True,0.55303627983755832,300,platt,300,0,-0.0040594828264031262,0.19316987560768756,252,0,False,0,0,0
20221117,-0.00073593483247102011,0,3113.141943085981,0.60833333333333328,-0.0058391530401840086,True,0.55652367907327582,300,platt,300,0,-0.0037789325082468205,0.19474675212245221,252,0,False,0,0,0
20221118,-0.00078129940416210456,0,3094.823325733295,0.6166666666666667,-0.0039385993324643209,True,0.55870646100208665,300,platt,300,0,-0.0040118738600109834,0.19474675212245221,252,0,False,0,0,0
20221121,-0.00076499319728140459,0,3082.6843620206892,0.60833333333333328,0.0012635798693851896,False,0.56348392022210025,300,platt,300,0,-0.0039281435451123453,0.19474675212245221,252,0,False,0,0,0
20221122,-0.0010901431524367507,0,3085.5752103763398,0.59999999999999998,0.0025784551645602338,False,0.56128622583386745,300,platt,300,0,-0.0056434428453572315,0.19316987560768756,252,0,False,0,0,0
20221123,0.00085398314373124511,1,3099.5520066318982,0.60833333333333328,-0.0024533185090815923,False,0.55652210347292952,300,platt,300,0,0.0044208919276089199,0.19316987560768756,252,0,False,20221114,0.56024993540988044,238
20221124,-0.00068446678854504892,0,3087.1950701792666,0.59166666666666667,0.0040085331687054193,False,0.55903124465499121,300,platt,300,0,-0.0038154396857299879,0.17939394799110644,252,0,False,0,0,0
20221125,0.00080218156622106939,1,3104.1813211091135,0.59166666666666667,-0.0074619565855192915,False,0.55543129945218206,300,platt,300,0,0.0044716200028154683,0.17939394799110644,252,0,False,20221114,0.53056884913239832,238
20221128,-0.0011012220981315556,0,3075.1583343616303,0.59166666666666667,0.023127555079934581,False,0.55176741543902352,300,platt,300,0,-0.0061385688339171242,0.17939394799110644,252,0,False,0,0,0
20221129,-0.0013251432737660406,0,3145.5739328887707,0.59166666666666667,0.00050400860665744673,False,0.55161568700670516,300,platt,300,0,-0.0073867780301693081,0.17939394799110644,252,0,False,0,0,0
20221130,-0.00043987993192616006,0,3149.9490908427597,0.59166666666666667,0.0044856540654369947,False,0.55148128257256523,300,platt,300,0,-0.0027942734908383269,0.15742193216534042,252,0,False,0,0,0
20221201,-0.00069840147816581605,0,3163.260330304669,0.59166666666666667,-0.0029464492662719666,True,0.54795442474863276,300,platt,300,0,-0.0044364941311499356,0.15742193216534042,252,0,False,0,0,0
20221202,-0.00043470994981688039,0,3154.7721927132034,0.59166666666666667,0.017638674430654921,False,0.55143178752629529,300,platt,300,0,-0.0027614319290675715,0.15742193216534042,252,0,False,0,0,0
20221205,0.00055629761518737172,1,3213.6011246911448,0.59999999999999998,0.0002238610051688017,True,0.54683548781373359,300,platt,300,0,0.0047004121400626327,0.11835081661157464,252,0,False,20221125,0.58324244408269021,240
20221206,-0.00045422903544435693,0,3211.0741740523849,0.65250400338179781,-0.0040198803847455444,True,0.54047295554688402,300,platt,300,0,-0.0038379881816542837,0.11835081661157464,252,0,True,20221125,0.65250400338179781,240
20221207,0.00058346985876316158,1,3201.4862814794142,0.66666666666666674,-0.00070930311273897928,False,0.54224775196144448,300,platt,300,0,0.0048243475721014501,0.12094274926153516,252,0,False,20221125,0.44038301629844312,240
20221208,-0.00030920477818657637,0,3196.3612641333862,0.64166666666666672,0.0030025803556876784,False,0.54194431761611883,300,platt,300,0,-0.0025566210465245011,0.12094274926153516,252,0,False,0,0,0
20221209,-0.00046144816706412929,0,3205.4703587083441,0.79077090425729823,-0.0087025049531482823,True,0.52314346550058555,300,platt,300,0,-0.0038154264714642889,0.12094274926153516,252,0,True,20221125,0.79077090425729823,240
20221212,0.0004192399465534493,1,3180.3744812723994,0.58823529411764708,-0.00085440842125483751,False,0.54777361274145575,300,platt,300,0,0.0026631609762807454,0.15742193216534042,252,0,False,20221209,0.40473190092837752,244
20221213,-0.00032663092156727562,0,3175.2880138747373,0.55555555555555558,6.2902873146919447e-05,False,0.54735418556272575,300,platt,300,0,-0.0020748755721293958,0.15742193216534042,252,0,False,0,0,0
20221214,-0.00033828733758194053,0,3175.450721713501,0.69455012063487331,-0.0024799109895330407,True,0.53430069630778498,300,platt,300,0,-0.0027970865525010023,0.12094274926153516,252,0,True,20221209,0.69455012063487331,244
20221215,0.00042913423250209273,1,3170.0075752417224,0.66666666666666674,-0.00024938082421166463,False,0.54042345565770755,300,platt,300,0,0.0027260129932300194,0.15742193216534042,252,0,False,20221209,0.45679069314517717,244
20221216,0.00037925980569860523,1,3169.0590410578566,0.6333333333333333,-0.019174662396441056,False,0.53975106288032781,300,platt,300,0,0.0031358622820659302,0.12094274926153516,252,0,False,20221209,0.57822571024016034,244
20221219,0.0011836392350167099,1,3110.7927032217085,0.59999999999999998,-0.010733139906311751,False,0.53926489878809603,300,platt,300,0,0.010001107460892254,0.11835081661157464,252,0,False,20221216,0.43329103994163398,248
20221220,-0.00060711945709117539,0,3071.8997569155667,0.625,-0.0017422927360863927,True,0.53376293041126333,300,platt,300,0,-0.0053460288918982298,0.11356456715212471,252,0,False,0,0,0
20221221,-0.00039079374949316307,0,3067.2113843557208,0.6333333333333333,-0.0045558441414536022,True,0.53308222598163424,300,platt,300,0,-0.0034411591510728674,0.11356456715212471,252,0,False,0,0,0
20221222,-0.00083724033498318458,0,3051.874006915205,0.6333333333333333,-0.0028040899135627351,True,0.53310051798305447,300,platt,300,0,-0.0070742252479000052,0.11835081661157464,252,0,False,0,0,0
20221223,-0.00065504806744176819,0,3043.8712111009941,0.64166666666666672,0.0064665344481296128,False,0.53246817045713535,300,platt,300,0,-0.004161097875191689,0.15742193216534042,252,0,False,0,0,0
20221226,-0.00052610013613090651,0,3063.9498070988225,0.64166666666666672,0.009787828178749125,False,0.52913588465014216,300,platt,300,0,-0.0033419748372694536,0.15742193216534042,252,0,False,0,0,0
20221227,-0.00038907203663056953,0,3094.3634011315257,0.6333333333333333,-0.0026386435470739933,True,0.5297752640030905,300,platt,300,0,-0.003216993486638977,0.12094274926153516,252,0,False,0,0,0
20221228,-0.00041080931719084183,0,3086.1313674373478,0.6333333333333333,-0.004436775711288754,True,0.53311615536779855,300,platt,300,0,-0.0026096066255835836,0.15742193216534042,252,0,False,0,0,0
20221229,-0.00046301437812667617,0,3072.2784319651287,0.6333333333333333,0.0050610963666739561,False,0.53312196168036374,300,platt,300,0,-0.0029412317061409949,0.15742193216534042,252,0,False,0,0,0
20221230,-0.0002320786276834772,0,3088.5409492660078,0.6333333333333333,0.0088221834764912188,False,0.52977922469642624,300,platt,300,0,-0.0019189131146805168,0.12094274926153516,252,0,False,0,0,0
20230103,-0.0007469946384617177,0,3114.1838823199978,0.64166666666666672,0.0022475447631051804,False,0.52911866349542591,300,platt,300,0,-0.0063116982193147124,0.11835081661157464,252,0,False,0,0,0
20230104,-0.00031252748424233042,0,3122.5402152775182,0.6333333333333333,0.0101487541413261,False,0.5264341478865473,300,platt,300,0,-0.0026406871806220005,0.11835081661157464,252,0,False,0,0,0
20230105,-0.00046029332873831968,0,3153.7638750324127,0.625,0.0007670789722746818,False,0.52710727878225905,300,platt,300,0,-0.0038892281601148096,0.11835081661157464,252,0,False,0,0,0
20230106,-0.00029764209187671412,0,3156.6966544667534,0.55555555555555558,0.0058423444243820288,False,0.53271264008658625,300,platt,300,0,-0.0025149137149899892,0.11835081661157464,252,0,False,0,0,0
20230109,-0.00028478531994227983,0,3175.1799977595037,0.66289378637272367,-0.0020708831896631974,True,0.52430291154911379,300,platt,300,0,-0.002406280988131585,0.11835081661157464,252,0,True,20221219,0.66289378637272367,249
20230110,-0.00020482981728131135,0,3168.8579904193521,0.66666684846376212,-0.0024198083538033988,True,0.52422208728681952,300,platt,300,0,-0.0017307004982784304,0.11835081661157464,252,0,True,20221219,0.66666684846376212,249
20230111,-0.00037608608912047416,0,3160.6484768625819,0.59999999999999998,0.00051024125970289269,False,0.53202826483955135,300,platt,300,0,-0.0031777228065504805,0.11835081661157464,252,0,False,0,0,0
20230112,-0.00028602526658028099,0,3162.5460731130138,0.59999999999999998,0.010069699517068598,False,0.52851053201254261,300,platt,300,0,-0.0024167578625081316,0.11835081661157464,252,0,False,0,0,0
20230113,-0.00041615438176100721,0,3193.9761594486481,0.59090909090909083,0.010104103021873589,False,0.52548001650309473,300,platt,300,0,-0.0036644738072531919,0.11356456715212471,252,0,False,0,0,0
20230116,0.00080281734110968102,1,3230.1827665065002,0.54545454545454541,-0.0010369341647810115,False,0.52398324322736511,300,platt,300,0,0.0070692590236730449,0.11356456715212471,252,0,False,20230110,0.48576094885056886,251
20230117,-0.00023903784047735261,0,3223.4740834858376,0.75600380425134117,4.9996203762114888e-05,False,0.51508631613796529,300,platt,300,0,-0.0025485586178950852,0.093793346089398419,252,0,True,20230110,0.75600380425134117,251
20230118,0.00017684314021794336,1,3224.9762140823777,0.66666666666666674,0.0049228912239960287,True,0.51798980332517741,300,platt,300,0,0.0018854550732136867,0.093793346089398419,252,0,False,20230110,0.53887969761260901,251
20230119,-0.00036414273733718883,0,3239.0994757895464,0.77775928425911423,0.0075716927373608023,False,0.51240653126384339,300,platt,300,0,-0.0038823941411591065,0.093793346089398419,252,0,True,20230110,0.77775928425911423,251
20230120,-0.00023749485084409018,0,3264.038423533535,0.67914055663623596,0.0013796192603694468,False,0.51678103235485617,300,platt,300,0,-0.0025615037866378362,0.092716962622889504,252,0,True,20230110,0.67914055663623596,251
20230130,-0.00051150318407127825,0,3267.645733433259,0.80000000000000004,-0.0041748156649186186,True,0.5082841137591888,300,platt,300,0,-0.0055168242099531513,0.092716962622889504,252,0,False,0,0,0
20230131,-0.00030240132022011734,0,3254.6846813357201,0.80000000000000004,0.0089849730433302355,False,0.51194874300603499,300,platt,300,0,-0.0032615533518940147,0.092716962622889504,252,0,False,0,0,0
20230201,-0.0002938184537959709,0,3283.9561295027925,0.73333333333333339,0.00022807243509914699,False,0.51292647240443201,300,platt,300,0,-0.0049606449484621944,0.059229889832582143,252,0,False,0,0,0
20230202,0.00017709565425710888,1,3286.2523779668709,0.66666666666666674,-0.0067762729098976848,False,0.51403935632729414,300,platt,300,0,0.0029899710223619093,0.059229889832582143,252,0,False,20230120,0.48369898529771738,256
20230203,-0.00024258779459215878,0,3262.6142375598602,0.625,-0.0075712616686757217,True,0.51398280387616668,300,platt,300,0,-0.0050936187563001062,0.047625824820931292,252,0,False,0,0,0
20230206,0.00018595131993628093,1,3239.3000401307845,0.625,0.0029012277712356926,True,0.51396780640439521,300,platt,300,0,0.0031394844809248621,0.059229889832582143,252,0,False,20230120,0.42786577340390386,256
20230207,0.00012183178837152008,1,3248.4897211008188,0.6333333333333333,-0.0049221789763473911,False,0.51667843370547839,300,platt,300,0,0.0020569308623718031,0.059229889832582143,252,0,False,20230120,0.47446815784478302,256
20230208,-0.00020197124374973587,0,3231.4535074706573,0.6333333333333333,0.011842525105068447,False,0.51335042468275338,300,platt,300,0,-0.0034099547427932616,0.059229889832582143,252,0,False,0,0,0
20230209,0.00026872952344047428,1,3271.2614483575658,0.66666666666666663,-0.002968826950094372,False,0.50760790839172398,300,platt,300,0,0.005642516942244517,0.047625824820931292,252,0,False,20230207,0.53745687968483224,259
20230210,8.6406061500451107e-05,1,3260.9551419463332,0.66666666666666674,0.0072029599775309539,True,0.50760790839172398,300,platt,300,0,0.0028846375038801913,0.029953871633515251,252,0,False,20230207,0.44672383031894392,259
20230213,-0.00012246041283696141,0,3283.7577204228237,0.66666666666666674,0.0027777575629004403,False,0.51115433733404625,300,platt,300,0,-0.0040882999812265003,0.029953871633515251,252,0,False,0,0,0
20230214,-5.4724686316971936e-05,0,3293.1022761482341,0.68834356841061306,-0.0038838453731193656,True,0.50666931094782641,300,platt,300,0,-0.0018269653748445905,0.029953871633515251,252,0,True,20230207,0.68834356841061306,259
20230215,-0.00013011313147596098,0,3280.0650649261097,0.65000000000000002,-0.0095907568008322119,True,0.51242249875518686,300,platt,300,0,-0.0027319869412272511,0.047625824820931292,252,0,False,0,0,0
20230216,0.00047068653842419244,1,3250.5587744485933,0.65833333333333333,-0.0076962058977919634,False,0.51211729992507482,300,platt,300,0,0.0098830107445683178,0.047625824820931292,252,0,False,20230214,0.52731341534825782,262
20230217,-0.00015093323811153891,0,3223.5376875726506,0.65000000000000002,0.020568703529933119,False,0.50929858866124955,300,platt,300,0,-0.0050388557431974967,0.029953871633515251,252,0,False,0,0,0
20230220,-0.0001403779280762313,0,3289.8764091267763,0.64130815218199244,0.0049190382642416708,False,0.50975123853599569,300,platt,300,0,-0.0082132284973257929,0.017091686676188055,252,0,True,20230214,0.64130815218199244,262
20230221,-5.6300543753914873e-05,0,3306.3374409233847,0.65000000000000002,-0.0046501709529609414,True,0.50915534768041093,300,platt,300,0,-0.0032940308829995202,0.017091686676188055,252,0,False,0,0,0
20230222,1.9324876763519208e-05,1,3291.2113010237131,0.65000000000000002,-0.0011153252101083755,False,0.51247753449399525,300,platt,300,0,0.0025531526900292099,0.0075690250876840883,252,0,False,20230214,0.44301866634417969,262
20230223,-6.8935766098647699e-05,0,3287.2503752544731,0.64166666666666672,-0.0061802105383550465,True,0.51291342110703664,300,platt,300,0,-0.00403329217324632,0.017091686676188055,252,0,False,0,0,0
20230224,-7.4537078584316146e-05,0,3266.9161754606939,0.64166666666666672,-0.002793037634493345,True,0.5162847307909264,300,platt,300,0,-0.0043610136317418198,0.017091686676188055,252,0,False,0,0,0
20230227,-9.4610586929851391e-05,0,3257.7261554531783,0.62841877770983279,0.0066208324872198965,False,0.5206878102489455,300,platt,300,0,-0.0031585428450588682,0.029953871633515251,252,0,True,20230222,0.62841877770983279,265
20230228,-0.00012957922425442544,0,3279.1803312893658,0.65000000000000002,0.0099836709008855884,False,0.51548650338628543,300,platt,300,0,-0.0043259591227412433,0.029953871633515251,252,0,False,0,0,0
20230301,0.0001618634519432131,1,3312.8839480489441,0.65000000000000002,-0.0005114801048368145,False,0.51544168442802174,300,platt,300,0,0.005403757281316009,0.029953871633515251,252,0,False,20230222,0.49414977321455611,265
20230302,-5.35564975449061e-05,0,3310.4762929885997,0.64166666666666672,0.0053581866734713213,False,0.51286464369711549,300,platt,300,0,-0.001787965782860002,0.029953871633515251,252,0,False,0,0,0
20230303,-0.00010432049105169212,0,3328.0454804391229,0.78498304099477945,-0.0019128752445586317,True,0.49711331954948046,300,platt,300,0,-0.0034827047510936249,0.029953871633515251,252,0,True,20230222,0.78498304099477945,265
20230306,-9.0904736530906491e-05,0,3321.7239121108114,0.6333333333333333,-0.011115837477365775,True,0.51031822483570088,300,platt,300,0,-0.0030348242672307373,0.029953871633515251,252,0,False,0,0,0
20230307,-0.00022077956284854064,0,3284.373517323022,0.64166666666666672,-0.00056342293266808952,True,0.513011396877881,300,platt,300,0,-0.007370651966122182,0.029953871633515251,252,0,False,0,0,0
20230308,-0.00011725675822973398,0,3282.8629169947812,0.64166666666666672,-0.0021790008607025513,True,0.5164082660697622,300,platt,300,0,-0.0024620415220231581,0.047625824820931292,252,0,False,0,0,0
20230309,0.00010999514146187124,1,3276.4540543899734,0.64166666666666672,-0.014046332069195699,False,0.5197324985303351,300,platt,300,0,0.0036721510597247193,0.029953871633515251,252,0,False,20230303,0.46608464115629294,268
20230310,-0.00019967636555672869,0,3229.4316300440419,0.6333333333333333,0.011956032250133086,False,0.52028295663750257,300,platt,300,0,-0.0041926069796689803,0.047625824820931292,252,0,False,0,0,0
20230313,-0.00015443713835665924,0,3268.1906920208207,0.70224602419446436,-0.0071536795030310296,True,0.51260184343179938,300,platt,300,0,-0.0051558322825908161,0.029953871633515251,252,0,True,20230303,0.70224602419446436,268
20230314,-0.00027437479247543952,0,3244.4218681111697,0.67500000000000004,0.0055472319258766944,False,0.51482073676683116,300,platt,300,0,-0.0057610507221043088,0.047625824820931292,252,0,False,0,0,0
20230315,-6.1920770692738825e-05,0,3263.1127330325708,0.59999999999999998,-0.011161534277967955,True,0.51902457582312356,300,platt,300,0,-0.0020672042482633851,0.029953871633515251,252,0,False,0,0,0
20230316,0.00012600636614131498,1,3227.2978088340451,0.59999999999999998,0.0073305229503863867,True,0.51895799589598146,300,platt,300,0,0.0042066804479567524,0.029953871633515251,252,0,False,20230313,0.55477727232968188,270
20230317,0.00024228402475823303,1,3251.3335553675415,0.66666666666666674,-0.0048101765057315671,False,0.51512169239908401,300,platt,300,0,0.0050872404975493574,0.047625824820931292,252,0,False,20230313,0.55420400888231014,270
20230320,0.00013995568490188885,1,3235.3630440866332,0.66666666666666674,0.0064113678824417875,True,0.5148667214509306,300,platt,300,0,0.0046723737957564413,0.029953871633515251,252,0,False,20230313,0.52880049605765778,270
20230321,-0.00013707624553091326,0,3255.204227652699,0.73333333333333339,0.0031013771287795588,False,0.51348679288495147,300,platt,300,0,-0.0023143086356967714,0.059229889832582143,252,0,False,0,0,0
20230322,9.0221731866556239e-05,1,3266.042141395289,0.66666666666666674,0.0064002498662252272,True,0.51473598267132536,300,platt,300,0,0.0030120223846324943,0.029953871633515251,252,0,False,20230313,0.53595555966364206,270
20230323,-0.00025269179168232434,0,3285.8185907502902,0.65688024449079885,-0.0063880868815597847,True,0.51869172804834218,300,platt,300,0,-0.0042662883958855431,0.059229889832582143,252,0,True,20230322,0.65688024449079885,274
20230324,-0.00016582292527655965,0,3265.1121797505257,0.625,-0.0043656190489517188,True,0.52469849243313582,300,platt,300,0,-0.00279964939568976,0.059229889832582143,252,0,False,0,0,0
20230327,-0.00019632771442241255,0,3250.7587606386774,0.65000000000000002,-0.0018518500862290121,True,0.52267503947478344,300,platt,300,0,-0.0041222953126919407,0.047625824820931292,252,0,False,0,0,0
20230328,-0.00013714995582652463,0,3244.9308968249597,0.61075527914121119,-0.0016390088544441239,True,0.5293184433117345,300,platt,300,0,-0.0028797392243010136,0.047625824820931292,252,0,True,20230322,0.61075527914121119,274
20230329,-0.00024623473783108357,0,3239.2589854632943,0.72647325979891486,0.0065405334869439447,False,0.51989275818998892,300,platt,300,0,-0.003221222370072419,0.076441396942598466,252,0,True,20230322,0.72647325979891486,274
20230330,-0.00050800958458804856,0,3259.5917545042767,0.64166666666666672,0.0035605075786160345,False,0.52337095384154275,300,platt,300,0,-0.0054791439475243729,0.092716962622889504,252,0,False,0,0,0
20230331,-0.00021766414782117675,0,3272.1478156736293,0.67500000000000004,0.007191202361775284,False,0.51765118394430676,300,platt,300,0,-0.0023476194826019992,0.092716962622889504,252,0,False,0,0,0
20230403,-0.00022652112861609825,0,3295.6492966577148,0.61053668164438202,0.0049028696794923832,False,0.51883123701924394,300,platt,300,0,-0.0029633305731735643,0.076441396942598466,252,0,True,20230329,0.61053668164438202,277
20230404,-0.00020852529082912452,0,3311.8670479213665,0.7216129170445188,2.1192083048404697e-05,False,0.50881082405172717,300,platt,300,0,-0.0027279105192924559,0.076441396942598466,252,0,True,20230329,0.7216129170445188,277
20230406,-0.00021644157640709588,0,3311.9110095736301,0.59999999999999998,0.0045334701028911795,False,0.51254333126220908,300,platt,300,0,-0.002334433422797026,0.092716962622889504,252,0,False,0,0,0
20230407,-0.00020004537469836114,0,3326.9800198690805,0.67364857777286202,-0.0036926707672033654,True,0.50837412328665643,300,platt,300,0,-0.0026169769614307237,0.076441396942598466,252,0,True,20230329,0.67364857777286202,277
20230410,0.00021988784279515955,1,3316.0868068747368,0.64166666666666672,-0.000539097167732705,False,0.51004248996718282,300,platt,300,0,0.0028765544795090309,0.076441396942598466,252,0,False,20230329,0.59195857806725061,277
20230411,-0.0001843929089926414,0,3312.9595010963526,0.59999999999999998,0.0041076838413427463,False,0.50894346857217188,300,platt,300,0,-0.0024122127063050157,0.076441396942598466,252,0,False,0,0,0
20230412,0.00011546406491007649,1,3327.5657699122303,0.65000000000000002,-0.0026502310544155305,False,0.50306385914099006,300,platt,300,0,0.001949422246714363,0.059229889832582143,252,0,False,20230410,0.54280419858732964,281
20230413,-0.00019065192918473378,0,3317.7311475397933,0.59999999999999998,0.0059633907529970109,False,0.50153778076812183,300,platt,300,0,-0.003218846594576255,0.059229889832582143,252,0,False,0,0,0
20230414,-0.0001407275716863625,0,3337.6827299047563,0.76391942437732585,0.014216546428001742,False,0.49582587131103639,300,platt,300,0,-0.0029548584662939734,0.047625824820931292,252,0,True,20230410,0.76391942437732585,281
20230417,-0.00029365422340706365,0,3384.6153014715178,0.6682017049223975,0.0022807414735810383,False,0.49903305250971847,300,platt,300,0,-0.0061658611585453157,0.047625824820931292,252,0,True,20230410,0.6682017049223975,281
20230418,-0.0001210194315651052,0,3392.9205409870642,0.75133663634641856,-0.0068377940826996886,True,0.49225090362363627,300,platt,300,0,-0.0025410464179912284,0.047625824820931292,252,0,True,20230410,0.75133663634641856,281
20230419,0.00018120785401003442,1,3370.738993716981,0.64166666666666672,-0.00091904512952811768,False,0.49670319711426369,300,platt,300,0,0.0038048234270242928,0.047625824820931292,252,0,False,20230418,0.55564028898583429,285
20230420,-0.00010271483329947809,0,3366.6851559721208,0.70364887406344734,-0.019534569179790684,True,0.49126858203727358,300,platt,300,0,-0.0034291004033198476,0.029953871633515251,252,0,True,20230418,0.70364887406344734,285
20230421,-0.00025460915366844146,0,3300.4169696218833,0.66666666666666674,-0.0078286834638013891,True,0.49656742250014768,300,platt,300,0,-0.0085000415566834579,0.029953871633515251,252,0,False,0,0,0
20230424,-0.00014423279362530008,0,3274.9405780327334,0.66666666666666674,-0.0032183117060351485,True,0.49620157342148863,300,platt,300,0,-0.0048151636419486643,0.029953871633515251,252,0,False,0,0,0
20230425,0.00022383058935787799,1,3265.6024781567889,0.66666666666666674,-0.00023618079693599192,False,0.49983634512987074,300,platt,300,0,0.0074725094671045785,0.029953871633515251,252,0,False,20230418,0.59918984595362301,285
20230426,8.208726607552243e-05,1,3264.3685410944499,0.59999999999999998,0.0066737526410796111,True,0.4967066434797901,300,platt,300,0,0.0048027598229895873,0.017091686676188055,252,0,False,20230425,0.44324451189238534,288
20230427,9.9141288906119316e-05,1,3286.2101668146129,0.59999999999999998,0.011379036949687116,True,0.49726578122018222,300,platt,300,0,0.0058005561876021189,0.017091686676188055,252,0,False,20230425,0.52140308358259202,288
20230428,0.00015531418571406656,1,3323.7907516884034,0.66666666666666674,0.0081799138716975861,True,0.49626860229930853,300,platt,300,0,0.0051851122156872107,0.029953871633515251,252,0,False,20230425,0.49143456759489484,288
20230504,-0.00018711051883631114,0,3349.8317939343033,0.66666666666666674,-0.0047623031437455943,True,0.49970649589433336,300,platt,300,0,-0.0062466221771129591,0.029953871633515251,252,0,False,0,0,0
20230505,0.00015889015696071904,1,3335.0326196732781,0.66666666666666674,0.018143874403104387,True,0.5,300,platt,300,0,0.0053044948213952269,0.029953871633515251,252,0,False,20230425,0.54510277710332378,288
20230508,-0.00021503028503477964,0,3394.2735714081978,0.73333333333333339,-0.010996424274778316,True,0.5034092025824739,300,platt,300,0,-0.0071787142465477892,0.029953871633515251,252,0,False,0,0,0
20230509,-0.00023082541340190818,0,3356.8956642726052,0.73333333333333339,-0.011472268558081145,True,0.50690673604228831,300,platt,300,0,-0.0077060293315685665,0.029953871633515251,252,0,False,0,0,0
20230510,0.00016525949444943537,1,3319.6991211501577,0.80000000000000004,-0.0028921254733063062,False,0.51070727514133285,300,platt,300,0,0.0055171330261203121,0.029953871633515251,252,0,False,20230505,0.59689548173159612,292
20230511,9.6754250378310115e-05,1,3309.8714131454444,0.80000000000000004,-0.011236961676253876,False,0.50764477215648518,300,platt,300,0,0.0032301083333098157,0.029953871633515251,252,0,False,20230505,0.47126781873274243,292
20230512,-0.00018023089305815323,0,3271.7721192923532,0.80000000000000004,0.01172694254874429,False,0.50470624433845734,300,platt,300,0,-0.0060169481682793118,0.029953871633515251,252,0,False,0,0,0
20230515,-0.00028019871818297728,0,3309.8090358204186,0.59999999999999998,-0.005965228222467811,True,0.51215812506190717,300,platt,300,0,-0.0093543406211791403,0.029953871633515251,252,0,False,0,0,0
20230516,0.00021145375242929057,1,3291.6832916349276,0.59999999999999998,-0.0020526970112374476,False,0.51571052890204128,300,platt,300,0,0.0044398969093834527,0.047625824820931292,252,0,False,20230505,0.37180035754239693,292
20230517,0.00021309905378429707,1,3284.9318667316079,0.59999999999999998,0.0039850717001721492,True,0.51186652042731906,300,platt,300,0,0.0035978296496353107,0.059229889832582143,252,0,False,20230516,0.40371325865559732,295
20230518,-0.00022012291543371999,0,3296.5940843304943,0.60833333333333328,-0.0041786057822292832,True,0.51162478538238398,300,platt,300,0,-0.0037164160874841134,0.059229889832582143,252,0,False,0,0,0
20230519,0.00025391064525542801,1,3284.3754261917707,0.60833333333333328,0.0039371816109414759,True,0.51494752756855733,300,platt,300,0,0.0042868667487501004,0.059229889832582143,252,0,False,20230516,0.47805294256730002,295
20230522,-0.00023715875023744209,0,3295.6878133894684,0.60833333333333328,-0.015237998857929758,True,0.51494752756855733,300,platt,300,0,-0.0040040383479994579,0.059229889832582143,252,0,False,0,0,0
20230523,0.00050519749109101961,1,3247.8779912930841,0.60833333333333328,-0.012780517016928394,False,0.51852462515613507,300,platt,300,0,0.006608951579866908,0.076441396942598466,252,0,False,20230516,0.46124066186099449,295
20230524,-0.00050725772407410406,0,3203.1237661131281,0.60833333333333328,-0.0010886654663232465,True,0.51492008358220065,300,platt,300,0,-0.0042860517451173592,0.11835081661157464,252,0,False,0,0,0
20230525,-0.00058661360772943117,0,3199.3825970288135,0.60833333333333328,0.0035121477930333267,False,0.51851916478775106,300,platt,300,0,-0.0049565657806543663,0.11835081661157464,252,0,False,0,0,0
20230526,-0.00040155862012804206,0,3211.2137914069158,0.59999999999999998,0.0027843079905462975,False,0.51527371806573496,300,platt,300,0,-0.0052531564857400672,0.076441396942598466,252,0,False,0,0,0
20230529,-0.00021498154546012061,0,3220.7558480443486,0.59999999999999998,0.0008582785308619556,False,0.51156670348260591,300,platt,300,0,-0.0028123707056472947,0.076441396942598466,252,0,False,0,0,0
20230530,-0.0004293494888707189,0,3222.8289856676347,0.66666666666666663,-0.0060941687697894098,True,0.50930571672903435,300,platt,300,0,-0.0056167143202933215,0.076441396942598466,252,0,False,0,0,0
20230531,-0.00025544980317527465,0,3203.7457946547579,0.61744708598554565,2.187504797834805e-05,False,0.51096265100569871,300,platt,300,0,-0.003341773088829048,0.076441396942598466,252,0,True,20230523,0.61744708598554565,298
20230601,-0.0003483687184579864,0,3203.518105586109,0.68333333333333335,0.0079366617316265486,False,0.50887841699152525,300,platt,300,0,-0.0045573306139287872,0.076441396942598466,252,0,False,0,0,0
20230602,-0.00021580700795444414,0,3229.3715285599465,0.61769760935517226,0.00073447356505051964,False,0.50763333406207101,300,platt,300,0,-0.0028231693373748572,0.076441396942598466,252,0,True,20230523,0.61769760935517226,298
20230605,0.00021787354621947736,1,3233.1452633836152,0.5714285714285714,-0.011477579946548078,False,0.50862275463778139,300,platt,300,0,0.0028502036191604845,0.076441396942598466,252,0,False,20230523,0.48673325047260768,298
20230606,0.00044303917084354347,1,3196.7560609613793,0.5714285714285714,0.00075682077565186745,True,0.50478404756723583,300,platt,300,0,0.0074799931604773856,0.059229889832582143,252,0,False,20230523,0.51444512160788292,298
20230607,-0.00021798583298936183,0,3197.0616339060812,0.59183673469387754,0.0049493415497550153,False,0.50488975299597461,300,platt,300,0,-0.0028516725453493767,0.076441396942598466,252,0,False,0,0,0
20230608,-0.00033954832956717955,0,3212.4943324115538,0.5714285714285714,0.0055452079927544862,False,0.50191095963989585,300,platt,300,0,-0.0057327192491314627,0.059229889832582143,252,0,False,0,0,0
20230609,-0.00015233127322948826,0,3230.9132558858641,0.55102040816326525,-0.00079590753930447455,True,0.5,300,platt,300,0,-0.0031985015231177577,0.047625824820931292,252,0,False,0,0,0
20230612,-0.00017348304331877326,0,3228.2734521207021,0.5714285714285714,0.0014989313788111858,False,0.50423192107514658,300,platt,300,0,-0.0036426254867197262,0.047625824820931292,252,0,False,0,0,0
20230613,-0.00014914499227969185,0,3233.1911138057221,0.63474388743563626,-0.0014487239187482848,True,0.50329230128123059,300,platt,300,0,-0.0025180697229264092,0.059229889832582143,252,0,True,20230606,0.63474388743563626,302
20230614,-0.00016453950358876125,0,3228.4574038022083,0.5714285714285714,0.0074284558505888221,False,0.50320629935804873,300,platt,300,0,-0.0027779809156127902,0.059229889832582143,252,0,False,0,0,0
20230615,-0.0001451628234379405,0,3252.5028889499108,0.59999999999999998,0.0062585784932691624,False,0.50328412442281412,300,platt,300,0,-0.0030479854991223632,0.047625824820931292,252,0,False,0,0,0
20230616,-8.0159737614112587e-05,0,3273.0717103974207,0.59183673469387754,-0.0053549070961012024,True,0.50327128555424294,300,platt,300,0,-0.002676106067184391,0.029953871633515251,252,0,False,0,0,0
20230619,-7.420321879204158e-05,0,3255.5641087372983,0.61224489795918369,-0.0047425741652826758,True,0.50329771012597868,300,platt,300,0,-0.0024772496757653169,0.029953871633515251,252,0,False,0,0,0
20230620,9.2083442000754173e-05,1,3240.663183944122,0.61224489795918369,-0.013104604765488026,False,0.5033004215770609,300,platt,300,0,0.0019334771071572916,0.047625824820931292,252,0,False,20230613,0.59964216386390423,303
20230621,0.00014781274779618748,1,3198.3737905487719,0.59183673469387754,-0.014785385326644418,False,0.49950848800924391,300,platt,300,0,0.0049346792162519807,0.029953871633515251,252,0,False,20230613,0.50673746937936892,303
20230626,0.00014357702342166978,1,3151.0712564835981,0.5714285714285714,0.012322594776537521,True,0.49569408402640774,300,platt,300,0,0.0047932709727253452,0.029953871633515251,252,0,False,20230613,0.5613378699007654,303
20230627,0.00017854340079995085,1,3190.0121539463144,0.5714285714285714,-2.0975451291316283e-05,False,0.49947535410863603,300,platt,300,0,0.0059606118028555427,0.029953871633515251,252,0,False,20230613,0.46424314625639584,303
20230628,-0.0001371696039694259,0,3188.9383145846041,0.5714285714285714,-0.0021930937081795499,True,0.49559103603592525,300,platt,300,0,-0.0045793614143671314,0.029953871633515251,252,0,False,0,0,0
20230629,-6.6660072685282505e-05,0,3182.1690622378956,0.59183673469387754,0.0061843942517005868,False,0.49958634292460735,300,platt,300,0,-0.0022254242623747128,0.029953871633515251,252,0,False,0,0,0
20230630,0.00013416484249684332,1,3202.4919041841445,0.59183673469387754,0.013089283116071826,True,0.49927289858253343,300,platt,300,0,0.0044790484561844385,0.029953871633515251,252,0,False,20230627,0.3407933815499789,307
20230703,-0.00014283038742130978,0,3243.5116617939648,0.59183673469387754,0.00042361608828689334,False,0.5,300,platt,300,0,-0.0047683447792270534,0.029953871633515251,252,0,False,0,0,0
20230704,-4.9005082576712567e-05,0,3245.1901613944642,0.58000000000000007,-0.0069028935314573436,True,0.4959032549300042,300,platt,300,0,-0.0016360183143030167,0.029953871633515251,252,0,False,0,0,0
20230705,-0.00014087082433169901,0,3222.4928808134196,0.58823529411764708,-0.0053901291392669526,True,0.49677761067020537,300,platt,300,0,-0.0029578663437611905,0.047625824820931292,252,0,False,0,0,0
20230706,0.00018119636321264763,1,3206.1556384957657,0.59615384615384615,-0.0027968774898030624,False,0.49674266164535863,300,platt,300,0,0.0038045821546173579,0.047625824820931292,252,0,False,20230627,0.51352554402411366,307
20230707,8.7681613223264542e-05,1,3196.8894838515007,0.58490566037735847,0.002216911594948856,True,0.49294840325395983,300,platt,300,0,0.0029272213721166511,0.029953871633515251,252,0,False,20230706,0.52227921786527043,309
20230710,9.1476284101281606e-05,1,3203.9888621871751,0.59259259259259256,0.0055157546481161557,True,0.49350732823984444,300,platt,300,0,0.0030539051919728872,0.029953871633515251,252,0,False,20230706,0.56219756190139558,309
20230711,-8.1386221392473117e-05,0,3221.1044251447061,0.59999999999999998,-0.0078329799532905753,True,0.49346351900529628,300,platt,300,0,-0.0027170518184838066,0.029953871633515251,252,0,False,0,0,0
20230712,-0.00011900156599309979,0,3195.7533550845765,0.59999999999999998,0.012623470663946312,False,0.49669444609977931,300,platt,300,0,-0.0039728275345865304,0.029953871633515251,252,0,False,0,0,0
20230713,0.00013657611217829613,1,3236.9220258555429,0.59999999999999998,0.0003773235119635121,True,0.49346792775374432,300,platt,300,0,0.0045595478891443785,0.029953871633515251,252,0,False,20230706,0.57251143304427488,309
20230714,-5.4777985397263306e-05,0,3237.5238452509457,0.59999999999999998,-0.0086701638804717041,True,0.49344503816319246,300,platt,300,0,-0.0018287447468384177,0.029953871633515251,252,0,False,0,0,0
20230717,-8.8864293718174885e-05,0,3209.3445785147264,0.61818181818181817,-0.0036794586092141479,True,0.49664518857093959,300,platt,300,0,-0.0029667047654282205,0.029953871633515251,252,0,False,0,0,0
20230718,-0.00012411476049523299,0,3197.4232033241815,0.63636363636363635,0.00031762262048440348,False,0.49660922649565414,300,platt,300,0,-0.0026060390756883064,0.047625824820931292,252,0,False,0,0,0
20230719,0.00013974650469412875,1,3199.2828261221402,0.63636363636363635,-0.0091638964400735379,False,0.49330631330412228,300,platt,300,0,0.0029342589911998942,0.047625824820931292,252,0,False,20230713,0.58910162064233118,312
20230720,0.00016877860704090804,1,3170.0569475081456,0.61818181818181817,-0.00056058926235569295,False,0.49336138449283035,300,platt,300,0,0.0056346174246157356,0.029953871633515251,252,0,False,20230713,0.52464424986714731,312
20230721,0.00010984071879409696,1,3168.0931474097242,0.61818181818181817,-0.0011315304021294326,False,0.49008990055028334,300,platt,300,0,0.0036669957105376883,0.029953871633515251,252,0,False,20230713,0.44569484539907467,312
20230724,-0.00010724044767361504,0,3163.8214739792966,0.59999999999999998,0.021288583058104882,False,0.49018313207553321,300,platt,300,0,-0.0035801865276615589,0.029953871633515251,252,0,False,0,0,0
20230725,0.00011558849955246746,1,3231.8948266983389,0.58181818181818179,-0.0026282976999099095,False,0.49028111767055654,300,platt,300,0,0.0038588834514178801,0.029953871633515251,252,0,False,20230713,0.42521564566706654,312
20230726,-6.5228994359746079e-05,0,3222.8176651312897,0.56363636363636371,-0.0019723689019259805,True,0.49038261952877776,300,platt,300,0,-0.0021776481904516695,0.029953871633515251,252,0,False,0,0,0
20230727,0.00013482936749322719,1,3217.1046017028807,0.56363636363636371,0.01842115710376202,True,0.49035004359316386,300,platt,300,0,0.0045012334012397657,0.029953871633515251,252,0,False,20230725,0.47290903931864137,316
20230728,0.00029917354990365914,1,3276.9057703208891,0.625,0.00461368827748454,True,0.49003064162997606,300,platt,300,0,0.009987809040648863,0.029953871633515251,252,0,False,20230725,0.55893347602940757,316
20230731,0.00015439206799226332,1,3291.5479104405667,0.6333333333333333,-2.7498907791967397e-05,False,0.49340684007709135,300,platt,300,0,0.0051543276235287974,0.029953871633515251,252,0,False,20230725,0.40693120647832837,316
20230801,0,1,3290.9493000000002,0.625,-0.008890747724372372,False,0.49351812505627024,300,platt,300,0,0.0032189395158988324,0,252,0,False,20230725,0.59144043081048914,316
20230802,-0,0,3261.6903000000002,0.625,0.0057553900810263237,False,0.49353237037556791,300,platt,300,0,-0.0048719492818351572,0,252,0,False,0,0,0
20230803,-0,0,3280.4625999999998,0.63414998534096312,0.0023233308619339255,False,0.48999000476914656,300,platt,300,0,-0.0042155139644516719,0,252,0,True,20230801,0.63414998534096312,320
20230804,0,1,3288.0841999999998,0.66666666666666674,-0.0058554157463485135,False,0.48981158051747176,300,platt,300,0,0.0041710867636148207,0,252,0,False,20230801,0.57818528787464041,320
20230807,-0,0,3268.8310999999999,0.66666666666666674,-0.0025120600449499708,True,0.48942295042036205,300,platt,300,0,-0.0022969307142782017,0,252,0,False,0,0,0
20230808,-0,0,3260.6196,0.63799440468588764,-0.0049478019453725874,True,0.49001648147378063,300,platt,300,0,-0.0035145584999895538,0,252,0,True,20230801,0.63799440468588764,320
20230809,0,1,3244.4866999999999,0.66666666666666674,0.0031046513459278557,True,0.48953560258902812,300,platt,300,0,0.0021272532276546859,0,252,0,False,20230801,0.59459868853288378,320
20230810,-0,0,3254.5596999999998,0.65516409100661466,-0.020067752943662365,True,0.49302902134887716,300,platt,300,0,-0.0028863038986252083,0,252,0,True,20230809,0.65516409100661466,324
20230811,-0,0,3189.248,0.625,-0.0033929001444854556,True,0.49333716129556243,300,platt,300,0,-0.008386805562089995,0,252,0,False,0,0,0
20230814,-0.00015225798549865885,0,3177.9432590774741,0.60833333333333328,-0.00070833775900236429,True,0.4970802413117244,300,platt,300,0,-0.005083081992255655,0.029953871633515251,252,0,False,0,0,0
20230815,-0.00015250905557326181,0,3175.6914044284072,0.6333333333333333,-0.0082010888691992356,True,0.49671533032249077,300,platt,300,0,-0.005091463882839777,0.029953871633515251,252,0,False,0,0,0
20230816,-0.00010638060317882497,0,3149.7925875151836,0.66666666666666663,0.0043209676864846003,False,0.49627060245166144,300,platt,300,0,-0.0035514809063879474,0.029953871633515251,252,0,False,0,0,0
20230817,-0.00017317390877275975,0,3163.1914228990809,0.65833333333333333,-0.010047066773169355,True,0.49307225123205817,300,platt,300,0,-0.005781353104918706,0.029953871633515251,252,0,False,0,0,0
20230818,0.00018667384987647323,1,3132.5376537241423,0.65833333333333333,-0.012444407690664572,False,0.49322724272771667,300,platt,300,0,0.0062320441297346249,0.029953871633515251,252,0,False,20230810,0.36639051147732271,325
20230821,-0.00016825100113421855,0,3092.4573034054888,0.625,0.0088445836515407272,False,0.49353467219307273,300,platt,300,0,-0.0056170034776393731,0.029953871633515251,252,0,False,0,0,0
20230822,-0.00020759133610307967,0,3119.6860457373705,0.6166666666666667,-0.013438209719742189,True,0.49364771089384424,300,platt,300,0,-0.0069303674210450536,0.029953871633515251,252,0,False,0,0,0
20230823,0.00024823802117866919,1,3079.1662764456955,0.625,0.0012479851153948118,True,0.49346321573109048,300,platt,300,0,0.005212256629927592,0.047625824820931292,252,0,False,20230810,0.49889193733441045,325
20230824,-0.00021246570901955263,0,3081.589028864415,0.67008668251519499,-0.0058947963203040965,True,0.49285184205459703,300,platt,300,0,-0.0044611449737281001,0.047625824820931292,252,0,True,20230810,0.67008668251519499,325
20230825,-0.0002060350708050841,0,3063.4433931522335,0.6166666666666667,0.01127962056538645,False,0.49334483695674397,300,platt,300,0,-0.0043261207880337391,0.047625824820931292,252,0,False,0,0,0
20230828,-0.0005206707666285163,0,3097.0229306621759,0.75081281408767619,0.012021546381548509,False,0.48943832669899984,300,platt,300,0,-0.017382419641738069,0.029953871633515251,252,0,True,20230824,0.75081281408767619,328
20230829,-0.00022025154325814225,0,3135.1960161148422,0.6166666666666667,0.00039886645139319832,False,0.49050449410817026,300,platt,300,0,-0.0073530242084533671,0.029953871633515251,252,0,False,0,0,0
20230830,-0.00010648282139059833,0,3136.8034487479094,0.60833333333333328,-0.0055021815269492569,True,0.48724701622833977,300,platt,300,0,-0.0035548934272474878,0.029953871633515251,252,0,False,0,0,0
20230831,-0.00010417849846548313,0,3119.5513759612504,0.60833333333333328,0.0042855223367181949,False,0.49068263818190877,300,platt,300,0,-0.0034779643760280486,0.029953871633515251,252,0,False,0,0,0
20230901,-0,0,3133.2467000000001,0.60833333333333328,0.013983450457316415,False,0.48724745485307736,300,platt,300,0,-0.0027361754213005881,0,252,0,False,0,0,0
20230904,-0,0,3177.0603000000001,0.60833333333333328,-0.00714213702522426,True,0.48392636855315024,300,platt,300,0,-0.004432132110027456,0,252,0,False,0,0,0
20230905,0,1,3154.3692999999998,0.59999999999999998,0.0011753855200151708,True,0.48739278405265118,300,platt,300,0,0.0025600229648000696,0,252,0,False,20230828,0.48241757301587124,329
20230906,-0,0,3158.0769,0.59166666666666667,-0.011312137459350669,True,0.4878657711965988,300,platt,300,0,-0.0032791374888545117,0,252,0,False,0,0,0
20230907,0.00012447093649073273,1,3122.740942114835,0.59166666666666667,-0.0018041525935430514,False,0.49140777098523486,300,platt,300,0,0.0041554206419000192,0.029953871633515251,252,0,False,20230828,0.45800492162250556,329
20230908,-8.4282893199454155e-05,0,3116.4564138969617,0.68333333333333335,0.008361324573651796,False,0.48897659294895585,300,platt,300,0,-0.0028137562392819503,0.029953871633515251,252,0,False,0,0,0
20230911,-0.00016165738170640742,0,3142.2709465755784,0.67500000000000004,-0.0018199497960245115,True,0.48897567950434662,300,platt,300,0,-0.0053968776952869665,0.029953871633515251,252,0,False,0,0,0
20230912,-5.1765510912685107e-05,0,3136.8969085225722,0.67500000000000004,-0.0044603555948081741,True,0.48917861987347699,300,platt,300,0,-0.0017281742923263687,0.029953871633515251,252,0,False,0,0,0
20230913,-0,0,3123.0668999999998,0.68333333333333335,0.0011156341223430566,False,0.48914573700608993,300,platt,300,0,-0.0048408269334277521,0,252,0,False,0,0,0
20230914,-0,0,3126.5511000000001,0.69776064703323348,-0.0028170657437840418,True,0.48519714641042755,300,platt,300,0,-0.0030449433283407431,0,252,0,True,20230907,0.69776064703323348,331
20230915,-0,0,3117.7433999999998,0.59999999999999998,0.0026264188387024046,False,0.48743099430349907,300,platt,300,0,-0.0045496677959478236,0,252,0,False,0,0,0
20230918,-0,0,3125.9319,0.66666666666666663,-0.00031197096776158784,True,0.48643665646653805,300,platt,300,0,-0.0039670289034257292,0,252,0,False,0,0,0
20230919,-6.9251506603449625e-05,0,3124.7402920404547,0.66666666666666663,-0.0052444886676350499,True,0.48645098604696169,300,platt,300,0,-0.0023119384182031556,0.029953871633515251,252,0,False,0,0,0
20230920,-5.5206893951700282e-05,0,3108.3962856216031,0.66666666666666663,-0.0076777798548328668,True,0.489851473721577,300,platt,300,0,-0.0018430637156743885,0.029953871633515251,252,0,False,0,0,0
20230921,0.00011491893557477066,1,3085.0554905554864,0.6333333333333333,0.015473331126744538,True,0.49001884334067108,300,platt,300,0,0.0038365302816544219,0.029953871633515251,252,0,False,20230914,0.54008359170310694,332
20230922,-0.00021128734976091156,0,3131.7697568289286,0.6333333333333333,-0.0053710670011117845,True,0.49334065361497603,300,platt,300,0,-0.0070537576025565627,0.029953871633515251,252,0,False,0,0,0
20230925,-7.5180365183456617e-05,0,3115.3728675204538,0.59999999999999998,-0.0042799042279754174,True,0.4967149587643247,300,platt,300,0,-0.0025098713816793434,0.029953871633515251,252,0,False,0,0,0
20230926,-7.1429021604284954e-05,0,3102.0510077034319,0.59166666666666667,0.0016255824842730249,False,0.49669315884803689,300,platt,300,0,-0.0023846340292238998,0.029953871633515251,252,0,False,0,0,0
20230927,-8.5303968411167154e-05,0,3107.0505336482138,0.60833333333333328,0.00101685840987642,False,0.49670670098544173,300,platt,300,0,-0.0028478444941895569,0.029953871633515251,252,0,False,0,0,0
20230928,-6.3671258965262572e-05,0,3110.2772521216689,0.59166666666666667,-0.0043571797532037104,True,0.4934983315856441,300,platt,300,0,-0.0021256437145848314,0.029953871633515251,252,0,False,0,0,0
20231009,-0,0,3096.9223999999999,0.59999999999999998,-0.0070025325787949066,True,0.49343914674640071,300,platt,300,0,-0.0041299632698471866,0,252,0,False,0,0,0
20231010,-0.00014714585903982726,0,3074.7835917423154,0.59999999999999998,0.0012095006298864508,False,0.49668334662281866,300,platt,300,0,-0.0049124153578593305,0.029953871633515251,252,0,False,0,0,0
20231011,-9.4658541992432516e-05,0,3078.6641505520442,0.59166666666666667,0.0094009475160994338,False,0.49346859178173869,300,platt,300,0,-0.0031601438088063216,0.029953871633515251,252,0,False,0,0,0
20231012,-7.0484054548672624e-05,0,3107.6816425575294,0.59999999999999998,-0.0063713747353640882,True,0.49019982851670019,300,platt,300,0,-0.0023530866196878647,0.029953871633515251,252,0,False,0,0,0
20231013,-5.7276248157457791e-05,0,3087.9222252696136,0.59166666666666667,-0.0046261792570062577,True,0.49020331583026044,300,platt,300,0,-0.0019121484146767745,0.029953871633515251,252,0,False,0,0,0
20231016,-0.00011165889194267677,0,3073.4697814463811,0.59999999999999998,0.0031502892336001675,False,0.49012346558815756,300,platt,300,0,-0.0037276948138397627,0.029953871633515251,252,0,False,0,0,0
20231017,-7.7924313167142915e-05,0,3083.2561206608766,0.59999999999999998,-0.0080384721707474904,True,0.48686766371242035,300,platt,300,0,-0.0026014771686459974,0.029953871633515251,252,0,False,0,0,0
20231018,-7.9023585719493379e-05,0,3058.4680897839285,0.6166666666666667,-0.017431009636808326,True,0.49004710263097534,300,platt,300,0,-0.0026381760156531566,0.029953871633515251,252,0,False,0,0,0
20231019,-0,0,3005.3933999999999,0.6166666666666667,-0.0074316061251747945,True,0.49333688334908143,300,platt,300,0,-0.0052973451982742748,0,252,0,False,0,0,0
20231020,-0,0,2983.0585000000001,0.6166666666666667,-0.014671921452428904,True,0.49688965598221602,300,platt,300,0,-0.0040424489388026447,0,252,0,False,0,0,0
20231023,0,1,2939.2912999999999,0.625,0.0078088211263716012,True,0.49681383960011943,300,platt,300,0,0.0070848348697166511,0,252,0,False,20230921,0.54984989644825233,333
20231024,0.00014946964827226774,1,2962.6864655239356,0.625,0.0040070302115926548,True,0.50018269074339394,300,platt,300,0,0.0049899942852471473,0.029953871633515251,252,0,False,20230921,0.59366863153518357,333
20231025,8.6919309687116228e-05,1,2974.3720078923511,0.625,0.0047697238185429036,True,0.50019346179397295,300,platt,300,0,0.0029017721231689663,0.029953871633515251,252,0,False,20230921,0.32440741301885823,333
20231026,0.00014453200253989432,1,2988.7311048675642,0.60833333333333328,0.0098668165490256587,True,0.50050291473952269,300,platt,300,0,0.0048251526316276964,0.029953871633515251,252,0,False,20230921,0.45706786009857747,333
20231027,0.00022655311240895633,1,3018.4678884030891,0.6333333333333333,0.0012489958692207814,True,0.50343954678692104,300,platt,300,0,0.0075633999898519653,0.029953871633515251,252,0,False,20230921,0.40118267902068838,333
20231030,0.00010703697648548918,1,3021.8768179402255,0.64166666666666672,-0.0009209832267071949,False,0.50326777200891692,300,platt,300,0,0.0035733937100046191,0.029953871633515251,252,0,False,20231027,0.38121382630313577,338
20231031,6.7678954459907402e-05,1,3018.9749072379618,0.64166666666666672,0.0014263753595586959,True,0.4998988859973133,300,platt,300,0,0.002259439290117733,0.029953871633515251,252,0,False,20231027,0.57452803323950441,338
20231101,0.00010058391606255183,1,3023.3805728729271,0.64166666666666672,-0.0045221151366827694,False,0.50326667514287438,300,platt,300,0,0.003357960443083723,0.029953871633515251,252,0,False,20231027,0.52630164483754727,338
20231102,0.00012226134363159841,1,3009.7737339966407,0.64166666666666672,0.0071083467706483106,True,0.50326667514287438,300,platt,300,0,0.0040816541222938527,0.029953871633515251,252,0,False,20231027,0.57395261341611714,338
20231103,0.00018678782951186629,1,3031.3638161240729,0.64166666666666672,0.0091107367542213602,True,0.50665572003386261,300,platt,300,0,0.0039219862378063013,0.047625824820931292,252,0,False,20231027,0.5911388670095491,338
20231106,0.00013834173070221192,1,3058.8336058017676,0.64166666666666672,-0.00037300421248231963,False,0.50991721135308521,300,platt,300,0,0.0029047629352848808,0.047625824820931292,252,0,False,20231103,0.50721978667521084,343
20231107,0.00023030307104284626,1,3057.9737986009163,0.6333333333333333,-0.0016017886809265303,False,0.51009580026012769,300,platt,300,0,0.003012805629596041,0.076441396942598466,252,0,False,20231103,0.47381860073984416,343
20231108,-0.00026774545666731746,0,3051.5553411042943,0.64166666666666672,0.00029701485329791666,False,0.50667098160643365,300,platt,300,0,-0.0035026238056373228,0.076441396942598466,252,0,False,0,0,0
20231109,-0.00011452077631774027,0,3052.9295360957008,0.625,-0.0046865350538528583,True,0.50354560864900666,300,platt,300,0,-0.0024045940778627526,0.047625824820931292,252,0,False,0,0,0
20231110,-0.00011007472212385404,0,3038.6353862327146,0.64166666666666672,0.0024886722306791675,False,0.50327784104482576,300,platt,300,0,-0.0023112402260270525,0.047625824820931292,252,0,False,0,0,0
20231113,-0.00021343996291345953,0,3045.8826481308097,0.625,0.0031305750875034732,False,0.50358623279947101,300,platt,300,0,-0.002792203850928265,0.076441396942598466,252,0,False,0,0,0
20231114,-0.00015712343823805254,0,3055.5901197269668,0.625,0.0054856395155571391,False,0.50350506677463924,300,platt,300,0,-0.0020554757568865467,0.076441396942598466,252,0,False,0,0,0
20231115,0.00010199348053436063,1,3073.1482091163593,0.60833333333333328,-0.0071299309679779821,False,0.50044548545166034,300,platt,300,0,0.0021415583019894504,0.047625824820931292,252,0,False,20231107,0.46835133200560369,345
20231116,0,1,3050.9256999999998,0.59999999999999998,0.0011274610850078304,True,0.49722378204221657,300,platt,300,0,0.0028108707823338939,0,252,0,False,20231107,0.42100435345214071,345
20231117,0,1,3054.3654999999999,0.66666666666666674,0.0045684119991533656,True,0.49940542546916439,300,platt,300,0,0.003025781920352385,0,252,0,False,20231107,0.5817319552642386,345
20231120,-0,0,3068.3191000000002,0.73333333333333339,-0.00012589955197295222,True,0.49807629138053172,300,platt,300,0,-0.0039405698056778175,0,252,0,False,0,0,0
20231121,0,1,3067.9328,0.73333333333333339,-0.0079277486130074903,False,0.49868700430286383,300,platt,300,0,0.0035991982021896891,0,252,0,False,20231107,0.57749553437060741,345
20231122,0,1,3043.6109999999999,0.73333333333333339,0.0059945899788114154,True,0.49817564343974607,300,platt,300,0,0.0033427899752343738,0,252,0,False,20231121,0.54657232407826095,349
20231123,-0,0,3061.8562000000002,0.60011940243377193,-0.0068208624559180642,True,0.50047351823283592,300,platt,300,0,-0.0039084167360365924,0,252,0,True,20231121,0.60011940243377193,349
20231124,-0,0,3040.9717000000001,0.60017202807229142,-0.0030488609940039213,True,0.50380924524457227,300,platt,300,0,-0.0031921553320085742,0,252,0,True,20231121,0.60017202807229142,349
20231127,-0,0,3031.7002000000002,0.625,0.0022608765866756197,False,0.50360142243840089,300,platt,300,0,-0.0032261595892908658,0,252,0,False,0,0,0
20231128,0,1,3038.5545000000002,0.60833333333333328,-0.0055510276350153598,False,0.50061444529229704,300,platt,300,0,0.002684544460533463,0,252,0,False,20231121,0.48531010842335298,349
20231129,0,1,3021.6873999999998,0.73333333333333339,0.0026426625070483656,True,0.49449118999882979,300,platt,300,0,0.0029621450974130761,0,252,0,False,20231128,0.5670161068099997,353
20231130,-0,0,3029.6727000000001,0.74134648999721908,0.00064795778105009028,False,0.49905093758488128,300,platt,300,0,-0.0023757113576341137,0,252,0,True,20231128,0.74134648999721908,353
20231201,-0,0,3031.6358,0.72537598287988769,-0.0028769946574718208,True,0.49834094507803361,300,platt,300,0,-0.0035323800016445702,0,252,0,True,20231128,0.72537598287988769,353
20231204,0,1,3022.9137999999998,0.73333333333333339,-0.016744738139737758,False,0.50250256652892511,300,platt,300,0,0.0023042761323589572,0,252,0,False,20231128,0.55360646501019128,353
20231205,0,1,2972.2959000000001,0.66666666666666674,-0.0011312803681491346,False,0.50281288509725108,300,platt,300,0,0.006320659786185936,0,252,0,False,20231128,0.57216874446886734,353
20231206,-0,0,2968.9333999999999,0.6166666666666667,-0.00091861272469095923,True,0.50047028422485207,300,platt,300,0,-0.0036362706344657959,0,252,0,False,0,0,0
20231207,-0,0,2966.2060999999999,0.6166666666666667,0.0011305013498557059,False,0.50385598338023763,300,platt,300,0,-0.0038061905454175328,0,252,0,False,0,0,0
20231208,-0,0,2969.5594000000001,0.6166666666666667,0.0073677933500841952,False,0.5038264787995721,300,platt,300,0,-0.0026155111089124976,0,252,0,False,0,0,0
20231211,-0,0,2991.4385000000002,0.66666666666666663,0.0040112140028951693,False,0.49945774486682359,300,platt,300,0,-0.0091939065837390206,0,252,0,False,0,0,0
20231212,-0,0,3003.4378000000002,0.66666666666666663,-0.011545835908438051,True,0.49605114142536966,300,platt,300,0,-0.0032555727556362116,0,252,0,False,0,0,0
20231213,-0,0,2968.7606000000001,0.6333333333333333,-0.0032926198225616821,True,0.49672212078894307,300,platt,300,0,-0.003965482798778442,0,252,0,False,0,0,0
20231214,-0,0,2958.9856,0.6333333333333333,-0.0055521730149684645,True,0.4967082770221582,300,platt,300,0,-0.0039040113449771013,0,252,0,False,0,0,0
20231215,-0,0,2942.5567999999998,0.6333333333333333,-0.0039942134676889118,True,0.50007416904860658,300,platt,300,0,-0.0050799321228151926,0,252,0,False,0,0,0
20231218,-0,0,2930.8036000000002,0.6333333333333333,0.00054155795359323022,False,0.503432098762995,300,platt,300,0,-0.0038407471062141857,0,252,0,False,0,0,0
20231219,-0,0,2932.3908000000001,0.69576991598877413,-0.010326454441202171,True,0.50240544378485996,300,platt,300,0,-0.0036962532992676563,0,252,0,True,20231205,0.69576991598877413,358
20231220,-0,0,2902.1095999999998,0.6166666666666667,0.0057218032013677256,False,0.50325343507671538,300,platt,300,0,-0.0049835778389655241,0,252,0,False,0,0,0
20231221,0,1,2918.7148999999999,0.6166666666666667,-0.0013498063822540152,False,0.50014441197387061,300,platt,300,0,0.0059735266594164709,0,252,0,False,20231205,0.56103491212732248,358
20231222,0,1,2914.7752,0.6333333333333333,0.0013851497021108994,True,0.5,300,platt,300,0,0.0041183263552297712,0,252,0,False,20231205,0.57868460109782194,358
20231225,-0,0,2918.8126000000002,0.66955291463529742,-0.0068294552380649964,True,0.5,300,platt,300,0,-0.0023434646529454039,0,252,0,True,20231205,0.66955291463529742,358
20231226,-0,0,2898.8787000000002,0.6166666666666667,0.0054279953141882498,False,0.49979488303981268,300,platt,300,0,-0.0035719461021862914,0,252,0,False,0,0,0
20231227,0,1,2914.6138000000001,0.59999999999999998,0.013754721122915203,True,0.4960522976737799,300,platt,300,0,0.0039360618184073526,0,252,0,False,20231225,0.58750272566017259,362
20231228,0,1,2954.7035000000001,0.66666666666666674,0.0068471506531873061,True,0.49687652015345674,300,platt,300,0,0.0073144523275540827,0,252,0,False,20231225,0.55841241731020919,362
20231229,0.00011127193792872741,1,2975.2658267604079,0.66666666666666674,-0.0042550848509352868,False,0.50042305628060224,300,platt,300,0,0.0034827354978626121,0.031949580436704442,252,0,False,20231225,0.51013653102204171,362
20240102,6.2409978332471003e-05,1,2962.4610755934564,0.59999999999999998,0.0016781014545503847,True,0.4997038638525263,300,platt,300,0,0.0019533896057293111,0.031949580436704442,252,0,False,20231225,0.29084532516890232,362
20240103,0.00019193831960636099,1,2967.8167284414244,0.59999999999999998,-0.0043469920537796414,False,0.4997038638525263,300,platt,300,0,0.0025109211406810334,0.076441396942598466,252,0,False,20231225,0.50206183482982836,362
20240104,0.00013430565359335208,1,2954.7453857196656,0.59999999999999998,-0.0085180536921064531,False,0.49943587107224796,300,platt,300,0,0.004203675032898352,0.031949580436704442,252,0,False,20240103,0.55045041308304865,367
20240105,-0,0,2929.1833000000001,0.64166666666666672,-0.014217410020055832,True,0.49670716119904862,300,platt,300,0,-0.0072465549659439825,0,252,0,False,0,0,0
20240108,-0,0,2887.5378999999998,0.65000000000000002,0.0019786406959367842,False,0.50016534984583105,300,platt,300,0,-0.0052940306732866755,0,252,0,False,0,0,0
20240109,-0,0,2893.2512999999999,0.65000000000000002,-0.0053742307140758339,True,0.50009025217969527,300,platt,300,0,-0.003193545378501758,0,252,0,False,0,0,0
20240110,-0.0001503115085462714,0,2877.2697482261397,0.65000000000000002,0.003109390432776804,False,0.5,300,platt,300,0,-0.0047046473378282595,0.031949580436704442,252,0,False,0,0,0
20240111,-0,0,2886.6502,0.64166666666666672,-0.0016189353320329447,True,0.50002670365965651,300,platt,300,0,-0.0041699070041871025,0,252,0,False,0,0,0
20240112,-0,0,2881.9769000000001,0.6166666666666667,0.0014968544681950302,False,0.49973618705125883,300,platt,300,0,-0.0036292868847321441,0,252,0,False,0,0,0
20240115,-0,0,2886.2908000000002,0.60833333333333328,0.002667021632054567,False,0.49607161826005136,300,platt,300,0,-0.0050479048997929985,0,252,0,False,0,0,0
20240116,-0,0,2893.9886000000001,0.7391322747341762,-0.020861657851727555,True,0.49917247170036017,300,platt,300,0,-0.0050675765605472847,0,252,0,True,20240104,0.7391322747341762,368
20240117,-0.00025654829917320655,0,2832.888240839929,0.6333333333333333,0.0042944080762976622,False,0.49644826616603932,300,platt,300,0,-0.0080297861714164406,0.031949580436704442,252,0,False,0,0,0
20240118,-0,0,2845.7838999999999,0.6333333333333333,-0.0047454762815967166,True,0.49305616197306379,300,platt,300,0,-0.013051554048504324,0,252,0,False,0,0,0
20240119,-0.00030002134220538358,0,2831.4295557629134,0.6333333333333333,-0.026812115598910058,True,0.49643899162757776,300,platt,300,0,-0.003924854257054934,0.076441396942598466,252,0,False,0,0,0
20240122,0.0010600251935629619,1,2759.2616897360226,0.6333333333333333,0.0053100853055167985,True,0.49979819668876591,300,platt,300,0,0.013867161459110411,0.076441396942598466,252,0,False,20240104,0.54460789967554768,368
20240123,-0.00074353620956869794,0,2768.9159787850931,0.64114158058271842,0.017970417141424333,False,0.50008108171315846,300,platt,300,0,-0.0089848335641729282,0.082754589081488666,252,0,True,20240122,0.64114158058271842,370
20240124,0.00091427001665056733,1,2823.3508471719811,0.6166666666666667,0.030252995642788383,True,0.4958441671322254,300,platt,300,0,0.011960404351808391,0.076441396942598466,252,0,False,20240122,0.40549620408892456,370
20240125,0.0010193301159052667,1,2909.0709841180042,0.6166666666666667,0.0014156387199142362,True,0.49918539016450181,300,platt,300,0,0.0123175056177432,0.082754589081488666,252,0,False,20240122,0.32572422330902967,370
20240126,0.00049334389860965569,1,2911.6584406126403,0.6166666666666667,-0.0092318364501794425,False,0.49930833250377205,300,platt,300,0,0.0048759351039022545,0.10117934059762775,252,0,False,20240122,0.33676655974969499,370
20240129,0.00059836078266933942,1,2885.0812871528747,0.6166666666666667,-0.018322191224392714,False,0.49613619660451719,300,platt,300,0,0.0059138632366553352,0.10117934059762775,252,0,False,20240122,0.31466973659649333,370
20240130,0.00078197995260929876,1,2832.7400150565272,0.6166666666666667,-0.014830597246462851,False,0.49290534802447972,300,platt,300,0,0.0077286523907987709,0.10117934059762775,252,0,False,20240129,0.50756365217112187,375
20240131,0.00078349943675815623,1,2790.7330259440732,0.60833333333333328,-0.0063860829086620496,False,0.49252791638075932,300,platt,300,0,0.0077436701220854384,0.10117934059762775,252,0,False,20240129,0.38879893599555554,375
20240201,0.00065507780250838093,1,2772.5553504670452,0.59999999999999998,-0.014648900873170945,False,0.4919954305201274,300,platt,300,0,0.0079159090725871902,0.082754589081488666,252,0,False,20240129,0.40486215257468011,375
20240202,0.0015945357259309033,1,2734.5053249012217,0.60833333333333328,-0.010243751996225847,False,0.48896575474413911,300,platt,300,0,0.019268245346016517,0.082754589081488666,252,0,False,20240129,0.34379082812596429,375
20240205,0.0012424501896480587,1,2705.5423302657136,0.60833333333333328,0.032307558512833179,True,0.485374421006737,300,platt,300,0,0.016253630092357443,0.076441396942598466,252,0,False,20240129,0.39455619470798187,375
20240206,0.001565646360250235,1,2793.8533486028691,0.60833333333333328,0.014414698621896704,True,0.48537442100673706,300,platt,300,0,0.019908789616610967,0.078640961625509001,252,0,False,20240205,0.29810708872116676,378
20240207,0.00086897667545710001,1,2832.1545394750433,0.59166666666666667,0.01279558126322855,True,0.48466491794002187,300,platt,300,0,0.0085884793311004643,0.10117934059762775,252,0,False,20240205,0.39052619495095225,378
20240208,0.0006652477894404736,1,2867.8097357685506,0.59166666666666667,0.015576520518906456,True,0.48484453646019254,300,platt,300,0,0.0057883365779375614,0.11492900948021714,252,0,False,20240205,0.36632865912141643,378
20240219,0.00070903973435123787,1,2912.6076913445772,0.59166666666666667,0.0041869148860145255,True,0.48496714677378733,300,platt,300,0,0.0061693713150228245,0.11492900948021714,252,0,False,20240205,0.34113327389309767,378
20240220,0.00065562196811639359,1,2924.6464061259971,0.59999999999999998,0.0096572033915411915,True,0.48890762060637366,300,platt,300,0,0.0057045820814217189,0.11492900948021714,252,0,False,20240205,0.46200807720509152,378
20240221,0.0015741561642493862,1,2955.6008649481664,0.59999999999999998,0.01267460615130922,True,0.49246891823579642,300,platt,300,0,0.013696769609072002,0.11492900948021714,252,0,False,20240220,0.24709981345667797,381
20240222,0.00099151085296865439,1,2991.3207891912534,0.59999999999999998,0.0055291906477863417,True,0.49610638062665324,300,platt,300,0,0.0060041777239502013,0.16513682614916514,252,0,False,20240220,0.24896783837838934,381
20240223,0.00065565858365361788,1,3006.8511760205079,0.59999999999999998,-0.0092712157320039568,False,0.5,300,platt,300,0,0.0039703959373748243,0.16513682614916514,252,0,False,20240220,0.30845808629471505,381
20240226,0.00096657058340918612,1,2979.8996019880192,0.6166666666666667,0.012918479846018016,True,0.5,300,platt,300,0,0.0058531498149062174,0.16513682614916514,252,0,False,20240220,0.2088317067689357,381
20240227,0.0017720286191135789,1,3020.8242181007849,0.6166666666666667,-0.019110817058122676,False,0.50328158809126056,300,platt,300,0,0.0074009439731772819,0.23943278391727013,252,0,False,20240220,0.25249657888434374,381
20240228,0.0016886414200693867,1,2962.8471520770918,0.59999999999999998,0.019378519360871316,True,0.50324107858081435,300,platt,300,0,0.010225710760264141,0.16513682614916514,252,0,False,20240227,0.20803369154973089,384
20240229,0.0023479917294554993,1,3022.2507970404927,0.6166666666666667,0.0039298597704833238,True,0.50701848932859961,300,platt,300,0,0.0098064755003090462,0.23943278391727013,252,0,False,20240227,0.27184750934213048,384
20240301,0.00096126654055130186,1,3029.9301734280862,0.6166666666666667,0.0040584794208853303,True,0.50692897983471241,300,platt,300,0,0.0038630272264568704,0.24883763023150263,252,0,False,20240227,0.27402339606395371,384
20240304,0.0011235033712059098,1,3042.7201699753741,0.59999999999999998,0.0027926116673693269,True,0.51076934934420892,300,platt,300,0,0.0044232078023613355,0.25400194189522951,252,0,False,20240227,0.44698683003841316,384
20240305,0.001377036846309688,1,3051.9900233986286,0.60833333333333328,-0.0025796370495096976,False,0.51061821499225535,300,platt,300,0,0.0040942052166904564,0.33633801273469466,252,0,False,20240227,0.49315847592586204,384
20240306,0.0011932584500457994,1,3043.55832323398,0.6166666666666667,-0.0041216726340720378,False,0.5070974145357513,300,platt,300,0,0.0035384876702819435,0.3372227237266936,252,0,False,20240305,0.2796138763184301,386
20240307,0.0018519572583726533,1,3033.0079178115416,0.60833333333333328,0.0061497958661773655,True,0.50702462968374873,300,platt,300,0,0.0055062383324286568,0.33633801273469466,252,0,False,20240305,0.26466791330435013,386
20240308,0.0014671988457726766,1,3050.4883158544412,0.60833333333333328,0.0073657447727182301,True,0.51040781345771002,300,platt,300,0,0.0043508303045490682,0.3372227237266936,252,0,False,20240305,0.34244085367301302,386
20240311,0.0014916762918566683,1,3073.0325421727994,0.625,-0.0040803591279181539,False,0.51043444390828852,300,platt,300,0,0.0044234157039358245,0.3372227237266936,252,0,False,20240305,0.25046198250951573,386
20240312,0.001369297253116117,1,3060.1194834012013,0.60833333333333328,-0.0039596391938964137,False,0.5110372170754397,300,platt,300,0,0.0040711938623370133,0.33633801273469466,252,0,False,20240305,0.15011135791258476,386
20240313,0.0013628921396012833,1,3047.9830182505871,0.59999999999999998,-0.0018400145658374889,False,0.51162378115836449,300,platt,300,0,0.0040521501822523417,0.33633801273469466,252,0,False,20240312,0.34043347401042801,388
20240314,0.0017901319194047638,1,3043.6727394830077,0.59999999999999998,0.0053985310347568483,True,0.50834239623038779,300,platt,300,0,0.0053224192675980107,0.33633801273469466,252,0,False,20240312,0.3962724501933001,388
20240315,0.0015039336358093926,1,3059.2298696751609,0.59999999999999998,0.0099161736428226011,True,0.51164780824662692,300,platt,300,0,0.0044597636220632467,0.3372227237266936,252,0,False,20240312,0.40946726488480711,388
20240318,0.0013170115334224849,1,3088.9890833851568,0.59999999999999998,-0.0071866873184842639,False,0.51508857958936671,300,platt,300,0,0.0039054649665005181,0.3372227237266936,252,0,False,20240312,0.34229144696126568,388
20240319,0.0012387892949000693,1,3066.5499090979333,0.59999999999999998,0.00552773420590702,True,0.51508857958936671,300,platt,300,0,0.0036735048018414732,0.3372227237266936,252,0,False,20240312,0.28844829488708662,388
20240320,-0.0011282598712688786,0,3076.2112139829173,0.59999999999999998,-0.00083544234170118692,True,0.51516324835075222,300,platt,300,0,-0.0033457409358430158,0.3372227237266936,252,0,False,0,0,0
20240321,-0.00093528217621406293,0,3074.2350310569032,0.60833333333333328,-0.0094502216850663734,True,0.51484025934273137,300,platt,300,0,-0.0027734850305404513,0.3372227237266936,252,0,False,0,0,0
20240322,0.0020674134066687357,1,3054.335145528617,0.60833333333333328,-0.0071285631496976753,False,0.51493994102441454,300,platt,300,0,0.0061307060918714866,0.3372227237266936,252,0,False,20240319,0.53695676235854417,390
20240325,-0.0017882445645583914,0,3020.8937256389318,0.59999999999999998,0.0017101379883821544,False,0.51524288716471744,300,platt,300,0,-0.0053028590268065588,0.3372227237266936,252,0,False,0,0,0
20240326,-0.0013829653706513173,0,3027.2884668935094,0.59166666666666667,-0.01264797676937357,True,0.51556436256485783,300,platt,300,0,-0.0041010444236022452,0.3372227237266936,252,0,False,0,0,0
20240327,-0.0017296156371347743,0,2987.9618203274053,0.59999999999999998,0.0058549907541873836,False,0.51530583040926925,300,platt,300,0,-0.0051290008514863995,0.3372227237266936,252,0,False,0,0,0
20240328,0.0022696359454323824,1,3017.4967103261647,0.6166666666666667,0.010131753012857514,True,0.51100449459717689,300,platt,300,0,0.0067303766494450044,0.3372227237266936,252,0,False,20240319,0.43378953251005536,390
20240329,0.0015115833820486069,1,3045.7638773480767,0.625,0.011907172868414362,True,0.51383801258183004,300,platt,300,0,0.0044824481735509869,0.3372227237266936,252,0,False,20240328,0.42417766722756667,390
20240401,-0.0013286387031913398,0,3073.2898756876671,0.6333333333333333,-0.00078638357984295304,True,0.51680755662746614,300,platt,300,0,-0.0039399441665981909,0.3372227237266936,252,0,False,0,0,0
20240402,-0.00097287620171109999,0,3071.9670459568133,0.625,-0.0018415532488794684,True,0.52052202551529481,300,platt,300,0,-0.002884966324213607,0.3372227237266936,252,0,False,0,0,0
20240403,-0.00097951262049733698,0,3066.2894859299095,0.625,-0.0072470366900760919,True,0.52387137556340424,300,platt,300,0,-0.0029046459552684099,0.3372227237266936,252,0,False,0,0,0
20240408,-0.0015705239904216296,0,3042.267130791623,0.625,0.00048712647756721239,False,0.52722863672178022,300,platt,300,0,-0.0043194355063900288,0.36359473086199545,252,0,False,0,0,0
20240409,-0.00083844934576877289,0,3045.980856230643,0.625,-0.006954811667196914,True,0.52731391186319387,300,platt,300,0,-0.0024863370312147312,0.3372227237266936,252,0,False,0,0,0
20240410,0.0016553831854907095,1,3032.3462992903087,0.6333333333333333,0.0022830311902393152,True,0.52677658367922564,300,platt,300,0,0.0049088719977018382,0.3372227237266936,252,0,False,20240329,0.53863758762773195,387
20240411,0.0018502330656460161,1,3039.8604630185973,0.6333333333333333,-0.0048687212745807118,False,0.52677023834129666,300,platt,300,0,0.005486679679230516,0.3372227237266936,252,0,False,20240329,0.57596259634860314,387
20240412,-0.0013151125741273002,0,3015.5025524329058,0.625,0.012553214989301953,False,0.5275011373787476,300,platt,300,0,-0.0039100920036792526,0.33633801273469466,252,0,False,0,0,0
20240415,0.0024411668188554811,1,3064.8411687498319,0.625,-0.016455114997898757,False,0.5274971457822637,300,platt,300,0,0.0096108195104367012,0.25400194189522951,252,0,False,20240329,0.51803321783174316,387
20240416,0.0016282469087486322,1,3011.9643493382218,0.6166666666666667,0.021387111252984203,True,0.52818288520550605,300,platt,300,0,0.0064453128732069598,0.25262496030522008,252,0,False,20240329,0.51586738736624538,387
20240417,0.0031297748302570685,1,3080.9933296960198,0.6166666666666667,0.0009259679506994356,True,0.53174463034500252,300,platt,300,0,0.0093054448553391809,0.33633801273469466,252,0,False,20240416,0.53584161359400739,390
20240418,0.0015230670493200844,1,3078.906850190469,0.64166666666666672,-0.0029157271072517421,False,0.53277867033913962,300,platt,300,0,0.0059962811227180215,0.25400194189522951,252,0,False,20240416,0.39877669367623142,390
20240419,-0.00086059504866979489,0,3062.6230515605193,0.6166666666666667,-0.0067419381253340793,True,0.53160030044751205,300,platt,300,0,-0.0033881435797241755,0.25400194189522951,252,0,False,0,0,0
20240422,0.0012348047957850981,1,3048.3546807541843,0.6166666666666667,-0.0074288036715028927,False,0.53460675739405006,300,platt,300,0,0.0048613990372342476,0.25400194189522951,252,0,False,20240416,0.42651010601707173,390
20240423,-0.00098561304831331405,0,3018.9989995442907,0.60833333333333328,0.0075595533057408737,False,0.53501170277912991,300,platt,300,0,-0.0038803366657718659,0.25400194189522951,252,0,False,0,0,0
20240424,-0.00091036241573361567,0,3042.0504082154921,0.625,0.002652929860635922,False,0.53066283314704965,300,platt,300,0,-0.0036036123059008931,0.25262496030522008,252,0,False,0,0,0
20240425,-0.00087679719431881897,0,3050.2232258454642,0.6166666666666667,0.011705493137672329,False,0.5309772169138276,300,platt,300,0,-0.0034707464902101418,0.25262496030522008,252,0,False,0,0,0
20240426,-0.0012702690159201401,0,3084.712301768825,0.59999999999999998,0.0079023563704843092,False,0.53149857286070556,300,platt,300,0,-0.00502827992287622,0.25262496030522008,252,0,False,0,0,0
20240429,-0.0013181435429851012,0,3108.9397622068864,0.59999999999999998,-0.0026400854315159483,True,0.53122604339073998,300,platt,300,0,-0.0052177882240635586,0.25262496030522008,252,0,False,0,0,0
20240430,0.0006455001644447958,1,3106.8286647253221,0.59999999999999998,0.011561329794969044,True,0.53131019417604208,300,platt,300,0,0.0025413198010551083,0.25400194189522951,252,0,False,20240422,0.37463291571689433,389
20240506,-0.00052454376039724792,0,3139.0729547110277,0.64218972921100947,0.0022343918293394882,False,0.52958195235546579,300,platt,300,0,-0.0020651171265990212,0.25400194189522951,252,0,True,20240422,0.64218972921100947,389
20240507,-0.00077800230280509,0,3145.2890525873727,0.64503070002694107,-0.006118107669698003,True,0.52944855814082448,300,platt,300,0,-0.002313156031574649,0.33633801273469466,252,0,True,20240422,0.64503070002694107,389
20240508,0.00084133233862059562,1,3131.111891226461,0.66666666666666674,0.0082596985283394098,True,0.53188378652767887,300,platt,300,0,0.0025014488602697529,0.33633801273469466,252,0,False,20240422,0.53104851859738933,389
20240509,0.0013195443226972062,1,3158.4823651799247,0.66666666666666674,7.1996497755577593e-05,True,0.53547742192299341,300,platt,300,0,0.0039129756978258899,0.3372227237266936,252,0,False,20240422,0.59837605870654509,389
20240510,-0.00113274240612803,0,3150.9739106144275,0.66666666666666674,-0.0020689181635956677,True,0.53547742192299341,300,platt,300,0,-0.003367869117492657,0.33633801273469466,252,0,False,0,0,0
20240513,-0.0010297598053153275,0,3144.7789948168397,0.69581807848772315,-0.00071359124163317134,True,0.53831462444394418,300,platt,300,0,-0.0040541414669187136,0.25400194189522951,252,0,True,20240509,0.69581807848772315,390
20240514,0.00059868918739749489,1,3147.657641059403,0.73333333333333339,-0.0082244298327442955,False,0.53737307075775109,300,platt,300,0,0.0023698734546030681,0.25262496030522008,252,0,False,20240509,0.58447923755896736,390
20240515,0.00083659551769635408,1,3122.512196112511,0.66666666666666674,0.00080095461969786896,True,0.53530865430651453,300,platt,300,0,0.0032936579596758841,0.25400194189522951,252,0,False,20240509,0.50665598695678882,390
20240516,0.00072089273798137924,1,3124.6519162059658,0.73333333333333339,0.01012851968725359,True,0.53664368786820793,300,platt,300,0,0.0028536085156051112,0.25262496030522008,252,0,False,20240509,0.56590799780349321,390
20240517,0.0012097963219605038,1,3157.8420294171069,0.73333333333333339,0.0054276021731334279,True,0.54124286535394228,300,platt,300,0,0.0048449364802045248,0.24970323695749119,252,0,False,20240509,0.59511555221031065,390
20240520,0.00059021816729486838,1,3173.0167674491481,0.73333333333333339,-0.0041560381453374928,False,0.54567656029390421,300,platt,300,0,0.0023636784788470546,0.24970323695749119,252,0,False,20240517,0.57632265599473631,392
20240521,-0.00054558205075269802,0,3156.2427705971872,0.65988910731394079,0.00018182591406867843,False,0.54271805025014597,300,platt,300,0,-0.0021925222895151481,0.24883763023150263,252,0,True,20240517,0.65988910731394079,392
20240522,-0.00045667754151411545,0,3157.0974657636939,0.61129507543843498,-0.013345691786258551,True,0.54389458401510216,300,platt,300,0,-0.0018779336339686289,0.24318087351629183,252,0,True,20240517,0.61129507543843498,392
20240523,-0.0012737683675302335,0,3112.4174448184176,0.66666666666666674,-0.0088296158339770114,True,0.54245345666518663,300,platt,300,0,-0.005319941349261309,0.23943278391727013,252,0,False,0,0,0
20240524,-0.0013577140879043935,0,3084.6766970064377,0.66666666666666674,0.011386751241270865,False,0.542513855774584,300,platt,300,0,-0.005670543798102088,0.23943278391727013,252,0,False,0,0,0
20240527,-0.0010540179204301427,0,3120.7499030100112,0.59999999999999998,-0.0046320109517069552,True,0.54442826437093239,300,platt,300,0,-0.0044021453670034238,0.23943278391727013,252,0,False,0,0,0
20240528,-0.00076837467031223611,0,3107.1827835628501,0.59999999999999998,0.00046485495544557054,False,0.54770005423927925,300,platt,300,0,-0.0031596838155972785,0.24318087351629183,252,0,False,0,0,0
20240529,-0.00087064435290771733,0,3108.3090100947634,0.6333333333333333,-0.0062165511374799864,True,0.54668953286362454,300,platt,300,0,-0.003580233676763188,0.24318087351629183,252,0,False,0,0,0
20240530,0.0011402195094402602,1,3095.2029913444635,0.64166666666666672,-0.0015733851696965173,False,0.54982121731723443,300,platt,300,0,0.0047621695357901945,0.23943278391727013,252,0,False,20240522,0.49643507378347923,390
20240531,-0.00066140133031317096,0,3084.7717775108117,0.6333333333333333,-0.0026968588383088354,True,0.54665190781572692,300,platt,300,0,-0.0027623674565037896,0.23943278391727013,252,0,False,0,0,0
20240603,0.001146554499756981,1,3082.0183550714364,0.59999999999999998,0.004128811647091668,True,0.54799654265682562,300,platt,300,0,0.0047886278603900103,0.23943278391727013,252,0,False,20240522,0.53254842304066663,390
20240604,-0.0010085638864757536,0,3088.0815281209775,0.60833333333333328,-0.0083449167559307424,True,0.54776053478455633,300,platt,300,0,-0.0042123048898108995,0.23943278391727013,252,0,False,0,0,0
20240605,-0.00088449958720875728,0,3062.6920519580722,0.60833333333333328,-0.0054183733207838758,True,0.54783908030439088,300,platt,300,0,-0.0036941456919048041,0.23943278391727013,252,0,False,0,0,0
20240606,0.0011888184511595682,1,3052.4183624421025,0.60833333333333328,0.00081501081460433333,True,0.55119752893308072,300,platt,300,0,0.0049651448381869629,0.23943278391727013,252,0,False,20240603,0.54819508086738733,390
20240607,-0.0010940700525103703,0,3047.940387352467,0.6166666666666667,-0.0076143814722660075,True,0.55415412814785026,300,platt,300,0,-0.004569424598464337,0.23943278391727013,252,0,False,0,0,0
20240611,-0.00095065601721031892,0,3025.1664707053005,0.6166666666666667,0.0031117105884586049,False,0.55427134205724582,300,platt,300,0,-0.0039704505024624939,0.23943278391727013,252,0,False,0,0,0
20240612,-0.00068110110536907028,0,3035.3986775282274,0.6166666666666667,-0.0028144498665417794,True,0.55415122955376728,300,platt,300,0,-0.0028008004721779244,0.24318087351629183,252,0,False,0,0,0
20240613,-0.00059259066468298957,0,3027.1237910542964,0.625,0.0012263782451473748,False,0.5537040616920631,300,platt,300,0,-0.0023814350913552791,0.24883763023150263,252,0,False,0,0,0
20240614,-0.00088637476931413886,0,3029.9452503582979,0.6166666666666667,-0.0055208125558734444,True,0.55073610646268467,300,platt,300,0,-0.0035620608044270169,0.24883763023150263,252,0,False,0,0,0
20240617,-0.00049356357407817251,0,3014.4021662070791,0.6166666666666667,0.0047600199834827439,False,0.55401797738384151,300,platt,300,0,-0.0019834764284605687,0.24883763023150263,252,0,False,0,0,0
20240618,-0.00065632100960519443,0,3028.2575856233993,0.60833333333333328,-0.0040251842226426415,True,0.55108623190009587,300,platt,300,0,-0.0026375472592091291,0.24883763023150263,252,0,False,0,0,0
20240619,-0.00050640491074490236,0,3016.5207451148908,0.60833333333333328,-0.0041789247232592031,True,0.55415867887862647,300,platt,300,0,-0.0020280270168508523,0.24970323695749119,252,0,False,0,0,0
20240620,-0.00092433394751362057,0,3002.6588726462201,0.6166666666666667,-0.0024286651967305728,True,0.5539431454918563,300,platt,300,0,-0.0036589177347988314,0.25262496030522008,252,0,False,0,0,0
20240621,-0.00090020014919414541,0,2995.4387759951555,0.625,-0.011686854809904279,True,0.55361816929583862,300,platt,300,0,-0.0035633856136247526,0.25262496030522008,252,0,False,0,0,0
20240624,0.0014304528835852135,1,2967.3374733658529,0.625,-0.0044219246276255841,False,0.55361816929583862,300,platt,300,0,0.0042418638571478417,0.3372227237266936,252,0,False,20240606,0.46786561973281465,384
20240625,0.0016984454911089229,1,2955.0067079145228,0.6166666666666667,0.0076368909344055602,True,0.55067867298820239,300,platt,300,0,0.0050365689249501746,0.3372227237266936,252,0,False,20240606,0.57720633344457861,384
20240626,0.0021769698438556533,1,2978.9961975028036,0.6333333333333333,-0.0089730781415435779,False,0.54989942405227143,300,platt,300,0,0.0059873525633734638,0.36359473086199545,252,0,False,20240606,0.54065519204537538,384
20240627,-0.00087423341031850831,0,2943.2770374100533,0.6333333333333333,0.0073155056920026773,False,0.54990557702195397,300,platt,300,0,-0.0025924510681167552,0.3372227237266936,252,0,False,0,0,0
20240628,0.0021793914816062021,1,2973.8699323848141,0.625,0.0092092317227712162,True,0.55018900272952553,300,platt,300,0,0.0064627657873154408,0.3372227237266936,252,0,False,20240606,0.54310428031878488,384
20240701,0.0017687720173644795,1,3000.0272951541938,0.6333333333333333,0.00076160447570194911,True,0.55324570389225347,300,platt,300,0,0.0048646800055961959,0.36359473086199545,252,0,False,20240628,0.50988512680080522,386
20240702,-0.00079303832626337106,0,2994.6343553334636,0.64166666666666672,-0.004883365296845299,True,0.55632078973933008,300,platt,300,0,-0.00218110511223105,0.36359473086199545,252,0,False,0,0,0
20240703,-0.0010493666261323646,0,2979.2459945787682,0.64166666666666672,-0.0083184022830657955,True,0.55980408308432417,300,platt,300,0,-0.0028860886505273865,0.36359473086199545,252,0,False,0,0,0
20240704,0.0020878470753942142,1,2963.7419476112323,0.64166666666666672,-0.002581074241090664,False,0.56316889748467958,300,platt,300,0,0.0057422368867789475,0.36359473086199545,252,0,False,20240628,0.56906651367748784,386
20240705,-0.0017739782932082928,0,2944.7001823593878,0.68888802336881405,-0.0093166513290318109,True,0.5584250601311942,300,platt,300,0,-0.0052605538369532769,0.3372227237266936,252,0,True,20240628,0.68888802336881405,386
20240708,-0.0015921604269516945,0,2917.796791078687,0.6333333333333333,0.012634126341537266,False,0.56333218357371539,300,platt,300,0,-0.004378942519813381,0.36359473086199545,252,0,False,0,0,0
20240709,0.0030942562790656995,1,2968.5294566307939,0.625,-0.0067611632790790521,False,0.56346362074524747,300,platt,300,0,0.0085101790989378853,0.36359473086199545,252,0,False,20240705,0.56918960582731482,387
20240710,-0.0011388899050489504,0,2936.0159884686918,0.625,0.010554597600650695,False,0.56352091952780281,300,platt,300,0,-0.0033772632296629516,0.3372227237266936,252,0,False,0,0,0
20240711,-0.0011507302119725569,0,2966.9692854775576,0.6166666666666667,0.00030554937042892583,False,0.56366192351460542,300,platt,300,0,-0.0034123744665118735,0.3372227237266936,252,0,False,0,0,0
20240712,0.00066272517084780386,1,2973.2641519865142,0.59999999999999998,0.00091397858509489893,True,0.56352783040479137,300,platt,300,0,0.0019704141243486661,0.33633801273469466,252,0,False,20240705,0.49104775147058438,387
20240715,-0.00087202740544475984,0,2971.4172811655139,0.66840824234141172,0.00077121444115846316,False,0.56654126677223204,300,platt,300,0,-0.0025859093829972901,0.3372227237266936,252,0,True,20240705,0.66840824234141172,387
20240716,-0.00084726789390240237,0,2973.7825729241258,0.79064057824710399,-0.0045188255784195386,True,0.56007338396012596,300,platt,300,0,-0.002519096450066535,0.33633801273469466,252,0,True,20240715,0.79064057824710399,388
20240717,0.00071596890072873052,1,2964.9762119657717,0.66666666666666674,0.0048191695111361454,True,0.56656579717524613,300,platt,300,0,0.0021231336157197891,0.3372227237266936,252,0,False,20240715,0.58959525267229373,388
20240718,-0.0019342569279549768,0,2971.3748590956038,0.66666666666666674,0.0017383164624062974,False,0.56650760863004002,300,platt,300,0,-0.0057358439745081348,0.3372227237266936,252,0,False,0,0,0
20240719,0.0014858861280858024,1,2986.7399709784108,0.59999999999999998,-0.0060668101215279879,False,0.56378375994453234,300,platt,300,0,0.0044178358431875434,0.33633801273469466,252,0,False,20240715,0.58895833264050323,388
20240722,-0.0015777076329827134,0,2959.5388345798442,0.6166666666666667,-0.016478896355544892,True,0.56021641695838176,300,platt,300,0,-0.0046908394925530414,0.33633801273469466,252,0,False,0,0,0
20240723,0.0022555759320303584,1,2921.9443350215997,0.625,-0.0046020597396179141,False,0.56338036735914887,300,platt,300,0,0.0067062771575854248,0.33633801273469466,252,0,False,20240719,0.48379597042119771,386
20240724,-0.001020512698043352,0,2898.9903213389898,0.6166666666666667,-0.0052413689296976207,True,0.56012601149665631,300,platt,300,0,-0.0040396352633182966,0.25262496030522008,252,0,False,0,0,0
20240725,-0.00094066472493089354,0,2884.0261440068894,0.625,0.0014395815683676538,False,0.56005995312418722,300,platt,300,0,-0.0037235620890128497,0.25262496030522008,252,0,False,0,0,0
20240726,-0.00087397899605402526,0,2888.3707164800508,0.60833333333333328,0.00032792586578556104,False,0.55689592238981633,300,platt,300,0,-0.003459590829813842,0.25262496030522008,252,0,False,0,0,0
20240729,0.00075241167361845206,1,2894.0211581620183,0.66666666666666674,-0.0043383026056061924,False,0.5529479175605071,300,platt,300,0,0.0029783742378797109,0.25262496030522008,252,0,False,20240719,0.45843578264066381,386
20240730,0.0007358460626894635,1,2881.4183212739631,0.59999999999999998,0.020647278247807321,True,0.55055947992071452,300,platt,300,0,0.0029468823538508311,0.24970323695749119,252,0,False,20240729,0.50361991636483605,383
20240731,-0.0023676107787498038,0,2931.7914854812766,0.59999999999999998,-0.0021649345862880809,True,0.55093842767087675,300,platt,300,0,-0.0094816983856435121,0.24970323695749119,252,0,False,0,0,0
20240801,0.00066804817775813056,1,2934.3460758586361,0.59999999999999998,-0.009224430157941943,False,0.55132504064088916,300,platt,300,0,0.0027471246734927729,0.24318087351629183,252,0,False,20240729,0.41819519957713974,383
20240802,-0.0010118913052388648,0,2902.397614244966,0.625,-0.015364720966152823,True,0.55006196722780576,300,platt,300,0,-0.0041610645220873975,0.24318087351629183,252,0,False,0,0,0
20240805,0.0021868397856355079,1,2866.9536877637197,0.6333333333333333,0.0023022005330308737,True,0.55333737447764553,300,platt,300,0,0.0086564676071334366,0.25262496030522008,252,0,False,20240729,0.50048777512770126,383
20240806,0.0016793866671712255,1,2872.098978016777,0.625,0.00088937833392632726,True,0.55660156276048323,300,platt,300,0,0.0063146350961358847,0.26595149863828121,252,0,False,20240805,0.46050885063842784,383
20240807,-0.0011436372553685359,0,2866.5517511496037,0.6333333333333333,2.3555371046368734e-05,False,0.55682783567052163,300,platt,300,0,-0.0043001722540544464,0.26595149863828121,252,0,False,0,0,0
20240808,0.001387375308861313,1,2873.8830303412269,0.625,-0.0026855626468561544,False,0.55658562965461245,300,platt,300,0,0.0052166478322736298,0.26595149863828121,252,0,False,20240805,0.38508559688220712,383
20240809,-0.00095302060172624647,0,2859.4663700565611,0.6166666666666667,-0.0013938607448041873,True,0.55308231840328326,300,platt,300,0,-0.0037724720493763253,0.25262496030522008,252,0,False,0,0,0
20240812,-0.00066861250713363724,0,2856.2935686564929,0.60833333333333328,0.0034082234700762992,False,0.55288707072039878,300,platt,300,0,-0.0026466605133785011,0.25262496030522008,252,0,False,0,0,0
20240813,-0.00080688257342033767,0,2865.6319043510894,0.625,-0.0060294370953986043,True,0.5499939683360936,300,platt,300,0,-0.0033180346864996389,0.24318087351629183,252,0,False,0,0,0
20240814,-0.00058482547927229153,0,2848.9867649666926,0.60833333333333328,0.0093676752551405951,False,0.54962639962816973,300,platt,300,0,-0.002342082090717353,0.24970323695749119,252,0,False,0,0,0
20240815,0.0018421554858864652,1,2882.658440640344,0.6166666666666667,0.00072007031172582892,True,0.54981512873750749,300,platt,300,0,0.0072920565080377775,0.25262496030522008,252,0,False,20240808,0.46829517048824648,381
20240816,-0.00057067764387359161,0,2877.7865737860361,0.59999999999999998,0.0049468127335487999,False,0.54944220994492132,300,platt,300,0,-0.0022854234924104817,0.24970323695749119,252,0,False,0,0,0
20240819,-0.00099590292503255197,0,2890.7919817984898,0.59166666666666667,-0.0093351227080260557,True,0.54892644930975476,300,platt,300,0,-0.0039883460749933807,0.24970323695749119,252,0,False,0,0,0
20240820,-0.0016158831852042075,0,2862.0288106924195,0.59166666666666667,-0.0035152743906586847,True,0.55249141383304401,300,platt,300,0,-0.0060758566636315856,0.26595149863828121,252,0,False,0,0,0
20240821,-0.00060462063040194651,0,2854.856750441586,0.59999999999999998,-0.0027347700167322797,True,0.55593437279364666,300,platt,300,0,-0.0022734244157213298,0.26595149863828121,252,0,False,0,0,0
20240822,-0.00062143165089391633,0,2847.0014830373061,0.59999999999999998,0.001964249997139067,False,0.55638016722586903,300,platt,300,0,-0.0023366352664894031,0.26595149863828121,252,0,False,0,0,0
20240823,-0.0007817555091739714,0,2852.1360824816679,0.59166666666666667,0.00040387231146654656,False,0.55624189918975786,300,platt,300,0,-0.0030945299634266492,0.25262496030522008,252,0,False,0,0,0
20240826,0.00059410215521227771,1,2857.2167707644826,0.59999999999999998,-0.0023775351903468911,False,0.55599253166860507,300,platt,300,0,0.0023517159764992611,0.25262496030522008,252,0,False,20240815,0.51236942033267019,379
20240827,-0.00037421441003500009,0,2847.6651637346436,0.59166666666666667,-0.0039673451816023553,True,0.55579517695420966,300,platt,300,0,-0.0015388315891131533,0.24318087351629183,252,0,False,0,0,0
20240828,-0.00078445583547378703,0,2835.2034620278705,0.58333333333333337,-0.0050479848079384437,True,0.55878204632671469,300,platt,300,0,-0.0031415525286415517,0.24970323695749119,252,0,False,0,0,0
20240829,0.00058651751045746205,1,2824.7618011028776,0.57499999999999996,0.0067685024933530347,True,0.55856462418090524,300,platt,300,0,0.0023488582591234459,0.24970323695749119,252,0,False,20240815,0.48257024386330655,379
20240830,-0.001849615492308954,0,2836.9571965832192,0.59166666666666667,-0.010970038781735747,True,0.56312296220512537,300,platt,300,0,-0.0074072547670810838,0.24970323695749119,252,0,False,0,0,0
20240902,-0.0010723032559143172,0,2808.0207180170105,0.59999999999999998,-0.0028659550663722166,True,0.56672824934679555,300,platt,300,0,-0.0042446449258963419,0.25262496030522008,252,0,False,0,0,0
20240903,0.00078259183047609882,1,2805.1722882316185,0.59999999999999998,-0.0066716168767176898,False,0.56660030640724379,300,platt,300,0,0.0029426110944405564,0.26595149863828121,252,0,False,20240829,0.58480872783203264,378
20240904,-0.00073580536674504749,0,2782.2296130843483,0.58333333333333337,0.001449495907072329,False,0.56670978615959722,300,platt,300,0,-0.002766690056316664,0.26595149863828121,252,0,False,0,0,0
20240905,-0.00069146199811132719,0,2786.386086761052,0.59166666666666667,-0.0080720819795733201,True,0.56320358233656287,300,platt,300,0,-0.0027371087848006253,0.25262496030522008,252,0,False,0,0,0
20240906,-0.0015234403287430632,0,2761.5930586840559,0.6166666666666667,-0.010600524273823075,True,0.56673204950485301,300,platt,300,0,-0.0057282637493804231,0.26595149863828121,252,0,False,0,0,0
20240909,-0.0011848113342545262,0,2733.245378475473,0.6166666666666667,0.0028154704592853186,False,0.57011834375098414,300,platt,300,0,-0.0044549902531889089,0.26595149863828121,252,0,False,0,0,0
20240910,-0.0012557918437391389,0,2740.745965943167,0.59999999999999998,-0.0081615641995326227,True,0.56683052474308659,300,platt,300,0,-0.0047218829379379913,0.26595149863828121,252,0,False,0,0,0
20240911,-0.001127087125298348,0,2718.7274996723813,0.60833333333333328,-0.0017165508999354984,True,0.56684951105962456,300,platt,300,0,-0.0033422632758633723,0.3372227237266936,252,0,False,0,0,0
20240912,-0.00099945607101246297,0,2714.4074548220165,0.6166666666666667,-0.0047968014404646819,True,0.5701216566222137,300,platt,300,0,-0.0027488189079170468,0.36359473086199545,252,0,False,0,0,0
20240913,-0.0014045554397669521,0,2700.2915562427024,0.6166666666666667,0.0048784256261331649,False,0.57349748797185784,300,platt,300,0,-0.0038629697312639534,0.36359473086199545,252,0,False,0,0,0
20240918,-0.0018959185209262916,0,2712.1295560567632,0.59999999999999998,0.0068969303987775898,False,0.57026096648520141,300,platt,300,0,-0.0052143729267790156,0.36359473086199545,252,0,False,0,0,0
20240919,-0.002545167213614993,0,2729.0585660008373,0.58333333333333337,0.00028936168719684296,False,0.57062890097440977,300,platt,300,0,-0.0075474368556424911,0.3372227237266936,252,0,False,0,0,0
20240920,-0.0011725510057405118,0,2733.6048461090304,0.59999999999999998,0.0044225878858623613,False,0.56675965048349275,300,platt,300,0,-0.0034862280246194676,0.33633801273469466,252,0,False,0,0,0
20240923,-0.0014644935225291151,0,2744.8919278343842,0.58333333333333337,0.041546460266889795,False,0.56683825986909131,300,platt,300,0,-0.0043542313597610387,0.33633801273469466,252,0,False,0,0,0
20240924,0.0038919303422077756,1,2874.2685850069988,0.59999999999999998,0.011588803913764822,True,0.56319171624068798,300,platt,300,0,0.0146339853775412,0.26595149863828121,252,0,False,20240903,0.25354237146150466,371
20240925,0.0030466597772188316,1,2905.1297580787191,0.60833333333333328,0.036131165297917267,True,0.56671056874225589,300,platt,300,0,0.0090345625097555272,0.3372227237266936,252,0,False,20240903,0.28606531888219611,371
20240926,0.0056040271636152153,1,3017.7700198871221,0.6166666666666667,0.028849505986865642,True,0.56666855994565424,300,platt,300,0,0.015412839317911506,0.36359473086199545,252,0,False,20240903,0.29785475974657155,371
20240927,0.003492107589259896,1,3098.3105820561173,0.6166666666666667,0.080636921063662381,True,0.56663734926588194,300,platt,300,0,0.0096043954789469879,0.36359473086199545,252,0,False,20240903,0.35902227885686167,371
20240930,0.0070670014852897674,1,3360.076432081466,0.6166666666666667,0.045939703115009056,True,0.57003054113139795,300,platt,300,0,0.019126778392702271,0.36948206018772861,252,0,False,20240903,0.079711580355522782,371
20241008,0.0073619765514685524,1,3515.4667424560985,0.6166666666666667,-0.066169679530351244,False,0.56999260144061614,300,platt,300,0,0.019225626637548621,0.38292518055511593,252,0,False,20240930,0.22379096551230446,374
20241009,-0.0074354618764237816,0,3234.626687067414,0.76072924503302908,0.013215703980701488,False,0.56759994371008315,300,platt,300,0,-0.019417531815601158,0.38292518055511593,252,0,True,20240930,0.76072924503302908,374
20241010,0.0070601122544977366,1,3325.2378675100335,0.6166666666666667,-0.025496695731421437,False,0.56342757270940114,300,platt,300,0,0.019417531815601158,0.36359473086199545,252,0,False,20240930,0.2116725934483398,374
20241011,0.0054725976003951451,1,3235.3470836157207,0.6166666666666667,0.020693047789445362,True,0.56349817793014034,300,platt,300,0,0.015051366634001917,0.36359473086199545,252,0,False,20240930,0.30698855301273426,374
20241014,0.0044313717809883286,1,3298.876554046165,0.6166666666666667,-0.025280891264484517,False,0.56343060086101882,300,platt,300,0,0.012187667765378817,0.36359473086199545,252,0,False,20240930,0.14287635207034274,374
20241015,0.0042057252436212547,1,3214.7556541560302,0.6166666666666667,0.00051732239724833207,True,0.56005758500267633,300,platt,300,0,0.011567068735156019,0.36359473086199545,252,0,False,20241014,0.2749191066868672,375
20241016,0.0025257909567130581,1,3211.0379770932223,0.625,-0.010479002468975374,False,0.56002652257044094,300,platt,300,0,0.0094971864029552572,0.26595149863828121,252,0,False,20241014,0.30492142100676384,375
20241017,0.0025323946639452533,1,3177.4104318893119,0.6166666666666667,0.029084197836153791,True,0.56004203420032861,300,platt,300,0,0.010024324836649664,0.25262496030522008,252,0,False,20241014,0.39949026478979027,375
20241018,0.0053761382405199242,1,3279.0979151810061,0.625,0.0020072276383538146,True,0.56335563938326971,300,platt,300,0,0.020214731889260651,0.26595149863828121,252,0,False,20241014,0.20497238069135246,375
20241021,0.002068627395854966,1,3274.8705018786677,0.625,0.0054333850451788734,True,0.56669670074631062,300,platt,300,0,0.0082843435313861135,0.24970323695749119,252,0,False,20241014,0.36107506868999051,375
20241022,0.0013166213838766113,1,3290.1931426251126,0.60833333333333328,0.0051541649480688623,True,0.5701188710488464,300,platt,300,0,0.0052117628530683451,0.25262496030522008,252,0,False,20241021,0.37214020273972609,377
20241023,0.0018698063328951725,1,3308.9784015917439,0.6166666666666667,-0.0068245975811817017,False,0.57350947162179067,300,platt,300,0,0.007030629052548725,0.26595149863828121,252,0,False,20241021,0.38706555338788179,377
20241024,0.00085314853916171839,1,3283.0610511599416,0.60833333333333328,0.005925684301180123,True,0.57364040180202669,300,platt,300,0,0.0034166498983229285,0.24970323695749119,252,0,False,20241021,0.4096419450065405,377
20241025,0.0014248761229002066,1,3304.4019641701962,0.625,0.0068179525273857067,True,0.57342449752937219,300,platt,300,0,0.0056402824217317207,0.25262496030522008,252,0,False,20241021,0.38293569789978898,377
20241028,0.0014642300688125884,1,3327.061961474034,0.6333333333333333,-0.010773140368686707,False,0.57335572544594982,300,platt,300,0,0.0055056281927708837,0.26595149863828121,252,0,False,20241021,0.32702433318491819,377
20241029,0.0018621904072791168,1,3292.526915589815,0.6333333333333333,-0.0061371583008434927,False,0.5699858428974055,300,platt,300,0,0.0073713634829639507,0.25262496030522008,252,0,False,20241028,0.29247651697733051,377
20241030,0.001543308463691762,1,3271.27861244117,0.625,0.0041597093757228532,True,0.57003040946955619,300,platt,300,0,0.006180570514408232,0.24970323695749119,252,0,False,20241028,0.45123669013834622,377
20241031,0.0014358359860603531,1,3284.5336899014792,0.6333333333333333,-0.0023812860225077559,False,0.57330904910248182,300,platt,300,0,0.0056836663500138065,0.25262496030522008,252,0,False,20241028,0.30157774150997702,377
20241101,0.0015286537797767239,1,3277.0159768743133,0.60833333333333328,0.01167262660412649,True,0.57349265912274805,300,platt,300,0,0.0061218821125533021,0.24970323695749119,252,0,False,20241028,0.22501825145520205,377
20241104,0.0015182331230656604,1,3315.2328662152504,0.6333333333333333,0.023194832033475166,True,0.57668422791613672,300,platt,300,0,0.0060098302290927212,0.25262496030522008,252,0,False,20241028,0.5124360470996786,377
20241105,0.0027830184046781672,1,3396.4129468791039,0.6333333333333333,-0.00093909427284766256,False,0.5800144933065543,300,platt,300,0,0.011016403134970272,0.25262496030522008,252,0,False,20241104,0.26793216776348239,379
20241106,0.00166256661652867,1,3389.4320032249225,0.625,0.025667752485352135,True,0.57673497796589923,300,platt,300,0,0.006836749093333966,0.24318087351629183,252,0,False,20241104,0.51048844708498831,379
20241107,0.0035212501527142519,1,3482.8819652241441,0.6333333333333333,-0.0052911536243717139,False,0.57668277753086739,300,platt,300,0,0.014479963418991283,0.24318087351629183,252,0,False,20241104,0.49815969715297204,379
20241108,0.0018928725729521183,1,3458.8318584942717,0.65000000000000002,0.0051468919056822937,True,0.5731237866535599,300,platt,300,0,0.0082901566323818465,0.22832772128314743,252,0,False,20241104,0.57905350025243441,379
20241111,-0.0015375069592678695,0,3464.7304498371332,0.6432917781853198,-0.013860141034217288,True,0.57321357960652286,300,platt,300,0,-0.0067337726257129292,0.22832772128314743,252,0,True,20241104,0.6432917781853198,379
20241112,-0.0025045965634254157,0,3413.3994454473955,0.60862655512509323,0.0050578174251141306,False,0.57363227073774348,300,platt,300,0,-0.010969305651325119,0.22832772128314743,252,0,True,20241111,0.60862655512509323,380
20241113,-0.0010759643868184375,0,3435.5772595708245,0.66027560979529565,-0.01728237829465229,True,0.56978629113187518,300,platt,300,0,-0.0047123686110988796,0.22832772128314743,252,0,True,20241111,0.66027560979529565,380
20241114,0.0019021158442494215,1,3386.2677451227005,0.625,-0.014531047618867365,False,0.57005868981783503,300,platt,300,0,0.0083306391075073285,0.22832772128314743,252,0,False,20241111,0.52857071119043464,380
20241115,0.001822579402561648,1,3336.7968131499501,0.625,-0.002064924998490536,False,0.57001376964372752,300,platt,300,0,0.0079822957646981524,0.22832772128314743,252,0,False,20241111,0.54530452881137637,380
20241118,-0.0020045913284030457,0,3317.1856419195151,0.59999999999999998,0.0066673313579925786,False,0.56673991568161008,300,platt,300,0,-0.010043416613978876,0.19959256948606174,252,0,False,0,0,0
20241119,-0.0013148316365737614,0,3341.6103604586738,0.66263684864821171,0.0065688689853808935,False,0.56686869979988641,300,platt,300,0,-0.0080101139720317252,0.1641464330176392,252,0,True,20241115,0.66263684864821171,383
20241120,0.00084144388456525426,1,3370.8232739997661,0.625,0.00071692626814456872,True,0.56668003553373247,300,platt,300,0,0.0053746470401228371,0.15655798013966385,252,0,False,20241115,0.52553673877111429,383
20241121,-0.00058893337054356115,0,3368.4189566710797,0.62448637744711621,-0.030623125020713293,True,0.56667653563067499,300,platt,300,0,-0.0037617588705358834,0.15655798013966385,252,0,True,20241115,0.62448637744711621,383
20241122,0.0022563325605183789,1,3274.563470788532,0.625,-0.0010504128377410993,False,0.56667743616737432,300,platt,300,0,0.013745851914283833,0.1641464330176392,252,0,False,20241115,0.56197328312103256,383
20241125,-0.0010798518472113052,0,3260.2353230591016,0.60106043392965569,-0.0012263464126970325,True,0.5634151464540994,300,platt,300,0,-0.0068974564327412748,0.15655798013966385,252,0,True,20241115,0.60106043392965569,383
20241126,-0.00066718941674717865,0,3257.5823244949947,0.59999999999999998,0.015345222644189471,False,0.56684575133953752,300,platt,300,0,-0.0042616123186565479,0.15655798013966385,252,0,False,0,0,0
20241127,0.0016724491528569982,1,3315.3143369174491,0.60833333333333328,-0.0042542418770026291,False,0.56648917780870245,300,platt,300,0,0.010682618358802423,0.15655798013966385,252,0,False,20241125,0.56256439761718102,387
20241128,-0.00052730702452507302,0,3293.9604551356947,0.59999999999999998,0.0093325896973033284,False,0.56634480421781375,300,platt,300,0,-0.0037439088816175678,0.14084397916683494,252,0,False,0,0,0
20241129,0.0011552051746802228,1,3330.2984388379841,0.6166666666666667,0.011281256503731685,True,0.56297280753440648,300,platt,300,0,0.0082020202887894793,0.14084397916683494,252,0,False,20241125,0.44510949863977073,387
20241202,0.00092135999646308323,1,3367.08173872003,0.60833333333333328,0.0044066819257639889,True,0.56641332887602891,300,platt,300,0,0.0058851040083753442,0.15655798013966385,252,0,False,20241125,0.41773122045210986,387
20241203,-0.00075675925239121326,0,3376.2493570704378,0.60693117204089797,-0.0041897933006695975,True,0.56986879062373241,300,platt,300,0,-0.0048337315780142007,0.15655798013966385,252,0,True,20241125,0.60693117204089797,387
20241204,-0.00069471994711691213,0,3362.3123106688772,0.65486407463253138,0.0012499071968796738,False,0.57041407080867257,300,platt,300,0,-0.0044374611022520811,0.15655798013966385,252,0,True,20241203,0.65486407463253138,390
20241205,-0.00047464471444804037,0,3367.2562906381149,0.64601171969820359,0.010454916244102108,False,0.56694654146887014,300,platt,300,0,-0.0030317503714893004,0.15655798013966385,252,0,True,20241203,0.64601171969820359,390
20241206,0.0010580727981919992,1,3407.6781606418072,0.60833333333333328,-0.00045301568437183803,False,0.56316078246353207,300,platt,300,0,0.0067583447183471763,0.15655798013966385,252,0,False,20241203,0.45017444895919073,390
20241209,0.0007149347026711826,1,3404.9668898480986,0.60833333333333328,0.0059151203854139744,True,0.5632221271026211,300,platt,300,0,0.0050760757179709884,0.14084397916683494,252,0,False,20241203,0.55510698296188699,390
20241210,0.0014971199416263115,1,3427.7848335873905,0.60833333333333328,0.0028718885281266981,True,0.56643539665938081,300,platt,300,0,0.0095627188105693837,0.15655798013966385,252,0,False,20241203,0.57685763752172514,390
20241211,0.00042059694424654632,1,3433.9338948892764,0.6166666666666667,0.0084514735103977667,True,0.56658823717812024,300,platt,300,0,0.0026865251063621022,0.15655798013966385,252,0,False,20241210,0.48986781143826164,391
20241212,0.00076931788483284853,1,3464.1627937044855,0.6166666666666667,-0.020113131307995413,False,0.5666543317165661,300,platt,300,0,0.0046867779621514987,0.1641464330176392,252,0,False,20241210,0.59827699421423697,391
20241213,0.0010751933605652093,1,3395.5251249204862,0.6166666666666667,-0.0016353771193788891,False,0.56663583473878076,300,platt,300,0,0.0065502084985889931,0.1641464330176392,252,0,False,20241210,0.46913681802210011,391
20241216,0.00049830981039431562,1,3388.0186420582045,0.6166666666666667,-0.0073372031654789227,False,0.56328955669734404,300,platt,300,0,0.0031829090407897334,0.15655798013966385,252,0,False,20241210,0.56421759180484921,391
20241217,0.00075995385243153818,1,3364.0395734756407,0.60833333333333328,0.0061648646357188586,True,0.56328545361042315,300,platt,300,0,0.0048541367980960842,0.15655798013966385,252,0,False,20241210,0.51546560584725498,391
20241218,0.00049422747482117367,1,3383.8796801685826,0.60833333333333328,-0.003599719366765064,False,0.56339560030630942,300,platt,300,0,0.0031568334899331105,0.15655798013966385,252,0,False,20241217,0.52858577379068128,394
20241219,0.00061227193827668102,1,3372.0964766981933,0.60833333333333328,-0.00058272424683303292,False,0.56009368055673614,300,platt,300,0,0.0039108318702788525,0.15655798013966385,252,0,False,20241217,0.48614761647907717,394
20241220,0.00054825211965462827,1,3369.9158511328692,0.59999999999999998,-0.0049916431351338941,False,0.55684552148921018,300,platt,300,0,0.0035019110438544105,0.15655798013966385,252,0,False,20241217,0.39305098819608902,394
20241223,0.00065501932420503062,1,3353.452238160879,0.6166666666666667,0.012613475701401811,True,0.55337946007893446,300,platt,300,0,0.0046506732348788283,0.14084397916683494,252,0,False,20241217,0.44643055785858599,394
20241224,-0.0008226531897848119,0,3390.7364032839105,0.69994230282847936,-5.2452785052836681e-05,True,0.55293475578666762,300,platt,300,0,-0.005254623169326348,0.15655798013966385,252,0,True,20241217,0.69994230282847936,394
20241225,-0.00063034326088575051,0,3391.211124632639,0.61803617217101958,0.0013928418408699628,False,0.55334208576851296,300,platt,300,0,-0.004026260816110603,0.15655798013966385,252,0,True,20241224,0.61803617217101958,394
20241226,-0.00040738062835637674,0,3396.6921894602274,0.70775427734856533,0.00060784387873535906,False,0.55351696059587874,300,platt,300,0,-0.0026021070787509933,0.15655798013966385,252,0,True,20241224,0.70775427734856533,394
20241227,0.00059839886099451243,1,3402.1766411000194,0.6166666666666667,0.0021128235232528159,True,0.55346944987350921,300,platt,300,0,0.0038222188384181158,0.15655798013966385,252,0,False,20241224,0.45840662667697979,394
20241230,-0.00034850175953767362,0,3406.1384409285315,0.54545454545454541,-0.016306893332392991,True,0.55405491158229525,300,platt,300,0,-0.002226023606249765,0.15655798013966385,252,0,False,0,0,0
20241231,0.0010998889307032695,1,3355.4495670220404,0.625,-0.026613546363510765,False,0.55335813374812159,300,platt,300,0,0.0078092719135718965,0.14084397916683494,252,0,False,20241224,0.59214373767226736,394
20250102,-0.0019018473809620929,0,3256.3558074774751,0.65281364438713918,-0.015671984279097106,True,0.552878257554135,300,platt,300,0,-0.014257754041161814,0.13339039062334099,252,0,True,20241231,0.65281364438713918,393
20250103,-0.0014012317361390928,0,3206.9299425057343,0.6166666666666667,-0.0014034558250828333,True,0.55686662914537943,300,platt,300,0,-0.0089502415328114714,0.15655798013966385,252,0,False,0,0,0
20250106,0.00070335956693610903,1,3209.1784198318055,0.6166666666666667,0.0070850162030717811,True,0.55690805354641171,300,platt,300,0,0.0044926458958441393,0.15655798013966385,252,0,False,20241231,0.57982735645846673,393
20250107,0.00085081311172147827,1,3232.3917233763113,0.60833333333333328,0.00016224698952105321,True,0.55694238153061415,300,platt,300,0,0.0054258799693540031,0.1568064749915164,252,0,False,20241231,0.47992705346505204,393
20250108,-0.001448332317295368,0,3225.4895434401396,0.6333333333333333,-0.0058122675294989268,True,0.55991037822857215,300,platt,300,0,-0.0092364318334030929,0.1568064749915164,252,0,False,0,0,0
20250109,-0.0004765363807004061,0,3209.8629542598123,0.60833333333333328,-0.013349190209744899,True,0.5603166870201356,300,platt,300,0,-0.0030390095863464047,0.1568064749915164,252,0,False,0,0,0
20250110,-0.0010845905520660685,0,3165.0872490225233,0.59999999999999998,-0.0024518673332988294,True,0.560485188817618,300,platt,300,0,-0.0069167459578741725,0.1568064749915164,252,0,False,0,0,0
20250113,-0.0006989857644300858,0,3158.5456772501489,0.59999999999999998,0.025368938750393477,False,0.56055027699355919,300,platt,300,0,-0.0042583061451903293,0.1641464330176392,252,0,False,0,0,0
20250114,-0.0018484636514007466,0,3234.9492402136293,0.59999999999999998,-0.0042652131788925018,True,0.55706456840722518,300,platt,300,0,-0.011261064997995481,0.1641464330176392,252,0,False,0,0,0
20250115,0.00051038374726543052,1,3228.763767914209,0.60833333333333328,0.002762620886936018,True,0.55705089389401574,300,platt,300,0,0.003109319757259572,0.1641464330176392,252,0,False,20250107,0.34558838882937082,389
20250116,-0.001111142783334904,0,3232.4363063965593,0.60833333333333328,0.0017889810731166467,False,0.55702501655750458,300,platt,300,0,-0.0063127597015844705,0.17601537772077921,252,0,False,0,0,0
20250117,0.00078852474975189422,1,3244.37745625047,0.6333333333333333,0.00078856909196600711,True,0.55322454327867032,300,platt,300,0,0.0048037885152652643,0.1641464330176392,252,0,False,20250107,0.51137860262731283,389
20250120,-0.00064481942221268239,0,3242.2855623105279,0.60833333333333328,-0.00054093580229364058,True,0.55359645907132649,300,platt,300,0,-0.0039283182117237359,0.1641464330176392,252,0,False,0,0,0
20250121,0.00061716848741929153,1,3244.6238444853134,0.60833333333333328,-0.0089430388846362119,False,0.55363590887365821,300,platt,300,0,0.003759653937814023,0.16415566369338025,252,0,False,20250107,0.51406063685240422,389
20250122,0.00064914381728245572,1,3215.7098039559273,0.60833333333333328,0.005146837820495298,True,0.55357651278190934,300,platt,300,0,0.0041397768639182533,0.1568064749915164,252,0,False,20250121,0.49894987694566328,388
20250123,-0.00092498170662710412,0,3227.1758576680891,0.6166666666666667,0.0069540438461370702,False,0.55351718056672472,300,platt,300,0,-0.0056351008646511706,0.1641464330176392,252,0,False,0,0,0
20250124,-0.00076567834292489074,0,3250.1359344078946,0.60833333333333328,-0.00062278901751522397,True,0.55357645541387912,300,platt,300,0,-0.004882951057769239,0.1568064749915164,252,0,False,0,0,0
20250127,0.00047556130589153795,1,3252.1465599138241,0.60833333333333328,-0.0064951379601930759,False,0.55363748829080617,300,platt,300,0,0.0030327912537876189,0.1568064749915164,252,0,False,20250121,0.27198261565316684,388
20250205,0.0010209012966422093,1,3232.7845880783298,0.59999999999999998,0.012748709733395591,True,0.5504076672725825,300,platt,300,0,0.0065105812543611004,0.1568064749915164,252,0,False,20250121,0.5058048325910941,388
20250206,-0.00094696864781028043,0,3267.5621880905342,0.60833333333333328,0.01009190990660791,False,0.55363278498216573,300,platt,300,0,-0.0057690479799126617,0.1641464330176392,252,0,False,0,0,0
20250207,0.0013030129065217406,1,3307.9713202186445,0.60833333333333328,0.0056008072969591094,True,0.55357344476520454,300,platt,300,0,0.0079381128335680538,0.1641464330176392,252,0,False,20250205,0.33110365458068486,391
20250210,0.00053409491807123257,1,3323.9441540071498,0.6166666666666667,-0.0012380161905030107,False,0.55678554054576179,300,platt,300,0,0.003253771088731722,0.1641464330176392,252,0,False,20250205,0.50140135828560051,391
20250211,0.00040401101094113582,1,3319.3974315225291,0.6166666666666667,0.0085376775787058268,True,0.55346154401625347,300,platt,300,0,0.0024612841321853198,0.1641464330176392,252,0,False,20250205,0.59425333088143995,391
20250212,-0.00069820656723292094,0,3344.0489317372276,0.6166666666666667,-0.0041545722737137414,True,0.55677947200471023,300,platt,300,0,-0.0044526641343777132,0.1568064749915164,252,0,False,0,0,0
20250213,0.00051832847426773086,1,3334.2099206215817,0.625,0.0042735707007142132,True,0.56009918508392464,300,platt,300,0,0.0033055297894795076,0.1568064749915164,252,0,False,20250205,0.45762182574565247,391
20250214,-0.00051335060446990445,0,3345.0061571089359,0.625,0.0027206902797667354,False,0.56333803483160572,300,platt,300,0,-0.003273784481780347,0.1568064749915164,252,0,False,0,0,0
20250217,0.00046128577377356088,1,3357.3775964536885,0.6166666666666667,-0.0093386744070675931,False,0.56352825321850497,300,platt,300,0,0.002941752078787037,0.1568064749915164,252,0,False,20250213,0.56565807735623586,390
20250218,-0.0010047642322553068,0,3321.150270754651,0.6166666666666667,0.0081361637779935325,False,0.56009864571980139,300,platt,300,0,-0.0064178410538956012,0.15655798013966385,252,0,False,0,0,0
20250219,0.00060771093121609904,1,3353.5759670082398,0.65000000000000002,-0.00022553816467374421,False,0.55635901146601774,300,platt,300,0,0.0038755474303531004,0.1568064749915164,252,0,False,20250213,0.59619175295716231,390
20250220,-0.00033732499526836887,0,3349.6529970391821,0.65000000000000002,0.0084545903043027337,False,0.55266509845351564,300,platt,300,0,-0.0021512185340982824,0.1568064749915164,252,0,False,0,0,0
20250221,0.00080413168086097137,1,3381.8300516556824,0.59999999999999998,-0.0018008277202229417,False,0.55374670071829701,300,platt,300,0,0.0051281790557722619,0.1568064749915164,252,0,False,20250213,0.58361967312804397,390
20250224,0.00055343697845859239,1,3374.8943582032011,0.65000000000000002,-0.0080010611238401363,False,0.54940610726392314,300,platt,300,0,0.0035294268204711233,0.1568064749915164,252,0,False,20250221,0.53096923380114169,390
20250225,-0.00061320498218960645,0,3343.9879917240351,0.59999999999999998,0.010213446953021954,False,0.5473357987144013,300,platt,300,0,-0.0039105845739009328,0.1568064749915164,252,0,False,0,0,0
20250226,-0.00058267402172071641,0,3378.2448368812734,0.6333333333333333,0.0023216870503834919,False,0.54316941082877479,300,platt,300,0,-0.00354972088646058,0.1641464330176392,252,0,False,0,0,0
20250227,-0.00070571552935933121,0,3385.6711918910241,0.59999999999999998,-0.019823986702487306,True,0.54384587766124082,300,platt,300,0,-0.0042990629350292096,0.16415566369338025,252,0,False,0,0,0
20250228,-0.0013192255412557963,0,3316.5162874619527,0.59999999999999998,-0.0011960622811191257,True,0.54733640522123816,300,platt,300,0,-0.0080368821728464372,0.1641464330176392,252,0,False,0,0,0
20250303,0.00086571205329029712,1,3319.7968022120731,0.66666666666666674,0.0021961905503267154,True,0.54499473188483438,300,platt,300,0,0.0055296577824905753,0.15655798013966385,252,0,False,20250224,0.56344711092867183,388
20250304,-0.0005873403388621637,0,3322.2574574308846,0.66666666666666674,0.005341118802395739,False,0.54920398126095493,300,platt,300,0,-0.0037515835241244367,0.15655798013966385,252,0,False,0,0,0
20250305,-0.00052310698848548852,0,3340.2166948055369,0.66666666666666674,0.011709698088091969,False,0.54510943249456512,300,platt,300,0,-0.0035149919001849061,0.14882167678906186,252,0,False,0,0,0
20250306,-0.00065726302905400361,0,3378.8760290898126,0.66666666666666674,-0.0025295035048227277,True,0.54552078217477806,300,platt,300,0,-0.0046666036627341454,0.14084397916683494,252,0,False,0,0,0
20250307,-0.00046308977317662019,0,3370.98400853045,0.73333333333333339,-0.0018925762253546585,True,0.5480614088751542,300,platt,300,0,-0.0032879628644123518,0.14084397916683494,252,0,False,0,0,0
20250310,-0.00048074370958403693,0,3364.5447383123155,0.69793874532990863,0.0040596370407492977,False,0.54959135711753404,300,platt,300,0,-0.003491198514727708,0.1377016252602101,252,0,True,20250303,0.69793874532990863,388
20250311,-0.00072942442480546175,0,3377.3630706133886,0.70622719923076105,-0.0023388465520912671,True,0.54869895515283085,300,platt,300,0,-0.0054683431197466272,0.13339039062334099,252,0,True,20250303,0.70622719923076105,388
20250312,-0.00037148470990223053,0,3370.67088197679,0.66666666666666674,-0.0039131967258450029,True,0.55299047023142944,300,platt,300,0,-0.0026977510919006836,0.1377016252602101,252,0,False,0,0,0
20250313,-0.0006050975466023945,0,3356.6961416249464,0.66666666666666674,0.018111943254716767,False,0.55673262036827253,300,platt,300,0,-0.004394265829898247,0.1377016252602101,252,0,False,0,0,0
20250314,-0.0010001162155858596,0,3416.1416409936455,0.59999999999999998,0.0019203923684252278,False,0.55355736321941984,300,platt,300,0,-0.0072629223779746531,0.1377016252602101,252,0,False,0,0,0
20250317,0.00022145716075118514,1,3426.8872406899786,0.60833333333333328,0.0010597384190349501,True,0.55011367706865044,300,platt,300,0,0.001660218248978079,0.13339039062334099,252,0,False,20250311,0.36681815913650928,386
20250318,0.00020972200225925929,1,3430.4785959876635,0.60833333333333328,-0.00097097192797179765,False,0.55015759871904135,300,platt,300,0,0.0016443165244870424,0.12754357153023427,252,0,False,20250311,0.56620474890831851,386
20250319,0.00029068484221379511,1,3427.4251110022897,0.60833333333333328,-0.0051017836615968593,False,0.54680411539217832,300,platt,300,0,0.0029212153265782462,0.099508187420845703,252,0,False,20250311,0.56692537513350849,386
20250320,0.00026701679848558578,1,3409.8584464345668,0.60833333333333328,-0.01294167508910804,False,0.54674864555486835,300,platt,300,0,0.0026833651120214169,0.099508187420845703,252,0,False,20250311,0.54230609708069233,386
20250321,-0.00071147930686112125,0,3362.436692585859,0.59999999999999998,0.0015446839569075443,False,0.54359379250773676,300,platt,300,0,-0.0071499574587977604,0.099508187420845703,252,0,False,0,0,0
20250324,-0.00040253081741748554,0,3368.6717597536808,0.63771648730183461,-1.5430137485838991e-05,True,0.5432297811569734,300,platt,300,0,-0.0040452029913385845,0.099508187420845703,252,0,True,20250320,0.63771648730183461,386
20250325,0.00022783798577419244,1,3370.7441086122981,0.59999999999999998,-0.00037952789163531175,False,0.54686110231625362,300,platt,300,0,0.0022945498102007688,0.099295288671138959,252,0,False,20250320,0.57455249402301367,386
20250326,-0.00019998316968319397,0,3368.0236172362429,0.59999999999999998,0.0014995707687954773,False,0.54347444606853934,300,platt,300,0,-0.0020140247574638535,0.099295288671138959,252,0,False,0,0,0
20250327,0.00051114166662534597,1,3375.4733636355213,0.59999999999999998,-0.0066519769743386137,False,0.54018695184268384,300,platt,300,0,0.0051476930422975223,0.099295288671138959,252,0,False,20250320,0.5150324559544639,386
20250328,0.00034167158516169144,1,3352.4518463067188,0.59999999999999998,-0.0046431439819236697,False,0.54013367355144848,300,platt,300,0,0.0034409647198195945,0.099295288671138959,252,0,False,20250320,0.55718396129522063,386
20250331,-0.00053074385620372941,0,3333.9757731984951,0.61048652409829351,0.0038039164970045114,False,0.53671898462791479,300,platt,300,0,-0.005345106130478422,0.099295288671138959,252,0,True,20250328,0.61048652409829351,388
20250401,-0.00022606484721660167,0,3347.6781365307038,0.69999999999999996,0.00050516135134293094,False,0.53311539055034696,300,platt,300,0,-0.002276692582719782,0.099295288671138959,252,0,False,0,0,0
20250402,-0.00021511097830186215,0,3349.4059509896392,0.63636363636363635,-0.0024234606536959191,True,0.53333302000112814,300,platt,300,0,-0.002166376483523795,0.099295288671138959,252,0,False,0,0,0
20250403,-0.00046527753104732737,0,3340.4527389086029,0.66666666666666674,-0.073438340671686753,True,0.53321747878420733,300,platt,300,0,-0.0046857966503154377,0.099295288671138959,252,0,False,0,0,0
20250407,0.0020820622539478757,1,3103.0234644224934,0.58333333333333337,0.015815176774916839,True,0.53675182671162125,300,platt,300,0,0.020968389153321887,0.099295288671138959,252,0,False,20250328,0.39471111356754474,388
20250408,0.00076691811463405768,1,3147.9614785852614,0.58333333333333337,0.013117201063559847,True,0.54036927520280142,300,platt,300,0,0.0077236103031439107,0.099295288671138959,252,0,False,20250407,0.43981660643559195,388
20250409,0.0014640555058655278,1,3191.4755665802422,0.59166666666666667,0.011556384332808811,True,0.54049700961140035,300,platt,300,0,0.014712915025511024,0.099508187420845703,252,0,False,20250407,0.26277033662629101,388
20250410,0.00060976418884700189,1,3225.6035589492299,0.59166666666666667,0.0045256013400263306,True,0.54383795945703028,300,platt,300,0,0.0047808304372475331,0.12754357153023427,252,0,False,20250407,0.19410058688692369,388
20250411,0.00063706916947566103,1,3240.28977445805,0.60833333333333328,0.0075907901200742423,True,0.54365764603500721,300,platt,300,0,0.0047759749896420581,0.13339039062334099,252,0,False,20250407,0.29612715896972014,388
20250414,0.00045958234482453529,1,3264.307028721561,0.60833333333333328,0.0014879210618463645,True,0.54694668376777877,300,platt,300,0,0.0034453932001914118,0.13339039062334099,252,0,False,20250407,0.28244425437575627,388
20250415,0.00038334907814281541,1,3268.9149553303873,0.6166666666666667,0.0025527729716745551,True,0.5468165832409021,300,platt,300,0,0.0027839110643640818,0.1377016252602101,252,0,False,20250414,0.46526785679371019,391
20250416,-0.00071270462141613164,0,3273.669076880693,0.61590228575475381,0.0013239605728185833,False,0.55020403919724081,300,platt,300,0,-0.0051757168448038132,0.1377016252602101,252,0,True,20250414,0.61590228575475381,391
20250417,0.00045284663968765926,1,3281.8266914894484,0.6166666666666667,-0.0011007391548171208,False,0.55020634211732511,300,platt,300,0,0.0033948970204786175,0.13339039062334099,252,0,False,20250414,0.51307640071267302,391
20250418,0.00032051161397619182,1,3277.7806301490687,0.60833333333333328,0.0044873084462486723,True,0.54720079848232028,300,platt,300,0,0.0025129578083064293,0.12754357153023427,252,0,False,20250414,0.40365832184630246,391
20250421,0.00043772783046480327,1,3292.8748523077106,0.60833333333333328,0.0025286849887105056,True,0.55053303651779562,300,platt,300,0,0.0034319866161270202,0.12754357153023427,252,0,False,20250414,0.37666660057974877,391
20250422,0.00034845957445929303,1,3300.9069319548853,0.59999999999999998,-0.0010309546723907825,False,0.55090172171179275,300,platt,300,0,0.0027320826152080154,0.12754357153023427,252,0,False,20250421,0.2993922036204345,393
20250423,0.00029828899242286704,1,3297.3384664712758,0.59166666666666667,0.00028300954945637002,True,0.54784009123543875,300,platt,300,0,0.0023387222801123887,0.12754357153023427,252,0,False,20250421,0.29867939375381203,393
20250424,-0.00042527209153430794,0,3295.8858553933219,0.60833333333333328,-0.00067573713076518604,True,0.54726928079377524,300,platt,300,0,-0.0033343279197219043,0.12754357153023427,252,0,False,0,0,0
20250425,0.00024238804125270688,1,3295.8586831392104,0.60833333333333328,-0.0020167462807961778,False,0.55058301262726517,300,platt,300,0,0.0020030359880061177,0.12101032767463515,252,0,False,20250421,0.42109311955174694,393
20250428,0.00026364746512394109,1,3289.2816821999309,0.59166666666666667,-0.00053518189174861508,False,0.54786499013838641,300,platt,300,0,0.0020671168445478517,0.12754357153023427,252,0,False,20250421,0.37845188898658244,393
20250429,-0.00026265920258549134,0,3285.7915298710582,0.59166666666666667,-0.0023195012752784683,True,0.54438733470651191,300,platt,300,0,-0.0020593684137442227,0.12754357153023427,252,0,False,0,0,0
20250430,0.00023804852773212694,1,3279.8119685971578,0.59999999999999998,0.011308857853572274,True,0.54751911603507297,300,platt,300,0,0.0017846002745753457,0.13339039062334099,252,0,False,20250428,0.27833614577900473,394
20250506,0.00046390847972986626,1,3317.6518731723963,0.60833333333333328,0.0080068429503392657,True,0.5505736616132999,300,platt,300,0,0.0034778253333092074,0.13339039062334099,252,0,False,20250428,0.3074101047733187,394
20250507,-0.00051615886644773904,0,3340.9397537710697,0.60833333333333328,0.0027913954048224277,False,0.55393721413154007,300,platt,300,0,-0.0037483861608196061,0.1377016252602101,252,0,False,0,0,0
20250508,-0.00051494625243081308,0,3350.2697023246265,0.66666666666666674,-0.0029823724719464373,True,0.55139909942918353,300,platt,300,0,-0.0037395800627460759,0.1377016252602101,252,0,False,0,0,0
20250509,-0.00026147289381518317,0,3341.1250578764898,0.69230769230769229,0.0081524862261324049,False,0.55376190491261401,300,platt,300,0,-0.0018988366573095032,0.1377016252602101,252,0,False,0,0,0
20250512,0.00046491562327572003,1,3370.8109144066852,0.64285714285714279,0.0016698699070369916,True,0.55561628593319135,300,platt,300,0,0.0033009265005571175,0.14084397916683494,252,0,False,20250506,0.5968463298286879,395
20250513,-0.00026241158144795445,0,3373.985094842431,0.66666666666666674,0.0086158560089428793,False,0.55452763161656127,300,platt,300,0,-0.0018631366637058596,0.14084397916683494,252,0,False,0,0,0
20250514,-0.00080443580834174808,0,3401.2098422586232,0.625,-0.0067940812611098078,True,0.55323396674661962,300,platt,300,0,-0.0057115384917438596,0.14084397916683494,252,0,False,0,0,0
20250515,-0.00043240923774946906,0,3379.3595015954588,0.64705882352941169,-0.003951554495011167,True,0.55214660362540369,300,platt,300,0,-0.0029055527869260669,0.14882167678906186,252,0,False,0,0,0
20250516,-0.00041299550958010244,0,3366.0711533566177,0.66666666666666674,3.5932106611236136e-05,False,0.55142783947778062,300,platt,300,0,-0.0027751031871887694,0.14882167678906186,252,0,False,0,0,0
20250519,0.00029727131985241842,1,3368.583985813395,0.63157894736842102,0.0038291856155938664,True,0.5496290897757633,300,platt,300,0,0.0019975001375220854,0.14882167678906186,252,0,False,20250512,0.51978766245629915,395
20250520,-0.00031095935328198372,0,3379.4268087473361,0.65000000000000002,0.0020989931009756102,False,0.54886450091225991,300,platt,300,0,-0.0020894762106647537,0.14882167678906186,252,0,False,0,0,0
20250521,-0.00025352002280487818,0,3386.7147822636748,0.61904761904761907,-0.0021800559550941845,True,0.54687589019818239,300,platt,300,0,-0.0017035154305122806,0.14882167678906186,252,0,False,0,0,0
20250522,0.0002500627723760358,1,3381.0337593074637,0.63636363636363635,-0.0094127294971863007,False,0.54613844363905939,300,platt,300,0,0.0016802846048460528,0.14882167678906186,252,0,False,20250512,0.56211757249717087,395
20250523,-0.00072610942991734734,0,3345.9404157337617,0.60869565217391308,-0.00045780460992428385,True,0.54738370716360407,300,platt,300,0,-0.0048790569061154081,0.14882167678906186,252,0,False,0,0,0
20250526,0.00045731642262423648,1,3348.3693643471161,0.625,-0.0018380927100523081,False,0.54661950519957736,300,platt,300,0,0.0030729154011107638,0.14882167678906186,252,0,False,20250522,0.45804990322912786,396
20250527,-0.0003179183062710505,0,3339.624934447178,0.59999999999999998,-0.00022603135223375759,True,0.54783807499250092,300,platt,300,0,-0.0022572374634095252,0.14084397916683494,252,0,False,0,0,0
20250528,0.00019536514687355748,1,3340.5844062861911,0.61538461538461542,0.0070401435430464954,True,0.54708887161263409,300,platt,300,0,0.0013871032899612995,0.14084397916683494,252,0,False,20250522,0.57917404745223888,396
20250529,0.00051540379368985429,1,3365.1790325705688,0.62962962962962965,-0.0047445989536623046,False,0.54639408414142432,300,platt,300,0,0.0036593952878833341,0.14084397916683494,252,0,False,20250522,0.47925390774649412,396
20250530,0.00032607503421896116,1,3348.5788320358947,0.60714285714285721,0.0043280821408941961,True,0.54416258646633953,300,platt,300,0,0.002367982466458099,0.1377016252602101,252,0,False,20250522,0.48084959943639116,396
20250603,-0.00043542322430452878,0,3360.5116177877571,0.62068965517241381,0.0042318571328079368,False,0.54349727155320593,300,platt,300,0,-0.0031620775969907707,0.1377016252602101,252,0,False,0,0,0
20250604,0.0002597228822183621,1,3377.0797771481421,0.59999999999999998,0.0023386035240950953,True,0.54453584635611896,300,platt,300,0,0.0019470883997315105,0.13339039062334099,252,0,False,20250530,0.45688774739500915,397
20250605,0.00027291818740213854,1,3385.0220820286104,0.61290322580645162,0.00037215228812037537,True,0.54726377424032668,300,platt,300,0,0.0019819532767780647,0.1377016252602101,252,0,False,20250530,0.50306332740373672,397
20250606,0.00018785260002916306,1,3385.9938482835441,0.625,0.0042576591384917428,True,0.54662219552316693,300,platt,300,0,0.0013642003111741373,0.1377016252602101,252,0,False,20250530,0.55313050638447958,397
20250609,0.000311394258160971,1,3400.8302693552987,0.63636363636363635,-0.0043989131505187684,False,0.54604769474954606,300,platt,300,0,0.0022613695195865687,0.1377016252602101,252,0,False,20250530,0.5369581496807414,397
20250610,0.00063589034625135936,1,3386.968672009004,0.61764705882352944,0.0051700294636374267,True,0.54701201682566714,300,platt,300,0,0.0047671375972422533,0.13339039062334099,252,0,False,20250530,0.54647030600566515,397
20250611,0.00045965353833521497,1,3403.8797865419692,0.62857142857142856,0.00010054915829527111,True,0.54976649921172926,300,platt,300,0,0.0033380400374114919,0.1377016252602101,252,0,False,20250610,0.56958712344094209,399
20250612,-0.00030635187297029231,0,3401.6155893486225,0.62857142857142856,-0.0075417511839273033,True,0.55309643970878775,300,platt,300,0,-0.0022966562399187253,0.13339039062334099,252,0,False,0,0,0
20250613,0.00051024951014514265,1,3378.7191105547627,0.62857142857142856,0.0034744785010110135,True,0.55311381630308476,300,platt,300,0,0.0037054719519899739,0.1377016252602101,252,0,False,20250610,0.49792602059020902,399
20250616,-0.00034332839288918788,0,3387.5658530154942,0.6127474637396908,-0.00039082496202924588,True,0.55394294935741761,300,platt,300,0,-0.0024932777099791804,0.1377016252602101,252,0,True,20250610,0.6127474637396908,399
20250617,0.00028421898672756162,1,3388.367664788314,0.62857142857142856,0.00041438801721049856,True,0.55645165507968697,300,platt,300,0,0.0020179704408300877,0.14084397916683494,252,0,False,20250610,0.52302085571214785,399
20250618,-0.00036421316343152949,0,3387.57435129953,0.61295549644779235,-0.0078789932249344607,True,0.55728970522538246,300,platt,300,0,-0.002585933495958002,0.14084397916683494,252,0,True,20250617,0.61295549644779235,402
20250619,0.00055970350189870472,1,3363.9899837333023,0.62857142857142856,-0.0006581584733056367,False,0.55647497594818529,300,platt,300,0,0.0039739256531208557,0.14084397916683494,252,0,False,20250617,0.50508769704786538,402
20250620,0.00021666603022403629,1,3360.6233751982859,0.59999999999999998,0.0064544271229396433,True,0.55458306458099349,300,platt,300,0,0.0015734457005471781,0.1377016252602101,252,0,False,20250617,0.52323232484032933,402
20250623,0.00066670863689577192,1,3383.8361296590874,0.61111111111111116,0.011528451657058847,True,0.55742116547256793,300,platt,300,0,0.0049981759089257035,0.13339039062334099,252,0,False,20250617,0.44917466393873101,402
20250624,-0.00069161039495755511,0,3418.2003009977611,0.6216216216216216,0.01035138629104071,False,0.56019609773012324,300,platt,300,0,-0.0051848592070659651,0.13339039062334099,252,0,False,0,0,0
20250625,-0.00065155885925834308,0,3453.7218297835566,0.60526315789473684,-0.0021760004185217285,True,0.55776527960918099,300,platt,300,0,-0.0048846011786424113,0.13339039062334099,252,0,False,0,0,0
20250626,0.00025970047056062494,1,3449.3489649706862,0.61538461538461542,-0.0070253812912187685,False,0.56058575054684967,300,platt,300,0,0.001946920384197315,0.13339039062334099,252,0,False,20250623,0.50361023947185224,402
20250627,0.00065741309555677097,1,3426.4778314747355,0.59999999999999998,0.0058988208929040553,True,0.5581379315156505,300,platt,300,0,0.0049284891699067799,0.13339039062334099,252,0,False,20250623,0.37064341157520353,402
20250630,0.0004445521223180285,1,3445.9568267106465,0.6097560975609756,0.0038676405145752213,True,0.55759799115332453,300,platt,300,0,0.0032283723701733613,0.1377016252602101,252,0,False,20250623,0.45613630939414851,402
20250701,0.00030077367057818218,1,3458.7873993774306,0.61904761904761907,-0.00085460262366199302,False,0.55703604165594356,300,platt,300,0,0.0021842419797865158,0.1377016252602101,252,0,False,20250623,0.53538576004541338,402
20250702,0.00021670740916799339,1,3455.5410791102167,0.60465116279069764,0.0018404000194049974,True,0.55460948765983809,300,platt,300,0,0.0015737461976827705,0.1377016252602101,252,0,False,20250623,0.50288324006390828,402
20250703,0.00026110759334546359,1,3462.054332703372,0.61363636363636365,0.0032268460089543982,True,0.5540586972713496,300,platt,300,0,0.00195746929089339,0.13339039062334099,252,0,False,20250702,0.480226661561163,405
20250704,0.00065011718644563266,1,3474.5766143887454,0.62222222222222223,0.00023266870165628006,True,0.55683008173193305,300,platt,300,0,0.0048737932575772334,0.13339039062334099,252,0,False,20250702,0.51405405372839597,405
20250707,-0.00018656528185508956,0,3472.4791350636701,0.63043478260869568,0.0070104546418701119,False,0.5562831516124469,300,platt,300,0,-0.0013986410938843438,0.13339039062334099,252,0,False,0,0,0
20250708,-0.00037349518694693965,0,3496.1690098089844,0.61702127659574468,-0.001265427092508653,True,0.55385470211940913,300,platt,300,0,-0.0029283732803295571,0.12754357153023427,252,0,False,0,0,0
20250709,-0.00033328033285289264,0,3491.8853352999686,0.625,0.0047615414553958679,False,0.55663928398325069,300,platt,300,0,-0.0024985332998535685,0.13339039062334099,252,0,False,0,0,0
20250710,-0.00051802173796939243,0,3507.8637085342443,0.61224489795918369,0.00014115239734846519,False,0.55750499306278722,300,platt,300,0,-0.0040615276156556043,0.12754357153023427,252,0,False,0,0,0
20250711,-0.0007098047347791728,0,3507.6856596035259,0.59999999999999998,0.0026986102012171997,False,0.55829349409397389,300,platt,300,0,-0.0055651941235698677,0.12754357153023427,252,0,False,0,0,0
20250714,-0.00027583882474886462,0,3518.6789439356403,0.58823529411764708,-0.0041626300434777219,True,0.5556005290849011,300,platt,300,0,-0.002162702686144216,0.12754357153023427,252,0,False,0,0,0
20250715,-0.00064096388467487755,0,3502.7522223533711,0.59615384615384615,-0.0003486163818372523,True,0.55518174172994827,300,platt,300,0,-0.0050254503381453198,0.12754357153023427,252,0,False,0,0,0
20250716,0.00025980824987734054,1,3504.6872101443491,0.60377358490566035,0.0037241526422531201,True,0.55801577522077861,300,platt,300,0,0.0025945467703060118,0.1001362753798798,252,0,False,20250704,0.47937972628061581,399
20250717,-0.00020680378476444319,0,3516.0982071762437,0.61111111111111116,0.0050207779714972478,False,0.55754635687524956,300,platt,300,0,-0.0020652234565336739,0.1001362753798798,252,0,False,0,0,0
20250718,-0.00020047891358446719,0,3533.7741107482211,0.59999999999999998,0.0071604537772953503,False,0.55827411871778265,300,platt,300,0,-0.0020190173800535829,0.099295288671138959,252,0,False,0,0,0
20250721,0.00020271418443899784,1,3560.5128201698813,0.58181818181818179,0.0061997737395385055,True,0.55943413762905958,300,platt,300,0,0.0020415287286225342,0.099295288671138959,252,0,False,20250704,0.46661953600222661,399
20250722,-0.00041909014697244512,0,3580.359977305166,0.59999999999999998,0.00012197569581906542,False,0.56166147752586781,300,platt,300,0,-0.0042206448320065895,0.099295288671138959,252,0,False,0,0,0
20250723,-0.00039532039312717079,0,3580.8818445463412,0.59999999999999998,0.00654018733226569,False,0.56160767640168008,300,platt,300,0,-0.0039812603238050118,0.099295288671138959,252,0,False,0,0,0
20250724,0.00035344520425767423,1,3607.0013268806683,0.58181818181818179,-0.0033478963700773745,False,0.56282654527731146,300,platt,300,0,0.0035296420095198718,0.1001362753798798,252,0,False,20250721,0.41793453041405271,395
20250725,0.00026609759718927923,1,3594.6115630404565,0.59999999999999998,0.0011914331349476281,True,0.55809030594076825,300,platt,300,0,0.0026573546517463711,0.1001362753798798,252,0,False,20250721,0.46906343579152293,395
20250728,0.00032512143870464617,1,3599.1066664212963,0.66666666666666674,0.0032725421060051385,True,0.55412631127656053,300,platt,300,0,0.002686724719718237,0.12101032767463515,252,0,False,20250721,0.5781574741472405,395
20250729,-0.00034173823742353121,0,3608.4777236227301,0.61674673795005219,0.0016636787545862841,False,0.56038417134278384,300,platt,300,0,-0.0028240419143593693,0.12101032767463515,252,0,True,20250721,0.61674673795005219,395
20250730,-0.00057021191105025427,0,3613.6549752706769,0.73333333333333339,-0.011756590332422823,True,0.55076468407547685,300,platt,300,0,-0.0047120929428718155,0.12101032767463515,252,0,False,0,0,0
20250731,-0.00064200855866312738,0,3570.9141697537148,0.62942226194295914,-0.0037099433500684675,True,0.55641854166792404,300,platt,300,0,-0.0050336410605448583,0.12754357153023427,252,0,True,20250729,0.62942226194295914,394
20250801,0.00045605143585514382,1,3561.5753211299648,0.66666666666666674,0.0065610438882908184,True,0.55450268880915543,300,platt,300,0,0.0035756520723354262,0.12754357153023427,252,0,False,20250729,0.44013148268379831,394
20250804,0.00054135218368457411,1,3585.248632043696,0.66666666666666674,0.0095690329563560272,True,0.55450268880915543,300,platt,300,0,0.0040584046658443994,0.13339039062334099,252,0,False,20250729,0.51217532154876921,394
20250805,-0.00046906407167650121,0,3615.9007149400572,0.73333333333333339,0.0045326489601829056,False,0.55077472051048071,300,platt,300,0,-0.0034063800684278542,0.1377016252602101,252,0,False,0,0,0
20250806,-0.00030048157007194474,0,3632.902951506815,0.73333333333333339,0.0015607341661376672,False,0.5507747205104806,300,platt,300,0,-0.0022526478006982139,0.13339039062334099,252,0,False,0,0,0
20250807,0.00033296647288392995,1,3640.8784869502756,0.6333333333333333,-0.0012469548721852908,False,0.5526594436398935,300,platt,300,0,0.0024961803569804272,0.13339039062334099,252,0,False,20250804,0.52534236885775276,392
20250808,-0.00029377551244803997,0,3634.060188379608,0.73333333333333339,0.0034162757565545654,False,0.54061471170246445,300,platt,300,0,-0.0022023738822205263,0.13339039062334099,252,0,False,0,0,0
20250811,0.00040079001865931421,1,3649.0086003099536,0.6333333333333333,0.0050365359270108101,True,0.54553630797036023,300,platt,300,0,0.0030046393655974719,0.13339039062334099,252,0,False,20250804,0.47196135280153373,392
20250812,0.00030904704582591398,1,3667.0506410354265,0.6333333333333333,0.0047865504454724928,True,0.54900857043272522,300,platt,300,0,0.0023168613899525992,0.13339039062334099,252,0,False,20250804,0.55196960481803059,392
20250813,0.0003326549421092245,1,3684.6901227698054,0.6333333333333333,-0.0046212468217424751,False,0.55240423487162604,300,platt,300,0,0.0024157662734961751,0.1377016252602101,252,0,False,20250804,0.55484516909828141,392
20250814,-0.00061949968428777643,0,3664.1712399668409,0.625,0.0082717509337253414,False,0.54982579304503565,300,platt,300,0,-0.0046442602153934677,0.13339039062334099,252,0,False,0,0,0
20250815,0.00061083258654040463,1,3699.0286078863614,0.6166666666666667,0.0084551637706480332,True,0.5472532984373587,300,platt,300,0,0.004789207164357997,0.12754357153023427,252,0,False,20250813,0.43298178448892827,390
20250818,0.00062987578050460356,1,3730.3754941053298,0.625,-0.00019833545746850145,False,0.54979839803332409,300,platt,300,0,0.0047220476494682839,0.13339039062334099,252,0,False,20250813,0.42225082764991806,390
20250819,0.00039444251610871734,1,3728.7581008175371,0.6166666666666667,0.01044257944228022,True,0.54721430808871296,300,platt,300,0,0.0030926099322474638,0.12754357153023427,252,0,False,20250813,0.4460731504897365,390
20250820,0.00081078545433596421,1,3769.2639886102888,0.6166666666666667,0.0012979890873860978,True,0.55056984069471082,300,platt,300,0,0.0067001343597378931,0.12101032767463515,252,0,False,20250813,0.39762970050717933,390
20250821,0.00038827730331639031,1,3772.5631321114311,0.6166666666666667,0.014494528372088089,True,0.550572473225308,300,platt,300,0,0.0032086294680596645,0.12101032767463515,252,0,False,20250813,0.4246876614810432,390
20250822,0.00072245261650816326,1,3828.5231297441701,0.6166666666666667,0.015108765862734019,True,0.5538899128801642,300,platt,300,0,0.0056643593074928557,0.12754357153023427,252,0,False,20250821,0.43992124037622615,393
20250825,-0.00060609562693948716,0,3881.2078902366807,0.625,-0.0039087057635778244,True,0.55311597346161956,300,platt,300,0,-0.0045437727868339493,0.13339039062334099,252,0,False,0,0,0
20250826,-0.00040191947215895694,0,3866.8272219484511,0.625,-0.017586706793693008,True,0.5531335848080623,300,platt,300,0,-0.0030131066434453341,0.13339039062334099,252,0,False,0,0,0
20250827,0.0012750703689705454,1,3805.1956135492105,0.625,0.011379873205885627,True,0.55314497915385352,300,platt,300,0,0.00925966099936067,0.1377016252602101,252,0,False,20250821,0.44428004864864384,393
20250828,0.0013148125662281118,1,3848.651010161042,0.625,0.0037282780969722928,True,0.55315608134565275,300,platt,300,0,0.0088348189228623728,0.14882167678906186,252,0,False,20250821,0.46010006902140121,393
20250829,0.00044275400251573638,1,3859.6355127977654,0.625,0.0045628126646448663,True,0.55316687828777189,300,platt,300,0,0.0029750639293178427,0.14882167678906186,252,0,False,20250828,0.5434031938718028,393
20250901,0.00041444883061452197,1,3877.1366090422912,0.625,-0.0044889339534015527,False,0.5531721562737999,300,platt,300,0,0.0026430594185408774,0.1568064749915164,252,0,False,20250828,0.48979612781122234,393
20250902,-0.00092878543329492696,0,3854.5500218983716,0.6166666666666667,-0.011553981000242297,True,0.55388540085202742,300,platt,300,0,-0.0059231318945545865,0.1568064749915164,252,0,False,0,0,0
20250903,0.0012194757574790559,1,3818.2071398234743,0.625,-0.0125029480354375,False,0.55317099270398995,300,platt,300,0,0.0077769477156159044,0.1568064749915164,252,0,False,20250828,0.49535908214367741,393
20250904,0.001203263125145162,1,3770.4072396043425,0.625,0.012384476078991291,True,0.55317099270398995,300,platt,300,0,0.0080852678931353089,0.14882167678906186,252,0,False,20250828,0.42904206437360443,393
20250905,0.0011576900216009013,1,3816.9280097623205,0.625,0.0037577301677269581,True,0.55317623650507441,300,platt,300,0,0.0077790416462098985,0.14882167678906186,252,0,False,20250904,0.34630690851752899,392
20250908,-0.00049923292982717961,0,3824.9302151053571,0.625,-0.0051082345810736784,True,0.55651037279152815,300,platt,300,0,-0.003183752009310772,0.1568064749915164,252,0,False,0,0,0
20250909,0.00072954335470705358,1,3810.069884796892,0.6333333333333333,0.0012945945862889996,True,0.55582383011653391,300,platt,300,0,0.004652507842845926,0.1568064749915164,252,0,False,20250904,0.45197536390033621,392
20250910,-0.0005588088216381573,0,3810.090897163404,0.64166666666666672,0.016548934778496172,False,0.55518400154480996,300,platt,300,0,-0.0035636846097611098,0.1568064749915164,252,0,False,0,0,0
20250911,-0.0013173720534761749,0,3870.2041756978665,0.6333333333333333,-0.0012156448721230007,True,0.55251228349804105,300,platt,300,0,-0.0084012605573044602,0.1568064749915164,252,0,False,0,0,0
20250912,0.00043739367165792563,1,3872.2913752456893,0.64166666666666672,-0.0026080721781933658,False,0.55183995470700586,300,platt,300,0,0.0027893852704844596,0.1568064749915164,252,0,False,20250909,0.56787881813896879,393
20250915,-0.00038920892817278526,0,3859.0010575316369,0.6333333333333333,0.00035267419514894982,False,0.55250511087298926,300,platt,300,0,-0.0024829681812019895,0.15675147636582745,252,0,False,0,0,0
20250916,0.00058922935188095204,1,3864.140624269925,0.6333333333333333,0.0037483960793969207,True,0.54916738851990166,300,platt,300,0,0.0039592978966103099,0.14882167678906186,252,0,False,20250909,0.43776062065875365,393
20250917,0.0005203879463692207,1,3878.3581010803787,0.64166666666666672,-0.011527546506552189,False,0.55184131287550287,300,platt,300,0,0.0034967214292768159,0.14882167678906186,252,0,False,20250909,0.50764898450809204,393
20250918,-0.0015544534390645435,0,3825.7000688425969,0.6333333333333333,-0.0030187468280687968,True,0.5525195019350807,300,platt,300,0,-0.010445074081968637,0.14882167678906186,252,0,False,0,0,0
20250919,0.00051433913833067758,1,3822.0542214903421,0.64166666666666672,0.0022216757544992749,True,0.55184206393203483,300,platt,300,0,0.0032812395152841184,0.15675147636582745,252,0,False,20250917,0.33419343042716021,395
20250922,0.0004161520584942197,1,3830.1696699499621,0.65000000000000002,-0.0017614118918979349,False,0.55117873283839747,300,platt,300,0,0.0026548525611522901,0.15675147636582745,252,0,False,20250917,0.46774695840796998,395
20250923,0.00099547561460204981,1,3825.6372412559385,0.64166666666666672,0.0083231011132434141,True,0.54842415308064241,300,platt,300,0,0.0066890498486522603,0.14882167678906186,252,0,False,20250917,0.50065938602892457,395
20250924,0.00082747576274554678,1,3856.8309955187933,0.64166666666666672,-8.8254171598967091e-05,False,0.54842415308064241,300,platt,300,0,0.0052770509814107818,0.1568064749915164,252,0,False,20250917,0.50826962267857223,395
20250925,-0.00039709620117876017,0,3851.7719683740956,0.64166666666666672,-0.0065388332775672131,True,0.54842415308064241,300,platt,300,0,-0.0026682685597045099,0.14882167678906186,252,0,False,0,0,0
20250926,0.0004469158101096567,1,3829.8168410941762,0.65000000000000002,0.0089928805524193134,True,0.54754373838574089,300,platt,300,0,0.0030030289924975785,0.14882167678906186,252,0,False,20250924,0.376119008842355,397
20250929,0.0011139187286766706,1,3866.8342464007369,0.65000000000000002,0.0052415621598651541,True,0.55100069105838101,300,platt,300,0,0.0074849225778817578,0.14882167678906186,252,0,False,20250924,0.35734042239137859,397
20250930,-0.00034690394844036809,0,3881.4304491890248,0.65000000000000002,0.013185149372714422,False,0.55442828792670129,300,platt,300,0,-0.0022123062740817077,0.1568064749915164,252,0,False,0,0,0
20251009,0.00081752623890748457,1,3937.1885256601377,0.64166666666666672,-0.0093910928302395336,False,0.55508121173966396,300,platt,300,0,0.0052136000056867207,0.1568064749915164,252,0,False,20250924,0.40369169435823965,397
20251010,0.00075849356203598389,1,3899.983970724923,0.6333333333333333,-0.0019311895646839661,False,0.55578699726778613,300,platt,300,0,0.0048371316431736651,0.1568064749915164,252,0,False,20250924,0.34947690969621698,397
20251013,0.0015540007798031073,1,3895.5464894518459,0.6333333333333333,-0.0062407214990133353,False,0.55247511209601663,300,platt,300,0,0.009910310016771836,0.1568064749915164,252,0,False,20251010,0.39002571130921382,401
20251014,0.0010747938326187555,1,3869.3832241833798,0.625,0.012154674720557868,True,0.55322906219253831,300,platt,300,0,0.0068542694597076076,0.1568064749915164,252,0,False,20251010,0.44154825769501083,401
20251015,0.00083809657377148061,1,3915.4883093778262,0.6333333333333333,0.0010271689182290711,True,0.55226032387439039,300,platt,300,0,0.0056315490582691738,0.14882167678906186,252,0,False,20251010,0.3591841843051366,401
20251016,-0.00048867105249204715,0,3914.3142527414411,0.6333333333333333,-0.019527131719603741,True,0.55220733273486855,300,platt,300,0,-0.0032836013075211072,0.14882167678906186,252,0,False,0,0,0
20251017,0.0013057940761885519,1,3844.7692297247531,0.64166666666666672,0.0062861557870628193,True,0.55477686280948513,300,platt,300,0,0.0090242771715773797,0.14469791334659421,252,0,False,20251010,0.49348960752562426,401
20251020,0.00040482196530381115,1,3865.4567885960555,0.64166666666666672,0.013571702277646036,True,0.5581065255961204,300,platt,300,0,0.0027977042373385375,0.14469791334659421,252,0,False,20251017,0.50879647425074781,405
20251021,-0.00071192626948873557,0,3913.5440602267754,0.64166666666666672,-0.0006574008200835868,True,0.55816612757445494,300,platt,300,0,-0.0051700643920754939,0.1377016252602101,252,0,False,0,0,0
20251022,-0.00036962683826405671,0,3912.31097015258,0.63044252397103395,0.0022107909800035408,False,0.56262793870615702,300,platt,300,0,-0.0025544724848843626,0.14469791334659421,252,0,True,20251017,0.63044252397103395,405
20251023,0.00073091529754316085,1,3925.2770495453278,0.65000000000000002,0.0071133306535182683,True,0.55740803617151302,300,platt,300,0,0.0049113496992723169,0.14882167678906186,252,0,False,20251017,0.53454090099623675,405
20251024,0.00033494071012926153,1,3951.6346201390411,0.65000000000000002,0.011804891842073895,True,0.56083749343875644,300,platt,300,0,0.0021360132618718879,0.1568064749915164,252,0,False,20251017,0.55288283103799252,405
20251027,0.00057132994322769948,1,3999.2280740742694,0.65833333333333333,-0.0021818166351822432,False,0.56343833588009484,300,platt,300,0,0.0036435354041254339,0.1568064749915164,252,0,False,20251024,0.42689729627071338,409
20251028,-0.00052742114957270213,0,3986.1204263659088,0.65833333333333333,0.0070475230841477998,False,0.56347476445535627,300,platt,300,0,-0.0033635163956159137,0.1568064749915164,252,0,False,0,0,0
20251029,-0.00047539955737607188,0,4014.4216380203243,0.65833333333333333,-0.0073276331059367594,True,0.56007422607278434,300,platt,300,0,-0.0028960289683580553,0.16415566369338025,252,0,False,0,0,0
20251030,0.00072205968074116639,1,3989.7795803187946,0.65833333333333333,-0.0080540754864028008,False,0.56030421879327652,300,platt,300,0,0.0040611487408343449,0.1777969059544523,252,0,False,20251024,0.50307754733867793,409
20251031,0.00058825795145730901,1,3957.1164366638441,0.65000000000000002,0.0054947797481028626,True,0.56084657651725323,300,platt,300,0,0.0035835373463330043,0.16415566369338025,252,0,False,20251024,0.45950673181748014,409
20251103,0.00074791331569364658,1,3979.4947927816611,0.65000000000000002,-0.0041077869907730769,False,0.56092389022238598,300,platt,300,0,0.0041005042636251422,0.18239544885448727,252,0,False,20251031,0.4194494247171171,412
20251104,0.00085996843707039845,1,3963.5916349649287,0.65000000000000002,0.0022883521127543549,True,0.55747400941058223,300,platt,300,0,0.0048368020379989272,0.1777969059544523,252,0,False,20251031,0.44358169647144091,412
20251105,0.0010356621031335459,1,3973.3591000422375,0.65000000000000002,0.0097024920310477825,True,0.55755175180282346,300,platt,300,0,0.0058249725864119367,0.1777969059544523,252,0,False,20251031,0.39018610903302325,412
20251106,0.00065303781700110281,1,4010.3771187761604,0.65000000000000002,-0.0025461106090711727,False,0.56099824513152363,300,platt,300,0,0.0035803405244068777,0.18239544885448727,252,0,False,20251031,0.4304423013452493,412
20251107,-0.00032971189162550309,0,3996.2376583482746,0.65000000000000002,0.0052635914491447888,False,0.56091820353005784,300,platt,300,0,-0.0018544298611696207,0.1777969059544523,252,0,False,0,0,0
20251110,0.00050081419179919917,1,4020.609770508885,0.65000000000000002,-0.0039415744379656115,False,0.55752261278526727,300,platt,300,0,0.0028167767549762473,0.1777969059544523,252,0,False,20251106,0.49339962876061699,414
20251111,-0.00060323197119729248,0,4000.343008642727,0.64166666666666672,-0.00065404909855149018,True,0.5582431600498593,300,platt,300,0,-0.0033928147847062501,0.1777969059544523,252,0,False,0,0,0
20251112,0.00070190094142174924,1,4002.9473017510586,0.64166666666666672,0.0073401438289804055,True,0.55828032531418836,300,platt,300,0,0.0039477680314727245,0.1777969059544523,252,0,False,20251106,0.47753449948235133,414
20251113,0.00062527183278573268,1,4032.0207336005365,0.64166666666666672,-0.0096808756379077598,False,0.56161998464213259,300,platt,300,0,0.0035167756684467487,0.1777969059544523,252,0,False,20251106,0.49386416016880441,414
20251114,0.00077698343199163568,1,3993.5926462471939,0.6333333333333333,-0.0046253192682677025,False,0.55911908061566884,300,platt,300,0,0.0043700616038317448,0.1777969059544523,252,0,False,20251106,0.55953473219520267,414
20251117,-0.00059663240398425061,0,3969.664955328567,0.59999999999999998,-0.0081121394001885117,True,0.56263113491372796,300,platt,300,0,-0.0033556962129425065,0.1777969059544523,252,0,False,0,0,0
20251118,-0.00072536098927370655,0,3936.9553132722303,0.59999999999999998,0.0017587890146362195,False,0.56261516853372906,300,platt,300,0,-0.004079716603502247,0.1777969059544523,252,0,False,0,0,0
20251119,0.00053852737394278506,1,3948.8678288203009,0.64166666666666672,-0.0039757345196890226,False,0.55500530732446851,300,platt,300,0,0.0030288905819359085,0.1777969059544523,252,0,False,20251114,0.45912265207402569,418
20251120,-0.00068964783036954715,0,3928.3401590688486,0.59999999999999998,-0.024461752113531299,True,0.55581826808926293,300,platt,300,0,-0.0042011820661741681,0.16415566369338025,252,0,False,0,0,0
20251121,-0.0014999261427554218,0,3829.138747034468,0.59999999999999998,0.00048885355483907489,False,0.55927919270002124,300,platt,300,0,-0.0082234844793306408,0.18239544885448727,252,0,False,0,0,0
20251124,-0.00065937449084235288,0,3834.2356347019563,0.59999999999999998,0.008668056465791274,False,0.55930709590669303,300,platt,300,0,-0.0040167635767595078,0.16415566369338025,252,0,False,0,0,0
20251125,-0.00061016502782400435,0,3867.6614474305588,0.65000000000000002,-0.0015086216029528421,True,0.5540245006241038,300,platt,300,0,-0.0038911979103988894,0.1568064749915164,252,0,False,0,0,0
20251126,0.00035216968421196161,1,3865.5452485998849,0.65000000000000002,0.0028660640522226721,True,0.55420058014704032,300,platt,300,0,0.0019807413538578665,0.1777969059544523,252,0,False,20251119,0.39584504849007995,418
20251127,0.00058954009097324602,1,3877.5440207792208,0.65000000000000002,0.0034415244564016678,True,0.5543992112170526,300,platt,300,0,0.003315806244256429,0.1777969059544523,252,0,False,20251119,0.36987539656143903,418
20251128,0.0006085350522509012,1,3890.9625470917495,0.65000000000000002,0.0065344660883019934,True,0.55461835192158226,300,platt,300,0,0.0034226414064077956,0.1777969059544523,252,0,False,20251119,0.36889722419486892,418
20251201,0.00044803788688663215,1,3915.7597230223059,0.65000000000000002,-0.0041631258571620533,False,0.55478556249938848,300,platt,300,0,0.0024564093550605583,0.18239544885448727,252,0,False,20251119,0.55946871790838637,418
20251202,0.00041392359730353228,1,3899.3249548067238,0.64166666666666672,-0.0050573264579144572,False,0.55211869135013225,300,platt,300,0,0.0021471875793123833,0.19277477258697978,252,0,False,20251119,0.564233800407137,418
20251203,0.0006492345907640625,1,3880.5173314832891,0.64166666666666672,-0.00056892734078684004,False,0.55204171545765746,300,platt,300,0,0.0033513062870726071,0.19372582961707571,252,0,False,20251202,0.37220767840823016,421
20251204,0.00062448730801723884,1,3878.2136837243479,0.6333333333333333,0.0069700053405841178,True,0.55270888207888347,300,platt,300,0,0.003223562440029908,0.19372582961707571,252,0,False,20251202,0.42993459120525757,421
20251205,0.00092562108295659825,1,3906.4201209972834,0.6333333333333333,0.0054499740135793839,True,0.55275692142833088,300,platt,300,0,0.0047779951944777249,0.19372582961707571,252,0,False,20251202,0.34643983377102522,421
20251208,0.00069287096235897501,1,3926.7966795616576,0.64166666666666672,-0.0037094575443942235,False,0.55205115289377582,300,platt,300,0,0.003374115715898371,0.2053489034458012,252,0,False,20251202,0.42733892119321931,421
20251209,0.00064929200072674298,1,3912.060021101549,0.6333333333333333,-0.002308620062362654,False,0.55275758819456011,300,platt,300,0,0.0023334224920078081,0.27825736785799798,252,0,False,20251202,0.40823661932621558,421
20251210,0.00088586685265372857,1,3903.9513201153086,0.6333333333333333,-0.0069679343345052658,False,0.54944751966220273,300,platt,300,0,0.0031836240652783347,0.27825736785799798,252,0,False,20251209,0.37289717252906385,425
20251211,0.0013191817155441331,1,3878.4272097564153,0.625,0.0041380804920310155,True,0.54685566859349366,300,platt,300,0,0.0045644605298854586,0.2890115287243456,252,0,False,20251209,0.37225902441903747,425
20251212,0.0012842919681666917,1,3894.3407554439332,0.6333333333333333,-0.005508587215582228,False,0.54613658745129645,300,platt,300,0,0.0044437395761870386,0.2890115287243456,252,0,False,20251209,0.39821686334222117,425
20251215,-0.0010064335980117846,0,3864.0280944517881,0.6333333333333333,-0.011145264113337938,True,0.54612531548798082,300,platt,300,0,-0.0036169162590706096,0.27825736785799798,252,0,False,0,0,0
20251216,0.0014217283035445223,1,3830.249743333964,0.6333333333333333,0.011887015934038514,True,0.54945026869647218,300,platt,300,0,0.005109400388887699,0.27825736785799798,252,0,False,20251209,0.42489960388340814,425
20251217,0.0019687325773877725,1,3877.8970413977813,0.6333333333333333,0.0015743057183883469,True,0.55276337863276837,300,platt,300,0,0.007075221736419458,0.27825736785799798,252,0,False,20251216,0.3817089838925285,427
20251218,-0.00098233191007222084,0,3872.5626175625871,0.6333333333333333,0.0036314898176013077,False,0.55608671864377235,300,platt,300,0,-0.0035302997280328282,0.27825736785799798,252,0,False,0,0,0
20251219,0.00092894658917313741,1,3894.0615179354822,0.625,0.0069185614251316974,True,0.55693193701707011,300,platt,300,0,0.0033384438166870144,0.27825736785799798,252,0,False,20251216,0.34154590576717148,427
20251222,0.00060570345182076382,1,3919.7365607756979,0.6333333333333333,0.00066748970315178013,True,0.55608301792898662,300,platt,300,0,0.002095776090643338,0.2890115287243456,252,0,False,20251216,0.45110586818871906,427
20251223,0.00078730030850022862,1,3923.0648003610941,0.6333333333333333,0.0053491108344316807,True,0.55611026330165692,300,platt,300,0,0.0028293960895296351,0.27825736785799798,252,0,False,20251216,0.42843351694186832,427
20251224,0.0010349119630970458,1,3945.0255331962312,0.6333333333333333,0.0047384803703272027,True,0.55612817102090684,300,platt,300,0,0.0037192616715370805,0.27825736785799798,252,0,False,20251223,0.39488300429194229,429
20251225,0.00082968111993791081,1,3962.9063228687778,0.64166666666666672,0.001024795023948144,True,0.55533918665248316,300,platt,300,0,0.002981704047316795,0.27825736785799798,252,0,False,20251223,0.48638612730291975,429
20251226,0.00098982558878679011,1,3967.6022508009542,0.64166666666666672,0.00040384199638365814,True,0.55538650461298955,300,platt,300,0,0.0034248654133478161,0.2890115287243456,252,0,False,20251223,0.58667286429481136,429
20251229,0.00083139685882944829,1,3968.5763210038199,0.64166666666666672,-4.1283343550357898e-05,False,0.55872875087675711,300,platt,300,0,0.0028766909835711806,0.2890115287243456,252,0,False,20251223,0.51280823007446596,429
20251230,0.0010014573249952235,1,3969.0867943625099,0.6333333333333333,0.00093924114551113824,True,0.55958271741594701,300,platt,300,0,0.0034651120300131589,0.2890115287243456,252,0,False,20251223,0.52886237638646127,429
20251231,0.00065234489412474442,1,3971.4291525748322,0.6333333333333333,0.013751272065609443,True,0.56291483787925356,300,platt,300,0,0.0023443939657247568,0.27825736785799798,252,0,False,20251230,0.44052686700434146,433
20260105,-0.0012658630328070753,0,4018.3236055338916,0.64166666666666672,0.014974958969574237,False,0.56228086799677324,300,platt,300,0,-0.004379974177481461,0.2890115287243456,252,0,False,0,0,0
20260106,0.0017942132955246623,1,4090.9941699847377,0.6333333333333333,0.00051549254552374357,True,0.56291554689902246,300,platt,300,0,0.0062081028512739819,0.2890115287243456,252,0,False,20251230,0.37086006284891282,433
20260107,-0.00084609631092063273,0,4082.3153431297087,0.6333333333333333,-0.00068371406796219336,True,0.5629312037431361,300,platt,300,0,-0.0030406968822921441,0.27825736785799798,252,0,False,0,0,0
20260108,0.00075193045375206429,1,4086.0489161017435,0.6333333333333333,0.009171539171352272,True,0.56626704263740146,300,platt,300,0,0.002774072743173529,0.27105650188965796,252,0,False,20251230,0.35563633020595914,433
20260109,0.0010933022061659305,1,4124.9308708361432,0.64166666666666672,0.010887466490115294,True,0.56563676967499599,300,platt,300,0,0.003929104248279496,0.27825736785799798,252,0,False,20260108,0.38217320485600764,434
20260112,0.0014323079666376823,1,4171.2529737534323,0.65000000000000002,-0.0063689488863553079,False,0.56503402686111126,300,platt,300,0,0.0049558852304601103,0.2890115287243456,252,0,False,20260108,0.44637816147875764,434
20260113,-0.0015925571380376925,0,4132.1672906082104,0.65000000000000002,-0.0030601688888104439,True,0.5616452498159068,300,platt,300,0,-0.0055103585143021997,0.2890115287243456,252,0,False,0,0,0
20260114,0.0026006614044749286,1,4136.823771336507,0.65000000000000002,-0.0032699212901928787,False,0.56175247754916779,300,platt,300,0,0.0089984694242263123,0.2890115287243456,252,0,False,20260108,0.36603505166177253,434
20260115,0.001042983985846321,1,4116.8905771917725,0.64166666666666672,-0.0025989634005845197,False,0.56231824160235666,300,platt,300,0,0.0037482708683515722,0.27825736785799798,252,0,False,20260108,0.39965201595967681,434
20260116,0.0013952932126402738,1,4107.6360709491528,0.64166666666666672,0.0029467716365587648,True,0.55899649925614614,300,platt,300,0,0.0050143980854168374,0.27825736785799798,252,0,False,20260115,0.37805204204137954,438
20260119,0.0010205904398337354,1,4118.1988091715348,0.64166666666666672,-8.5342730059667637e-05,False,0.55902491062938153,300,platt,300,0,0.0037652313547866813,0.27105650188965796,252,0,False,20260115,0.32772638772020901,438
20260120,0.0013976950230419755,1,4119.3986267338414,0.6333333333333333,0.00080001964192844,True,0.5596616176098379,300,platt,300,0,0.0050230297001704399,0.27825736785799798,252,0,False,20260115,0.42888325392261273,438
20260121,0.00090709751294833262,1,4120.6744660349577,0.6333333333333333,0.0013689779302104021,True,0.56300134040538097,300,platt,300,0,0.0033465255643179335,0.27105650188965796,252,0,False,20260115,0.48900082041105997,438
20260122,0.00088648502709206905,1,4126.2306018970485,0.6333333333333333,0.0032960459673758713,True,0.56300825871938331,300,platt,300,0,0.0031858456576232172,0.27825736785799798,252,0,False,20260115,0.33192364641411876,438
20260123,0.00065448566635431667,1,4138.8712601825882,0.6333333333333333,-0.00086045906978260422,False,0.56634734467420811,300,platt,300,0,0.0024145728355217449,0.27105650188965796,252,0,False,20260122,0.39310818542527853,439
20260126,0.00083738819443750126,1,4136.065794806751,0.625,0.0017661740347225674,True,0.56363872203240895,300,platt,300,0,0.0037241352656139219,0.22485439832687126,252,0,False,20260122,0.38417805939992106,439
20260127,0.0013124936255128684,1,4145.3376977414846,0.6333333333333333,0.0027376721117766678,True,0.56302182709853321,300,platt,300,0,0.005837082286488761,0.22485439832687126,252,0,False,20260122,0.42200876675043048,439
20260128,-0.00088680616725409021,0,4147.5564567172214,0.64166666666666672,0.001625226095214316,False,0.56575419596395315,300,platt,300,0,-0.0032716653578562468,0.27105650188965796,252,0,False,0,0,0
20260129,-0.00072196867383885995,0,4154.9825654446922,0.6333333333333333,-0.0096289199731262043,True,0.56302466175350308,300,platt,300,0,-0.0032446610556607137,0.22250973567155682,252,0,False,0,0,0
20260130,0.0020117535411210167,1,4126.2318956664512,0.6333333333333333,-0.024818479963173989,False,0.56636355141313222,300,platt,300,0,0.0090411933439646652,0.22250973567155682,252,0,False,20260127,0.51309673823444912,438
20260202,0.0021022663325767207,1,4024.1885684568861,0.625,0.012946908201175278,True,0.56364476110282924,300,platt,300,0,0.0094479746076362413,0.22250973567155682,252,0,False,20260127,0.42980735259966929,438
20260203,0.001880109188289403,1,4075.3856914013431,0.625,0.0084725468668962467,True,0.5636450867908247,300,platt,300,0,0.0069362261195813719,0.27105650188965796,252,0,False,20260127,0.27390198597621296,438
20260204,0.0012048194618151415,1,4107.1444128058965,0.6333333333333333,-0.0064076074264505234,False,0.56631520127662449,300,platt,300,0,0.0043298744291651332,0.27825736785799798,252,0,False,20260127,0.40253745357892612,438
20260205,0.0011558166872228212,1,4080.62771253759,0.625,-0.0025352088279920748,False,0.56365885307727437,300,platt,300,0,0.0041537684918110229,0.27825736785799798,252,0,False,20260127,0.38314793872558867,438
20260206,0.0018370242088581634,1,4073.0519751289316,0.64166666666666672,0.014144661255750091,True,0.56224610466344671,300,platt,300,0,0.0067772740961808088,0.27105650188965796,252,0,False,20260205,0.3475133169232702,442
20260209,0.00089331470042382222,1,4126.7729166401759,0.64166666666666672,0.0012814176708304537,True,0.5655971079506612,300,platt,300,0,0.0030909310239864199,0.2890115287243456,252,0,False,20260205,0.26104687679845828,442
20260210,-0.00049716331896761991,0,4126.3206243276672,0.64166666666666672,0.00087489669962237393,False,0.56890610208145953,300,platt,300,0,-0.0017202196783015049,0.2890115287243456,252,0,False,0,0,0
20260211,0.00059617101357070624,1,4134.4483696855086,0.65000000000000002,0.00049196693598840824,True,0.56824671151124329,300,platt,300,0,0.002062793190991783,0.2890115287243456,252,0,False,20260205,0.404538918978738,442
20260212,0.00048641621860298385,1,4136.0286533059125,0.65000000000000002,-0.01256530632258035,False,0.56831023688741744,300,platt,300,0,0.0016830339632123103,0.2890115287243456,252,0,False,20260205,0.40452717555383388,442
20260213,0.0013188415040912556,1,4087.4562067675934,0.625,0.0086564604460979133,True,0.56701070149215482,300,platt,300,0,0.0045632833745851871,0.2890115287243456,252,0,False,20260212,0.45146068836396125,446
20260224,0.00076113151908520653,1,4120.5427896907522,0.65000000000000002,0.0072428074850665602,True,0.56824400432325073,300,platt,300,0,0.0026335680187040606,0.2890115287243456,252,0,False,20260212,0.33742966994615764,446
20260225,-0.001331912521490824,0,4141.7067517675414,0.64166666666666672,-0.00014453018707305532,True,0.56902571776774025,300,platt,300,0,-0.0046085100043229766,0.2890115287243456,252,0,False,0,0,0
20260226,-0.00073859690548062483,0,4143.5684111013697,0.65000000000000002,0.0039189403658310695,False,0.57165437777077888,300,platt,300,0,-0.0025555966875808831,0.2890115287243456,252,0,False,0,0,0
20260227,0.0010696139831811746,1,4167.3341762627269,0.64166666666666672,0.0047345570610164422,True,0.57226706320713938,300,platt,300,0,0.0038439736256221128,0.27825736785799798,252,0,False,20260212,0.43886965520324278,446
20260302,0.0016134723763756521,1,4189.3393948788307,0.64166666666666672,-0.014324829138799955,False,0.57557268091972369,300,platt,300,0,0.0057984893222990932,0.27825736785799798,252,0,False,20260227,0.40350332459354876,448
20260303,-0.0023194716636013757,0,4113.1135698397911,0.625,-0.009751433292356726,True,0.57374200536420383,300,platt,300,0,-0.0083357061897640847,0.27825736785799798,252,0,False,0,0,0
20260304,0.0015467926230095786,1,4088.7887406668278,0.625,0.0063914675267986443,True,0.57374267661489775,300,platt,300,0,0.0053520101078212822,0.2890115287243456,252,0,False,20260227,0.42855801430914708,448
20260305,0.0010593278569447882,1,4112.9193194752243,0.625,0.0038035159217313375,True,0.57374314172165575,300,platt,300,0,0.0036653480974288659,0.2890115287243456,252,0,False,20260227,0.24301607305488901,448
20260306,-0.0014475478800748491,0,4118.2240317182832,0.6333333333333333,-0.0066902041950501756,True,0.57635786318106652,300,platt,300,0,-0.0045449933127020524,0.31849285147006406,252,0,False,0,0,0
20260309,-0.0019491416205453026,0,4088.6174419542481,0.6333333333333333,0.0064774898944914838,False,0.57969573852662748,300,platt,300,0,-0.0056711472274553398,0.34369441355869862,252,0,False,0,0,0
20260310,0.00092923507110838648,1,4126.9693644326189,0.65000000000000002,0.0024969089077300222,True,0.578288347218326,300,platt,300,0,0.0027036664968942969,0.34369441355869862,252,0,False,20260305,0.32229935966578555,448
20260311,-0.00094870111094472285,0,4129.5117074260143,0.65833333333333333,-0.001047676325038438,True,0.57772299617087552,300,platt,300,0,-0.0024469911959868742,0.38770107244383062,252,0,False,0,0,0
20260312,0.0015903154248603489,1,4135.6691755556112,0.65833333333333333,-0.0081504634929633335,False,0.57788146980391675,300,platt,300,0,0.0040041607793939431,0.39716572647241549,252,0,False,20260305,0.39303722960794873,448
20260313,0.0020108671661529113,1,4103.6839029193216,0.6333333333333333,-0.0026035487932517531,False,0.57642683311318454,300,platt,300,0,0.0050630430375078516,0.39716572647241549,252,0,False,20260305,0.35419350494065022,448
20260316,0.0020019970527950502,1,4092.9635291329,0.625,-0.0085386362242054759,False,0.57708631668692079,300,platt,300,0,0.0051637645471953025,0.38770107244383062,252,0,False,20260305,0.3307133673659568,448
20260317,0.0024685889565621011,1,4059.90485643588,0.625,0.0032289874881827885,True,0.57709229884829638,300,platt,300,0,0.0063672482023369829,0.38770107244383062,252,0,False,20260316,0.265675973922541,449
20260318,0.0017713944639919715,1,4070.1815480734454,0.625,-0.013889322341478882,False,0.58042587648268451,300,platt,300,0,0.0045689697292457393,0.38770107244383062,252,0,False,20260316,0.28450574885634877,449
20260319,-0.002028357396848585,0,3998.4255800064343,0.625,-0.012354662136820127,True,0.57709747517903065,300,platt,300,0,-0.0052317559610115588,0.38770107244383062,252,0,False,0,0,0
20260320,0.003033375903850089,1,3969.0559283104453,0.625,-0.036332546190249171,False,0.58043739674410633,300,platt,300,0,0.0074152181597698678,0.40907439787910843,252,0,False,20260316,0.25876198951136808,449
20260323,0.0049862312179402299,1,3832.2968102388181,0.6166666666666667,0.017831564503121511,True,0.58116386975178613,300,platt,300,0,0.012861019925764135,0.38770107244383062,252,0,False,20260316,0.31592026939624146,449
20260324,0.0034590043107618497,1,3894.7050632135724,0.6166666666666667,0.01302606457349631,True,0.58455161616276707,300,platt,300,0,0.008455685148460625,0.40907439787910843,252,0,False,20260323,0.17690993247186357,450
20260325,-0.0019757449197450499,0,3924.0691920341119,0.65000000000000002,-0.010873796284815884,True,0.58153091051473471,300,platt,300,0,-0.0046818794493597793,0.42199824688250392,252,0,False,0,0,0
20260326,-0.0027447019739068835,0,3878.4091248408618,0.65833333333333333,0.0063357600833204852,False,0.58069030316195958,300,platt,300,0,-0.0065040601333850685,0.42199824688250392,252,0,False,0,0,0
20260327,0.0033648744742986797,1,3926.8929893140753,0.65000000000000002,0.0024434785101594692,True,0.58134402187087508,300,platt,300,0,0.0082255807054761789,0.40907439787910843,252,0,False,20260323,0.27423034322129924,450
20260330,-0.0024011284077943501,0,3913.8665843724825,0.65833333333333333,-0.0080102222450263438,True,0.58415032376372134,300,platt,300,0,-0.0058696619007282454,0.40907439787910843,252,0,False,0,0,0
20260331,0.0027671506616230969,1,3902.6298643575196,0.66666666666666663,0.014566709161338176,True,0.58357279989214983,300,platt,300,0,0.0065572562968337373,0.42199824688250392,252,0,False,20260327,0.28256194103076576,449
20260401,0.0012459183919097216,1,3953.4716736828041,0.67500000000000004,-0.0074120587138764016,False,0.58341949000818183,300,platt,300,0,0.0029524255162524881,0.42199824688250392,252,0,False,20260327,0.12473010421827732,449
20260402,-0.0025311259252885454,0,3909.36499562168,0.66666666666666663,-0.0099988895934390865,True,0.58379401604844106,300,platt,300,0,-0.0059979536502512568,0.42199824688250392,252,0,False,0,0,0
20260403,0.0028378202731731391,1,3891.1077170771323,0.66666666666666663,0.0025947291468275679,True,0.58384683424667239,300,platt,300,0,0.0067247205270103104,0.42199824688250392,252,0,False,20260327,0.28809069190822967,449
20260407,0.0013049941573454365,1,3895.241141943613,0.66666666666666663,0.026948217742463143,True,0.58403588985994115,300,platt,300,0,0.0030924160633036546,0.42199824688250392,252,0,False,20260327,0.24833028952080866,449
20260408,-0.0033016135646435,0,3981.8075620632831,0.67500000000000004,-0.0072155990085099875,True,0.58364717962443857,300,platt,300,0,-0.0077113695634356107,0.42814879218063923,252,0,False,0,0,0
20260409,-0.0011685511210401788,0,3961.5365261980028,0.67500000000000004,0.0050561357512757255,False,0.58394861070424309,300,platt,300,0,-0.0027041888859589201,0.43212629380576878,252,0,False,0,0,0
20260410,0.0015198488146954358,1,3992.2831588854051,0.66666666666666663,0.00058534081131944582,True,0.58092579174021963,300,platt,300,0,0.0035171403279120393,0.43212629380576878,252,0,False,20260407,0.21227047817847683,450
20260413,-0.0012195957436259906,0,3983.6935716399948,0.67500000000000004,0.0095442011874968813,False,0.58061303950362009,300,platt,300,0,-0.0028240657315900361,0.43185812921547001,252,0,False,0,0,0
20260414,0.001650323213581941,1,4033.2708337000836,0.64166666666666672,0.00014500975705322716,True,0.57938915173703587,300,platt,300,0,0.0038190761294514628,0.43212629380576878,252,0,False,20260407,0.28319337847055337,450
20260415,-0.0014308114725752133,0,4021.4473224449362,0.64166666666666672,0.0070364603579724516,False,0.58269042183237896,300,platt,300,0,-0.0033110956058099335,0.43212629380576878,252,0,False,0,0,0
20260416,0.0013882061017648384,1,4061.1767348137532,0.6333333333333333,-0.0010162378103983905,False,0.57995853015018783,300,platt,300,0,0.0032125008861154983,0.43212629380576878,252,0,False,20260407,0.18472476827946385,450
20260417,-0.00096695882326671529,0,4047.5078384626631,0.625,0.0075779995850349113,False,0.57719145626369295,300,platt,300,0,-0.0022376764319306658,0.43212629380576878,252,0,False,0,0,0
20260420,-0.0015013749186213764,0,4075.9982967574356,0.59166666666666667,0.00072253997186910723,False,0.57948594063224335,300,platt,300,0,-0.0034765466180961594,0.43185812921547001,252,0,False,0,0,0
20260421,-0.0011540371775459796,0,4080.3622697304763,0.6166666666666667,0.0051850924900649353,False,0.57436295356941769,300,platt,300,0,-0.0026954114985780048,0.42814879218063923,252,0,False,0,0,0
20260422,0.0014643057571330092,1,4112.2709173761041,0.6166666666666667,-0.0031678476323735438,False,0.57096579689881344,300,platt,300,0,0.0035320787252692671,0.41457336345791052,252,0,False,20260416,0.39423141989190252,450
20260423,-0.0018956574712321818,0,4085.4906998663132,0.59999999999999998,-0.0032613936783388864,True,0.57198456676103548,300,platt,300,0,-0.0048894821447955138,0.38770107244383062,252,0,False,0,0,0
20260424,-0.0013372653470468284,0,4074.4444905756777,0.59999999999999998,0.0015794013010710373,False,0.57200977795956909,300,platt,300,0,-0.0034657704987591073,0.38584936524955304,252,0,False,0,0,0
20260427,-0.00092118684038582533,0,4082.5799134976733,0.59999999999999998,-0.0018859889482633063,True,0.57193390485390971,300,platt,300,0,-0.0023874260873541567,0.38584936524955304,252,0,False,0,0,0
20260428,-0.0010309392975755385,0,4074.4325724237788,0.66666666666666674,0.0070800606104381991,False,0.56799608848511396,300,platt,300,0,-0.0029995811887104391,0.34369441355869862,252,0,False,0,0,0
20260429,-0.001748599357428068,0,4100.3320029595334,0.66666666666666674,0.0011308298760925872,False,0.56773781046545346,300,platt,300,0,-0.0054902310973608251,0.31849285147006406,252,0,False,0,0,0
20260430,-0.00057479220324827592,0,4109.7956628958455,0.625,0.011676201357277094,False,0.56723463108032757,300,platt,300,0,-0.0019349462813113083,0.29705848105444077,252,0,False,0,0,0
20260506,0.0011583621491222205,1,4164.9926877478538,0.65000000000000002,0.0047879010436511216,True,0.56548085855170838,300,platt,300,0,0.0038994414332507539,0.29705848105444077,252,0,False,20260422,0.40311866142822184,448
20260507,-0.00058318431436313865,0,4177.6544357963685,0.59999999999999998,-3.3444238383029123e-05,True,0.56889938279216756,300,platt,300,0,-0.0018310750513593666,0.31849285147006406,252,0,False,0,0,0
20260508,-0.00090014664783486453,0,4176.1898298590304,0.60833333333333328,0.010782012732967861,False,0.57179734436418839,300,platt,300,0,-0.0030302001297512126,0.29705848105444077,252,0,False,0,0,0
20260511,-0.0013445250044873817,0,4219.3400540243738,0.54545454545454541,-0.0024926741779041084,True,0.57257274485905019,300,platt,300,0,-0.0045261289955932137,0.29705848105444077,252,0,False,0,0,0
20260512,0.0010229060420361095,1,4218.8001263644855,0.54545454545454541,0.0066634173997508483,True,0.57316786298826161,300,platt,300,0,0.003211708009503802,0.31849285147006406,252,0,False,20260422,0.33713395820188624,448
20260513,-0.0018783830918591205,0,4234.602824489205,0.59090909090909083,-0.015239458517144922,True,0.57009217264251799,300,platt,300,0,-0.0054652709434810662,0.34369441355869862,252,0,False,0,0,0
20260514,0.003281884794432591,1,4191.6289439156435,0.59090909090909083,-0.010179257967635635,False,0.57359973634322825,300,platt,300,0,0.0085056114898880032,0.38584936524955304,252,0,False,20260512,0.30298323198473903,446
20260515,-0.0028982811568049882,0,4123.4038788259286,0.54545454545454541,-0.00093384192550272083,True,0.57724451930431064,300,platt,300,0,-0.0084327269878944327,0.34369441355869862,252,0,False,0,0,0
20260518,0.0012799774620790372,1,4136.8158622119581,0.59090909090909083,0.0092000353573820082,True,0.57715336470495815,300,platt,300,0,0.0040188577425554727,0.31849285147006406,252,0,False,20260512,0.3529510738070597,446
20260519,-0.0021320896505003968,0,4160.6479716092499,0.59090909090909083,-0.0017635767686288162,True,0.58050415557921831,300,platt,300,0,-0.0066943092777729026,0.31849285147006406,252,0,False,0,0,0
20260520,-0.0009552919602815261,0,4158.2083986099415,0.63636363636363635,-0.020399864542285484,True,0.57950651450096113,300,platt,300,0,-0.0032158380292345648,0.29705848105444077,252,0,False,0,0,0
20260521,0.0040907561634945947,1,4093.9556439726471,0.59166666666666667,0.0087369841118207781,True,0.58729809598776728,300,platt,300,0,0.013770878208809319,0.29705848105444077,252,0,False,20260518,0.22730909534704696,446
20260522,0.0021525463143052346,1,4121.7528068750871,0.59999999999999998,0.0096450202674531749,True,0.58976556442514172,300,platt,300,0,0.0055787219266592485,0.38584936524955304,252,0,False,20260518,0.26123980106775918,446
20260525,-0.0013908879829654969,0,4146.79284223582,0.625,-0.0017328070149160713,True,0.59064887657293175,300,platt,300,0,-0.0036047434782377373,0.38584936524955304,252,0,False,0,0,0
20260526,-0.0018737044319584531,0,4137.605796237779,0.60833333333333328,-0.012458806481346674,True,0.59576328246059285,300,platt,300,0,-0.0048560516116091332,0.38584936524955304,252,0,False,0,0,0
20260527,0.0031468789775090868,1,4106.60906217721,0.6166666666666667,0.0011992007477978905,True,0.59486423157784152,300,platt,300,0,0.0081557189435151785,0.38584936524955304,252,0,False,20260518,0.31313323514238806,446
20260528,0.0022711801536531647,1,4107.9445402860129,0.6166666666666667,-0.0073357823107873532,False,0.59484757716618719,300,platt,300,0,0.0058861834648457944,0.38584936524955304,252,0,False,20260527,0.32263975781541415,445
20260529,0.0019615093468939335,1,4076.5496363181337,0.6166666666666667,-0.0026616482930080787,False,0.59162149160769573,300,platt,300,0,0.0061587233052177327,0.31849285147006406,252,0,False,20260527,0.30409871971067759,445
20260601,0.0015213518924480306,1,4063.9132504280615,0.6166666666666667,0.0042786378624555255,True,0.59142832556256986,300,platt,300,0,0.0051213885126182215,0.29705848105444077,252,0,False,20260527,0.18230147726218932,445
20260602,0.0019523321079797516,1,4083.0575516969593,0.6166666666666667,0.0021772217900040136,True,0.59474616385727441,300,platt,300,0,0.0061299087215565219,0.31849285147006406,252,0,False,20260527,0.32047424189686707,445
20260603,-0.0017346669539323129,0,4076.8896652614812,0.6166666666666667,-0.0064135814772572353,True,0.59471880541240862,300,platt,300,0,-0.0050471200156299717,0.34369441355869862,252,0,False,0,0,0
20260604,0.0014297539798928966,1,4063.5827286772592,0.625,-0.0074042683081155802,False,0.59390021880103949,300,platt,300,0,0.0040254334359796475,0.35518013218493211,252,0,False,20260602,0.34881832471219998,446
20260605,0.0023876508683558541,1,4037.3530278354378,0.6166666666666667,-0.016981847023645691,False,0.59467268429469,300,platt,300,0,0.0069470168095940666,0.34369441355869862,252,0,False,20260602,0.21846182685942753,446
20260608,0.0028063184308170746,1,3970.4489626419709,0.6166666666666667,0.01280337838312251,True,0.59138252225258447,300,platt,300,0,0.0088112446413286215,0.31849285147006406,252,0,False,20260602,0.33718610349027361,446
20260609,0.0021741626618291409,1,4018.7491590207287,0.6166666666666667,-0.0041907160461388537,False,0.59142696186075006,300,platt,300,0,0.0061212958293993666,0.35518013218493211,252,0,False,20260602,0.24423097334190036,446
20260610,-0.0017011411976477256,0,3986.4327590801104,0.60833333333333328,-0.0015554091631883038,True,0.592288272528531,300,platt,300,0,-0.0047895167648678901,0.35518013218493211,252,0,False,0,0,0
20260611,0.0015515624605318009,1,3993.2008023381086,0.60833333333333328,0.011160781524081065,True,0.59565947586283852,300,platt,300,0,0.0043683818995932655,0.35518013218493211,252,0,False,20260609,0.37846162339371781,447
20260612,0.0020496789263243689,1,4039.7762070323356,0.6333333333333333,0.016112760050947639,True,0.59287526752647979,300,platt,300,0,0.0057708152584873742,0.35518013218493211,252,0,False,20260609,0.18948710438150554,447
20260615,-0.0019392379201574649,0,4088.5276667405083,0.64166666666666672,-0.0011180353082873573,True,0.59525823025061564,300,platt,300,0,-0.0050258937679040572,0.38584936524955304,252,0,False,0,0,0
20260616,-0.0010089722718092796,0,4087.7630947354537,0.6166666666666667,0.0039552610837672031,False,0.6014605384260957,300,platt,300,0,-0.0028407339836337936,0.35518013218493211,252,0,False,0,0,0
20260617,0.0013969063454684657,1,4113.8147977114486,0.6166666666666667,-0.0042830023454775157,False,0.60147820390951234,300,platt,300,0,0.0039329518148305005,0.35518013218493211,252,0,False,20260609,0.42344820726379528,447
20260618,0.0014406629364529034,1,4096.3743048011629,0.68333333333333335,0.017752238593536696,True,0.59359876351723573,300,platt,300,0,0.0040561473064118113,0.35518013218493211,252,0,False,20260617,0.50458205036408887,446
20260622,0.0035920728593904234,1,4178.0506459486724,0.67500000000000004,-0.013654451680377822,False,0.59480258930472718,300,platt,300,0,0.010113383418417487,0.35518013218493211,252,0,False,20260617,0.42969839312342445,446
20260623,-0.0033561904305553542,0,4092.470337339008,0.64166666666666672,0.0011109158262265773,False,0.59852830408116386,300,platt,300,0,-0.009765042136718232,0.34369441355869862,252,0,False,0,0,0
20260624,-0.0014405888997295155,0,4104.8914078471007,0.6333333333333333,0.0023029992069210081,False,0.5995646393555808,300,platt,300,0,-0.0044359547634359635,0.32475283823987344,252,0,False,0,0,0
20260625,0.0012611091067559,1,4125.4767233870498,0.625,-0.022575112966820798,False,0.60068757733743861,300,platt,300,0,0.0042453226794921277,0.29705848105444077,252,0,False,20260617,0.35524797409730502,446
20260626,0.0030196061748055691,1,4039.425553657657,0.59999999999999998,0.011580291417639055,True,0.60416561455036843,300,platt,300,0,0.010165022604596761,0.29705848105444077,252,0,False,20260625,0.35977689793253814,446
20260629,0.0029389077282243729,1,4085.8745211901569,0.59999999999999998,0.0050309264948635857,True,0.60773185942964592,300,platt,300,0,0.0090496752673600838,0.32475283823987344,252,0,False,20260625,0.34604058137241744,446
20260630,0.0015982351512576719,1,4100.941009528251,0.59999999999999998,0.0044079993020706976,True,0.6107570459176288,300,platt,300,0,0.0049213893246320495,0.32475283823987344,252,0,False,20260625,0.30289352097541883,446
20260701,-0.0020760755661233684,0,4103.907552795652,0.66666666666666674,-0.020314312752074848,True,0.60151583245583651,300,platt,300,0,-0.0060404693361965313,0.34369441355869862,252,0,False,0,0,0
20260702,-0.0029277839768025076,0,4017.1080400102815,0.66666666666666674,0.0036584144798890161,False,0.60151583245583651,300,platt,300,0,-0.0082430961405186211,0.35518013218493211,252,0,False,0,0,0
20260703,-0.0017280025426279926,0,4036.6557742689197,0.66666666666666674,-0.00059476068511687963,True,0.5981911689910413,300,platt,300,0,-0.0050277295017274754,0.34369441355869862,252,0,False,0,0,0
20260706,-0.0019151201133373996,0,4033.4987434403924,0.73333333333333339,-0.012620612167825174,True,0.58949236210722433,300,platt,300,0,-0.0058971620501214123,0.32475283823987344,252,0,False,0,0,0
20260707,-0.0021333350099356756,0,3981.7227913366287,0.80000000000000004,-0.0048507415089029671,True,0.58285759350172484,300,platt,300,0,-0.0062070692038505579,0.34369441355869862,252,0,False,0,0,0
20260708,-0.001815844309678009,0,3963.669200692339,0.8666666666666667,0.016547517166032533,False,0.57944949914949084,300,platt,300,0,-0.005283310516677589,0.34369441355869862,252,0,False,0,0,0
20260709,0.0037815113374071903,1,4051.8523029082903,0.80000000000000004,-0.010014968335013807,False,0.57815651508445975,300,platt,300,0,0.01100253943103837,0.34369441355869862,252,0,False,20260630,0.59391716863424249,445
20260710,-0.0027543233156114007,0,3985.1548789321687,0.73333333333333339,-0.020611678967136893,True,0.58163273068626142,300,platt,300,0,-0.0086479910079560653,0.31849285147006406,252,0,False,0,0,0
20260713,-0.0031743788434654462,0,3901.3701351287177,0.80000000000000004,0.013626726393877631,False,0.57344858403952337,300,platt,300,0,-0.0092360501603652133,0.34369441355869862,252,0,False,0,0,0
20260714,0.0032241201434301358,1,3979.9166914929501,0.625,-0.0029109484845730726,False,0.59820497036848974,300,platt,300,0,0.010853486262993662,0.29705848105444077,252,0,False,20260630,0.24267540981350511,445
20260715,0.0012483145885220045,1,3960.5159058482686,0.6166666666666667,-0.018496790646100547,False,0.59957945406283575,300,platt,300,0,0.0042022519743956767,0.29705848105444077,252,0,False,20260630,0.18074410184575773,445
20260716,-0.0024502223371736407,0,3872.8998259253558,0.73333333333333339,-0.030459900114686467,True,0.57749509936279197,300,platt,300,0,-0.0082482827235779137,0.29705848105444077,252,0,False,0,0,0
20260717,-0.0043030609110284645,0,3747.9573130473659,0.73333333333333339,0.0085349042641631456,False,0.57871642904215481,300,platt,300,0,-0.014485568281889447,0.29705848105444077,252,0,False,0,0,0
20260720,-0.0030419079101190343,0,3784.733461580302,0.66666666666666674,0.01793484013066049,False,0.58810498415842871,300,platt,300,0,-0.010525213037506042,0.2890115287243456,252,0,False,0,0,0
20260721,0.0039893957188970432,1,3879.7835895649864,0.59999999999999998,0.00069002243601556934,True,0.59577880397805605,300,platt,300,0,0.013803586785986184,0.2890115287243456,252,0,False,20260715,0.29682227153698443,445
20260722,0.0014173526548243093,1,3872.5145503392546,0.59999999999999998,0.0025197091641508962,True,0.59580005389337143,300,platt,300,0,0.0050936752034096058,0.27825736785799798,252,0,False,20260715,0.27404442503034848,445
20260723,-0.00085044231688158312,0,3873.4804244459096,0.59999999999999998,-0.016142170040508441,True,0.59949207873405763,300,platt,300,0,-0.0030563155377635359,0.27825736785799798,252,0,False,0,0,0
20260724,0.0017381401611475215,1,3820.8274103787408,0.66666666666666674,0.011548221227540845,True,0.59097921715554158,300,platt,300,0,0.0060140859045291952,0.2890115287243456,252,0,False,20260715,0.37227188225054303,445
20260727,-0.0021782643449214738,0,3849.8407224825282,0.66666666666666674,-0.011645294687092078,True,0.59124015335885405,300,platt,300,0,-0.0075369462060424115,0.2890115287243456,252,0,False,0,0,0
20260728,-0.0016313148050910071,0,3807.0938834365502,0.66666666666666674,0.0039740754670489764,False,0.59147281617832059,300,platt,300,0,-0.0054915611205594303,0.29705848105444077,252,0,False,0,0,0
20260729,-0.0021407446821868001,0,3820.2732253473328,0.59999999999999998,-0.0062104198832484414,True,0.5995502759317054,300,platt,300,0,-0.0074071255622076126,0.2890115287243456,252,0,False,0,0,0
20260730,-0.0025080561091057338,0,3795.1502174813004,0.66666666666666674,0.0072462621553184281,False,0.59122902570176139,300,platt,300,0,-0.0084429708931491234,0.29705848105444077,252,0,False,0,0,0
20260731,-0.0008142009583802848,0,3829.1421682811556,0.66666666666666674,-0.0058971692543809962,True,0.58768053862532998,300,platt,300,0,-0.0028171919714554232,0.2890115287243456,252,0,False,0,0,0
20260803,-0.0010214408011991224,0,3805.7715548751253,0.66666666666666674,0.0033130752854799717,False,0.59132029069171199,300,platt,300,0,-0.0034385175524139534,0.29705848105444077,252,0,False,0,0,0
20260804,-0.0011003067638849224,0,3818.0789144011269,0.66666666666666663,0.014688859118444419,False,0.58785834471295473,300,platt,300,0,-0.0037040072378316424,0.29705848105444077,252,0,False,0,0,0
20260805,0.0022546497166949821,1,3887.1741001988617,0.66666666666666674,0.0056524682051726227,True,0.58785834471295473,300,platt,300,0,0.0078012449075878553,0.2890115287243456,252,0,False,20260724,0.38559701106762656,445
20260806,-0.0012567566776272754,0,3895.4505062018761,0.66666666666666674,0.010174670631676097,False,0.58800793758787417,300,platt,300,0,-0.0042306709209792076,0.29705848105444077,252,0,False,0,0,0
20260807,0.0018260343459233568,1,3947.2317430688122,0.59999999999999998,0.0067401395788886376,True,0.59643937067619968,300,platt,300,0,0.0061470533998613779,0.29705848105444077,252,0,False,20260724,0.43955958720886212,445
20260810,-0.00095135519576461576,0,3962.8198606642886,0.66666666666666674,-0.0081935797051045922,True,0.58784145658695786,300,platt,300,0,-0.0032025855393445729,0.29705848105444077,252,0,False,0,0,0
20260811,-0.0012809092771002722,0,3929.0536839074161,0.73333333333333339,0.0031982722116197237,False,0.57610443378625231,300,platt,300,0,-0.0040217834440804331,0.31849285147006406,252,0,False,0,0,0
20260812,-0.00076318451997269238,0,3943.6631585820001,0.66666666666666674,-0.004994178390965609,True,0.58767446319910588,300,platt,300,0,-0.0025691389697533209,0.29705848105444077,252,0,False,0,0,0
20260813,-0.0014586173833152356,0,3921.2368608790534,0.66666666666666674,5.3883854522762675e-05,False,0.58784216461321537,300,platt,300,0,-0.0049102027928565363,0.29705848105444077,252,0,False,0,0,0
20260814,-0.00096281062446435038,0,3923.395272837934,0.59999999999999998,0.014126459916595557,False,0.60014861393305641,300,platt,300,0,-0.003241148413089407,0.29705848105444077,252,0,False,0,0,0
20260817,0.0018844358627170576,1,3990.1585550841755,0.59999999999999998,0.0019208801368233441,True,0.59647246620295302,300,platt,300,0,0.006520279211817883,0.2890115287243456,252,0,False,20260807,0.3121632771939602,443
20260818,-0.0012498691979450889,0,3985.3163423149235,0.59999999999999998,-0.024028572060818321,True,0.60004454027991971,300,platt,300,0,-0.0042425844239974723,0.29460090195858257,252,0,False,0,0,0
20260819,0.0027113488169033121,1,3904.9815375667613,0.59999999999999998,0.0023876711473311829,True,0.60004454027991971,300,platt,300,0,0.0092034640725047606,0.29460090195858257,252,0,False,20260807,0.37577862053311128,443
20260820,0.0012000941614675928,1,3908.4058327800985,0.60833333333333328,0.00037953532027512615,True,0.59854247885390277,300,platt,300,0,0.004152409306177619,0.2890115287243456,252,0,False,20260807,0.39282808693798732,443
20260821,0.00091855103200605295,1,3908.7897278784226,0.60833333333333328,-0.0059394357670456976,False,0.6018824086676049,300,platt,300,0,0.0031782504873089394,0.2890115287243456,252,0,False,20260807,0.28728837770611415,443
20260824,0.001789339174019539,1,3888.9541288093237,0.625,0.0019157611709135214,True,0.59543002654049138,300,platt,300,0,0.0061912380517047854,0.2890115287243456,252,0,False,20260821,0.3301333576171715,444
20260825,0.0014957676886466712,1,3895.2626060081916,0.60833333333333328,0.0059336487836605389,True,0.60180476617287382,300,platt,300,0,0.0050772678518715419,0.29460090195858257,252,0,False,20260821,0.32380127669428577,444
20260826,0.0014698366215929683,1,3918.2742703231434,0.6166666666666667,0.011258079344443672,True,0.60026871624584244,300,platt,300,0,0.0049892468482652845,0.29460090195858257,252,0,False,20260821,0.24519184786834242,444
20260827,0.0015793630104007773,1,3962.8198618854244,0.6166666666666667,-0.0011100521133071695,False,0.60026545678049636,300,platt,300,0,0.0053610257127550045,0.29460090195858257,252,0,False,20260821,0.32424418518505227,444
20260828,0.00072870852149338049,1,3955.0589865157672,0.6333333333333333,0.0086329591853000487,True,0.59391767765950809,300,platt,300,0,0.0024735447741291313,0.29460090195858257,252,0,False,20260821,0.24026509425814038,444
20260831,0.0019218899309773041,1,3993.9592259880742,0.6166666666666667,-0.0016080834899948604,False,0.6002019708197992,300,platt,300,0,0.0065237068800539496,0.29460090195858257,252,0,False,20260828,0.3828686591912715,448
20260901,0.00058938743245161827,1,3982.2333957929491,0.64166666666666672,-0.0096740166814255346,False,0.59244151417589819,300,platt,300,0,0.0020393215282901956,0.2890115287243456,252,0,False,20260828,0.330354863212862,448
20260902,0.0010908499511837789,1,3945.685660943866,0.64166666666666672,0.00017803380952630121,True,0.58903787589235801,300,platt,300,0,0.003702805877142697,0.29460090195858257,252,0,False,20260828,0.40655286223665432,448
20260903,0.0012009651265284884,1,3946.82221009361,0.65000000000000002,-0.0030368424813662642,False,0.5875925283782385,300,platt,300,0,0.0041554229058936576,0.2890115287243456,252,0,False,20260828,0.43488063299535351,448
20260904,0.0020751493246471187,1,3938.2719783932444,0.64166666666666672,0.00065718155319771654,True,0.58572176785756724,300,platt,300,0,0.0071801610607248887,0.2890115287243456,252,0,False,20260828,0.28455652820688176,448
20260907,0.0010180585983836246,1,3936.7029182354167,0.65000000000000002,0.0019965167943687412,True,0.58430212117647007,300,platt,300,0,0.0035225535911220761,0.2890115287243456,252,0,False,20260904,0.4378704467306751,449
20260908,0.00081470216345933899,1,3943.7612753434514,0.65000000000000002,0.0027802965316345851,True,0.5843409566391945,300,platt,300,0,0.0028189261759048664,0.2890115287243456,252,0,False,20260904,0.40753255044602804,449
20260909,-0.00078064032917113065,0,3948.4220944309263,0.65000000000000002,-0.0043282729514726448,True,0.58440718079825715,300,platt,300,0,-0.0027010698591047985,0.2890115287243456,252,0,False,0,0,0
20260910,0.00069863770245657056,1,3937.1523226916406,0.65000000000000002,-0.011766205175290145,False,0.58776130482533917,300,platt,300,0,0.002417335064591557,0.2890115287243456,252,0,False,20260904,0.5098475095115107,449
20260911,-0.0018845694086894499,0,3880.783185705639,0.60715469358029672,-0.00071443440935037295,True,0.59160742123903287,300,platt,300,0,-0.0067727565426091247,0.27825736785799798,252,0,True,20260904,0.60715469358029672,449
20260914,0.00083857089224733978,1,3888.5909269927743,0.65000000000000002,-0.005418686399270678,False,0.58446345302722258,300,platt,300,0,0.0031831066296060884,0.26344417257272762,252,0,False,20260911,0.50126539489745348,449
20260915,0.00097862119510558928,1,3868.0610657246493,0.64166666666666672,0.007070166820753121,True,0.58585594975960753,300,platt,300,0,0.0037721714817441241,0.25943178878313028,252,0,False,20260911,0.43496060228090588,449
20260916,-0.0015071351105887774,0,3885.7353322500653,0.65000000000000002,-0.0041104167809619119,True,0.5844944660853707,300,platt,300,0,-0.0057208899170950941,0.26344417257272762,252,0,False,0,0,0
20260917,0.00092803901484532925,1,3879.2011120893067,0.65000000000000002,0.0093577662364094927,True,0.58783213815285873,300,platt,300,0,0.0035227160494094075,0.26344417257272762,252,0,False,20260911,0.28086560568884966,449
20260918,-0.00092581982250431491,0,3908.2497119147924,0.65000000000000002,0.0097230701397801322,False,0.58791658873479946,300,platt,300,0,-0.0034155971764189552,0.27105650188965796,252,0,False,0,0,0
20260921,-0.00093798024407922443,0,3946.2018654556459,0.60833333333333328,,,0.59142943632134715,300,platt,300,0,-0.0035604516695858257,0.26344417257272762,252,0,False,0,0,0
