trade_date,open,high,low,close,pre_close,vol,amount,pct_chg,target_next_return,target_next_direction,hangseng_ret1_lag1,hangseng_ret5_lag1,hangseng_vol20_lag1,hangseng_gap_lag1,hangseng_intraday_lag1,hangseng_range_lag1,hangseng_vol_chg_lag1,hangseng_pct_chg_lag1
2020-01-02,3066.3357000000001,3098.1001000000001,3066.3357000000001,3085.1976,3050.1239999999998,292470208,327197122.60579997,1.1498999999999999,-0.00045760440109230002,0,,,,,,,,
2020-01-03,3089.0219999999999,3093.8191999999999,3074.5178000000001,3083.7858000000001,3085.1976,261496667,289991708.38150001,-0.0458,-0.0001224144686055,0,,,,,0.0104126215912072,,,1.2549999999999999
2020-01-06,3070.9088000000002,3107.2031999999999,3065.3087999999998,3083.4083000000001,3083.7858000000001,312575842,331182549.90609998,-0.012200000000000001,0.0069381664439315,1,-0.0032238490557575002,,,0.0099791476314062006,-0.0130725438422442,0.015945125198293601,0.3533437257198368,-0.32240000000000002
2020-01-07,3085.4881999999998,3105.4506999999999,3084.3290000000002,3104.8015,3083.4083000000001,276583111,288159227.6566,0.69379999999999975,-0.0122097982753487,0,-0.0079190903818778004,,,-0.0043934414705727003,-0.0035412069969816,0.0110215630107374,-0.0024938953397714001,-0.79190000000000005
2020-01-08,3094.2388999999998,3094.2388999999998,3059.1313,3066.8924999999999,3104.8015,297872553,306517394.45920002,-1.2210000000000001,0.0091263061877777003,1,0.0033964909893968,,,0.0044812991055470002,-0.0010799684544812,0.0074048250932910002,-0.31969888366160493,0.33960000000000001
2020-01-09,3082.6397999999999,3097.3290999999999,3080.1313,3094.8818999999999,3066.8924999999999,243435649,271716020.90219998,0.91259999999999997,-0.0008372532728954,0,-0.0082670540207879003,,,-0.0113861774178855,0.0031550473257098001,0.0120358476749219,0.2716205554369519,-0.82669999999999977
2020-01-10,3102.2937999999999,3105.2248,3081.3960999999999,3092.2907,3094.8818999999999,210442462,241555668.06079999,-0.083699999999999802,0.0075280438543501001,1,0.0168428278064023,0.00061239819055240003,,0.0099590856140292002,0.0068158624348508001,0.0083715704117641003,-0.0096739528888337006,1.6842999999999999
2020-01-13,3091.4929999999999,3115.5695999999998,3075.3836999999999,3115.5695999999998,3092.2907,210621004,258524058.00479999,0.75280000000000002,-0.0028082184394146001,0,0.0027029865901052001,0.0065620441804472001,,0.0036462308742689002,-0.00093981749260580003,0.0056325058646405001,-0.1559156211485781,0.27029999999999982
2020-01-14,3120.6669000000002,3127.1691999999998,3105.6048999999998,3106.8204000000001,3115.5695999999998,229973769,271542441.38669997,-0.28079999999999983,-0.0054018249654855001,0,0.0110600526569406,0.025818220595836602,,0.0046850011523069,0.0063453236559934002,0.0104601546186562,0.1977220586348469,1.1060000000000001
2020-01-15,3103.1749,3107.9425999999999,3082.0425,3090.0378999999998,3106.8204000000001,202313023,232913446.6557,-0.54020000000000001,-0.0051638525210321003,0,-0.0024106421909352001,0.019881322191959101,,0.0067204421767061004,-0.0090701290895599009,0.012399956622254901,-0.071351274092389602,-0.24110000000000001
2020-01-16,3095.7341999999999,3096.3717000000001,3070.884,3074.0814,3090.0378999999998,203375475,236843360.10100001,-0.51639999999999975,0.00046000733747630001,1,-0.0038618473027999,0.0244115619810936,,0.00020529587185650001,-0.0040663083783325001,0.012240896183989301,-0.28162226027906101,-0.38619999999999982
2020-01-17,3081.4641000000001,3091.9515999999999,3067.2525000000001,3075.4955,3074.0814,190304299,242273045.2552,0.045999999999999902,0.0065978961764048003,1,0.0038038353921079002,0.0112755155631805,,0.0011305506195089,0.0026702659018290002,0.0096671982884303006,0.2677890006754246,0.38040000000000002
2020-01-20,3082.1134000000002,3096.3105,3070.4801000000002,3095.7873,3075.4955,210493341,271122455.43309999,0.65980000000000005,-0.0140983199976302,0,0.0060028307269595002,0.014603571453513001,,0.0036395060907716001,0.0023547544928688002,0.0099719420116442005,-0.047920213118237201,0.60029999999999994
2020-01-21,3085.7894999999999,3085.7894999999999,3051.2301000000002,3052.1419000000001,3095.7873,234830739,286268098.21039999,-1.4097999999999999,0.0028218216197614002,1,-0.0089656606009961004,-0.0054923270433300002,,0.0038786608949071002,-0.0127946952119225,0.013060796891014101,0.055576374006212903,-0.89659999999999995
2020-01-22,3038.4868000000001,3069.2527,3006.2676999999999,3060.7545,3052.1419000000001,223852865,278456923.97479999,0.28220000000000001,-0.027518182199846301,0,-0.028149136457225901,-0.031151311712527201,,-0.0120340006618995,-0.016311427524958101,0.017763981065366401,0.31426797135118351,-2.8149000000000002
2020-01-23,3037.9524000000001,3045.0405999999998,2955.346,2976.5281,3060.7545,272763234,327490360.40820003,-2.7517999999999998,-0.0772451971812394,0,0.012710588011647501,-0.0150328825843421,,0.0046870985619963,0.0079860580086425006,0.016303184561339602,-0.5098014322371256,1.2710999999999999
2020-02-03,2716.6977999999999,2766.5772999999999,2716.6977999999999,2746.6055999999999,2976.5281,215912103,257019597.41249999,-7.7244999999999999,0.0133553576094069,1,-0.0051608502812755001,-0.071571473735614302,,0.0116631435514136,-0.0166300353432163,0.019787040254253901,-0.17090166913026281,-0.5161
2020-02-04,2685.2692999999999,2786.1642000000002,2685.2692999999999,2783.2874999999999,2746.6055999999999,364046200,374068466.75650001,1.3354999999999999,0.0125033076891984,1,0.0016855023614135,-0.055614078838745001,0.0128039661129175,-0.0046753213190775002,0.0063907022670438001,0.0139472945121791,0.25616868466330422,0.1686
2020-02-05,2792.3712999999998,2842.7426,2778.8640999999998,2818.0877999999998,2783.2874999999999,309761823,349184114.81260002,1.2503,0.017182537747759401,1,0.0121030558129192,-0.045569817715004401,0.0132956931819733,0.0051098418711097004,0.0069576613923023004,0.0090526304606976006,0.032005928835513203,1.2102999999999999
2020-02-06,2826.8851,2876.5877999999998,2807.6089999999999,2866.5097000000001,2818.0877999999998,316392142,358582589.71100003,1.7182999999999999,0.0032980526805820001,1,0.0041520498965735,-0.0137658809828784,0.0133408539083861,0.0072477187342320001,-0.0030733937442405002,0.0106537791676257,-0.00052300694613370005,0.41520000000000001
2020-02-07,2858.9324000000001,2875.9636,2838.7701999999999,2875.9636,2866.5097000000001,309479642,362384162.46390003,0.32979999999999993,0.0050502029997876001,1,0.026392162689450101,0.039493548559064,0.0147905480875555,0.0144769389630838,0.011745189337221301,0.0216050926689847,-0.10513992119188301,2.6392000000000002
2020-02-10,2860.4989999999998,2891.8479000000002,2851.0502999999999,2890.4877999999999,2875.9636,294929784,341520398.2507,0.505,0.0038701426105309002,1,-0.0032527451743490001,0.041487300965353802,0.0147099161337228,-0.0049982359595107002,0.0017542589855052001,0.0067819173119660001,-0.42919911441034292,-0.32529999999999992
2020-02-11,2894.5414000000001,2913.8159000000001,2882.2428,2901.6743999999999,2890.4877999999999,269168335,302956847.20630002,0.38700000000000001,0.0086931531670129004,1,-0.0059454238335848002,0.033553161249885,0.0141152123143699,-0.0113894659481897,0.0055067611835899,0.0098437214346521005,0.0959628234503941,-0.59450000000000003
2020-02-12,2895.5560999999998,2926.8991000000001,2892.424,2926.8991000000001,2901.6743999999999,248733429,297534420.49339998,0.86929999999999985,-0.0071152435695511001,0,0.012574271309707801,0.034034363498548201,0.01446637244021,0.0100182296465591,0.0025306886431577,0.0087301138637086006,0.14771633210751201,1.2574000000000001
2020-02-13,2927.1442999999999,2935.4059999999999,2901.2424999999998,2906.0735,2926.8991000000001,274804844,334526327.36400002,-0.71150000000000002,0.0037625338794768002,1,0.0086927582341569005,0.0387101976574976,0.0143651691090883,0.0048339827464447,0.0038402119693099002,0.0100656615385506,-0.039328687117553301,0.86929999999999985
2020-02-14,2899.8658999999998,2926.9427000000001,2899.5738999999999,2917.0077000000001,2906.0735,250650627,308080368.72579998,0.37630000000000002,0.022836655522026902,1,-0.0033661998457427001,0.0085946962395020005,0.01436857298514,0.0046719231042933003,-0.0080007440888757008,0.0092744807836209007,-0.1052955046782955,-0.33660000000000001
2020-02-17,2924.9913000000001,2983.6370999999999,2924.9913000000001,2983.6224000000002,2917.0077000000001,313198007,367014340.1286,2.2837000000000001,0.00045220199446120002,1,0.0030869094843128,0.0150097046920058,0.014403623622394101,-0.0011337901190046,0.0042254904226066,0.0095589614136313006,-0.112237137254894,0.30869999999999992
2020-02-18,2981.4097000000002,2990.6003000000001,2960.7750999999998,2984.9715999999999,2983.6224000000002,311665913,374998562.64850003,0.0451999999999999,-0.0032059601505085001,0,0.0051769510634320001,0.0263665443770386,0.014433939999935501,-0.0017576467881332001,0.0069468078861341003,0.010385179539539,-0.022627213766954202,0.51770000000000005
2020-02-19,2979.5223000000001,2998.2718,2971.8218999999999,2975.4018999999998,2984.9715999999999,315141151,381331160.42049998,-0.3206,0.0184016485302371,1,-0.015357873503197301,-0.0019460641505111001,0.014636560952899801,-0.0069063935106366001,-0.0085102551635962004,0.0098374082604901006,0.1194156105736023,-1.5358000000000001
2020-02-20,2981.8802000000001,3031.3706000000002,2968.4450999999999,3030.1541999999999,2975.4018999999998,345732881,413761364.10299999,1.8402000000000001,0.0031401042230786002,1,0.0045626257709714003,-0.0060326355339302001,0.0146390978606108,-0.0015888006625451,0.0061612153765889001,0.0090395275007081003,-0.0788219678013726,0.45629999999999982
2020-02-21,3022.2455,3058.8980000000001,3020.1410000000001,3039.6691999999998,3030.1541999999999,364557276,445062076.68430001,0.314,-0.0027752690983611,0,-0.0016868064974412001,-0.0043577353047240001,0.013275609903689201,0.0040306177978515004,-0.0056944720548788002,0.0138903904821445,0.0724278953072338,-0.16869999999999991
2020-02-24,3027.8924999999999,3042.1821,3007.3557000000001,3031.2332999999999,3039.6691999999998,370430044,451601363.08420002,-0.27750000000000002,-0.0059986144913358004,0,-0.0108786359309736,-0.018219632148865801,0.013077927512151401,-0.0057480922998019001,-0.0051602049655996001,0.0079593149519941002,0.1142828589358461,-1.0879000000000001
2020-02-25,2982.0695999999998,3016.9458,2943.7168000000001,3013.0500999999999,3031.2332999999999,441622762,513128644.55089998,-0.59989999999999977,-0.0083375314602303005,0,-0.017867127860935601,-0.040727335155009203,0.0132325977074192,-0.0074503429479352004,-0.010494976084057001,0.010697280474689101,0.142211114719517,-1.7867
2020-02-26,2978.4195,3028.7788,2974.9423000000002,2987.9286999999999,3013.0500999999999,469049552,495341447.27380002,-0.83379999999999976,0.0011379454938131,1,0.0026975252117007,-0.0231371366717277,0.013252137456365,-0.0036721390200470001,0.0063931407332951003,0.0092096157918755001,-0.0608013999735596,0.26979999999999982
2020-02-27,2992.4919,3009.4575,2980.4774000000002,2991.3287999999998,2987.9286999999999,350523658,395955641.51359999,0.1138,-0.037115612299122601,0,-0.0073155957837715002,-0.034687828705794503,0.011806546619338601,-0.0153692955438969,0.0081794115536690006,0.0110124369590413,0.058521158563895101,-0.73160000000000003
2020-02-28,2924.6406999999999,2948.1261,2878.5443,2880.3038000000001,2991.3287999999998,401216914,432657775.04530001,-3.7115999999999998,0.031464528151509401,1,0.0030764343926859001,-0.030082045234262701,0.010196592788534801,-0.0062674905952057004,0.0094028573076354004,0.016092003106026102,0.033913337553940402,0.30759999999999982
2020-03-02,2899.3099999999999,2982.5068000000001,2899.3099999999999,2970.9312,2880.3038000000001,367333369,397244201.1803,3.1465000000000001,0.0073935067900596004,1,-0.024224175853722,-0.043168486653208202,0.0115688582037711,-0.019775477601160801,-0.0045384482339556002,0.0121044325659798,0.41360475611362613,-2.4224000000000001
2020-03-03,3006.8888000000002,3026.8420000000001,2976.623,2992.8968,2970.9312,410108047,447053681.54369998,0.73939999999999995,0.0062711484071216001,1,0.0061902194150537,-0.019730896227118402,0.011652782670212801,-0.0019977091404378001,0.0082043183973452005,0.011411435086125301,-0.37131278464812562,0.61899999999999977
2020-03-04,2981.806,3012.0034999999998,2974.3582999999999,3011.6657,2992.8968,353338278,389893917.45480001,0.62709999999999977,0.019926315194943301,1,-0.00026091904359090001,-0.022623165755842601,0.011296085525601501,0.0048475411232755004,-0.0050838161589726004,0.011195937269889201,-0.0300820966995019,-0.026100000000000002
2020-03-05,3036.1545000000001,3074.2570999999998,3022.9261999999999,3071.6770999999999,3011.6657,445425806,482770471.39399999,1.9925999999999999,-0.0120995139756061,0,-0.0023873094812899001,-0.017770875497115701,0.01124344908585,0.0013977649456986001,-0.0037797911673929001,0.012710378081341201,-0.087628446731366799,-0.2387
2020-03-06,3039.9395,3052.4439000000002,3029.4632000000001,3034.5113000000001,3071.6770999999999,362061533,377388542.66240001,-1.21,-0.030061051346224901,0,0.020814527609757601,-0.00040143965596420002,0.0105775917314667,0.0048085448631629002,0.015929385581384001,0.01869493903418,0.25394194604671583,2.0815000000000001
2020-03-09,2987.1804999999999,2989.2051000000001,2940.7138,2943.2907,3034.5113000000001,414560736,438143854.60979998,-3.0061,0.018167114787540201,1,-0.023206926811883001,0.00064064465538160001,0.0116589079572648,-0.0138259039662101,-0.0095125423425756004,0.012125357751662701,0.0478587854485715,-2.3207
2020-03-10,2918.9346999999998,3000.2963,2904.7988999999998,2996.7618000000002,2943.2907,393296648,425017184.79089999,1.8167,-0.0094249733161975002,0,-0.042307873239689701,-0.0475899600177698,0.0146992058527736,-0.038729597306272401,-0.0037224447183538002,0.014261854377631901,0.56960236167486933,-4.2308000000000003
2020-03-11,3001.7615999999998,3010.0286000000001,2968.5174000000002,2968.5174000000002,2996.7618000000002,352470970,378766618.96829998,-0.9425,-0.015169794861232801,0,0.0140592465154394,-0.033947731047806302,0.0147913224142373,0.0097929510879593007,0.0042249209829435001,0.023946844426979301,-0.37170974512709692,1.4058999999999999
2020-03-12,2936.0162999999998,2944.4650999999999,2906.2838000000002,2923.4856,2968.5174000000002,307778457,328209202.37779999,-1.5169999999999999,-0.012334283432078401,0,-0.0063365141925708001,-0.037771998930671701,0.014489897665080201,0.0026562951043438,-0.0089689850258993006,0.013895829912048701,-0.205057296768027,-0.63370000000000004
2020-03-13,2804.2321999999999,2910.8811999999998,2799.9841000000001,2887.4265,2923.4856,366450436,393019665.22799999,-1.2334000000000001,-0.034000103552419302,0,-0.036562866975195001,-0.0918563935046008,0.01612853593201,-0.022746863953588301,-0.0141375888313858,0.0213910249881002,0.35538941442542082,-3.6562999999999999
2020-03-16,2897.3009000000002,2898.0349000000001,2784.6615999999999,2789.2537000000002,2887.4265,351878665,375627000.7942,-3.3999999999999999,-0.0034464416055091001,0,-0.011360368784161501,-0.080842417026718599,0.016002597386503201,-0.073624782848541501,0.067212953144233506,0.068499535358613001,0.38239688315887221,-1.1359999999999999
2020-03-17,2796.2840000000001,2826.9068000000002,2715.2213000000002,2779.6406999999999,2789.2537000000002,306149677,323012822.79909998,-0.34460000000000002,-0.0183061069727464,0,-0.040333858862701202,-0.078947830830583501,0.0173363534438737,-0.0297550317460515,-0.010903253778978401,0.032841632577994002,-0.3009540910773722,-4.0334000000000003
2020-03-18,2792.3220999999999,2815.8737000000001,2728.7563,2728.7563,2779.6406999999999,291159852,318611391.55940002,-1.8306,-0.0097578153094871004,0,0.008678621739826,-0.0838349576312067,0.0177327174246498,-0.0026799840614439002,0.011389128484081201,0.031423582732421802,-0.1114859804036907,0.8679
2020-03-19,2719.4063000000001,2736.8200000000002,2646.8047999999999,2702.1296000000002,2728.7563,302302747,330518008.48979998,-0.9758,0.016094194741806501,1,-0.041777909217481403,-0.1165121845177538,0.0189580479794056,-0.0103332526641255,-0.031772974729122702,0.054058828915225503,0.14773354727622831,-4.1778000000000004
2020-03-20,2727.0185999999999,2751.8964000000001,2702.4933000000001,2745.6181999999999,2702.1296000000002,252019507,281583369.66439998,1.6093999999999999,-0.031122608380145501,0,-0.0261391846874772,-0.1069534951357661,0.0191439674519506,-0.0031599034982338001,-0.023052123675487202,0.055674233866952,0.28866438542375761,-2.6139000000000001
2020-03-23,2677.5909999999999,2703.3294999999998,2656.5007999999998,2660.1673999999998,2745.6181999999999,249820250,268423241.97369999,-3.1122999999999998,0.023408564438463501,1,0.050482907421900203,-0.0510899429157766,0.023675401705472401,0.020185516416364901,0.029697923091441002,0.030297391005535301,-0.21750294613323171,5.0483000000000002
2020-03-24,2703.0192999999999,2723.4065999999998,2667.1333,2722.4380999999998,2660.1673999999998,257021930,278999306.64319998,2.3409,0.0217280238621404,1,-0.048626906209890901,-0.059290040527116901,0.025248795770673502,-0.050230935489345201,0.0016888624186559001,0.017748684831925501,,-4.8627000000000002
2020-03-25,2775.3031999999998,2788.6354000000001,2757.8015999999998,2781.5913,2722.4380999999998,273144466,293191204.3987,2.1728000000000001,-0.0059967113069415,0,0.044586753490138402,-0.0258015374146792,0.027969496049741301,0.0369393066874137,0.0073750187242445,0.0170426707435841,,4.4587000000000003
2020-03-26,2761.8960999999999,2788.5038,2753.4281999999998,2764.9108999999999,2781.5913,234084022,248279785.0007,-0.59970000000000001,0.0026374810124984,1,0.038109752734464,0.055418086096155401,0.0298235490170984,0.026139839892267001,0.0116649918235838,0.0223804895009551,-0.0024078882221408001,3.8109999999999999
2020-03-27,2792.9843000000001,2805.5479,2771.7563,2772.2033000000001,2764.9108999999999,240764066,253630725.89230001,0.26369999999999982,-0.0090143100255308008,0,-0.0074318267502407002,0.075692116634798301,0.0297499969999564,0.0033000116035957002,-0.010696539648877,0.018751070569838602,-0.35836207572507012,-0.74319999999999975
2020-03-30,2739.7190999999998,2759.0989,2723.0542999999998,2747.2138,2772.2033000000001,239706604,250687144.23280001,-0.90139999999999998,0.0011220095065045,1,0.0056499691251497,0.029783289417660001,0.029557406045420401,0.0178170581620513,-0.0119541021044319,0.0187214643157817,-0.13575438010702881,0.56499999999999995
2020-03-31,2767.3072000000002,2771.1682999999998,2743.1154000000001,2750.2962000000002,2747.2138,218598674,224271061.56909999,0.1121999999999999,-0.0057356367652329002,0,-0.0131649767418885,0.0681679175041814,0.029491693654862702,-0.0197336260681613,0.0067008820265106002,0.0220649728243742,0.14913056004048811,-1.3165
2020-04-01,2743.5409,2773.3640999999998,2731.0794000000001,2734.5214999999998,2750.2962000000002,217253427,225624646.57159999,-0.5736,0.016864522732770702,1,0.018484054660366001,0.0414759597926002,0.029973449825217501,0.018906490627228802,-0.00041459738528370002,0.016806392720465801,0.1190741299215876,1.8484
2020-04-02,2720.2284,2780.6379000000002,2719.9043000000001,2780.6379000000002,2734.5214999999998,217864600,233111575.7112,1.6865000000000001,-0.0059880144768220001,0,-0.021932782793045402,-0.018761271533064301,0.0302036427275853,-0.0100654649229688,-0.0119879824872999,0.0250967230255877,0.0012685224278392001,-2.1932999999999998
2020-04-03,2773.5763999999999,2780.5868,2754.0731000000001,2763.9874,2780.6379000000002,200837404,214062212.03819999,-0.5988,0.020541338213046802,1,0.0084151332919514005,-0.0030951930299061002,0.029749938904303101,-0.0107044203382254,0.019326431880665601,0.022694913191188101,-0.1174091529979186,0.84150000000000003
2020-04-07,2806.9675999999999,2823.2766999999999,2801.8386,2820.7633999999998,2763.9874,270198186,286627794.32810003,2.0541,-0.0019125319053699,0,0.022078136142409301,0.0247683829763913,0.028774659541877402,0.0138887275021508,0.0080772262459549004,0.024163252799198901,-0.0197562632575536,2.2078000000000002
2020-04-08,2805.9166,2823.2139000000002,2800.2963,2815.3685999999998,2820.7633999999998,243515305,253159668.05230001,-0.1913,0.0037419611769486001,1,0.0212289971165249,0.0275302624867181,0.029032059094738601,0.0144817997466852,0.0066508806481535001,0.019620937533685202,0.32368795585054322,2.1229
2020-04-09,2825.8393000000001,2832.395,2820.4326000000001,2825.9036000000001,2815.3685999999998,238184843,247392988.02860001,0.37419999999999992,-0.0103585982196987,0,-0.0116652215019076,0.038317077301664601,0.029099367551510501,-0.0025551172645030002,-0.0091334412508287006,0.012118768216600601,-0.3199776371621148,-1.1665000000000001
2020-04-10,2827.1873000000001,2833.0147999999999,2789.9756000000002,2796.6311999999998,2825.9036000000001,233454768,246376307.2367,-1.0359,-0.0048571295349918,0,,,,,,,,
2020-04-13,2784.5979000000002,2792.8906000000002,2774.0808000000002,2783.0475999999999,2796.6311999999998,177124554,184120284.1397,-0.48570000000000002,0.015894589801482301,1,,,,,,,,
2020-04-14,2794.8009999999999,2827.2981,2789.4279000000001,2827.2829999999999,2783.0475999999999,202696569,223605697.28889999,1.5894999999999999,-0.0056976609699133001,0,0.0137653277775855,0.043825917974438203,0.0281274817718878,0.0088004482200315006,0.0049215675571060002,0.0109931552996469,-0.0648086460152031,1.3765000000000001
2020-04-15,2826.6617999999999,2829.7503000000002,2808.7039,2811.1741000000002,2827.2829999999999,205621146,231631632.23500001,-0.56979999999999975,0.0031164558609158002,1,0.0055583607300806002,0.0516132003162319,0.0280106774173789,0.0019456525899028,0.0036056927148084002,0.0108335977330348,0.17263720563250651,0.55579999999999985
2020-04-16,2798.4295000000002,2823.3382000000001,2796.8388,2819.9349999999999,2811.1741000000002,203003773,222432600.86570001,0.31159999999999982,0.0065815346807638004,1,-0.0118704829877964,0.016683565538428102,0.026469854104341502,0.0026379760511388,-0.0144702867689856,0.020998223888293002,-0.072723440085026,-1.1870000000000001
2020-04-17,2835.5581000000002,2854.9598999999998,2830.0216999999998,2838.4944999999998,2819.9349999999999,245736750,280025229.13950002,0.65820000000000001,0.0049527311044640001,1,-0.0057522486740710001,-0.010177588277714001,0.026492887571777701,-0.0049653473506687,-0.00079082805941190003,0.0102761029664522,-0.0218199135697556,-0.57520000000000004
2020-04-20,2840.4085,2852.9899999999998,2833.2615000000001,2852.5527999999999,2838.4944999999998,211847078,233759313.19260001,0.49530000000000002,-0.0089532085085329005,0,0.0155604014754366,0.017089014479125801,0.0245479347516761,0.018802446842410801,-0.0031822119950952001,0.0149068271235439,0.037924400942072702,1.556
2020-04-21,2842.2372,2842.2372,2808.0214000000001,2827.0133000000001,2852.5527999999999,233235870,248688585.73559999,-0.89529999999999976,0.0060017757963855001,1,-0.0020500410172270001,0.0012217941073227,0.0235209039425738,0.0050680885972108,-0.0070822362138399002,0.011403199343724401,-0.3429189085262081,-0.2049999999999999
2020-04-22,2814.0661,2843.9803999999999,2808.4819000000002,2843.9803999999999,2827.0133000000001,217320000,232796777.7502,0.60019999999999984,-0.0019272284717571,0,-0.022049714714578901,-0.026267218870982201,0.021828372083719301,-0.0033777201991613002,-0.018735277039109401,0.0234981311153874,0.45189417029389561,-2.2050000000000001
2020-04-23,2850.5104000000001,2853.6356999999998,2835.8960999999999,2838.4994000000002,2843.9803999999999,248779037,262662040.5318,-0.19270000000000001,-0.0105584309794111,0,0.0041948343143416002,-0.0104359681826803,0.018235744236740702,-0.0106335540514129,0.0149877615381806,0.019164017139098401,-0.25857197085063,0.41949999999999982
2020-04-24,2834.9387000000002,2834.9387000000002,2802.4989,2808.5293000000001,2838.4994000000002,235185076,244122291.47679999,-1.0558000000000001,0.0024800880660209002,1,0.0035139469710412001,-0.0012134238923288,0.015674889551763702,0.0037788741307209,-0.00026392980217770001,0.012621916716610801,0.083881864283348706,0.35139999999999982
2020-04-27,2812.2422000000001,2832.6662000000001,2802.9578999999999,2815.4947000000002,2808.5293000000001,210130981,225293706.28850001,0.248,-0.0019429622794175001,0,-0.0060886704602515001,-0.022504922067268101,0.0134067284083512,-0.0055373160970450001,-0.00055442438628510002,0.0094539339675990004,-0.33208027341977142,-0.6089
2020-04-28,2819.9913999999999,2821.7449999999999,2758.2458999999999,2810.0243,2815.4947000000002,253872745,270534752.61510003,-0.1943,0.0044192144530563002,1,0.018832771817603101,-0.0020501421700435001,0.0138446033676628,0.0083641995641868007,0.0103817373305601,0.012096261517926201,0.20179471409420541,1.8833
2020-04-29,2801.3829999999998,2831.7642000000001,2800.7379000000001,2822.4423999999999,2810.0243,202061807,222720221.7279,0.44190000000000002,0.013335896597925201,1,0.012183620028550101,0.032883281393486903,0.014010337378849901,0.0049826730817861004,0.0071652448740058003,0.016712424228196202,0.057843247261118301,1.2183999999999999
2020-04-30,2832.3843000000002,2865.5900000000001,2832.3843000000002,2860.0821999999998,2822.4423999999999,242455278,277440934.00709999,1.3335999999999999,0.0063138045472957002,1,,,,,,,,
2020-05-06,2831.6325999999999,2879.2633999999998,2830.6536000000001,2878.1401999999998,2860.0821999999998,249826616,303890031.00489998,0.63139999999999985,-0.0022990540905545001,0,0.0107928414740532,0.0015664253736571,0.015647469813378501,0.0060121623796254003,0.0047521086456048002,0.0097642056763416005,-0.65133879781401816,1.0792999999999999
2020-05-07,2876.4726999999998,2882.0221999999999,2864.5812999999998,2871.5232000000001,2878.1401999999998,226736957,268607485.28359997,-0.22989999999999991,0.0082956669129469005,1,0.0112624671850032,-0.0058755839134369001,0.015723723699248401,-2.6813403014691595e-05,0.0112895833001646,0.0153762297506435,0.3491693193086558,1.1262000000000001
2020-05-08,2882.7078000000001,2903.7966999999999,2879.2033999999999,2895.3444,2871.5232000000001,226822075,276562716.95029998,0.8296,-0.0001873352268558,0,-0.0064981928519462001,-0.024224079140753502,0.015816142322267,-0.00069062719057640001,-0.0058115792960518001,0.0085887176291808004,-0.36117484926158561,-0.64980000000000004
2020-05-11,2901.5738999999999,2914.2838000000002,2884.3806,2894.8020000000001,2895.3444,225120410,271930641.51239997,-0.018700000000000001,-0.0011211820359388,0,0.0104058984271888,-0.0167759648655086,0.015228996307325601,0.0088709095632599003,0.0015214918473498,0.0069476906987014,-0.033151572604136703,1.0406
2020-05-12,2894.6170999999999,2897.9018000000001,2871.23,2891.5563999999999,2894.8020000000001,197082985,238476218.83899999,-0.11210000000000001,0.0022455380776942001,1,0.0153482208337787,0.041850951562222002,0.0148727949226812,0.0099054195657728005,0.0053894168330597004,0.012243001184061001,0.134952391184365,1.5347999999999999
2020-05-13,2882.9551999999999,2900.2586999999999,2875.5354000000002,2898.0495000000001,2891.5563999999999,185061310,223866906.9235,0.22459999999999991,-0.0095606717552615007,0,-0.0144857788331546,0.015795608132169701,0.0150101567754368,-0.0099203074864462008,-0.0046112160275883001,0.0111714222304961,0.0145883119476817,-1.4486000000000001
2020-05-14,2887.0576999999998,2887.0576999999998,2869.1831999999999,2870.3422,2898.0495000000001,197776202,237336974.70300001,-0.95609999999999995,-0.0006561935367845,0,-0.0026965628516089002,0.0017740045771141,0.0147030204828793,-0.0055271702010420004,0.00284633955259,0.014057349597949,-0.085013645915989103,-0.2697
2020-05-15,2880.7067000000002,2884.2199000000001,2863.3697999999999,2868.4587000000001,2870.3422,188983592,246878191.08050001,-0.065600000000000006,0.0024260066913285002,1,-0.014497752302494,-0.0062921616321171001,0.014975085930499401,-0.0058820610166127,-0.0086666691627070008,0.012031281663172,0.22250918120768751,-1.4498
2020-05-18,2872.5243999999998,2889.9794999999999,2862.2709,2875.4176000000002,2868.4587000000001,226022882,289089595.54339999,0.24260000000000001,0.0080539258019425002,1,-0.0013541901841983,-0.017857901946209901,0.0147618291107175,0.00020730398233470001,-0.001561170529665,0.0131562492918512,-0.11752235244507141,-0.13539999999999991
2020-05-19,2897.6867000000002,2900.2186999999999,2887.5767999999998,2898.576,2875.4176000000002,197222405,256277803.07179999,0.8054,-0.0051191343611484003,0,0.0057695208776393,-0.0271233384521458,0.0147758417667019,-0.0025548934403532,0.0083457367861625009,0.0096598503958614003,0.086045815045826701,0.57699999999999985
2020-05-20,2896.4657000000002,2896.4657000000002,2876.1765999999998,2883.7377999999999,2898.576,210519985,269176553.62470001,-0.51190000000000002,-0.0054838896934387002,0,0.018941481367901102,0.0058752734507756003,0.014981687196943301,0.023178831465687701,-0.0041413582528057004,0.0099478708172252,0.20676527099402431,1.8940999999999999
2020-05-21,2890.7213000000002,2891.5176999999999,2864.2073,2867.9236999999998,2883.7377999999999,203532038,250569937.5528,-0.5484,-0.018884149532987601,0,0.00048466200565590003,0.0090838409779863006,0.014973042652062601,0.0030658357159815,-0.0025732844429727001,0.0081646276282764003,-0.34548843649484512,0.048500000000000001
2020-05-22,2863.0462000000002,2863.0462000000002,2808.0176999999999,2813.7654000000002,2867.9236999999998,209063712,245229603.6979,-1.8884000000000001,0.001494189956277,1,-0.0049147641695987,0.018896135669125801,0.0140942770766232,0.0052852567320831002,-0.0101463946013092,0.013145518740817,0.029126880638361701,-0.49149999999999983
2020-05-25,2816.241,2821.4978000000001,2802.4652999999998,2817.9697000000001,2813.7654000000002,172885557,202115352.62729999,0.14940000000000001,0.0101412020150535,1,-0.0555967187849436,-0.036446311309563502,0.018920140696601102,-0.0215452781565755,-0.034801243090957501,0.036188176044263401,0.91496766987276756,-5.5597000000000003
2020-05-26,2827.8966999999998,2848.3371000000002,2825.9009999999998,2846.5473000000002,2817.9697000000001,174562369,207427833.71059999,1.0141,-0.0034229889663171002,0,0.00096379699382550003,-0.041050321352576101,0.018890434478480801,-0.0089157763537421001,0.0099684498167272005,0.019577726084533301,-0.73275068475473737,0.0964
2020-05-27,2847.3198000000002,2848.9965000000002,2831.9281000000001,2836.8036000000002,2846.5473000000002,198149343,227934395.7394,-0.34229999999999983,0.0033199689960911002,1,0.018839991216543402,-0.041145836109615502,0.019422035235920801,0.010722265016399101,0.0080316091582415001,0.013767283716098901,-0.21896567205746451,1.8839999999999999
2020-05-28,2838.2071999999998,2861.9241000000002,2820.1455000000001,2846.2217000000001,2836.8036000000002,207546019,239234260.63589999,0.33200000000000002,0.0021535567661508,1,-0.0035621642563971002,-0.045024272590722503,0.018870571763683001,0.0055797261965750003,-0.0090911642456731005,0.016272633427212201,0.25674819848746272,-0.35620000000000002
2020-05-29,2835.5839999999998,2855.3755999999998,2829.6271000000002,2852.3512000000001,2846.2217000000001,206792804,233798996.64269999,0.21540000000000001,0.022115053714283101,1,-0.0072356291649928002,-0.047251589063110701,0.018606475627092101,-0.0040602780266902,-0.0031882965085589,0.028027977766104401,0.2490882919547559,-0.72360000000000002
2020-06-01,2871.9641000000001,2917.1507999999999,2871.9641000000001,2915.4310999999998,2852.3512000000001,260196050,307416215.14780003,2.2115,0.0020466612982209002,1,-0.0074046503746201002,0.0013663239735998,0.018584026018063301,-0.0152013853945658,0.0079170856907323003,0.0133429819874497,0.42956237816387061,-0.74050000000000005
2020-06-02,2916.3168000000001,2926.3588,2909.1277,2921.3980000000001,2915.4310999999998,256108049,294402745.88779998,0.20469999999999991,0.00067539582076790001,1,0.033580167123446303,0.033995810430702801,0.018014678940600801,0.025191766903425401,0.0081822742737758004,0.0116024801547984,-0.34328936721397341,3.3580000000000001
2020-06-03,2930.3906000000002,2942.7597000000001,2922.6612,2923.3710999999998,2921.3980000000001,255663980,300447817.00730002,0.067500000000000004,-0.0014095028852134,0,0.0110995376807855,0.026140213285119202,0.018024113036132001,0.0025163783702698002,0.0085616150475950007,0.009682494737179,-0.34842961218079432,1.1100000000000001
2020-06-04,2931.8375999999998,2932.9677000000001,2910.7516000000001,2919.2505999999998,2923.3710999999998,226605873,254345984.47999999,-0.1409999999999999,0.0039560495423036001,1,0.0137389908459514,0.0439570909165816,0.018110802110921601,0.012819668660615201,0.00090768595218140001,0.0060030988575567002,0.30302992181846022,1.3738999999999999
2020-06-05,2923.1891000000001,2930.7993000000001,2909.1181000000001,2930.7993000000001,2919.2505999999998,217360673,253141142.47760001,0.39560000000000001,0.0023788391105457,1,0.0016723109215712,0.05332437633901,0.0180355309915903,0.0130816809602386,-0.0112620435776242,0.018077237085837802,-0.26219432783023122,0.1671999999999999
2020-06-08,2941.9816000000001,2950.0655999999999,2934.2103000000002,2937.7712000000001,2930.7993000000001,231124360,274611815.611,0.2379,0.0062429640538377001,1,0.016584791289609001,0.078781541425701304,0.018257502262171502,0.0008979615288328,0.015672756228632002,0.022845487414995001,0.2384952499958341,1.6585000000000001
2020-06-09,2939.5351000000001,2957.1185999999998,2932.9385000000002,2956.1116000000002,2937.7712000000001,209048585,251414696.2396,0.62429999999999986,-0.0041808638077128002,0,0.00025675796242370002,0.044000805645586602,0.017954102130094501,0.0099974122350011008,-0.0096442368609863001,0.013735339867204301,-0.1214386899578165,0.025700000000000001
2020-06-10,2951.2784000000001,2951.3298,2934.8427999999999,2943.7525000000001,2956.1116000000002,207925969,243968496.5381,-0.41810000000000003,-0.0077641377799254003,0,0.0113190702420048,0.044227481815673701,0.017745801279847501,0.0052161762812503003,0.0060712253789347,0.0167874989354947,0.036962853802354,1.1318999999999999
2020-06-11,2939.7914000000001,2952.6509999999998,2912.1932000000002,2920.8968,2943.7525000000001,233722947,289023256.10699999,-0.77639999999999976,-0.0003957688611251,0,-0.00029891584142200002,0.029767381057502301,0.017721912477091002,0.0048612735171736001,-0.0051352256222736,0.0133885562724037,-0.1112818520405678,-0.029899999999999798
2020-06-12,2876.8029000000001,2930.2550000000001,2872.6165000000001,2919.7408,2920.8968,236008642,274321726.17900002,-0.039600000000000003,-0.0101756292887368,0,-0.0227379696308103,0.0046724369313355003,0.018212667623241401,-0.0020714794131512001,-0.020709389291234601,0.023120808088550101,-0.069518965808356301,-2.2738
2020-06-15,2908.2766999999999,2922.5364,2890.0306,2890.0306,2919.7408,243205046,293361556.83359998,-1.0176000000000001,0.0144353834869429,1,-0.0073026513317932,-0.018935092313772502,0.0183101667607336,-0.022853209641280701,0.015914250001044902,0.017266642565507102,-0.0078824961135469003,-0.73029999999999995
2020-06-16,2912.8251,2931.7791000000002,2909.1341000000002,2931.7492999999999,2890.0306,223313065,270948558.45499998,1.4435,0.0014065663800106,1,-0.021580255936082701,-0.040353121088826202,0.018961430973545301,-0.0127564772041752,-0.0089377934908287,0.022962070466780001,0.14277938865417281,-2.1579999999999999
2020-06-17,2932.6707999999999,2936.6161999999999,2919.0353,2935.873,2931.7492999999999,234654391,278007110.72960001,0.14069999999999991,0.0011724280988993001,1,0.0238525126225188,-0.0284600606132684,0.019251365220017701,0.022761540062959901,0.0010666929844580001,0.0097792189494446003,-0.26687490090843002,2.3853
2020-06-18,2929.8798999999999,2942.8982999999998,2920.1053999999999,2939.3150999999998,2935.873,258691377,289367727.80419999,0.1172,0.0096345573837934,1,0.0056407941311421,-0.022687669687457501,0.019291440253171602,0.00079280022379130002,0.0048441534614024001,0.0138099226547387,-0.2317063305727397,0.56410000000000005
2020-06-19,2938.7887000000001,2973.3164000000002,2935.8238999999999,2967.6341000000002,2939.3150999999998,264313961,319089106.63169998,0.96350000000000002,-0.00079605501230770005,0,-0.00067275536825700001,-0.00062131972230570001,0.0192538421115349,-0.0038845801773671001,0.0032243500554202001,0.0140126732896511,0.34854490435568941,-0.067299999999999902
2020-06-22,2966.9007999999999,2983.4382000000001,2959.0349999999999,2965.2716999999998,2967.6341000000002,267883834,346028748.35909998,-0.079600000000000004,0.0018037470225746,1,0.0073145489014073001,0.014094261313555,0.014026148934148001,-0.0037433159451851,0.011099413457972,0.018074027567613001,0.2773531175134884,0.73150000000000004
2020-06-23,2960.8874999999998,2972.4025000000001,2949.8469,2970.6203,2965.2716999999998,225212208,305378770.52990001,0.1804,0.0030061734917786001,1,-0.0053786151455796002,0.0308866360067208,0.014162386555047,-0.0046810791640443002,-0.00070081655932900005,0.0096486390744319004,-0.39375476491238892,-0.53790000000000004
2020-06-24,2972.9827,2982.9425000000001,2971.2235000000001,2979.5504999999998,2970.6203,213200732,297008784.13239998,0.30059999999999992,-0.0060526243807580002,0,0.016155787484486601,0.023137032437852301,0.0140202365410537,0.0012280030385936,0.0149094755645962,0.029474520772833902,-0.0400139052744155,1.6155999999999999
2020-06-29,2973.0756999999999,2977.9122000000002,2951.7701999999999,2961.5164,2979.5504999999998,220622729,293886016.00529999,-0.60529999999999995,0.0078195413673887004,1,-0.0093452475588723001,0.0034764033756062001,0.0141520007765984,-0.0033734733620698,-0.0059919880087359002,0.0088295419420390004,0.052607729378305303,-0.9345
2020-06-30,2965.1053999999999,2990.8253,2965.1053999999999,2984.6741000000002,2961.5164,214957214,297312328.4138,0.78200000000000003,0.013839668458274701,1,-0.0101307576907363,-0.0139024317995251,0.0142708495797393,0.0031629340785881001,-0.0132517772713909,0.019512024241150401,0.19589100018917441,-1.0130999999999999
2020-07-01,2991.1813000000002,3026.1862000000001,2984.9841000000001,3025.9810000000002,2984.6741000000002,273313140,369883802.2967,1.3839999999999999,0.021344582137164701,1,,,,,,,,
2020-07-02,3023.7188999999998,3092.4432000000002,3021.6736000000001,3090.5693000000001,3025.9810000000002,391127996,478216482.34640002,2.1345000000000001,0.020139752245646101,1,0.0051812085618534003,-0.0034331048404534002,0.0123440458041548,0.0068704199943379002,-0.0016776850316983,0.013449497310429701,0.030294802483469201,0.5181
2020-07-03,3103.9951999999998,3152.8126000000002,3103.9951999999998,3152.8126000000002,3090.5693000000001,458793851,535489334.73519999,2.0139999999999998,0.057113480198600901,1,0.028533777319454001,0.0087062689151068007,0.013607374706589201,0.0055831227415022002,0.022823229685261501,0.022950654577951701,0.37253893447660502,2.8534000000000002
2020-07-06,3187.8393000000001,3337.2723000000001,3187.8393000000001,3332.8807000000002,3152.8126000000002,643878906,724153675.70079982,5.7112999999999996,0.0037373674971322001,1,0.0099079811130227003,0.023870148715295601,0.0134653969328955,0.0077650264545843003,0.0021264427740441002,0.0107856213473947,-0.16853189675180141,0.99080000000000001
2020-07-07,3380.9535999999998,3407.0810999999999,3336.2415999999998,3345.3368999999998,3332.8807000000002,657840159,793638372.42480004,0.37369999999999992,0.0173684151213588,1,0.0380733626767224,0.072878644757085206,0.015670402189935501,0.0067953803079794,0.031066871164203001,0.035882855557377101,0.74402562100295455,3.8073000000000001
2020-07-08,3337.5518000000002,3421.5311999999999,3327.7062000000001,3403.4400999999998,3345.3368999999998,587081685,696807634.53789997,1.7367999999999999,0.013854629026672101,1,-0.0138007438354145,0.068900897401289102,0.015859547175650301,0.0088051403309750004,-0.022408573531824901,0.033064076454981703,-0.22131882404348771,-1.3801000000000001
2020-07-09,3403.4832000000001,3456.9721,3393.6379000000002,3450.5934999999999,3403.4400999999998,620001823,751406830.3951,1.3855,-0.019495573732460601,0,0.005910148192577,0.069676045423153504,0.015867897157142902,0.0039633256671822003,0.0019391370935797,0.0173262200074993,-0.41569174220595773,0.59099999999999975
2020-07-10,3418.9346999999998,3433.1084999999998,3372.5066000000002,3383.3222000000001,3450.5934999999999,556120011,703197550.44449997,-1.9496,0.0177234376318047,1,0.0030992170439332,0.0432240800598944,0.015741019967680001,0.0084943346863543007,-0.0053496757065067003,0.013708428660983501,-0.0516454285098858,0.30990000000000001
2020-07-13,3379.3867,3458.7914000000001,3369.0378000000001,3443.2863000000002,3383.3222000000001,558006875,717397053.09920001,1.7723,-0.0083256800342161007,0,-0.018418430104966702,0.0139632020027493,0.016409856132556001,-0.0106210721338595,-0.0078810633130467003,0.0216538166878797,-0.1353716263372533,-1.8418000000000001
2020-07-14,3435.0237000000002,3451.2224000000001,3366.0828000000001,3414.6185999999998,3443.2863000000002,543211492,707327005.1573,-0.83260000000000001,-0.0156135153718192,0,0.0017378352504195001,-0.0215284010575887,0.0153911067427534,0.0047183140471580001,-0.002966482003033,0.015104513046591101,-0.0069620659491214003,0.17380000000000001
2020-07-15,3422.0778,3432.4506000000001,3345.7487999999998,3361.3044,3414.6185999999998,492030542,674727409.78629994,-1.5613999999999999,-0.044984262657080401,0,-0.0114166005745743,-0.019162939459478601,0.0155582177746195,-0.0042278244863051002,-0.0072192980131831003,0.015863654212381301,0.024604636902498801,-1.1416999999999999
2020-07-16,3356.3589999999999,3373.5317,3209.7271999999998,3210.0985999999998,3361.3044,490613123,679468340.64849997,-4.4984000000000002,0.001255444303175,1,0.000144831459748,-0.024784551218216402,0.0145132080633992,0.016127316665548001,-0.015728821520365002,0.023134568835959001,-0.16463639803881941,0.014500000000000001
2020-07-17,3214.4022,3252.7786000000001,3181.2745,3214.1287000000002,3210.0985999999998,359652413,486536118.26880002,0.1255,0.031118946792640701,1,-0.020049384692785902,-0.0472896769802243,0.0146033388255774,0.0026615304074549002,-0.022650629760385801,0.025765278291220502,0.045317500515093201,-2.0049000000000001
2020-07-20,3243.9105,3314.1489999999999,3220.6840000000002,3314.1489999999999,3214.1287000000002,418555306,544045656.23230004,3.1118999999999999,0.0020354244785010002,1,0.0047447627598595004,-0.0248077828277312,0.0145909221610101,0.0068628460006512002,-0.0021036462406025,0.0099592762554819008,-0.35081250333786862,0.47449999999999992
2020-07-21,3330.5466999999999,3336.6790999999998,3300.5718999999999,3320.8946999999998,3314.1489999999999,359252029,488862180.37050003,0.2034999999999999,0.0036944260834288001,1,-0.0012427672976027,-0.0277094007012227,0.014595590034570401,-0.0027729095860882002,0.0015343970327263,0.0181727813235751,0.19182973669228071,-0.1242999999999999
2020-07-22,3315.1815999999999,3381.9757,3311.7862,3333.1635000000001,3320.8946999999998,393335335,540577040.59360003,0.36940000000000001,-0.0024161131009624,0,0.0230533255061557,0.0061924280228857001,0.0153422104733266,0.0147286354571932,0.0082038584091120009,0.0102673837765917,0.059704826313970102,2.3052999999999999
2020-07-23,3306.1489000000001,3336.3002000000001,3257.8269,3325.1102000000001,3333.1635000000001,407042499,546887089.70770001,-0.24160000000000001,-0.038597758353993802,0,-0.022535795840637501,-0.016625342698529701,0.0162352163722774,-0.0023564831176571001,-0.020226977253399201,0.028152971290772301,0.31045868416864941,-2.2536
2020-07-24,3310.6448999999998,3319.1268,3184.9645,3196.7683999999999,3325.1102000000001,427054026,584311865.01660001,-3.8597999999999999,0.0026459220505307001,1,0.0081834340731919003,0.0117061242600826,0.015944672101899902,0.0071019405425984004,0.0010738669910721,0.014126859590213601,-0.2242115462495633,0.81830000000000003
2020-07-27,3210.3863000000001,3221.9845999999998,3174.6583000000001,3205.2267999999999,3196.7683999999999,299319021,402231919.28890002,0.2646,0.0070926650182757001,1,-0.022074575466096501,-0.0152990314147496,0.0167110880343978,-0.0087970549815936001,-0.013395360204722,0.019896291018485501,0.46136247507808642,-2.2075
2020-07-28,3226.1329000000001,3245.2966999999999,3208.4938999999999,3227.9603999999999,3205.2267999999999,289377861,389873696.21469998,0.70930000000000004,0.0206296520861903,1,-0.0041314971303764002,-0.018147105972984901,0.016598282993841602,0.0082828280375124002,-0.0123123441386497,0.018034569868121401,-0.7088771756052008,-0.41320000000000001
2020-07-29,3221.9883,3294.5520999999999,3209.9902000000002,3294.5520999999999,3227.9603999999999,324924062,453094399.51550001,2.0630000000000002,-0.0023463280486593001,0,0.0068893309260642001,-0.033660143721675202,0.016474519372825201,0.0137981714618307,-0.0068148086377037001,0.0122093576217136,-0.093267606930801605,0.68889999999999985
2020-07-30,3299.5718000000002,3312.4508000000001,3282.1617000000001,3286.8220000000001,3294.5520999999999,340704121,476974005.60879999,-0.2346,0.0070537741319729001,1,0.0044557005355883002,-0.0069758328098797001,0.0164658320064986,-0.0025128407169811001,0.0069860961995522001,0.0094430333963595008,-0.229049663812912,0.4456
2020-07-31,3280.7959000000001,3333.7858999999999,3261.6134999999999,3310.0065,3286.8220000000001,353758979,495778040.7022,0.70540000000000003,0.0175103281519235,1,-0.0069344142258572,-0.021866365831452801,0.0152126484041028,0.0038620527795125001,-0.010754930894614901,0.023359592077205601,0.49916336968096242,-0.69340000000000002
2020-08-03,3332.1826000000001,3368.1028000000001,3327.6772999999998,3367.9657999999999,3310.0065,407460867,572430759.8247,1.7509999999999999,0.0011050290356272,1,-0.0046635875549713001,-0.0044516709552150004,0.015024618204045,0.0014851931904500001,-0.0061396621609881002,0.0163516937474984,-0.0092850742705063005,-0.46639999999999993
2020-08-04,3376.4402,3391.0743000000002,3352.5016999999998,3371.6875,3367.9657999999999,442328551,604942141.52129996,0.1105,0.001743133075055,1,-0.0055791033670996,-0.0058988117834789001,0.0118072808208256,-0.0011603819421149,-0.0044238547861930001,0.0161128018100982,0.13233901511107321,-0.55789999999999995
2020-08-05,3363.3323999999998,3383.6365000000001,3333.877,3377.5648000000001,3371.6875,385823027,526515054.65750003,0.17430000000000001,0.0026345312457070002,1,0.019972908803739201,0.0070185962323132001,0.012660634490493001,0.0084417737578462004,0.0114346066832625,0.021382256125059201,-0.054158690814244001,1.9973000000000001
2020-08-06,3380.7620999999999,3392.7048,3334.3341,3386.4630999999999,3377.5648000000001,415302510,570488248.06519997,0.26350000000000001,-0.0095757429041527006,0,0.0062497419491128001,0.0088172151906873008,0.0126719432833749,0.0033174821609169001,0.0029225642334871002,0.011982780840538301,-0.2546831676799019,0.625
2020-08-07,3370.5877999999998,3374.1329999999998,3307.7127,3354.0351999999998,3386.4630999999999,403929633,561435649.55050004,-0.95760000000000001,0.0075184661150840002,1,-0.0068503027980435002,0.0089026607620457006,0.012659583423291,0.0039398403508168001,-0.010747798538496001,0.022322442270781898,0.0769829032136186,-0.68500000000000005
2020-08-10,3341.5275999999999,3399.9322999999999,3335.0427,3379.2523999999999,3354.0351999999998,381379630,527083944.58469999,0.75180000000000002,-0.0115298874981933,0,-0.016002836676884302,-0.0025911401951994001,0.012509582706121901,-0.00085076239702410004,-0.0151649760712535,0.0297457981322535,0.0087068458722078003,-1.6003000000000001
2020-08-11,3379.4874,3409.0589,3336.0945000000002,3340.29,3379.2523999999999,400452706,514020764.10140002,-1.153,-0.0062941840379128,0,-0.0062853574284942003,-0.0032995163571376,0.0125018411282206,-0.0063102232954855,2.5023772584065185e-05,0.0107347170712737,-0.2480508835480339,-0.62849999999999995
2020-08-12,3327.4929000000002,3335.7289999999998,3263.2653,3319.2656000000002,3340.29,378328959,480731246.07849997,-0.62939999999999985,0.00044000697021640001,1,0.021054311303529302,-0.0022427879036165002,0.013387797217163501,0.011675143770282601,0.0092709281146248004,0.0151586939230262,0.2592901800478184,2.1053999999999999
2020-08-13,3328.1754000000001,3338.1518000000001,3309.4629,3320.7260999999999,3319.2656000000002,324291278,387162288.59829998,0.0439999999999999,0.0118566538806077,1,0.0141956748469709,0.0056360830417958004,0.0138172388205743,-0.00088587374872820001,0.0150949207897659,0.024360925454828802,0.079979900801923506,1.4196
2020-08-14,3315.6687000000002,3362.0266999999999,3302.7357000000002,3360.0988000000002,3320.7260999999999,305998376,367467421.74000001,1.1857,0.0234225850739864,1,-0.00052883811690850003,0.0120370244093799,0.0130210230733284,0.0097448821542687001,-0.0101745702828009,0.0136887864928011,-0.0015622615865407,-0.052900000000000003
2020-08-17,3373.9018000000001,3450.8987000000002,3369.3742000000002,3438.8009999999999,3360.0988000000002,434598260,537425075.05330002,2.3422999999999998,0.0035734548175365001,1,-0.0018889708438182,0.026553077212185801,0.012994309619076,-0.0062709392972915001,0.0044096209185777004,0.013395601464408101,-0.20848205356583621,-0.18890000000000001
2020-08-18,3441.9337,3456.7206000000001,3432.6401999999998,3451.0893999999998,3438.8009999999999,380729275,493052155.32609999,0.35730000000000001,-0.0124484170129003,0,0.0065254312332003002,0.039787213008098003,0.013062730626514101,0.001162291560858,0.0053569133771319,0.0168915471184738,0.31323125809872282,0.65249999999999975
2020-08-19,3444.5646000000002,3454.4612999999999,3406.1642000000002,3408.1288,3451.0893999999998,405722214,498262158.31629997,-1.2447999999999999,-0.0129777959095912,0,0.0007906155044276,0.019151746758224002,0.0119552364346674,0.0048774348708779001,-0.0040669829221265004,0.0084067992933379004,-0.2423581700971516,0.079100000000000004
2020-08-20,3385.9645,3394.5569999999998,3352.7766999999999,3363.8987999999999,3408.1288,335600982,401815550.09579998,-1.2978000000000001,0.0049893593707396001,1,-0.0074296202445817,-0.0025792247035139001,0.0109192916054259,-0.0003291628855641,-0.0071027953356258,0.0119547229552282,-0.30418770709610482,-0.74299999999999977
2020-08-21,3380.2269000000001,3393.9175,3358.0005000000001,3380.6824999999999,3363.8987999999999,287488340,361281752.66479999,0.49890000000000001,0.0014659170152773,1,-0.015390658292992,-0.017410556279321601,0.0112893207781854,-0.0049072815304554004,-0.01053507534319,0.0172378391280638,0.5667988826517778,-1.5390999999999999
2020-08-24,3391.1131999999998,3396.5663,3368.0257999999999,3385.6383000000001,3380.6824999999999,266227841,345683380.01480001,0.14660000000000001,-0.003562164333975,0,0.0130065317031438,-0.0027466931077736001,0.010522430713976801,0.0087022147608502003,0.0042671829994085,0.0118157957258548,-0.50015387754662832,1.3007
2020-08-25,3392.8797,3408.8697000000002,3364.1601999999998,3373.5781000000002,3385.6383000000001,277113421,355997790.76779997,-0.35620000000000002,-0.012994897020466,0,0.0174302297060107,0.0080576502307540005,0.0110728960850634,0.0095146739805619003,0.0078409516270200007,0.0090161440862884003,0.1109383368699923,1.7430000000000001
2020-08-26,3371.8083000000001,3382.6032,3320.1354999999999,3329.7388000000001,3373.5781000000002,294451036,381928906.55430001,-1.2995000000000001,0.0061187982672992001,1,-0.0025579631474844,0.0046847565653210001,0.0110526242635539,0.0013858242817077,-0.0039383295964081,0.0105206801301524,-0.0010553804884523,-0.25580000000000003
2020-08-27,3333.4908999999998,3351.8323999999998,3312.9859000000001,3350.1127999999999,3329.7388000000001,237099353,317153391.52450001,0.6119,0.016027460329097,1,0.00021854947497110001,0.0124262726226035,0.011033144858930701,0.0013415092548050001,-0.0011214553371202,0.0095400573329430007,-0.023186752121272702,0.021899999999999802
2020-08-28,3346.2892999999999,3405.8768,3339.6493999999998,3403.8065999999999,3350.1127999999999,271325549,379367046.37129998,1.6027,-0.0023882379216256001,0,-0.0082630525357380007,0.019755245671985201,0.0110889818445648,-0.00086380752391250004,-0.0074056420611570001,0.011115343410564801,0.25383608740102293,-0.82630000000000003
2020-08-31,3416.5497,3442.7363,3395.4675000000002,3395.6774999999998,3403.8065999999999,323473890,436930125.41619998,-0.23880000000000001,0.0043965600384606,1,0.0055737179677348,0.0122729140585431,0.011040234279208101,0.0019627271702433,0.0036039172911047001,0.0194310780957354,0.19388819566355761,0.55740000000000001
2020-09-01,3389.7424000000001,3410.6068,3381.7107999999998,3410.6068,3395.6774999999998,246999249,326850955.34789997,0.43969999999999992,-0.0017020724875116001,0,-0.0096376926181434008,-0.0146578019832825,0.0112171879914279,0.012211048199870501,-0.0215851633479698,0.026357423434607601,0.43644322589528162,-0.96379999999999999
2020-09-02,3420.4693000000002,3421.3959,3377.2111,3404.8017,3410.6068,261546319,345638982.32950002,-0.17019999999999991,-0.0058215137756775,0,0.00030980595423200002,-0.0118248214132972,0.01034122011962,-0.0036294959099656002,0.0039536516266058001,0.0102748336282447,-0.61390085795708771,0.031
2020-09-03,3404.0319,3425.6293999999998,3374.2633999999998,3384.9805999999999,3404.8017,255346279,350706563.89960003,-0.58220000000000005,-0.0087486468903248005,0,-0.0025713871633143001,-0.0145811651516037,0.0102721319586666,0.0021842496580286,-0.0047452719626812001,0.012256971949406101,0.30659192414463893,-0.2571
2020-09-04,3336.4076,3360.1061,3328.5518000000002,3355.3665999999998,3384.9805999999999,221636550,308179657.6487,-0.87490000000000001,-0.018709103202016401,0,-0.0044780890514325,-0.0108203147404292,0.0102012889312619,-0.0037061969125108001,-0.0007747635652549,0.0143884834807518,-0.157585508938137,-0.44779999999999992
2020-09-07,3349.9184,3368.2446,3285.6325999999999,3292.5907000000002,3355.3665999999998,260616567,357726463.91500002,-1.8709,0.0072363382427092001,1,-0.012482205409555301,-0.0285818694472438,0.0099337847532936004,-0.0135478414561972,0.0010802713921929,0.0130088453110254,0.5251230503380846,-1.2482
2020-09-08,3301.2172999999998,3324.3928999999998,3276.4431,3316.4169999999999,3292.5907000000002,271066278,320229901.3276,0.72360000000000002,-0.018631281892475801,0,-0.0042841900026117001,-0.023330771476404,0.0098730114603466004,-0.0030138750255613001,-0.0012741551213493001,0.0175206363925338,-0.70143166841653026,-0.4284
2020-09-09,3280.9974000000002,3289.6147999999998,3238.5605999999998,3254.6279,3316.4169999999999,351509747,341054534.05909997,-1.8631,-0.0060850274158835002,0,0.0014107561514702001,-0.022255840316698201,0.0086154878519893001,0.0079549729256006008,-0.0064925685669625002,0.01805393732729,0.20926163336854131,0.1411
2020-09-10,3282.232,3285.4731000000002,3227.6435000000001,3234.8234000000002,3254.6279,312472804,309676743.62629998,-0.60850000000000004,0.0078899824948710003,1,-0.0063112351437643001,-0.025921881649309302,0.0079702790067003003,-0.0133575153689399,0.0071416752622508002,0.012490080952423301,-0.1705206500790391,-0.63109999999999977
2020-09-11,3225.7836000000002,3262.4976000000001,3220.5363000000002,3260.3461000000002,3234.8234000000002,221698830,254844994.25999999,0.78900000000000003,0.0056643372922892,1,-0.0063505024535196004,-0.027753962795309901,0.0080378912796397004,0.0047411145481228,-0.0110392785176615,0.013175484175237701,-0.25952552473262702,-0.6351
2020-09-14,3275.9180999999999,3283.5324999999998,3261.1478999999999,3278.8137999999999,3260.3461000000002,213924137,269219919.6541,0.56640000000000001,0.0051438419589426004,1,0.0078051159970946001,-0.0077803805964255001,0.0083207606763944005,0.0016077461365149,0.0061874220566731,0.0115009990318151,-0.0322903494643682,0.78049999999999975
2020-09-15,3277.1284000000001,3297.6904,3263.7521999999999,3295.6795000000002,3278.8137999999999,197684400,251763868.53349999,0.51439999999999975,-0.0035668213489813,0,0.0055898570438031002,0.0020589963663573,0.0082767617998767001,0.0026820866242152001,0.002899992388792,0.0079348463534110007,-0.1799839096398336,0.55900000000000005
2020-09-16,3293.1678000000002,3302.4555999999998,3271.0749999999998,3283.9243999999999,3295.6795000000002,200443364,242270893.45449999,-0.35670000000000002,-0.0041077072298009,0,0.0037532041032000002,0.0044029606478792,0.0083439125081467003,-0.00075607907052970002,0.0045126951280680004,0.0083286391226071003,0.46285440565313052,0.37530000000000002
2020-09-17,3277.3238000000001,3290.4094,3248.4989999999998,3270.4349999999999,3283.9243999999999,202931972,279311053.42820001,-0.4108,0.0206867587950838,1,-0.00028828161515320001,0.0104908551375151,0.0082166078941445005,0.0036874170129009001,-0.0039610924284440002,0.0078693198818084002,-0.28547360783532122,-0.028799999999999801
2020-09-18,3270.9110000000001,3338.3243000000002,3268.5259999999998,3338.0897,3270.4349999999999,256260788,337025892.90429997,2.0687000000000002,-0.0063373371901897001,0,-0.015561989724832101,0.0011232424402205,0.0082326110987580008,-0.0019906469521706002,-0.0135984124108815,0.018721059888059301,0.2243078039057842,-1.5562
2020-09-21,3348.8987999999999,3350.5893000000001,3313.0713999999998,3316.9351000000001,3338.0897,216503093,287691308.07069999,-0.63370000000000004,-0.012853311480227701,0,0.0047064913509593,-0.0019548379382213002,0.0076866141076261003,0.00165483128157,0.0030466184299086001,0.0084693016061477,0.34456483621798911,0.47060000000000002
2020-09-22,3290.6655999999998,3320.2278000000001,3265.7024999999999,3274.3015,3316.9351000000001,214015065,269113293.65649998,-1.2853000000000001,0.0016519553865153001,1,-0.020638378174808701,-0.0279862891168444,0.0075160513037969001,0.001165386309205,-0.0217783842531688,0.025128591178802302,-0.36239330858647101,-2.0638000000000001
2020-09-23,3278.8357999999998,3289.7624000000001,3264.8906999999999,3279.7105000000001,3274.3015,169178068,240742428.78670001,0.16520000000000001,-0.0172375275195784,0,-0.0097633930379459003,-0.041075480455881101,0.007654919690174,-0.0046353570606942002,-0.0051519169518705003,0.0097237282099179,-0.030968568394547001,-0.97629999999999995
2020-09-24,3262.8789999999999,3265.3451,3221.2365,3223.1763999999998,3279.7105000000001,206736011,258259919.7245,-1.7238,-0.0011660857283516,0,0.0010819312008130001,-0.039761170898375602,0.0076797627502769002,-0.00066324153502660002,0.0017463309750762001,0.0099169999388619007,0.056148149762739401,0.1082
2020-09-25,3234.3739,3239.4661999999998,3208.0349000000001,3219.4178999999999,3223.1763999999998,164822419,220674476.95820001,-0.1166,-0.00058498152725050003,0,-0.018171625493681901,-0.0423066573270858,0.008296674767899,-0.0086208239988104004,-0.0096338532481540003,0.0153770599654373,0.15253302977172281,-1.8171999999999999
2020-09-28,3224.9769000000001,3238.1824999999999,3210.8924999999999,3217.5346,3219.4178999999999,155982783,209672387.61680001,-0.058500000000000003,0.0021210960715076,1,-0.0032452392790206001,-0.049886303276044,0.0079888561074214007,0.0049195510973971002,-0.0081248199097148002,0.015915614341169101,-0.064526540660747103,-0.32450000000000001
2020-09-29,3231.8551000000002,3242.7937000000002,3219.7901999999999,3224.3593000000001,3217.5346,151349870,207307813.84349999,0.21210000000000001,-0.0019561095439952002,0,0.0103561717412467,-0.019817383131759202,0.0085384315991909009,0.0020946468796347001,0.0082442560563886005,0.0117695311726666,-0.21510833850077821,1.0356000000000001
2020-09-30,3232.7103999999999,3244.9133999999999,3202.3434999999999,3218.0520999999999,3224.3593000000001,153504457,205762857.2942,-0.1956,0.0167878263997032,1,-0.0085414709885180008,-0.018607867402289702,0.0085622896168607004,0.0046242873055731002,-0.0131051562862392,0.0146736780676478,0.0537576129278107,-0.85409999999999975
2020-10-09,3262.6104999999998,3280.5124000000001,3260.1873000000001,3272.0762,3218.0520999999999,188325648,264171043.7626,1.6788000000000001,0.026401891251798901,1,-0.0020422507905420001,0.0394328292416972,0.0100514249950634,0.00084437232240750003,-0.0028841877846117001,0.0099575710126610009,-0.26264842219409862,-0.20419999999999991
2020-10-12,3287.3281000000002,3359.1525999999999,3286.1111000000001,3358.4652000000001,3272.0762,259622408,355700113.68660003,2.6402000000000001,0.00038252592285280003,1,-0.0030677851558381002,0.028137541801565,0.0099843493434403005,0.0062190643296609,-0.0092294509363982005,0.0117602564341027,0.13949313877127151,-0.30680000000000002
2020-10-13,3353.1212999999998,3361.8314999999998,3334.4989,3359.7498999999998,3358.4652000000001,204926103,288505837.52759999,0.038300000000000001,-0.0056467595995760003,0,,,,,,,,
2020-10-14,3353.6246999999998,3353.6246999999998,3332.9634999999998,3340.7782000000002,3359.7498999999998,198659382,281159984.70480001,-0.56469999999999976,-0.0025727538571701002,0,0.021997062083084901,0.037104853713725003,0.011087039811009501,0.0040681401028974003,0.017856280130898301,0.020979612448707802,0.58133060100611345,2.1997
2020-10-15,3342.9222,3354.5783999999999,3330.0014000000001,3332.1831999999999,3340.7782000000002,191031282,263848674.02520001,-0.25729999999999992,0.0012529323117648,1,0.00070629720142400003,0.028624745367619001,0.0109620558373985,0.0064572846381778003,-0.005714089931617,0.012572577007084701,0.048052850392705702,0.070599999999999802
2020-10-16,3334.4567999999999,3348.9542999999999,3319.1100000000001,3336.3582000000001,3332.1831999999999,194295421,253448029.47659999,0.12529999999999991,-0.0071008862297818002,0,-0.0206165380675222,-0.0034781374804786001,0.011839008074617701,-0.0054055829041851,-0.0152936261272735,0.019095888489481301,-0.1780169621767253,-2.0617000000000001
2020-10-19,3351.0961000000002,3371.0862000000002,3307.8407000000002,3312.6671000000001,3336.3582000000001,212303540,283882790.19080001,-0.71009999999999995,0.0046596290946345001,1,0.0094480047221395004,0.0079955855638016004,0.012024351235592401,0.0014847751561144001,0.0079514234899715,0.0108682064396276,0.234241541852338,0.94479999999999997
2020-10-20,3307.1498000000001,3328.1028999999999,3293.7662,3328.1028999999999,3312.6671000000001,165084762,227823367.09439999,0.46600000000000003,-0.00092491130607740002,0,0.0063751727882184004,0.017543335932929501,0.012126355157797201,0.0073252773325227002,-0.0009431953765922,0.0120302836084616,0.29013616281347843,0.63749999999999984
2020-10-21,3332.1469999999999,3332.1469999999999,3304.1693,3325.0246999999999,3328.1028999999999,177632115,246848139.01050001,-0.092499999999999902,-0.0037666487109102001,0,0.0011115520738513001,-0.0032511578243611,0.0115830073889359,0.0011971187657534,-8.546438088785635e-05,0.0058490945821615004,-0.65170349148905693,0.1111999999999999
2020-10-22,3315.8206,3320.8787000000002,3281.3661999999999,3312.5005000000001,3325.0246999999999,165949987,236428248.9454,-0.37669999999999992,-0.0104160889937979,0,0.0075247644034033001,0.0035403446454365002,0.0116533997131553,0.0051283011403551,0.0023842361819177002,0.0101686885468755,0.026466142675649802,0.75249999999999995
2020-10-23,3308.1581000000001,3326.0488999999998,3276.6197000000002,3277.9971999999998,3312.5005000000001,174208982,249912883.28760001,-1.0416000000000001,-0.0081996409270879006,0,0.0012809833556999,0.025977977145969802,0.0105192230126393,-0.0023474595647967,0.0036369805853585001,0.0105217573265703,0.25379183715688203,0.12809999999999991
2020-10-26,3258.7028,3264.4463999999998,3226.6017999999999,3251.1188000000002,3277.9971999999998,167731795,235462468.39289999,-0.81999999999999995,0.00098332303328940002,1,,,,,,,,
2020-10-27,3240.7395000000001,3258.3368999999998,3235.5443,3254.3157000000001,3251.1188000000002,149115566,217487420.9436,0.098299999999999901,0.0045853879511443003,1,0.0053517834369463,0.021814679176718001,0.010184767258258801,-0.00052489033181060002,0.0058797599979330002,0.0115927738618331,-0.0489134853569268,0.53520000000000001
2020-10-28,3256.2224999999999,3275.8714,3238.3820000000001,3269.2379999999998,3254.3157000000001,173181965,256213458.18180001,0.45850000000000002,0.0010673435216403001,1,-0.0052807561204842,0.0099799284988424004,0.0103305205134078,-0.0031626748982092,-0.0021248012779403001,0.0108516548562971,0.027902462967031,-0.52810000000000001
2020-10-29,3235.7647000000002,3289.7655,3231.1242999999999,3272.7274000000002,3269.2379999999998,184703589,278605665.22960001,0.1067,-0.0147262188717582,0,-0.0031625206407018,0.0056679937841732,0.0092622058136678006,-0.00055068767375390001,-0.0026132720636614002,0.010438052881347,-0.1909147222535327,-0.31630000000000003
2020-10-30,3278.6311999999998,3279.8562999999999,3219.4216000000001,3224.5324999999998,3272.7274000000002,230188803,328917241.62470001,-1.4725999999999999,0.00018207290514200001,1,-0.0049456064236224001,-0.0067793953564655,0.0093296865093721003,-0.016949022210710301,0.012210369612857101,0.017011752897752901,-0.0380888353315035,-0.49459999999999982
2020-11-02,3228.7150000000001,3242.8040999999998,3209.9094,3225.1196,3224.5324999999998,226779137,325321869.12739998,0.018200000000000001,0.0142490219587514,1,-0.019489478008345901,-0.0273826531209189,0.010395530458898501,-0.0020620988668622001,-0.017463390378995702,0.023207356852919601,0.27026478198983722,-1.9489000000000001
2020-11-03,3239.8063000000002,3278.3806,3237.8539000000001,3271.0744,3225.1196,215297864,303730147.81019998,1.4249000000000001,0.0019460884166987,1,0.0146257874131698,-0.018410612397557102,0.010521878375138001,0.0069443349806823,0.0076284777277533002,0.0105096273263583,-0.074559407637398101,1.4625999999999999
2020-11-04,3273.4326000000001,3286.6212,3254.1113,3277.4402,3271.0744,188514128,270723846.52249998,0.1946,0.013026355141430201,1,0.019612420436459301,0.0061539851834756,0.011143961878981101,0.0093847058934154008,0.0101326228575963,0.0146778353729208,-0.048298884886596803,1.9612000000000001
2020-11-05,3305.5798,3320.4079999999999,3291.5999999999999,3320.1333,3277.4402,226801462,316292709.97930002,1.3026,-0.002401801156598,0,-0.0021487802794978002,0.0071772000259016002,0.0109422508844395,-0.0060036736564508001,0.0038781766841468001,0.014454446780298001,0.0269069639837358,-0.21490000000000001
2020-11-06,3326.4645,3326.4645,3292.1507000000001,3312.1590000000001,3320.1333,234864132,325485056.7306,-0.2402,0.018590502448704901,1,0.032539397431662703,0.045118885897196002,0.0128031060242065,0.0247033087493682,0.0076471780810958003,0.014163707188017001,0.12689235975598651,3.2538999999999998
2020-11-09,3329.4285,3380.8235,3329.4285,3373.7337000000002,3312.1590000000001,310219771,429948921.88980001,1.8591,-0.0040267552830267001,0,0.00066352946304310001,0.066599826941248802,0.01269634942699,0.002134969286953,-0.0014683050377501,0.0100790320019676,-0.099125828543940003,0.066400000000000001
2020-11-10,3387.6219000000001,3387.6219000000001,3346.1714999999999,3360.1484999999998,3373.7337000000002,278701113,390008391.7299,-0.4027,-0.0053408353827217002,0,0.0117917144538338,0.063620579059452606,0.0127823506446158,0.017298662892695601,-0.0054133054920202,0.0086267747366405006,-0.0086322601497597004,1.1792
2020-11-11,3354.0246999999999,3365.8359999999998,3339.0407,3342.2024999999999,3360.1484999999998,271204653,355802065.54720002,-0.53410000000000002,-0.0010543047586134,0,0.0109666411312656,0.0546016336183269,0.0127755714171682,0.017599439118056202,-0.0065180833752611,0.0166115919445484,0.49287256211522212,1.0967
2020-11-12,3344.4562000000001,3350.2847999999999,3329.4850000000001,3338.6788000000001,3342.2024999999999,216501309,286927436.42860001,-0.1053999999999999,-0.0085585351906266004,0,-0.0028325402220710002,0.053878986455914803,0.012169395286361901,-0.0028393839434130001,6.8632086263065162e-06,0.0100347965209562,0.0687098561650729,-0.2833
2020-11-13,3327.2293,3327.2293,3291.6424999999999,3310.1046000000001,3338.6788000000001,227898364,301527966.89899999,-0.85589999999999977,0.0111369894474028,1,-0.0021962116873538002,0.0184254932300538,0.0122176101987959,0.0069531451962824,-0.0090861793592720008,0.014862176278015801,-0.43058969435080913,-0.21959999999999991
2020-11-16,3325.6208999999999,3346.9692,3313.6469000000002,3346.9692,3310.1046000000001,279593761,333750600.12529999,1.1136999999999999,-0.0021136137135651001,0,-0.00047842172798880003,0.0172632721929828,0.0109279076540799,-0.0020932861229422,0.0016182518591134,0.0094644962929958006,-0.095461365887430802,-0.047800000000000002
2020-11-17,3347.1513,3347.6979000000001,3323.9506000000001,3339.895,3346.9692,283632479,353623369.91210002,-0.2114,0.0022181535647078001,1,0.0085946860594120003,0.0140489549384095,0.010907319508979701,0.0078453606434412005,0.00074349244956860001,0.0077555180553017002,-0.152712659285175,0.85950000000000004
2020-11-18,3337.3314999999998,3358.8937999999998,3333.9915999999998,3347.3033999999998,3339.895,287531259,358745367.42460001,0.2218,0.0047154972566871003,1,0.001266788645298,0.0043195287869731,0.0109084660437103,0.0050572992536105001,-0.0037714373211630002,0.0072269875258084001,0.13592461907177431,0.12670000000000001
2020-11-19,3339.0864000000001,3367.3328000000001,3330.4495999999999,3363.0875999999998,3347.3033999999998,253262992,319520194.51950002,0.47149999999999992,0.0043528750187775004,1,0.0048911436606878002,0.0120986099047621,0.010893266238191,0.00072496440481560002,0.0041631611122542002,0.010340680270254501,-0.043446115137383501,0.48909999999999992
2020-11-20,3359.5965999999999,3380.1489000000001,3356.3085999999998,3377.7267000000002,3363.0875999999998,261271219,312659789.10699999,0.43530000000000002,0.0108840066900617,1,-0.0070568849270408003,0.0071683012742372,0.0111254185995074,-0.0031524670654215002,-0.0039167653353416,0.0056121297650077,0.051483874137257801,-0.70569999999999977
2020-11-23,3384.1039000000001,3431.6529,3377.9861999999998,3414.4899,3377.7267000000002,373872047,431504375.64529997,1.0884,-0.0034170257759437001,0,0.0035880452115701002,0.0112658782437953,0.0111164343200992,0.0018932373486024001,0.001691605252724,0.0095219594665091004,-0.1160720775642172,0.35880000000000001
2020-11-24,3407.4087,3413.9263000000001,3396.2435999999998,3402.8225000000002,3414.4899,300994144,359505804.87949997,-0.3417,-0.011900444410485701,0,0.0013103206845423,0.0039622207388692,0.0111141943552946,0.0078728875521047008,-0.0065113041025454,0.0110889573915166,0.039143282612362801,0.13100000000000001
2020-11-25,3417.5149999999999,3423.4852999999998,3362.3274000000001,3362.3274000000001,3402.8225000000002,322110207,383477785.1699,-1.1899999999999999,0.0022026409444837001,1,0.0038510620625079,0.0065534510766385003,0.0109373858087845,0.0054420792714695004,-0.0015824056320722,0.0083277329326215,-0.1036968657504751,0.3851
2020-11-26,3360.0608999999999,3371.4537,3344.2822000000001,3369.7334000000001,3362.3274000000001,255886822,317308634.99989998,0.2203,0.0114471073587008,1,0.0030671500891372,0.0047264402249975,0.0108236896403718,0.0087166487389138004,-0.005600679493929,0.0168913277318509,0.3501987389038454,0.30669999999999992
2020-11-27,3373.8434000000002,3408.3071,3364.4919,3408.3071,3369.7334000000001,280649894,326069547.15750003,1.1447000000000001,-0.0048563698969497004,0,0.0056131009851985002,0.017546781743121301,0.010626206340995301,0.00095613944637630002,0.0046525130875342,0.0077784756137570001,-0.36890193622380862,0.56130000000000002
2020-11-30,3418.1583000000001,3456.7365,3391.7550999999999,3391.7550999999999,3408.3071,384989968,454500571.79009998,-0.48559999999999992,0.017743999264569502,1,0.0028050537949138002,0.016752899831163001,0.0090379120416580003,-0.0022729772609057001,0.0050895995999772001,0.011355564711431501,0.32370766000916612,0.28050000000000003
2020-12-01,3388.9866999999999,3457.6354000000001,3386.9113000000002,3451.9384,3391.7550999999999,316188980,385250751.31730002,1.7744,-0.00074100395302530001,0,-0.0205687518869902,-0.0054635999124070002,0.010483140618155201,-0.0015352478631461,-0.019062770100907001,0.023731459158465501,0.74219965085231876,-2.0569000000000002
2020-12-02,3453.5180999999998,3465.7287999999999,3435.8712,3449.3805000000002,3451.9384,312811114,383340845.06650001,-0.074099999999999902,-0.0021002611918283002,0,0.0085868339262508003,-0.000771770935979,0.0098783043355746003,0.0030833487399535,0.0054865681832030003,0.010893081598649001,-0.47686750959300273,0.85870000000000002
2020-12-03,3448.5403000000001,3452.1612,3428.8044,3442.1359000000002,3449.3805000000002,298459930,352422286.60530001,-0.20999999999999991,0.00071046003732720003,1,-0.0013211541241086001,-0.0051432803082141001,0.0098563715933766005,0.0038558127770282002,-0.0051570821578604004,0.0109396078242435,0.038486373830437501,-0.1321
2020-12-04,3436.7291,3448.4036000000001,3417.0484000000001,3444.5814,3442.1359000000002,256276705,329393208.3448,0.070999999999999799,-0.0081222351139677001,0,0.0073841292478906001,-0.0033911955688875001,0.0071583628996120001,0.0034237152964391002,0.0039469008865126,0.0085166990922102004,-0.26901395723988653,0.73839999999999995
2020-12-07,3446.6478000000002,3449.5781999999999,3414.3141999999998,3416.6037000000001,3444.5814,254522508,336836800.33219999,-0.81220000000000003,-0.0018809907628444,0,0.0040189311035037003,-0.0021848187076404001,0.0071647998213425004,0.0031086667789063001,0.00090744338549090002,0.0068683240735543001,0.1243983957961525,0.40189999999999992
2020-12-08,3417.6936000000001,3428.6617999999999,3403.0263,3410.1770999999999,3416.6037000000001,226907328,304635033.50959998,-0.18809999999999991,-0.011205605714729601,0,-0.0122622962059806,0.0062775492198806002,0.0074757575736056001,0.0012915525161797,-0.0135363657948582,0.022886489451451601,-0.13305381428362381,-1.2262
2020-12-09,3416.0781999999999,3422.5360000000001,3371.9155999999998,3371.9639999999999,3410.1770999999999,260747424,339317806.32120001,-1.1206,0.00038903143687170003,1,-0.0076316122059012,-0.0099037627673925002,0.0073208125666889001,-0.0017542635205615,-0.0058876772227123,0.0071468318566709002,-0.098548776009957706,-0.76319999999999977
2020-12-10,3365.7310000000002,3384.8874999999998,3357.7530999999999,3373.2757999999999,3371.9639999999999,247308304,321616357.21890002,0.0388999999999999,-0.0077327801065063002,0,0.0075378565541486002,-0.0011208860955096,0.0074729607065611003,0.0078260195190491006,-0.00028592530785980001,0.0084122296666431003,-0.0019542181716775001,0.75380000000000003
2020-12-11,3381.0079999999998,3383.1783,3325.172,3347.1909999999998,3373.2757999999999,298617158,379848803.59060001,-0.77329999999999977,0.0065514934761715,1,-0.0034807590431816002,-0.0118940456815758,0.0075032642012856001,-0.0063230959399067001,0.0028604236297648002,0.0055635546982888001,-0.2378329525971522,-0.34810000000000002
2020-12-14,3349.5340000000001,3371.1291000000001,3338.6262999999999,3369.1201000000001,3347.1909999999998,239807926,316229132.86180001,0.65510000000000002,-0.0005602352970438,0,0.0036076437519949002,-0.0122988144248454,0.0075312059775959001,0.0084670581005571004,-0.0048186148566073004,0.0098823994465856001,0.2218267690490662,0.36080000000000001
2020-12-15,3366.5812999999998,3373.5578999999998,3348.4191999999998,3367.2325999999998,3369.1201000000001,225667402,315289741.29339999,-0.056000000000000001,-7.4066757372093215e-05,0,-0.0043895937013196003,-0.0044264029863976002,0.0073718972494237001,0.00061231719615300001,-0.0049988500156470002,0.0085267904807498004,-0.1218239955589997,-0.439
2020-12-16,3371.2631999999999,3378.6626000000001,3359.1705000000002,3366.9832000000001,3367.2325999999998,220813976,308823385.2669,-0.0074000000000000003,0.011253397403349,1,-0.0069053927468175,-0.0036978379414063,0.0075252580078004,0.001114457557394,-0.0080109224711219004,0.0116849415980283,0.15712035559365481,-0.6905
2020-12-17,3367.277,3406.1547,3354.0111999999999,3404.8732,3366.9832000000001,275463631,364740477.23299998,1.1253,-0.0029302706485514001,0,0.0096538024343608003,-0.0016054883174784001,0.0077717509409874,0.0081626142954880007,0.0014791146961097,0.0073052192729579002,-0.2359178548276013,0.96540000000000004
2020-12-18,3400.4854999999998,3413.8134,3382.7507999999998,3394.8960000000002,3404.8732,280992641,354027376.8531,-0.29299999999999993,0.0075623229695400002,1,0.0082421621229396003,0.0101394932865944,0.0078068762252483,0.0055989560205118001,0.0026284893064004002,0.010876298029991301,0.1017994100949941,0.82420000000000004
2020-12-21,3394.3944999999999,3423.6088,3381.1158,3420.5693000000001,3394.8960000000002,283759794,383898951.60250002,0.75619999999999976,-0.018648094631498802,0,-0.0067387899864985003,-0.00027427886728490002,0.0079416486541020008,-0.0010454158011093001,-0.0056993323574913001,0.011434352460681601,0.30850199131624823,-0.67390000000000005
2020-12-22,3410.9677999999999,3415.7538,3353.8580999999999,3356.7822000000001,3420.5693000000001,323037654,432199556.48820001,-1.8648,0.0076076726097985001,1,-0.0072426467813392001,-0.0031391249253490002,0.0081027693771860004,-0.0028673212924455,-0.0043879070281447,0.0084532767768862004,-0.40955157659041852,-0.72430000000000005
2020-12-23,3362.4721,3394.2089000000001,3360.2019,3382.3195000000001,3356.7822000000001,299523527,413254779.06169999,0.76080000000000003,-0.0056784109248104002,0,-0.0071248063229565001,-0.0033593706178699002,0.0081775545219681008,-0.001744803981346,-0.0053894057983043002,0.013925360402757001,-0.1571810951093599,-0.71250000000000002
2020-12-24,3382.1930000000002,3394.0745999999999,3354.0214999999998,3363.1133,3382.3195000000001,275044450,363321144.32819998,-0.56779999999999975,0.0099459331328503008,1,0.0085703073403714004,-0.0044289008170356001,0.0084059550424846006,-0.0013836538185436,0.0099677530785247,0.0103885065612526,0.1396613309432268,0.85699999999999976
2020-12-25,3351.7901000000002,3397.0066000000002,3348.3453,3396.5626000000002,3363.1133,294546895,359094444.68309999,0.99460000000000004,0.00021280337951070001,1,,,,,,,,
2020-12-28,3396.3589999999999,3412.5192999999999,3383.654,3397.2854000000002,3396.5626000000002,316181542,398159968.83270001,0.021299999999999802,-0.0053717005936564002,0,0.0016497678709037,-0.0109384452879073,0.0082982409795181004,-8.730939031420526e-06,0.0016585132903134,0.0094559865771302008,-0.4371940902160123,0.16500000000000001
2020-12-29,3399.2939000000001,3407.0884000000001,3376.0875999999998,3379.0362,3397.2854000000002,311769185,382102563.80720001,-0.53720000000000001,0.010481243142644901,1,-0.0027260089985203001,-0.0069426309314453002,0.0082645559601522006,-0.0037212126173326002,0.00099892081555430002,0.0094654248223338001,0.7212669013904609,-0.27260000000000001
2020-12-30,3375.0086000000001,3414.4539,3374.4155999999998,3414.4526999999998,3379.0362,291023543,377542350.93720001,1.0481,0.0171672022283395,1,0.0096471050514486002,0.0099522250622274006,0.0072037105313992001,0.0066814543848800001,0.0029459673202984001,0.0070633712121354001,-0.1469860526272341,0.9647
2020-12-31,3419.7267000000002,3474.9182000000001,3419.7267000000002,3473.0693000000001,3414.4526999999998,335673926,450482318.88349998,1.7166999999999999,0.0086059613034498005,1,0.021778430012394202,0.039352584779425,0.0084786693464492004,0.0047657958732314001,0.016931939969530001,0.018386441984471001,0.1022382484190327,2.1778
2021-01-04,3474.6792999999998,3511.6554000000001,3457.2060999999999,3502.9584,3473.0693000000001,380790800,523367700.84859997,0.86060000000000003,0.0073418799378262003,1,0.0030949887483419001,0.033710155600517801,0.0084694304054459008,0.0017563563856337,0.0013362853693667,0.0065377124857857001,-0.21705950065027921,0.3095
2021-01-05,3492.1912000000002,3528.6767,3484.7150999999999,3528.6767,3502.9584,407995934,568019462.18770003,0.73419999999999985,0.0062913102807065002,1,0.0088751366542628007,0.041166790972373801,0.0085318191420676003,-0.0052880655338207001,0.0142384962895663,0.015555358885217,0.33433404643564302,0.88749999999999984
2021-01-06,3530.9072000000001,3556.8022000000001,3513.1262000000002,3550.8766999999998,3528.6767,370230926,521799529.79180002,0.62909999999999977,0.0071328582037219002,1,0.0064445537242094003,0.050740975647387103,0.0085879324725681005,-0.0069694363263167001,0.013508134131241301,0.019649609923411401,0.13413583342222241,0.64449999999999985
2021-01-07,3552.9087,3576.2046,3526.6174000000001,3576.2046,3550.8766999999998,405348226,545709628.11029994,0.71330000000000005,-0.0017047123086860001,0,0.0015349083141831001,0.0422986025927704,0.0079523374752496004,-0.0013208023476429,0.0028594874796021002,0.013260464971612901,-0.063873188850028101,0.1535
2021-01-08,3577.6923000000002,3588.0625,3544.8912,3570.1082000000001,3576.2046,345557896,502170815.61379999,-0.17050000000000001,-0.0108149103156032,0,-0.0051920569977935002,0.0147864726668878,0.0078107255154447001,0.00085366690379640002,-0.0060405672692319,0.0106488085135579,0.203709087453772,-0.51919999999999977
2021-01-11,3571.3211999999999,3597.7022000000002,3516.9861999999998,3531.4978000000001,3570.1082000000001,362479154,526895927.2773,-1.0814999999999999,0.0217587846154116,1,0.0119679750491132,0.023762877265835002,0.0080256952608853006,0.0029587796368006,0.0089826178256049004,0.0138871344086723,0.40627178083081522,1.1968000000000001
2021-01-12,3518.0106000000001,3608.3389000000002,3517.4688999999998,3608.3389000000002,3531.4978000000001,323406153,485771186.33069998,2.1758999999999999,-0.0026846425096045002,0,0.0010761088763917,0.015848761011341701,0.0079089103927002004,0.0045110484098337001,-0.0034195139405184,0.013696713778713201,-0.26084106530776002,0.1076
2021-01-13,3613.2809999999999,3622.3474999999999,3575.5945000000002,3598.6518000000001,3608.3389000000002,388127791,554853439.06229997,-0.26850000000000002,-0.0090998523391455002,0,0.013205070047462601,0.0226724475277633,0.0082450730967443004,-0.00049913609682020004,0.0137110498241753,0.017748534302796801,-0.2502093239385168,1.3205
2021-01-14,3584.9324000000001,3599.0583999999999,3559.6001000000001,3565.9045999999998,3598.6518000000001,347666819,511325103.69580001,-0.91000000000000003,0.0001327012506169,1,-0.0014552591793611,0.019619172116436701,0.0081268411405507005,0.0011518296833972,-0.0026040893952944,0.0098278621128665006,0.045923006301102,-0.14549999999999991
2021-01-15,3566.2847000000002,3589.2655,3533.7882,3566.3778000000002,3565.9045999999998,324612744,480343780.95590001,0.0132999999999999,0.0083686871312396004,1,0.0092528580940374004,0.034424353830986201,0.0078448493808048001,0.0061100171414807001,0.0031237547574427,0.0081751406026433007,-0.10468563580880461,0.92530000000000001
2021-01-18,3554.7977000000001,3608.7665000000002,3544.2613999999999,3596.2237,3566.3778000000002,301652565,451740700.44950002,0.83689999999999976,-0.0082982323930516008,0,0.0027020520857385,0.02495281262577,0.0077450567113498004,-0.0035965366008746001,0.0063213235581559002,0.0130867049913569,0.33592441874865031,0.2702
2021-01-19,3596.3564000000001,3603.1477,3553.0236,3566.3814000000002,3596.2237,323439541,467402582.39709997,-0.82979999999999976,0.0046855897128667001,1,0.010110989554788801,0.0342031845814601,0.0078114674170049001,-0.0041740947845336001,0.0143449615685904,0.0165871884302645,-0.41683419584197512,1.0111000000000001
2021-01-20,3564.1210000000001,3589.9623999999999,3556.4425000000001,3583.0920000000001,3566.3814000000002,272271661,397144766.18449998,0.46860000000000002,0.0106533965636381,1,0.027007456318295101,0.048291617671762002,0.0089394561545784006,0.0082251287731565006,0.0186291007921945,0.0259247466546004,0.43514197577805702,2.7006999999999999
2021-01-21,3590.9247,3636.2444,3585.8017,3621.2640999999999,3583.0920000000001,327466995,469855226.64590001,1.0652999999999999,-0.0040081307519105004,0,0.0108018006712033,0.061159316607403501,0.0084669170302609006,0.0051321963087859,0.0056406554115353003,0.010691822626329501,-0.1484982938212232,1.0802
2021-01-22,3616.5401000000002,3616.5401000000002,3585.0338999999999,3606.7496000000001,3621.2640999999999,324463084,485452192.40990001,-0.40079999999999982,0.0048488256573175001,1,-0.0011584492199743,0.0502125497335493,0.0080543969852660009,-0.00035677966469390001,-0.00080195567675770004,0.0130039345888373,-0.2703902811505578,-0.1158
2021-01-25,3605.3611000000001,3637.1001999999999,3591.0203999999999,3624.2381,3606.7496000000001,327341070,527257347.65280002,0.4849,-0.0151229302511884,0,-0.016035613757929001,0.030587047042296402,0.0095244122184941007,-0.0039605369730310001,-0.0121230907339773,0.0150151564968443,0.1181493603558879,-1.6035999999999999
2021-01-26,3610.9686000000002,3610.9686000000002,3564.7415000000001,3569.4290000000001,3624.2381,278139884,436326664.64579999,-1.5123,0.0010960296450775,1,0.024149810597377901,0.044910450382967301,0.010324838715917,0.0077917403138089,0.0162315978879479,0.017587022482116701,-0.0978481204727258,2.415
2021-01-27,3567.5484999999999,3578.7968000000001,3546.4920000000002,3573.3411999999998,3569.4290000000001,264107161,396270389.61879998,0.1096,-0.0190760680788052,0,-0.025456737472483101,-0.0084683094552781002,0.012454706467760601,-0.0088252233743746009,-0.0167795977967976,0.020536814703134901,0.45030567392060472,-2.5457000000000001
2021-01-28,3534.6685000000002,3549.5439999999999,3496.8788,3505.1759000000002,3573.3411999999998,270862461,391574388.0266,-1.9076,-0.0063068732156923001,0,-0.0031890432734085002,-0.022192429395840901,0.012566361006530601,0.0056248013865345002,-0.0087645458304039005,0.0150473303968595,-0.23348822544257961,-0.31890000000000002
2021-01-29,3521.7175000000002,3531.5981000000002,3446.5470999999998,3483.0691999999999,3505.1759000000002,293662664,416528620.977,-0.63070000000000004,0.0063778233289193001,1,-0.025488838137549302,-0.046010459853994802,0.0136389658368398,-0.0130618519718214,-0.0125914538723181,0.024734849661387701,-0.2409260009256915,-2.5489000000000002
2021-02-01,3477.1714999999999,3506.3888999999999,3469.875,3505.2836000000002,3483.0691999999999,277567901,371473066.2888,0.63780000000000003,0.0081024257209886003,1,-0.0093538633108669004,-0.039532257872815703,0.0138973982846608,0.0096463247751285008,-0.0188186572067474,0.0249495898009056,0.065703763095489906,-0.93540000000000001
2021-02-02,3510.8083999999999,3535.502,3495.5681,3533.6849000000002,3505.2836000000002,264540630,384127851.0923,0.81020000000000003,-0.0046345105643118001,0,0.0215371321513337,-0.041982478867840602,0.0145027879531294,0.0061569009157567004,0.0152861161331582,0.021231655960268301,-0.2602388314161086,2.1537000000000002
2021-02-03,3531.1489999999999,3544.0092,3508.5068999999999,3517.308,3533.6849000000002,297351716,413731471.97070003,-0.46350000000000002,-0.0043922226884878001,0,0.0123158455064675,-0.0048504215198666,0.0146429598427177,0.0167951528509118,-0.0044053193328912003,0.0108033611072077,0.10576572088007,1.2316
2021-02-04,3503.7784999999999,3524.7219,3465.7705999999998,3501.8591999999999,3517.308,298834854,418742552.80150002,-0.43919999999999992,-0.0015781045679963,0,0.0020089781768076001,0.00033893642228530001,0.014640989051260401,0.001938889591674,6.9952954079077756e-05,0.0117950541391583,-0.021341485345384801,0.2009
2021-02-05,3509.4874,3536.5417000000002,3492.9623999999999,3496.3328999999999,3501.8591999999999,290146174,397391919.55849999,-0.1578,0.010329050760583901,1,-0.0066181102012934003,0.019709801171736901,0.014686081796622201,-0.0072991654684506002,0.00068606295418160003,0.021619751421651501,0.1229812147717925,-0.66180000000000005
2021-02-08,3504.5630999999998,3542.2075,3492.1286,3532.4467,3496.3328999999999,249799619,359187319.17930001,1.0328999999999999,0.020111357943489901,1,0.0060171398148624001,0.035531760154519802,0.014551700722272401,0.0065807958507220002,-0.00055997098115030002,0.010701221083002701,-0.1252546634574081,0.60170000000000001
2021-02-09,3539.7725999999998,3604.0111999999999,3528.6754999999998,3603.489,3532.4467,253821760,371567972.46069998,2.0110999999999999,0.0143191778856548,1,0.0010512593944143,0.014765239578221101,0.0145518361811927,0.0116222376699802,-0.0104495313388063,0.014081891024109,-0.1970772441513908,0.1051
2021-02-10,3612.6125000000002,3662.7655,3612.5048999999999,3655.0880000000002,3603.489,257940824,392643389.63020003,1.4319,0.0055454478797772001,1,0.0053452535124268001,0.0077777815766169002,0.0143543039382883,0.0041961877209920001,0.0011442642438648,0.0089936823551039005,-0.17122227730043521,0.53449999999999975
2021-02-18,3721.0864999999999,3731.6869999999999,3663.6637000000001,3675.3571000000002,3655.0880000000002,340309065,483546564.60110003,0.55449999999999977,0.0056622797278664001,1,0.011002170642274701,0.060214935672438602,0.0151933647591878,-0.0035870562851379002,0.0146417477005271,0.0216231616702432,-0.039184619710692203,1.1002000000000001
2021-02-19,3661.7833999999998,3699.6502,3634.0149000000001,3696.1680000000001,3675.3571000000002,361059804,484990205.7536,0.56620000000000004,-0.0145348101060341,0,-0.015752644206487001,0.037965557963902302,0.0147619292367693,0.0031661634219014002,-0.0188590966464166,0.019714048024541801,0.1594643486375826,-1.5752999999999999
2021-02-22,3707.1912000000002,3717.2669000000001,3642.4449,3642.4449,3696.1680000000001,488821478,599323102.08089995,-1.4535,-0.0016712950139615001,0,0.0016165897539064001,0.020174295043197302,0.0146054890803104,-0.0036544864614693,0.0052904099469022001,0.0202789516157236,-0.1058521360448131,0.16170000000000001
2021-02-23,3617.7013000000002,3672.1511,3617.7013000000002,3636.3573000000001,3642.4449,398873174,479631810.24019998,-0.1671,-0.0198763196344869,0,-0.010602149211299801,0.0048472885376174002,0.014837508639494901,0.0139299644669736,-0.024195077113802501,0.025225544490031102,0.29376534224532053,-1.0602
2021-02-24,3638.9358999999999,3645.6473999999998,3531.5936000000002,3564.0799000000002,3636.3573000000001,362158952,484430414.61970001,-1.9876,0.0058825561121677002,1,0.0103170103526304,-0.0037083702750152002,0.0144324738721685,-0.0042830055445561002,0.0146628168229381,0.027113278669438402,0.034413009471235101,1.0317000000000001
2021-02-25,3595.5423999999998,3608.5567999999998,3568.4735000000001,3585.0457999999999,3564.0799000000002,366232299,444735017.1124,0.58830000000000005,-0.0211895200892552,0,-0.029850512394622102,-0.043966628212890102,0.0151198498032734,0.0022854706613599,-0.0320627046851003,0.041139124802824702,0.050925907888048502,-2.9851000000000001
2021-02-26,3514.5648000000001,3550.4054999999998,3500.7035999999998,3509.0803999999998,3585.0457999999999,333280067,424485913.91939998,-2.1190000000000002,0.0120599687599065,1,0.011976819623234601,-0.017032044495766702,0.014171583185474301,0.0153434389115908,-0.0033157443672115002,0.020864963739440801,-0.27969675881110762,1.1977
2021-03-01,3531.4802,3552.5664999999999,3511.9888000000001,3551.3998000000001,3509.0803999999998,315487526,402477044.21740001,1.206,-0.0120540075493613,0,-0.0363754012163926,-0.054316680225278503,0.016473914536858401,-0.0220135751044832,-0.014685097611087701,0.019932719672728801,0.1188776559429669,-3.6375000000000002
2021-03-02,3566.8519999999999,3566.8519999999999,3485.3634999999999,3508.5911999999998,3551.3998000000001,339830486,427680453.05760002,-1.2054,0.019470293375871101,1,0.016299398796627101,-0.028603722382348502,0.015760899403734902,0.016482972345611,-0.0001805967772979,0.0122421473136322,-0.45077654160053621,1.6298999999999999
2021-03-03,3500.1576,3577.6217999999999,3498.7192,3576.9045000000001,3508.5911999999998,347656846,415490345.73559999,1.9470000000000001,-0.020524143152270202,0,-0.0121113369733099,-0.0501680560343475,0.0158741108807775,0.0086858294539320004,-0.020618081289494002,0.027456008083504901,0.096651372855715401,-1.2111000000000001
2021-03-04,3546.6406000000002,3552.2024000000001,3487.3757000000001,3503.4915999999998,3576.9045000000001,393616120,462233734.23089999,-2.0524,-0.00042954291655780002,0,0.026964660951763898,0.0054572545345885001,0.016275338336706802,0.0052780704883788002,0.021572728083931701,0.025034833134335702,0.1087756424244402,2.6964999999999999
2021-03-05,3463.3085999999998,3523.5682000000002,3456.6668,3501.9866999999999,3503.4915999999998,356409223,408849901.85589999,-0.042999999999999802,-0.023007683038887401,0,-0.0215401925408008,-0.027843827443949101,0.016874610003344202,-0.011878681758824,-0.0097776564513091004,0.016568040208270102,-0.087571582112015905,-2.1539999999999999
2021-03-08,3524.9830000000002,3542.3038999999999,3421.2152999999998,3421.4141,3501.9866999999999,387047954,453859203.34179997,-2.3008000000000002,-0.018156849239616801,0,-0.0047371821598746,0.0040745046360947,0.0169021770829163,-0.019484013121823501,0.0150398679463664,0.030240665955462102,0.3009897485743202,-0.47370000000000001
2021-03-09,3415.3391000000001,3429.1502999999998,3328.3119000000002,3359.2919999999999,3421.4141,407652539,456196190.29689997,-1.8157000000000001,-0.00046283562131530003,0,-0.019157826800131401,-0.0309562119706361,0.017377833690930301,0.0090830079705712004,-0.0279866319694549,0.033131156504385501,0.2051712726364503,-1.9157999999999999
2021-03-10,3389.8388,3397.0250999999998,3354.8229999999999,3357.7372,3359.2919999999999,299749166,339571691.50599998,-0.046300000000000001,0.023555774406645,1,0.0081427204464621008,-0.0110885191226518,0.0174284585619611,0.0043597190411068,0.0037665801740505,0.025262054397156501,-0.1140643218393311,0.81430000000000002
2021-03-11,3369.9023999999999,3436.8312999999998,3369.9023999999999,3436.8312999999998,3357.7372,322112044,369805365.52810001,2.3555999999999999,0.0047271450303656001,1,0.0046671854359068001,-0.0325597832962186,0.0174667559370047,0.0167565476660076,-0.0118901247873466,0.0189224497910036,-0.43179502333482123,0.4667
2021-03-12,3447.2033000000001,3454.5064000000002,3417.2388999999998,3453.0776999999998,3436.8312999999998,358027035,381964281.22149998,0.47270000000000001,-0.0095949477186684003,0,0.016538603103967101,0.0050901620868773001,0.0178412911109351,8.5098963868102118e-05,0.016452104083088202,0.0179610703374069,0.23733320220366311,1.6538999999999999
2021-03-15,3441.8820000000001,3457.4892,3392.5088999999998,3419.9456,3453.0776999999998,367813293,381646491.32450002,-0.95950000000000002,0.0078328146506190001,1,-0.0219798057620719,-0.0123227172455838,0.017892026372326501,0.0056068259260229,-0.027432820638117101,0.028688191260960502,-0.013133133203709201,-2.198
2021-03-16,3424.6523999999999,3448.8829000000001,3406.1745999999998,3446.7334000000001,3419.9456,316668747,332388484.73030001,0.7833,-0.00034307846379980002,0,0.0032721265203696,0.0102635417400263,0.0178706539506738,0.0064102920974873001,-0.0031181771507694002,0.019702697173110802,-0.1386409871615796,0.32719999999999982
2021-03-17,3435.7319000000002,3454.0562,3410.2815000000001,3445.5509000000002,3446.7334000000001,280059818,306630472.14789999,-0.0342999999999999,0.0050840055794849001,1,0.0067257964275211002,0.0088436369500398005,0.017309729056625301,0.0070424391407850001,-0.00031442837059970002,0.0085392956034867004,-0.27524502876012652,0.67259999999999975
2021-03-18,3449.6412999999998,3478.1446999999998,3449.3773999999999,3463.0681,3445.5509000000002,284403891,316529174.11570001,0.50839999999999985,-0.016865016313135701,0,0.0002215126315595,0.0043794832624866002,0.017025140465324301,-0.0012212477120981001,0.0014445244658567,0.013772367005435,-0.2125451083720229,0.022200000000000001
2021-03-19,3423.8733000000002,3439.5236,3389.2928999999999,3404.6633999999999,3463.0681,309161716,339992292.81400001,-1.6865000000000001,0.011389026004744,1,0.0127987347300349,0.00068434856380390004,0.017119979898436301,0.0097640293558061003,0.0030053609417683,0.0096083504511242004,0.1059081298539421,1.2799
2021-03-22,3406.1226999999999,3443.6596,3404.2341000000001,3443.4391999999998,3404.6633999999999,312559084,332535035.84130001,1.1389,-0.0092728223573687006,0,-0.0141054189457018,0.0087412125100729005,0.017312747212871901,-0.0084078879891395005,-0.0057458413470112,0.018154971209682801,0.59033272431793715,-1.4105000000000001
2021-03-23,3445.3407999999999,3445.4159,3390.0477000000001,3411.5088000000001,3443.4391999999998,326389409,343477167.70709997,-0.92730000000000001,-0.0130288979468556,0,-0.0036425172829855001,0.0017888752628862001,0.0172136669243938,-0.0065485975963525001,0.0029252365101458001,0.0116581249176466,-0.61326170155629345,-0.36430000000000001
2021-03-24,3394.1282999999999,3415.2948999999999,3362.1846999999998,3367.0605999999998,3411.5088000000001,317398697,344800038.24580002,-1.3028999999999999,-0.0010303051866663001,0,-0.0134310345663232,-0.0182691078759624,0.017117883164481301,0.0042471371290765001,-0.017603407609343601,0.0230899134301344,-0.0079070908044247008,-1.3431
2021-03-25,3355.0706,3382.2260000000001,3344.9695000000002,3363.5915,3367.0605999999998,270676097,290223442.60409999,-0.1029999999999999,0.016272844071582401,1,-0.020326079099201401,-0.038436846028052502,0.0164652809900044,-0.0021015967081884001,-0.018262863564963001,0.0221360700527557,0.2715970500343427,-2.0326
2021-03-26,3373.3171000000002,3423.2231000000002,3373.3171000000002,3418.3267000000001,3363.5915,274614987,322408619.94639999,1.6273,0.0049641539528681002,1,-0.00066372616513840003,-0.051218266378106003,0.016099071138331401,-0.0103896606292538,0.0098280445112362003,0.018874108375414402,-0.035632887051363402,-0.066400000000000001
2021-03-29,3429.6322,3449.8337999999999,3409.8868000000002,3435.2957999999999,3418.3267000000001,284824243,327944119.66240001,0.49640000000000001,0.0062238599657122003,1,0.015656849683561801,-0.022576363512186701,0.0146681567100628,0.0051627961824556,0.010440153118442101,0.0143679427776947,-0.071731123245766901,1.5657000000000001
2021-03-30,3432.5288,3457.6345000000001,3423.3154,3456.6765999999998,3435.2957999999999,285423081,331625651.21850002,0.62239999999999995,-0.0042714727782168001,0,6.5992787376512041e-05,-0.018938326500570701,0.0140973513935906,-0.00067439688062330004,0.00074088932144690002,0.012432758819653601,0.1646688149078076,0.0066
2021-03-31,3452.2078000000001,3452.2078000000001,3420.8321000000001,3441.9115000000002,3456.6765999999998,283049261,314174120.17189997,-0.42709999999999992,0.0070948947990088001,1,0.0084408733057380007,0.0028114865296389002,0.0140576265625653,0.0075682027503412002,0.00086611561680340001,0.011395178962746401,-0.22681788066894271,0.84409999999999985
2021-04-01,3444.8101999999999,3470.0311000000002,3438.8254999999999,3466.3314999999998,3441.9115000000002,275244295,292651912.29049999,0.70950000000000002,0.0052103787534458004,1,-0.0069687691365585003,0.0164842643528544,0.0124900439840316,0.0078743766949522006,-0.0147271784805015,0.0164377569766424,0.1749324391934941,-0.69689999999999985
2021-04-02,3472.6275999999998,3487.5862000000002,3462.8321000000001,3484.3924000000002,3466.3314999999998,262654873,317953200.76749998,0.52100000000000002,-0.00040896656760000001,0,,,,,,,,
2021-04-06,3491.6336000000001,3493.2806,3471.761,3482.9674,3484.3924000000002,234746671,286329672.7403,-0.040899999999999902,-0.00095946921581850002,0,,,,,,,,
2021-04-07,3483.4211,3483.4211,3453.1947,3479.6255999999998,3482.9674,295786978,323650987.02819997,-0.095899999999999902,0.00084181470558200003,1,0.0197470959375722,0.037245323500937601,0.0125892322280585,0.0076184838089601,0.0120369091312855,0.0150498531450912,-0.1913082171313949,1.9746999999999999
2021-04-08,3467.4870999999998,3495.9086000000002,3459.3245999999999,3482.5547999999999,3479.6255999999998,331755329,348011326.7694,0.0841999999999999,-0.0091535099462036005,0,-0.0091206458885217008,0.0119411654890895,0.012705660248258701,0.0056208390551903001,-0.0146590885661858,0.0173656489536172,-0.0042031410412625,-0.91210000000000002
2021-04-09,3475.4434000000001,3475.4467,3442.1392000000001,3450.6772000000001,3482.5547999999999,280085196,306422226.25449997,-0.91539999999999999,-0.010933940734879501,0,0.0116224001562347,0.023634798135385701,0.0122007495654921,-0.0024648820567186001,0.014122091502902201,0.0163108373903217,0.12605246265794351,1.1621999999999999
2021-04-12,3445.9695999999999,3456.1581000000001,3403.9011999999998,3412.9477000000002,3450.6772000000001,309577239,338890339.56440002,-1.0933999999999999,-0.0048279966317680001,0,-0.0106615159160882,0.0042445980229202001,0.012335663771268801,0.0049768909134595002,-0.0155609616210512,0.018887502684597601,-0.2847690028843583,-1.0662
2021-04-13,3411.2928000000002,3425.3944999999999,3387.902,3396.4699999999998,3412.9477000000002,270626054,290539879.92610002,-0.48280000000000001,0.0059624256949126,1,-0.0085550615356739003,0.0026403931165837002,0.0124231491203312,0.0032464772046218002,-0.0117633492949597,0.0180390817734539,0.048888601739992703,-0.85550000000000004
2021-04-14,3397.0210000000002,3420.0277999999998,3392.9751000000001,3416.7212,3396.4699999999998,233242327,269010070.61390001,0.59619999999999995,-0.0051902683777651001,0,0.001545340291172,-0.0152560201308004,0.011761765954322601,0.0036747960164872002,-0.0021216590610494,0.0149378208768902,0.0344308716446039,0.1545
2021-04-15,3409.6138999999998,3409.6138999999998,3373.0938999999998,3398.9875000000002,3416.7212,234005054,272569196.76740003,-0.51900000000000002,0.0081289795858325003,1,0.0141620682697454,0.0078825310028318007,0.0112078191000067,0.010502767810929001,0.0036212671309585002,0.0103269613734657,-0.060271576200417301,1.4161999999999999
2021-04-16,3407.1880000000001,3432.6286,3394.1343999999999,3426.6178,3398.9875000000002,258579672,295951094.70459998,0.81289999999999984,0.014863256707532401,1,-0.0037261905626932001,-0.0074093174761366001,0.011220670555260701,-0.00096917631777340002,-0.0027596888700168001,0.012234250711830701,-0.0206277622080559,-0.37259999999999982
2021-04-19,3427.5479999999998,3479.0099,3414.3564000000001,3477.5484999999999,3426.6178,302735819,368472467.52450001,1.4863,-0.0013244387533342,0,0.0061323634726879002,0.0094397675164115003,0.0112026893518406,0.0011818787391715,0.0049446407677202001,0.0127832532332353,0.14216737208080041,0.61319999999999975
2021-04-20,3467.1480999999999,3494.2982999999999,3463.4636999999998,3472.9427000000001,3477.5484999999999,285300082,358982768.19760001,-0.13239999999999991,-3.7144292649449184e-06,0,0.0047097468355741003,0.022945333543267901,0.0112530526567767,-0.0003306902278275,0.0050421044380669,0.017708151030852302,-0.081840279919447201,0.47099999999999992
2021-04-21,3456.2991000000002,3481.2511,3450.1113,3472.9297999999999,3472.9427000000001,253777859,323914146.23189998,-0.00040000000000000002,-0.0022505493776464,0,0.0010162800645223001,0.022404968900507902,0.0108594201899019,-0.0049250759719167,0.0059707624953386001,0.0114972265311625,-0.0029337170415093001,0.1016
2021-04-22,3482.8328000000001,3485.3584999999998,3456.3155999999999,3465.1138000000001,3472.9297999999999,251114510,317081034.87330002,-0.22509999999999991,0.0026123817347643002,1,-0.017635048100734001,-0.0096505878896905005,0.0111193586686691,-0.0148772658176059,-0.0027994301496014002,0.0093218875930000007,0.089153036169175401,-1.7635000000000001
2021-04-23,3462.0857999999998,3482.3587000000002,3456.3328999999999,3474.1660000000002,3465.1138000000001,249360433,323015935.27950001,0.26119999999999982,-0.0094987401292854004,0,0.0046614622638872002,-0.0013128127046928,0.0111540291031317,0.0033212307210697001,0.0013357950592298,0.0087702013002619005,-0.1293291941820448,0.46610000000000001
2021-04-26,3484.1071999999999,3497.1208000000001,3438.5724,3441.1658000000002,3474.1660000000002,276970771,388161675.55369997,-0.94989999999999997,0.00042000301177000002,1,0.0112469544787159,0.0037639313614116002,0.010972928218923201,0.0014991998008022,0.0097331627222991008,0.0114823890101803,-0.017670033609643601,1.1247
2021-04-27,3440.0911000000001,3443.8537999999999,3417.2647000000002,3442.6111000000001,3441.1658000000002,253032393,327046020.01770002,0.042000000000000003,0.0041994868371856,1,-0.0043303099342302002,-0.0052676152634408002,0.0098578186667035005,0.00095258565103390001,-0.0052778679639735003,0.011360185702617801,-0.062204668403086902,-0.433
2021-04-28,3432.1612,3457.0682999999999,3423.3249999999998,3457.0682999999999,3442.6111000000001,247381120,349669207.29830003,0.4199,0.0051583591796552,1,-0.00038994460990500002,-0.0066650123405179,0.0098543084246139005,-0.0019842619875155001,0.0015974872107582,0.0087000130902574,0.0267987131222788,-0.039
2021-04-29,3458.0819000000001,3478.2278000000001,3447.5877999999998,3474.9011,3457.0682999999999,276631387,371611589.9109,0.51580000000000004,-0.0080706469602831003,0,0.0044849030148361004,0.015701951511289201,0.0093352926485802002,0.0017414415404293001,0.0027386922020395002,0.0063579892431430002,0.1225397733566016,0.44850000000000001
2021-04-30,3468.3022000000001,3469.0871999999999,3426.9023000000002,3446.8564000000001,3474.9011,312660354,401442334.6771,-0.80710000000000004,-0.0016170676561982,0,0.0079776164428608,0.019054547781385801,0.0094462182603877003,0.0067719616639618004,0.0011975450497313,0.0083329492207788007,-0.1207630277979916,0.79779999999999995
2021-05-06,3446.0743000000002,3471.2395999999999,3426.8487,3441.2826,3446.8564000000001,310424192,400525169.56639999,-0.16170000000000001,-0.0065116709682605002,0,-0.0048730370058063001,-0.022474368226576402,0.0096915572593114004,-0.0045337173120277002,-0.00034086507969150002,0.0123051538074191,-0.1100996406935781,-0.48730000000000001
2021-05-07,3446.4070000000002,3457.8924000000002,3416.7755000000002,3418.8741,3441.2826,353785389,411078841.64270002,-0.6512,0.0026666088698613002,1,0.0077232794167635,-0.022721021483616401,0.0094736478660262004,0.0080931156964710003,-0.00036686718116490003,0.0130146477687718,0.36497102992954561,0.77229999999999976
2021-05-10,3423.5895999999998,3429.7359000000001,3401.9346,3427.9908999999998,3418.8741,374170884,399717549.00940001,0.26669999999999983,0.0040415801570534001,1,-0.00093618637965770001,-0.0039766919826991001,0.0091749036696967008,0.0029216976645276001,-0.0038466453095682002,0.0123376863730232,-0.11690186004315881,-0.093600000000000003
2021-05-11,3406.598,3448.0958999999998,3384.6966000000002,3441.8454000000002,3427.9908999999998,350934112,390326273.8197,0.4042,0.0060740380727150002,1,-0.0005239307740299,0.0083970612401498002,0.0089592182969906002,0.0058139189427712,-0.0063012149637610001,0.0135952870696751,0.067282007238611802,-0.052400000000000002
2021-05-12,3429.7543999999998,3466.3708000000001,3428.3944000000001,3462.7512999999999,3441.8454000000002,311444547,343860406.43260002,0.60740000000000005,-0.0095921413703606,0,-0.020347493290939801,-0.019026064935073701,0.010066510353703701,-0.0108093326050174,-0.0096423884700013,0.013143602910371701,0.0103468585498074,-2.0347
2021-05-13,3432.1379999999999,3448.0169000000001,3418.3845999999999,3429.5360999999998,3462.7512999999999,319325327,356376917.8186,-0.95920000000000005,0.017740037785285202,1,0.0077543897099323,-0.0065782296982401,0.0096587370699050008,0.0021457274108732001,0.0055966534064357002,0.0119073414148235,-0.11130085814602531,0.77539999999999976
2021-05-14,3436.0918999999999,3490.6437000000001,3422.5648999999999,3490.3762000000002,3429.5360999999998,336982309,411116942.84909999,1.774,0.0078042017361909001,1,-0.018149171975244301,-0.032083501818946203,0.0103748856487814,-0.011017305774070001,-0.0072113154687264,0.012123534945931901,0.016311372222885302,-1.8149
2021-05-17,3490.4090999999999,3530.5055000000002,3490.1437999999998,3517.6158,3490.3762000000002,322135969,424476783.398,0.78039999999999976,0.0032404334776980001,1,0.0111441133358851,-0.020379823597156801,0.010635052316982,0.0055565436581193001,0.0055566936668114001,0.012559404906512301,-0.14181977387690911,1.1144000000000001
2021-05-18,3520.6487999999999,3529.0144,3510.8620000000001,3529.0144,3517.6158,271308558,336028774.65350002,0.32400000000000001,-0.0051146575089065002,0,0.0059412928056197002,-0.0140430400976929,0.0106769773587293,0.0036728121631663,0.0022601794279593001,0.0069306757596181,-0.012722676530504601,0.59409999999999985
2021-05-19,3521.1097,3521.1097,3503.8150999999998,3510.9647,3529.0144,278321117,349973152.29339999,-0.51149999999999995,-0.0011450699005889,0,,,,,,,,
2021-05-20,3500.8773000000001,3517.7399,3486.0662000000002,3506.9443999999999,3510.9647,326009333,390355321.48640001,-0.1145,-0.0058134654202102003,0,0.014177439314409601,0.020704074169132902,0.011233640860410401,0.0086521678834109005,0.0054778759288176002,0.0063598434991162002,0.1066322239243379,1.4177
2021-05-21,3510.8353000000002,3518.3769000000002,3479.6743999999999,3486.5569,3506.9443999999999,283826285,356025931.29250002,-0.58130000000000004,0.0030761580285696001,1,-0.0050192681562898,0.0077662742853256,0.010578264143947001,-0.0063062599912357001,0.0012951594471498,0.0075194596312976002,0.1769211243300752,-0.50190000000000001
2021-05-24,3486.2710999999999,3498.3036999999999,3469.8746000000001,3497.2820999999999,3486.5569,289509242,367181627.93400002,0.30759999999999982,0.024035721911023301,1,0.00028646456679330001,0.026688509946545001,0.010516468469231301,0.0047117270157879003,-0.0044045096021106001,0.0104540234915005,-0.39979250662461752,0.0286
2021-05-25,3502.5390000000002,3584.5774000000001,3502.4429,3581.3418000000001,3497.2820999999999,341241127,472213531.4332,2.4036,0.0033549436694367001,1,-0.0016227171974290001,0.0137254139406306,0.010149382012710401,-0.0014213709535728001,-0.0002016328389165,0.0087439789391125008,0.039377167383031701,-0.1623
2021-05-26,3586.8388,3603.4881,3585.3694999999998,3593.357,3581.3418000000001,341980288,455831256.66060001,0.33550000000000002,0.0043117619540724,1,0.017548762400456702,0.025422703836158501,0.01093283612007,0.0017330546742849,0.015788345659926501,0.016462611562755001,0.31318383473303152,1.7548999999999999
2021-05-27,3585.7337000000002,3626.3584000000001,3579.2601,3608.8507,3593.357,309551486,429004239.27060002,0.43120000000000003,-0.0022351437259513001,0,0.0088254033259472005,0.0200113241292432,0.0111089985523775,0.0050299437650764001,0.0037764641585227,0.0080907313030466003,0.068379583022066301,0.88249999999999995
2021-05-28,3610.7667999999999,3622.1801,3582.3580000000002,3600.7844,3608.8507,349208830,452445031.96520001,-0.2235,0.0040804720215960001,1,-0.0018106693373552,0.023300641223692201,0.011077657788695801,-0.0057471008204412,0.0039591853202882001,0.0071051885396733001,0.4126254314414286,-0.18110000000000001
2021-05-31,3600.0702000000001,3615.6568000000002,3580.6523999999999,3615.4773,3600.7844,331523770,449694380.97549999,0.40799999999999992,0.0025547111027359,1,0.00038504870642870002,0.023401493546378601,0.010923610365788801,0.0036498907711965001,-0.003252969082933,0.010387384416690701,-0.38404434663977582,0.0385
2021-06-01,3608.5978,3626.0736999999999,3581.9115000000002,3624.7138,3615.4773,352811413,471663104.7967,0.2555,-0.0076077454722079003,0,0.00094044823568950001,0.0260289044236536,0.0099138710156385004,0.0034695981824179002,-0.0025204051535886,0.0108479450742521,-0.16900652082762041,0.094
2021-06-02,3626.3283000000001,3629.2896000000001,3584.5954999999999,3597.1379000000002,3624.7138,348558420,454678066.37559998,-0.76080000000000003,-0.0035933568184860001,0,0.0108466715605897,0.0192709590790449,0.0096149532901563008,0.00024904122558460002,0.0105949917452756,0.0152206724799154,-0.17782499842992111,1.0847
2021-06-03,3595.4214999999999,3618.5066999999999,3584.2053999999998,3584.2121000000002,3597.1379000000002,354233031,443506527.32920003,-0.35930000000000001,0.0021295056729482001,1,-0.0057818650739785002,0.0045124444516063001,0.0096861004580034004,-0.0018107777928600001,-0.0039782910822637003,0.0095656305144563008,0.053727877805290002,-0.57820000000000005
2021-06-04,3565.4715999999999,3618.8000999999999,3561.8906999999999,3591.8447000000001,3584.2121000000002,330893038,435280519.93290001,0.21299999999999991,0.0021427151346492001,1,-0.0113179841912073,-0.0050550952832393,0.0100051265877665,0.0023107679053793002,-0.013597331818621401,0.0162207715165942,0.1481017494419099,-1.1317999999999999
2021-06-07,3597.1412999999998,3600.3759,3581.8987999999999,3599.5410000000002,3591.8447000000001,303718677,432219952.22219998,0.21429999999999991,-0.0053992161778405002,0,-0.0016546968984013,-0.0070837486493287001,0.0098927305969071008,-0.0044217312486383,0.0027793237730142002,0.0098463614102450008,0.30938411210561673,-0.16550000000000001
2021-06-08,3598.7527,3621.5227,3563.2503000000002,3580.1062999999999,3599.5410000000002,304491470,443161808.00779998,-0.53990000000000005,0.0031535935120139001,1,-0.0045238103471527003,-0.0125042021418917,0.0099531398658279004,0.0023341782482250001,-0.0068420181055418002,0.0134303429340102,-0.1715017652144829,-0.45240000000000002
2021-06-09,3576.8015,3598.7082,3572.6363999999999,3591.3964999999998,3580.1062999999999,298323296,403236322.75389999,0.31540000000000001,0.0054192011380531004,1,-0.00020495163141480001,-0.023300529387810302,0.0099519129605414001,0.0039336818205818001,-0.0041224171745006003,0.0118416884123821,-0.45848665230571573,-0.020500000000000001
2021-06-10,3587.5282000000002,3624.3433,3584.1332000000002,3610.8589999999999,3591.3964999999998,318174808,442117285.38389999,0.54190000000000005,-0.0058465035605101004,0,-0.0013463565680311,-0.018943176954305401,0.0086979034938039004,-0.00035578558081630001,-0.00099092354352280001,0.0059722640123579,0.1050303288669026,-0.1346
2021-06-11,3614.1134000000002,3614.4038,3587.1491000000001,3589.7480999999998,3610.8589999999999,360554970,495372693.06449997,-0.5847,-0.0092455233836601005,0,-0.0001304682278552,-0.0078419445122440007,0.0085686869872806,0.0017183535396725,-0.0018456502878227,0.0100707555293305,0.071057939645614202,-0.012999999999999901
2021-06-15,3587.4657999999999,3592.9465,3547.1869999999999,3556.5590000000002,3589.7480999999998,349168566,444719204.21829998,-0.92459999999999998,-0.010749097653096701,0,0.0035926939393602,-0.0026270743928542002,0.0073075642787221,0.0043850003897156001,-0.00078884735439930002,0.0077014135554343,0.049530777735697001,0.35930000000000001
2021-06-16,3556.7139000000002,3561.0920999999998,3513.5592000000001,3518.3292000000001,3556.5590000000002,312597306,410609314.68099999,-1.0749,0.0020677428365713001,1,-0.0070591180332382,-0.0051672127411828001,0.0072438574281783004,0.0036165844894255001,-0.0106372320741341,0.017091664173207701,0.1533392344134156,-0.70589999999999975
2021-06-17,3508.317,3534.1976,3507.3535000000002,3525.6042000000002,3518.3292000000001,277229918,388761041.67940003,0.20680000000000001,-0.0001439185941519,0,-0.007042610078101,-0.0119709339857921,0.0073682274274967001,-0.0010182086859903,-0.0060305417420934001,0.0085549083699476003,-0.1459110117927071,-0.70430000000000004
2021-06-18,3520.4965999999999,3535.6221,3503.1833000000001,3525.0967999999998,3525.6042000000002,296708585,446297401.40310001,-0.0144,0.0011590603696329,1,0.0042814180478563,-0.0064030327078628,0.0067001682708324002,-0.0068910610320976002,0.0112500035409661,0.0120442355761048,-0.084171169306126004,0.42809999999999993
2021-06-21,3515.5005999999998,3540.2959000000001,3504.0075000000002,3529.1826000000001,3525.0967999999998,280898277,426562789.14810002,0.1159,0.0079988493652889004,1,0.0084976184048302008,0.0021709266331881001,0.0068515293235789001,0.00096118190708990002,0.0075291995673412004,0.010461650942851,0.68925491501658165,0.8498
2021-06-22,3539.7876000000001,3560.1945999999998,3536.8119999999999,3557.4119999999998,3529.1826000000001,307536399,437092259.17339998,0.79990000000000006,0.0024759291305027002,1,-0.0108422302210977,-0.0122435478933075,0.0073174229745996003,-0.010403360685136301,-0.00044348325219160001,0.0095582590628816005,-0.54423436272844583,-1.0842000000000001
2021-06-23,3559.3987999999999,3577.4661000000001,3549.8481999999999,3566.2199000000001,3557.4119999999998,310709518,470347635.63700002,0.2475999999999999,0.0001216974870225,1,-0.0062915511249956001,-0.0114799886726029,0.0074478797918156002,0.0030243251781388002,-0.0092877870150156003,0.0098051879672856005,-0.097412822543281499,-0.62919999999999976
2021-06-24,3568.5758000000001,3570.4874,3548.8161,3566.6538999999998,3566.2199000000001,335440754,461273595.5697,0.012200000000000001,0.0114695457274394,1,0.0179199682371027,0.0133710356002987,0.0074946342284648,0.0055980693584121001,0.0122533040328449,0.017208906045123502,0.1468924014307422,1.792
2021-06-25,3567.3771999999999,3614.2981,3564.5198999999998,3607.5617999999999,3566.6538999999998,346087832,483898970.86860001,1.147,-0.00032975180078680002,0,0.0022691411722287002,0.0113405458742885,0.0072204095516782002,0.0016792130497653001,0.00058893916812680005,0.0073230900990280002,-0.28583724879032951,0.22689999999999991
2021-06-28,3612.2469000000001,3614.3573999999999,3594.2174,3606.3721999999998,3607.5617999999999,321274974,456029594.40130001,-0.033000000000000002,-0.0092043466839055003,0,0.0140486648297963,0.016907240548767501,0.0079032616372036006,0.0041620415989496,0.0098456452457653006,0.0115492239926931,0.2210120886562823,1.4049
2021-06-29,3601.6772000000001,3601.8265000000001,3570.5252999999998,3573.1779000000001,3606.3721999999998,306071178,440898705.22509998,-0.9204,0.0050428779378715004,1,-0.00068013692877210005,0.027354417494471501,0.0079064546345077001,0.0026724054927201001,-0.0033436069479192,0.0063254100112603,-0.35136732846867952,-0.068000000000000005
2021-06-30,3572.6235999999999,3594.1185,3569.5010000000002,3591.1970000000001,3573.1779000000001,268162818,414698378.93349999,0.50429999999999975,-0.00067258911165270002,0,-0.0093684976578755005,0.024173288646742001,0.0081917496023948006,0.00080599146516870004,-0.010166295175900101,0.012548730196150701,0.44334311754937322,-0.93689999999999996
2021-07-01,3600.5464000000002,3607.7049000000002,3573.9373999999998,3588.7815999999998,3591.1970000000001,291883192,450639036.9874,-0.067299999999999902,-0.019511385145309201,0,,,,,,,,
2021-07-02,3569.8919000000001,3569.8919000000001,3514.3386,3518.7595000000001,3588.7815999999998,291945548,452263194.296,-1.9511000000000001,0.0044227802440035,1,-0.0057304762003302003,0.0003775539983768,0.0078421974167210001,0.0039249364525885001,-0.0096176639331591006,0.0109877526807176,-0.1386074438631848,-0.57299999999999995
2021-07-05,3516.9227999999998,3534.3222000000001,3510.5781000000002,3534.3222000000001,3518.7595000000001,288094837,445431942.14660001,0.44230000000000003,-0.0011496688106138,0,-0.017952369141753102,-0.019805792165902801,0.0086570631257413006,0.0010777734802509,-0.019009654520493101,0.0217597852084522,0.31680572808345342,-1.7951999999999999
2021-07-06,3533.1304,3538.3470000000002,3496.9276,3530.2588999999998,3534.3222000000001,314070211,492886901.1857,-0.115,0.0066444418566582002,1,-0.0058960622979100001,-0.039084655878711502,0.0084209320744553003,-0.0074711007466507001,0.0015868942958994,0.0104583400740787,-0.4325871282876772,-0.58960000000000001
2021-07-07,3508.5900999999999,3557.8789999999999,3504.4722999999999,3553.7154999999998,3530.2588999999998,318839189,457607653.2252,0.66439999999999977,-0.0079386208603360008,0,-0.0025099934265460002,-0.040844189788952302,0.0084244342163175001,-0.0002441060990991,-0.0022664405794154,0.0087700534759357004,0.041257837851606603,-0.251
2021-07-08,3557.2177000000001,3558.6772000000001,3521.0578999999998,3525.5039000000002,3553.7154999999998,350877857,526858672.96969998,-0.79390000000000005,-0.00040158798292640001,0,-0.0039981676252437001,-0.035644493189993701,0.0084151497338376003,-0.010510151085425501,0.0065811523658631001,0.0094753438018071005,0.0692445392122778,-0.39979999999999982
2021-07-09,3512.2334000000001,3529.3098,3485.0542999999998,3524.0880999999999,3525.5039000000002,349884317,493020839.32810003,-0.0402,0.0067387929376680001,1,-0.028879545589475301,-0.058097089803471801,0.0104044376923728,-0.0028296940482721001,-0.0261237738285242,0.028985051118322901,0.36803840123600651,-2.8879999999999999
2021-07-12,3545.1977000000002,3565.0320999999999,3527.3926999999999,3547.8362000000002,3524.0880999999999,403639558,564759282.70589995,0.67390000000000005,0.0052669568003166,1,0.0070492794016746001,-0.0341174733543336,0.010635352513228001,-0.0007940152755869,0.0078495273218617007,0.021688843974893401,-0.1650509227210506,0.70489999999999975
2021-07-13,3547.5897,3567.4812999999999,3542.8154,3566.5225,3547.8362000000002,362416711,511917230.6954,0.52669999999999995,-0.0106606365163825,0,0.0062425625005941001,-0.022323449464352201,0.010802232930592201,0.0120009332758934,-0.0056900844514630004,0.011733238152845001,-0.1964121985348761,0.62429999999999986
2021-07-14,3560.8281000000002,3560.8281000000002,3525.4938000000002,3528.5011,3566.5225,372221722,507716415.42150003,-1.0661,0.0102278840156802,1,0.016288064359969202,-0.0038987833801044001,0.0115055492464213,0.0064978535531579002,0.0097270061453677004,0.015977690908747101,-0.028930349096873,1.6288
2021-07-15,3519.0630000000001,3565.9346999999998,3514.2579999999998,3564.5902000000001,3528.5011,363259164,507481841.30790001,1.0227999999999999,-0.0070937747626641,0,-0.0062921510645517001,-0.0061929957204095,0.0114872482584914,7.080681504856301e-05,-0.0063625073707178001,0.0091791380235814006,-0.067322083097442503,-0.62919999999999976
2021-07-16,3559.5259999999998,3565.9992000000002,3537.7287999999999,3539.3038000000001,3564.5902000000001,366014779,518640630.07139999,-0.70940000000000003,-5.1224763469082113e-05,0,0.0075145407316825003,0.031051300531467201,0.0115747146425126,0.00050166513959890003,0.0070093592409014001,0.015838799228141,0.1094686596704335,0.75149999999999995
2021-07-19,3530.4931999999999,3544.8793000000001,3506.3422999999998,3539.1224999999999,3539.3038000000001,336760946,486952459.44700003,-0.0051000000000000004,-0.00065892039622810004,0,0.00030039716005010001,0.0241415653728311,0.0115183351801646,-0.0008468985332688,0.0011482681599395,0.012144474960414301,-0.055651599384137801,0.029999999999999801
2021-07-20,3515.0718000000002,3538.6361000000002,3509.1916000000001,3536.7905000000001,3539.1224999999999,293780594,422649888.6433,-0.0659,0.0073147108939586002,1,-0.018386212590181202,-0.00092530539439230003,0.0119235465932374,-0.0077894123410800001,-0.0106799911036063,0.013899462518407501,-0.049264718513081,-1.8386
2021-07-21,3543.0533999999998,3569.0898000000002,3543.0533999999998,3562.6610999999998,3536.7905000000001,338978748,517239989.14999998,0.73150000000000004,0.0033888432441693001,1,-0.0083860256429844002,-0.0251814782245799,0.0118428723582339,-0.0034176337533439001,-0.004985430264387,0.0149644704322842,0.18869042182477,-0.83860000000000001
2021-07-22,3563.6608000000001,3576.4731999999999,3558.2932999999998,3574.7343999999998,3562.6610999999998,381067054,566769499.16489995,0.33889999999999992,-0.0068083379844945001,0,-0.0012718618450614,-0.020256619352758201,0.0118033146008442,0.002933683061713,-0.0041932432600489001,0.0146911598815081,-0.30252038093296102,-0.12720000000000001
2021-07-23,3571.7152000000001,3571.8541,3541.5101,3550.3964000000001,3574.7343999999998,446421246,604195152.71259999,-0.68079999999999985,-0.023365137481549801,0,0.018338574920164101,-0.0097309391572519,0.0118405963582515,0.0088045435411674006,0.0094508212121344002,0.0111766646170482,0.0774392764016891,1.8339000000000001
2021-07-26,3538.0142999999998,3538.0142999999998,3424.7424000000001,3467.4409000000001,3550.3964000000001,442882203,639061193.80340004,-2.3365,-0.024876444181067301,0,-0.0144951060170597,-0.024378068237166001,0.012122555564631,0.0006171583734432,-0.0151029434824691,0.018717104124104,-0.4239403429867199,-1.4495
2021-07-27,3467.4472999999998,3483.8737999999998,3380.2763,3381.1833000000001,3467.4409000000001,469075443,702741087.48959994,-2.4876,-0.0057949535004504001,0,-0.0413461981891503,-0.0471979040938122,0.0142374499009563,-0.0181630321082146,-0.023612032179552801,0.025669808703468602,0.82364006108164745,-4.1345999999999998
2021-07-28,3355.8189000000002,3385.5360000000001,3312.7206000000001,3361.5895,3381.1833000000001,395825419,564697720.12520003,-0.57950000000000002,0.014913926878936201,1,-0.042221918486029401,-0.079709456423048802,0.016371706436016101,-0.0069031685623877001,-0.035564255977449902,0.0601233491344026,0.54697563591148324,-4.2222
2021-07-29,3403.8382999999999,3416.6071000000002,3382.5709999999999,3411.7240000000002,3361.5895,344569428,539748855.3829,1.4914000000000001,-0.0042109502409925,0,0.0154446049118985,-0.064305858896629403,0.017148401758005302,0.0107751481577889,0.0046196790281398002,0.026800146533404502,-0.3170820052678458,1.5445
2021-07-30,3398.1959999999999,3404.8813,3370.4506000000001,3397.3573999999999,3411.7240000000002,381440956,568820969.72800004,-0.42109999999999992,0.019700017431195201,1,0.033031481658859801,-0.050805371838821702,0.019275743648544001,0.029342997611671001,0.0035833381640006001,0.018761963234497501,-0.035923263016323703,3.3031000000000001
2021-08-02,3385.6902,3464.2914000000001,3367.643,3464.2854000000002,3397.3573999999999,432927871,657885783.92009997,1.97,-0.0047034231071146002,0,-0.0134632601845616,-0.049811543672896301,0.019134898284207901,-0.010354424722936901,-0.0031413624627728001,0.019536528531669001,-0.29959283437306522,-1.3463000000000001
2021-08-03,3446.7840999999999,3470.6570999999999,3435.4618999999998,3447.9913999999999,3464.2854000000002,400698081,603419198.48529994,-0.4703,0.0084765872675899006,1,0.010583940621770401,0.0016600285885328,0.019408488693615202,0.0036123374149638001,0.0069465100685821004,0.021472953885111602,-0.31564471223355972,1.0584
2021-08-04,3442.9367999999999,3477.5972000000002,3440.7835,3477.2186000000002,3447.9913999999999,348744218,546820755.98329997,0.84770000000000001,-0.0030684007039418,0,-0.0015619878181718,0.0441828510473588,0.019411735730825601,0.0020300505416263001,-0.0035847611135583,0.019608321453891301,0.1279405283157988,-0.15620000000000001
2021-08-05,3461.7184999999999,3486.1572000000001,3449.3885,3466.5491000000002,3477.2186000000002,348436922,540401110.89139998,-0.30680000000000002,-0.0024004852549183,0,0.0088464055107078006,0.037397915040818103,0.019598149873051401,-0.0012594093030605001,0.0101185582201243,0.0244701051581953,-0.1234910276546976,0.88460000000000005
2021-08-06,3465.4841999999999,3466.3904000000002,3436.9317000000001,3458.2276999999999,3466.5491000000002,336824400,516406643.13590002,-0.23999999999999991,0.0105276757802847,1,-0.0083953448331318004,-0.0042040149996276002,0.018667470262683301,-0.0013827003524864,-0.0070223542924008004,0.016763444339121001,-0.046595591286697602,-0.83950000000000002
2021-08-09,3441.7501999999999,3502.8409999999999,3438.703,3494.6347999999998,3458.2276999999999,349910094,539498929.56690001,1.0528,0.0101000825608443,1,-0.00096509441630470002,0.0084114536287660004,0.018557523094634501,0.0022240293626829,-0.0031820468134411001,0.010473697647253101,-0.083618535022850202,-0.096500000000000002
2021-08-10,3488.6642000000002,3529.9308999999998,3477.0641000000001,3529.9308999999998,3494.6347999999998,345112992,553440311.80149996,1.01,0.00076216789399460004,1,0.0039725891349686,0.0018143147912394,0.0185112793198258,-0.0080280678701574008,0.0120977787943654,0.023162868514939101,0.016209453788167801,0.39729999999999982
2021-08-11,3527.1093000000001,3544.0940999999998,3524.0444000000002,3532.6212999999998,3529.9308999999998,383783554,541942732.59949994,0.076200000000000004,-0.0022317421909899002,0,0.0122594489297427,0.015682489896857402,0.0183213364262397,0.0065900910841063002,0.0056322408653261,0.017961146579209601,0.090522231864514899,1.2259
2021-08-12,3522.7238000000002,3538.3960000000002,3513.4457000000002,3524.7374,3532.6212999999998,381074593,538163449.85409999,-0.22320000000000001,-0.0023940790596201,0,0.0020499428316274001,0.0088399734358058004,0.0183212166622552,-0.0042802986737388001,0.0063574533043129003,0.0138324158580029,0.33027761849123022,0.2049999999999999
2021-08-13,3514.4670999999998,3540.0799000000002,3500.7995000000001,3516.2988999999998,3524.7374,378187282,532907854.29530001,-0.2394,0.00029741498937990002,1,-0.0053390527288656002,0.0119493876859448,0.0181983388285131,-0.0013649580497641001,-0.003979526565922,0.0122951250105025,-0.37764391329956293,-0.53390000000000004
2021-08-16,3514.3445000000002,3537.8499999999999,3510.8975999999998,3517.3447000000001,3516.2988999999998,391099721,535458941.41729999,0.029700000000000001,-0.020006199562982802,0,-0.0047590639049515,0.0081063737136831005,0.018191791254554501,-0.0083577760162788003,0.0036290428385252001,0.0121318419085731,-0.21399096586334021,-0.47589999999999982
2021-08-17,3512.1089999999999,3531.7249000000002,3438.1233000000002,3446.9760000000001,3517.3447000000001,422885804,570430624.0187,-2.0005999999999999,0.0111140605562671,1,-0.0079631337523047001,-0.0038784936499843001,0.0178683001610127,-0.0010014542494928,-0.0069686582952749,0.015262799327968301,0.2099163755523995,-0.79630000000000001
2021-08-18,3442.3472000000002,3487.4364,3437.6907999999999,3485.2858999999999,3446.9760000000001,389203756,535463068.06550002,1.1113999999999999,-0.0056613146141036002,0,-0.0166373456636872,-0.0323146012007988,0.0181102741909334,-0.0016637727613355001,-0.0149985270431061,0.024575023699977001,0.32938446465153243,-1.6637
2021-08-19,3475.2979999999998,3480.4598000000001,3446.0146,3465.5545999999999,3485.2858999999999,382383031,537926524.37170005,-0.56610000000000005,-0.0110287686709653,0,0.0047052206819966002,-0.029750384093718801,0.018184154043618402,0.0021036383699599001,0.0025961210122624001,0.012281193061255901,-0.26559306178830511,0.47049999999999992
2021-08-20,3442.5061999999998,3453.1531,3394.9722999999999,3427.3337999999999,3465.5545999999999,391136918,552667602.5517,-1.1029,0.014529749042827301,1,-0.0212888926860892,-0.045308777267512701,0.017963598180857802,-0.0030606552516119,-0.018284199064365101,0.025099537982936501,0.27496784748531761,-2.1288999999999998
2021-08-23,3436.7963,3481.2543000000001,3436.6705999999999,3477.1320999999998,3427.3337999999999,384727440,564308155.51380002,1.4530000000000001,0.0107384185950254,1,-0.018431186510841,-0.058423848176049703,0.018101315301147902,-0.0029629097108467002,-0.015514244104507901,0.0261945550559659,0.21086452868509281,-1.8431
2021-08-24,3482.2658000000001,3522.6972999999998,3481.1408999999999,3514.471,3477.1320999999998,430236463,616084137.9418,1.0738000000000001,0.0073731437818093,1,0.0104576631044535,-0.040940039249147901,0.016165367540833302,0.0128665433654786,-0.0023782800180376,0.016955523040098602,-0.26775415494759952,1.0458000000000001
2021-08-25,3517.9151000000002,3540.3948,3510.0664000000002,3540.3836999999999,3514.471,450047019,598611868.65540004,0.73729999999999996,-0.0109364982106318,0,0.024625252742079801,-0.0006971992012698,0.0141988964471034,0.0127078936772762,0.011767814923936,0.0145828745112922,-0.062351092458133001,2.4624999999999999
2021-08-26,3537.3139000000001,3537.3155000000002,3499.4529000000002,3501.6642999999999,3540.3836999999999,502903147,622393475.97210002,-1.0935999999999999,0.0058521886292755001,1,-0.0013203554737418,-0.0066903751148662,0.013813176268314501,0.0078564454491463001,-0.0091052658980602004,0.016875441154978601,-0.1790410823507286,-0.13200000000000001
2021-08-27,3494.4176000000002,3530.1927000000001,3493.375,3522.1567,3501.6642999999999,455345906,595518692.63779998,0.58520000000000005,0.0017019401777325,1,-0.010829786778599601,0.0039247394863312001,0.011700056927878,-0.00078500970072720004,-0.010052668520178901,0.017544597074408402,0.066342813016808,-1.083
2021-08-30,3535.0727000000002,3539.4940000000001,3512.9929000000002,3528.1511999999998,3522.1567,512785716,699116242.83010006,0.17019999999999991,0.0044751483439826002,1,-0.00030689703879740001,0.0224618225074566,0.0113673794093686,-0.0030744787963654001,0.0027761168700208001,0.013248115632509,-0.18256770146031781,-0.030700000000000002
2021-08-31,3519.0245,3543.9402,3496.3890999999999,3543.9402,3528.1511999999998,524205056,703504818.92120004,0.44750000000000001,0.0065352682869761003,1,0.0051814613492108001,0.017122939880738802,0.0111391476644412,-5.5100994218681976e-05,0.0052368508991207001,0.014317993347735701,0.26697550698990291,0.5181
2021-09-01,3543.8663000000001,3582.3236000000002,3514.6743999999999,3567.1008000000002,3543.9402,667276305,842528984.3642,0.65349999999999975,0.0083938754968742001,1,0.0132911555963812,0.0058718310691264,0.0116051001334459,-0.00059946263715000001,0.013898950134832701,0.0300815911328082,0.37998451758994273,1.3290999999999999
2021-09-02,3559.9025000000001,3597.3656000000001,3557.6768999999999,3597.0426000000002,3567.1008000000002,572684039,691113292.77450001,0.83940000000000003,-0.0042557738960334003,0,0.0057691586881867003,0.0130124017521635,0.0114939379176485,-0.0002770587260167,0.0060478930357432004,0.015759502206229702,-0.29103630872165631,0.57689999999999975
2021-09-03,3602.7420999999999,3613.9479999999999,3569.3989000000001,3581.7343999999998,3597.0426000000002,614532353,743840780.59679985,-0.42559999999999992,0.0112026452882716,1,0.0023874023226266002,0.026548167686968101,0.011365970076201101,0.0067322901350797002,-0.0043158323767187,0.015034794832853001,-0.074667764004821599,0.2387
2021-09-06,3580.1412999999998,3626.2865000000002,3580.1412999999998,3621.8593000000001,3581.7343999999998,521713276,654085732.91859996,1.1203000000000001,0.015110277751540301,1,-0.0072225716479183003,0.019446715173908401,0.011474986016813101,-0.0025971208600241002,-0.0046374949226960002,0.0092386365422111004,0.2305987185971663,-0.72230000000000005
2021-09-07,3621.7098999999998,3681.9254000000001,3615.1444000000001,3676.5866000000001,3621.8593000000001,547721875,658867924.82509995,1.5109999999999999,-0.00038081518330060002,0,0.0101011543900678,0.024436227120770301,0.0116798632392301,-0.0028885811476262002,0.013027366141935001,0.0134839060628161,-0.28744818538375932,1.0101
2021-09-08,3673.4023000000002,3695.3204000000001,3660.9998000000001,3675.1864999999998,3676.5866000000001,586436193,674348482.6573,-0.038100000000000002,0.0048822284256867,1,0.0072619892576069002,0.0183407466829268,0.011451325338680301,0.0016660532196792,0.0055866284176651002,0.012363727816056,-0.037417911575946601,0.72619999999999985
2021-09-09,3666.8245999999999,3693.4499000000001,3662.1633000000002,3693.1296000000002,3675.1864999999998,604810330,679465424.37629998,0.48820000000000002,0.0027025046724598002,1,-0.0012408157813553001,0.011243151202019,0.011437701578002101,0.0016119221526598,-0.0028481469428639,0.014997933870969401,0.0103091029813331,-0.1241
2021-09-10,3691.1855999999998,3722.8732,3681.6415000000002,3703.1102999999998,3693.1296000000002,635200433,759084638.08220005,0.27029999999999982,0.0033112705284528,1,-0.022982850529977401,-0.0143512391325093,0.0124590830263526,-0.0092701891612491007,-0.0138409697767335,0.019017945034616901,0.1162538439079821,-2.2982999999999998
2021-09-13,3699.2534000000001,3716.8314999999998,3692.8157000000001,3715.3723,3703.1102999999998,557484019,696192354.65209997,0.33110000000000001,-0.0142033679908739,0,0.0190507855031887,0.011733461405861,0.013240319430194301,0.0060160989267381004,0.0129567375615127,0.0130346865764504,-0.043735851539421902,1.9051
2021-09-14,3709.6336000000001,3723.8451,3655.6341000000002,3662.6015000000002,3715.3723,564952386,693778088.25150001,-1.4202999999999999,-0.0017414670965433001,0,-0.014962273777174601,-0.0133704688531369,0.0135433990567943,-0.0122342631871971,-0.0027617991678674002,0.012060638230078601,0.14584402215411871,-1.4962
2021-09-15,3651.1583000000001,3677.5264999999999,3638.3225000000002,3656.2231999999999,3662.6015000000002,474970001,604231544.08770001,-0.1741,-0.0134376369582688,0,-0.0120702833095928,-0.032306744839325802,0.0132953423762266,0.00053808407205280001,-0.0126015866685768,0.020254662136275001,0.035383323019543,-1.2070000000000001
2021-09-16,3664.8409999999999,3677.9198000000001,3606.7276000000002,3607.0922,3656.2231999999999,546741474,673955340.42480004,-1.3438000000000001,0.0019057178521801001,1,-0.018391332836383101,-0.048923803224278202,0.013822014555401101,-0.0075365958192675003,-0.0109371660167925,0.016507183881566401,0.0090904529984285002,-1.8391
2021-09-17,3595.2714999999998,3620.9575,3569.2707,3613.9663,3607.0922,516850210,628834394.26119995,0.19059999999999991,0.0040186871692744,1,-0.0145950119860777,-0.0407586716441126,0.0133931816121453,0.00035233196222120001,-0.0149420793761527,0.021584926583526402,0.032094747213884202,-1.4595
2021-09-22,3563.2073999999998,3629.4539,3560.5032999999999,3628.4897000000001,3613.9663,472296053,559874729.6063,0.40189999999999992,0.0037841364135605001,1,,,,,,,,
2021-09-23,3651.2660999999998,3670.9542000000001,3632.2822000000001,3642.2204000000002,3628.4897000000001,534995486,633218929.07130003,0.37840000000000001,-0.0080042108379819003,0,0.0050790194172903001,-0.050218745576367102,0.0134335001691872,-0.0096260696439789007,0.0148480171080263,0.021304079730645901,-0.2429167523663924,0.50790000000000002
2021-09-24,3637.8676999999998,3651.4294,3607.7919000000002,3613.0673000000002,3642.2204000000002,507304772,606788609.0826,-0.8004,-0.0083686788784699002,0,0.0119496943629513,-0.020861487599872101,0.0138385783322465,0.016208713401377101,-0.0041910869118319,0.021211698347833902,0.26541113468850053,1.1950000000000001
2021-09-27,3625.9596999999999,3640.8076999999998,3559.9153999999999,3582.8307,3613.0673000000002,510802795,640673648.23339999,-0.83689999999999976,0.0054112799692154004,1,-0.0130072318609864,-0.019283804628291101,0.0139178667322538,-0.00096854552531130001,-0.0120503576556607,0.022065621203232001,-0.29731029581355273,-1.3007
2021-09-28,3577.8859000000002,3610.9169999999999,3568.8189000000002,3602.2184000000002,3582.8307,444168807,500081996.05989999,0.54110000000000003,-0.018300944773365101,0,0.00068699942460700005,-0.028569754694479602,0.0139273965748053,-0.0025107307491352001,0.0032057790217070001,0.0156075356644467,0.14277871133693751,0.0686999999999999
2021-09-29,3573.5178000000001,3573.5178000000001,3518.0477000000001,3536.2944000000002,3602.2184000000002,452511151,511106926.31459999,-1.8301000000000001,0.0090129373843987007,1,0.012045629726074701,0.0166499717417301,0.014203853146494,0.0047181229289538001,0.0072930970686181,0.018442895511463001,0.0561975363212514,1.2045999999999999
2021-09-30,3541.9283,3572.4259000000002,3541.9283,3568.1668,3536.2944000000002,395629626,445734703.1433,0.90129999999999999,0.006726086908269,1,0.0066574450447521001,0.018246568962997301,0.013902780692056201,-0.0091296505892355002,0.015932554287627802,0.0264677419420669,-0.1337541366711914,0.66569999999999985
2021-10-08,3609.0873999999999,3612.5538999999999,3571.7338,3592.1666,3568.1668,407161148,492964826.43470001,0.67259999999999975,-0.0001274718160342,0,0.030677833925618601,0.0015500638595493,0.015920222156884201,0.0155563038225454,0.0148898983209062,0.0179905359524902,-0.0626817665876159,3.0678000000000001
2021-10-11,3600.3569000000002,3614.6988000000001,3586.7487000000001,3591.7087000000001,3592.1666,394361159,468673831.44480002,-0.012699999999999901,-0.0124655153687713,0,0.0055105452128250002,0.0106695085051702,0.0160331360952169,0.0146981608170764,-0.0090545306565382004,0.018995430684409401,0.29033099775347532,0.55110000000000003
2021-10-12,3581.2966999999999,3583.6390999999999,3515.1408000000001,3546.9362000000001,3591.7087000000001,405393748,461983492.10189998,-1.2465999999999999,0.004179973691097,1,0.019616834790450802,0.053615416970199802,0.016036663155576301,0.013042594266411901,0.0064895993132445002,0.0110863057792844,-0.1095157054550366,1.9617
2021-10-13,3543.4917999999998,3569.1332000000002,3515.6480999999999,3561.7622999999999,3546.9362000000001,325050667,405020008.80690002,0.41799999999999993,-0.00097783055315050008,0,,,,,,,,
2021-10-14,3555.1084999999998,3569.6864,3547.1819999999998,3558.2795000000001,3561.7622999999999,294969196,377519263.09350002,-0.097799999999999901,0.0039588514617806001,1,,,,,,,,
2021-10-15,3551.9874,3578.7660999999998,3542.6932000000002,3572.3661999999999,3558.2795000000001,320292984,425924720.86390001,0.39589999999999992,-0.0011836132589093001,0,-0.0143138681836865,0.035613784348338201,0.015609862159821601,-0.0129965974454582,-0.0013346162078257001,0.0127533604026678,-0.14153960992790521,-1.4314
2021-10-18,3571.0482000000002,3571.0482000000002,3539.4778999999999,3568.1379000000002,3572.3661999999999,340950616,455787893.42460001,-0.11840000000000001,0.0070107716408604002,1,0.0147568821985217,0.056932408542093402,0.015756056015272,0.0089918554124389007,0.0057136504672044,0.016080062205083501,0.24520519140413011,1.4757
2021-10-19,3562.2955000000002,3596.7874999999999,3560.6221,3593.1532999999999,3568.1379000000002,334197652,440181531.80019999,0.70109999999999995,-0.0017122564739999,0,0.0031104229764683002,0.028662769773615,0.0155501511815358,0.0037250858238297001,-0.00061238167307220003,0.0119249329674043,-0.35282537781623441,0.311
2021-10-20,3583.2363999999998,3596.0499,3574.2957000000001,3587.0009,3593.1532999999999,344245008,450482950.93180001,-0.17119999999999991,0.0021695561882908001,1,0.0148549277344325,0.038222309902024403,0.015262474312484,0.0024203307785397002,0.012404573784168401,0.0137974596365568,0.0139730525423651,1.4855
2021-10-21,3590.0495999999998,3610.9602,3576.3546999999999,3594.7831000000001,3587.0009,352310867,453571672.48830003,0.217,-0.0033881042781135,0,0.0135264730073552,0.032020814141232902,0.0149852122446097,0.011129160541214,0.0023709260495048002,0.0115952830880115,0.087276720811713504,1.3526
2021-10-22,3594.7456999999999,3607.5776000000001,3578.7602000000002,3582.6035999999999,3594.7831000000001,353157203,455441250.13639998,-0.33879999999999982,0.0076087122784110001,1,-0.0045335900416359001,0.0422608391196585,0.0149734053324943,0.0002230638023691,-0.0047555930433385001,0.014891708837076001,0.13401199383160101,-0.45340000000000003
2021-10-25,3574.2631000000001,3611.0907999999999,3564.2058999999999,3609.8625999999999,3582.6035999999999,321196816,443961628.84469998,0.76090000000000002,-0.0033865277864038,0,0.0042048572635451,0.031422812242410003,0.0124673139608598,0.0037401705696120001,0.00046295516265840002,0.0084273949141213007,-0.2044440759665562,0.42049999999999982
2021-10-26,3612.8332,3625.0156000000002,3589.7060000000001,3597.6377000000002,3609.8625999999999,337278291,465179593.74739999,-0.3387,-0.0098210278372388004,0,0.0001952008904222,0.0284253091824988,0.0124953652897552,-0.0040628577486907002,0.0042754290993582003,0.0108405388616268,-0.15522988884566391,0.0195
2021-10-27,3589.8573000000001,3589.8573000000001,3553.1277,3562.3051999999998,3597.6377000000002,350620940,470777794.11180001,-0.98209999999999997,-0.0123202806991382,0,-0.0035879340410980001,0.0097358341596474,0.0124499807857094,0.0039380790547076001,-0.0074964913203534001,0.0126228234086673,0.052376039559764102,-0.35880000000000001
2021-10-28,3548.7021,3552.0419000000002,3509.4872,3518.4166,3562.3051999999998,378171666,502982768.10470003,-1.232,0.0082194644033910004,1,-0.015728003434943901,-0.0194092291022121,0.0126485288092103,-0.0093362577467703007,-0.0064519830650465,0.0092172022181197001,0.0553780871146951,-1.5728
2021-10-29,3519.3276000000001,3547.3361,3502.8013000000001,3547.3361,3518.4166,358809377,527231831.3804,0.82189999999999985,-0.00080528033416390002,0,-0.0028487549524478001,-0.017749571154525301,0.0127066083533754,0.00076788792582040003,-0.0036138678327942001,0.0102705010078529,0.22071014606500761,-0.28489999999999982
2021-11-01,3530.3962999999999,3556.5900000000001,3519.2901000000002,3544.4794999999999,3547.3361,382251325,564100255.08360004,-0.080500000000000002,-0.010961045197186201,0,-0.0069843436286105001,-0.028694148145227801,0.0126893353812531,-0.0034774980014266,-0.0035190832320905001,0.0079035112673360008,0.0148785379408078,-0.69840000000000002
2021-11-02,3543.3827000000001,3559.0477999999998,3477.6640000000002,3505.6282999999999,3544.4794999999999,417563173,585519469.75230002,-1.0961000000000001,-0.0020228898768303001,0,-0.0087842491933715003,-0.037414238388674602,0.0128492957468273,-0.0042908527483683,-0.0045127600337970001,0.011739259273270001,-0.25682550345457322,-0.87839999999999985
2021-11-03,3501.1051000000002,3512.6089000000002,3480.4877000000001,3498.5367999999999,3505.6282999999999,306607669,449115126.7198,-0.20230000000000001,0.0080973565863306004,1,-0.0021725890423593,-0.036046941674696402,0.0128266990156468,0.018076020341635,-0.0198890937213114,0.024209360459754001,0.21361449478869671,-0.21729999999999991
2021-11-04,3505.8944000000001,3527.9517000000001,3503.0059000000001,3526.8656999999998,3498.5367999999999,319440829,468829179.59820002,0.80969999999999975,-0.010008319851816201,0,-0.0029848998014714002,-0.023566901845350201,0.0116808882277644,-0.0015434465871463001,-0.0014436814595467,0.015079879536264801,-0.1502862861529497,-0.29849999999999982
2021-11-05,3520.2073,3525.8723,3491.4564999999998,3491.5677000000001,3526.8656999999998,354533565,485823223.5126,-1.0007999999999999,0.0020229022052185002,1,0.0080096704262779001,-0.0129340856238502,0.0117555674259194,0.0046493970968739,0.0033447223868484002,0.0093755182369452007,-0.030616736611793802,0.80100000000000005
2021-11-08,3491.9708999999998,3507.2743999999998,3484.2399,3498.6307999999999,3491.5677000000001,298183722,421968075.35079998,0.20230000000000001,0.0023926502905080001,1,-0.014060548205979601,-0.019967892489490501,0.0121965456991382,-0.0108823759107462,-0.0032131388803833,0.0128831537046896,0.2090564122158528,-1.4060999999999999
2021-11-09,3507.1075000000001,3514.9512,3489.0430999999999,3507.0018,3498.6307999999999,287315989,421200703.32560003,0.23930000000000001,-0.0041460486276339,0,-0.0042918299624734001,-0.015526160118818501,0.010200659430351,-0.0051052431172500003,0.00081758713587460003,0.0082105272469282006,-0.13663520370185361,-0.42920000000000003
2021-11-10,3498.9445000000001,3498.9445000000001,3448.4378000000002,3492.4616000000001,3507.0018,307030708,443112742.2924,-0.41460000000000002,0.011546068251688101,1,0.0019932344711649,-0.0114160863469519,0.0101339275824997,0.0076341364824499,-0.0055981648567174002,0.0112143667947166,-0.4229661585664512,0.1993
2021-11-11,3486.451,3534.1990999999998,3482.8290999999999,3532.7858000000001,3492.4616000000001,322087957,464803859.15350002,1.1546000000000001,0.0017873713147281,1,0.0073755306162501004,-0.0011432681645171,0.0092146678937808004,-0.0010353389515953,0.0084195866939063002,0.021434216481354702,0.37973827775351943,0.73760000000000003
2021-11-12,3534.1511999999998,3543.6480000000001,3527.3896,3539.1001999999999,3532.7858000000001,308683354,443398366.97259998,0.1787,-0.0016381565009094001,0,0.0100755556657949,0.00090385840503080003,0.0089150657107322003,-0.0056020649588296003,0.015765942458413701,0.019541017133045301,0.17050244038996881,1.0076000000000001
2021-11-15,3542.9034000000001,3550.4438,3521.2923999999998,3533.3026,3539.1001999999999,313017612,464065405.72420001,-0.1638,-0.0032592453304167001,0,0.0031677769200636001,0.018393671862780601,0.0083024928732817003,0.0108856190136322,-0.0076347332956415003,0.0125384238507698,-0.2042029930369349,0.31680000000000003
2021-11-16,3530.4575,3549.7654000000002,3517.8065000000001,3521.7867000000001,3533.3026,310399909,444700782.76480001,-0.32590000000000002,0.0044237488885965001,1,0.0024849997848228,0.025324900045509802,0.0082914378312724003,0.0043438143680681,-0.0018507751595153001,0.0099861931295716008,-0.34508122103583,0.2485
2021-11-17,3518.5646000000002,3537.5124999999998,3513.5230000000001,3537.3661999999999,3521.7867000000001,276735671,401552317.88249999,0.44240000000000002,-0.0047084749099485,0,0.012715968037380201,0.036297315171443301,0.0081012999589624001,0.0021952738204341002,0.010497649002913801,0.013226780765242301,0.27967912666731992,1.2716000000000001
2021-11-18,3531.4922999999999,3537.9758000000002,3513.1136000000001,3520.7105999999999,3537.3661999999999,312426927,432898314.21939999,-0.4708,0.011265566672818601,1,-0.0024772709418839,0.026161639357116701,0.0074473265194127001,-0.0017877573814504,-0.00069074845107550001,0.0057222236481763002,-0.24732353907307211,-0.2477
2021-11-19,3519.2757999999999,3561.9126999999999,3517.6514000000002,3560.3733999999999,3520.7105999999999,317989976,440593605.99910003,1.1266,0.0060966358191527001,1,-0.012879491993787,0.0028410182355109001,0.0078820927893694,-0.0109239425374112,-0.0019771477042855,0.0074701521398761002,0.117645743941777,-1.2879
2021-11-22,3562.7628,3585.1876000000002,3562.7505000000001,3582.0796999999998,3560.3733999999999,330009385,509123407.00099999,0.60970000000000002,0.0019568799655687,1,-0.010653751305306601,-0.010976007946945501,0.0080318875147352004,-0.0152181777681585,0.0046349621406571,0.0099416581226017004,0.2001234195215619,-1.0653999999999999
2021-11-23,3580.5057999999999,3598.3748999999998,3577.3607999999999,3589.0893999999998,3582.0796999999998,360011593,508083893.76239997,0.19570000000000001,0.0010066898862981001,1,-0.0039373300646667001,-0.0173121010629394,0.0080236500895261003,0.00028303427109880003,-0.0042191701660131004,0.0091820469246071002,-0.082571229496380502,-0.39369999999999977
2021-11-24,3590.0189,3602.7354,3575.2883999999999,3592.7024999999999,3589.0893999999998,336775246,481020419.98329997,0.1007,-0.0023725037071673002,0,-0.0120137836284544,-0.041308590180051001,0.0083120492841223005,-0.0105144653553675,-0.0015152503200819001,0.0070529278187063003,-0.016077477237954801,-1.2014
2021-11-25,3593.3883000000001,3597.1478000000002,3579.5333000000001,3584.1788000000001,3592.7024999999999,306451518,450558843.11369997,-0.23730000000000001,-0.0056050217137605003,0,0.0013759767122432001,-0.037605340802055902,0.0077628007517021001,0.00083240100634500002,0.00054312360925890001,0.0119221567136871,0.1865216042286679,0.1376
2021-11-26,3576.1136000000001,3576.1136000000001,3554.8798000000002,3564.0893999999998,3584.1788000000001,301000066,434625236.05839998,-0.5605,-0.00039073093957730002,0,0.0022142553320773002,-0.022889668606129902,0.0078107340572347002,0.0005748313787445,0.0016384821024068,0.0093087034899028004,-0.40998575764029432,0.22140000000000001
2021-11-29,3528.672,3563.6770000000001,3526.3551000000002,3562.6968000000002,3564.0893999999998,333618331,490038170.24229997,-0.039100000000000003,0.00033412891043660002,1,-0.0266627216638857,-0.038700645150473202,0.0095676838112199007,-0.0095989678320591004,-0.017229135751680901,0.017801825048827501,0.41726898250839461,-2.6663000000000001
2021-11-30,3570.7467999999999,3582.1149999999998,3546.3618000000001,3563.8872000000001,3562.6968000000002,349187938,493605518.04769999,0.033399999999999902,0.0036471693043481001,1,-0.0094798617305605001,-0.044049738410842802,0.0095926744539623007,-0.0070608940338496001,-0.0024361692294888001,0.014950258549233901,-0.035610113537218803,-0.94799999999999995
2021-12-01,3561.886,3576.8852999999999,3558.6909999999998,3576.8852999999999,3563.8872000000001,329873517,467522790.61860001,0.36470000000000002,-0.00085255739120290003,0,-0.0158048049155971,-0.0477178339076035,0.010034117666771101,-0.0029087414850763002,-0.012933684174233,0.029892370695582302,0.65295969823336175,-1.5805
2021-12-02,3573.2467999999999,3586.8670000000002,3567.1370000000002,3573.8357999999998,3576.8852999999999,354041524,468424828.23790002,-0.085300000000000001,0.0094006557324206007,1,0.0078235555218557004,-0.041586356363047,0.0103379722766686,0.0051249698618887002,0.0026848260075936002,0.0139146488686386,-0.45665227507185502,0.78239999999999976
2021-12-03,3576.4495999999999,3608.4697999999999,3573.2134999999998,3607.4322000000002,3573.8357999999998,377551048,493565554.7622,0.94010000000000005,-0.0050246543788126001,0,0.0054951789853466002,-0.038448821672939802,0.010214772137900801,-0.0057005983366950003,0.011259965864721401,0.0122355542856563,0.094341252464179307,0.54949999999999977
2021-12-06,3615.2356,3626.1257000000001,3586.8051999999998,3589.3060999999998,3607.4322000000002,418676743,528229670.82620001,-0.50249999999999995,0.0016109241839252001,1,-0.00093488862256500002,-0.013032525875687101,0.0098744084139124003,-0.0047782729193789003,0.0038618372089681001,0.014748036166401701,0.1547425149443224,-0.0935
2021-12-07,3611.2170000000001,3614.2228,3572.5688,3595.0882000000001,3589.3060999999998,403842594,524119459.39649999,0.16109999999999991,0.0118159270751687,1,-0.017558608287481101,-0.021082296673184502,0.0104497211351355,-0.0145687093995839,-0.0030341018358321001,0.0131835775196291,-0.142295229036879,-1.7559
2021-12-08,3602.8240000000001,3637.7150000000001,3591.9857000000002,3637.5675000000001,3595.0882000000001,361036657,486034352.14160001,1.1816,0.0097520389656000003,1,0.0271647469868578,0.0216568421393417,0.012401607498810601,0.0152093974229721,0.0117762400488344,0.020440799712883002,-0.1059893335611814,2.7164999999999999
2021-12-09,3641.1579000000002,3688.3968,3638.7022000000002,3673.0412000000001,3637.5675000000001,431918157,568529389.58420002,0.97519999999999996,-0.0018222774087042,0,0.0005507916639913,0.0142842530428271,0.0122336615997563,0.0044346859486833002,-0.0038667464784171001,0.0079504129061202002,-0.17573147668564451,0.055100000000000003
2021-12-10,3654.3683999999998,3667.8546999999999,3651.3525,3666.3479000000002,3673.0412000000001,419988801,556324240.45889997,-0.1822,0.0040187402837574002,1,0.0107509854410179,0.0195860007154589,0.012269533980863201,0.0071484322747092004,0.0035769833431326002,0.0071309299921197,-0.020087474639428098,1.0750999999999999
2021-12-13,3686.9367999999999,3708.9423999999999,3678.0583000000001,3681.0819999999999,3666.3479000000002,424092009,574187961.68159997,0.40189999999999992,-0.0053127585856550001,0,-0.0106840443523483,0.0096365964297091006,0.0123570977006573,-0.0075984771711731002,-0.0031091923079479,0.0122882589303751,-0.20937342967693501,-1.0684
2021-12-14,3669.8067000000001,3671.6783999999998,3654.6561000000002,3661.5252999999998,3681.0819999999999,362171934,487468521.3118,-0.53129999999999977,-0.0037948665819679001,0,-0.0017144724142471,0.0259193177720351,0.0123012415962353,0.010274332255918801,-0.011866880398114401,0.018691249939572201,0.084172739328947005,-0.1714
2021-12-15,3655.0488999999998,3668.4016000000001,3645.2424999999998,3647.6302999999998,3661.5252999999998,377477667,481134370.30299997,-0.3795,0.0075078058212204,1,-0.013301422942919401,-0.0144977872434815,0.011940496375448801,-0.0108893581102237,-0.0024386198374,0.0107474228310411,0.0100089353682957,-1.3301000000000001
2021-12-16,3648.9270999999999,3675.0160000000001,3644.6646000000001,3675.0160000000001,3647.6302999999998,381329507,465911359.47500002,0.75080000000000002,-0.0116059902868449,0,-0.0091043516338460001,-0.0240077143394118,0.0119839063839688,0.00093459327845910002,-0.0100295713423429,0.0177623493026513,0.0276427322468588,-0.91039999999999999
2021-12-17,3670.2577999999999,3673.6534999999999,3631.6605,3632.3638000000001,3675.0160000000001,408487837,491952923.48860002,-1.1606000000000001,-0.010671260406240101,0,0.0023372426855490002,-0.032132117027267801,0.0119045277701278,-0.0056714641198660001,0.0080543869721352006,0.015816309974569401,-0.0634382005192594,0.23369999999999991
2021-12-20,3620.0371,3643.9537,3589.3602999999998,3593.6019000000001,3632.3638000000001,423851410,491828987.6239,-1.0670999999999999,0.0087720345428356009,1,-0.0120495836084427,-0.033468051802571501,0.011951397524680401,-0.00049924389256880003,-0.0115561090327303,0.0129956763434217,0.37854011386902542,-1.2050000000000001
2021-12-21,3591.4519,3627.0884000000001,3591.4519,3625.1251000000002,3593.6019000000001,408184348,428379392.34140003,0.87719999999999976,-0.00069164509660640003,0,-0.019306564197333301,-0.050500572333140502,0.0124461443746007,-0.0048636140015168002,-0.0145135384446073,0.020698385650958901,-0.26355011231283842,-1.9307000000000001
2021-12-22,3632.6763000000001,3635.8991999999998,3616.5477000000001,3622.6178,3625.1251000000002,394825177,432451306.63730001,-0.0691999999999999,0.0057199796235749001,1,0.0099569748945475007,-0.0281190305445729,0.0127188582300616,0.0022295147123350002,0.0077102700217630002,0.016271808223923701,-0.018256093150194101,0.99570000000000003
2021-12-23,3625.4695000000002,3643.5459000000001,3618.0479999999998,3643.3391000000001,3622.6178,382925734,449988152.7234,0.57199999999999995,-0.0069402268924130001,0,0.0057027607892099,-0.013596057514785801,0.012841411376049,0.0108744247720962,-0.0051160300984490004,0.0121433978790083,-0.29383933400238682,0.57030000000000003
2021-12-24,3645.3948,3648.9555999999998,3612.0673000000002,3618.0535,3643.3391000000001,390347625,476261146.26679999,-0.69399999999999995,-0.00057472892537370002,0,0.0039524151892901,-0.0120065600306702,0.0128860022549691,0.0017080528241091,0.0022405354123427,0.0102846769135406,0.1201351246034239,0.3952
2021-12-27,3613.0468999999998,3632.1880000000001,3601.9351000000001,3615.9740999999999,3618.0535,329235293,407482648.44630003,-0.057500000000000002,0.0039097072072501,1,,,,,,,,
2021-12-28,3619.6419000000001,3631.0765999999999,3607.3643000000002,3630.1115,3615.9740999999999,316202242,408761369.69569999,0.39100000000000001,-0.0091212900760760003,0,0.0012986318663219,0.0013422367364111,0.0116583144184744,0.0078620690844557004,-0.0065122375565699001,0.0084773239560499009,-0.80119657218133433,0.1298999999999999
2021-12-29,3630.9159,3630.9159,3596.3225000000002,3597.0001999999999,3630.1115,305131766,410425339.49690002,-0.91210000000000002,0.0061685845889025001,1,0.0024457710551608002,0.023552574076076901,0.0115463354623268,0.002522847290878,-7.6882273481682084e-05,0.0094713345298090001,0.83319065766632305,0.24460000000000001
2021-12-30,3596.4920999999999,3628.9177,3595.4956999999999,3619.1886,3597.0001999999999,307839291,413947692.79610002,0.6169,0.0056882363079944001,1,-0.0083339919658290008,0.0050153822177469,0.0111616825613819,-0.0011417251131415,-0.0072004878304701,0.0105538698381826,-0.54803054761749315,-0.83340000000000003
2021-12-31,3626.2420000000002,3642.8429999999998,3624.9418999999998,3639.7754,3619.1886,329681932,433489803.10350001,0.56879999999999975,-0.0020458679950416002,0,0.001103240243016,0.00041900535573660003,0.0109890101297337,0.0019019740506806,-0.00079721752062750001,0.011176209167766,0.19657296568912841,0.1103
2022-01-04,3649.1509999999998,3651.8924000000002,3610.0922,3632.3289,3639.7754,405027769,510251060.62480003,-0.2046,-0.0102283689122975,0,-0.0052535145593556,0.0021955962342015,0.0113532680983432,0.0048239846104336003,-0.010029118854777501,0.017601752653148801,0.082861028045641605,-0.52539999999999976
2022-01-05,3628.2633999999998,3628.2633999999998,3583.4668000000001,3595.1761000000001,3632.3289,423902028,538963631.68420005,-1.0227999999999999,-0.0025303072080391001,0,0.00064834208745510001,0.0003986158408559,0.0106633047166308,0.0054080065306822004,-0.0047340626017600002,0.0125634002513452,0.87418929526458911,0.064799999999999802
2022-01-06,3581.2184000000002,3594.489,3559.8802999999998,3586.0792000000001,3595.1761000000001,371540543,474284290.0054,-0.253,-0.0018227427882797,0,-0.016427334837852001,-0.0077659969835236001,0.009150497361785,0.0014568584412773,-0.017858176444031201,0.020277940939053201,0.45304128887748252,-1.6427
2022-01-07,3588.9850999999999,3607.2316000000001,3577.0976000000001,3579.5427,3586.0792000000001,436306961,502891435.42629999,-0.18229999999999991,0.0039044093537423,1,0.0072295888856147,-0.0016939245007248,0.0093772791467267008,-0.0027960580165667,0.010053757792253201,0.016298333497037,-0.44983934831403261,0.72299999999999975
2022-01-10,3572.7433999999998,3593.5187000000001,3555.1255000000001,3593.5187000000001,3579.5427,356222610,443400848.59240001,0.39040000000000002,-0.0072568983709476002,0,0.018225742279023901,0.0040905782498856002,0.0100347542028976,0.010664477659033,0.0074814785590413,0.0145040536803846,0.38779608350651512,1.8226
2022-01-11,3589.9043000000001,3602.1453999999999,3562.7541000000001,3567.4409000000001,3593.5187000000001,359761863,441300566.93360001,-0.72570000000000001,0.0084069227327633004,1,0.010775801523663101,0.020270464774057601,0.0101528191478803,0.001299089360492,0.0094644170396914005,0.0166612892653164,-0.022293942082626202,1.0775999999999999
2022-01-12,3578.1628999999998,3599.4992999999999,3572.0965000000001,3597.4321,3567.4409000000001,343132956,435817892.9795,0.8407,-0.0117232511490626,0,-0.00031499325796500001,0.0192882389917663,0.010148632446777,-0.0028572583626921,0.002549549827292,0.011320386043609,-0.087593826642677702,-0.0315
2022-01-13,3601.0264999999999,3601.0725000000002,3555.1576,3555.2584999999999,3597.4321,369368365,457005419.27899998,-1.1722999999999999,-0.0095640302948434008,0,0.027933288007191401,0.065259688526558002,0.0114901378588233,0.013920517493110501,0.0138203836221078,0.0140127705140809,0.0655740637980846,2.7932999999999999
2022-01-14,3544.0652,3548.4204,3519.3222000000001,3521.2559000000001,3555.2584999999999,376937024,463197641.86559999,-0.95640000000000003,0.0057962558188400003,1,0.0011310469519720001,0.058809787776634301,0.0112100370040813,0.0065285177506755002,-0.0053624618711900001,0.0111584338605952,-0.1417178012780215,0.11310000000000001
2022-01-17,3522.0850999999998,3546.0853000000002,3519.4256999999998,3541.6660000000002,3521.2559000000001,312886733,438272981.56940001,0.5796,0.0079760203248979006,1,-0.0019013686989274,0.037880458239725301,0.0112467297316059,-0.0099841300184160004,0.0081642744975782,0.0099268228886313006,-0.16058557721886921,-0.19009999999999991
2022-01-18,3541.8899000000001,3579.3126000000002,3531.3294999999998,3569.9144000000001,3541.6660000000002,377146435,470832038.60930002,0.79759999999999975,-0.0032871376411714001,0,-0.0067788143698232,0.0198551031013358,0.010959282714642001,0.00028585114742360002,-0.0070626466515979003,0.0121861994182908,-0.1190427367472342,-0.67789999999999995
2022-01-19,3567.6309000000001,3578.7348000000002,3541.6619000000001,3558.1795999999999,3569.9144000000001,333235269,420763364.20950001,-0.32869999999999983,-0.00087592543108280004,0,-0.0043459356520740003,0.015742830592281001,0.0098687948905251,0.0023420567238540001,-0.0066723653178715004,0.015498370428973601,0.0032725463181897002,-0.43459999999999982
2022-01-20,3556.2262000000001,3576.2593999999999,3540.5545000000002,3555.0628999999999,3558.1795999999999,379509846,459701843.4145,-0.0875999999999999,-0.0091404852499232005,0,0.00062497978250530004,-0.0112416231835118,0.0097408610183475006,0.0048521987095639001,-0.0042068066651862,0.0138739705666456,0.0540558718975939,0.0625
2022-01-21,3546.7494999999999,3547.0003000000002,3514.8852999999999,3522.5679,3555.0628999999999,326534880,417768922.55779999,-0.91400000000000003,0.00043635780590620002,1,0.034172128888400703,0.021391114202057401,0.0120414395915451,0.0056076276999401002,0.028405215316230401,0.029806634242172302,0.38070972094785732,3.4171999999999998
2022-01-24,3508.2440999999999,3531.6080999999999,3500.1390999999999,3524.105,3522.5679,280268342,358009694.27029997,0.0436,-0.025834587788956202,0,0.00052900828980040001,0.023878208545841901,0.012065371177118501,-0.0021945828749596,0.0027295814574822001,0.010344115884876401,-0.0658185663929272,0.052900000000000003
2022-01-25,3509.2847000000002,3519.8334,3433.0612000000001,3433.0612000000001,3524.105,327353813,383727737.45370001,-2.5834999999999999,0.0065849976691355,1,-0.0123806605502382,0.01810345432721,0.012588401936513401,-0.010899819951893701,-0.0014971593658717,0.0089992008988385008,-0.23618965409092671,-1.2381
2022-01-26,3442.6916000000001,3462.1233000000002,3417.7584999999999,3455.6678999999999,3433.0612000000001,275122828,338312361.4522,0.65849999999999975,-0.0177738433719281,0,-0.016744090595324501,0.0054257534801047001,0.0133471192205015,-0.016423282174326401,-0.0003261651228458,0.014800583700985401,0.1541002541043035,-1.6744000000000001
2022-01-27,3456.1021000000001,3456.3629999999998,3392.0154000000002,3394.2474000000002,3455.6678999999999,280606534,346533957.92369998,-1.7774000000000001,-0.0096656772868117004,0,0.0019093691079834,0.0067163050168168002,0.013119751398212301,0.0040955121782605,-0.0021772262138035001,0.0149977664217497,-0.1081111694990361,0.1908999999999999
2022-01-28,3407.5933,3417.0453000000002,3356.5558000000001,3361.4396999999999,3394.2474000000002,290855257,353774612.58099997,-0.96660000000000001,0.020271433100525201,1,-0.0198806911514662,-0.0459014882365789,0.0140536464710739,-0.0139107200935369,-0.0060541891891326,0.015932959789871401,-0.059282317155410803,-1.9881
2022-02-07,3407.7620999999999,3434.0255999999999,3407.7620999999999,3429.5808999999999,3361.4396999999999,320485211,357140422.91689998,2.0270999999999999,0.0067203255068279,1,0.032393142499913902,0.0135986348567724,0.015802615648987502,0.024812769879834901,0.0073968366153043001,0.019680484122096002,0.61045650217791625,3.2393000000000001
2022-02-08,3428.5423999999998,3453.1862999999998,3390.4578000000001,3452.6288,3429.5808999999999,366093865,387969865.73640001,0.67200000000000004,0.0079119423437585008,1,0.00025474814320720001,0.011924709447136301,0.0151613994954154,0.0014707025392204,-0.0012141687150007,0.010198471592529901,,0.025499999999999901
2022-02-09,3450.8180000000002,3484.739,3444.0848000000001,3479.9458,3452.6288,350249936,393719989.76980001,0.79120000000000001,0.0017130439215459,1,-0.0101734978874713,0.0219469063720754,0.015441208828851,-0.0012815531610627,-0.0089033548489592003,0.0162045277476601,,-1.0174000000000001
2022-02-10,3481.9101000000001,3488.8552,3464.2168999999999,3485.9070999999999,3479.9458,355666267,404969419.3994,0.17130000000000001,-0.0065862914132162002,0,0.020571742358758801,0.054348435334402,0.0155731673670832,0.016352582812052301,0.0041512754707945,0.0084662687134007004,0.0900445150470775,2.0571999999999999
2022-02-11,3472.2757000000001,3500.1471000000001,3459.3299000000002,3462.9479000000001,3485.9070999999999,361356090,426297923.49830002,-0.65859999999999985,-0.0098372256770019005,0,0.0038002431736781001,0.047142162130822701,0.0154648693230493,0.0088844175934021004,-0.0050394022655754003,0.016143784190005402,-0.17977724359050901,0.38
2022-02-14,3451.8467999999998,3457.2645000000002,3415.4463000000001,3428.8820999999998,3462.9479000000001,315274448,361677855.09750003,-0.98370000000000002,0.0050180786326831,1,-0.00070974769652950003,0.0135663559905896,0.015468950651041501,-0.0034965806530559002,0.0027966115343113001,0.0090337360853941003,0.18120458896889591,-0.070999999999999799
2022-02-15,3428.0446999999999,3447.4917,3421.6403,3446.0884999999998,3428.8820999999998,275559322,341638876.45169997,0.50180000000000002,0.0057288139872204002,1,-0.0140560797794646,-0.0009349235441656,0.014666334292022,-0.0072896165122099,-0.0068161503896848,0.0100475133960153,-0.2396610229477644,-1.4056
2022-02-16,3457.0729999999999,3475.0576000000001,3453.8013999999998,3465.8305,3446.0884999999998,274993913,325563412.52920002,0.57289999999999985,0.00063618229454680004,1,-0.0081794810920254001,0.0010777044648284,0.014789707894992401,-0.0039936359190229,-0.0042026289429031001,0.0142605420871073,0.28293041909834921,-0.81789999999999985
2022-02-17,3464.2091,3480.9719,3454.2766999999999,3468.0354000000002,3465.8305,297262682,355783125.69660002,0.063600000000000004,0.0065518074008125001,1,0.0149119036152098,-0.0044740251607028004,0.0151522698452377,0.010781455354822301,0.0040863910180639002,0.0074265952419370002,-0.36924630375389711,1.4912000000000001
2022-02-18,3451.6318000000001,3490.7573000000002,3447.0273000000002,3490.7573000000002,3468.0354000000002,295149963,327220393.28310001,0.6552,-4.1538264490714738e-05,0,0.0029884015874491001,-0.0052791747828929,0.0150524985202626,0.0001610104009481,0.0028269360203989,0.0136684884845198,-0.14752419878331041,0.29880000000000001
2022-02-21,3488.4056999999998,3492.1994,3471.6858000000002,3490.6122999999998,3490.7573000000002,301541740,345398586.14639997,-0.0041999999999999,-0.0095875156344344004,0,-0.018757887884250101,-0.023244786735756601,0.0156683722714893,-0.0064175967429214,-0.0124199976779739,0.019313695081267401,0.068855677118463604,-1.8757999999999999
2022-02-22,3473.2874000000002,3473.3930999999998,3437.6716999999999,3457.1460000000002,3490.6122999999998,326279484,387678927.61369997,-0.95879999999999999,0.0092563345603568006,1,-0.0064798536319283003,-0.015739168784565601,0.015747153753878401,-0.0089659076008387004,0.0025085453547737,0.0095491930806475001,-0.0361393796138322,-0.64800000000000002
2022-02-23,3458.5138999999999,3490.7633000000001,3458.1795000000002,3489.1464999999998,3457.1460000000002,325604895,415630339.82340002,0.92559999999999998,-0.016964062701293602,0,-0.026895660624896602,-0.034312692998890101,0.0146998205330757,-0.019757079727116902,-0.0072824610615831002,0.019729359492959501,0.24016966057298811,-2.6896
2022-02-24,3474.3692000000001,3486.9773,3400.2136,3429.9564,3489.1464999999998,488354901,569794044.21969998,-1.6963999999999999,0.0062536363435989001,1,0.0059642857142856,-0.042826339359761101,0.014815349675405201,0.0041653911564625001,0.0017914325405612001,0.010380527210884401,-0.37367271689017301,0.59640000000000004
2022-02-25,3445.3361,3480.1756,3440.9339,3451.4061000000002,3429.9564,377542556,441659490.62180001,0.62539999999999984,0.0031582200657290001,1,-0.032067245188983101,-0.0762807060284105,0.016099309196511601,-0.016578417499708301,-0.015749936715742301,0.0249354614569227,0.74998447908538046,-3.2067000000000001
2022-02-28,3450.3155000000002,3462.3063999999999,3425.5162,3462.3063999999999,3451.4061000000002,345838388,413804526.72359997,0.31580000000000003,0.0076620312979809001,1,-0.0058677225481581002,-0.064146193784782701,0.0158117126118133,0.00028557006596890001,-0.0061515359196091003,0.0143531707010351,-0.17190809408781141,-0.58679999999999977
2022-03-01,3471.3645999999999,3491.1316999999999,3465.7154,3488.8346999999999,3462.3063999999999,326001662,412562471.16039997,0.76619999999999977,-0.0013308455112531,0,-0.0023788629070442,-0.060283234595514101,0.0157704019628498,0.0022396273934671002,-0.0046081697173785,0.018098420621262601,0.1156896508876013,-0.2379
2022-03-02,3478.2925,3486.6206000000002,3466.9998999999998,3484.1916000000001,3488.8346999999999,329367684,380143816.18800002,-0.1331,-0.00088373440771720001,0,0.0021437043598781002,-0.0322402210884353,0.0153088972157427,0.001180820516162,0.00096174819171970002,0.015226068572123001,-0.45604989090327652,0.21440000000000001
2022-03-03,3495.9279999999999,3500.2872000000002,3473.3375999999998,3481.1125000000002,3484.1916000000001,412594289,443621777.16149998,-0.088400000000000006,-0.0096128751943524004,0,-0.0183549478488216,-0.055635858916293503,0.015624256636836101,-0.0084945287502562004,-0.0099448963061561004,0.018157686746733601,0.2154716749751148,-1.8354999999999999
2022-03-04,3459.9845,3474.8816000000002,3437.6963999999998,3447.6489999999999,3481.1125000000002,393526581,430669055.30320001,-0.96130000000000004,-0.021694145778761002,0,0.0055236502815978004,-0.018960280435044601,0.0154352843862637,0.0040431580492590003,0.0014745304725897,0.0073984332203121004,-0.1395429861979309,0.5524
2022-03-07,3438.5601999999999,3438.5601999999999,3360.7393000000002,3372.8552,3447.6489999999999,393588999,458156894.79089999,-2.1694,-0.023518679366964602,0,-0.025016312567486602,-0.037856686686712902,0.013804173002640001,-0.026180669362728101,0.0011956599736826,0.0079648948206595006,0.2297474566978614,-2.5015999999999998
2022-03-08,3372.5545999999999,3383.6325999999999,3287.3411999999998,3293.5300999999999,3372.8552,415926766,485623581.00389999,-2.3519000000000001,-0.0112771703528685,0,-0.038696588814847901,-0.072882866303115801,0.0155644020386964,-0.027225843620422002,-0.0117917865305107,0.022863427053464901,0.30956675449130522,-3.8696999999999999
2022-03-09,3303.7060000000001,3321.4811,3147.6768000000002,3256.3883999999998,3293.5300999999999,466285569,519833299.62199998,-1.1276999999999999,0.0121925873461531,1,-0.0138553104029276,-0.087684097548031303,0.0156182909974524,0.0011758208307390001,-0.0150134780734063,0.031559581966251603,-0.027730913558661401,-1.3855
2022-03-10,3312.1788999999999,3326.5826999999999,3291.2352000000001,3296.0922,3256.3883999999998,378336376,466084008.36089998,1.2193000000000001,0.0041426329032907003,1,-0.0066532247384770002,-0.076808814209861007,0.0141339272707806,0.0026076441776821,-0.0092367826735996004,0.041180552512367602,0.12834113157274271,-0.6653
2022-03-11,3259.3227000000002,3315.6603,3217.4185000000002,3309.7467000000001,3296.0922,384067127,458687054.6961,0.4143,-0.0260484888465937,0,0.012728024584406,-0.0701943354219947,0.014693750347036801,0.0232144043134212,-0.0102484676572272,0.019625057749987702,-0.31028929773706587,1.2727999999999999
2022-03-14,3271.8901999999998,3297.7973000000002,3223.5328,3223.5328,3309.7467000000001,337968687,418055596.10890001,-2.6048,-0.0495008457801328,0,-0.016106549176505901,-0.061697425599021902,0.014657183554599201,-0.020594765215942602,0.0045825934761581002,0.033494556793452902,0.11410621596360571,-1.6107
2022-03-15,3192.3636999999999,3196.9160999999999,3063.9652000000001,3063.9652000000001,3223.5328,465037164,508158410.06,-4.9500999999999999,0.034838874801841703,1,-0.049729514605335402,-0.072466369672180606,0.017197068173987001,-0.017026056994841301,-0.0332699130462328,0.0382926944373762,0.3047859627839582,-4.9729999999999999
2022-03-16,3107.6689999999999,3177.7882,3023.3045000000002,3170.7103000000002,3063.9652000000001,444667189,522305342.48519999,3.4839000000000002,0.0139824190182241,1,-0.057167695935726702,-0.113204503350931,0.0199988684881976,-0.0307439306234083,-0.0272619033784475,0.059247908267909502,0.38384192801563433,-5.7168000000000001
2022-03-17,3215.0104999999999,3260.1673000000001,3202.9337,3215.0445,3170.7103000000002,420813458,532549484.01569998,1.3982000000000001,0.0112060346287585,1,0.090817960063165504,-0.026188558982068101,0.030274751534112701,0.02937483844762,0.059689744999213902,0.083453886705895,-0.088944820371210501,9.0817999999999994
2022-03-18,3207.1522,3260.7829000000002,3197.3578000000002,3251.0724,3215.0445,373035611,428415081.63669997,1.1206,0.00080382706949240002,1,0.070378593652769203,0.0292466441298482,0.0351427064152307,0.066867952706907,0.0032906049309613002,0.035571375233354102,-0.13087593583255061,7.0378999999999996
2022-03-21,3255.6152000000002,3267.4982,3223.3892000000001,3253.6857,3251.0724,354228488,421076289.7277,0.080399999999999902,0.0018982165364036,1,-0.0041313915529482001,0.041773804247294502,0.035026706637708301,-0.0124806813377652,0.0084548115940936003,0.033662260252088003,-0.0500721834291048,-0.41310000000000002
2022-03-22,3249.5428000000002,3279.1127000000001,3239.5322999999999,3259.8618999999999,3253.6857,361196158,402798964.04579997,0.1898,0.0034267095793230002,1,-0.0089228671237228004,0.086509799986278502,0.035033490001090302,0.0191790738077002,-0.027573114140219401,0.033941080869029,-0.67382545282558926,-0.89229999999999976
2022-03-23,3264.7923000000001,3279.8868000000002,3251.9816999999998,3271.0324999999998,3259.8618999999999,349875370,405422033.50150001,0.3427,-0.0063490961951615001,0,0.031474920999333501,0.1886605977275144,0.035620036425459502,0.0046109246635696001,0.0267406969964618,0.0301309907856901,0.1016403551266583,3.1475
2022-03-24,3256.0572999999999,3266.8865999999998,3236.6592000000001,3250.2644,3271.0324999999998,329006654,390727516.5165,-0.63490000000000002,-0.0116988944037906,0,0.0120972457751009,0.102878904791537,0.035727469757120101,0.0091145071925620002,0.0029557979409463001,0.020119894304426601,0.090491356196323799,1.2097
2022-03-25,3247.1568000000002,3257.1061,3211.6444999999999,3212.2399,3250.2644,340020006,389770395.9777,-1.1698999999999999,0.00070443057506370003,1,-0.0093946577786123003,0.0206834678760239,0.0351004434120245,-0.0068253793432181001,-0.0025869352498104001,0.0149651892563355,-0.16482223972037241,-0.9395
2022-03-28,3185.1668,3230.2152999999998,3159.8348000000001,3214.5027,3212.2399,344994873,374472279.96990001,0.070400000000000004,-0.0032861692727773001,0,-0.0246546629332519,-0.0003511983710373,0.035471342866393203,-0.0095844563575510008,-0.015216044086179201,0.0298378516309388,-0.019596457633514901,-2.4655
2022-03-29,3216.0118000000002,3229.1765999999998,3196.4553000000001,3203.9393,3214.5027,316273649,363964468.65420002,-0.3286,0.0195561133133825,1,0.0130853338117289,0.0218473479997023,0.0356421402236822,0.00080916127537260002,0.0122662471641568,0.027483452371608801,-0.069294436274322399,1.3085
2022-03-30,3217.5920999999998,3266.5958999999998,3216.3022999999998,3266.5958999999998,3203.9393,366753677,413008941.329,1.9556,-0.0044061158590198001,0,0.0111902391379836,0.0017519991520964001,0.035751014802627101,0.0039806372801068001,0.007181016834556,0.0099193127774676003,0.026483388588793701,1.119
2022-03-31,3256.1369,3272.04,3246.0630000000001,3252.2029000000002,3266.5958999999998,398439934,428089033.63529998,-0.44059999999999983,0.0093824711859150003,1,0.0138820292024262,0.0035185392487522,0.035666772142914901,0.0079351940907429006,0.0059000173290384003,0.016306823856476901,0.18910427908875241,1.3882000000000001
2022-04-01,3234.6680000000001,3287.2285000000002,3226.2964999999999,3282.7166000000002,3252.2029000000002,378210460,405675715.4332,0.93820000000000003,0.0002161319682606,1,-0.010578431209385701,0.0023193345469206001,0.0357253495306704,0.0013552518595916,-0.0119175318118278,0.0152743586618045,-0.20383688635014061,-1.0578000000000001
2022-04-06,3269.4270000000001,3288.1080000000002,3255.6894000000002,3283.4261000000001,3282.7166000000002,429642779,433556392.48439997,0.021600000000000001,-0.0142323897589777,0,0.020996798936457301,0.037691543958788001,0.034240527933882201,0.0085101556066253005,0.0123812767381814,0.018131495425269501,-0.036488215494960702,2.0996999999999999
2022-04-07,3267.8103000000001,3290.2561000000001,3236.4791,3236.6950999999999,3283.4261000000001,402626660,398081845.47259998,-1.4232,0.0046822760661019,1,-0.0187442978076473,0.0069724817501935002,0.034390853337964003,-0.012536490698066101,-0.0062866192533733,0.010215395663823,0.38660908608441952,-1.8744000000000001
2022-04-08,3239.8766999999998,3257.0938000000001,3208.3521000000001,3251.8501999999999,3236.6950999999999,413826799,414037258.37480003,0.46820000000000001,-0.026054182938685101,0,-0.0122977176262153,-0.019028851616339,0.0345026224736278,-0.0077045286976936004,-0.0046288520519937003,0.020730490042807002,-0.2796440993704099,-1.2298
2022-04-11,3239.855,3239.855,3156.5066000000002,3167.1259,3251.8501999999999,424160185,435129505.09469998,-2.6053999999999999,0.014588494887430701,1,0.0028900938971010001,-0.0056753580626317003,0.0344318395038977,-0.0064858604116284002,0.0094371624269125008,0.0139295831350204,-0.1780544666661594,0.28899999999999992
2022-04-12,3165.1197000000002,3214.5358999999999,3140.8998000000001,3213.3294999999998,3167.1259,418321923,422455849.02450001,1.4588000000000001,-0.0082484849437319003,0,-0.030345176323529201,-0.037716287310766303,0.034987177958692502,-0.0084116640400219,-0.022119574714715901,0.025397300019522302,0.19045115924156861,-3.0345
2022-04-13,3199.7972,3225.4670000000001,3183.5329999999999,3186.8244,3213.3294999999998,391156925,398216898.4774,-0.82479999999999976,0.012180401279719,1,0.0052257842448474,-0.052580379525479802,0.032788065132571501,0.0033420877675249001,0.0018774219683276,0.025034066851185501,-0.028743347316955901,0.52259999999999995
2022-04-14,3203.6336999999999,3240.0014000000001,3200.2345999999998,3225.6412,3186.8244,371242344,401191632.0812,1.218,-0.0044631126363341,0,0.0025911001058671001,-0.031980677991279002,0.029381338169148001,-0.0059341070672209,0.0085760986607601002,0.018313130038608402,-0.18674668240472231,0.2591
2022-04-15,3210.6995999999999,3229.8654999999999,3200.1332000000002,3211.2447999999999,3225.6412,407842082,413498819.91649997,-0.44629999999999992,-0.0048955470476744001,0,,,,,,,,
2022-04-18,3185.9427999999998,3204.0273999999999,3166.9782,3195.5239999999999,3211.2447999999999,347365123,366380807.91769999,-0.48959999999999992,-0.00046793577516540002,0,,,,,,,,
2022-04-19,3192.0924,3207.8276000000001,3174.7138,3194.0286999999998,3195.5239999999999,339944104,362769876.6857,-0.046800000000000001,-0.013456015595601801,0,0.0067234730193218,-0.013338542196838001,0.0219691319354108,0.0041629297144196,0.0025499281333064001,0.0107016019653445,0.013216479778996801,0.67230000000000001
2022-04-20,3189.8912,3191.8314999999998,3142.0484999999999,3151.0497999999998,3194.0286999999998,362047037,373572708.09570003,-1.3455999999999999,-0.022609004783104202,0,-0.0227864196062104,-0.038599561722950801,0.0161997447513096,-0.019150407471298501,-0.0037070027480337001,0.0137265964249597,0.264518024120246,-2.2786
2022-04-21,3138.4276,3160.8993999999998,3069.6808999999998,3079.8076999999998,3151.0497999999998,391934694,396542033.94669998,-2.2608999999999999,0.0023091052080947,1,-0.0039514432350379004,-0.012430510696284,0.016197956807352101,-0.0026117855634646002,-0.0013431657324426,0.015501413369754901,-0.17714472896058081,-0.39510000000000001
2022-04-22,3058.4043999999999,3105.6552000000001,3049.3555000000001,3086.9193,3079.8076999999998,342000563,348793631.07480001,0.23089999999999991,-0.051315724385797602,0,-0.0125306342854767,-0.029875046495799602,0.016310777247913001,-0.0078210828817067007,-0.0047466755466326,0.020852083131412302,0.17091916170201671,-1.2531000000000001
2022-04-25,3034.2667000000001,3043.8155999999999,2928.5095999999999,2928.5118000000002,3086.9193,433606108,427077210.43440002,-5.1315999999999997,-0.0143711560253916,0,-0.0021129259818336,-0.034426745677182402,0.0143898722680081,-0.0203367916983766,0.018602174259597402,0.0253613973741698,0.0546982552002254,-0.2112999999999999
2022-04-26,2930.4531999999999,2957.6799999999998,2878.2563,2886.4256999999998,2928.5118000000002,401615154,395985961.27539998,-1.4371,0.024894560771129701,1,-0.037269145268168401,-0.076621148355243501,0.015852653180785201,-0.017148516463389801,-0.0204716878814469,0.024242048363933,0.21395259904407371,-3.7269000000000001
2022-04-27,2866.8161,2959.1781000000001,2863.6496999999999,2958.2820000000002,2886.4256999999998,423060191,422928346.51520002,2.4895,0.0058151318907393003,1,0.0032899935277163001,-0.051981285690915202,0.015934040536062101,0.0060243571250982002,-0.0027179894582231002,0.0201456112784822,-0.1267066534500092,0.32900000000000001
2022-04-28,2945.8108999999999,2991.5101,2936.7941000000001,2975.4848000000002,2958.2820000000002,375371775,388743021.89780003,0.58150000000000002,0.024055777398022501,1,0.00058440779926070005,-0.047664155128727001,0.0152531087193869,-0.0105970942140617,0.0113012625573809,0.019444476493513,-0.083139511541251002,0.058400000000000001
2022-04-29,2986.0605999999998,3048.4940999999999,2968.3339999999998,3047.0623999999998,2975.4848000000002,423932794,440422728.84780002,2.4056000000000002,0.0067922140353935002,1,0.016534846458200601,-0.019632805375825301,0.0154674539896348,0.0086446850452914,0.0078225380353389006,0.016552393519419201,-0.0456486903694059,1.6535
2022-05-05,3044.8490999999999,3082.2294999999999,3042.1154999999999,3067.7586999999999,3047.0623999999998,383072875,409352003.23879999,0.67920000000000003,-0.021578685442241501,0,-0.0110118098426253,0.046893584105311602,0.017670710910124801,-0.0036105770620544,-0.0074280523359505001,0.013000257322922201,-0.42389376986378807,-1.1012
2022-05-06,3011.3186999999998,3030.6925999999999,2992.7152000000001,3001.5605,3067.7586999999999,343264218,346214397.71960002,-2.1579000000000002,0.00085968615325250001,1,-0.0036474245694197,0.042465893526437801,0.017641303907321802,0.014069801317902701,-0.017471406666776702,0.024335969394600102,0.4718009497670792,-0.36470000000000002
2022-05-09,2990.1990000000001,3015.9425000000001,2983.6118999999999,3004.1408999999999,3001.5605,292061556,299983258.91039997,0.085999999999999799,0.01055320008459,1,,,,,,,,
2022-05-10,2965.7759000000001,3043.7788999999998,2957.3968,3035.8442,3004.1408999999999,370660980,384012598.37489998,1.0552999999999999,0.0075295365947962,1,-0.0380620773899411,-0.0135237571987214,0.018383033910836601,-0.0243509959891119,-0.0140532930843603,0.016678850019717601,0.14420301825312251,-3.8062
2022-05-11,3035.3892999999998,3100.8998000000001,3034.6745000000001,3058.7026999999998,3035.8442,423991912,472963382.23079997,0.753,-0.0012125075117629001,0,-0.018411695653825801,-0.069025230222400702,0.0183707691861737,-0.035060564064721501,0.017253796239303301,0.0289841595523639,0.27752897238663721,-1.8411999999999999
2022-05-12,3044.7997,3072.1574000000001,3032.9452000000001,3054.9940000000001,3058.7026999999998,344440477,368879652.30800003,-0.12130000000000001,0.0095877438711825004,1,0.0097220644718338002,-0.060531070913553101,0.018612440104797501,-0.0062082064043997003,0.016029787103188801,0.031041541350607101,-0.35234429861090533,0.97219999999999995
2022-05-13,3068.0331000000001,3086.0956999999999,3059.2527,3084.2845000000002,3054.9940000000001,331737852,340942192.65289998,0.95879999999999999,-0.0034159300155352,0,-0.022408052230136501,-0.071356696272841802,0.018933953410068202,-0.0135024366228372,-0.0090275089750977006,0.019590841062378701,0.14924424848753581,-2.2408000000000001
2022-05-16,3100.5500000000002,3102.5770000000002,3063.3977,3073.7487999999998,3084.2845000000002,338108492,348957705.49370003,-0.34160000000000001,0.0064896975315613002,1,0.026750304690217101,-0.043024709763674902,0.019347395026409302,0.012159229404644201,0.0144157903832535,0.0163660699451093,-0.091294641921750602,2.6749999999999998
2022-05-17,3076.4982,3093.6965,3057.6406000000002,3093.6965,3073.7487999999998,330356537,351671298.47060001,0.64900000000000002,-0.0024952997166981,0,0.0025850844047142002,-0.0025872464498478001,0.0192972247081113,0.011697205405158,-0.0090067669968451006,0.020516846016110601,-0.1443189926233383,0.25850000000000001
2022-05-18,3095.8861999999999,3105.8418999999999,3071.3049999999998,3085.9767999999999,3093.6965,315037923,338849162.21399999,-0.2495,0.0035606230092203,1,0.032696898929885802,0.0493452835406894,0.0208769893923865,0.0121998715802991,0.020249980191743702,0.022916049505243102,0.2060514364205179,3.2696999999999998
2022-05-19,3046.7103999999999,3096.9648000000002,3042.6741999999999,3096.9648000000002,3085.9767999999999,336600749,360018210.69199997,0.35610000000000003,0.016016488143488002,1,0.002026936510679,0.041348185610078803,0.020804367769753002,0.0034806421738699002,-0.0014486633843195,0.015644688125530201,-0.1260579188898685,0.20269999999999991
2022-05-20,3107.0940999999998,3146.5673000000002,3107.0940999999998,3146.5673000000002,3096.9648000000002,372336636,415306218.18900001,1.6015999999999999,9.2163927337463036e-05,1,-0.025362957681255901,0.038200568204685703,0.020948217646725002,-0.024089965840416502,-0.0013044151574229,0.017102558190452501,0.086097975824488401,-2.5363000000000002
2022-05-23,3150.4897999999998,3150.5093000000002,3127.8986,3146.8573000000001,3146.5673000000002,353376325,381178569.2216,0.0091999999999998004,-0.024128866599702401,0,0.0296490973466105,0.041131688039009302,0.022098732072613401,0.01740845736824,0.0120311954257129,0.019156907221823501,0.024306279279391701,2.9649000000000001
2022-05-24,3149.0590000000002,3153.1298999999999,3070.9272000000001,3070.9272000000001,3146.8573000000001,416312158,438605376.46380001,-2.4129,0.011897677027316001,1,-0.011931125960794001,0.0260573698221724,0.022081688709134802,-0.0052415283116861002,-0.0067248461204397003,0.016373319998223501,-0.24783452168509601,-1.1931
2022-05-25,3070.1702,3107.6279,3069.9459000000002,3107.4641000000001,3070.9272000000001,342259227,342322167.66850001,1.1898,0.0050342657216858001,1,-0.017487002969214401,-0.0238038841850415,0.022413814274188901,-0.0024386836189049001,-0.0150851071540155,0.025402954363592401,0.073361696551934502,-1.7486999999999999
2022-05-26,3111.4816999999998,3133.2766999999999,3079.4812000000002,3123.1079,3107.4641000000001,370305518,377364655.26200002,0.50339999999999985,0.0022834625726508,1,0.0029420100337609,-0.0229123999480727,0.020734757607649801,0.00017203573967920001,0.0027694978414717001,0.0150536244350416,0.13903248666956,0.29420000000000002
2022-05-27,3135.0315000000001,3151.047,3112.5443,3130.2393999999999,3123.1079,359463866,372631595.52710003,0.2283,0.0060127350003963001,1,-0.0027301206121379002,-0.0002226564907348,0.020742817239513801,0.0050046427418797002,-0.0076962463903805,0.0189110551789749,-0.1225711999995784,-0.27300000000000002
2022-05-30,3141.9560000000001,3150.8923,3123.1495,3149.0607,3130.2393999999999,349362285,376667694.19309998,0.60129999999999995,0.0118658875009935,1,0.028890148238732701,-0.00095958728093110002,0.0216819978173,0.026339964804485801,0.0024847355863539,0.01419751245265,0.32412468781559922,2.8889999999999998
2022-05-31,3149.9443000000001,3188.6026000000002,3142.0043999999998,3186.4270999999999,3149.0607,374523265,432528021.88020003,1.1866000000000001,-0.0013402158172707,0,0.0206098748825938,0.031942749557158,0.021843604504127302,0.0114091845530057,0.0090969020947283003,0.0137244556793717,0.016813091042410001,2.0609999999999999
2022-06-01,3179.6949,3190.6093999999998,3160.0399000000002,3182.1565999999998,3186.4270999999999,365664432,402419941.24119997,-0.13400000000000001,0.0041799954156874,1,0.013788627400299101,0.064791841727119603,0.0201734939710769,-0.0008293911218224,0.0146301526408327,0.0182484982671311,0.40677425678454071,1.3789
2022-06-02,3170.3054999999999,3197.2818000000002,3163.7555000000002,3195.4580000000001,3182.1565999999998,361770632,413729263.91689998,0.41799999999999993,0.0128037670969231,1,-0.0056156374911279002,0.055706457749065602,0.020227138072345201,-0.00034601591393000001,-0.0052714455812581003,0.0120433150285778,-0.63664243247834285,-0.56159999999999977
2022-06-06,3196.9551999999999,3237.0709999999999,3181.6469999999999,3236.3719000000001,3195.4580000000001,422027835,517314346.90399998,1.2804,0.0016659395664633001,1,-0.0099934538439646007,0.048017518219146502,0.020197497661799301,-0.011171668011273801,0.0011915254945613,0.0108767622731033,-0.1325096605948097,-0.99929999999999997
2022-06-07,3235.4160000000002,3253.0929999999998,3222.6354000000001,3241.7635,3236.3719000000001,402203220,482203196.90990001,0.1666,0.0067956530450170001,1,0.027121073629656801,0.046215555993614502,0.021004563354153401,0.0095047322068499002,0.017450479290271801,0.0313938866708438,0.21185975912336011,2.7121
2022-06-08,3245.0173,3266.6298000000002,3216.0147999999999,3263.7934,3241.7635,434183270,508408534.89679998,0.67959999999999976,-0.0076105001008949002,0,-0.0056447106525845002,0.019302279452734002,0.018873643185119901,-0.0035291564106234002,-0.0021230468062071002,0.0161573665713797,-0.045247210707525902,-0.5645
2022-06-09,3259.4899,3270.5571,3223.4751000000001,3238.9542999999999,3263.7934,422728372,468458214.28969997,-0.7611,0.014165003810026,1,0.0224283578561255,0.027988998468377602,0.018543610745108501,0.0119461240117464,0.010358490037812701,0.0153090772801179,0.31610475573660501,2.2427999999999999
2022-06-10,3214.1848,3286.6194999999998,3210.8083000000001,3284.8341,3238.9542999999999,439865730,504153681.08810002,1.4165000000000001,-0.0089146054590701004,0,-0.0066110702038966003,0.026959925691267501,0.0187252794791509,0.0048576875608402001,-0.0114133154442752,0.0183914394953529,-0.14547795004089351,-0.66110000000000002
2022-06-13,3256.2750000000001,3272.9906000000001,3229.3089,3255.5511000000001,3284.8341,438578312,511966171.75929999,-0.89149999999999985,0.0102457307458634,1,-0.0028748390990919002,0.034344252691734502,0.0176969982170661,-0.0158465959883945,0.0131806249274015,0.0204444180245597,0.054154648907442003,-0.28749999999999992
2022-06-14,3224.2141000000001,3289.1343000000002,3195.8191999999999,3288.9065999999998,3255.5511000000001,450388187,513844989.47850001,1.0246,0.0050168648753965003,1,-0.033871131945164001,-0.027076877606343301,0.019102737659713001,-0.029516861733692001,-0.0044867036219202001,0.014967775190336,-0.029903724288029301,-3.3871000000000002
2022-06-15,3289.1035999999999,3358.5453000000002,3288.8512000000001,3305.4065999999998,3288.9065999999998,550584131,621972527.66270006,0.50170000000000003,-0.0060573788410780002,0,1.94611815880208e-05,-0.0215347903808666,0.019114499220915002,-0.0134823268738031,0.013686311379101,0.021709660055877201,-0.28226246583260373,0.0019
2022-06-16,3306.8353000000002,3319.6889999999999,3277.5306,3285.3845000000001,3305.4065999999998,433220868,506053993.84140003,-0.60570000000000002,0.0095578462733963004,1,0.0114021318597548,-0.0320869023679295,0.017923496245057902,0.0020566746044589001,0.0093262761400045007,0.015177052960439001,0.15754118721886451,1.1402000000000001
2022-06-17,3265.5124000000001,3323.2797,3262.8935999999999,3316.7856999999999,3285.3845000000001,395300700,497252170.22189999,0.95579999999999998,-0.00040867880008030002,0,-0.021718389296895301,-0.0468067885893532,0.0186807642478172,0.0097347454338022003,-0.031149898399489701,0.0398170470443081,0.017137769357367001,-2.1718000000000002
2022-06-20,3315.7833000000001,3333.9025000000001,3292.9279000000001,3315.4301999999998,3316.7856999999999,413460410,527751758.04629999,-0.040899999999999902,-0.0026275926424267002,0,0.0110129654317515,-0.033530861434694102,0.017763011803711301,-0.0061735353984062004,0.017293261391512101,0.021528459715151001,0.27996783472063302,1.1012999999999999
2022-06-21,3313.7874000000002,3329.3899999999999,3279.8269,3306.7186000000002,3315.4301999999998,394456891,471793645.36979997,-0.26279999999999992,-0.0119505179545669,0,0.0042187425860022,0.0045724283472518001,0.0165862210929443,-0.0059881376037960003,0.0102683685939051,0.015988612099644001,-0.39572135454889151,0.4219
2022-06-22,3309.1183999999998,3311.0209,3266.5427,3267.2015999999999,3306.7186000000002,375529782,440850994.25620002,-1.1951000000000001,0.016205642161781501,1,0.018695978200625501,0.023333977280224402,0.0167235552648465,0.0047755825837473001,0.0138542335802809,0.0183765665229155,0.022847942712884001,1.8695999999999999
2022-06-23,3269.0545000000002,3320.1487000000002,3262.2939000000001,3320.1487000000002,3267.2015999999999,400614211,474200107.52149999,1.6206,0.0089147513182163008,1,-0.025568668049809801,-0.0140729793821254,0.017324574461981702,-0.0041675189556015001,-0.021490712044021001,0.0237128813674101,0.14675816642353101,-2.5569000000000002
2022-06-24,3324.7359999999999,3356.7145,3322.9495999999999,3349.7469999999998,3320.1487000000002,390819734,509615998.4691,0.89149999999999985,0.0087881860928602003,1,0.012639266120026501,0.020553185998082001,0.017477770786565101,0.0071038454251977001,0.0054963752943388003,0.0205965821192917,-0.20769598224622321,1.2639
2022-06-27,3364.0030000000002,3393.3090999999999,3364.0030000000002,3379.1851999999999,3349.7469999999998,414117738,541573846.13409996,0.87880000000000003,0.0088853076179429002,1,0.020926610908123401,0.030560379596678601,0.017879003955048,0.0083111347394714003,0.0125114914771933,0.0166406018275,0.1831906251156869,2.0926999999999998
2022-06-28,3377.6792999999998,3412.1017000000002,3358.8665999999998,3409.2103000000002,3379.1851999999999,412056516,525512509.33459997,0.88849999999999985,-0.0139893394080149,0,0.023502858779339102,0.050350336965145001,0.017521159852771501,0.011866996085465801,0.011499399366604801,0.020149582900917201,0.21688550269565171,2.3502999999999998
2022-06-29,3399.6779000000001,3414.6466999999998,3358.4675999999999,3361.5176999999999,3409.2103000000002,440573559,561306976.81229997,-1.3989,0.0110362054615986,1,0.0085224512270169004,0.0398606838070669,0.017111711033912801,-0.0038187959074239002,0.0123885565033148,0.0223518096657059,-0.041154206885820901,0.85219999999999985
2022-06-30,3358.9337999999998,3417.0084999999999,3358.9337999999998,3398.6161000000002,3361.5176999999999,381243178,510307202.94749999,1.1035999999999999,-0.0032303736806285001,0,-0.018826913100824901,0.0470551219182474,0.017588869015543001,-0.013085346918257201,-0.0058176927099411,0.019850153686810701,-0.0138387053660267,-1.8827
2022-07-01,3400.2615999999998,3404.0522999999998,3378.3620999999998,3387.6372999999999,3398.6161000000002,350489299,458435288.45590001,-0.32300000000000001,0.0052512705536689004,1,,,,,,,,
2022-07-04,3381.8193999999999,3405.6185,3364.0947000000001,3405.4267,3387.6372999999999,357737919,489347955.34680003,0.52510000000000001,-0.00041154901381350003,0,-0.0062326992588496001,0.027541768375946601,0.017602521886563201,-0.0036114196143181001,-0.0026307804968187,0.017854342136547501,-0.0041563606744769001,-0.62329999999999985
2022-07-05,3411.1297,3424.8366000000001,3372.0623000000001,3404.0252,3405.4267,411699672,516605703.87769997,-0.041200000000000001,-0.014299394728335,0,-0.0013467649963702,0.0051240707470762,0.017411626130161902,-0.0077361218932111,0.0064391711094349,0.019566519166012,-0.2475631410657346,-0.1346999999999999
2022-07-06,3391.0264999999999,3391.0264999999999,3333.0965000000001,3355.3497000000002,3404.0252,384630047,487474666.92439997,-1.4298999999999999,0.0026966786800195,1,0.0010407528967698,-0.0169346886482479,0.016367845499595201,0.0102064327873809,-0.0090730761487242007,0.018291965085305301,-0.027556776246546701,0.1041
2022-07-07,3353.1282999999999,3375.8595,3332.3092000000001,3364.3980000000001,3355.3497000000002,334400202,438203112.921,0.2697,-0.0024730130026233,0,-0.0121909644731839,-0.037125255977415401,0.016563281650233502,-0.0034516889388996001,-0.008769545276715,0.025018910386504101,0.297437314251777,-1.2191000000000001
2022-07-08,3380.3685999999998,3386.3148999999999,3354.1208999999999,3356.0778,3364.3980000000001,322921072,421883933.13270003,-0.24729999999999991,-0.0126617446115224,0,0.0026368136617708001,-0.016061816011263101,0.015739772804814901,-0.0108381750581145,0.0136226332032951,0.020505719736170401,-0.50349961174380886,0.26369999999999982
2022-07-11,3341.1016,3341.1016,3297.0050000000001,3313.5839999999998,3356.0778,342669193,424942266.31279999,-1.2662,-0.0096926771737188,0,0.0037978929548623001,-0.0061304340069141001,0.015707172980951301,0.0147004331076465,-0.0107445900258403,0.016037088134217801,-0.1083680360311802,0.37980000000000003
2022-07-12,3307.2211000000002,3319.2512000000002,3277.0794000000001,3281.4665,3313.5839999999998,334600539,410950560.71829998,-0.96930000000000005,0.00086098700078140003,1,-0.0276896847892226,-0.032347168048152901,0.016866031597001101,-0.011737668336878801,-0.016141479788568301,0.021593701123733901,0.078896632500633501,-2.7690000000000001
2022-07-13,3279.6025,3297.0185000000001,3266.4811,3284.2918,3281.4665,331845669,394134617.51099998,0.086099999999999802,-0.00077575323849110004,0,-0.0132293767337934,-0.0461413430698751,0.015340311002514401,-0.010373410590696901,-0.0028859027977422001,0.0144147470673445,0.029841564248652402,-1.3229
2022-07-14,3277.4544999999998,3299.2512000000002,3261.4933999999998,3281.7440000000001,3284.2918,355926432,431969353.54790002,-0.077600000000000002,-0.0163581010584616,0,-0.0022446909867909,-0.0365369167810118,0.0153452556795231,0.0032041656552204002,-0.0054314533656790003,0.0138576926361277,0.16433634127410271,-0.22450000000000001
2022-07-15,3261.3825999999999,3288.9198000000001,3228.0608999999999,3228.0608999999999,3281.7440000000001,380156371,460877019.14139998,-1.6357999999999999,0.015502309761256401,1,-0.0022473368769518002,-0.041230240098911602,0.0150878970158009,0.00097701936969740006,-0.0032212090630009001,0.016090528153014701,0.1421693560302639,-0.22470000000000001
2022-07-18,3235.0880999999999,3278.4715000000001,3226.2314999999999,3278.1033000000002,3228.0608999999999,348346022,423357272.29970002,1.5502,0.00040511230991400001,1,-0.021853665400716302,-0.065731126799590006,0.015097599490395,-0.0110403200584445,-0.0109340608738574,0.0212512908885794,0.063248305073825506,-2.1854
2022-07-19,3278.7221,3283.9295000000002,3256.0151999999998,3279.4313000000002,3278.1033000000002,315651918,396042358.32309997,0.040500000000000001,0.0077126177334465003,1,0.027020768835120001,-0.0131612084718001,0.016166818046459201,0.0089596269925884004,0.017900757730383101,0.0281898656597885,-0.2070479958438298,2.7021000000000002
2022-07-20,3291.5506999999998,3308.3472000000002,3287.7440999999999,3304.7242999999999,3279.4313000000002,301515123,383422746.83840001,0.77129999999999976,-0.0099019152671827003,0,-0.0088802840616362001,-0.0088118153548568008,0.016234135344558202,-0.0060912838707138,-0.0028060928993397,0.0100387696930564,-0.46689520404492052,-0.88800000000000001
2022-07-21,3297.6614,3300.5345000000002,3272.0012000000002,3272.0012000000002,3304.7242999999999,332358707,420696576.74150002,-0.99019999999999997,-0.00061959023731390003,0,0.011091396085195901,0.004436494943011,0.015830704605750801,0.014876293859075801,-0.0037294178579023,0.010980075562434801,0.087531293105046204,1.1091
2022-07-22,3276.1966000000002,3293.6439,3246.7312999999999,3269.9739,3272.0012000000002,300690066,383576011.59299999,-0.062,-0.0059896196724995004,0,-0.0151070692410132,-0.0085093833082503009,0.015150272602320001,-0.0037634835822697001,-0.0113864383324683,0.014373233024831801,0.2253131234502809,-1.5106999999999999
2022-07-25,3269.7069999999999,3273.1835999999998,3243.0311000000002,3250.3879999999999,3269.9739,271245744,348281870.96499997,-0.59899999999999975,0.0083213450209635009,1,0.0016773084133225001,0.015342609908896,0.0148282657773025,0.0069425306797741004,-0.0052289203266613002,0.0133494502695795,-0.282129557330423,0.1676999999999999
2022-07-26,3254.1851999999999,3282.4133000000002,3246.0439999999999,3277.4355999999998,3250.3879999999999,259468676,334421587.03619999,0.83209999999999995,-0.00051268741939580005,0,-0.0022417238176847001,-0.0135871416249884,0.0138588405330745,-0.0045028564995919004,0.0022713602913579001,0.0117137347798112,0.036628934427708801,-0.22420000000000001
2022-07-27,3271.7824999999998,3282.5738999999999,3265.7267000000002,3275.7552999999998,3277.4355999999998,249131485,339768241.05299997,-0.051299999999999901,0.0020821152300356002,1,0.016677576260982301,0.0118493436445177,0.013251954345477501,0.0055313102114774,0.0110849517427362,0.015592614674749801,0.2112669954081596,1.6677999999999999
2022-07-28,3287.5019000000002,3305.7057,3277.1078000000002,3282.5758000000001,3275.7552999999998,288055056,395925555.54860002,0.2082,-0.0089373716823234004,0,-0.0112810367226827,-0.0105398602791162,0.0130859739969566,-0.0105903219572676,-0.00069810795340260003,0.0094557129381780004,0.016725596410299901,-1.1281000000000001
2022-07-29,3282.8114,3294.8045000000002,3246.3676999999998,3253.2381999999998,3282.5758000000001,307331047,410553093.40439999,-0.89370000000000005,0.0020657263891713002,1,-0.0022912389139063002,0.0023354004421949001,0.0126117732226612,0.0017135912654254,-0.0039979792769636001,0.011572788441628601,0.1275371508319692,-0.2291
2022-08-01,3246.6161000000002,3264.3040999999998,3225.5533,3259.9585000000002,3253.2381999999998,292204805,399000239.74400002,0.20660000000000001,-0.022605226416225602,0,-0.0226047245071931,-0.021962585532438302,0.0133334448148135,0.0012011048030615,-0.0237772703166736,0.028968106957970401,0.1045396681008838,-2.2605
2022-08-02,3231.2620999999999,3231.2620999999999,3155.1866,3186.2664,3259.9585000000002,394176168,475962696.16100001,-2.2605,-0.0070905245085595,0,0.000462877750166,-0.0193114408737271,0.0133582525747316,-0.0064450641504900002,0.0069527528387245,0.018232819074333901,-0.10172392540982141,0.046300000000000001
2022-08-03,3188.8906000000002,3217.5495999999998,3159.4569999999999,3163.6741000000002,3186.2664,324885673,455409764.94270003,-0.70909999999999995,0.0080175767788469004,1,-0.0236355143152976,-0.058197502329488102,0.014004492288876,-0.0110424361196954,-0.012733689144548701,0.021205166757248602,0.1506881523872447,-2.3635999999999999
2022-08-04,3179.4277999999999,3190.9992000000002,3155.7039,3189.0391,3163.6741000000002,260898943,371146916.07779998,0.80179999999999985,0.011911926699174,1,0.0039554659633374003,-0.043683998676345002,0.0140399595755431,0.0089632849667405003,-0.0049633312510160002,0.0120080998678972,-0.2470086269758304,0.39550000000000002
2022-08-05,3195.2274000000002,3228.8863000000001,3184.4549000000002,3227.0266999999999,3189.0391,274683729,414055641.4932,1.1912,0.0030700086863242001,1,0.020587248805969901,-0.0217546894971942,0.0150445111652037,0.0123518433922239,0.0081349241051908005,0.011186269703836,0.072547077434919005,2.0587
2022-08-08,3218.8510999999999,3237.9693000000002,3214.0826000000002,3236.9337,3227.0266999999999,254268050,392277178.48989999,0.307,0.0032432236718346,1,0.0013829654347863,0.0022538623997904001,0.0149932894836048,0.0054302459993138003,-0.0040254215353396003,0.0092718166514986003,-0.16271706948774051,0.13830000000000001
2022-08-09,3235.7350999999999,3248.7718,3227.5394000000001,3247.4317999999998,3236.9337,259605467,391415560.26709998,0.32429999999999992,-0.0053617138318346001,0,-0.0077304456898691001,-0.0059541283675760004,0.0139263339357114,-0.0067612318420904004,-0.00097581153580650001,0.0107836178109626,-0.17203685438996341,-0.77300000000000002
2022-08-10,3242.3622,3253.1662000000001,3217.8065000000001,3230.02,3247.4317999999998,257583592,390066120.14740002,-0.53620000000000001,0.015989188921430701,1,-0.0021116674490428001,0.015959502692083401,0.013696542591156701,-0.00032276136062610002,-0.0017894836645990001,0.019686946423110401,0.0837365296204967,-0.2112
2022-08-11,3243.4715999999999,3281.6653999999999,3237.9041000000002,3281.6653999999999,3230.02,300605376,427399149.61629999,1.5989,-0.0014558766411711,0,-0.019626624220633802,-0.0079045524657397007,0.0142550641065441,-0.0023460964714068001,-0.017321164873016201,0.024365809080837901,0.1447034334692904,-1.9626999999999999
2022-08-12,3275.77,3288.2233000000001,3272.8406,3276.8877000000002,3281.6653999999999,299932928,403906156.28869998,-0.14560000000000001,-0.00024434770834530001,0,0.024047414593153502,-0.0045409843541501004,0.0154729388451677,0.0117144395650568,0.0121901739718164,0.014913690591530001,-0.077787397114283299,2.4047000000000001
2022-08-15,3268.3652999999999,3286.8910000000001,3261.8150999999998,3276.087,3276.8877000000002,287106773,387257744.64609998,-0.024400000000000002,0.00054873390114490005,1,0.0046403746956915001,-0.0013028451722952,0.014758373169040001,0.0037774313168276001,0.00085969593651030003,0.0097916437403242004,-0.020809621495667101,0.46400000000000002
2022-08-16,3278.6756,3295.0225999999998,3271.5702999999999,3277.8847000000001,3276.087,303592274,409210082.29140002,0.0548999999999999,0.0044666915831419003,1,-0.0066793486395956003,-0.0002449394560548,0.0133430846261498,-0.0067973127963351001,0.0001187714836654,0.0137106071585408,-0.1179911681303327,-0.66790000000000005
2022-08-17,3282.1008000000002,3295.9976000000001,3263.3483000000001,3292.5259999999998,3277.8847000000001,326124759,423859011.36830002,0.44669999999999982,-0.0045503664967262002,0,-0.0104955575758725,-0.0086445131437391,0.0133924621554228,0.0033072433019341002,-0.0137573021324761,0.025487429182180801,0.33497981415365857,-1.0496000000000001
2022-08-18,3286.3669,3289.1415000000002,3270.5583999999999,3277.5437999999999,3292.5259999999998,301694778,418075199.68010002,-0.45500000000000002,-0.0059390205555758004,0,0.0046357836304846004,0.015889681421091501,0.0131365928047268,0.0083331148149418006,-0.0036667755230230001,0.013578564757757001,-0.32183297720808213,0.46360000000000001
2022-08-19,3275.6228999999998,3286.4911000000002,3258.0637000000002,3258.0783999999999,3277.5437999999999,333535471,457863361.10820001,-0.59389999999999976,0.0060513890641795002,1,-0.0079578565889234006,-0.015860630411758,0.012863818580430701,0.0034880248162247,-0.0114060966569525,0.015885596400040902,0.1167450727936216,-0.79579999999999995
2022-08-22,3249.7046,3278.1655000000001,3247.1869999999999,3277.7943,3258.0783999999999,314537869,427653295.82590002,0.60509999999999975,-0.00047925521134740002,0,0.00046144715291650002,-0.019954281454547501,0.0128487405519197,-0.0054194741829931004,0.0059129665052295001,0.012213170369628301,-0.1252779172817674,0.046100000000000002
2022-08-23,3274.4270000000001,3284.5963000000002,3262.6331,3276.2233999999999,3277.7943,316566356,418311743.96289998,-0.047899999999999901,-0.018625134049161302,0,-0.005869105544269,-0.019154866607520801,0.0128780455341775,-0.010145637770235401,0.0043203650851555003,0.0132372226209134,0.131239596987962,-0.58689999999999976
2022-08-24,3279.1716000000001,3281.8751999999999,3212.386,3215.2033000000001,3276.2233999999999,366140577,458360278.35519999,-1.8625,0.0096556258199909008,1,-0.0078206316534890005,-0.016503349382668502,0.0121344424237451,-0.00064862455982560004,-0.0071766620529283001,0.016506096053411901,0.14625161422329391,-0.78210000000000002
2022-08-25,3223.4645,3248.3505,3199.1242000000002,3246.2480999999998,3215.2033000000001,336196165,419464277.02810001,0.96560000000000001,-0.0030883344991405001,0,-0.0120241498211836,-0.032812731365871102,0.0121609642192712,0.0019991539871559,-0.0139953249985671,0.0180841654596029,0.0781084673613089,-1.2023999999999999
2022-08-26,3250.6275999999998,3266.2737000000002,3232.2766000000001,3236.2226000000001,3246.2480999999998,309927554,397556251.30860001,-0.30880000000000002,0.0013920241456815,1,0.036309587445779903,0.010345624929480201,0.0150675875576382,0.012878890887520301,0.023132772110324901,0.0296776021680712,-0.170580999945324,3.6309999999999998
2022-08-29,3203.1021999999998,3240.7275,3198.9960000000001,3240.7275,3236.2226000000001,297015097,363729979.75199997,0.13919999999999991,-0.0041679530290652002,0,0.010098966465982601,0.020078359260062802,0.014417640383652,0.0085289843242164001,0.0015567050289766,0.0067196237251092002,0.1040205570997904,1.0099
2022-08-30,3240.1835000000001,3243.7460000000001,3212.6345999999999,3227.2203,3240.7275,294318914,353775673.84939998,-0.4168,-0.0077721685129457001,0,-0.0072791129814318003,0.0186315497090601,0.0145119009882132,-0.0103990869626435,0.0031527598045918001,0.0091358271971695004,-0.15836818153074181,-0.72789999999999977
2022-08-31,3216.5257000000001,3232.0158000000001,3184.3935999999999,3202.1378,3227.2203,344408829,431758007.41689998,-0.7772,-0.0053583265529671001,0,-0.0037051982648146002,0.0228567033699511,0.0134687281560082,0.0019732091042299,-0.0056672247495730002,0.020833811944332401,0.039167976789656202,-0.3705
2022-09-01,3196.5367000000001,3214.5583000000001,3181.6255999999998,3184.9796999999999,3202.1378,274660541,336978641.19870001,-0.53580000000000005,0.00047045825755180002,1,0.00026868474306770003,0.035583541009946401,0.013447630652922,-0.018004885450570701,0.0186086161966529,0.0304866953430818,0.51746906308086316,0.0269
2022-09-02,3189.6439,3198.2811999999999,3173.7928999999999,3186.4780999999998,3184.9796999999999,250456911,313337604.11540002,0.047,0.0042158457012462002,1,-0.0178948091121802,-0.0185828795325408,0.0131811743377305,-0.0096555194120190001,-0.0083196199521092008,0.0153675456879412,-0.33036248424861542,-1.7895000000000001
2022-09-05,3183.9459999999999,3199.9117999999999,3172.0394000000001,3199.9117999999999,3186.4780999999998,280675633,339591536.25309998,0.42159999999999992,0.0136049999878122,1,-0.0074102006857064001,-0.035594872394898502,0.013231158589114301,-0.001267520899552,-0.0061504756425735004,0.0147117129850983,0.046544580335057102,-0.74099999999999977
2022-09-06,3207.933,3244.6352999999999,3203.8161,3243.4466000000002,3199.9117999999999,318869689,378636070.32749999,1.3605,0.00087798578216120003,1,-0.0116383380911767,-0.0398297576513666,0.013351544472119101,-0.0078654787223377005,-0.0038027699751645,0.0120449782002858,0.040001027647452503,-1.1637999999999999
2022-09-07,3232.1368000000002,3253.7671,3227.8225000000002,3246.2943,3243.4466000000002,301014466,368608741.47460002,0.087800000000000003,-0.0032985610700790001,0,-0.0011947549374015001,-0.037410340252132503,0.013352724116911,0.0018724935893101001,-0.0030615158578942,0.013025273462084701,-0.2396403489396465,-0.1195
2022-09-08,3245.5569999999998,3253.7004999999999,3233.8006999999998,3235.5862000000002,3246.2943,281680358,328657091.59119999,-0.32990000000000003,0.0081802796661698002,1,-0.0082503893977574003,-0.045608510207528201,0.0127908731949568,-0.0149385009318986,0.0067895370395334,0.0130252313082568,0.069362198477184805,-0.82499999999999984
2022-09-09,3241.1808999999998,3266.1974,3236.5077999999999,3262.0542,3235.5862000000002,283827665,338566713.30949998,0.81799999999999995,0.0005343258858174,1,-0.0099599355187641007,-0.037897548183909002,0.011418416829992201,-2.4154208870807992e-05,-0.0099360213066272008,0.014281438540665801,-0.068306600172441001,-0.996
2022-09-13,3272.0491999999999,3278.1659,3259.6644000000001,3263.7972,3262.0542,276189823,339021890.61949998,0.053400000000000003,-0.0080444030039611009,0,0.026923374748470001,-0.0046185268523845002,0.01316567102326,0.0020700496748278,0.024801983735275802,0.027786823600793702,0.14932335933017341,2.6922999999999999
2022-09-14,3224.6783,3250.8024,3221.9609,3237.5419000000002,3263.7972,255193365,306452822.21799999,-0.8044,-0.0116209152381935,0,-0.0018277834445893,0.0052617069859613001,0.0131190257881357,0.0021893116760707001,-0.0040083196596277003,0.0101129775723379,-0.1098978203170588,-0.18279999999999991
2022-09-15,3248.9721,3254.1788999999999,3174.3899000000001,3199.9187000000002,3237.5419000000002,325206121,392490591.52139997,-1.1620999999999999,-0.022975896231363601,0,-0.024823484001022501,-0.018519762554595101,0.013985395560265901,-0.0203633699421427,-0.0045528249169451002,0.0099048681472313008,-0.031399718886371102,-2.4823
2022-09-16,3189.8265000000001,3191.8265000000001,3126.3971999999999,3126.3977,3199.9187000000002,316475893,355085342.91790003,-2.2976000000000001,-0.0034531115475168002,0,0.0044187169378844,-0.0059818423360269001,0.0139796920211274,-0.00070037300168170004,0.0051226777247409001,0.0095043799841883006,0.037037651007619,0.44190000000000002
2022-09-19,3122.7548999999999,3135.5565000000001,3101.2206999999999,3115.6019000000001,3126.3977,249113662,289918817.13929999,-0.3453,0.0021838155895335001,1,-0.0089110731004872004,-0.0049287654696832002,0.014001035418014601,-0.0104562084860421,0.0015614623615501,0.0119944766032165,0.44114449801627642,-0.8911
2022-09-20,3127.8355999999999,3140.0252,3114.0367999999999,3122.4058,3115.6019000000001,219942534,268600300.23760003,0.21840000000000001,-0.0016744780579128001,0,-0.0104318960605359,-0.041125385737711101,0.0140910998068544,-0.003535928799591,-0.0069204374349770004,0.010795935760584401,-0.47026147234614862,-1.0431999999999999
2022-09-21,3116.0065,3129.8245000000002,3091.2966000000001,3117.1774,3122.4058,232972496,269513754.50330001,-0.16739999999999991,-0.0026523354108752002,0,0.0116045646955154,-0.028221863251454201,0.014444454151782001,0.0072557480163977003,0.0043174900591849003,0.0094802480021242003,-0.1663795460321181,1.1605000000000001
2022-09-22,3098.7682,3125.6797000000001,3092.8189000000002,3108.9096,3117.1774,221140689,269978597.6498,-0.26519999999999982,-0.0066068501959658001,0,-0.017932616383638501,-0.021355009524011401,0.0148243596944675,-0.0075910128201168003,-0.010420707286125401,0.0108724473442367,0.097392320896506804,-1.7932999999999999
2022-09-23,3106.8054999999999,3124.6583000000001,3072.2408999999998,3088.3694999999998,3108.9096,243057719,285552915.20560002,-0.66069999999999995,-0.0120268963930643,0,-0.0160843649801404,-0.041331975375031901,0.0149859345719095,-0.0197179448532959,0.0037066677433075,0.0124567489056428,0.059424011777906502,-1.6084000000000001
2022-09-26,3067.5689000000002,3102.6543999999999,3048.5142999999998,3051.2260000000001,3088.3694999999998,262698628,293536440.83850002,-1.2027000000000001,0.0139733339975471,1,-0.011829435280568901,-0.044154870909816603,0.011909325958062,-0.0050892800564249002,-0.0067746332299303,0.0132058992889003,0.0271906416944123,-1.1829000000000001
2022-09-27,3056.3917000000001,3094.0389,3048.3649999999998,3093.8618000000001,3051.2260000000001,232735303,290065702.69630003,1.3973,-0.0157715512696785,0,-0.0043567068359535001,-0.038286714887506602,0.011351619088323901,-0.0084424089973552004,0.0041204890149346002,0.019530180496919802,0.3640610695714841,-0.43569999999999992
2022-09-28,3089.0974999999999,3089.0974999999999,3044.864,3045.0668000000001,3093.8618000000001,230098650,276039741.57200003,-1.5771999999999999,-0.0012683465597536001,0,0.00028955247620560001,-0.049043682533056403,0.0114331516994177,-0.00092354358464830002,0.0012142174435844,0.014325846786975601,-0.2967554647951402,0.029000000000000001
2022-09-29,3067.4726999999998,3076.7615000000001,3026.0792000000001,3041.2046,3045.0668000000001,230030416,276441059.41769999,-0.1268,-0.0055287631749601001,0,-0.034122028117093001,-0.064720227361691002,0.0130686637226054,-0.0087859617218291001,-0.025560641210524902,0.029050447612611201,0.43916507496642132,-3.4121999999999999
2022-09-30,3042.1664000000001,3054.6129000000001,3021.9308999999998,3024.3905,3041.2046,204115336,240262768.40889999,-0.55289999999999995,-0.016613297786777202,0,-0.0049278645495187002,-0.054115203094564503,0.012964476954582201,0.018508621009478601,-0.023010591246413501,0.033786102506074701,-0.15122036928674371,-0.49280000000000002
2022-10-10,3026.9353999999998,3029.4477999999999,2968.2809999999999,2974.1453999999999,3024.3905,243404828,290120024.16689998,-1.6613,0.001898763927278,1,-0.015106469799552101,0.033448930930969303,0.0196016803591373,-0.0089123175190079004,-0.0062498529545216,0.0091127377908799007,0.042403347590269501,-1.5105999999999999
2022-10-11,2978.0617000000002,2986.9115999999999,2953.4953,2979.7926000000002,2974.1453999999999,208635950,246715637.02509999,0.18990000000000001,0.0153409670189796,1,-0.0295032990324153,-0.00035824542191970001,0.020418069511250501,-0.0163860868486841,-0.0133357326572435,0.0154875549956172,0.45045511267229782,-2.9502999999999999
2022-10-12,2976.7168000000001,3025.5055000000002,2934.0922,3025.5055000000002,2979.7926000000002,248013557,306871328.76490003,1.5341,-0.0030240896934412001,0,-0.0223214026413949,-0.014470555654114,0.019393266832855902,-0.0012737662241107,-0.021074480378580802,0.024194007432335601,0.0144947605644993,-2.2321
2022-10-13,3008.3015999999998,3036.2485000000001,3004.4962999999998,3016.3561,3025.5055000000002,249683281,317764786.73470002,-0.3024,0.018443014735561002,1,-0.0078022333172531001,-0.076677482326651503,0.019358616573999801,-0.0044016406493206,-0.0034156270307138001,0.0357703851391011,0.29205591566300793,-0.7802
2022-10-14,3035.0340999999999,3084.2723999999998,3035.0340999999999,3071.9868000000001,3016.3561,277304061,372050694.57889998,1.8443000000000001,0.0042173032774749002,1,-0.018676692395618501,-0.0901080659443763,0.019109610884975901,-2.2753087683624607e-05,-0.018654363752309101,0.020805902390451301,-0.071221483780615102,-1.8676999999999999
2022-10-17,3060.5176000000001,3087.1943999999999,3052.7148999999999,3084.9423000000002,3071.9868000000001,262608618,349214469.68540001,0.42170000000000002,-0.0012917259424918,0,0.0121165822915336,-0.0649581032747934,0.019422262460666601,0.017241326710236201,-0.005037884604311,0.030099865093345501,0.0353763901549317,1.2117
2022-10-18,3094.9272000000001,3099.9182000000001,3074.2161999999998,3080.9573999999998,3084.9423000000002,245634757,326002905.366,-0.12920000000000001,-0.011872835372536901,0,0.0015198017324897001,-0.035068358206527601,0.019491415899999601,-0.0065078380413424002,0.0080802245666498004,0.0268614858367861,-0.1194037002779282,0.152
2022-10-19,3073.2615999999998,3081.3903,3044.3777,3044.3777,3080.9573999999998,230895310,313108348.65240002,-1.1873,-0.0030637788471515001,0,0.018159382166870401,0.0048846388741684002,0.0201768719902157,0.0148860223079654,0.0032253472675294,0.021439363386284101,-0.044627483574059101,1.8159000000000001
2022-10-20,3029.3027999999999,3070.2647999999999,3013.6929,3035.0504000000001,3044.3777,244736145,340091337.75950003,-0.30640000000000001,0.0012779688930371,1,-0.023843335158189101,-0.0113615747052726,0.0202485931125619,-0.0064246348416574003,-0.0175313327275941,0.024520265948075302,-0.13986891655681061,-2.3843000000000001
2022-10-21,3038.0358000000001,3055.4157,3026.9603000000002,3038.9290999999998,3035.0504000000001,245254122,315110985.79680002,0.1278,-0.020195831485505501,0,-0.0139940695088447,-0.0066440459549053001,0.020147675210611601,-0.016987780474923601,0.0030454463399499001,0.026784719294930402,0.29203469774023461,-1.3994
2022-10-24,3034.7458000000001,3064.4211,2965.1675,2977.5554000000002,3038.9290999999998,298085356,394725942.5126,-2.0196000000000001,-0.00042733042011580002,0,-0.0042444143875202001,-0.022701774629258001,0.020010227581491902,0.0031258791343115001,-0.0073473266667114,0.013627579971278,-0.1118336508645523,-0.4244
2022-10-25,2969.1559999999999,3001.7150000000001,2944.2606999999998,2976.2829999999999,2977.5554000000002,255554160,337519280.75730002,-0.042700000000000002,0.0078018790551839003,1,-0.063563159115471099,-0.0862107157690708,0.023854240281062901,-0.019515616441060101,-0.044924267446798401,0.0561984613031054,0.56118332531730175,-6.3563000000000001
2022-10-26,2977.5643,3028.3478,2977.5643,2999.5036,2976.2829999999999,268689492,372845274.62919998,0.7802,-0.0055344824390275004,0,-0.00099468469483270008,-0.10340132595665991,0.0238932752861628,0.004045270669515,-0.0050196495233595,0.032144783932746203,-0.093782264161276802,-0.099500000000000005
2022-10-27,3005.0373,3017.2629000000002,2981.6889000000001,2982.9029,2999.5036,265608254,381330371.12300003,-0.5534,-0.022453697705010801,0,0.0100279646225436,-0.072290579531084004,0.0241657336753303,-0.0045675769950263003,0.014662513778192301,0.035782320371314201,-0.18628523446175821,1.0027999999999999
2022-10-28,2967.0221000000001,2974.2359999999999,2908.9830999999999,2915.9256999999998,2982.9029,292531308,385261361.87769997,-2.2454000000000001,-0.0076966295814736001,0,0.0071988755469988,-0.0523506439102173,0.023515939110871902,0.026348654854164901,-0.018658161840614602,0.027570119998668201,-0.073426461049066902,0.71989999999999976
2022-10-31,2893.1961999999999,2926.0149999999999,2885.0893999999998,2893.4829,2915.9256999999998,301994203,396654162.13349998,-0.76970000000000005,0.026167979081542302,1,-0.036614091058171101,-0.083156499982728005,0.024534496231484001,-0.0001944524025889,-0.036426721919177701,0.0435508564331984,0.18884853998280701,-3.6614
2022-11-01,2899.4985000000001,2969.1995000000002,2896.7572,2969.1995000000002,2893.4829,319809578,431015902.87410003,2.6168,0.0115082869978927,1,-0.011844129001699301,-0.032519602205169702,0.024436537373529701,-0.0021778826163656,-0.0096873442840488006,0.034706177597345303,0.31562795887571221,-1.1843999999999999
2022-11-02,2960.6464999999998,3019.0486000000001,2954.9477999999999,3003.3699000000001,2969.1995000000002,325078248,457581522.04470003,1.1508,-0.001852652249062,0,0.052308092451702301,0.019101136190547,0.027868286055624102,0.0117722996223876,0.040064145701995603,0.052626741163285501,-0.0995131449206655,5.2308000000000003
2022-11-03,2981.2037999999998,3003.7206999999999,2977.7161999999998,2997.8056999999999,3003.3699000000001,259348567,370653283.76340002,-0.18529999999999991,0.024348042303075301,1,0.024062989517491501,0.0332622389697649,0.024564355779254601,-0.0042522712317546001,0.028436179095555101,0.038205738236860201,-0.3111485820997259,2.4062999999999999
2022-11-04,2996.9971,3081.5902999999998,2996.9971,3070.7964000000002,2997.8056999999999,329806740,458770093.6947,2.4348000000000001,0.0022862473070503,1,-0.030812836407266501,-0.0057331050030010001,0.0251545406134129,-0.022077857254329002,-0.0089321826054705004,0.020313802151616302,-0.086466255486726401,-3.0813000000000001
2022-11-07,3062.8589999999999,3088.1927000000001,3054.4571000000001,3077.817,3070.7964000000002,320567097,424429131.51889998,0.2286,-0.0043291072861055,0,0.053564362309307501,0.087335985994808601,0.028547696998385101,0.0067322968364657001,0.046518886520285102,0.069780677193309507,0.43994525659447881,5.3563999999999998
2022-11-08,3077.3056000000001,3078.2759999999998,3047.4623999999999,3064.4928,3077.817,256522007,338966942.02149999,-0.43290000000000001,-0.005327211080411,0,0.026902186355665401,0.1299712262936934,0.028708650253724401,-0.0080037670609868009,0.0351875866637473,0.052040883254522802,-0.20218924561466331,2.6901999999999999
2022-11-09,3064.4632999999999,3073.9182999999998,3046.1880999999998,3048.1676000000002,3064.4928,235637324,306860895.70810002,-0.53269999999999995,-0.0039485361631689002,0,-0.0023258742666112,0.0713051276360748,0.028288371914864701,0.0026928321496078001,-0.0050052281768683,0.017425980256581101,-0.44367776590324032,-0.2326
2022-11-10,3031.6914999999999,3047.9803000000002,3022.8506000000002,3036.1318000000001,3048.1676000000002,270371798,335925917.72240001,-0.39489999999999992,0.016850651872227701,1,-0.012006177331945801,0.033572015717275902,0.0283614590294427,-0.00027238724164740003,-0.011736987095838701,0.031235146288859601,0.45695272906943352,-1.2005999999999999
2022-11-11,3099.6500000000001,3117.7419,3070.3006999999998,3087.2926000000002,3036.1318000000001,409604534,513784597.27429998,1.6851,-0.0012604247488561,0,-0.0169624146927717,0.048342545938619801,0.0283066583736006,-0.013466988456168401,-0.0035431416847704002,0.0117993559319546,-0.39447195303920762,-1.6961999999999999
2022-11-14,3100.8669,3121.4056,3075.2152000000001,3083.4013,3087.2926000000002,361788216,454546731.4091,-0.126,0.016435259335202401,1,0.0773967355345173,0.072056797973410303,0.033188853106853503,0.0646108709386954,0.012009894830914501,0.033520220085268101,0.84108830488094966,7.7397
2022-11-15,3081.1349,3135.5902999999998,3074.4982,3134.0778,3083.4013,331470577,446460007.88940001,1.6435,-0.0044981014829942002,0,0.016971936422623901,0.061689898294218101,0.033339526439582802,0.038878749785000902,-0.021086978020207401,0.0284410521734813,0.081649171677046301,1.6972
2022-11-16,3133.6504,3145.7525999999998,3115.3453,3119.9803999999999,3134.0778,303429844,386992905.05070001,-0.44979999999999992,-0.0014569642809294,0,0.041056861889327403,0.1078562882497216,0.0342512119956591,0.0026158205782046001,0.038340748791450101,0.045657959183210001,-0.1241108667795281,4.1056999999999997
2022-11-17,3110.9648999999999,3115.4351000000001,3087.1736999999998,3115.4346999999998,3119.9803999999999,287028407,377900109.2726,-0.1457,-0.0058391530401839002,0,-0.0047232968001079002,0.11602272088184,0.0336771374269106,-0.0094809389024331,0.0048031807657019001,0.020837240338611802,-0.223559620668281,-0.4723
2022-11-18,3116.7291,3126.7107000000001,3096.8858,3097.2431999999999,3115.4346999999998,299954276,389207386.46719998,-0.58389999999999975,-0.0039385993324643001,0,-0.0115476806043661,0.1221699591568703,0.033606706617983102,-0.0101268152458744,-0.0014354014033067001,0.027878868215559401,-0.29052463206322432,-1.1548
2022-11-21,3078.0569,3085.2426,3056.1703000000002,3085.0444000000002,3097.2431999999999,256045549,345025496.47460002,-0.39389999999999992,0.0012635798693851001,1,-0.0029436440673269002,0.038490885772894001,0.033587716911299602,0.0150008367662917,-0.0176792768868923,0.0259270095967674,-0.048084238212766001,-0.2944
2022-11-22,3084.2328000000002,3118.1197000000002,3076.3213999999998,3088.9425999999999,3085.0444000000002,327565927,374142821.1304,0.12640000000000001,0.0025784551645602,1,-0.018709420682127002,0.0020545173558473,0.030023880239955301,-0.0188072390001633,9.969327325287658e-05,0.019835442911339801,-0.22462872513788651,-1.8709
2022-11-23,3084.7402999999999,3108.2438000000002,3075.3240999999998,3096.9072999999999,3088.9425999999999,326155449,356400844.27810001,0.25779999999999992,-0.0024533185090815,0,-0.0131117569131242,-0.050084718412134903,0.030335581017112201,-0.0017399273104586001,-0.0113916502460397,0.0262988427104579,0.3044361746274013,-1.3111999999999999
2022-11-24,3104.0954999999999,3113.2392,3084.8553999999999,3089.3096,3096.9072999999999,267482928,308190185.8046,-0.24529999999999991,0.0040085331687054002,1,0.0057046407884113002,-0.0401320517427236,0.0303312305610468,0.0020941885550213001,0.0036029070666460002,0.0152016624953155,-0.2215568254999222,0.57050000000000001
2022-11-25,3085.4611,3111.4214000000002,3077.9670999999998,3101.6932000000002,3089.3096,311431979,325426338.4472,0.40089999999999992,-0.0074619565855190001,0,0.0078230704395905008,-0.021321470093085802,0.030331574016643301,0.0091715214899041001,-0.0013361960990761,0.013816630059330801,0.1829752913867235,0.7823
2022-11-28,3055.2899000000002,3080.1842999999999,3034.7044999999998,3078.5484999999999,3101.6932000000002,305811284,338549350.7748,-0.74619999999999975,0.023127555079934501,1,-0.0049442553890231,-0.023285205979811301,0.028706447459647701,0.0006964537481101,-0.0056367833782223001,0.0147874683623144,0.0875493505950454,-0.49440000000000001
2022-11-29,3096.1125999999999,3152.0027,3096.1125999999999,3149.7478000000001,3078.5484999999999,391449748,439102619.26419997,2.3128000000000002,0.0005040086066574,1,-0.015684908823358702,-0.0202747975040652,0.028864184237569802,-0.032625680140301601,0.017512116012547901,0.030189067907620201,-0.1264935576343191,-1.5685
2022-11-30,3141.3991999999998,3158.5731999999998,3137.3687,3151.3353000000002,3149.7478000000001,372718321,404504379.2834,0.0504,0.0044856540654369002,1,0.052418958558071202,0.0447802823739799,0.0288730291783755,0.015068846348177701,0.036795644299659501,0.038630611506341103,0.42305556998438643,5.2419000000000002
2022-12-01,3187.9899,3198.4088000000002,3164.5347999999999,3165.4711000000002,3151.3353000000002,387013056,462184974.02280003,0.4486,-0.0029464492662718,0,0.0215631365121495,0.0612549439876372,0.0288079331471379,-0.0034672402920566002,0.0251174650912049,0.032575689328238601,0.22649030061095471,2.1562999999999999
2022-12-02,3160.5789,3170.8980000000001,3149.8406,3156.1442000000002,3165.4711000000002,307812484,366318678.80830002,-0.29459999999999992,0.017638674430654901,1,0.0074855233817077002,0.0608995011579248,0.027291461508465301,0.024824664748459901,-0.016919129645467601,0.030009845552267801,-0.22916021964076261,0.74860000000000004
2022-12-05,3181.9155000000001,3213.4395,3177.0641999999998,3211.8144000000002,3156.1442000000002,447398437,479203617.37349999,1.7639,0.0002238610051687,1,-0.0032604913206564002,0.062694681447946002,0.025457123877773401,0.0026066851547038002,-0.0058519223562277,0.016566647666258701,-0.1260129720650108,-0.32600000000000001
2022-12-06,3200.2750000000001,3224.8220000000001,3195.0787999999998,3212.5333999999998,3211.8144000000002,373590296,435248700.17909998,0.0224,-0.0040198803847455002,0,0.045136503465798603,0.1283592150279167,0.026491968522536501,0.029254070204842102,0.0154310133141328,0.027012077417558102,0.26349577126697632,4.5137
2022-12-07,3204.9351999999999,3226.0817000000002,3188.6705000000002,3199.6194,3212.5333999999998,354113078,402146133.13749999,-0.40200000000000002,-0.00070930311273890002,0,-0.0039506534640072,0.067922094758050999,0.0265292719166022,-0.015707830962650701,0.0119448044681105,0.018792629887146702,-0.31968847815693552,-0.39510000000000001
2022-12-08,3196.0156000000002,3206.7150999999999,3187.2566000000002,3197.3499000000002,3199.6194,320969294,364935622.70050001,-0.070900000000000005,0.0030025803556876,1,-0.032218208977026902,0.011700129535419801,0.027705844773401701,-0.0031057785587088002,-0.029203128869809102,0.0482223815632589,0.40184536568666113,-3.2218
2022-12-09,3197.1183000000001,3212.1059,3182.9068000000002,3206.9502000000002,3197.3499000000002,373343209,447750222.04680002,0.30030000000000001,-0.0087025049531482008,0,0.033771782031398703,0.038096351281246603,0.027682829607461702,0.0079846631538329008,0.025582848450175302,0.029580405233746401,-0.61989791468825395,3.3772000000000002
2022-12-12,3195.8679999999999,3196.7247000000002,3176.5752000000002,3179.0417000000002,3206.9502000000002,333381792,394919615.24949998,-0.87029999999999985,-0.0008544084212548,0,0.023168877694505301,0.065622331040649601,0.0229816130957076,0.0017480513083906,0.0213834470235672,0.0268367006456992,0.34261649285375012,2.3169
2022-12-13,3179.4353999999998,3187.2035000000001,3171.4827,3176.3254999999999,3179.0417000000002,285821200,333539763.0097,-0.085400000000000004,6.2902873146919447e-05,1,-0.0219708987597023,-0.0028004502443603001,0.023747118164019601,-0.0153937993665602,-0.0066799288780739,0.0176806340627319,-0.25580399483743221,-2.1970999999999998
2022-12-14,3178.5542,3189.835,3168.5925000000002,3176.5252999999998,3176.3254999999999,265623569,333950671.12819999,0.0063,-0.0024799109895329002,0,0.0068111652348508004,0.0079737958292655006,0.022214829021601702,-0.00028822989339600001,0.0071014419761106003,0.016720930268403201,-0.1869088944987797,0.68110000000000004
2022-12-15,3177.1995000000002,3179.0999999999999,3158.4515000000001,3168.6478000000002,3176.5252999999998,243023333,305204998.56239998,-0.248,-0.00024938082421160001,0,0.0039420908135248001,0.045635833879888302,0.022129502950204601,0.0091410579602169001,-0.0051518735717684004,0.016893071105622302,0.065359661228136107,0.39419999999999977
2022-12-16,3156.1349,3175.3526000000002,3151.6089000000002,3167.8575999999998,3168.6478000000002,259771795,307227738.3545,-0.024899999999999901,-0.019174662396441,0,-0.0154960111215877,-0.0041973796710885001,0.022292273769432502,-0.0030894428786003001,-0.0124450164103101,0.022457677733188401,-0.2067537431415154,-1.5496000000000001
2022-12-19,3165.3092000000001,3170.2552000000001,3096.0981000000002,3107.1149999999998,3167.8575999999998,278513541,307934621.4619,-1.9175,-0.0107331399063117,0,0.0042377891214588001,-0.022622126570345801,0.022236094151640701,-0.0012850703122942,0.0055299658286676002,0.0253296703580385,0.24840310122748291,0.42380000000000001
2022-12-20,3098.9531999999999,3100.7476999999999,3061.5097999999998,3073.7658999999999,3107.1149999999998,218836766,261716073.42719999,-1.0732999999999999,-0.0017422927360863001,0,-0.0050311891569800003,-0.0056936963968180002,0.021700360638501,0.0011074168653316,-0.0061318155463604002,0.027265898809655301,-0.25070999194644372,-0.50309999999999977
2022-12-21,3078.3312000000001,3085.7950999999998,3060.5542,3068.4105,3073.7658999999999,189067920,226852792.58109999,-0.17419999999999991,-0.0045558441414534001,0,-0.0133319140734602,-0.025586593319112901,0.0217099891313626,-0.0101210108506207,-0.0032437330805441,0.0205623886143665,-0.14375981082271311,-1.3331999999999999
2022-12-22,3085.8004000000001,3096.2449000000001,3044.5990999999999,3054.4313000000002,3068.4105,223639537,266315477.43239999,-0.4556,-0.0028040899135626002,0,0.0034402036156441001,-0.0260737186411127,0.021710975699043501,0.0050333074973292003,-0.0015851254578336,0.0100781364559986,-0.36298150184771671,0.34399999999999992
2022-12-23,3038.8416000000002,3061.8670000000002,3031.5358000000001,3045.8663999999999,3054.4313000000002,192020305,233335246.1956,-0.28039999999999993,0.0064665344481295,1,0.027072898448839301,0.016037822061389002,0.022276256210105101,0.019673818362682501,0.0072563205536035,0.013534100641476201,0.36364065461638612,2.7073
2022-12-26,3048.1963000000001,3071.8362999999999,3047.3490999999999,3065.5626000000002,3045.8663999999999,206503893,255470265.30680001,0.64670000000000005,0.0097878281787491007,1,,,,,,,,
2022-12-27,3077.7469000000001,3098.0783000000001,3074.3132999999998,3095.5677999999998,3065.5626000000002,222218322,267946785.44190001,0.9788,-0.0026386435470739,0,,,,,,,,
2022-12-28,3088.6174000000001,3098.6496000000002,3079.4337999999998,3087.3996999999999,3095.5677999999998,224554151,260508525.68259999,-0.26390000000000002,-0.0044367757112887003,0,-0.0043782223075912001,0.0073205704482159004,0.0222624325061315,-0.0150915534253898,0.010877489329143101,0.015564641281514101,-0.35235010362570113,-0.43780000000000002
2022-12-29,3076.7264,3086.0048000000002,3064.4594000000002,3073.7015999999999,3087.3996999999999,215570676,253916981.2202,-0.44369999999999982,0.0050610963666738,1,0.0156101190931889,0.028218124396405302,0.0217757536004696,0.0099463789729627005,0.0056079612127386,0.015915329203299501,0.72784438007994345,1.5609999999999999
2022-12-30,3084.5225999999998,3096.3135000000002,3082.1963999999998,3089.2579000000001,3073.7015999999999,217545344,250355950.8646,0.50609999999999977,0.0088221834764911009,1,-0.0079285749822477006,0.033849006012107802,0.0192185190733144,-0.0125891317665137,0.0047199771991610004,0.0112910707169387,0.027448572937430402,-0.79290000000000005
2023-01-03,3087.5129999999999,3119.8555999999999,3073.0540000000001,3116.5119,3089.2579000000001,281370362,331392138.94800001,0.88219999999999976,0.0022475447631051001,1,0.0020399024575074001,0.032406269359499501,0.018782863733439601,0.014675444275254501,-0.0124527915690046,0.014817280055761601,-0.50722066972162216,0.2039999999999999
2023-01-04,3117.5711000000001,3129.0936999999999,3109.4512,3123.5164,3116.5119,273313626,316391228.72799999,0.2248,0.0101487541413261,1,0.018395048684598202,0.023683357368838701,0.019068354864918501,-0.0106655693401026,0.0293739074716294,0.045943135499441103,0.2687838168557839,1.8394999999999999
2023-01-05,3132.7613999999999,3159.4270000000001,3130.23,3155.2161999999998,3123.5164,257003018,335635934.52749997,1.0148999999999999,0.00076707897227460005,1,0.032157392621302502,0.0612487278658869,0.019999733639257802,0.0086715058457830004,0.0232839796102162,0.0277841619554745,0.2768385622287361,3.2157
2023-01-06,3155.0747000000001,3170.7417999999998,3151.8407000000002,3157.6365000000001,3155.2161999999998,257380255,338539843.68660003,0.076700000000000004,0.0058423444243820002,1,0.0124589347144316,0.057955938290087002,0.017812784927286301,0.024179163193961802,-0.0114435334175124,0.020857389779595101,-0.0477447113993196,1.2459
2023-01-09,3169.3737000000001,3183.5830000000001,3165.4281999999998,3176.0844999999999,3157.6365000000001,258115218,342693770.97409999,0.58420000000000005,-0.0020708831896630001,0,-0.0028752380395938,0.063344872687190301,0.017789319688778001,0.0080143757151875002,-0.010803034179999,0.0199475873508526,-0.042960961686137701,-0.28749999999999992
2023-01-10,3178.0219999999999,3178.1569,3165.1446000000001,3169.5072,3176.0844999999999,232984175,310357698.60839999,-0.20710000000000001,-0.0024198083538032001,0,0.018897999394044501,0.081234350837478,0.015882662680540501,0.0144962470774079,0.0043388551996296001,0.0120890983267624,-0.020738497972757602,1.8897999999999999
2023-01-11,3172.3759,3184.7570000000001,3160.8896,3161.8375999999998,3169.5072,237742869,309248892.85439998,-0.24199999999999991,0.00051024125970270003,1,-0.0026593929215638001,0.058880760713794403,0.0146365042917321,-0.00083783968274290003,-0.0018230806881661,0.0097104310105410006,-0.059075452325998701,-0.26590000000000003
2023-01-12,3167.2730000000001,3171.5904999999998,3153.4038,3163.4508999999998,3161.8375999999998,216671305,275371843.3434,0.0509999999999999,0.010069699517068501,1,0.0049030868023098003,0.0309208194445178,0.013980442015775,0.0062049198695258,-0.0012938051101806,0.016824446146677201,0.15559672566423721,0.49030000000000001
2023-01-13,3170.3548000000001,3195.3067000000001,3167.5097999999998,3195.3058999999998,3163.4508999999998,220226897,288062499.13230002,1.0069999999999999,0.0101041030218734,1,0.0036410626024849001,0.021942156081772,0.0125989427116603,0.0076399336631516003,-0.0039685515897816001,0.0221635982375483,-0.047093474726297602,0.36409999999999992
2023-01-16,3198.5189,3251.3739,3197.3186000000001,3227.5916000000002,3195.3058999999998,306749549,413219640.95990002,1.0104,-0.001036934164781,0,0.0104378059040349,0.035586547787595402,0.012650928661271,0.0042283897536965001,0.0061832708711426002,0.013716585866943101,-0.14028513559729011,1.0438000000000001
2023-01-17,3229.4353999999998,3231.2645000000002,3211.7573000000002,3224.2447999999999,3227.5916000000002,226592230,302611778.52859998,-0.1037,4.9996203762114888e-05,1,0.0003707680234201,0.016755858565928702,0.0126958822976756,0.0036796196269688001,-0.0032967209245301,0.017252213337896501,0.038027030270749003,0.037100000000000001
2023-01-18,3227.5947000000001,3234.8168999999998,3220.3703,3224.4059999999999,3224.2447999999999,212109730,266068176.68239999,0.0050000000000000001,0.0049228912239960001,1,-0.0077749656040083,0.0115407009177994,0.012142011527945,-0.0031577175776393001,-0.0046318741768747,0.017490913572253401,-0.103472921402119,-0.77749999999999975
2023-01-19,3221.5178999999998,3240.2793999999999,3210.3825000000002,3240.2793999999999,3224.4059999999999,226465030,296815557.25590003,0.49230000000000002,0.0075716927373606002,1,0.0046511110575577002,0.0112870608157753,0.012140130083361801,-0.0029122740021615,0.0075854760443972002,0.0124888542027764,0.074232658399463206,0.46510000000000001
2023-01-20,3247.2031000000002,3267.0578999999998,3247.2031000000002,3264.8137999999999,3240.2793999999999,273219182,329028168.4249,0.75719999999999976,0.0013796192603694,1,-0.0012464249469508,0.0063623391171372,0.0119958936891082,-0.0104133222622013,0.0092633596646692004,0.0171164314051113,-0.40063779552581003,-0.1246
2023-01-30,3308.8694,3310.4902999999999,3266.7579999999998,3269.3180000000002,3264.8137999999999,353325829,453177014.1103,0.13800000000000001,-0.0041748156649186003,0,0.0054114942406493002,0.051500534812889603,0.0111081527806324,0.0021332241462891002,0.0032712916959247002,0.0096190063447243006,-0.1989598957730809,0.54110000000000003
2023-01-31,3266.1442000000002,3277.2523999999999,3252.0145000000002,3255.6691999999998,3269.3180000000002,300162957,375260749.56870002,-0.41749999999999993,0.0089849730433302008,1,-0.027289555685820002,0.018070393947781,0.0133251069940384,-0.0048049927497585002,-0.022593122726958601,0.0278241783427139,0.63653315408757472,-2.7290000000000001
2023-02-01,3262.1961000000001,3284.9223999999999,3245.4113000000002,3284.9213,3255.6691999999998,339509410,413395187.74849999,0.89849999999999985,0.00022807243509910001,1,-0.010303705573199,0.0088379371280190005,0.0136039068798275,0.0054617795505426002,-0.0156798452655149,0.0295776160378944,-0.1404859827467087,-1.0304
2023-02-02,3291.7828,3295.7636000000002,3272.4140000000002,3285.6705000000002,3284.9213,333413133,428662803.43019998,0.022800000000000001,-0.0067762729098975001,0,0.0105231447377636,0.0012488290809786,0.0133210045699031,0.0035925654451698001,0.0069057698624137003,0.016874573362823501,-0.25971369071066502,1.0523
2023-02-03,3275.6578,3275.6578,3235.3533000000002,3263.4059000000002,3285.6705000000002,293342814,378648522.96530002,-0.67759999999999976,-0.0075712616686757,0,-0.0051567176418459001,-0.026960869029608901,0.0135202247630279,0.0092446690811690008,-0.014269470193116,0.0172810297850053,-0.059545207215119501,-0.51570000000000005
2023-02-06,3244.7006999999999,3250.3514,3226.2112000000002,3238.6977999999999,3263.4059000000002,267053107,349127264.89469999,-0.7571,0.0029012277712355001,1,-0.0135661315325916,-0.045327450868045502,0.0137798798426536,-0.0067072404314344001,-0.0069052059778790002,0.016446128035062402,0.0055728341655994001,-1.3566
2023-02-07,3245.2296999999999,3250.0329999999999,3233.8334,3248.0940000000001,3238.6977999999999,250946450,321257641.9429,0.29010000000000002,-0.0049221789763473,0,-0.020235479654873701,-0.0384041852800193,0.013050507032624,-0.0143718026432484,-0.0059491774153277001,0.0121627093040916,-0.042379803656071802,-2.0234999999999999
2023-02-08,3251.5005999999998,3257.114,3230.4393,3232.1062999999999,3248.0940000000001,234530481,293332736.12580001,-0.49220000000000003,0.0118425251050684,1,0.0036066074329852002,-0.024888828252297102,0.012792653180020101,0.0031207944902874002,0.00048430153712880001,0.0119215009216779,-0.263724117592254,0.36070000000000002
2023-02-09,3227.7278000000001,3270.3825999999999,3225.7723999999998,3270.3825999999999,3232.1062999999999,254754529,351760831.73320001,1.1842999999999999,-0.0029688269500943,0,-0.0007127195556535,-0.035730951813549801,0.012770318139469401,-0.00069487809115080003,-1.7853870766249003e-05,0.0124237629526684,0.063497855210961504,-0.071300000000000002
2023-02-10,3266.4367000000002,3269.9944,3247.2296000000001,3260.6734000000001,3270.3825999999999,260626926,341749872.02389997,-0.2969,0.0072029599775309001,1,0.0160142683165189,-0.0152106077138728,0.0125695478611101,-0.0060737133707205,0.0222229575617192,0.022847724436559101,0.020547966462929501,1.6013999999999999
2023-02-13,3256.9881,3285.0913,3252.6327000000001,3284.1599000000001,3260.6734000000001,297213188,397011413.40570003,0.72030000000000005,0.0027777575629004,1,-0.020067183491210901,-0.021700821819655901,0.0133851318105771,-0.0030021697751979001,-0.0171164000549179,0.019536763168944701,-0.081377755920563205,-2.0066999999999999
2023-02-14,3288.9742000000001,3293.7338,3279.1894000000002,3293.2824999999998,3284.1599000000001,270974168,355558052.4425,0.27779999999999982,-0.0038838453731193001,0,-0.0012269695456720001,-0.0027207409613346002,0.013331087617356401,-0.0132295631705269,0.012163511569539501,0.020303514512690201,-0.0056580053881063004,-0.1227
2023-02-15,3294.0149999999999,3296.1995000000002,3274.5504999999998,3280.4919,3293.2824999999998,269939123,357621816.13050002,-0.38840000000000002,-0.0095907568008320003,0,-0.0023936398918561002,-0.0086831590660464003,0.013299425022167501,0.0033783113357228,-0.0057525174327272,0.0076987699166808001,-0.22977642502544871,-0.2394
2023-02-16,3281.7352000000001,3308.8279000000002,3231.3420999999998,3249.0295000000001,3280.4919,380863545,468382512.2274,-0.95909999999999995,-0.0076962058977919001,0,-0.0142840498329052,-0.022146242726767101,0.0133434312176828,0.0001458764331887,-0.014427821586942001,0.018506888398845001,0.41952785803114701,-1.4283999999999999
2023-02-17,3244.7325000000001,3262.4729000000002,3223.2581,3224.0243,3249.0295000000001,278451237,355625842.54269999,-0.76959999999999995,0.020568703529933102,1,0.0084325661379855005,-0.029443183520807201,0.013541992067572201,0.0064817844559215002,0.0019382185670835,0.020124763539794002,0.017319597457841701,0.84330000000000005
2023-02-20,3230.4728,3291.0387999999998,3225.8427000000001,3290.3382999999999,3224.0243,325007733,397720315.30510002,2.0569000000000002,0.0049190382642414002,1,-0.0127627316419591,-0.022208620688027501,0.0137049447810256,-0.0013836695545525,-0.011394828765048,0.0168165403782315,-0.2899453434073091,-1.2763
2023-02-21,3291.6311999999998,3308.7908000000002,3282.4360000000001,3306.5236,3290.3382999999999,324409449,390691271.55599999,0.4919,-0.0046501709529608,0,0.0080671589169976007,-0.0131097379469883,0.013812238489025,-0.0018504030683678,0.0099359474930940002,0.017703830295741001,0.1603172471675211,0.80669999999999975
2023-02-22,3292.0488999999998,3307.0342999999998,3286.7206999999999,3291.1477,3306.5236,255403985,320515620.00120002,-0.46500000000000002,-0.0011153252101083,0,-0.017114505892671501,-0.0276724752010062,0.0142302379362239,-0.0013146958676609,-0.015820609314700501,0.020981990677437001,0.045535578120151701,-1.7115
2023-02-23,3293.5219000000002,3307.4385000000002,3275.3620999999998,3287.4769999999999,3291.1477,262324304,334364534.37830001,-0.1115,-0.0061802105383548002,0,-0.0051462554598287,-0.018658794349652001,0.0133707057669598,-0.00082807707351710005,-0.0043217571343119,0.0134499200905623,-0.12650813490898291,-0.51459999999999995
2023-02-24,3287.2552999999998,3288.3921999999998,3253.9748,3267.1597000000002,3287.4769999999999,234206306,308004347.73100001,-0.61799999999999977,-0.0027930376344932001,0,-0.0035492835823233001,-0.030318753820695502,0.0117166506985992,-0.0041466247287480001,0.00059982840974170005,0.013610564908459801,-0.020960989030202201,-0.35489999999999983
2023-02-27,3256.9998000000001,3276.5790999999999,3251.7213000000002,3258.0344,3267.1597000000002,242855344,324605090.92479998,-0.27929999999999983,0.0066208324872198002,1,-0.016770877607627702,-0.034255623000403801,0.011720381563673001,-0.0062737852771437,-0.010563364611863101,0.0111471720549251,0.17564227206726621,-1.6771
2023-02-28,3265.7420000000002,3280.4153999999999,3246.1446000000001,3279.6053000000002,3258.0344,251625032,318030137.28640002,0.66210000000000002,0.0099836709008853004,1,-0.0033248309348706002,-0.0451693305296701,0.0106242229301795,-0.0094457582293688003,0.0061792954251116,0.014091426104095601,-0.083013920163086202,-0.33250000000000002
2023-03-01,3279.1363999999999,3315.1604000000002,3272.0351000000001,3312.3478,3279.6053000000002,318398704,384387413.83029997,0.99839999999999995,-0.00051148010483670001,0,-0.0079008158543807001,-0.036218629883158403,0.0105745424258972,0.0038438569740231001,-0.0116997008516909,0.0201559304254867,0.37167829023307952,-0.79010000000000002
2023-03-02,3308.0113000000001,3320.7440999999999,3306.4553999999998,3310.6536000000001,3312.3478,328520016,389390626.87879997,-0.0511,0.0053581866734711001,1,0.042139519274798101,0.0095902631434636003,0.014596497075130501,0.0032361363675418001,0.038777892359534903,0.0416507883881179,0.048849216527498601,4.2140000000000004
2023-03-03,3314.7727,3330.6046000000001,3302.6230999999998,3328.3926999999999,3310.6536000000001,343996919,388860006.70490003,0.53580000000000005,-0.0019128752445586,0,-0.0092266089096306007,0.0038380746240419001,0.0146520438822124,-0.0111393419209095,0.0019342796132617,0.0110244033499986,-0.37170881865525363,-0.92269999999999996
2023-03-06,3332.0234999999998,3333.0619000000002,3308.7255,3322.0259000000001,3328.3926999999999,340530446,431616811.14499998,-0.1913,-0.011115837477365701,0,0.0067588668520851001,0.027861013771086601,0.0146220311716536,0.0133963403829568,-0.006549731103591,0.0112137080471045,0.1108485652612341,0.67589999999999995
2023-03-07,3320.2109999999998,3342.8584999999998,3284.4099000000001,3285.0988000000002,3322.0259000000001,389957956,430081145.22930002,-1.1115999999999999,-0.0005634229326679,0,0.0017333137555583,0.033077427193106801,0.0140316347421076,-0.0063045945212698001,0.0080889055464195003,0.0142335933222932,0.1101442586959589,0.17330000000000001
2023-03-08,3271.8798000000002,3283.2478999999998,3263.6927000000001,3283.2478999999998,3285.0988000000002,260443547,312822175.70069999,-0.056300000000000003,-0.0021790008607025001,0,-0.0033349204661996001,0.037831914986096102,0.0139874115329096,0.0001766716707462,-0.0035109718476835001,0.031397079772598202,0.3801464314453149,-0.33350000000000002
2023-03-09,3285.9427000000001,3289.0599999999999,3259.9998999999998,3276.0936999999999,3283.2478999999998,264021859,328825695.49250001,-0.21790000000000001,-0.014046332069195601,0,-0.0235326144124419,-0.027568767940965001,0.0148065217649674,-0.013518238591870801,-0.0101516076752156,0.014631975097494501,-0.3184422347725579,-2.3532999999999999
2023-03-10,3255.5120999999999,3262.1469999999999,3229.4958999999999,3230.0765999999999,3276.0936999999999,281135410,342198577.58810002,-1.4046000000000001,0.011956032250133,1,-0.0062594601334078001,-0.0246565499039131,0.0141333796570984,0.0015545165513370001,-0.0078018485819933,0.0124510940714419,-0.18669434649822481,-0.62590000000000001
2023-03-13,3228.1239,3268.6954999999998,3228.1239,3268.6954999999998,3230.0765999999999,294928087,364414206.51169997,1.1956,-0.0071536795030310001,0,-0.030403889642241801,-0.060659660805327302,0.0149194490949669,-0.017312280497487301,-0.0133222476326275,0.017853791126452401,0.49216642283471912,-3.0404
2023-03-14,3261.9218999999998,3262.0025000000001,3216.9926999999998,3245.3123000000001,3268.6954999999998,319906033,409976276.12089998,-0.71540000000000004,0.0055472319258765002,1,0.0194643663120759,-0.044032987124809103,0.015847277357308901,0.0047598540780707001,0.0146348524717853,0.0207692371396982,-0.13536492196288741,1.9463999999999999
2023-03-15,3261.0284000000001,3273.1232,3256.8566000000001,3263.3148000000001,3245.3123000000001,305168798,373276384.4095,0.55469999999999975,-0.011161534277967801,0,-0.022746277537993902,-0.062651696074115304,0.016417697338795601,-0.0087053341368819002,-0.0141642479119834,0.026233793004355702,-0.0345250950696857,-2.2746
2023-03-16,3244.4699000000001,3257.433,3224.7222999999999,3226.8912,3263.3148000000001,327389632,392910208.39670002,-1.1162000000000001,0.0073305229503862002,1,0.01516576302112,-0.025503646904806401,0.016808866841997502,0.0143147637463918,0.0008389893405326,0.016331600855363101,-0.1392323464472511,1.5165999999999999
2023-03-17,3245.2604000000001,3279.9227999999998,3240.1570000000002,3250.5459999999998,3226.8912,343001022,431983057.73650002,0.73309999999999975,-0.0048101765057315003,0,-0.017193563723811801,-0.0362260071646021,0.016866882128899401,-0.017497557557957,0.0003094077134195,0.014314322459668301,0.14581686436678601,-1.7194
2023-03-20,3253.9301999999998,3267.9931000000001,3231.6459,3234.9103,3250.5459999999998,392517391,480292404.94389999,-0.48099999999999993,0.0064113678824416001,1,0.0163862463425417,0.0102831688744053,0.017349322156632901,0.012285518938591001,0.0040509592671544,0.015303654307898601,0.35180666757600321,1.6386000000000001
2023-03-21,3240.8388,3255.9996999999998,3237.8933999999999,3255.6505000000002,3234.9103,301810779,388047055.87480003,0.6411,0.0031013771287794001,1,-0.0265326542542264,-0.0352996069754372,0.017920200606374202,-0.0084888303919493004,-0.018198306197004101,0.028376025112469502,-0.42262638718430162,-2.6533000000000002
2023-03-22,3263.4128999999998,3279.3937999999998,3255.7393999999999,3265.7474999999999,3255.6505000000002,290840462,382509081.30940002,0.31009999999999982,0.0064002498662252003,1,0.0135810714441724,0.0005610984228978,0.0181027603248687,0.0062187149848611,0.0073168550233354002,0.0146068225871559,-0.38611072736419222,1.3581000000000001
2023-03-23,3258.7791000000002,3286.6491000000001,3252.9917,3286.6491000000001,3265.7474999999999,306118393,426564792.57910001,0.64000000000000001,-0.0063880868815595002,0,0.0172736977873966,0.0026387074223115001,0.0186509854141211,0.0088063821346754008,0.0083934001634723004,0.0180349098280469,0.2030552878365714,1.7274
2023-03-24,3282.739,3282.739,3260.8444,3265.6536999999998,3286.6491000000001,324513337,430761598.86320001,-0.63880000000000003,-0.0043656190489516,0,0.023388287633929701,0.044039469045626702,0.019480836557373302,0.0014450195825419,0.021911605352568302,0.026938309250524001,0.0682872703612388,2.3388
2023-03-27,3261.8235,3261.8235,3229.7037,3251.3971000000001,3265.6536999999998,337861206,453585768.74049997,-0.43659999999999982,-0.001851850086229,0,-0.0066814167236917002,0.020344194944409401,0.019167245618722201,-0.0064834081808948004,-0.0001993006905241,0.0141568626668608,-0.092796682476878403,-0.66810000000000003
2023-03-28,3256.6023,3264.0978,3241.7368000000001,3245.3760000000002,3251.3971000000001,295682660,396882943.3678,-0.1852,-0.0016390088544441001,0,-0.017473166871530402,0.029839937560228,0.019551239437269701,-0.0032080250335413001,-0.0143110520512257,0.0215548753544944,0.0818306207892225,-1.7473000000000001
2023-03-29,3253.6212,3254.5563999999999,3229.5848000000001,3240.0567999999998,3245.3760000000002,296900508,405542776.86540002,-0.16389999999999991,0.0065405334869439004,1,0.011087665432148701,0.027306534792478802,0.0196475322864922,0.0061642431988651004,0.0048932589948045002,0.016130672552559702,-0.25757664434041933,1.1088
2023-03-30,3243.0682999999999,3263.7379000000001,3220.9845999999998,3261.2485000000001,3240.0567999999998,299898295,401634271.10519999,0.65410000000000001,0.0035605075786159001,1,0.020609411842008801,0.030675147245504901,0.017723096549734502,0.028506443126362802,-0.0076781544122849002,0.016677575797398401,0.29436548618141062,2.0609000000000002
2023-03-31,3263.4061000000002,3278.4231,3260.0396000000001,3272.8602000000001,3261.2485000000001,283613746,396689286.2543,0.35610000000000003,0.0071912023617751002,1,0.0057808878587983,0.012942377020235801,0.017669478961890101,0.0012078801925476,0.0045674906847230001,0.0149982171510074,0.1380675583612021,0.57809999999999995
2023-04-03,3277.3400000000001,3299.7321000000002,3276.4158000000002,3296.3960000000002,3272.8602000000001,357676775,513390565.537,0.71909999999999985,0.0049028696794922002,1,0.0044797586110284001,0.0243240501956247,0.017629905927936802,0.0135283983114984,-0.0089278600535952005,0.0179505473646582,0.020906200531674801,0.44800000000000001
2023-04-04,3297.183,3312.5614999999998,3290.9924999999998,3312.5578,3296.3960000000002,385871617,555811064.01549995,0.49030000000000001,2.1192083048404697e-05,1,0.00044460544575470001,0.043004054132092302,0.017624589942909202,-0.0010102886700118,0.0014563654652958,0.0121803264786317,-0.13850087686607701,0.044499999999999901
2023-04-06,3302.7510000000002,3314.5261999999998,3296.0549999999998,3312.6280000000002,3312.5578,327155424,506500167.1652,0.0020999999999999001,0.0045334701028909002,1,-0.0065945814579517004,0.024763642520843,0.0176689070364958,-0.0021960705917630002,-0.0044081915660496001,0.0116349603462754,-0.093177993977588802,-0.65949999999999975
2023-04-07,3312.4812999999999,3328.8454999999999,3308.0610000000001,3327.6457,3312.6280000000002,283032247,436372798.92580003,0.45329999999999993,-0.0036926707672032002,0,,,,,,,,
2023-04-10,3331.5050999999999,3332.7152000000001,3309.9171000000001,3315.3578000000002,3327.6457,340819845,516434325.40210003,-0.36930000000000002,-0.00053909716773270001,0,,,,,,,,
2023-04-11,3317.0771,3317.4484000000002,3298.2498000000001,3313.5704999999998,3315.3578000000002,320566055,466895849.25459999,-0.053900000000000003,0.0041076838413427004,1,0.0027921649710302,0.0068738733384834001,0.016822071778141601,-0.0063315707000731001,0.0091818713386431008,0.0120535113163817,-0.1194982855018745,0.2792
2023-04-12,3316.8622999999998,3330.7078999999999,3315.3991000000001,3327.1815999999999,3313.5704999999998,343025315,482066170.13480002,0.4108,-0.0026502310544155002,0,0.0075765326198157,0.0086714694327131008,0.0167997280824006,0.0115777720941212,-0.0039554442423366002,0.022495474935075001,0.35747815286988782,0.75770000000000004
2023-04-13,3321.2732999999998,3334.4697000000001,3309.2514999999999,3318.3638000000001,3327.1815999999999,347862106,477587943.37959999,-0.26500000000000001,0.0059633907529968002,1,-0.0085612860771951006,-0.0044239957529640002,0.015254021590507,-0.00018110600608050001,-0.0083816980469719003,0.012589064126170901,-0.26456138448122762,-0.85609999999999975
2023-04-14,3326.3703999999998,3340.0763999999999,3316.8101000000001,3338.1525000000001,3318.3638000000001,338299275,478345417.46130002,0.59630000000000005,0.0142165464280017,1,0.0017045907751208,-0.0031701420635223002,0.0147292804004048,-0.0163418162409786,0.018346217531719802,0.022597398504962601,-0.009483513712885,0.17050000000000001
2023-04-17,3337.0605,3385.6095,3336.3881000000001,3385.6095,3338.1525000000001,402809926,523790271.0223,1.4217,0.0022807414735810001,1,0.0046366385378246002,0.0080997938799256004,0.0135612817870442,0.0038457606190966001,0.00078784804374730001,0.0091189354557108006,-0.1103773070820004,0.4637
2023-04-18,3379.2267000000002,3396.1745000000001,3375.7802999999999,3393.3312000000001,3385.6095,348399486,474287388.94419998,0.2281,-0.0068377940826996001,0,0.016813111917963901,0.022194951601479301,0.0136432195066894,-0.0031459757197216001,0.020022076604541701,0.027672354701668001,0.49169964846801761,1.6813
2023-04-19,3391.3548999999998,3394.9589999999998,3364.6419000000001,3370.1282999999999,3393.3312000000001,346123443,476496941.01719999,-0.68379999999999985,-0.0009190451295281,0,-0.0063486258838586001,0.0080677600067167003,0.0129909527960525,-0.0066902602917365004,0.0003439354253971,0.0088204230011378008,-0.37280348101375083,-0.63490000000000002
2023-04-20,3367.0524999999998,3371.3679000000002,3344.0160000000001,3367.0309999999999,3370.1282999999999,350354965,499672394.21560001,-0.091899999999999801,-0.019534569179790601,0,-0.0136921557869513,0.0028508320589111001,0.0131867849015128,-0.0008479209472306,-0.0128551349779479,0.0143478296661923,-0.073226811949176102,-1.3692
2023-04-21,3363.9987000000001,3367.6093000000001,3301.2575000000002,3301.2575000000002,3367.0309999999999,387395098,530517857.77170002,-1.9535,-0.0078286834638013007,0,0.0014341292316877,0.0025800610288393001,0.0113301018543872,-0.00063482680471470005,0.0020702702994817002,0.0080602874346513004,-0.064579381357804,0.1434
2023-04-24,3300.8125,3303.0907999999999,3264.9349000000002,3275.413,3301.2575000000002,354255626,473265986.26880002,-0.78290000000000004,-0.0032183117060350002,0,-0.015749398072360601,-0.017764243613008601,0.0118578281633204,-0.0032759767749818,-0.0125144182408886,0.019806373201509901,0.19751360075221841,-1.5749
2023-04-25,3276.4029999999998,3288.5684999999999,3229.4461000000001,3264.8717000000001,3275.413,380895729,494240131.3883,-0.32179999999999992,-0.00023618079693590001,0,-0.0057676607525605,-0.039577143214587301,0.0114220221845425,-0.0012881225240626,-0.0044853158648907,0.020506850809410102,-0.1039802819142412,-0.57679999999999976
2023-04-26,3255.2170999999998,3277.9796999999999,3239.9893000000002,3264.1006000000002,3264.8717000000001,357917842,480418149.40280002,-0.023599999999999802,0.0066737526410795001,1,-0.017137326064106301,-0.050005060407708801,0.0108188718382563,-0.0028261608000825001,-0.014351725548181401,0.019170899311320402,-0.023234820939700501,-1.7137
2023-04-27,3256.2278000000001,3299.3009999999999,3253.1116999999999,3285.8843999999999,3264.1006000000002,341590534,466175350.42040002,0.66739999999999977,0.0113790369496871,1,0.0071052529631131,-0.0299733500394741,0.010879037231669501,-0.0049398813735225004,0.0121049312611,0.019510772825605802,-0.1235372644396352,0.71050000000000002
2023-04-28,3283.1224000000002,3324.8807999999999,3283.1224000000002,3323.2746000000002,3285.8843999999999,401554785,514904620.68769997,1.1378999999999999,0.0081799138716974005,1,0.0042014914003806001,-0.027292779270646501,0.0101370467636911,-0.0010588507420307,0.0052659179635545002,0.011018222659304701,0.102453731242745,0.42009999999999992
2023-05-04,3306.4827,3352.7462999999998,3302.0275000000001,3350.4587000000001,3323.2746000000002,483364916,550494850.34669995,0.81799999999999995,-0.0047623031437454,0,-0.011771457639056401,0.0041431591996687004,0.0088498329612055008,-0.0124241176172541,0.00066087071367400003,0.0091924223216734002,0.00084977521892780003,-1.1771
2023-05-05,3350.6538,3364.1417000000001,3321.1871999999998,3334.5028000000002,3350.4587000000001,436504494,499294430.5323,-0.47620000000000001,0.018143874403104301,1,0.0126690681227017,0.0096906100893492005,0.0093174941268959009,-0.00017411909949460001,0.012845423855830601,0.014418888927243601,0.78623183982737455,1.2668999999999999
2023-05-08,3340.9904000000001,3400.1765999999998,3340.9904000000001,3395.0036,3334.5028000000002,534103659,564661993.45299995,1.8144,-0.0109964242747783,0,0.0050419249746726002,0.0105356376018888,0.0094132204465549006,0.005627927191355,-0.00058272269577770003,0.0120478847525631,0.0352232638438447,0.50419999999999976
2023-05-09,3402.3937999999998,3418.9533999999999,3356.1183000000001,3357.6707000000001,3395.0036,573013309,619108477.50129998,-1.0995999999999999,-0.011472268558081001,0,0.0123555374224845,0.020229640550160001,0.0097518700242960003,0.0039338012131089001,0.0083887365872123004,0.011972481846008701,0.255504377418724,1.2356
2023-05-10,3347.7015000000001,3349.7213000000002,3305.2505999999998,3319.1505999999999,3357.6707000000001,451739731,489553667.29650003,-1.1472,-0.0028921254733063001,0,-0.021158267983049601,-0.0033224957998495,0.0108163922295107,-0.0022121463090903001,-0.018988126187220601,0.023651243556323202,-0.060113928553182101,-2.1158000000000001
2023-05-11,3323.6583000000001,3333.2496000000001,3307.2887000000001,3309.5511999999999,3319.1505999999999,354258271,401313953.40429997,-0.28920000000000001,-0.0112369616762538,0,-0.0053041185690455,0.0032001364525189001,0.0106550400494878,-0.00035635945595790001,-0.0049495229223834002,0.0092331325707508006,-0.3734517760975109,-0.53039999999999976
2023-05-12,3304.4582,3319.1307000000002,3271.4310999999998,3272.3618999999999,3309.5511999999999,347314983,387081199.28530002,-1.1236999999999999,0.0117269425487442,1,-0.00093157644391810002,-0.0102733356960568,0.0105338946165644,0.0040876015828197002,-0.0049987451481581001,0.014516096386030001,-0.22757072026511871,-0.093200000000000005
2023-05-15,3269.8780999999999,3310.7366999999999,3235.8679000000002,3310.7366999999999,3272.3618999999999,388045887,431706863.26929998,1.1727000000000001,-0.0059652282224677,0,-0.0059031219436591004,-0.021051597286889202,0.0105547636878988,0.0054219579928674001,-0.011264006963936901,0.013010673229405001,0.031299597048972602,-0.59030000000000005
2023-05-16,3310.1606999999999,3317.9011999999998,3282.4917999999998,3290.9874,3310.7366999999999,322479410,385386011.20230001,-0.59650000000000003,-0.0020526970112373002,0,0.017521057469109001,-0.016056536350392,0.011329238531047401,-0.0052060299868956,0.022846024544866901,0.028802317595341801,0.1218115757256885,1.7521
2023-05-17,3281.9663999999998,3298.5189999999998,3269.8935999999999,3284.232,3290.9874,285744050,340482661.4975,-0.20530000000000001,0.003985071700172,1,0.00035651462886660001,0.0055703814958839,0.0105294691287017,0.0106228340609668,-0.0101584083459178,0.0146105903872238,-0.40497216244917311,0.035700000000000003
2023-05-18,3288.4112,3313.8622,3284.1678999999999,3297.3199,3284.232,309967472,368435070.98820001,0.39850000000000002,-0.0041786057822292,0,-0.020906736075482001,-0.0102028114278773,0.011324995347207101,-0.0011072040844417,-0.019821478412898701,0.0225164866792637,0.27164689988716062,-2.0907
2023-05-19,3288.8910999999998,3302.3424,3268.2242000000001,3283.5417000000002,3297.3199,285404064,359507956.51810002,-0.41789999999999983,0.0039371816109412001,1,0.0085212240747585006,-0.00083773176274660002,0.0112738413428042,0.0072676818722563,0.0012444975899278,0.0134694438863489,-0.074751322923782601,0.85209999999999975
2023-05-22,3278.596,3308.5324999999998,3276.5398,3296.4695999999999,3283.5417000000002,273889998,342448401.63050002,0.39369999999999977,-0.0152379988579297,0,-0.014025269614365701,-0.0090012655880296003,0.011585174700637,-0.0097205641941983008,-0.0043469603270765,0.0130737938638178,-0.073333338176016602,-1.4025000000000001
2023-05-23,3294.7876999999999,3298.2257,3246.2379999999998,3246.2379999999998,3296.4695999999999,275279083,324667932.87290001,-1.5238,-0.012780517016928301,0,0.011701456563997801,-0.0146691749540462,0.0115349905733521,0.001464738565502,0.0102217458131961,0.0203783231031275,-0.1488416999004798,1.1700999999999999
2023-05-24,3237.7044999999998,3237.7044999999998,3204.3813,3204.7494000000002,3246.2379999999998,288720257,342677325.73460001,-1.2781,-0.0010886654663232001,0,-0.0125479147705298,-0.0273797755058626,0.0117814639452268,0.0017933578173173,-0.014315599595403201,0.020613705441105402,0.11823669029898901,-1.2547999999999999
2023-05-25,3197.3643999999999,3207.0210000000002,3168.5716000000002,3201.2604999999999,3204.7494000000002,283588925,347709231.73049998,-0.1089,0.0035121477930332001,1,-0.0162274686394339,-0.022731443920090001,0.0117185790832514,-0.0078152460598261003,-0.0084784840184258005,0.0132467031199743,0.2711104829409976,-1.6227
2023-05-26,3198.8825000000002,3220.7737000000002,3179.8217,3212.5038,3201.2604999999999,261700479,333319265.97310001,0.35120000000000001,0.0027843079905461002,1,,,,,,,,
2023-05-29,3219.7552999999998,3230.9706000000001,3208.9549999999999,3221.4484000000002,3212.5038,297389487,377875996.06400001,0.27839999999999993,0.00085827853086180002,1,-0.0193037953162624,-0.049694204716825702,0.0122076492877935,-0.0097144109650956004,-0.0096834533970269008,0.016184930578841801,0.12000151465931801,-1.9303999999999999
2023-05-30,3214.6727999999998,3230.6316999999999,3186.6255999999998,3224.2132999999999,3221.4484000000002,303532460,376622572.86510003,0.085800000000000001,-0.0060941687697894003,0,-0.0104449157514938,-0.046243374872818502,0.0122206136465465,0.0042759023882323003,-0.0146581413580864,0.019268765215832501,-0.24000700251467141,-1.0445
2023-05-31,3214.6550999999999,3216.3597,3190.2736,3204.5644000000002,3224.2132999999999,294573338,384999190.21569997,-0.60940000000000005,2.187504797834805e-05,1,0.0024079421662637,-0.055004606627547102,0.0122123185072745,0.0012441304051347001,0.001162365626711,0.015997964542283302,0.0217883149191813,0.2407999999999999
2023-06-01,3196.1547,3225.0929999999998,3189.5174000000002,3204.6345000000001,3204.5644000000002,312330759,400981483.17760003,0.0022000000000000001,0.0079366617316265001,1,-0.019440432184076002,-0.061600771952396202,0.0126564146240157,-0.0097215604830772004,-0.0098142818354599003,0.019904515970827701,0.6667352118337817,-1.944
2023-06-02,3212.4488999999999,3233.9915999999998,3211.7370000000001,3230.0686000000001,3204.6345000000001,294667098,377507927.72909999,0.79369999999999985,0.00073447356505050001,1,-0.00095205346855120002,-0.047029885545720101,0.012554196526903001,-0.0024130387451758001,0.0014645192182414001,0.0151017836195251,-0.51120271950136953,-0.095200000000000007
2023-06-05,3231.8108000000002,3244.1801,3221.6253999999999,3232.4409999999998,3230.0686000000001,278060203,357810090.57480001,0.073400000000000007,-0.011477579946548,0,0.040238986743635401,0.010829512261214,0.0156041836122164,0.019207428702233201,0.020635208740757902,0.026163053997631702,0.35258869644501972,4.0239000000000003
2023-06-06,3228.4068000000002,3247.3490000000002,3189.2692000000002,3195.3404,3232.4409999999998,308285872,387492228.83569998,-1.1477999999999999,0.00075682077565180001,1,0.0083673088146980004,0.030046180525046502,0.015705602487775201,0.0034311454284287001,0.0049192846053844001,0.012014286061063801,-0.57659883684869051,0.8367
2023-06-07,3197.4677000000001,3210.3294999999998,3188.0052999999998,3197.7586999999999,3195.3404,258063400,331083866.65170002,0.075700000000000003,0.0049493415497548002,1,-0.00048250778449380002,0.0270760355306418,0.0153337384844714,0.00045058481827430001,-0.00093267235476490002,0.0179778632545727,0.076753670692649906,-0.048300000000000003
2023-06-08,3194.8348000000001,3225.5263,3180.5354000000002,3213.5855000000001,3197.7586999999999,293530741,353551633.15560001,0.49490000000000001,0.0055452079927544003,1,0.0079961129424773007,0.0558141345938169,0.014888545295407901,0.0119308162401934,-0.0038883125551362001,0.0112250304723528,-0.0486905705450641,0.79959999999999976
2023-06-09,3213.0329999999999,3231.4054999999998,3206.1026999999999,3231.4054999999998,3213.5855000000001,314155501,413341768.4127,0.55449999999999977,-0.0007959075393043,0,0.0024506544774569,0.059410185371723101,0.014884360432061801,-0.0012549345522543001,0.0037102451445402002,0.0130978599626012,0.025661672638113298,0.24510000000000001
2023-06-12,3225.3049000000001,3239.4367999999999,3210.7134999999998,3228.8335999999999,3231.4054999999998,313784444,403241619.62339997,-0.079600000000000004,0.0014989313788109,1,0.0047033086379835,0.0232195985844811,0.014940547287295301,0.0017746868001643,0.0029234336586938,0.01204610765846,-0.099290990556651401,0.4703
2023-06-13,3223.8957999999998,3235.0853999999999,3215.4989,3233.6734000000001,3228.8335999999999,280628454,377193491.38940001,0.14990000000000001,-0.0014487239187482,0,0.00074058984164480002,0.0154805453070622,0.014894865886037801,0.0026322914705813002,-0.0018867351919833,0.0095585599756575004,-0.17099396126068631,0.074099999999999902
2023-06-14,3238.1188999999999,3248.4609,3226.7743,3228.9886999999999,3233.6734000000001,303537260,404009517.76099998,-0.1449,0.0074284558505888004,1,0.0060352571155581,0.0221024038602501,0.014377271304856901,-0.0025076903017937002,0.0085644243412128004,0.0154089478059254,0.37905690110760643,0.60350000000000004
2023-06-15,3230.4512,3252.9751000000001,3229.1451999999999,3252.9751000000001,3228.9886999999999,313255752,437522981.54820001,0.74280000000000002,0.0062585784932690002,1,-0.0057885133356077,0.0081248701433615008,0.0144114638539582,0.0013400664500841,-0.0071190397993000001,0.014795030279559401,0.0065958674981025003,-0.57889999999999975
2023-06-16,3256.2988999999998,3276.5522000000001,3255.4987999999998,3273.3341,3252.9751000000001,326281846,444375632.39569998,0.62590000000000001,-0.0053549070961011001,0,0.0216658543044718,0.0274488346136985,0.0145141923438985,0.011251817510132101,0.0102981637353005,0.016561883965825201,0.068066864252985401,2.1665999999999999
2023-06-19,3271.1635000000001,3271.1635000000001,3251.7788999999998,3255.8056999999999,3273.3341,327753047,455226178.21880001,-0.53549999999999975,-0.0047425741652826004,0,0.0106637174389728,0.033544181392938001,0.014582076641527501,0.0043633238724044001,0.0062730223384470001,0.0140955735360271,0.29864581144037472,1.0664
2023-06-20,3252.5435000000002,3252.8434999999999,3237.7856999999999,3240.3647999999998,3255.8056999999999,298260596,433243981.45990002,-0.4743,-0.013104604765488,0,-0.0063611599985429002,0.026209641053971802,0.0142668391635532,-0.0028427618851347,-0.0035284285957345,0.0140611176340557,-0.6309889358563705,-0.6361
2023-06-21,3230.1142,3236.3625999999999,3197.9011,3197.9011,3240.3647999999998,294377372,406234561.35979998,-1.3105,-0.014785385326644401,0,-0.0153573891082608,0.0043880004630810002,0.014506654929709,-0.0024622242175794001,-0.0129269940484879,0.018040073540304701,0.1071691161441474,-1.5357000000000001
2023-06-26,3177.2293,3181.0758000000001,3144.2483999999999,3150.6188999999999,3197.9011,308129811,398859657.40780002,-1.4784999999999999,0.0123225947765375,1,-0.017086794651985902,-0.047352553744732302,0.0149701865140531,-0.0043359601630731,-0.0128063623659656,0.0175915206040059,-0.16663055030683971,-1.7087000000000001
2023-06-27,3153.3132000000001,3194.4086000000002,3148.2656999999999,3189.4427000000001,3150.6188999999999,287604327,354487810.60039997,1.2323,-2.0975451291316283e-05,0,-0.0050735919644128002,-0.062186476596988803,0.0143543711449715,-0.0023329841180266,-0.0027470165924684,0.0124124072192807,0.20131746239844081,-0.50739999999999985
2023-06-28,3183.4865,3192.6588999999999,3157.1228999999998,3189.3757999999998,3189.4427000000001,276231948,360118192.47839999,-0.0020999999999999001,-0.0021930937081795,0,0.018835668370922001,-0.038405274171654402,0.0146981585611368,0.0030610621507883001,0.0157264665286771,0.020426590642929301,-0.0031587762172087001,1.8835999999999999
2023-06-29,3185.4241999999999,3196.5025000000001,3179.5250999999998,3182.3811999999998,3189.3757999999998,250340074,340636710.9113,-0.21929999999999991,0.0061843942517005,1,0.0012492081472183,-0.0221873935333564,0.014697450288932001,-0.0025454182732204001,0.0038043099805803002,0.010594768261966101,-0.2065503885467769,0.1249
2023-06-30,3178.9241999999999,3212.9928,3177.9913000000001,3202.0623000000001,3182.3811999999998,265379873,359739563.35409999,0.61839999999999995,0.0130892831160718,1,-0.0123977352447963,-0.0147770230014542,0.01424343885271,0.00042927073526310001,-0.012821502084432401,0.017888540870694501,0.0090071476708785004,-1.2398
2023-07-03,3209.1623,3246.8604999999998,3209.1623,3243.9749999999999,3202.0623000000001,312371395,421353472.35640001,1.3089,0.00042361608828660001,1,-0.00094695569324760003,0.0014007433574536,0.014243383647358601,-0.0027954470074509001,0.0018536731592893,0.0122259215521412,0.1007629221104604,-0.094700000000000006
2023-07-04,3241.2305000000001,3246.9576000000002,3233.9895000000001,3245.3492000000001,3243.9749999999999,279248721,387115944.0596,0.0424,-0.0069028935314573003,0,0.0206254562832415,0.0272670243315331,0.0119633762411363,0.0045526560772829001,0.0159999579003871,0.019515310235599301,0.1693023951064134,2.0625
2023-07-05,3240.0486000000001,3241.8353000000002,3218.6021999999998,3222.9468999999999,3245.3492000000001,264016426,351234984.74059999,-0.69030000000000002,-0.0053901291392667002,0,0.0056504022719703001,0.0139726438038596,0.011890527778792201,-0.00090798012492080001,0.0065643426895867002,0.010146276478653101,-0.108175081098027,0.56499999999999995
2023-07-06,3215.8633,3229.4798999999998,3199.7163999999998,3205.5747999999999,3222.9468999999999,246119032,320808312.5891,-0.53900000000000003,-0.0027968774898029002,0,-0.015724404192899701,-0.0032166617550025002,0.0124564048500364,-0.0031222187427891001,-0.012641655463739101,0.0145912994033688,0.20213735159187241,-1.5724
2023-07-07,3197.4715999999999,3212.0472,3189.2114000000001,3196.6091999999999,3205.5747999999999,255688469,313607453.15899998,-0.2797,0.0022169115949488001,1,-0.030210283625966401,-0.021194801408656001,0.0140143944387165,-0.0141268776445052,-0.016313870027244701,0.025636852851696101,0.29800353398268692,-3.0209999999999999
2023-07-10,3208.7348999999999,3216.5347999999999,3192.6579000000002,3203.6958,3196.6091999999999,236560367,311462495.60140002,0.22170000000000001,0.0055157546481161002,1,-0.0090298143047150004,-0.029113844419903601,0.0140658199945161,-0.0052657279832514,-0.0037840118988079,0.013922155284748,-0.28548058891399991,-0.90300000000000002
2023-07-11,3211.1221999999998,3221.6804000000002,3200.3845000000001,3221.3665999999998,3203.6958,227600467,309950254.6796,0.55159999999999976,-0.0078329799532905007,0,0.0062083122342191004,-0.0428283813972326,0.0141096759223251,0.020788752947069802,-0.0142835044672622,0.019796686213974801,-0.23188522517671101,0.62080000000000002
2023-07-12,3220.3757999999998,3224.3312000000001,3193.4366,3196.1336999999999,3221.3665999999998,271423386,365433182.29360002,-0.7833,0.0126234706639463,1,0.0097463597933301008,-0.038929875234861501,0.0143536277736327,0.010373533798130901,-0.00062073479146180003,0.012601922539951901,0.079419922709742699,0.97460000000000002
2023-07-13,3202.6992,3238.4675000000002,3202.6992,3236.48,3196.1336999999999,276620508,373242517.8247,1.2623,0.00037732351196350001,1,0.0107782332422106,-0.0130520690849684,0.014528980542807201,0.0073516211026570001,0.0034016048297044001,0.0103205656214445,-0.15111436161216751,1.0778000000000001
2023-07-14,3240.9695000000002,3248.3849,3233.9985000000001,3237.7012,3236.48,273327494,368337829.10750002,0.0376999999999999,-0.0086701638804717006,0,0.025962106892812802,0.044114163615810602,0.015734072905767001,0.0169853586378205,0.0088268215257454007,0.0109066616474778,0.40630392287930822,2.5962000000000001
2023-07-17,3219.0162,3219.0162,3195.8861999999999,3209.6298000000002,3237.7012,250208376,322074497.06290001,-0.86699999999999977,-0.0036794586092141002,0,,,,,,,,
2023-07-18,3206.7860000000001,3210.2482,3190.0048999999999,3197.8200999999999,3209.6298000000002,235030259,307331649.30989999,-0.3679,0.00031762262048440001,1,0.0032639781050942001,0.057067250363449,0.0149152265554469,0.0095190748410126005,-0.0061961154492337,0.0087966173693659003,-0.1040223217109517,0.32640000000000002
2023-07-19,3195.0084999999999,3204.3611999999998,3181.5610999999999,3198.8357999999998,3197.8200999999999,217355860,281206091.15899998,0.031800000000000002,-0.0091638964400734008,0,-0.020503992524897,0.029004768470517701,0.015261973587928201,-0.0046070368573249004,-0.015970532499428002,0.0177410066457949,0.051942422719838101,-2.0503999999999998
2023-07-20,3201.9110999999998,3209.0554000000002,3165.6738999999998,3169.5219999999999,3198.8357999999998,238932891,302376024.11019999,-0.91639999999999999,-0.00056058926235560004,0,-0.0033346094704802,0.015674312145394501,0.0152367612600816,-0.0099459815352771,0.0066777892332068002,0.0154288136341931,-0.2675369929759927,-0.33350000000000002
2023-07-21,3163.4209999999998,3185.6356999999998,3157.3335000000002,3167.7451999999998,3169.5219999999999,225331363,280673190.40420002,-0.0560999999999999,-0.0011315304021294,0,-0.0012816379639211,0.0035560244844505002,0.0149266694480359,0.0026893819275853,-0.0039603689468342002,0.017252778157385702,-0.092414965935743401,-0.12820000000000001
2023-07-24,3157.4694,3178.7334999999998,3151.1251999999999,3164.1608000000001,3167.7451999999998,216595211,260119088.90900001,-0.1132,0.021288583058104701,1,0.0077789435979038002,-0.014230035006630301,0.014425863688138,-0.00049239170288280004,0.0082754100440303006,0.014968285113815301,-0.099307191289453201,0.77790000000000004
2023-07-25,3201.4575,3231.7485999999999,3201.4575,3231.5212999999999,3164.1608000000001,348617714,410846601.11049998,2.1288999999999998,-0.0026282976999098002,0,-0.0213423041153828,-0.038407255052854,0.014715366978424601,-0.0108858280306531,-0.0105715562278421,0.020153853735152098,0.30141781228248182,-2.1341999999999999
2023-07-26,3228.0873000000001,3229.8921,3212.8800999999999,3223.0279,3231.5212999999999,317206051,328306929.37309998,-0.26279999999999992,-0.0019723689019258001,0,0.0410458454640657,0.0220175728292171,0.017338608422025101,0.027004818367111601,0.0136718220263839,0.0189333169060673,0.50614214806778435,4.1045999999999996
2023-07-27,3225.4762999999998,3245.6028000000001,3210.4699000000001,3216.6709000000001,3223.0279,327118867,332145068.26749998,-0.1971999999999999,0.018421157103761798,1,-0.0035637838060347,0.021782568984994401,0.016899429927900202,-0.0048177458527147001,0.0012600325633362001,0.0081731362944057005,-0.54125844865714612,-0.35639999999999977
2023-07-28,3206.741,3280.2777000000001,3200.9938999999999,3275.9256999999998,3216.6709000000001,411068434,436923617.4084,1.8421000000000001,0.0046136882774845001,1,0.014147586849359101,0.0375681133050366,0.017165565080318902,0.0070719860532895001,0.0070259136328465,0.0104992786006194,0.34898076544572371,1.4148000000000001
2023-07-31,3287.2089000000001,3322.1291000000001,3281.0133000000001,3291.0398,3275.9256999999998,459030994,511505348.41790003,0.46139999999999992,-2.7498907791967401e-05,0,0.0141274222711722,0.044104248120340403,0.017072445127798201,-0.011234215807131701,0.025649793392685801,0.028447826810889001,0.021586999526849601,1.4127000000000001
2023-08-01,3288.7604000000001,3305.3402000000001,3279.5655999999999,3290.9493000000002,3291.0398,459890833,441023318.58850002,-0.0027000000000000001,-0.0088907477243722003,0,0.0081530143759763005,0.075572030436866902,0.0170922308170912,0.016115734845776501,-0.0078364306316037,0.0171334808822406,0.33533355875284693,0.81530000000000002
2023-08-02,3281.8582999999999,3290.8202999999999,3252.3036000000002,3261.6903000000002,3290.9493000000002,405341499,388952703.97350001,-0.8891,0.0057553900810263002,1,-0.0033776683430499,0.029675215082533901,0.0166353244189829,0.0065870011066321002,-0.0098994616846105003,0.021887111570630401,-0.36192910641361542,-0.33779999999999982
2023-08-03,3254.5650999999998,3280.8636000000001,3247.2719000000002,3280.4625999999998,3261.6903000000002,384691317,389530671.96710002,0.57550000000000001,0.0023233308619338001,1,-0.0246732816553995,0.0078615491548215,0.017630029619205002,-0.0054144895438135001,-0.0193636363179597,0.025278445184477302,-0.0185567180746346,-2.4672999999999998
2023-08-04,3296.0944,3315.0491999999999,3281.7343000000001,3288.0841999999998,3280.4625999999998,470927697,497188089.38929999,0.23230000000000001,-0.0058554157463483001,0,-0.0049448235367658003,-0.0111125198646986,0.0172720011118393,-0.0058020082613547,0.00086218714150680003,0.0144025478829637,-0.1730825006032716,-0.4945
2023-08-07,3276.7755999999999,3276.7755999999999,3258.5372000000002,3268.8310999999999,3288.0841999999998,360341484,393056934.18150002,-0.58550000000000002,-0.0025120600449499001,0,0.0061063175851545004,-0.018933992617199,0.0156574868723286,0.012886137438745201,-0.0066935656467117001,0.020379107630090602,0.1078691632566481,0.61060000000000003
2023-08-08,3260.7217999999998,3274.5185999999999,3246.6745000000001,3260.6196,3268.8310999999999,316520733,355750325.3405,-0.25119999999999992,-0.0049478019453724001,0,-7.8814870011822982e-05,-0.026944649468547601,0.015428911475663601,-0.0033163659589363001,0.0032483237191303,0.0117439274166226,-0.1965097284432637,-0.0079000000000000008
2023-08-09,3251.1520999999998,3257.0816,3240.2887999999998,3244.4866999999999,3260.6196,271218538,309778299.57359999,-0.49480000000000002,0.0031046513459277001,1,-0.018105816791142301,-0.041324523564897901,0.016122609220059501,-0.0117397348335953,-0.0064417058764123002,0.013214815087788,0.42733481386602712,-1.8106
2023-08-10,3242.2057,3257.0297999999998,3234.1158,3254.5596999999998,3244.4866999999999,287412142,307263291.73320001,0.3105,-0.020067752943662202,0,0.0032245335607430001,-0.013902993127151301,0.0160232323140003,-0.0064944170115254002,0.0097824820903709003,0.0111748384214694,-0.43296083918967532,0.32250000000000001
2023-08-11,3254.4751000000001,3254.4751000000001,3189.248,3189.248,3254.5596999999998,330137750,339187129.84069997,-2.0068000000000001,-0.0033929001444854001,0,0.0001158680517486,-0.0088878613573954001,0.015880949561598901,-0.0062885696426743,0.0064449673202613003,0.014796817837237001,0.137631728798155,0.0115999999999999
2023-08-14,3159.7138,3180.5066999999999,3141.6550999999999,3178.4272000000001,3189.248,299840327,322632054.39649999,-0.33929999999999982,-0.00070833775900220003,0,-0.0089914620854040003,-0.023760636169065,0.014897942323933501,0.0037224143896642001,-0.0126667256731527,0.0153972359059989,0.25820668987778622,-0.89910000000000001
2023-08-15,3180.5578999999998,3186.2339999999999,3147.3458999999998,3176.1758,3178.4272000000001,273251922,300827985.37459999,-0.070800000000000002,-0.0082010888691991003,0,-0.015813210772736602,-0.0391223835495281,0.0152434486516612,-0.0198089770010152,0.0040765178771513004,0.0124879490060126,0.14546065686949561,-1.5812999999999999
2023-08-16,3164.7019,3176.6260000000002,3149.7226000000001,3150.1277,3176.1758,281728292,303611332.63840002,-0.82010000000000005,0.0043209676864846003,1,-0.010250591923211001,-0.031435292743965303,0.0147369950557591,-0.0092870021919133003,-0.000972622478386,0.012359942578787701,-0.37707173367872743,-1.0250999999999999
2023-08-17,3137.3514,3167.4457000000002,3123.2494999999999,3163.7393000000002,3150.1277,294692586,320785474.10759997,0.43209999999999982,-0.0100470667731693,0,-0.0135519352718971,-0.047632161022299002,0.014995088591760601,-0.0120800102900201,-0.0014899232703136,0.0096393595431059007,0.0565530739518234,-1.3552
2023-08-18,3165.0998,3179.1158999999998,3131.953,3131.953,3163.7393000000002,294390352,320449006.93669999,-1.0046999999999999,-0.012444407690664501,0,-0.0001456684106865,-0.047881211080897601,0.0149983646359037,-0.016704947815792001,0.016840600762021402,0.027193073385235501,0.1128486716438724,-0.0146
2023-08-21,3125.9897000000001,3134.9571000000001,3092.9776999999999,3092.9776999999999,3131.953,265753423,293721061.62120003,-1.2444,0.0088445836515406006,1,-0.020504588132133302,-0.058942532158264102,0.0154046303233302,-0.0064196199737758001,-0.0141759725146604,0.021825070948668601,-0.035920928154272502,-2.0505
2023-08-22,3103.7806999999998,3126.7838000000002,3074.5306999999998,3120.3337999999999,3092.9776999999999,309316335,348637687.60680002,0.88449999999999995,-0.013438209719742101,0,-0.018247603873911101,-0.0612702445728164,0.0152243444165978,-0.0084887345167498005,-0.0098424190393893007,0.0156137453101106,0.0298667815240172,-1.8248
2023-08-23,3116.2660999999998,3116.3764999999999,3077.6055999999999,3078.4020999999998,3120.3337999999999,272244124,297986364.37699997,-1.3438000000000001,0.0012479851153946,1,0.0095169517155986004,-0.042521679275350201,0.0116652764761913,0.0010537192544636,0.0084543239771767004,0.0222183258631048,-0.081605299357644101,0.95169999999999999
2023-08-24,3085.9106999999999,3106.1824000000001,3072.9511000000002,3082.2438999999999,3078.4020999999998,300024637,332447831.26160002,0.1247999999999999,-0.0058947963203040002,0,0.0030863902611486002,-0.026371983654585901,0.011782839049243401,-0.0015878806206055,0.0046817048701889002,0.015161590039013901,-0.1470274370550636,0.30859999999999982
2023-08-25,3068.6149999999998,3085.047,3053.0373,3064.0747000000001,3082.2438999999999,293347686,317757173.39969999,-0.58950000000000002,0.0112796205653864,1,0.020522898231080201,-0.0062455563297781,0.0123714617194178,0.0082265302097061007,0.012196036954925601,0.0183761890673051,0.0986533479425587,2.0522999999999998
2023-08-28,3219.0432000000001,3219.0432000000001,3089.1194,3098.6363000000001,3064.0747000000001,485607764,517234120.90859997,1.1279999999999999,0.0120215463815485,1,-0.0140450039726182,0.00030806340646800001,0.0118277087237047,-0.0095853486981506003,-0.0045028163392024003,0.0099532345678741002,-0.1115515880820953,-1.4045000000000001
2023-08-29,3091.9378999999999,3145.761,3090.4376999999999,3135.8867,3098.6363000000001,398875780,443979436.97509998,1.2021999999999999,0.00039886645139300002,1,0.0097101977124565003,0.028794283019799301,0.0119242746766632,0.031337051231929702,-0.020969724197962201,0.025127559118263101,0.1905966051190208,0.97099999999999997
2023-08-30,3144.4067,3153.6889999999999,3126.9023999999999,3137.1374999999998,3135.8867,347511867,414729469.59930003,0.039899999999999901,-0.0055021815269490001,0,0.0194856911521534,0.038953381511223802,0.0131256706339872,0.0072225402824152001,0.01217521488975,0.0189666831028408,0.0281981050945532,1.9486000000000001
2023-08-31,3134.5529000000001,3139.9801000000002,3113.9459000000002,3119.8764000000001,3137.1374999999998,313448242,362507128.77670002,-0.55020000000000002,0.0042855223367181004,1,-6.3297884714486052e-05,0.035691071124380302,0.0121941874821473,0.0095179460323316003,-0.0094909099483597003,0.0170374101318813,0.068403545194174201,-0.0063
2023-09-01,3126.0234,3143.8456999999999,3123.1896000000002,3133.2467000000001,3119.8764000000001,292310992,334739632.92470002,0.42859999999999993,0.0139834504573164,1,,,,,,,,
2023-09-04,3145.9434999999999,3177.0603000000001,3143.3793000000001,3177.0603000000001,3133.2467000000001,366391140,404500273.01749998,1.3983000000000001,-0.0071421370252242001,0,-0.0054537014293242004,0.0093283776727322004,0.0121997602696395,0.0052811090924239001,-0.0106784166385457,0.0191756037756062,0.21435809150187871,-0.5454
2023-09-05,3169.7384000000002,3169.7384000000002,3150.0753,3154.3692999999998,3177.0603000000001,294061849,342760613.42799997,-0.71419999999999995,0.001175385520015,1,0.025138640609376602,0.0494409229477209,0.01358441796143,0.0114497504632231,0.013533930024585,0.017628056920715101,-0.0085236362777541003,2.5139
2023-09-06,3147.1363000000001,3162.1547,3136.8998000000001,3158.0769,3154.3692999999998,267002230,324001129.69330001,0.1174999999999999,-0.011312137459350601,0,-0.0205501333038988,0.017989888995153702,0.0142108466243111,-0.0067256911425076001,-0.0139180506715134,0.0155899758864284,-0.55662152833427925,-2.0550000000000002
2023-09-07,3152.2028,3152.2662,3120.8229000000001,3122.3523,3158.0769,269264733,317186963.33399999,-1.1312,-0.001804152593543,0,-0.0003754691332406,-0.0018421307474614,0.013747718517059601,-0.002807620560538,0.0024389992116311001,0.012813087347773901,0.015946954017854401,-0.037499999999999901
2023-09-08,3114.2296000000001,3126.0412000000001,3104.6743000000001,3116.7190999999998,3122.3523,228125064,270006714.93430001,-0.1804,0.0083613245736517006,1,,,,,,,,
2023-09-11,3119.6100999999999,3155.1026000000002,3113.8164000000002,3142.779,3116.7190999999998,290442917,351883735.97659999,0.83609999999999995,-0.0018199497960245,0,-0.0134368709342774,-0.0151919129398805,0.0139270676134169,-0.00067750750949300003,-0.0127680138500488,0.0143111266245275,-0.1026686504405649,-1.3436999999999999
2023-09-12,3140.3409000000001,3147.5140999999999,3134.3175999999999,3137.0592999999999,3142.779,234672051,281897501.76059997,-0.182,-0.0044603555948081004,0,-0.0058026367330746001,-0.01553743160451,0.0139271297195852,-0.0143071639654169,0.0086279689995066005,0.017703480977713001,0.17224517600387121,-0.58030000000000004
2023-09-13,3137.7718,3143.7577000000001,3106.9693000000002,3123.0668999999998,3137.0592999999999,249701038,282015557.21069998,-0.44600000000000001,0.001115634122343,1,-0.0038991072834726002,-0.043423002139654901,0.0138579858514284,-0.0044699374739243002,0.00057339322230310003,0.0140121405026954,-0.29015792930178641,-0.38990000000000002
2023-09-14,3124.8481999999999,3135.0250000000001,3111.8588,3126.5511000000001,3123.0668999999998,263990138,281641855.53310001,0.1116,-0.0028170657437840002,0,-0.00092478096781900001,-0.024255956170344602,0.0135140365662161,0.0058366050164513003,-0.0067221514414457003,0.0136220735841614,-0.0112856694924019,-0.092499999999999902
2023-09-15,3133.5882999999999,3141.9641999999999,3107.4479999999999,3117.7433999999998,3126.5511000000001,292026365,326091455.87159997,-0.28170000000000001,0.0026264188387023,1,0.0021488992860321,-0.021791893541348001,0.0133990349416043,0.0051495844906107001,-0.0029853120877518001,0.013599145326671501,0.076267435430166203,0.21490000000000001
2023-09-18,3110.4404,3128.7008999999998,3098.4960000000001,3125.9319,3117.7433999999998,259444257,299644725.42739999,0.2626,-0.00031197096776150002,0,0.0074784241064896001,-0.0010537263069529,0.0132166386641786,0.0058782397085093002,0.0015908330996842,0.0189417949547649,0.32290730991815941,0.74780000000000002
2023-09-19,3123.9861999999998,3131.1298000000002,3113.5254,3124.9567000000002,3125.9319,253652761,274062664.3567,-0.031199999999999901,-0.0052444886676348001,0,-0.013877881898862,-0.0091675439105458004,0.013559463916964,-0.0062613808915962001,-0.0076644913066771002,0.0120998367146255,-0.4973078551629761,-1.3877999999999999
2023-09-20,3118.6671000000001,3122.1277,3108.1578,3108.5679,3124.9567000000002,228124462,243019998.65740001,-0.52439999999999976,-0.0076777798548328001,0,0.0037154465423535001,-0.0015932639109637,0.012785730842527401,0.0006424788977471,0.0030709945953836001,0.0096171060006524003,0.0499706769641877,0.3715
2023-09-21,3103.1754000000001,3113.4938999999999,3084.701,3084.701,3108.5679,228659100,243536277.53659999,-0.76780000000000004,0.0154733311267445,1,-0.0061993080023137002,-0.0068642617503702,0.0121379120216725,-0.0032182837635027,-0.0029906489959167001,0.0090114167949736004,-0.0705326600140114,-0.61990000000000001
2023-09-22,3084.7566999999999,3132.5578,3078.8006999999998,3132.4315999999999,3084.701,285978351,321443778.94319999,1.5472999999999999,-0.0053710670011117003,0,-0.0128701301605759,-0.021748212536403001,0.0123234264491118,-0.0050207988549447,-0.0078889400869868002,0.0111793845328084,0.21102517303031471,-1.2869999999999999
2023-09-25,3131.2078999999999,3131.2078999999999,3112.1505000000002,3115.6071000000002,3132.4315999999999,258071885,294635829.63789999,-0.53710000000000002,-0.0042799042279754,0,0.0227714904383415,-0.0068987933161338,0.0133521881179306,-0.0043697654146802002,0.027260377306969001,0.0285963339282405,-0.0616226491330173,2.2770999999999999
2023-09-26,3114.0214000000001,3120.2889,3102.2725999999998,3102.2725999999998,3115.6071000000002,222644313,270006131.01889998,-0.42799999999999983,0.0016255824842729,1,-0.018173108606143101,-0.0112244186597733,0.0131262646474016,-0.00058480017942740003,-0.017598600091206701,0.017964884299831702,-0.2146872238301912,-1.8172999999999999
2023-09-27,3104.0394999999999,3125.4470000000001,3103.8440999999998,3107.3155999999999,3102.2725999999998,240495830,293421022.40700001,0.16259999999999991,0.0010168584098764,1,-0.0147998030377978,-0.029464076852082601,0.013165979670546901,-0.0038038748308590001,-0.0110379150541985,0.019106236064726601,0.20698578423875691,-1.48
2023-09-28,3117.7548999999999,3121.8352,3105.9396999999999,3110.4753000000001,3107.3155999999999,236329981,288396222.75440001,0.1017,-0.0043571797532037,0,0.0082996982864729004,-0.0153044907635192,0.013107552771038301,0.0002982784581122,0.0079990338888662003,0.0104884095059798,-0.19467262997771501,0.82999999999999985
2023-10-09,3099.9998000000001,3103.3597,3072.6417999999999,3096.9223999999999,3110.4753000000001,264422205,302662162.12379998,-0.43569999999999992,-0.0070025325787948,0,0.015807601660753502,0.0065014565680251001,0.0136747877278142,0.0090717543469307008,0.0066752907162509001,0.0135803279564675,0.047509104441486302,1.5808
2023-10-10,3104.3651,3109.9821999999999,3073.1864,3075.2361000000001,3096.9223999999999,255327379,293653291.71649998,-0.70030000000000003,0.0012095006298864001,1,0.0017968681194877,-0.016410195365885501,0.013461465679917101,0.00082294501080280001,0.00097312228255730002,0.0106044957159964,0.067825124569544801,0.1797
2023-10-11,3085.6988999999999,3095.6594,3071.9360000000001,3078.9555999999998,3075.2361000000001,259918692,326562386.1706,0.121,0.0094009475160994008,1,0.0084104947081187001,0.019243307741751502,0.0136149539729841,0.0119441241280097,-0.0034919214763325002,0.015904757555345001,0.26811695766215132,0.84099999999999975
2023-10-12,3101.7051000000001,3109.9897999999998,3092.1770999999999,3107.9007000000001,3078.9555999999998,274827998,325865894.36830002,0.94010000000000005,-0.0063713747353638002,0,0.0129280209773938,0.040548179094478602,0.013949889874997,0.0165357749594814,-0.0035490674022086001,0.0075144086549865001,0.239577767945617,1.2927999999999999
2023-10-13,3091.9971999999998,3094.9153000000001,3080.5481,3088.0990999999999,3107.9007000000001,255085235,309538085.32489997,-0.6371,-0.0046261792570062004,0,0.019287323046313701,0.059506665264696501,0.0146167048372789,0.020407866719573502,-0.0010981331189280001,0.0064583554554549002,0.64346615224455295,1.9287000000000001
2023-10-16,3091.0646999999999,3091.1257000000001,3063.6855999999998,3073.8130000000001,3088.0990999999999,263882363,314394203.02969998,-0.46260000000000001,0.0031502892336000001,1,-0.0232895662458102,0.0187275748914272,0.0155632120382525,-0.015979638352667101,-0.0074286347905500004,0.0129793439158775,-0.59043228035147155,-2.3290000000000002
2023-10-17,3076.4283,3084.0725000000002,3064.8897000000002,3083.4964,3073.8130000000001,259019588,300026228.4522,0.315,-0.0080384721707474002,0,-0.0097168151031945,0.0070193065180903002,0.015571979533033501,-0.00056923279881190001,-0.0091527923740022006,0.0144093367651971,-0.1163800006405431,-0.97170000000000001
2023-10-18,3076.5796,3076.5796,3057.0587999999998,3058.7098000000001,3083.4964,268647155,310306035.77719998,-0.80379999999999985,-0.017431009636808301,0,0.0075383949080403004,0.0061484098539858001,0.0154040911723572,0.0094028693291972002,-0.001847106321776,0.0081472260203303004,-0.095589602903808801,0.75380000000000003
2023-10-19,3043.1954999999998,3043.1954999999998,3004.7745,3005.3933999999999,3058.7098000000001,304038910,355069176.97640002,-1.7431000000000001,-0.0074316061251746002,0,-0.0022966983133164,-0.0089744091297761005,0.0153796860619213,-0.0025369457850915001,0.00024085851677410001,0.0115504457800278,0.1127465249846242,-0.2296999999999999
2023-10-20,2995.3575000000001,3006.2746000000002,2977.1731,2983.0585000000001,3005.3933999999999,267113594,307388393.3272,-0.74319999999999975,-0.014671921452428901,0,-0.0246231218123538,-0.051667351127111703,0.0162576502267382,-0.0108309478855797,-0.013943191911728501,0.0139912432073951,0.15944561890069761,-2.4622999999999999
2023-10-23,2969.7858000000001,2973.6610999999998,2923.5113000000001,2939.2912999999999,2983.0585000000001,278904128,304028962.45599997,-1.4672000000000001,0.0078088211263716003,1,,,,,,,,
2023-10-24,2944.3105,2964.7604999999999,2929.0882999999999,2962.2437,2939.2912999999999,310985389,339902176.87760001,0.78090000000000004,0.0040070302115926002,1,-0.0071554571635224001,-0.036002009717376403,0.016097641117630901,-0.0097497151057275005,0.0026198002482593001,0.011081823485232701,-0.1327756020784463,-0.71550000000000002
2023-10-25,2986.4065999999998,2993.2950999999998,2972.4177,2974.1134999999999,2962.2437,332392004,362846635.5492,0.4007,0.0047697238185429001,1,-0.0105170412756019,-0.036780995399187,0.0151763095210347,-0.0069286687207702003,-0.0036134086664342002,0.0151332420614099,0.061519977881461602,-1.0517000000000001
2023-10-26,2960.1037999999999,2990.3276999999998,2956.0059999999999,2988.2991999999999,2974.1134999999999,291814511,332258828.04460001,0.47699999999999992,0.0098668165490254003,1,0.0055203975157036003,-0.0387102255400502,0.0148447707184639,0.027890366553217801,-0.021762991234684601,0.0273306759308902,0.1666546302876046,0.55200000000000005
2023-10-27,2978.4025999999999,3029.2100999999998,2974.8802000000001,3017.7842000000001,2988.2991999999999,321803717,385692318.10030001,0.98670000000000002,0.0012489958692205,1,-0.0023833311969977001,-0.038793696552999801,0.014526210738489,-1.229124635004908e-05,-0.0023710690940419001,0.0150339501783109,-0.2396450770856581,-0.23830000000000001
2023-10-30,3009.6104,3028.2640999999999,3002.3476999999998,3021.5533999999998,3017.7842000000001,360604238,439587974.76959997,0.1249,-0.00092098322670710003,0,0.020776069384984101,0.0059459212564372003,0.0152042068451023,0.0067833760936741004,0.0138984151144827,0.0246107127121124,0.22032155003473261,2.0775999999999999
2023-10-31,3019.6460000000002,3023.0014000000001,3006.6088,3018.7705999999998,3021.5533999999998,319859967,386277226.42720002,-0.092100000000000001,0.0014263753595586,1,0.0004385377553419,0.0136401250165237,0.0148901855924747,-0.0099478525156718005,0.0104907507118742,0.0103863902710138,0.083350001120663805,0.043900000000000002
2023-11-01,3038.1821,3038.3303000000001,3013.933,3023.0765000000001,3018.7705999999998,280110445,347121456.48290002,0.1426,-0.0045221151366827,0,-0.016883483967928901,0.0071182524469544,0.0141322542107953,-0.0039445352158634,-0.012990189010076401,0.016982298424254201,-0.23227510702756851,-1.6882999999999999
2023-11-02,3028.6646999999998,3038.6421999999998,3009.1210000000001,3009.4058,3023.0765000000001,268794581,311936400.77780002,-0.45219999999999982,0.0071083467706483001,1,-0.00062527465335220002,0.0009628142974116,0.0128527249156478,0.0015731209035745001,-0.0021949426467672002,0.012247786410853201,-0.32321608655469802,-0.0625
2023-11-03,3012.4654,3040.9807000000001,3012.4654,3030.7977000000001,3009.4058,268486347,329300477.50059998,0.71079999999999977,0.0091107367542212006,1,0.0075319645089574,0.010911367288544501,0.012856759672047901,0.010560888983486,-0.0029972706321288001,0.0165725439106339,0.1644939879415297,0.75319999999999976
2023-11-06,3047.1300999999999,3058.9890999999998,3037.6941000000002,3058.4105,3030.7977000000001,372949630,447638159.94870001,0.91110000000000002,-0.00037300421248230001,0,0.0251604849282582,0.015253412174336701,0.014020372393661201,0.0101749272659845,0.014834616518182501,0.0218698256995263,0.1032145364845664,2.516
2023-11-07,3052.9202,3064.5771,3042.4688999999998,3057.2696999999998,3058.4105,326853455,401065573.91860002,-0.0373,-0.0016017886809263,0,0.017123411752184702,0.032185362132002203,0.0140945022704643,0.0141201486402945,0.0029614470395018001,0.0078458479675182005,0.32420405018350701,1.7122999999999999
2023-11-08,3051.1531,3062.991,3037.2887999999998,3052.3726000000001,3057.2696999999998,335677834,415289260.0783,-0.16020000000000001,0.00029701485329790002,1,-0.016498957231171701,0.032589081185193401,0.014653527551569401,-0.0064564282927365001,-0.0101077891543081,0.0128972721033875,-0.33804776619305682,-1.6498999999999999
2023-11-09,3047.6532000000002,3063.4674,3045.8335999999999,3053.2791999999999,3052.3726000000001,315621764,388556747.09149998,0.029700000000000001,-0.0046865350538528002,0,-0.0057554657116857004,0.0272883875245735,0.014595133036863901,-0.0011120442599275001,-0.0046485908905747001,0.0122460690791707,0.082504760512104702,-0.57550000000000001
2023-11-10,3043.5585000000001,3044.0007000000001,3027.0877999999998,3038.9699000000001,3053.2791999999999,285546497,346913084.5402,-0.46870000000000001,0.0024886722306790001,1,-0.0032541269980407,0.016290794453352901,0.0142757341718684,-0.00086518681774040002,-0.0023910088496380002,0.0091225981104774007,-0.26416132377364571,-0.32540000000000002
2023-11-13,3044.0319,3048.6208999999999,3028.1680000000001,3046.5329000000002,3038.9699000000001,290430588,344120017.22180003,0.24890000000000001,0.0031305750875033002,1,-0.0175903659867435,-0.026090176017826001,0.0138965972656288,-0.0091609470233204003,-0.0085073543862641005,0.0098987567449341004,0.018497459545603102,-1.7589999999999999
2023-11-14,3046.8171000000002,3059.5293999999999,3044.4259000000002,3056.0702999999999,3046.5329000000002,294844733,358249840.15750003,0.31309999999999982,0.0054856395155571001,1,0.0129597529770518,-0.030076937248526201,0.013443554131734901,0.0034725976355644002,0.0094543242773561,0.019151602661356001,-0.1506751078600139,1.296
2023-11-15,3077.0291000000002,3080.1284000000001,3064.3463999999999,3072.8348000000001,3056.0702999999999,304250107,389515977.97469997,0.54859999999999975,-0.0071299309679777002,0,-0.0016842445947798,-0.0154667529892201,0.0132889244353377,0.0039532405497233001,-0.0056152865659524001,0.0118402108088908,0.0062628521032817002,-0.16839999999999991
2023-11-16,3066.8553999999999,3071.4522000000002,3050.9256999999998,3050.9256999999998,3072.8348000000001,271079460,329364382.65399998,-0.71299999999999975,0.0011274610850078,1,0.039210524198044903,0.0290600314427105,0.0159348924123098,0.025279849352124201,0.0135871926622992,0.019317279095192801,0.69660616592698865,3.9211
2023-11-17,3043.6170000000002,3055.8561,3033.7471999999998,3054.3654999999999,3050.9256999999998,267606393,328568598.82539999,0.1126999999999999,0.0045684119991531002,1,-0.0136169035898003,0.018361297197407901,0.016254966626812001,0.0052928812434314002,-0.018810224548534201,0.0249919796448917,-0.43632143183778632,-1.3616999999999999
2023-11-20,3056.9268000000002,3072.5133999999998,3043.5147999999999,3068.3191000000002,3054.3654999999999,287556998,367109310.16829997,0.45679999999999982,-0.00012589955197290001,0,-0.021232199954914401,0.0145861888967555,0.015995772745037901,-0.013934980558318801,-0.0074003430328838,0.0122010988727526,0.033902033893923503,-2.1232000000000002
2023-11-21,3074.8281000000002,3089.7737999999999,3063.3449000000001,3067.9328,3068.3191000000002,330733102,391558034.86150002,-0.0126,-0.0079277486130074001,0,0.018556002885267101,0.020191424297078701,0.016370496972638302,0.0098343148550577002,0.0086367514966661004,0.0146767051349847,0.0099912832384490002,1.8555999999999999
2023-11-22,3060.4983999999999,3067.9625000000001,3043.6109999999999,3043.6109999999999,3067.9328,289056490,330385482.66939998,-0.79279999999999995,0.0059945899788113001,1,-0.0024850841514292002,0.0193730362835591,0.016147844121103701,0.0086887946779374003,-0.011077627597652,0.020733971685340202,0.062099686676459501,-0.2485
2023-11-23,3041.6779000000001,3062.8665000000001,3034.2968999999998,3061.8562000000002,3043.6109999999999,276592059,315612515.64120001,0.59950000000000003,-0.006820862455918,0,4.0036337205062722e-05,-0.019049726201670301,0.0161361606999522,0.0001415369104015,-0.00010148620915190001,0.0082536882770784005,-0.52562179912222184,0.0040000000000000001
2023-11-24,3060.3305999999998,3060.3305999999998,3037.2012,3040.9717000000001,3061.8562000000002,287788413,311509355.93169999,-0.68210000000000004,-0.0030488609940039,0,0.0099376360335163005,0.0043750792078876,0.016195519412459902,-0.0030759081118264002,0.0130536961151128,0.0197382517790082,0.30225610399709513,0.99380000000000002
2023-11-27,3038.1864,3038.3578000000002,3015.0075999999999,3031.7002000000002,3040.9717000000001,310517868,350705835.45789999,-0.3049,0.0022608765866755001,1,-0.019620520310605301,0.0060289248598759003,0.0163285792154108,-0.0077656882647603002,-0.011947613487698201,0.0126258734933703,-0.25301736464650831,-1.9621
2023-11-28,3028.5983000000001,3039.6945000000001,3020.2305999999999,3038.5545000000002,3031.7002000000002,268920746,317303697.72930002,0.2261,-0.0055510276350152002,0,-0.0019567844496000001,-0.0142315785684271,0.0163384960842251,0.0067257346768857,-0.0086245129407290008,0.018182832918171202,0.1462945435554221,-0.19570000000000001
2023-11-29,3038.4641000000001,3038.9767000000002,3017.6610999999998,3021.6873999999998,3038.5545000000002,277956448,322141206.07870001,-0.55510000000000004,0.0026426625070483001,1,-0.0097528910029409006,-0.021413801484051101,0.016014572424313801,0.00093694401046270004,-0.0106798286119529,0.0135611518591091,0.17256485220178411,-0.97529999999999994
2023-11-30,3021.1025,3030.9086000000002,3013.7678000000001,3029.6727000000001,3021.6873999999998,282945357,326755696.09990001,0.26429999999999992,0.0006479577810499,1,-0.020784665791563201,-0.041791751716982503,0.016728971907184201,0.0002846583005555,-0.0210633282408977,0.027491999027321402,0.45338588383663131,-2.0785
2023-12-01,3027.3530000000001,3035.7599,3010.2332999999999,3031.6358,3029.6727000000001,286089700,335547176.42570001,0.064799999999999802,-0.0028769946574718,0,0.0029093579640144,-0.048460038725151901,0.016648472152937601,-0.000486069918745,0.0033970791007220001,0.0120758363227221,0.070032818564001703,0.29089999999999983
2023-12-04,3033.2979999999998,3038.9794000000002,3022.3476999999998,3022.9137999999998,3031.6358,288162053,344279695.9666,-0.28770000000000001,-0.016744738139737501,0,-0.0124732439587675,-0.041523011580109001,0.01570553051747,-0.0013911967930304,-0.0110974859526051,0.0122444093955951,-0.21356112124009191,-1.2473000000000001
2023-12-05,3017.0102000000002,3017.0102000000002,2972.2959000000001,2972.2959000000001,3022.9137999999998,293943278,340454488.0826,-1.6745000000000001,-0.0011312803681491001,0,-0.010947517275390201,-0.050157317578370601,0.0151219771043142,0.0052750099522886002,-0.016137402270099702,0.0193032803931006,0.016993030349022002,-1.0948
2023-12-06,2966.9475000000002,2985.3143,2959.6030000000001,2968.9333999999999,2972.2959000000001,294104187,336218906.35640001,-0.11310000000000001,-0.00091861272469090003,0,-0.0191150453110496,-0.0591374738246895,0.0152492750192702,-0.0023735360641111,-0.016781340363495201,0.0227092913934537,0.0800065619403173,-1.9115
2023-12-07,2965.6523000000002,2976.0147999999999,2949.1437999999998,2966.2060999999999,2968.9333999999999,296243687,348039623.96939999,-0.091899999999999801,0.0011305013498557001,1,0.0082925747770985006,-0.0311990980048771,0.0154778750897475,-0.0009737957086843,0.0092754028332584001,0.022386277197379002,-0.30019469747487371,0.82930000000000004
2023-12-08,2965.3901000000001,2980.8344000000002,2962.3270000000002,2969.5594000000001,2966.2060999999999,369138705,423492311.94730002,0.11310000000000001,0.0073677933500840001,1,-0.007129207702484,-0.0408962569706528,0.015503738401132601,-0.0052735606435174,-0.0018654848062217,0.0132695468576698,-0.0200423849745359,-0.71289999999999976
2023-12-11,2956.2905000000001,2995.6698000000001,2930.422,2991.4385000000002,2969.5594000000001,360216344,405351583.21619999,0.73680000000000001,0.0040112140028950001,1,-0.00070476431690150003,-0.029466497923387801,0.015141493900000601,0.0016854389696738001,-0.0023861815232474001,0.0131525417092614,-0.036666943398943101,-0.070499999999999799
2023-12-12,2986.3281999999999,3003.7455,2980.4461999999999,3003.4378000000002,2991.4385000000002,287638762,333170576.41869998,0.40110000000000001,-0.0115458359084379,0,-0.0081349938810006007,-0.026706636108866501,0.014738744881493,-0.0113447901571961,0.0032466285963391002,0.018645959409514901,0.2993239461851136,-0.8135
2023-12-13,2997.3357999999998,2997.3357999999998,2968.7606000000001,2968.7606000000001,3003.4378000000002,282754098,331476614.72070003,-1.1546000000000001,-0.0032926198225616001,0,0.0106786474577338,0.0028564674121409001,0.015075829146528,0.0021337543645675002,0.0085266992115082003,0.016250974447411901,-0.24562765535512901,1.0679000000000001
2023-12-14,2979.6990000000001,2986.1772999999998,2958.0659999999998,2958.9856,2968.7606000000001,271457650,312658124.55980003,-0.32929999999999993,-0.0055521730149684003,0,-0.0089010351461111005,-0.0142444449033787,0.011387270962592601,-0.0038346209044551002,-0.0050859168045532003,0.0110965220312071,-0.061129739997914601,-0.8901
2023-12-15,2966.3015,2976.3094000000001,2940.0266000000001,2942.5567999999998,2958.9856,289327642,322083690.78820002,-0.55520000000000003,-0.0039942134676887002,0,0.0106872063467611,0.0034442908890246001,0.0117466346702557,0.011768620503735601,-0.0010688354383201,0.015930370484479602,0.22848978991161301,1.0687
2023-12-18,2936.5751,2951.1478999999999,2924.3254000000002,2930.8036000000002,2942.5567999999998,293086999,304915892.99949998,-0.39939999999999992,0.00054155795359310001,1,0.0237773126637357,0.028028016997288401,0.012575328627222101,0.012712326829527,0.0109260898095803,0.0215599258391715,0.51018873373276985,2.3776999999999999
2023-12-19,2928.7631000000001,2940.5014000000001,2914.1253000000002,2932.3908000000001,2930.8036000000002,265926980,283234126.18190002,0.054199999999999901,-0.0103264544412021,0,-0.0097045114425217006,0.026401275438246701,0.011719609355808,-0.0072873163059729001,-0.0024349393094825001,0.0083687714348156007,-0.9121249645494468,-0.97050000000000003
2023-12-20,2932.1185999999998,2937.1010999999999,2902.0394999999999,2902.1095999999998,2932.3908000000001,265562454,290838402.13940001,-1.0326,0.0057218032013677004,1,-0.0074705804177341,0.0079697089987478004,0.0117550165890944,-0.0046779075158620001,-0.0028057981662016002,0.0103149694844558,-0.029254764514261501,-0.74709999999999976
2023-12-21,2892.0201000000002,2924.2561999999998,2882.0194999999999,2918.7148999999999,2902.1095999999998,282541827,315943775.54360002,0.57220000000000004,-0.001349806382254,0,0.0065925477128141001,0.0237270276515444,0.0119491316106722,0.0086610118146017,-0.0020507029394009001,0.011606179945470901,0.079484482053016906,0.6593
2023-12-22,2919.2878999999998,2935.7002000000002,2906.5093999999999,2914.7752,2918.7148999999999,296628367,327498019.58050001,-0.13500000000000001,0.0013851497021108001,1,0.00044059731030970001,0.0133482175246111,0.011583042170221601,-0.0095504884189717004,0.0100874255703689,0.0123295017819512,-0.1595277374488101,0.0441
2023-12-25,2909.8751000000002,2920.6323000000002,2903.9870000000001,2918.8126000000002,2914.7752,229814178,261487251.01899999,0.13850000000000001,-0.0068294552380649002,0,,,,,,,,
2023-12-26,2917.9708000000001,2917.9708000000001,2892.8373000000001,2898.8787000000002,2918.8126000000002,228140855,260220552.77270001,-0.68289999999999995,0.0054279953141882003,1,,,,,,,,
2023-12-27,2900.1491000000001,2917.9564,2890.165,2914.6138000000001,2898.8787000000002,247900882,279048608.00940001,0.54279999999999995,0.0137547211229152,1,-0.0168893450685965,-0.026904173904654102,0.0113996928508128,0.0073358429902179003,-0.0240487700575642,0.035276783227133103,0.44772246568881602,-1.6889000000000001
2023-12-28,2913.1095999999998,2961.6475999999998,2909.3886000000002,2954.7035000000001,2914.6138000000001,339213116,392449073.49330002,1.3754999999999999,0.0068471506531873,1,0.017406539982778801,-0.00026399298103390001,0.0123249795132936,0.0135473956895816,0.0038075617475901002,0.0143392974839677,0.013782468785640401,1.7406999999999999
2023-12-29,2950.8371999999999,2975.0319,2950.0173,2974.9348,2954.7035000000001,290672687,349002967.26639998,0.68469999999999975,-0.0042550848509352,0,0.0251846032803924,0.032628294456225101,0.0136560601563913,0.0032114594787077001,0.021902803834699301,0.0265668722225295,0.032359609022829902,2.5185
2024-01-02,2972.7750000000001,2976.2682,2962.2761999999998,2962.2761999999998,2974.9348,304141793,345950729.19459999,-0.42549999999999982,0.0016781014545502,1,0.0002264789043116,0.0260975658202422,0.0128215790535346,0.0013488989663527,-0.0011209080703037,0.0084618620673063,-0.3823775792052313,0.022599999999999901
2024-01-03,2957.1116999999999,2971.2833999999998,2953.2901000000002,2967.2471999999998,2962.2761999999998,285455945,321018391.31010002,0.1678,-0.0043469920537795,0,-0.015183555957832801,0.0100727206874622,0.013254042595089501,0.0051462423280044002,-0.020225711871291002,0.024041216866628801,0.091604373107854103,-1.5184
2024-01-04,2965.5086999999999,2966.6828,2936.6347000000001,2954.3485999999998,2967.2471999999998,264980924,296291346.87879997,-0.43469999999999992,-0.0085180536921063005,0,-0.0084664845981337004,0.018726580300004701,0.0130955517758292,-0.0097465236723839003,0.0012926377991593001,0.0055222160341422003,-0.086896713643918405,-0.84660000000000002
2024-01-05,2949.8220999999999,2967.9677000000001,2916.7206000000001,2929.1833000000001,2954.3485999999998,301040239,325917001.16460001,-0.8518,-0.014217410020055801,0,-2.5831395478070889e-05,0.0012715911852383,0.0128611772019108,0.001621370613844,-0.0016445356076146,0.0094356681110221007,0.12603499799419271,-0.0025999999999999001
2024-01-08,2923.4569999999999,2924.4558999999999,2887.5378999999998,2887.5378999999998,2929.1833000000001,270275055,290730589.58880001,-1.4217,0.0019786406959367,1,-0.006647250567404,-0.0298177666246368,0.012165243794840601,-0.0043770327730778,-0.0022801982970011001,0.017431235649688102,0.079081720711169201,-0.66469999999999985
2024-01-09,2887.1095,2900.7266,2878.4123,2893.2512999999999,2887.5378999999998,262955975,294446373.6825,0.19789999999999991,-0.0053742307140758,0,-0.018800955287859401,-0.048273665352877901,0.0127689704118337,0.0028139746832992001,-0.0215542767819774,0.0270632639324405,0.13979886431834551,-1.8801000000000001
2024-01-10,2886.9807000000001,2903.1621,2870.4155000000001,2877.7022999999999,2893.2512999999999,244046526,281192192.41930002,-0.53739999999999977,0.0031093904327768001,1,-0.0021221058340960002,-0.035651083625447,0.0126841203018271,0.0019507595018628001,-0.0040649356241655001,0.0138537824086487,-0.13939581631597681,-0.2122
2024-01-11,2873.7982000000002,2896.1788000000001,2867.7222999999999,2886.6502,2877.7022999999999,267050764,298552532.93699998,0.31090000000000001,-0.0016189353320329,0,-0.0057282202245581004,-0.032987893485742402,0.0127400274060896,-0.0028443448494812002,-0.0028921015091081001,0.013025308183683301,-0.080175537590326501,-0.57279999999999975
2024-01-12,2880.0399000000002,2904.1743000000001,2878.8751999999999,2881.9769000000001,2886.6502,261602931,282877466.33279997,-0.16189999999999991,0.0014968544681950001,1,0.012720161418575,-0.020662045731161201,0.0129472932942633,0.0035341374443382,0.0091536736334953007,0.0219347616491729,0.097311825470993901,1.272
2024-01-15,2872.5562,2904.4643000000001,2869.2235999999998,2886.2908000000002,2881.9769000000001,244611236,269229737.08149999,0.1497,0.0026670216320545002,1,-0.0035247122446026001,-0.0175835619851555,0.012741067017048901,-0.0052183653088816,0.0017025375270473,0.012748711204241901,-0.2502034603702476,-0.35249999999999992
2024-01-16,2881.5601999999999,2896.683,2861.1302000000001,2893.9886000000001,2886.2908000000002,286286714,300837919.16850001,0.26669999999999983,-0.0208616578517275,0,-0.0017390415757132,-0.00050047921501170003,0.012586953696083101,0.00084335821547860002,-0.0025802237383043001,0.014171495969732601,-0.1146162023570198,-0.1739
2024-01-17,2887.2917000000002,2887.4893000000002,2833.6152000000002,2833.6152000000002,2893.9886000000001,261251308,283073939.81770003,-2.0861999999999998,0.0042944080762975,1,-0.021608465047270101,-0.0200185052272943,0.0132051073138672,-0.0114748528181161,-0.0102512437422996,0.022362026426447901,0.44676171717287422,-2.1608000000000001
2024-01-18,2822.6671999999999,2849.2559000000001,2760.9780000000001,2845.7838999999999,2833.6152000000002,390396855,400709904.7342,0.4294,-0.0047454762815967002,0,-0.037124856295758402,-0.0509638895515266,0.014045674671700301,-0.0063998810028035001,-0.030922878032627901,0.035890764607410003,0.61388509815631465,-3.7124999999999999
2024-01-19,2836.9749000000002,2849.8755000000001,2822.8434000000002,2832.2793000000001,2845.7838999999999,266664388,296717043.82840002,-0.47449999999999992,-0.026812115598909801,0,0.0075205048144583002,-0.055836570147049,0.0142443987972058,0.0015899822607989,0.0059211080968211002,0.0183106520301894,-0.33898742159860062,0.75209999999999977
2024-01-22,2826.5034000000001,2828.3202000000001,2735.3721,2756.3398999999999,2832.2793000000001,350165758,359918989.57010001,-2.6812,0.0053100853055165001,1,-0.0053989821846579002,-0.0576124467360805,0.0142235286997698,0.00083810914779890004,-0.0062318683465877002,0.0216193178311294,-0.2278297401388123,-0.53990000000000005
2024-01-23,2746.8923,2784.8407000000002,2724.1572999999999,2770.9762999999998,2756.3398999999999,308749417,312191330.21689999,0.53100000000000003,0.017970417141424201,1,-0.0227001787873423,-0.077400373574045306,0.01461518628304,0.0026364110841619001,-0.025269967848172901,0.0371521011921985,0.22654965390857371,-2.27
2024-01-24,2782.1415000000002,2823.6952999999999,2743.3971000000001,2820.7719000000002,2770.9762999999998,369070600,357316181.64429998,1.7969999999999999,0.0302529956427883,1,0.026254613606680601,-0.032266644480748501,0.016187642164884102,0.0051566788181145002,0.020989697659248002,0.034919037134771201,-0.0029823070674748001,2.6255000000000002
2024-01-25,2823.8258999999998,2906.7939999999999,2821.7093,2906.1087000000002,2820.7719000000002,442009045,437679811.28549999,3.0253000000000001,0.0014156387199142,1,0.035553647979221101,0.040778561095510202,0.018096254620512502,0.0161827747593783,0.019062390842463701,0.036668668319224003,0.24923973761258361,3.5554000000000001
2024-01-26,2897.9149000000002,2924.3065000000001,2890.4819000000002,2910.2226999999998,2906.1087000000002,421109084,402400231.2626,0.1416,-0.0092318364501793003,0,0.019628462371075801,0.053286199980638702,0.0182229384212561,0.0056648261904027001,0.0138849801812888,0.026792671889770001,0.1298195448562911,1.9628000000000001
2024-01-29,2910.6071999999999,2923.8991999999998,2883.3326999999999,2883.3560000000002,2910.2226999999998,410581311,397014731.36989999,-0.92320000000000002,-0.0183221912243927,0,-0.016020888282477701,0.0420375616724879,0.017405936070551301,-0.0032839952726259002,-0.012778858721482701,0.021769113666700202,-0.21194730436745771,-1.6021000000000001
2024-01-30,2866.2795000000001,2881.3467999999998,2829.2498000000001,2830.5266000000001,2883.3560000000002,335661226,329254005.8919,-1.8322000000000001,-0.014830597246462801,0,0.0078365219157446007,0.074597057183992205,0.0175662892242383,0.0058938468164010001,0.0019312923580274001,0.0154122652444204,-0.12548391047908131,0.78369999999999995
2024-01-31,2815.5041999999999,2834.011,2782.5868999999998,2788.5482000000002,2830.5266000000001,377103965,355636999.83350003,-1.4831000000000001,-0.0063860829086620002,0,-0.023249637375569301,0.022760873727854201,0.017954384672614301,-0.0112320273877855,-0.0121541254578004,0.0150330529369469,-0.1305155939612293,-2.3250000000000002
2024-02-01,2773.4238999999998,2805.0146,2752.7824000000001,2770.7402999999999,2788.5482000000002,352889185,337547960.52079999,-0.63859999999999995,-0.0146489008731709,0,-0.0139064982535686,-0.026088263614734,0.018079424241050201,-0.0032731660877067001,-0.010668251123654601,0.021166049498676901,0.0113996449878435,-1.3907
2024-02-02,2773.2948999999999,2791.6756,2666.3335000000002,2730.152,2770.7402999999999,426230199,392661142.29790002,-1.4649000000000001,-0.0102437519962258,0,0.0052398859030020001,-0.039831704494706403,0.018170092422626901,0.0024404151870156001,0.0027926554771477,0.023909481842833102,-0.0556117280697776,0.52400000000000002
2024-02-05,2716.0810000000001,2739.7383,2635.0897,2702.1849999999999,2730.152,478990292,424877418.26859999,-1.0244,0.032307558512833102,1,-0.0020974919392709001,-0.026245233425044701,0.018153014942139702,0.0122001437729544,-0.014125304960866,0.030627879233288,0.0086754418698156005,-0.2097
2024-02-06,2680.4845999999998,2802.9312,2669.6732000000002,2789.4859999999999,2702.1849999999999,502849313,441215054.09890002,3.2307999999999999,0.0144146986218966,1,-0.0015160722976573001,-0.035281553301437202,0.017766668564949802,-0.012662905348162201,0.0112897946515779,0.021431661512235401,-0.067960997303909906,-0.15160000000000001
2024-02-07,2791.5145000000002,2829.6956,2770.5293000000001,2829.6956,2789.4859999999999,547117439,495919878.08340001,1.4415,0.0127955812632285,1,0.040416479421999101,0.027600304391710101,0.020150145462731701,0.0020128936087080002,0.038326438769646802,0.0395112575684992,0.3595422834671993,4.0415999999999999
2024-02-08,2832.4854999999998,2867.4738000000002,2827.902,2865.9032000000002,2829.6956,531108893,482939732.02460003,1.2796000000000001,0.0155765205189064,1,-0.0034071043517113,0.0385416404317191,0.020121913270177701,0.0090178578621504003,-0.0123139170600876,0.023097416041648701,-0.1651493706855422,-0.3407
2024-02-19,2886.5871000000002,2910.5439999999999,2867.7103000000002,2910.5439999999999,2865.9032000000002,458967704,442148454.57450002,1.5577000000000001,0.0041869148860145004,1,0.0247939274853037,0.0160472432033795,0.018287350284570701,0.0039455289962828004,0.020766463803932201,0.028654161306972702,0.50024516418022813,2.4794
2024-02-20,2902.8764999999999,2927.308,2887.4740999999999,2922.7302,2910.5439999999999,350138735,357057491.97259998,0.41870000000000002,0.0096572033915410006,1,-0.0112821573614622,0.017479454366934901,0.018552617376125301,-0.00033598613460490001,-0.0109498502247087,0.0120251212365268,0.22640596173581601,-1.1282000000000001
2024-02-21,2906.0243,2994.6149,2898.0495999999998,2950.9555999999998,2922.7302,444245463,450922050.71810001,0.9657,0.0126746061513091,1,0.0056884264970495004,0.0318119871108518,0.018466894690807902,0.0041149792548842001,0.0015669990734854,0.013585373749428101,0.0091552398899654008,0.56879999999999975
2024-02-22,2945.4465,2988.3578000000002,2944.4987999999998,2988.3578000000002,2950.9555999999998,354132536,365264217.87330002,1.2675000000000001,0.0055291906477863001,1,0.015731025861808801,0.0392786116334514,0.017616371077959402,-0.0039747629021308004,0.019784427171099302,0.037987359293823901,0.55543525701005692,1.5730999999999999
2024-02-23,2992.9115000000002,3009.1359000000002,2979.9728,3004.8809999999999,2988.3578000000002,380083270,398232220.67430001,0.55289999999999995,-0.0092712157320038006,0,0.0145336330749981,0.050068267498211,0.017060453668474501,-0.0008034854057721,0.0153494515410701,0.019278802164441802,-0.33874326386812992,1.4534
2024-02-26,3002.1179000000002,3009.4789999999998,2967.0571,2977.0221000000001,3004.8809999999999,409026558,427564895.75669998,-0.92710000000000004,0.012918479846018001,1,-0.001020728127361,0.0236169488786999,0.0154369134479026,-0.0052720697368144002,0.0042738737700152001,0.014402479849727701,0.057955575565761801,-0.1021
2024-02-27,2966.4166,3015.4807000000001,2961.1478999999999,3015.4807000000001,2977.0221000000001,372984687,412614978.51670003,1.2918000000000001,-0.019110817058122401,0,-0.0054478514109287,0.0296571902886986,0.01499723063035,-0.0024453152184701001,-0.0030098963377794001,0.0111623557772216,-0.25328760129237782,-0.54479999999999995
2024-02-28,3016.2555000000002,3031.4881,2957.8524000000002,2957.8524000000002,3015.4807000000001,544109093,576555221.67499995,-1.9111,0.019378519360871201,1,0.0093815713380549001,0.033438354554020701,0.0145125767114945,0.00065465405530820003,0.0087212079086220005,0.022553403299360002,0.072875156295136606,0.93820000000000003
2024-02-29,2943.6242000000002,3015.1712000000002,2943.6242000000002,3015.1712000000002,2957.8524000000002,409696374,452808746.13489997,1.9379,0.0039298597704833004,1,-0.0151243538128023,0.0020450703201215,0.0149824400028439,0.0025496105009887001,-0.017629017186450002,0.0194445767920528,0.065396100942251401,-1.5124
2024-03-01,3013.8229000000001,3032.2314999999999,3003.7631999999999,3027.0203999999999,3015.1712000000002,379132184,442984248.19709998,0.39300000000000002,0.0040584794208853,1,-0.001536568330728,-0.013827312391185601,0.0138362678061988,-0.0064873298119048003,0.0049830884192343002,0.016072589398827501,0.26734203572016202,-0.1537
2024-03-04,3026.6071000000002,3040.3447000000001,3007.6828999999998,3039.3054999999999,3027.0203999999999,387760002,461727516.64480001,0.40579999999999983,0.0027926116673693,1,0.0047239974223931003,-0.0081562323252736008,0.013282424439827301,-0.0073009985803781001,0.012113436183148,0.020019453179128802,-0.1601009965989667,0.47239999999999982
2024-03-05,3027.1028000000001,3052.5412999999999,3022.1777000000002,3047.7930999999999,3039.3054999999999,383509955,458900476.78549999,0.27929999999999983,-0.0025796370495096001,0,0.00039362389568310002,-0.0023306646211481001,0.0132938512063386,0.0024178031325952001,-0.0020192969743617001,0.0103867279425946,-0.1341498105060451,0.0393999999999999
2024-03-06,3041.7518,3060.5628999999999,3034.3535999999999,3039.9308999999998,3047.7930999999999,340982739,401334635.59969997,-0.25800000000000001,-0.0041216726340718001,0,-0.0261105557554033,-0.037410963146484802,0.0148046621361685,-0.0151856143389026,-0.011093401533901001,0.0213720559870859,0.0686006973432675,-2.6111
2024-03-07,3040.2111,3063.6923999999999,3023.1176999999998,3027.4013,3039.9308999999998,377154391,423391257.03969997,-0.41220000000000001,0.0061497958661771001,1,0.0170423891146496,-0.0059721168178944002,0.0151444322639655,0.00029759989704650002,0.0167398074526285,0.024737914103141401,-0.080708872897579401,1.7041999999999999
2024-03-08,3026.1653999999999,3049.194,3016.9032000000002,3046.0192000000002,3027.4013,319204392,370647474.7694,0.61499999999999977,0.0073657447727181,1,-0.0126723968538923,-0.017058475820400602,0.0126996916872471,-0.0012361533487162,-0.0114503979529496,0.022891345649038101,0.018596127856907702,-1.2672000000000001
2024-03-11,3042.6188000000002,3068.4553999999998,3035.4450999999999,3068.4553999999998,3046.0192000000002,361608821,427851361.28789997,0.73660000000000003,-0.0040803591279181001,0,0.0076162461844830002,-0.014228931175494701,0.0127664557807793,0.0028102660664529001,0.0047925118845076001,0.013206586903827301,0.023735421587913301,0.76160000000000005
2024-03-12,3068.1819999999998,3075.1307999999999,3044.8571999999999,3055.9349999999999,3068.4553999999998,415743914,494558502.7942,-0.40799999999999992,-0.0039596391938963001,0,0.014319966685806301,-0.00050614697423530003,0.012680846332197401,0.0038389593839565001,0.010440925014787401,0.0128089649913566,-0.040192200217985502,1.4319999999999999
2024-03-13,3053.3413,3061.951,3031.8984999999998,3043.8346000000001,3055.9349999999999,365047453,442453946.27410001,-0.39600000000000002,-0.0018400145658374,0,0.030500549507854201,0.057593313963560301,0.0138907915550034,0.0068955247815079002,0.023443370384894802,0.0326401034027285,0.47283223810421582,3.0501
2024-03-14,3042.4131000000002,3059.9974999999999,3020.6370000000002,3038.2339000000002,3043.8346000000001,364072290,436338838.3398,-0.184,0.0053985310347566002,1,-0.00066633515663820002,0.039178517698832301,0.013893982315981501,-0.0020118758592446002,0.001348253220713,0.0095825898733435007,-0.35675102063600223,-0.066600000000000006
2024-03-15,3031.5228999999999,3056.4472999999998,3023.2152000000001,3054.6359000000002,3038.2339000000002,360268463,405917703.99059999,0.53990000000000005,0.0099161736428225004,1,-0.0070512366446533001,0.0450948811382531,0.014101311410906,0.0022497220776589002,-0.0092800811189365003,0.019418561290144801,-0.037064444150173501,-0.70509999999999995
2024-03-18,3057.2093,3085.3123999999998,3055.9220999999998,3084.9261999999999,3054.6359000000002,406653508,485520636.50260001,0.99160000000000004,-0.0071866873184841,0,-0.014194954974925801,0.022472404804141501,0.0136452119576299,-0.0119858551580446,-0.0022358989781816,0.015960112394659502,0.33593202639452352,-1.4195
2024-03-19,3077.9805000000001,3090.0459000000001,3062.6279,3062.7557999999999,3084.9261999999999,384123680,446930657.77410001,-0.71870000000000001,0.0055277342059070001,1,0.00097064211294960005,0.0090157871225260006,0.0133246431540615,-0.0018318402907979,0.0028076255253064002,0.0095724569684985002,-0.52158031100028146,0.097100000000000006
2024-03-20,3058.6478000000002,3081.7547,3056.645,3079.6858999999999,3062.7557999999999,349187729,407432569.66579998,0.55279999999999985,-0.000835442341701,0,-0.012405957536302401,-0.032996168134086103,0.0136606313906795,-0.0065154578565485002,-0.0059291306808305,0.0113788991176499,0.082095850146512106,-1.2405999999999999
2024-03-21,3084.4115999999999,3090.0513000000001,3069.2719999999999,3077.1129999999998,3079.6858999999999,366877968,437634616.25559998,-0.083500000000000005,-0.0094502216850663005,0,0.00082216742450440001,-0.031555820680232202,0.0132109250642281,0.0017865050806196001,-0.00096261793428460002,0.0135491255623288,-0.0600826718989022,0.082199999999999801
2024-03-22,3070.5481,3073.2058000000002,3027.7615000000001,3048.0336000000002,3077.1129999999998,394740486,456762466.55949998,-0.94499999999999995,-0.0071285631496975001,0,0.019345260583434502,-0.0058107520136589002,0.0135256814688375,0.0132841123201439,0.0059816868631367001,0.0127358464904034,0.34039971210562742,1.9345000000000001
2024-03-25,3040.5010000000002,3065.2611000000002,3026.3054999999999,3026.3054999999999,3048.0336000000002,387485389,443472341.3423,-0.71289999999999976,0.001710137988382,1,-0.0215636508115351,-0.013242118092996,0.0143948804047724,-0.0069874459618930003,-0.0146787719756085,0.024051924023459501,-0.034926623526899903,-2.1564000000000001
2024-03-26,3026.9218000000001,3036.4938999999999,3006.2597000000001,3031.4809,3026.3054999999999,345928787,396410716.1433,0.17100000000000001,-0.012647976769373501,0,-0.0015655048313674,-0.015742254342443501,0.0143519354463638,0.0019685480806352,-0.0035271096271161,0.0103845759894105,-0.1698621541814393,-0.15659999999999991
2024-03-27,3026.8137999999999,3030.4495000000002,2993.1388000000002,2993.1388000000002,3031.4809,343198010,376242896.14700001,-1.2647999999999999,0.0058549907541873003,1,0.0087825155824697004,0.0053746397345832003,0.014331081337986801,0.0045442294477724002,0.0042191135148199003,0.016775284636546602,0.045167101228306701,0.87829999999999975
2024-03-28,2988.5898999999999,3033.3665999999998,2984.1201000000001,3010.6635999999999,2993.1388000000002,353200026,392929088.72039998,0.58550000000000002,0.0101317530128575,1,-0.013568158514217801,-0.0090811439472842006,0.014251036705180201,-0.0052881398360362002,-0.0083240373516975004,0.0154762936325692,0.0087474842116462004,-1.3568
2024-03-29,3008.3757000000001,3041.2977999999998,3008.1671999999999,3041.1669000000002,3010.6635999999999,334822785,364571210.09009999,1.0132000000000001,0.011907172868414201,1,,,,,,,,
2024-04-01,3049.0207,3078.4883,3049.0207,3077.3786,3041.1669000000002,375393640,420902006.77340001,1.1907000000000001,-0.00078638357984290002,0,,,,,,,,
2024-04-02,3076.8751999999999,3085.5365000000002,3063.9807999999998,3074.9585999999999,3077.3786,367304262,396705813.2949,-0.078600000000000003,-0.0018415532488794001,0,0.0090637131820965004,-0.019075970610386,0.014400562274774801,-0.0008808723808686,0.0099533531968933001,0.0231631614778159,0.145411931105869,0.90639999999999998
2024-04-03,3074.8928999999998,3079.02,3057.3971999999999,3069.2959000000001,3074.9585999999999,363211380,392704394.04089999,-0.1842,-0.0072470366900759002,0,0.023583223205746601,0.0261856896009387,0.0153023618132022,0.0163420069135542,0.0071247830385194003,0.011824861468966901,0.21785138442709401,2.3582999999999998
2024-04-08,3057.3254999999999,3077.3512000000001,3045.4692,3047.0526,3069.2959000000001,402936740,421808399.7331,-0.72470000000000001,0.00048712647756710001,1,-7.0552642435606217e-05,0.0063544329390696,0.0142833878508198,0.0037566292578221001,-0.0038128584048183001,0.021476104776652901,-0.3908644537384624,-0.0071000000000000004
2024-04-09,3044.6136000000001,3051.5850999999998,3033.2089000000001,3048.5369000000001,3047.0526,333489965,347834663.4756,0.0487,-0.0069548116671969001,0,0.00053396572095520001,0.020741372452851101,0.013826164100041701,-0.0043703868471026003,0.0049258805717189002,0.018807193528790001,0.37932985582964202,0.053400000000000003
2024-04-10,3045.9609,3049.6071999999999,3013.5897,3027.3348999999998,3048.5369000000001,348991721,364717833.491,-0.69550000000000001,0.0022830311902393,1,0.0056906026170078002,0.0173292256650277,0.0134771878879964,0.0051593123705765001,0.00052856322365290003,0.0120039323845009,-0.2181128930497386,0.56910000000000005
2024-04-11,3013.5727000000002,3050.3371999999999,3009.8971999999999,3034.2464,3027.3348999999998,340894392,364147836.45469999,0.2283,-0.0048687212745805002,0,0.0184869684996555,0.0122641085974559,0.013931512786490101,0.0058206318371623001,0.0125930372290707,0.0161717891594222,0.18428750262823521,1.8487
2024-04-12,3035.5772999999999,3043.5599000000002,3014.8296999999998,3019.4735000000001,3034.2464,334229771,363119193.01380002,-0.4869,0.012553214989301901,1,-0.0025753872562089002,0.022118253403567101,0.013683333195560801,-0.0165107178468968,0.0141692755005728,0.016638495329703702,-0.027252015535322902,-0.25750000000000001
2024-04-15,3013.6722,3066.9412000000002,2995.5419999999999,3057.3775999999998,3019.4735000000001,461239244,459849043.2723,1.2553000000000001,-0.016455114997898701,0,-0.021839095924370801,-0.00013334194375480001,0.0128436568170671,-0.0068049017755450001,-0.015137201316944101,0.018111696791406701,0.1354387293302021,-2.1839
2024-04-16,3043.5504999999998,3052.4346,3005.3400000000001,3007.0681,3057.3775999999998,448070473,435170805.4763,-1.6455,0.0213871112529842,1,-0.0072498652947160002,-0.0079119815213786002,0.0129182473392452,-0.014013535713196201,0.0068598004774564,0.0108655285440644,-0.1032106772563601,-0.72499999999999976
2024-04-17,3008.0614,3071.3806,3002.0563999999999,3071.3806,3007.0681,413358368,416254660.83499998,2.1387,0.00092596795069940004,1,-0.021173509649732601,-0.0344127401419176,0.0136135405531081,-0.014021900597935,-0.0072533143039732002,0.014493574274447901,0.18840644551533711,-2.1173999999999999
2024-04-18,3060.0309000000002,3102.5527000000002,3057.7606000000001,3074.2246,3071.3806,416321349,441432075.75620002,0.092600000000000002,-0.0029157271072517,0,0.0001766265800232,-0.051772051972178101,0.013315094599543401,-0.0014419375505031,0.0016209013690762001,0.0098997044120333003,-0.23281021723772341,0.0177
2024-04-19,3060.2988999999998,3080.3227000000002,3055.0576999999998,3065.261,3074.2246,375543855,396614941.12120003,-0.29160000000000003,-0.0067419381253340004,0,0.0082470661783526009,-0.0414834019010204,0.013479868738478701,8.6144091991924299e-05,0.0081602191316931007,0.018524056353003401,0.27556467086751002,0.82469999999999977
2024-04-22,3059.0648999999999,3078.4225999999999,3042.5419999999999,3044.5952000000002,3065.261,357216399,382192259.18949997,-0.67420000000000002,-0.0074288036715027001,0,-0.0098700892903456003,-0.029754767610211501,0.0133782173895368,-0.0085152634556480006,-0.0013664616153545,0.0128433827437907,0.050066164222585002,-0.98699999999999999
2024-04-23,3038.6118000000001,3044.9438,3016.5169000000001,3021.9775,3044.5952000000002,325595128,348651765.38489997,-0.7429,0.0075595533057408,1,0.017723589663304101,-0.0053474421793131,0.014008168518185,0.0115069273317416,0.0061459414301408,0.0139908802562106,-0.1520419956483002,1.7724
2024-04-24,3029.4027999999998,3045.6397999999999,3019.1239,3044.8222999999998,3021.9775,305264093,335157362.71340001,0.75600000000000001,0.0026529298606358001,1,0.019213054508654102,0.0356921084844148,0.013998586311890901,0.0101564406793005,0.0089655556947827002,0.0149542536227364,0.026603814700226901,1.9213
2024-04-25,3037.9272999999998,3060.2635,3034.6498999999999,3052.9000000000001,3044.8222999999998,292280148,315797661.21880001,0.26529999999999992,0.0117054931376723,1,0.022124995469111602,0.058419846614291102,0.0138660176672634,0.009759384583571,0.012246096519954701,0.0168287585722918,0.1018876710206502,2.2124999999999999
2024-04-26,3054.9793,3092.4299999999998,3054.9793,3088.6356999999998,3052.9000000000001,439382563,484160092.9824,1.1705000000000001,0.0079023563704843005,1,0.0048409216296237002,0.0548442041832383,0.013849019688896701,-0.0033224290997119002,0.0081905632951705006,0.019141609892758,-0.0518430983186383,0.48409999999999992
2024-04-29,3086.6819,3119.6857,3080.5857999999998,3113.0432000000001,3088.6356999999998,506925445,554918811.23179996,0.79020000000000001,-0.0026400854315159002,0,0.021210283872177001,0.087955971780322301,0.0144132284200893,0.0029887980819853,0.018167187734336301,0.0244171959450468,0.20178480480593031,2.121
2024-04-30,3110.1594,3123.2876000000001,3104.2943,3104.8245000000002,3113.0432000000001,440213213,473803228.5309,-0.26400000000000001,0.011561329794969001,1,0.0054251422711832,0.074808817268250602,0.0138714883083233,0.0049163935494287003,0.00050625974958750004,0.019940343830288702,0.2308358582746538,0.54249999999999976
2024-05-06,3132.5115000000001,3142.3816000000002,3126.7689,3140.7204000000002,3104.8245000000002,450656899,511256135.58050001,1.1560999999999999,0.0022343918293394002,1,0.014762897831783301,0.0689274924296506,0.0136264598203537,0.018463645835450002,-0.0036336574396144002,0.0132887500665946,0.020862616633241501,1.4762999999999999
2024-05-07,3139.6637000000001,3151.2190000000001,3133.6904,3147.7379999999998,3140.7204000000002,379102564,426951665.90619999,0.2233999999999999,-0.0061181076696980004,0,0.0055412666865846004,0.052526322647532701,0.0135725264931879,0.0006835924814568,0.0048543558039975,0.0108589991729773,0.32839334416215832,0.55410000000000004
2024-05-08,3141.4874,3144.9856,3126.1729,3128.4798000000001,3147.7379999999998,334000320,367220116.48280001,-0.61180000000000001,0.0082596985283393005,1,-0.0053250297389966002,0.0412725370219377,0.013744293869061701,-4.0369678603546802e-05,-0.0052848734090340001,0.012261078785464801,-0.32102425199774293,-0.53249999999999975
2024-05-09,3128.1644000000001,3158.4645999999998,3128.1644000000001,3154.3200999999999,3128.4798000000001,360881462,398979066.8962,0.82599999999999985,7.1996497755577593e-05,1,-0.0089564741655151006,0.0310099121602565,0.0140950152955652,0.0016867458143865,-0.010625297803305501,0.0166780577476397,0.1546808643893785,-0.89559999999999995
2024-05-10,3158.5891000000001,3163.1441,3137.1516999999999,3154.5472,3154.3200999999999,384287495,406707822.8448,0.0071999999999999001,-0.0020689181635956001,0,0.0122284433756728,0.0181621156107525,0.013831262419914401,-0.00041553227992330001,0.0126492318197337,0.015433666086777801,-0.002304351145014,1.2228000000000001
2024-05-13,3139.4753000000001,3157.3656000000001,3126.1696999999999,3148.0207,3154.5472,397030565,425963088.19459999,-0.2069,-0.0007135912416331,0,0.022973048056916901,0.026399767914128201,0.0143596991486474,0.0071000835589531,0.015761059657418301,0.018112711264167601,0.8064385092966635,2.2972999999999999
2024-05-14,3148.8488000000002,3155.8071,3137.6091000000001,3145.7743,3148.0207,343526194,370069674.87089998,-0.071400000000000005,-0.0082244298327442001,0,0.0079826278443845006,0.0288917715829759,0.0128639191127447,-0.0031164837204591001,0.0111338099021506,0.0156024569070981,-0.5482777152786209,0.79830000000000001
2024-05-15,3141.2518,3142.9724999999999,3117.9286999999999,3119.9020999999998,3145.7743,321027962,333005622.19819999,-0.82240000000000002,0.00080095461969780001,1,,,,,,,,
2024-05-16,3127.1840999999999,3137.8779,3116.1626999999999,3122.4009999999998,3119.9020999999998,367417361,377502921.4777,0.080100000000000005,0.0101285196872535,1,-0.0021632158099426,0.032162351855068501,0.0126197093721995,0.0046434591364084002,-0.0067752145146122,0.011953402186548201,-0.084692734483141199,-0.21629999999999991
2024-05-17,3121.7125999999998,3154.0263,3116.7842000000001,3154.0263,3122.4009999999998,383915244,389572549.3179,1.0128999999999999,0.0054276021731334001,1,0.015876303037007301,0.0580254517616711,0.010855664582645801,0.0099131212543337004,0.0059046482882281004,0.017223707396201202,0.52028298871300815,1.5875999999999999
2024-05-20,3156.1482000000001,3174.2658000000001,3155.9902999999999,3171.1451000000002,3154.0263,426867280,448816915.04280001,0.54279999999999995,-0.0041560381453374,0,0.0091388912256218004,0.0547961166933955,0.010660003949980601,0.0076685557217932004,0.001459145961715,0.013381136870224001,-0.2840274328055194,0.91390000000000005
2024-05-21,3164.6826000000001,3165.2237,3148.3420000000001,3157.9657000000002,3171.1451000000002,335783572,346584200.83139998,-0.41560000000000002,0.0001818259140685,1,0.0042247953191252002,0.035464635555968002,0.0107195675317038,0.0034684132495226001,0.00075376769175340003,0.0067281693763963004,-0.2230315789384622,0.42249999999999982
2024-05-22,3157.1889000000001,3166.9191000000001,3152.4569999999999,3158.5399000000002,3157.9657000000002,354098082,364137830.72530001,0.018200000000000001,-0.013345691786258501,0,-0.021164969632648301,0.0055223473010282001,0.0119955506407761,-0.0082780698118070008,-0.0129944689419095,0.015866597542704301,0.0045447598664516003,-2.1164999999999998
2024-05-23,3149.8751999999999,3150.6282000000001,3110.2773000000002,3116.3870000000002,3158.5399000000002,353943727,356689462.88209999,-1.3346,-0.0088296158339769004,0,-0.0013017269994411,0.0063904714919119001,0.011986510942587601,0.0002414074051722,-0.0015427619704493,0.0109398135960234,-0.21470098689756151,-0.13020000000000001
2024-05-24,3110.7532999999999,3130.4245000000001,3087.7941000000001,3088.8705,3116.3870000000002,306532279,322748606.36909997,-0.88300000000000001,0.011386751241270801,1,-0.017029423409531001,-0.0262079949299487,0.0128511367007627,-0.0089181895851131003,-0.0081842222702307003,0.0129300464689824,0.1095104032381576,-1.7029000000000001
2024-05-27,3094.1399999999999,3125.5064000000002,3091.9893000000002,3124.0427,3088.8705,319396765,345383767.84490001,1.1387,-0.0046320109517067002,0,-0.013767236869929001,-0.048311795110979501,0.0129592732753022,-0.0067005110577247002,-0.0071143959006054001,0.01778075978697,0.1142000077881791,-1.3767
2024-05-28,3122.3877000000002,3130.3103000000001,3106.3645000000001,3109.5720999999999,3124.0427,310066974,320985406.52810001,-0.4632,0.00046485495544550001,1,0.011736831866833801,-0.0411927550210784,0.0130734888723473,-0.00015691382743980001,0.011895612280326401,0.019700208609410401,-0.1998689389688017,1.1737
2024-05-29,3108.0266999999999,3128.1365000000001,3100.9796999999999,3111.0176000000001,3109.5720999999999,289970346,297512177.29180002,0.0465,-0.0062165511374798,0,-0.00032877701853930002,-0.020782888377169802,0.0124867975246668,-0.0007085436877732,0.00038003594130130001,0.0119198931341905,-0.1777979224368344,-0.032899999999999902
2024-05-30,3103.7078000000001,3121.2179999999998,3085.3841000000002,3091.6777999999999,3111.0176000000001,302380762,318475183.00480002,-0.62170000000000003,-0.0015733851696965,0,-0.018285270408412602,-0.0374351413865677,0.013367712257711,-0.0085940505261098005,-0.0097752286915825,0.014316864635335901,0.279003463397478,-1.8285
2024-05-31,3094.7586999999999,3107.6035000000002,3086.8134,3086.8134,3091.6777999999999,276072816,301121881.32010001,-0.1573,-0.0026968588383087001,0,-0.013358221920105001,-0.033840151234504103,0.0138081857028046,-0.0028808773713928002,-0.010507615701012401,0.020279796352331701,0.082695269964331006,-1.3358000000000001
2024-06-03,3085.9814000000001,3097.2042999999999,3061.2766000000001,3078.4886999999999,3086.8134,357563362,367608352.54699999,-0.2697,0.0041288116470916004,1,-0.0082599248828453004,-0.028444930232458001,0.0127793347097099,0.0098424646150149005,-0.017925953930607901,0.025989306748859901,0.4239711480666663,-0.82599999999999985
2024-06-04,3071.3195999999998,3095.3220999999999,3063.5879,3091.1992,3078.4886999999999,309287598,325589691.92040002,0.41289999999999982,-0.0083449167559307008,0,0.0178892133182075,-0.022536894464701501,0.012990320960874401,0.0112806636868827,0.0065348323849403001,0.016053996739973701,-0.53015288079537193,1.7888999999999999
2024-06-05,3086.0509000000002,3092.3458999999998,3064.7359000000001,3065.4034000000001,3091.1992,290542344,299722764.39950001,-0.83450000000000002,-0.0054183733207838003,0,0.0022316965023170001,-0.0200333029420077,0.0129354066041442,-0.0036727627609351001,0.0059262248813092,0.0111709804467087,-0.055465201762311601,0.22320000000000001
2024-06-06,3069.4393,3077.6725000000001,3040.8294999999998,3048.7939000000001,3065.4034000000001,369867104,371317019.03240001,-0.54179999999999995,0.00081501081460430005,1,-0.0010382718385434,-0.0028170142247039001,0.0128828711577928,0.0024761292358372001,-0.0035057204574635002,0.018941006098965901,0.0898468877180231,-0.1038
2024-06-07,3053.9153000000001,3065.0246999999999,3031.0443,3051.2786999999998,3048.7939000000001,316342484,318911097.48559999,0.081500000000000003,-0.0076143814722658002,0,0.0028135746291986,0.013527560601398,0.0127233406316095,0.0082833287019347009,-0.0054248185178049002,0.017198409114592202,-0.1500882790395667,0.28139999999999982
2024-06-11,3042.1338000000001,3043.1997000000001,3013.8611000000001,3028.0450999999998,3051.2786999999998,310481942,332683377.77249998,-0.76139999999999985,0.0031117105884586002,1,-0.0059452935573258,0.015893041940617102,0.0124899533225417,0.0046371666089365,-0.010533614042951001,0.0147947696570833,0.16815169548631201,-0.59450000000000003
2024-06-12,3025.2963,3042.0423000000001,3021.3085000000001,3037.4675000000002,3028.0450999999998,279452106,312058601.48290002,0.31119999999999992,-0.0028144498665417001,0,-0.0103778798330697,-0.0123186169241603,0.011384138234936701,-0.011097650943678801,0.00072784851941750002,0.014895777469857501,0.063895950844653202,-1.0378000000000001
2024-06-13,3038.0859,3040.4020999999998,3022.8224,3028.9187000000002,3037.4675000000002,297862463,336871037.06529999,-0.28139999999999982,0.0012263782451473,1,-0.013121453493937601,-0.027448871211459801,0.0113827230883074,-0.0079190860206179003,-0.0052438943235509003,0.011826363283257301,-0.116810131673299,-1.3121
2024-06-14,3020.9587999999999,3037.9045999999998,3011.5772999999999,3032.6333,3028.9187000000002,348746753,396194698.2999,0.1226,-0.0055208125558734002,0,0.0097442055453721005,-0.016951461495709901,0.0117407126332501,0.0092703469314030004,0.00046950612926430002,0.0112588806679063,-0.29764600232433103,0.97440000000000004
2024-06-17,3017.7168999999999,3026.6242000000002,3012.0452,3015.8906999999999,3032.6333,295763448,338146875.64770001,-0.55210000000000004,0.0047600199834825002,1,-0.0094326445138005009,-0.028956312781433902,0.010994187248340601,-0.0046685655258237001,-0.0047864247254419002,0.0100885404273149,0.1172600232043645,-0.94330000000000003
2024-06-18,3015.0713000000001,3031.9758000000002,3012.5234,3030.2464,3015.8906999999999,273625999,317319995.69209999,0.47599999999999992,-0.0040251842226425001,0,-0.00031546479780690003,-0.0234568069276609,0.010605799746325801,-0.0051784159654170003,0.0048882646352400002,0.020613339367665701,-0.2129948202134492,-0.0315
2024-06-19,3029.0992999999999,3030.2258999999999,3015.3263000000002,3018.0491000000002,3030.2464,261296248,300290286.69499999,-0.40250000000000002,-0.0041789247232590001,0,-0.0011468478132393,-0.0143477729840001,0.0104465938067423,0.0014367655880981,-0.0025799066801989001,0.010520112488096501,0.1854343432654168,-0.1147
2024-06-20,3015.7224000000001,3028.5142999999998,3001.7676999999999,3005.4369000000002,3018.0491000000002,295515907,324101266.44599998,-0.41789999999999983,-0.0024286651967304002,0,0.028737046867107,0.027458712977705,0.0120922976121337,0.0078518382075906008,0.020722498950500101,0.022865611159020902,0.320448450627838,2.8736999999999999
2024-06-21,2998.2413000000001,3011.9141,2985.9290999999998,2998.1377000000002,3005.4369000000002,255001251,280275384.75449997,-0.2429,-0.0116868548099041,0,-0.0051583281742817004,0.012294735772772901,0.012110845456926801,0.0012609608369654,-0.0064112047331609003,0.0133567439430201,-0.26965648367329281,-0.51580000000000004
2024-06-24,2982.8263000000002,2990.6428999999998,2960.1266999999998,2963.0989,2998.1377000000002,298653884,318595817.74110001,-1.1687000000000001,-0.0044219246276255,0,-0.0167327322348341,0.0048345258943094001,0.0120919183969084,-0.0074271951621243002,-0.0093751682771822005,0.0148216665975833,0.24455836942194861,-1.6733
2024-06-25,2962.7654000000002,2971.6534000000001,2935.5382,2949.9962999999998,2963.0989,273209938,296569297.31900001,-0.44219999999999993,0.0076368909344055004,1,-4.4928812792277562e-05,0.0051064555767914004,0.0117868402777441,-0.0067759305811014,0.0067769217194337001,0.013484190604663901,-0.23220002385393451,-0.0044999999999998002
2024-06-26,2943.4470999999999,2976.6689999999999,2933.3303999999998,2972.5250999999998,2949.9962999999998,282388409,276215175.47619998,0.76370000000000005,-0.0089730781415433003,0,0.0025066966353464002,0.0087828729790600003,0.011415316171262201,0.0033454054896602001,-0.00083591238842050004,0.015109517514981,-0.15179655982133511,0.25069999999999992
2024-06-27,2962.6963999999998,2963.0644000000002,2944.8978999999999,2945.8524000000002,2972.5250999999998,270548519,266670979.38769999,-0.89729999999999976,0.0073155056920026001,1,0.00094229481710160002,-0.0184727507122746,0.011428530576121801,-0.0076506814069684003,0.0086592251972859007,0.0122680920051566,-0.0108501378745433,0.094200000000000006
2024-06-28,2940.3031999999998,2985.4679000000001,2939.9839999999999,2967.4027999999998,2945.8524000000002,315201432,313347004.24910003,0.73160000000000003,0.0092092317227712005,1,-0.020644634888028701,-0.033751797077989101,0.011616996750535701,-0.0079563602512556005,-0.0127900367769975,0.015731956950634701,0.1951822189279592,-2.0644999999999998
2024-07-01,2965.2451999999998,2996.4086000000002,2961.8555999999999,2994.7303000000002,2967.4027999999998,297782235,294321888.83149999,0.92090000000000005,0.0007616044757019,1,,,,,,,,
2024-07-02,2992.8555999999999,3004.9870000000001,2989.4701,2997.0111000000002,2994.7303000000002,281364683,282559369.53479999,0.076200000000000004,-0.0048833652968452001,0,0.0001207915572345,-0.017189985644966901,0.0113125491260085,-0.0075229433402930002,0.0077016741558273002,0.0159331966243841,0.0072819956745159,0.0121
2024-07-03,2995.6642000000002,2998.5369000000001,2978.0686000000001,2982.3755999999998,2997.0111000000002,246284642,257840296.8267,-0.48830000000000001,-0.0083184022830657001,0,0.0028518038378857,-0.0143429198716863,0.0112284763229021,-0.0027761771380487,0.0056436487445541,0.0178749913226828,0.1771117241369797,0.28520000000000001
2024-07-04,2984.8303000000001,2995.5695000000001,2955.2894999999999,2957.567,2982.3755999999998,274268789,259006711.03920001,-0.83179999999999976,-0.0025810742410906002,0,0.011786164102483201,-0.0052194169170415002,0.010767112352378001,0.0040874234768819,0.0076674007119247002,0.011789540743108401,-0.0881136462600427,1.1786000000000001
2024-07-05,2954.3723,2957.1069000000002,2920.2046,2949.9333000000001,2957.567,272324556,271508929.39700001,-0.2581,-0.0093166513290318005,0,0.0027649585033737,-0.0034079733862983001,0.0107764824356276,0.0056261426798684001,-0.0028451768058356001,0.0106359960775521,-0.031250392986276403,0.27650000000000002
2024-07-08,2939.8366999999998,2947.6100000000001,2917.2321999999999,2922.4497999999999,2949.9333000000001,277533424,270872022.89850003,-0.93169999999999997,0.0126341263415372,1,-0.0126839609768651,0.0046928084432169004,0.0110840854510345,0.00041545837983420001,-0.0130939793532518,0.016940051962804702,-0.036758865176608403,-1.2684
2024-07-09,2919.5729000000001,2963.7822000000001,2904.0389,2959.3724000000002,2922.4497999999999,315062031,320361092.7852,1.2634000000000001,-0.0067611632790790001,0,-0.0154806762620079,-0.010979980935299,0.011443905153113,-0.0073956676578869002,-0.0081452481524476004,0.0158441673722064,-0.206085109896982,-1.5481
2024-07-10,2949.0261,2958.8593999999998,2935.3303999999998,2939.3636000000001,2959.3724000000002,301549456,306035255.3617,-0.67610000000000003,0.0105545976006505,1,-4.7363453446358506e-05,-0.013839161602643601,0.011428644347837301,-0.0024571931390329001,0.0024157656884618,0.013761651124225701,0.1087818348399594,-0.0047000000000000002
2024-07-11,2957.2501999999999,2971.3607999999999,2947.4027000000001,2970.3874000000001,2939.3636000000001,328372424,337653177.13510001,1.0555000000000001,0.00030554937042890002,1,-0.0029423799151184001,-0.028194678442167501,0.0112714402359472,0.0051514475356424002,-0.0080523462117126007,0.017736456121388501,0.0087676291082079,-0.29420000000000002
2024-07-12,2965.6120999999998,2977.1417000000001,2963.3033,2971.2950000000001,2970.3874000000001,303713014,302581575.97890002,0.030599999999999902,0.00091397858509480005,1,0.0206425602131909,-0.0108690346500052,0.012009013782485801,0.0090123039182860003,0.011526377081569001,0.013910519143275801,-0.16880878881794811,2.0642999999999998
2024-07-15,2963.8472000000002,2977.3126000000002,2959.1288,2974.0106999999998,2971.2950000000001,268992597,268733339.4738,0.091399999999999801,0.00077121444115820002,1,0.0258547256583967,0.0277404954378213,0.013194806175206601,0.0105336767545236,0.015161344204854901,0.0166629935628155,0.31537930501873013,2.5855000000000001
2024-07-16,2963.9000999999998,2977.3613,2959.6655000000001,2976.3042999999998,2974.0106999999998,260783630,279121370.47299999,0.077100000000000002,-0.0045188255784195004,0,-0.0151661420688796,0.028068837929109702,0.0134829062134074,-0.0050236752311490001,-0.01019367655817,0.0162299148653774,-0.27380095475097632,-1.5165999999999999
2024-07-17,2970.8081000000002,2972.7948999999999,2957.9479999999999,2962.8548999999998,2976.3042999999998,282307991,305469105.97829998,-0.45190000000000002,0.0048191695111361003,1,-0.0159836233912856,0.0116844896745633,0.0139665849279061,-0.0094849338974262003,-0.0065609193804896,0.0095232333144981002,0.0037023128386124001,-1.5984
2024-07-18,2951.1433999999999,2978.0918999999999,2937.9045000000001,2977.1334000000002,2962.8548999999998,278022665,301283750.60470003,0.4819,0.0017383164624062001,1,0.00064474350715640002,0.0153242363208553,0.0139679040043177,0.00077786640102250003,-0.00013301942252660001,0.0084047928754432,0.16615054788054801,0.064500000000000002
2024-07-19,2963.5144,2986.2424999999998,2955.1199000000001,2982.3085999999998,2977.1334000000002,280932413,319112460.47009999,0.17380000000000001,-0.0060668101215279003,0,0.0021984947639182,-0.0030237215215287,0.012203163750025701,-0.0048581097116532001,0.0070910535918922001,0.0135506197782224,-0.31189750144215012,0.2198
2024-07-22,2978.1932000000002,2978.6007,2946.5608000000002,2964.2154999999998,2982.3085999999998,278749559,316415459.85519999,-0.60670000000000002,-0.016478896355544701,0,-0.0202903409247507,-0.0478697758424085,0.0128774668689321,-0.0098214632242140006,-0.0105727172542291,0.014272367438933,0.33151615474596752,-2.0289999999999999
2024-07-23,2960.5003999999999,2960.5003999999999,2915.3681999999999,2915.3685,2964.2154999999998,296295994,307194049.86180001,-1.6478999999999999,-0.0046020597396179003,0,0.0125275007922983,-0.021095762974343402,0.012835668920381901,0.0027242434124408002,0.0097766234777525007,0.021786483618943302,-0.27594262106127943,1.2527999999999999
2024-07-24,2909.1520999999998,2922.0297999999998,2894.2885000000001,2901.9517999999998,2915.3685,306118853,288660361.55070001,-0.4602,-0.0052413689296975001,0,-0.0094421145981939004,-0.014588238479510801,0.0129693134305842,0.0024762019247123001,-0.0118888772621474,0.014505655515914101,0.038084628754647902,-0.94420000000000004
2024-07-25,2891.8917999999999,2897.7674000000002,2872.8497000000002,2886.7415999999998,2901.9517999999998,274639500,273281622.45859998,-0.52410000000000001,0.0014395815683676001,1,-0.0090621522482793003,-0.024147364540308702,0.0130393813676096,-0.00085463920830530001,-0.0082145335023831,0.0152089143506117,-0.0037397901907175002,-0.90620000000000001
2024-07-26,2885.9953,2899.1161999999999,2875.3959,2890.8973000000001,2886.7415999999998,278387536,275443434.96289998,0.14399999999999991,0.0003279258657855,1,-0.017681192070960201,-0.043504452872894603,0.0134707482939756,-0.0029010371987833001,-0.0148231574032071,0.0187129030301454,0.083878294167488904,-1.7681
2024-07-29,2889.4726000000001,2898.9512,2878.5825,2891.8453,2890.8973000000001,256899727,260094898.44150001,0.032800000000000003,-0.0043383026056059001,0,0.00096089554994800003,-0.022756762094607301,0.012832620207248501,0.0043928333892972,-0.0034169278446244001,0.017912998376356602,-0.0113829824577074,0.096100000000000005
2024-07-30,2885.2152000000001,2885.2152000000001,2865.1493,2879.2995999999998,2891.8453,262478837,269477482.59039998,-0.43380000000000002,0.020647278247807301,1,0.0127504874771682,-0.022541545984663101,0.013242602873458201,0.0102894548069449,0.0024359678887211,0.0120167014172235,-0.050002336949177002,1.2749999999999999
2024-07-31,2877.5409,2940.5927000000001,2876.3009000000002,2938.7492999999999,2879.2995999999998,412723417,418871723.4034,2.0647000000000002,-0.0021649345862879,0,-0.0136573475172203,-0.026701035412860001,0.0134832004073675,-0.0025507096390951002,-0.0111350401323223,0.0129229380555203,0.12248456573578,-1.3656999999999999
2024-08-01,2940.1199999999999,2947.8768,2928.8262,2932.3870999999999,2938.7492999999999,346621137,352586120.37010002,-0.2165,-0.0092244301579418007,0,0.0200959718071787,0.001938068459163,0.014050238902437701,0.0039963747382064001,0.016035513149308001,0.022608482900868102,0.0482778391531207,2.0095999999999998
2024-08-02,2913.0198,2931.2593000000002,2902.7202000000002,2905.3375000000001,2932.3870999999999,312205039,314917985.4095,-0.9224,-0.0153647209661528,0,-0.0022854375425204001,0.0176413130984647,0.0140111011373349,-0.00096571843686220002,-0.0013209948147058,0.0092726266388385003,-0.3258995064199634,-0.22850000000000001
2024-08-05,2889.3634000000002,2919.0252,2860.6977999999999,2860.6977999999999,2905.3375000000001,355540572,356863001.41890001,-1.5365,0.0023022005330308,1,-0.020771501349902001,-0.0044532412605141,0.0144470547543067,-0.016162996042753001,-0.0046842162762859001,0.0121115564554902,0.22993585733318331,-2.0771999999999999
2024-08-06,2878.6507999999999,2888.2008999999998,2845.335,2867.2837,2860.6977999999999,297300803,295835558.778,0.2301999999999999,0.00088937833392630004,1,-0.0145849844590099,-0.031324361858508301,0.0144055592064436,-0.015856117638241501,0.0012916131492695,0.029692231157398101,0.41004075038163451,-1.4584999999999999
2024-08-07,2864.0101,2886.9416999999999,2857.7247000000002,2869.8337999999999,2867.2837,263097150,263793649.80509999,0.088900000000000007,2.355537104636873e-05,1,-0.0030553898706220002,-0.020912302658780101,0.0143963710053196,0.0097578444829310006,-0.012689413034582001,0.017835883284346501,-0.4132757167194292,-0.30549999999999983
2024-08-08,2864.7579999999998,2886.3993999999998,2850.8744999999999,2869.9014000000002,2869.8337999999999,289128632,271107919.48140001,0.0023999999999999,-0.0026855626468561002,0,0.0138472572795413,-0.026909816311704901,0.014849301080718901,0.0022490079496182,0.0115722233077093,0.018229939437772,-0.0675837884794247,1.3847
2024-08-09,2879.8726000000001,2887.8489,2862.1941000000002,2862.1941000000002,2869.9014000000002,284253916,252884027.03780001,-0.26860000000000001,-0.001393860744804,0,0.0008277115700687,-0.0238735021635414,0.0139173448971912,-0.0062105029903080002,0.0070821985758096001,0.0212135898745455,-0.069892340447196902,0.082799999999999901
2024-08-12,2858.8946000000001,2869.2687999999998,2851.2952,2858.2046,2862.1941000000002,244241371,217626684.5266,-0.1394,0.0034082234700761002,1,0.011745323034863401,0.0085403153991824004,0.0127029545176887,0.0121674205814287,-0.00041702344689450001,0.010233941497161701,0.0145786759177468,1.1745000000000001
2024-08-13,2860.4099000000001,2867.9459999999999,2845.3099000000002,2867.9459999999999,2858.2046,231674601,210908509.41350001,0.34079999999999983,-0.0060294370953985002,0,0.0012533476729104001,0.0247503347634139,0.012424531429427401,0.00074604028149390003,0.00050692920181160002,0.0093521269169576007,-0.1793972449106532,0.12529999999999991
2024-08-14,2866.2433999999998,2866.2433999999998,2850.4009999999998,2850.6538999999998,2867.9459999999999,217885170,207457552.38460001,-0.60289999999999977,0.0093676752551404008,1,0.0036472227985027,0.031639889615998701,0.012073565026920301,0.0028378327046192,0.00080709968001570003,0.0104133733450603,0.076173407612458,0.36470000000000002
2024-08-15,2844.2004999999999,2889.0866000000001,2839.3874999999998,2877.3579,2850.6538999999998,271900000,254987115.6349,0.93679999999999997,0.0007200703117257,1,-0.0035344001360191001,0.013953190748116,0.0120703541426007,0.0034715145981786002,-0.0069816777380106,0.0115598757661262,-0.20614585213378511,-0.35339999999999983
2024-08-16,2877.9403000000002,2888.6752999999999,2873.0601000000001,2879.4297999999999,2877.3579,263653441,243608265.3924,0.0719999999999998,0.0049468127335487002,1,-0.00024659096752480001,0.0128647991366238,0.012040864389764001,-0.0061443223306236004,0.0059341929574010001,0.0208714127441951,0.42443322826338892,-0.0247
2024-08-19,2877.9542000000001,2905.1547,2877.7709,2893.6738,2879.4297999999999,261687730,242994885.2902,0.49469999999999992,-0.0093351227080260002,0,0.018763070499160001,0.0198903115990831,0.0120592551694545,0.0103395027453163,0.0083373635604219003,0.0127434809698206,0.058373803791829,1.8763000000000001
2024-08-20,2895.5506,2896.5194000000001,2855.3292999999999,2866.6610000000001,2893.6738,263658002,237307803.96419999,-0.9335,-0.0035152743906586002,0,0.0079982054094739005,0.026760715652786201,0.0118544782957816,0.0080033688732630004,-5.1224667978466698e-06,0.0079293592256180004,-0.077439481378352201,0.79979999999999996
2024-08-21,2858.9387999999999,2863.8910000000001,2848.1509000000001,2856.5839000000001,2866.6610000000001,229200027,209909187.787,-0.35149999999999992,-0.0027347700167321002,0,-0.0033290513085976001,0.019623781447136002,0.0116790219000492,0.00524315620701,-0.0085274965193021003,0.0120492419564051,-0.18546448701145471,-0.33289999999999992
2024-08-22,2856.2001,2861.6071000000002,2845.5023999999999,2848.7718,2856.5839000000001,245399415,230124077.18959999,-0.27350000000000002,0.0019642499971389,1,-0.0068568015222364,0.016224166382288401,0.0115972536575849,-0.0112625834614427,0.0044559676467290001,0.010470513526292901,0.048952441221180303,-0.68569999999999975
2024-08-23,2844.7703000000001,2860.7327,2839.3371000000002,2854.3674999999998,2848.7718,226692565,214581900.32319999,0.19639999999999991,0.0004038723114665,1,0.0143746682912608,0.031086308253950701,0.0111901896640559,0.0061307537630075001,0.0081936810870957,0.0151147058163959,0.35754173588170152,1.4375
2024-08-26,2855.4740999999999,2860.6545000000001,2844.3827999999999,2855.5203000000001,2854.3674999999998,227351523,216806649.03690001,0.040399999999999901,-0.0023775351903468,0,-0.001638229125333,0.0104382289089715,0.0112166957821585,-0.0067921319653080001,0.0051891482194688001,0.0080845757043249006,-0.3605082849390015,-0.1638
2024-08-27,2850.8773000000001,2853.7804000000001,2843.1576,2848.7312000000002,2855.5203000000001,230693006,215686326.23590001,-0.23780000000000001,-0.0039673451816022,0,0.0105966920469451,0.0130430056057149,0.0111155801150665,0.0055172296319008001,0.0050515916240476003,0.0066306686880041,-0.041764769812019001,1.0597000000000001
2024-08-28,2844.3269,2852.5621000000001,2830.9614999999999,2837.4292999999998,2848.7312000000002,228730623,213862368.72749999,-0.3967,-0.0050479848079384004,0,0.0042665965493042003,0.020763425214207001,0.0105223934707154,-0.0075808779615174002,0.0119379748412005,0.0143184373267082,0.31616728784288561,0.42670000000000002
2024-08-29,2829.4506000000001,2831.4308999999998,2815.3829000000001,2823.1060000000002,2837.4292999999998,277510534,257644228.80759999,-0.50480000000000003,0.006768502493353,1,-0.010194314076847,0.0173330933626052,0.0100334183931937,-0.0014926149685558,-0.0087147068101226001,0.0122922549059645,-0.21282156281930931,-1.0194000000000001
2024-08-30,2819.6498000000001,2867.9648999999999,2817.0140999999999,2842.2141999999999,2823.1060000000002,397516975,384092892.13840002,0.67689999999999995,-0.0109700387817357,0,0.0053056529762692001,0.0082376282523666002,0.0100445284317454,-0.0044109210425916003,0.0097596229450773002,0.016653431265878801,0.26875316805568872,0.53059999999999985
2024-09-02,2832.3499000000002,2839.2784000000001,2810.3739,2811.0349999999999,2842.2141999999999,340714193,314813036.7155,-1.097,-0.0028659550663722002,0,0.0113992101795088,0.021404034726125901,0.0088027688414839007,0.00045484394748300001,0.0109393905164598,0.023866657071277102,0.50876316785684117,1.1398999999999999
2024-09-03,2809.1732999999999,2814.9029999999998,2794.9110999999998,2802.9787000000001,2811.0349999999999,275736139,252782482.52509999,-0.28660000000000002,-0.0066716168767176004,0,-0.0165155841852857,-0.0059981807690772,0.0090141380509957004,-0.0070309360072532004,-0.0095518063170009007,0.0120445359320966,-0.43495141033780271,-1.6516
2024-09-04,2786.5046000000002,2800.6064999999999,2781.9351999999999,2784.2782999999999,2802.9787000000001,257453500,234711697.25760001,-0.66720000000000002,0.0014494959070722,1,-0.00228804367179,-0.0124858249131311,0.0089889068142930007,-0.0014718541801732,-0.00081739257429380003,0.0080155008176024008,-0.21946823458474171,-0.2288
2024-09-05,2785.2635,2796.0185999999999,2777.471,2788.3141000000001,2784.2782999999999,242040948,227514507.2378,0.1449,-0.0080720819795732004,0,-0.010999071466488101,-0.0132887191994324,0.0091226041376334006,-0.0100133189889352,-0.00099572296926880009,0.0112030202549473,0.051461220488903302,-1.0999000000000001
2024-09-06,2791.7645000000002,2804.0931999999998,2765.6394,2765.8065999999999,2788.3141000000001,253645375,228570135.02689999,-0.80720000000000003,-0.010600524273823001,0,,,,,,,,
2024-09-09,2754.7237,2756.556,2726.9666999999999,2736.4875999999999,2765.8065999999999,261468847,236605848.4738,-1.0601,0.0028154704592852002,1,-0.00074696374132610002,-0.019229385280372501,0.0091375731654406,0.00072290509321580002,-0.0014688070264614001,0.0127808703960625,-0.0165133039226113,-0.074700000000000003
2024-09-10,2737.8809999999999,2750.1181000000001,2718.6273000000001,2744.1921000000002,2736.4875999999999,262159015,226408492.9619,0.28149999999999992,-0.0081615641995326001,0,-0.014178843519086401,-0.044032848835431702,0.0094630741585227003,-0.010456710788051,-0.0037614652856668,0.0136697947180452,0.40648381743898182,-1.4178999999999999
2024-09-11,2732.7314000000001,2732.7314000000001,2710.6208000000001,2721.7952,2744.1921000000002,242264900,219755948.41139999,-0.81620000000000004,-0.0017165508999353,0,0.0021591025390534,-0.025880667896226402,0.0094697705183226007,0.00049194741396150002,0.0016663353757131001,0.0095627366697370007,-0.32109008202891332,0.21590000000000001
2024-09-12,2722.1381999999999,2734.6831999999999,2716.5551999999998,2717.1230999999998,2721.7952,240084315,218571098.69729999,-0.17169999999999991,-0.0047968014404646004,0,-0.0072751157734467003,-0.0307498120555262,0.0095868152551251001,-0.0105749708861913,0.0033351239514327002,0.0093233817393317004,0.097182097838144701,-0.72750000000000004
2024-09-13,2718.9863999999998,2728.7797,2703.3688999999999,2704.0895999999998,2717.1230999999998,251270038,227818801.14930001,-0.47970000000000002,0.0048784256261330001,1,0.0076966644475240003,-0.0124274373988247,0.0097061430559212004,0.0040090690648212001,0.0036728705908378001,0.012095593414114701,-0.2574088386676685,0.76970000000000005
2024-09-18,2705.3451,2724.1140999999998,2689.6952000000001,2717.2813000000001,2704.0895999999998,247817132,213090588.64469999,0.48780000000000001,0.0068969303987773001,1,,,,,,,,
2024-09-19,2723.2053000000001,2747.7402000000002,2697.7755999999999,2736.0221999999999,2717.2813000000001,315208389,280536046.23199999,0.68969999999999976,0.00028936168719670001,1,0.0136550546087388,0.024714388749275201,0.0092539212857221005,-0.0020301777280834002,0.015717140926280002,0.019953369624362501,0.38987914469230123,1.3654999999999999
2024-09-20,2734.2276999999999,2741.1552000000001,2717.9450999999999,2736.8139000000001,2736.0221999999999,285644627,255433329.89250001,0.028899999999999901,0.0044225878858622,1,0.019996579845322701,0.0528648857804008,0.0101948497433788,-0.0014773482702737,0.021505699523588901,0.026537342539815701,0.72424557661981825,1.9997
2024-09-23,2735.3895000000002,2760.4798999999998,2731.3571000000002,2748.9177,2736.8139000000001,257642154,235214505.87709999,0.44230000000000003,0.041546460266889601,1,0.0136239282835436,0.0590578287382129,0.010342627105299301,0.0031182757495075001,0.010472994848176201,0.0170997204266214,0.1531162423072753,1.3624000000000001
2024-09-24,2770.7543000000001,2863.1518999999998,2761.3717000000001,2863.1255000000001,2748.9177,477619545,442795296.86879998,4.1546000000000003,0.0115888039137648,1,-0.00062765046769800001,0.050550719698038302,0.0099725515261416004,-0.0011589078443711,0.0005318737693563,0.0117391449604211,-0.38532630105844662,-0.0627999999999998
2024-09-25,2901.4185000000002,2952.4511000000002,2889.0479999999998,2896.3056999999999,2863.1255000000001,568259816,516698093.56220001,1.1589,0.036131165297917101,1,0.0412914702657022,0.090599766274138904,0.0132794668643176,0.0179102334561471,0.0229698415843291,0.025744898781231401,0.79086817104311891,4.1291000000000002
2024-09-26,2893.7451000000001,3000.9526000000001,2889.0142999999998,3000.9526000000001,2896.3056999999999,576319261,524669070.87059999,3.6131000000000002,0.028849505986865601,1,0.0067650637665415004,0.083186768757906204,0.013204959468895701,0.031150134522350801,-0.023648419312969401,0.0273523517201597,0.079791569611408805,0.67649999999999977
2024-09-27,3049.1026000000002,3087.5286000000001,3017.4452999999999,3087.5286000000001,3000.9526000000001,492287163,480612559.5395,2.8849999999999998,0.080636921063662201,1,0.041584810576556303,0.1061124200306888,0.015692616842334101,0.0090683827257945007,0.0322242064139645,0.0406438358312727,0.13233752604532431,4.1585000000000001
2024-09-30,3194.7224000000001,3358.5882999999999,3153.6970000000001,3336.4974000000002,3087.5286000000001,1102337917,1167772549.9904001,8.0637000000000008,0.045939703115009001,1,0.035519945715292101,0.13000634770411901,0.0165814626522886,0.026206825940622,0.0090752853511119006,0.023818318880498301,0.26229800901831962,3.552
2024-10-08,3674.4047999999998,3674.4047999999998,3372.1867999999999,3489.7750999999998,3336.4974000000002,1313460195,1510513250.8171,4.5940000000000003,-0.066169679530351203,0,0.0159612998622942,0.1195930652423626,0.019887892269276501,0.0093011922925188006,0.0065987314992146003,0.0229508283242153,0.0985426227506494,1.5961000000000001
2024-10-09,3427.2199000000001,3437.1570999999999,3249.1590999999999,3258.8578000000002,3489.7750999999998,992757256,1264311454.4295001,-6.617,0.013215703980701401,1,-0.094069727070993703,-0.0097895870477833005,0.0312834657100661,-0.010846423645593101,-0.084135876788845806,0.0926216613318393,0.79214333941204451,-9.407
2024-10-10,3277.6916000000001,3379.8053,3228.1248000000001,3301.9259000000002,3258.8578000000002,834500257,947788514.98899996,1.3216000000000001,-0.025496695731421201,0,-0.013836331324584301,-0.080489740341734506,0.031269842919400902,0.017358132804887901,-0.030662225153169902,0.058643489995360003,-0.34744544807172062,-1.3835999999999999
2024-10-11,3287.8726999999999,3297.7516999999998,3187.9881999999998,3217.7377000000001,3301.9259000000002,606027433,664332794.4619,-2.5497000000000001,0.0206930477894453,1,,,,,,,,
2024-10-14,3241.4274999999998,3294.6199000000001,3203.9009999999998,3284.3225000000002,3217.7377000000001,631466859,701499242.56930006,2.0693000000000001,-0.0252808912644845,0,0.029787897994111402,-0.038959441535965901,0.031531322973446602,0.019806912164611001,0.0097871329468781007,0.030949390519274901,-0.27523720083999592,2.9788000000000001
2024-10-15,3265.7460999999998,3285.2147,3201.2919000000002,3201.2919000000002,3284.3225000000002,566054558,619091471.86039996,-2.5280999999999998,0.00051732239724820001,1,-0.0074868318152002001,-0.072305466847459601,0.031537822455601702,-0.001097780065669,-0.0063960732312230003,0.030825833639971201,-0.0503534974939173,-0.74870000000000003
2024-10-16,3169.1685000000002,3236.848,3167.7363999999998,3202.9479999999999,3201.2919000000002,515813997,533062408.93199998,0.051700000000000003,-0.010479002468975301,0,-0.036698656939525003,-0.1203903240636922,0.033296435647853,-0.0022130701037839,-0.034562075130938001,0.044579044956897601,-0.15749348269472191,-3.6699000000000002
2024-10-17,3220.7334000000001,3241.5675000000001,3169.3843000000002,3169.3843000000002,3202.9479999999999,528611772,557347351.398,-1.0479000000000001,0.029084197836153701,1,-0.0015719439986339001,-0.030579940831823801,0.033376548665005702,-0.0085654706800946008,0.0070539470581664002,0.0205150011393395,-0.16533794989476461,-0.15720000000000001
2024-10-18,3165.9744999999998,3313.9784,3152.8213000000001,3261.5632999999998,3169.3843000000002,693014623,827948922.13909984,2.9083999999999999,0.0020072276383537001,1,-0.0102406238523969,-0.0270452831870929,0.033618778573561103,0.0091261087847546007,-0.019191588116250501,0.039730170036255001,-0.13132503378135141,-1.0241
2024-10-21,3276.0598,3300.6640000000002,3239.0965000000001,3268.1100000000001,3261.5632999999998,668150299,855781454.01709986,0.20069999999999991,0.0054333850451787,1,0.0361076940699534,-0.021074271667863301,0.0341989955735435,0.0013720734495072,0.034688026100817303,0.0445398449133678,0.2291743028212298,3.6107999999999998
2024-10-22,3263.8224,3294.9612000000002,3255.1374999999998,3285.8669,3268.1100000000001,574913781,698861461.33510005,0.54330000000000001,0.0051541649480687001,1,-0.015653156996381801,-0.029128800395583802,0.0345119716382822,-0.0035166128231392002,-0.0121793743171442,0.020307525772551401,-0.19465141177376211,-1.5652999999999999
2024-10-23,3285.2474000000002,3331.0823,3277.0663,3302.8027999999999,3285.8669,650444128,760066419.54990005,0.51539999999999975,-0.0068245975811816002,0,0.0010005635189365,0.0088666697180294005,0.034500097461743401,-0.0021959659075925001,0.0032035643446126001,0.0121806034242808,-0.3897221319492043,0.1000999999999999
2024-10-24,3287.8243000000002,3292.9448000000002,3266.8823000000002,3280.2624999999998,3302.8027999999999,519827074,585248946.96029997,-0.6825,0.0059256843011799001,1,0.012742116059603001,0.023330383967939902,0.034486695172154601,0.0012922613109451,0.0114350776402358,0.024070501172011101,0.32601328860885892,1.2742
2024-10-25,3280.7615999999998,3319.3571000000002,3276.1302999999998,3299.7003,3280.2624999999998,595651707,677255321.34930003,0.59260000000000002,0.0068179525273856,1,-0.0130312160557607,0.020445139473382602,0.033779759675495402,-0.0088679513394653003,-0.0042005146760433001,0.0114161024848086,-0.2620029519960223,-1.3030999999999999
2024-10-28,3300.4634000000001,3322.1975000000002,3279.7150000000001,3322.1975000000002,3299.7003,672373131,717510218.01890004,0.68179999999999985,-0.0107731403686867,0,0.0049063867460695,-0.0102845062826527,0.033775270972039202,0.0015778721128064,0.0033232709367286002,0.0128123410780678,0.090777147150610901,0.49059999999999993
2024-10-29,3328.0884999999998,3340.4584,3284.2107999999998,3286.4070000000002,3322.1975000000002,725326154,806573822.26189983,-1.0772999999999999,-0.0061371583008433001,0,0.00044730125812580002,0.0059037642478975,0.032613924535477401,0.00012578830168780001,0.00032147251895560001,0.0116788852922393,-0.0020123430456012001,0.0446999999999999
2024-10-30,3273.6421,3291.6795000000002,3244.8063000000002,3266.2377999999999,3286.4070000000002,669018090,730619786.74629986,-0.61370000000000002,0.0041597093757228002,1,0.0049409302036565001,0.0098634320294450004,0.031671972807089402,0.0063409737001538001,-0.0013912217956794,0.0158422397589051,0.052036655976564802,0.49409999999999982
2024-10-31,3267.9749999999999,3295.7420999999999,3252.3899000000001,3279.8244,3266.2377999999999,784649094,864970968.96259999,0.41599999999999993,-0.0023812860225077,0,-0.0154822391423854,-0.018280696430420702,0.031356358955287801,-0.0055354439417346002,-0.0100021616055142,0.019875716989499002,0.14477794837513611,-1.5482
2024-11-01,3275.5767999999998,3305.3181,3258.7345999999998,3272.0142000000001,3279.8244,852055320,878112793.94449985,-0.23810000000000001,0.0116726266041264,1,-0.003106379387497,-0.0084086478909807007,0.027589567224287102,0.0016466607525573,-0.0047452263620421003,0.0115781447491343,-0.11325037595081611,-0.31059999999999982
2024-11-04,3275.6786999999999,3310.2071999999998,3263.8420999999998,3310.2071999999998,3272.0142000000001,665077454,692341763.2723,1.1673,0.0231948320334751,1,0.0093073253227661003,-0.0040660218599669002,0.027648473252139202,0.0054411677124897003,0.0038452350415216002,0.0154488803400841,0.012459881926224201,0.93069999999999997
2024-11-05,3306.8098,3386.9868999999999,3302.0472,3386.9868999999999,3310.2071999999998,821124902,929931429.36860001,2.3195000000000001,-0.0009390942728476,0,0.0029790655906465,-0.0015456790890591,0.026691123534639202,0.0038046602943564,-0.0008224655018714,0.0091346958002930002,-0.28585380696598861,0.2979
2024-11-06,3395.2217000000001,3420.9985999999999,3367.0812000000001,3383.8062,3386.9868999999999,895855930,1026807640.3578,-0.0938999999999999,0.025667752485352101,1,0.021366212358125702,0.0147735825176777,0.026937022582987701,-0.0076615945918614,0.029251923327555201,0.0290278069499872,0.24492124759266251,2.1366000000000001
2024-11-07,3359.9850999999999,3470.6608999999999,3356.2579999999998,3470.6608999999999,3383.8062,959556680,1048841306.1208,2.5668000000000002,-0.0052911536243717,0,-0.022306405921463102,0.0077396980664002002,0.0174808323849991,-0.0102427908451339,-0.0121884589116862,0.023694040597001802,0.2154311110452713,-2.2305999999999999
2024-11-08,3502.1331,3509.8182000000002,3443.1930000000002,3452.2970999999998,3470.6608999999999,964034562,1107932295.5713999,-0.52910000000000001,0.0051468919056822,1,0.0202041251549538,0.0313038179721448,0.0177981603440555,-0.0074017522316754004,0.0278117329430069,0.029986298822010302,0.1007004775700117,2.0204
2024-11-11,3432.3672000000001,3471.1221999999998,3416.7266,3470.0657000000001,3452.2970999999998,818025436,1024334899.5108,0.51470000000000005,-0.0138601410342172,0,-0.010745303612693701,0.010814169019180701,0.016604582617947301,0.0117699612567734,-0.022253343874233701,0.031036579371116702,-0.038725178741707,-1.0745
2024-11-12,3469.8908000000001,3489.4243999999999,3402.0421999999999,3421.9701,3470.0657000000001,817926524,1039600859.2871,-1.3859999999999999,0.0050578174251141002,1,-0.014533830498466,-0.0068355348627348001,0.016820254161467901,-0.022676847327238701,0.0083319594000238004,0.017060341496290501,-0.1293063798613403,-1.4534
2024-11-13,3406.9164000000001,3442.2982999999999,3404.5254,3439.2777999999998,3421.9701,673662348,829435316.98940003,0.50580000000000003,-0.017282378294652002,0,-0.028396337579851601,-0.055224051826608,0.015986827594193901,-0.0045449805722149001,-0.0239602559052309,0.0370065398961077,0.1684946823811532,-2.8395999999999999
2024-11-14,3429.5054,3441.7746000000002,3376.1527999999998,3379.8389000000002,3439.2777999999998,631556690,762884198.78429985,-1.7282,-0.014531047618867201,0,-0.0011805382004625,-0.034809464037572402,0.015986398825834702,-0.0088154914021751005,0.0077028576773391002,0.011687479341841001,-0.41151415737302871,-0.1181
2024-11-15,3369.8092000000001,3391.3204000000001,3330.7262999999998,3330.7262999999998,3379.8389000000002,630285583,745937122.42830002,-1.4531000000000001,-0.0020649249984905,0,-0.019554618393871601,-0.0724242531262317,0.016399058313681401,-0.0099473098779475008,-0.0097038355753973002,0.023536770844630801,0.1453226919451982,-1.9555
2024-11-18,3344.6904,3386.9031,3309.0075999999999,3323.8485999999998,3330.7262999999998,743950692,755809644.46329999,-0.20649999999999991,0.0066673313579923002,1,-0.00048724493602280003,-0.0628057732006507,0.0138210813336239,0.0034585643716416002,-0.0039322095079584,0.0141954464465335,-0.1160926223101198,-0.0487
2024-11-19,3324.8831,3346.7577000000001,3284.1329999999998,3346.0097999999998,3323.8485999999998,625024151,651575376.25600004,0.66669999999999985,0.0065688689853807001,1,0.0077353737245411001,-0.041627400691146302,0.0137124903408299,0.0087077648182827001,-0.00096399683600820001,0.015991174868760501,0.074892912960066602,0.77349999999999985
2024-11-20,3337.6777999999999,3375.2482,3333.0023000000001,3367.9893000000002,3346.0097999999998,566154289,627858323.15699995,0.65690000000000004,0.00071692626814440002,1,0.0044471438109046002,-0.0092311738671269003,0.0137758080390774,0.0062932244142372001,-0.0018345354599867,0.012054180984348101,-0.22756870377235031,0.44469999999999982
2024-11-21,3362.9443999999999,3378.5174999999999,3348.8552,3370.4038999999998,3367.9893000000002,530331830,614517433.70009995,0.0717,-0.0306231250207132,0,0.0021023542400781,-0.0059747420353167,0.0133767117610698,-0.0020484477211017002,0.0041593221150879002,0.0090023886690530006,-0.2066881226974803,0.2102
2024-11-22,3368.0430000000001,3372.0034000000001,3267.1916000000001,3267.1916000000001,3370.4038999999998,630687790,707626460.33179998,-3.0623,-0.001050412837741,0,-0.0052727707319102004,0.0085049195274082001,0.0131666743431739,-0.0029926399428366001,-0.0022869748814519,0.0107647750495938,0.010491550776055901,-0.52729999999999977
2024-11-25,3274.884,3285.4555,3232.9178000000002,3263.7597000000001,3267.1916000000001,538897390,596502088.2924,-0.105,-0.001226346412697,0,-0.018934641966704802,-0.010108440395874701,0.0135690442218431,0.00063465793518830001,-0.0195568879677568,0.029427415080064401,0.44284911023437512,-1.8935
2024-11-26,3256.8575999999998,3285.3281000000002,3252.8661000000002,3259.7572,3263.7597000000001,472219304,509490596.2608,-0.1226,0.0153452226441894,1,-0.0041071306923515004,-0.021741251421977401,0.0135406173286589,0.0040234072128038003,-0.0080979565284496,0.0129485381412451,0.30349413198686642,-0.41070000000000001
2024-11-27,3250.5909999999999,3309.8805000000002,3227.3553000000002,3309.7788999999998,3259.7572,511202303,571617596.02349997,1.5345,-0.0042542418770024001,0,0.00042869846415230002,-0.025654926064157701,0.0134288043299271,-0.0050436034899501003,0.0055000419850532003,0.012602481647162701,-0.60925311630134615,0.042900000000000001
2024-11-28,3308.2797,3319.2559000000001,3290.3640999999998,3295.6983,3309.7788999999998,511953047,558164131.74699998,-0.4254,0.0093325896973033007,1,0.023170591673973801,-0.0051702587311549001,0.014401699261209801,0.0014536097540607,0.0216854597241369,0.031284709173660802,-0.0041601068506551004,2.3170999999999999
2024-11-29,3295.2096000000001,3357.5012999999999,3293.6898999999999,3326.4557,3295.6983,580227102,663851511.03639996,0.93330000000000002,0.0112812565037316,1,-0.0120475658734089,-0.0119457520517971,0.014580607072693701,-0.0022930011686909,-0.0097769833389406008,0.0125449354261284,-0.094434699918114207,-1.2048000000000001
2024-12-02,3328.482,3369.3031999999998,3323.0091000000002,3363.9823000000001,3326.4557,668477762,709509517.83630002,1.1281000000000001,0.0044066819257639004,1,0.0029250847835695002,0.0100696984966694,0.0143818858675188,-0.0010502422682754,0.0039795064977756001,0.017854634903980801,0.1408398667513282,0.29249999999999993
2024-12-03,3366.2853,3386.6176,3348.3742000000002,3378.8063000000002,3363.9823000000001,663030139,683982592.76909995,0.44069999999999993,-0.0041897933006695004,0,0.0065219596151282,0.0208500970445912,0.014475868031529501,0.00096274585414330002,0.0055538667987498,0.0156006015359656,-0.039063143963199203,0.6522
2024-12-04,3376.5715,3388.0241000000001,3352.9434000000001,3364.6498000000001,3378.8063000000002,621028862,653467546.71780002,-0.41899999999999982,0.0012499071968796001,1,0.010026961236892101,0.0306442857739361,0.0136957120662371,0.0017933237818975,0.0082188983091954007,0.019513777033486401,0.092939928943358799,1.0026999999999999
2024-12-05,3353.0572999999999,3377.0549999999998,3353.0572999999999,3368.8553000000002,3364.6498000000001,543885746,565551128.32819998,0.125,0.0104549162441021,1,-0.0001954794614894,0.0071075384390144004,0.0129260456757169,-0.0012240255399486001,0.001029806588024,0.0105072742667999,-0.0138848502525624,-0.0195
2024-12-06,3370.9405000000002,3418.2608,3364.2060999999999,3404.0763999999999,3368.8553000000002,698186572,685981058.1135,1.0455000000000001,-0.00045301568437170002,0,-0.0092197223648927008,0.0099902101310684003,0.011913244869480101,-0.0082968383879211006,-0.00093060505673010004,0.0089168219158099003,-0.25442015813641561,-0.92200000000000004
2024-12-09,3402.6288,3426.6451000000002,3385.9587999999999,3402.5342999999998,3404.0763999999999,694905205,649443191.29540002,-0.0453,0.0059151203854138001,1,0.0156136569525019,0.022768167194460402,0.0124975962229862,0.0026165055591794001,0.012963233022055201,0.018835465868865801,0.55395668135574994,1.5613999999999999
2024-12-10,3490.2892000000002,3494.8669,3417.7654000000002,3422.6606999999999,3402.5342999999998,794668034,860483994.84159982,0.59150000000000003,0.0028718885281266001,1,0.0275971075992218,0.044183487815270102,0.0137683576407822,-0.0067235985371881003,0.0345530268169719,0.0371602523929256,0.12554868074611381,2.7597
2024-12-11,3416.0873999999999,3437.8103000000001,3416.0873999999999,3432.4902000000002,3422.6606999999999,681544610,692929618.70280004,0.28720000000000001,0.0084514735103977008,1,-0.0050362274291921002,0.028610900664022401,0.012119520502032501,0.0321327083401707,-0.0360117797537262,0.037287481342543102,0.12152964835043351,-0.50360000000000005
2024-12-12,3432.2786000000001,3464.1161999999999,3425.9755,3461.4998000000001,3432.4902000000002,700096689,734168982.73529983,0.84509999999999985,-0.020113131307995202,0,-0.0076917850573671002,0.0208986114192455,0.0122740566657932,0.0045895679642049001,-0.0122252444313754,0.018772819832132501,-0.66497257704025425,-0.76919999999999977
2024-12-13,3442.9259000000002,3442.9259000000002,3390.7537000000002,3391.8782000000001,3461.4998000000001,777464144,850714862.97440004,-2.0112999999999999,-0.0016353771193788,0,0.0120069163807581,0.042770510274819901,0.011510850479534601,0.0028871176206458002,0.0090935446271847003,0.021085038241036101,0.1884546175083166,1.2007000000000001
2024-12-16,3390.0830000000001,3401.9263000000001,3376.5358000000001,3386.3312000000001,3391.8782000000001,625578996,675237492.92050004,-0.16350000000000001,-0.0073372031654789002,0,-0.0208760580574151,0.0053050838499235,0.0126353212667545,-0.0077874006290125,-0.013191384020622201,0.015244361316955,0.1121860398042161,-2.0876000000000001
2024-12-17,3381.8141000000001,3396.2073999999998,3357.7694000000001,3361.4850000000001,3386.3312000000001,568941505,584789337.29750001,-0.73370000000000002,0.0061648646357186001,1,-0.0088001546223469007,-0.0303025998219855,0.0127435962246746,-0.0012022288050217,-0.0076070712575128001,0.016176261463985001,-0.14048964367623981,-0.88
2024-12-18,3371.2955000000002,3396.4603000000002,3371.2955000000002,3382.2080999999998,3361.4850000000001,512524979,539790684.42019999,0.61650000000000005,-0.0035997193667649001,0,-0.0047995780857156001,-0.030071960014336801,0.012765650429404401,-0.0059336747915814001,0.0011408662350855,0.0156702359981996,0.0318980148444864,-0.47999999999999993
2024-12-19,3355.9041000000002,3377.5320999999999,3346.4690000000001,3370.0331000000001,3382.2080999999998,513909063,559130979.00030005,-0.35999999999999982,-0.0005827242468329,0,0.0083282234747579006,-0.014413261192604301,0.0128905345238489,0.0093429195633811003,-0.0010053036177855,0.0076805235202387001,-0.1972798498754357,0.83279999999999976
2024-12-20,3364.4810000000002,3390.6181999999999,3362.8193000000001,3368.0693000000001,3370.0331000000001,490964621,596821938.64380002,-0.058299999999999901,-0.0049916431351336001,0,-0.0056401982425979,-0.031599667598991001,0.0128994264061885,-0.012809250650027301,0.0072620741352669004,0.0129648041360109,0.041477345484139401,-0.56399999999999995
2024-12-23,3367.9036999999998,3384.9917999999998,3348.277,3351.2570999999998,3368.0693000000001,556747248,623117789.29610002,-0.49919999999999992,0.0126134757014018,1,-0.0016104282443091,-0.0125450397671852,0.012084166538363901,-0.0028072381687185002,0.0012001791130249,0.0092757831789478003,0.383906642535841,-0.161
2024-12-24,3353.5354000000002,3394.9043999999999,3352.9474,3393.5281,3351.2570999999998,471992673,530758037.565,1.2613000000000001,-5.2452785052836681e-05,0,0.0082365230443136005,0.0044272710602261001,0.012107066767177,0.006234565710142,0.0019895533331821002,0.0096817050104712008,-0.028272071882881201,0.82369999999999977
2024-12-25,3395.1071999999999,3406.2125000000001,3374.0113000000001,3393.3501000000001,3393.5281,471315592,522168241.89420003,-0.0051999999999999,0.0013928418408699001,1,,,,,,,,
2024-12-26,3389.3382999999999,3401.0951,3380.2550000000001,3398.0765000000001,3393.3501000000001,422177271,518937022.55339998,0.13930000000000001,0.0006078438787352,1,,,,,,,,
2024-12-27,3397.2939000000001,3418.9520000000002,3388.3215,3400.1419999999998,3398.0765000000001,500488130,586090438.93939996,0.0608,0.0021128235232527001,1,0.0108212338801787,0.020192909005262601,0.012260523574855201,0.0014268377262532,0.0093810109735581008,0.0129199980083617,-0.43342614526579992,1.0821000000000001
2024-12-30,3395.3962000000001,3412.8413999999998,3394.9648000000002,3407.3258999999998,3400.1419999999998,455262383,522245330.16949999,0.2112999999999999,-0.016306893332392901,0,-0.00038958538263700001,0.0113725203943708,0.0112573590971365,-0.00073886882913930003,0.00034954171197760001,0.0087037255408296006,0.2755764634824675,-0.039
2024-12-31,3406.9652000000001,3413.4544999999998,3351.7629999999999,3351.7629999999999,3407.3258999999998,502731062,562584237.43110001,-1.6307,-0.026613546363510501,0,-0.0024409595400006001,0.014626495569423701,0.0108561832123203,0.0017067802330061001,-0.0041406725549386,0.0112003408582978,-0.0645522830157928,-0.24410000000000001
2025-01-02,3347.9391999999998,3351.7220000000002,3242.0864999999999,3262.5607,3351.7629999999999,561375199,603340526.73979998,-2.6614,-0.0156719842790971,0,0.00092458518408370001,0.017202736211189201,0.0108541853854256,-0.0018990670321762,0.0028290247238464002,0.0088337053961246009,-0.45888725386542362,0.092499999999999902
2025-01-03,3267.0765999999999,3273.5655999999999,3205.7755000000002,3211.4299000000001,3262.5607,517592014,523159754.70660001,-1.5671999999999999,-0.0014034558250826,0,-0.021766255648693,-0.0130668561740531,0.0119738614207247,-0.0063385003452153003,-0.0155261679242252,0.019432750330883101,0.85106521639488775,-2.1766000000000001
2025-01-06,3209.7831999999999,3219.4877000000001,3185.4630999999999,3206.9227999999998,3211.4299000000001,430978403,444188212.83109999,-0.14030000000000001,0.0070850162030715001,1,0.0069789413819883002,-0.016818346237416001,0.011861805152315301,0.0043529841025881002,0.0026145760713267002,0.0131369207657012,-0.17265945516701461,0.69789999999999985
2025-01-07,3203.3067999999998,3230.8528999999999,3190.4612000000002,3229.6439,3206.9227999999998,409660529,436388386.57200003,0.70850000000000002,0.000162246989521,1,-0.0036426627773809002,-0.020017958772471901,0.0118913637837869,0.0044756473469237,-0.0080821373278161003,0.011321201582771801,-0.31947449471616263,-0.36430000000000001
2025-01-08,3218.8577,3246.2908000000002,3175.7247000000002,3230.1678999999999,3229.6439,472864390,508148444.86369997,0.016199999999999801,-0.0058122675294988001,0,-0.012226049088061901,-0.029630634955007801,0.0120312846534932,-0.0094899049130217003,-0.0027623586964046001,0.0211313425391438,0.3731663481758698,-1.2225999999999999
2025-01-09,3220.7204999999999,3228.9724999999999,3205.9103,3211.3933000000002,3230.1678999999999,382943557,434445510.33020002,-0.58120000000000005,-0.0133491902097448,0,-0.0086252376902421005,-0.038888930431033003,0.0115640564053114,-0.0029217002835315001,-0.0057202502635274001,0.019130915003306201,-0.1024171956391413,-0.86250000000000004
2025-01-10,3211.7067999999999,3220.1073000000001,3168.5237999999999,3168.5237999999999,3211.3933000000002,403663348,465939368.0474,-1.3349,-0.0024518673332988,0,-0.0020202449812861002,-0.019488547299845001,0.0093318460823736005,-0.0013205503780113,-0.00070061980702580001,0.0092329604395056004,-0.27448732275058951,-0.20200000000000001
2025-01-13,3148.8258999999998,3172.6999999999998,3140.9775,3160.7550000000001,3168.5237999999999,372742023,411773991.8035,-0.2452,0.025368938750393401,1,-0.0091783696076427005,-0.035221178657983902,0.0094269178999634006,0.0045309754382462002,-0.013647508519991801,0.017351068479680602,0.059347480904566603,-0.91779999999999995
2025-01-14,3165.1613000000002,3245.2195999999999,3159.4319999999998,3240.9400000000001,3160.7550000000001,469212704,538983836.00250006,2.5369000000000002,-0.0042652131788925001,0,-0.0099741453786110004,-0.0413519914629457,0.0094987088574120006,-0.0076656408394960001,-0.0023263374061417001,0.013513747430404901,0.0552597911572743,-0.99739999999999995
2025-01-15,3234.7152000000001,3245.9041999999999,3222.2359000000001,3227.1167,3240.9400000000001,404723199,466216166.94370002,-0.42649999999999982,0.0027626208869359001,1,0.0183128873686428,-0.011713539679487101,0.0101158734160728,0.0014527814247431001,0.016835647428042801,0.022083125376838202,0.0299661281946139,1.8312999999999999
2025-01-16,3239.0261,3265.2824000000001,3217.0965999999999,3236.0320000000002,3227.1167,430655539,499055442.44440001,0.27629999999999982,0.0017889810731166,1,0.0034490509256610001,0.00032313546170500003,0.0092702578194114003,-0.0036337564737992001,0.0071086384604861002,0.0088075930109503004,-0.14644773867496311,0.34489999999999982
2025-01-17,3226.7615999999998,3256.5066999999999,3219.7734,3241.8211999999999,3236.0320000000002,383599260,456553132.96039999,0.1789,0.00078856909196580002,1,0.0122793290701525,0.014656286689441,0.0096128743751998005,0.0087550237036368005,0.0034937177844986001,0.016550805840692202,0.1003436699122096,1.2279
2025-01-20,3256.1491999999998,3268.2626,3238.1214,3244.3775999999998,3241.8211999999999,403337948,469741031.39749998,0.078899999999999901,-0.00054093580229360003,0,0.0031332451291792001,0.027264062810626401,0.0095962537904270007,-0.0012185695867774,0.0043571241749620002,0.011098254408030601,-0.10693165944939401,0.31330000000000002
2025-01-21,3256.8325,3258.6102999999998,3229.0689000000002,3242.6226000000001,3244.3775999999998,384583718,468263378.89770001,-0.054100000000000002,-0.0089430388846361009,0,0.0174504163079565,0.055720154666649903,0.0102219512675027,0.0112632416363103,0.0061182631948877002,0.015671929109694401,0.12654836856422941,1.7450000000000001
2025-01-22,3235.4924999999998,3235.5012999999999,3203.3800999999999,3213.6237000000001,3242.6226000000001,364817518,452312867.43129998,-0.89429999999999976,0.0051468378204952,1,0.0090706475671501006,0.0461384053303419,0.010308227323862201,0.010164204115165,-0.0010825532557579001,0.0143000460207137,-0.1363258758597608,0.90710000000000002
2025-01-23,3237.5988000000002,3273.5203000000001,3229.5716000000002,3230.1637000000001,3213.6237000000001,458246803,539800587.22660005,0.51470000000000005,0.0069540438461369002,1,-0.016302150294307,0.025546936208361602,0.0109997633877014,-0.0054439971054206001,-0.010917588509128001,0.0143798911300049,-0.055401665686114002,-1.6302000000000001
2025-01-24,3222.8773999999999,3260.0111999999999,3221.7121000000002,3252.6264000000001,3230.1637000000001,398653033,480685057.97320002,0.69540000000000002,-0.00062278901751520001,0,-0.0039542398238110003,0.0091005993477402004,0.0108682384839623,0.0051848522430868,-0.0090919516410378001,0.020184773876231701,0.29322080025321812,-0.39539999999999992
2025-01-27,3256.6136000000001,3274.3924000000002,3250.6007,3250.6007,3252.6264000000001,387467642,450231535.76029998,-0.062300000000000001,-0.0064951379601930004,0,0.018559370901131501,0.024618490752172501,0.011413008062381901,0.0072226373260452,0.0112554396167889,0.0190791530799123,0.047891757962473101,1.8559000000000001
2025-02-05,3270.1604000000002,3271.0219999999999,3220.2793999999999,3229.4875999999999,3250.6007,406388181,521103029.34439999,-0.64949999999999986,0.0127487097333954,1,0.028327280749221102,0.055297920465204702,0.0118467531322375,0.0134058720123302,0.0147240204038501,0.029076640454740201,0.24923430272337291,2.8327
2025-02-06,3226.5749999999998,3271.4270999999999,3225.8458999999998,3270.6594,3229.4875999999999,460842730,590421697.75390005,1.2748999999999999,0.010091909906607801,1,-0.0092770741261647,0.0264574391052812,0.0121110718975747,0.0018186663177802,-0.0110755976275903,0.019739335717817601,0.0391331129605045,-0.92769999999999997
2025-02-07,3269.2269000000001,3324.4279999999999,3262.5084999999999,3303.6666,3270.6594,600558451,757613811.17939985,1.0092000000000001,0.0056008072969590001,1,0.0142995928065565,0.034352802314314902,0.012322455687852601,9.17605351047346e-05,0.0142065286727787,0.0174568349218262,-0.0035441280579,1.4299999999999999
2025-02-10,3308.04,3325.3557999999998,3299.2429000000002,3322.1698000000001,3303.6666,546589749,677038155.51989996,0.56010000000000004,-0.0012380161905030001,0,0.0115797626033788,0.044915948541194503,0.0119129357389413,-0.0015843673204851,0.0131850198384162,0.019510215100600001,0.33290095979736201,1.1579999999999999
2025-02-11,3323.6694000000002,3324.1727000000001,3304.4443000000001,3318.0569,3322.1698000000001,511943541,632166670.87049997,-0.1237999999999999,0.0085376775787058008,1,0.018380261896492101,0.064534956764665502,0.0119093235856785,0.0042619457033699001,0.01405840005541,0.014953481527467701,-0.0991691771509461,1.8380000000000001
2025-02-12,3312.2572,3346.3854000000001,3310.3904000000002,3346.3854000000001,3318.0569,513437828,647387578.50339997,0.8538,-0.0041545722737136,0,-0.0105529323974837,0.0242857610115652,0.0123410420461271,0.0062652228094253002,-0.016713441770305901,0.018726901521142501,-0.0417302162200048,-1.0552999999999999
2025-02-13,3343.2347,3359.1806999999999,3332.4825999999998,3332.4825999999998,3346.3854000000001,568631161,705799791.95410001,-0.41549999999999992,0.0042735707007142002,1,0.026441122411698902,0.061213987024380502,0.0127276110365914,0.0108735159564326,0.0154001526496985,0.021025731091916001,0.3073976934777089,2.6440999999999999
2025-02-14,3328.4830000000002,3349.0835999999999,3322.5288999999998,3346.7242000000001,3332.4825999999998,532332965,667555376.41149998,0.4274,0.0027206902797666001,1,-0.0019924128187860002,0.044168427340723203,0.0122869369810392,0.0046102282376365,-0.0065723410640616004,0.036051463268234003,0.2861212407868407,-0.1991999999999999
2025-02-17,3355.4171000000001,3357.1212,3333.1948000000002,3355.8296,3346.7242000000001,589546569,750113054.93519998,0.27210000000000001,-0.0093386744070674006,0,0.036946288157760403,0.070352151130383206,0.0137789152087289,0.0097504534854777006,0.0269332235290487,0.0271958346722826,-0.068616376649399902,3.6945999999999999
2025-02-18,3348.9827,3366.0119,3314.3006,3324.4906000000001,3355.8296,562679240,696798784.14429998,-0.93389999999999995,0.0081361637779934007,1,-0.00018125288181030001,0.050843370359046902,0.013869353483343101,0.0059561465283660001,-0.0061010605992689003,0.029085782568158702,0.1062813397118418,-0.018100000000000002
2025-02-19,3320.7800999999999,3352.0866999999998,3320.5808999999999,3351.5392000000002,3324.4906000000001,502912965,675146370.37950003,0.81359999999999977,-0.0002255381646737,0,0.0159434176253072,0.078983848684612001,0.0139516088544583,0.0021444776605119001,0.0137694117688583,0.023577315936387101,-0.25450060552772402,1.5943000000000001
2025-02-20,3347.5893000000001,3355.5571,3338.0335,3350.7833000000001,3351.5392000000002,504357114,670099045.65740001,-0.022599999999999901,0.0084545903043027008,1,-0.0014175161826206,0.049699147951863802,0.0140763406905494,-0.0086761391159172006,0.0073221509334229001,0.0141816901475878,-0.2468003393567012,-0.14180000000000001
2025-02-21,3356.6947,3381.0574999999999,3339.0255999999999,3379.1127999999999,3350.7833000000001,608190206,855656954.77349985,0.84550000000000003,-0.0018008277202229001,0,-0.016006631729793601,0.034959065973484402,0.0148653339609611,-0.0099166501047758,-0.0061509787288739001,0.018023259868271801,0.028984736023474501,-1.6007
2025-02-24,3374.0812999999998,3384.8105999999998,3355.8694,3373.0275999999999,3379.1127999999999,598188203,802847050.06780005,-0.18010000000000001,-0.0080010611238399004,0,0.0399052486204972,0.0379123558321207,0.016651865528324102,0.022724474221087001,0.016799025380218002,0.025522899874119501,0.3840813819956086,3.9904999999999999
2025-02-25,3345.6534000000001,3369.5583000000001,3337.8447999999999,3346.0398,3373.0275999999999,527578562,727509770.07009983,-0.80010000000000003,0.0102134469530219,1,-0.0058058805890810004,0.0320734269150958,0.016001273805978301,-0.00024618875948110002,-0.0055610609002842001,0.019885918343703402,-0.15825597155480331,-0.5806
2025-02-26,3351.2093,3380.2143999999998,3351.2093,3380.2143999999998,3346.0398,553992031,747887357.85749984,1.0213000000000001,0.0023216870503833002,1,-0.013177754233748101,0.0024899017748764001,0.016502240005508002,-0.026781785832254101,0.0139783980616716,0.022793629059863402,-0.16814601794258621,-1.3178000000000001
2025-02-27,3378.4494,3388.7808,3353.5711999999999,3388.0621999999998,3380.2143999999998,575815020,774059980.11199999,0.23219999999999991,-0.019823986702487102,0,0.032730283294014603,0.036771320383677801,0.017267124148239301,0.0088703578446140009,0.0236501402423752,0.0319019432995193,0.14382420997637621,3.2730000000000001
2025-02-28,3374.6635999999999,3383.1909000000001,3318.7161999999998,3320.8973000000001,3388.0621999999998,568319504,758054890.35930002,-1.9823999999999999,-0.0011960622811189,0,-0.0029275350986823,0.050551933872466703,0.017457783839360801,-0.00017571936692260001,-0.0027522993640614001,0.026685382040387302,0.19701747569192901,-0.2928
2025-03-03,3328.3955000000001,3349.0169000000001,3304.5931,3316.9252999999999,3320.8973000000001,502417862,643980682.98179996,-0.1196,0.0021961905503266,1,-0.032758263770280002,-0.022855517013432101,0.019686822534742601,-0.0043051164312433001,-0.028576171082706801,0.034481406543220301,0.050075516278036802,-3.2757999999999998
2025-03-04,3300.498,3327.8242,3297.5304000000001,3324.2098999999998,3316.9252999999999,429996111,568728427.19070005,0.21959999999999991,0.0053411188023957,1,0.0028311361334047002,-0.0143666182409867,0.019640616914087201,0.0084476394557941002,-0.0055694545781478002,0.023722697734916701,-0.41631683775686312,0.28310000000000002
2025-03-05,3324.6961999999999,3342.7143000000001,3314.1478000000002,3341.9648999999999,3324.2098999999998,460952696,587767599.79960001,0.53410000000000002,0.011709698088091801,1,-0.0028035835448335,-0.0040049457281012002,0.019058394919474801,-0.0142578523159121,0.011619944219681801,0.0218844688860905,-0.082466000150556801,-0.28039999999999993
2025-03-06,3353.5702999999999,3387.0538000000001,3348.6840000000002,3381.0983000000001,3341.9648999999999,539992709,736438106.6717,1.171,-0.0025295035048226002,0,0.028438956540842102,-0.0081436257799647003,0.019422610525723302,0.0112741954958137,0.016973399619489501,0.023800256039529601,0.020539588586077,2.8439000000000001
2025-03-07,3373.1808000000001,3390.9441999999999,3363.9288000000001,3372.5457999999999,3381.0983000000001,517663551,687879051.00440001,-0.253,-0.0018925762253546,0,0.032868233350470302,0.027464880478314201,0.020217757987562,0.016651542899720002,0.0159510803519726,0.017963729236961101,0.180902266895865,3.2867999999999999
2025-03-10,3373.2588000000001,3375.7977999999998,3347.1858999999999,3366.163,3372.5457999999999,450380832,595026433.92330003,-0.1893,0.0040596370407490001,1,-0.0056795915913648003,0.056229545640791301,0.0204207433999841,-0.0077017740465519001,0.0020378777289904002,0.0248098972043574,-0.0114232854497018,-0.56799999999999995
2025-03-11,3335.4394000000002,3379.8287,3334.8312999999998,3379.8283999999999,3366.163,448468323,592285777.94710004,0.40600000000000003,-0.0023388465520911002,0,-0.018480642804967001,0.033782964383187702,0.021000376438615301,-0.0047591338475442002,-0.013787123724600701,0.0272531808033411,-0.27095867968310272,-1.8481000000000001
2025-03-12,3385.6853000000001,3392.4086000000002,3370.2204000000002,3371.9234999999999,3379.8283999999999,502195100,648501625.85420001,-0.2339,-0.0039131967258450003,0,-5.6762064777005072e-05,0.036630565122045801,0.020714772238935902,-0.0213858437092285,0.0217951901751503,0.026079015316927801,-0.035951539089293001,-0.0057000000000000002
2025-03-13,3371.0945000000002,3377.1183000000001,3341.1181999999999,3358.7285000000002,3371.9234999999999,519013479,636211623.47099996,-0.39129999999999993,0.018111943254716701,1,-0.0076456534189100001,0.00025853800572260002,0.0203205046684409,0.0032415081233228,-0.010851984745526001,0.025147022093049601,0.021874306799606402,-0.76459999999999995
2025-03-14,3361.6860999999999,3421.2332999999999,3360.6062999999999,3419.5616,3358.7285000000002,582663388,750041647.16390002,1.8111999999999999,0.0019203923684252,1,-0.0058329742278806001,-0.037220795815789201,0.020398473314464802,0.0006788046428203,-0.0065073616434052003,0.021774290252967,-0.11709164040359531,-0.58330000000000004
2025-03-17,3430.8092999999999,3436.3516,3422.4618,3426.1284999999998,3419.5616,515685138,639349980.36109996,0.192,0.0010597384190349001,1,0.0211966678955701,-0.0111970880637852,0.019329310479553601,0.0081269592309478004,0.0129643479374785,0.028088898739059402,0.2764081011414703,2.1196999999999999
2025-03-18,3434.5653000000002,3437.0654,3423.3004999999998,3429.7593000000002,3426.1284999999998,454916063,586338207.32550001,0.106,-0.0009709719279716,0,0.0077458328429322,0.0152240062328949,0.019340684748404401,0.0111026803862106,-0.0033199867910509002,0.0114908276217258,-0.2601695431085691,0.77459999999999996
2025-03-19,3424.1725999999999,3439.0463,3414.5933,3426.4290999999998,3429.7593000000002,440316299,559970207.90680003,-0.097100000000000006,-0.0051017836615968003,0,0.0246422014473048,0.040300410307903302,0.019730235746779502,0.0221067467034326,0.0024806163857638,0.0111767914362758,0.17969443599295851,2.4641999999999999
2025-03-20,3425.2157000000002,3427.0454,3404.6619999999998,3408.9481999999998,3426.4290999999998,451630682,565607596.55879998,-0.51019999999999976,-0.012941675089108,0,0.0012356222997287,0.049610789010822103,0.019701582847265701,-0.001735610780188,0.0029763989500205001,0.0110207646792292,-0.089830018937176306,0.1236
2025-03-21,3401.7593000000002,3414.7094000000002,3355.8395999999998,3364.8307,3408.9481999999998,520862630,623164007.29719996,-1.2942,0.0015446839569075001,1,-0.0222512972757813,0.032276831474705503,0.020081507682239801,-0.00072624836806020002,-0.0215406928007142,0.022867740443112301,0.13253590703428481,-2.2250999999999999
2025-03-24,3364.8341999999998,3373.6936000000001,3340.2383,3370.0282999999999,3364.8307,513310260,586745474.40600002,0.1545,-1.5430137485838991e-05,0,-0.021892283014622201,-0.011279642136596,0.018940831729036701,-0.0045780441330389001,-0.017393868780504501,0.026958767462360402,0.18401839207632331,-2.1892
2025-03-25,3370.0007999999998,3379.9884000000002,3361.0462000000002,3369.9762999999998,3370.0282999999999,456357393,516435662.20899999,-0.0015,-0.00037952789163520003,0,0.0091111249943012004,-0.0099401256628026003,0.0189682049384878,0.0025268344243831002,0.0065676950918711003,0.0184176934130077,-0.3758629905944364,0.91110000000000002
2025-03-26,3365.6658000000002,3382.3424,3365.6658000000002,3368.6972999999998,3369.9762999999998,428533770,485185602.27880001,-0.037999999999999902,0.0014995707687953,1,-0.0234803116931794,-0.056438473325392202,0.019515914394987802,-0.010969832959361801,-0.0126492387701896,0.0178054812353277,0.22356282491408661,-2.3479999999999999
2025-03-27,3362.7123000000001,3394.0349000000001,3351.1738999999998,3373.7489,3368.6972999999998,414776314,496457111.68000001,0.14999999999999991,-0.0066519769743385001,0,0.0059573556657419001,-0.051988725589536801,0.018079381755549202,0.0049716739668224002,0.00098080545397710001,0.010543067350632301,-0.30649897753226252,0.59570000000000001
2025-03-28,3372.0387999999998,3375.0527999999999,3346.0807,3351.3067999999998,3373.7489,412284289,468807615.34310001,-0.66520000000000001,-0.0046431439819236003,0,0.0040658646222084,-0.026471978678733701,0.018097358110304201,0.0025780000442867002,0.0014840387260201,0.021004696099188602,0.1956497399411477,0.40660000000000002
2025-03-31,3343.3442,3361.7415000000001,3317.7381,3335.7462,3351.3067999999998,472571978,531475775.8441,-0.46429999999999982,0.0038039164970045001,1,-0.0064549510577296002,-0.011106927392979001,0.0164861611923489,0.0039874802788946,-0.010400957722823101,0.022096120243608401,-0.068039713655876202,-0.64549999999999985
2025-04-01,3340.7121000000002,3357.6215000000002,3338.7788,3348.4351000000001,3335.7462,422588670,499415666.01920003,0.38040000000000002,0.00050516135134290004,1,-0.0131056149846754,-0.032878543736268702,0.0167843829349155,-0.0093709714597934,-0.0037699718232415001,0.016943133019729401,0.29438122774474512,-1.3106
2025-04-02,3344.1711,3361.134,3343.1154999999999,3350.1266000000001,3348.4351000000001,350127364,411666039.51789999,0.050500000000000003,-0.0024234606536959,0,0.0037742900173790002,-0.0058862460777279,0.016783186484412502,0.0042185022392273001,-0.00044234618348280001,0.0144133241174797,-0.1775274784884501,0.37740000000000001
2025-04-03,3319.6057000000001,3358.4256,3319.6057000000001,3342.0077000000001,3350.1266000000001,400517827,486510412.98640001,-0.2422999999999999,-0.0734383406716866,0,-0.0001857211063635,-0.0119569975625252,0.0154624239683002,-0.0017033771077836,0.001520245552893,0.017756402853641402,-0.1076609318930471,-0.018599999999999901
2025-04-07,3193.1024000000002,3217.7818000000002,3040.6932000000002,3096.5762,3342.0077000000001,662199584,735367327.48150003,-7.3437999999999999,0.015815176774916801,1,-0.0152017904943984,-0.030917179839516602,0.0135885617772198,-0.0243214856310928,0.0093470287624330007,0.015519428269244601,0.17334994556984271,-1.5202
2025-04-08,3094.2619,3145.5491000000002,3085.1228999999998,3145.5491000000002,3096.5762,662242387,730166160.65470004,1.5814999999999999,0.0131172010635598,1,-0.1322334846547959,-0.1535989003952771,0.0319288046521643,-0.092769261538717201,-0.043499653884095803,0.0587225889405645,1.0936429827139964,-13.2233
2025-04-09,3110.0101,3186.8099000000002,3070.0778,3186.8099000000002,3145.5491000000002,684797174,755430247.44410002,1.3117000000000001,0.011556384332808801,1,0.0150986216670111,-0.1294097903162601,0.032309797625051803,0.0166035414029444,-0.001480340835579,0.035763025574557503,-0.40984547577113162,1.5099
2025-04-10,3227.8362000000002,3239.9407999999999,3201.5713999999998,3223.6379000000002,3186.8099000000002,591208273,682356544.75559998,1.1556,0.0045256013400263003,1,0.0067971072672061003,-0.1267880504196176,0.0324320933124954,-0.031437304249670103,0.039475412056064002,0.058671938345601603,0.029452608904193701,0.67969999999999975
2025-04-11,3219.5052999999998,3249.8535999999999,3211.3497000000002,3238.2267999999999,3223.6379000000002,475531804,580791402.19369996,0.4526,0.0075907901200741,1,0.020592178732353701,-0.1086411697345074,0.033031458534813603,0.0269407224164042,-0.0061819962393857,0.033590778746467202,-0.27128963762737962,2.0592000000000001
2025-04-14,3251.9778999999999,3272.7203,3244.7327,3262.8074999999999,3238.2267999999999,471373220,543811431.53390002,0.7591,0.0014879210618461,1,0.0112616032082344,-0.0846886691836823,0.033256983647636101,-0.0060096374683415001,0.017375662106609201,0.033040192865410802,-0.2519585061371678,1.1262000000000001
2025-04-15,3260.6849999999999,3268.9848000000002,3246.3368999999998,3267.6623,3262.8074999999999,396662895,456332610.41949999,0.1487999999999999,0.0025527729716745,1,0.024036215693371402,0.080143027894474,0.0333812823692698,0.021477248766297901,0.0025051629198442,0.013998294978314301,-0.124344932739861,2.4036
2025-04-16,3267.665,3276.0045,3233.7910999999999,3276.0039000000002,3267.6623,429534854,489200692.65149999,0.25530000000000003,0.0013239605728185,1,0.0022817895729639001,0.066504932510850601,0.033293510762341202,0.0086901304546768005,-0.0063531313415591002,0.0142841801525861,-0.43319098351441632,0.2281999999999999
2025-04-17,3261.7177000000001,3285.9153999999999,3258.1451000000002,3280.3411999999998,3276.0039000000002,382012698,442596764.01800001,0.13239999999999991,-0.0011007391548171,0,-0.019066656666481802,0.039107325178181003,0.032653180382284701,-0.0069783898180725001,-0.012173216297069901,0.0230692150988503,0.1566330812726999,-1.9067000000000001
2025-04-18,3270.3534,3283.0895999999998,3262.3915999999999,3276.7303999999999,3280.3411999999998,358836193,380313472.55400002,-0.1101,0.0044873084462486003,1,,,,,,,,
2025-04-21,3273.1383000000001,3298.6397999999999,3270.0131000000001,3291.4340999999999,3276.7303999999999,379307588,429391687.75980002,0.44869999999999982,0.0025286849887105,1,,,,,,,,
2025-04-22,3289.1664000000001,3311.1529,3288.3316,3299.7570999999998,3291.4340999999999,403167615,452675441.99699998,0.25290000000000001,-0.0010309546723906,0,0.0160592829551056,0.0344921955460313,0.0330275895502685,0.00046682857655760003,0.0155851787717267,0.017974087452236501,-0.1737696991329524,1.6059000000000001
2025-04-23,3308.1514000000002,3312.1923000000002,3293.0632999999998,3296.3552,3299.7570999999998,411633212,486209315.16100001,-0.1031,0.00028300954945620002,1,0.0078139240967808003,0.030965316722361101,0.032968679326400102,-0.0042827483250869004,0.0121487022561069,0.018772954979495202,0.29453766729813141,0.78139999999999976
2025-04-24,3295.1487000000002,3313.5086999999999,3286.2363,3297.2881000000002,3296.3552,392844749,434706037.2252,0.028299999999999902,-0.000675737130765,0,0.023666284518548901,0.030592882422702802,0.0333293833293535,0.0240173599130333,-0.00034284125272460002,0.0127973242211413,-0.0799204059550431,2.3666
2025-04-25,3300.3915999999999,3305.2618000000002,3288.7545,3295.0599999999999,3297.2881000000002,411043192,445417627.3326,-0.067599999999999799,-0.0020167462807961002,0,-0.0073783719377219,0.020659853807857401,0.033218813308284502,-0.0019241032555262,-0.0054647834898992002,0.017287481051184501,-0.18297443492145671,-0.73780000000000001
2025-04-28,3292.0558999999998,3296.9317999999998,3279.8773000000001,3288.4146999999998,3295.0599999999999,410665863,441916383.12699997,-0.20169999999999991,-0.00053518189174860001,0,0.0032396521002512001,0.043869538746771901,0.032920998399973103,0.0077901355377694003,-0.0045153085717492001,0.015703503826605,0.013274752034133501,0.32400000000000001
2025-04-29,3281.4452999999999,3294.9814999999999,3277.6271000000002,3286.6547999999998,3288.4146999999998,388961672,430881033.50349998,-0.053499999999999902,-0.0023195012752784002,0,-0.00039944060118090002,0.026960328373639701,0.0328662060271298,0.0041677395756465003,-0.0045482243621544002,0.0115783181093994,-0.2045450649293325,-0.039899999999999901
2025-04-30,3284.0812000000001,3292.2002000000002,3277.5499,3279.0313999999998,3286.6547999999998,435794335,505572584.22479999,-0.23200000000000001,0.0113088578535721,1,0.001645278800799,0.020674491427638601,0.032844169447111701,0.0046149729018258,-0.0029560520011452001,0.0134448633622124,0.21096917570776691,0.16450000000000001
2025-05-06,3295.2503999999999,3316.4476,3286.9886000000001,3316.1134999999999,3279.0313999999998,474369617,551825065.62450004,1.1309,0.0080068429503390003,1,0.017417734017317801,0.027153195653443901,0.033059775548703603,0.0033047897751341,0.014066457557076801,0.021439993200542001,-0.938927176505164,1.7418
2025-05-07,3354.9737,3356.6884,3324.8087999999998,3342.6651000000002,3316.1134999999999,511159606,595230089.05680001,0.80069999999999975,0.0027913954048223001,1,0.0070220949598038002,0.031025798039556102,0.0330913174381968,0.0031940023141854,0.0038159046373759001,0.013262574717792,0.59431907789743121,0.70220000000000005
2025-05-08,3331.2051999999999,3359.7309,3327.9023999999999,3351.9958000000001,3342.6651000000002,428377766,501611375.48019999,0.27910000000000001,-0.0029823724719464,0,0.0012871364457296001,0.0327653973518977,0.033093982498838902,0.022376847252601102,-0.0206281185489923,0.022313748002776301,0.107555608746658,0.12870000000000001
2025-05-09,3350.4050000000002,3351.2197999999999,3335.127,3341.9989,3351.9958000000001,398909191,464862361.53350002,-0.29820000000000002,0.0081524862261323008,1,0.0037035274291947,0.0348875937097732,0.032923016813099101,-0.0045280514439526003,0.0082690214275625007,0.0171938155851344,-0.2865547833721695,0.37040000000000001
2025-05-12,3352.9697999999999,3372.4724000000001,3344.2687000000001,3369.2444999999998,3341.9989,418239910,522080702.35729998,0.81520000000000004,0.0016698699070369001,1,0.0040314507602766001,0.0338313725366092,0.0104857162589408,0.0035252143491899001,0.0005044580881958,0.0094604301384972004,-0.0509574893107025,0.40310000000000001
2025-05-13,3386.2343999999998,3386.2343999999998,3370.2516000000001,3374.8706999999999,3369.2444999999998,426240700,506608943.78030002,0.16700000000000001,0.0086158560089427006,1,0.0298114286763797,0.046425010264531601,0.0115322765318598,0.013821654435462301,0.015771782118642101,0.0307170712978195,0.67198318086931152,2.9811000000000001
2025-05-14,3374.2352999999998,3417.3141999999998,3368.0781000000002,3403.9481000000001,3374.8706999999999,464934441,534872944.6268,0.86160000000000003,-0.0067940812611098,0,-0.018734612173697301,0.019660490735662301,0.012987266587864201,-0.0023363593050541001,-0.016436654800029201,0.0180029605774399,-0.39535442223323791,-1.8734999999999999
2025-05-15,3398.4272000000001,3402.8656000000001,3378.0207999999998,3380.8213999999998,3403.9481000000001,424100916,461292249.43370003,-0.6794,-0.0039515544950111002,0,0.023038505262401601,0.0418109914207195,0.0131359836064806,0.0090088959493720006,0.0139043465021475,0.0156839953834709,0.074007273738198001,2.3039000000000001
2025-05-16,3374.7060999999999,3380.29,3356.6608999999999,3367.4618999999998,3380.8213999999998,395401030,435647042.66420001,-0.3952,3.5932106611236136e-05,1,-0.0079308310050696003,0.029734913013393201,0.013488408244155601,0.0001586250801055,-0.0080881730980697005,0.0143435142434746,-0.25943500474499342,-0.79310000000000003
2025-05-19,3365.8823000000002,3373.5994000000001,3356.6482999999998,3367.5828999999999,3367.4618999999998,403074805,437177569.21929997,0.0035999999999999002,0.0038291856155938,1,-0.0046096133740611001,0.020872635424401102,0.0129641219138236,-0.0086981882185597006,0.0041244500876589001,0.0078620535569618004,-0.045376203385449801,-0.46100000000000002
2025-05-20,3371.6886,3387.8040000000001,3369.9629,3380.4780000000001,3367.5828999999999,405544534,450290477.20319998,0.38290000000000002,0.0020989931009755,1,-0.0005281633579709,-0.0092036080657474009,0.0130034275788285,-0.0080865108449113005,0.0076199664280991002,0.014663065617764801,0.019557454794778401,-0.0528
2025-05-21,3380.2094000000002,3394.7541000000001,3380.2094000000002,3387.5736000000002,3380.4780000000001,412496165,465956993.3721,0.2099,-0.0021800559550940002,0,0.0149472500420009,0.0248054051644712,0.0119761051233784,0.0028127882218617001,0.012100425884731101,0.0150878251656901,0.15646296027821541,1.4946999999999999
2025-05-22,3381.8649999999998,3390.5925000000002,3376.2330999999999,3380.1885000000002,3387.5736000000002,394217206,438334515.33539999,-0.218,-0.0094127294971863007,0,0.0061778233455003001,0.0079156029973794003,0.011738924846849,0.0023203786249845,0.0038485147092463001,0.0092578673292379003,0.051267462898508101,0.61780000000000002
2025-05-23,3376.8690999999999,3389.4686000000002,3348.3717000000001,3348.3717000000001,3380.1885000000002,400227004,468587869.62150002,-0.94130000000000003,-0.00045780460992410002,0,-0.0118966181490679,0.0038864698829496002,0.0123430889229586,-0.0033238514036976002,-0.0086013563758338008,0.0129021671343279,-0.0192386497445085,-1.1897
2025-05-26,3346.5610000000001,3362.3069999999998,3336.3552,3346.8388,3348.3717000000001,347562101,400526568.36250001,-0.0458,-0.0018380927100523001,0,0.0024188434487992,0.0109749175949504,0.0114895345171106,0.00055512350967150002,0.0018626859183830001,0.0111271045955476,-0.0145265213035816,0.2419
2025-05-27,3346.5029,3351.5718000000002,3332.4895000000001,3340.6869999999999,3346.8388,344071157,394408732.88010001,-0.18379999999999991,-0.0002260313522336,0,-0.0135132615801018,-0.0021596281959411,0.01186853078835,-0.0040404622465068001,-0.0095112290956738,0.014268306014170401,0.0098359013013594003,-1.3512999999999999
2025-05-28,3341.8517999999999,3348.2339999999999,3336.7273,3339.9319,3340.6869999999999,341555443,389341214.70819998,-0.022599999999999901,0.0070401435430464,1,0.0042804994173692001,-0.012646591344797601,0.011871414246193601,-0.0028115742711318,0.0071120698009681004,0.0108232294619996,-0.0930240729566537,0.42809999999999993
2025-05-29,3340.4011999999998,3368.6334000000002,3337.415,3363.4454999999998,3339.9319,393233806,453741382.17079997,0.70399999999999985,-0.0047445989536623002,0,-0.0052895412238223001,-0.023899414884642901,0.011998292343623001,0.0001364297906206,-0.0054252308513340003,0.0126614543928896,-0.069435718186923401,-0.52900000000000003
2025-05-30,3358.8092999999999,3361.2750999999998,3341.6484,3347.4872999999998,3363.4454999999998,385602170,443358967.72259998,-0.47449999999999992,0.004328082140894,1,0.0135465560481392,0.0012346932231184001,0.012224897164760501,-0.00075671878137300002,0.014314106582802501,0.0170455205042843,0.25543389857614501,1.3547
2025-06-03,3340.0666000000001,3366.9974000000002,3340.0666000000001,3361.9755,3347.4872999999998,398060772,468292670.25099999,0.43280000000000002,0.0042318571328079004,1,-0.0056591370374200001,-0.0053413898007630004,0.0123304884364864,-0.010591345470565,0.0049850063576517001,0.021253966870432801,-0.82953520449358464,-0.56589999999999985
2025-06-04,3363.3910000000001,3379.6401000000001,3363.3910000000001,3376.2029000000002,3361.9755,386494643,446844610.69220001,0.42320000000000002,0.0023386035240949002,1,0.0153087684283207,0.0055812187072186003,0.0126604919470024,0.0053169599926072,0.0099389633651332,0.0109798052247239,0.46496236330191443,1.5308999999999999
2025-06-05,3378.2168999999999,3387.7645000000002,3371.1457,3384.0985000000001,3376.2029000000002,406252093,498241228.90090001,0.2339,0.00037215228812030002,1,0.0060197792747598003,0.017014133873011102,0.0126922691358494,-0.00054056375994210001,0.0065638912364283002,0.0100146773055512,-0.049515340682363601,0.60199999999999976
2025-06-06,3384.2948999999999,3391.451,3379.7640999999999,3385.3579,3384.0985000000001,380122886,452743716.10640001,0.0371999999999999,0.0042576591384917003,1,0.0106933152617123,0.0141511314881446,0.012832622999849601,0.0073839426093566,0.0032851155476864,0.0075602339220842002,-0.066806694914605502,1.0692999999999999
2025-06-09,3388.7782999999999,3402.0502999999999,3383.0742,3399.7716,3385.3579,427347947,511879936.9684,0.42580000000000001,-0.0043989131505186001,0,-0.0047864702218641001,0.021587589744338401,0.012928506718239601,0.0014472766728698,-0.0062247379766656001,0.0074363250549941001,0.29071023975116522,-0.47860000000000003
2025-06-10,3402.0129999999999,3406.4515000000001,3365.6673999999998,3384.8163,3399.7716,481618568,557427629.00479996,-0.43990000000000001,0.0051700294636373,1,0.016345039243392801,0.044194720003523501,0.0116995690876738,0.0077755464527956,0.0085033744078832005,0.0093924398151690007,-0.093205785592880702,1.6345000000000001
2025-06-11,3385.4567999999999,3413.5131999999999,3385.4567999999999,3402.3159000000001,3384.8163,424090313,501807385.81800002,0.51700000000000002,0.0001005491582952,1,-0.00076753111788660001,0.0276610431306933,0.0107219342252043,0.0020627398793207001,-0.0028244449020710001,0.0121204577231371,-0.0787644319183015,-0.076799999999999799
2025-06-12,3397.9720000000002,3408.2049000000002,3388.8656999999998,3402.6579999999999,3402.3159000000001,409490610,501624560.6372,0.0101,-0.0075417511839272,0,0.0084456026953750006,0.030139050301365201,0.0096815853130218007,0.0011774263570512001,0.0072596286601970001,0.0107603111716447,0.0048995157901908001,0.84460000000000002
2025-06-13,3397.4843999999998,3401.5526,3370.5924,3376.9960000000001,3402.6579999999999,510065221,605384839.39119995,-0.75419999999999976,0.0034744785010110001,1,-0.0136069609068679,0.0053712369237923002,0.0100505628125859,-0.0059022593727401,-0.0077504466806918,0.0117511677707582,0.1560429519463504,-1.3607
2025-06-16,3369.3661000000002,3389.7563,3368.8764000000001,3388.7293,3376.9960000000001,405383278,481594409.52630001,0.34739999999999982,-0.00039082496202920002,0,-0.0059420737263151001,0.0042038386822086,0.0100959359086365,-0.0031441150503965002,-0.0028067835262465001,0.0135383755114336,0.12926003370916381,-0.59419999999999995
2025-06-17,3388.1801,3393.3126999999999,3376.4200999999998,3387.4049,3388.7293,390012447,458038158.67830002,-0.039100000000000003,0.00041438801721040001,1,0.0070494748155910001,-0.0049806814568036,0.0101692672882555,-0.0042176309277866001,0.0113148275098257,0.017006549319118502,-0.2527335659795184,0.70489999999999975
2025-06-18,3386.136,3391.7087000000001,3369.9859000000001,3388.8085999999998,3387.4049,378684891,441011095.449,0.041399999999999902,-0.0078789932249344,0,-0.0033535610961975002,-0.0075558077331044004,0.0097171405358135003,0.0019263546512424,-0.0052697643124457001,0.0104222644205413,-0.1256354745290906,-0.33539999999999992
2025-06-19,3384.2932000000001,3386.9194000000002,3353.9355,3362.1082000000001,3388.8085999999998,415327655,473258595.43110001,-0.78790000000000004,-0.00065815847330540002,0,-0.0112429786116103,-0.026931982431934301,0.0099749984845324009,-0.0050353832103851,-0.0062390112135392002,0.010373514926835701,-0.033112914546798301,-1.1243000000000001
2025-06-20,3358.9128000000001,3370.7984000000001,3357.7060999999999,3359.8953999999999,3362.1082000000001,350223662,410873272.61979997,-0.0657999999999999,0.0064544271229395002,1,-0.019946699147093402,-0.033186078189735201,0.0106138129883136,-0.0038240135567543,-0.0161845756269469,0.0197366673006984,0.1706999979916029,-1.9946999999999999
2025-06-23,3349.4603000000002,3389.4524000000001,3347.6507999999999,3381.5816,3359.8953999999999,384561397,442789178.46950001,0.64539999999999975,0.0115284516570588,1,0.0125976106110146,-0.0151545083490425,0.0110031633740341,0.0023091746443499,0.010264732905707501,0.010639158541235001,0.21518302646134821,1.2598
2025-06-24,3380.0799999999999,3423.7835,3380.0799999999999,3420.5659999999998,3381.5816,460963800,544882077.63660002,1.1528,0.010351386291040701,1,0.0067423188987221,-0.0154548919225684,0.0106286877195395,-0.0082858488224635003,0.0151537292306875,0.0176953466312629,-0.39771638801343723,0.67420000000000002
2025-06-25,3419.0913999999998,3459.0093000000002,3417.4105,3455.9735999999998,3420.5659999999998,509384064,620173277.60500002,1.0350999999999999,-0.0021760004185216002,0,0.020597632753925201,0.0082054853358799005,0.011491438176977,0.0060618519970974004,0.0144481979194156,0.0167367902493675,0.21400680181050541,2.0598000000000001
2025-06-26,3451.7193000000002,3462.752,3446.1855,3448.4533999999999,3455.9735999999998,496541077,603095111.89680004,-0.2175999999999999,-0.0070253812912187,0,0.0123091838671931,0.032220909640335103,0.0115984521489166,0.0062352468682103004,0.0060362991834038001,0.0101554903054836,-0.070339868183596499,1.2309000000000001
2025-06-27,3450.6862999999998,3462.6273000000001,3421.0403000000001,3424.2267000000002,3448.4533999999999,523129432,605731616.25769997,-0.70250000000000001,0.0058988208929039001,1,-0.0060989586376443,0.046805756497834902,0.0114550190798924,-0.0052862816945028002,-0.00081699581315310002,0.0071886566805598002,-0.1336119479190625,-0.6099
2025-06-30,3423.4738000000002,3447.46,3420.1118000000001,3444.4256,3424.2267000000002,457348049,567137246.03410006,0.58989999999999976,0.0038676405145752,1,-0.0016957583431310001,0.0320295208597529,0.011031424968241501,0.0051711379874532001,-0.0068315693428415,0.0113741192333939,0.28697597697675892,-0.1696
2025-07-01,3445.8456999999999,3459.5866000000001,3441.0378999999998,3457.7474000000002,3444.4256,444356739,553556536.15709996,0.38679999999999992,-0.0008546026236619,0,,,,,,,,
2025-07-02,3458.1709999999998,3461.328,3447.9557,3454.7923999999998,3457.7474000000002,498116776,543130721.69410002,-0.085500000000000007,0.0018404000194049001,1,-0.0087246207917510005,0.0161740849072971,0.0111661187049539,-0.00038049509659590002,-0.0083473018025608005,0.0086743822616809005,-0.1396041788853335,-0.87250000000000005
2025-07-03,3456.1518999999998,3463.6197999999999,3446.9739,3461.1505999999999,3454.7923999999998,438543465,500211767.75620002,0.184,0.0032268460089543002,1,0.0061950924465816,0.0018339691286,0.010773340917698,0.0096388875503277006,-0.0034109176520543002,0.0103907897382383,0.072864354524119407,0.61950000000000005
2025-07-04,3459.5924,3497.2248,3455.4938000000002,3472.3191999999999,3461.1505999999999,500195210,567241277.89499998,0.32269999999999982,0.0002326687016562,1,-0.0062535583188593003,-0.016536688747999202,0.010854075474064801,0.000531348092452,-0.0067813031788026001,0.014414520046520701,-0.1219869450314004,-0.62539999999999984
2025-07-07,3467.9848999999999,3474.8006999999998,3462.7923000000001,3473.1271000000002,3472.3191999999999,436631340,476197431.4228,0.023300000000000001,0.00701045464187,1,-0.0063930362934013002,-0.0168276780649033,0.0107165403124009,-0.0070315921020160004,0.00064307766846900003,0.015686370634907802,0.112064191174685,-0.63929999999999976
2025-07-08,3474.6316000000002,3499.8856999999998,3474.6316000000002,3497.4753000000001,3473.1271000000002,493484773,567506524.76069999,0.70099999999999985,-0.0012654270925085,0,-0.0011803783733606,-0.016320110030616501,0.0106606588258105,-0.0036465036465037001,0.0024751509199982002,0.0082442509343094005,-0.4687113183148508,-0.1179999999999999
2025-07-09,3498.7240000000002,3512.6687000000002,3491.2006999999999,3493.0495000000001,3497.4753000000001,523920088,595962525.11189997,-0.1265,0.0047615414553958003,1,0.0108942503358404,0.0031484346310362002,0.010290897475443501,0.0016619341313126,0.0092169981606962,0.010859504609669401,0.18895557290596621,1.0893999999999999
2025-07-10,3491.4973,3526.5898999999999,3491.4973,3509.6817999999998,3493.0495000000001,564159805,613160543.94819999,0.47620000000000001,0.0001411523973484,1,-0.0105909085073879,-0.013586739995731,0.0105594403297812,-0.0036023582837053001,-0.0070138165036647002,0.009687316626132,0.050575908274732101,-1.0590999999999999
2025-07-11,3511.3656000000001,3555.2179000000001,3506.7993999999999,3510.1772000000001,3509.6817999999998,664185249,753549049.07070005,0.0141,0.0026986102012171,1,0.0056942984189061003,-0.0017270504205659,0.0104540254081132,-0.0011166768233474001,0.0068185894030077,0.0111755576687403,0.090676676417268801,0.56940000000000002
2025-07-14,3513.2514999999999,3532.1183000000001,3513.2514999999999,3519.6498000000001,3510.1772000000001,572084705,623102482.27839994,0.26989999999999992,-0.0041626300434777002,0,0.004627862813832,0.0093456029128540005,0.0100517136791562,0.0001976829889,0.0044293042268335001,0.0196925550921681,0.16810155814114741,0.46279999999999982
2025-07-15,3519.8051999999998,3527.0378999999998,3483.3798000000002,3504.9987999999998,3519.6498000000001,572074726,646851665.14670002,-0.4163,-0.00034861638183710002,0,0.0026408921119969002,0.0132071435538514,0.0099555550547652007,-0.0016156045861628,0.0042633846419398002,0.0070639203598075002,-0.41676726970410982,0.2641
2025-07-16,3502.8987000000002,3511.8058000000001,3489.1368000000002,3503.7768999999998,3504.9987999999998,470878578,572419318.65030003,-0.0349,0.0037241526422531002,1,0.0159812786014479,0.018305810774939601,0.0104440338034756,0.0032483146940172,0.01269173715115,0.018519773320354201,0.32396239901461132,1.5981000000000001
2025-07-17,3500.3715000000002,3517.2847000000002,3499.1855999999998,3516.8254999999999,3503.7768999999998,472211056,609791010.25759995,0.37240000000000001,0.0050207779714972001,1,-0.0029426452575261001,0.026177449490045301,0.0104351290804516,0.0046331616112487003,-0.0075408688049125004,0.0142357987679605,-0.1099953506503563,-0.29430000000000001
2025-07-18,3519.4751999999999,3536.0142999999998,3518.2312999999999,3534.4827,3516.8254999999999,493484088,643627574.92859995,0.50209999999999977,0.0071604537772953,1,-0.00076719896107950002,0.019584349666664901,0.010035012870369,0.0011958678117414,-0.0019607220084832001,0.0091598906262235005,-0.0526373397921613,-0.076700000000000004
2025-07-21,3542.8164000000002,3560.6284999999998,3542.5677000000001,3559.7912000000001,3534.4827,633649736,730905862.90540004,0.71599999999999975,0.0061997737395385003,1,0.0133356735696834,0.028421798731294402,0.0089613044086844004,0.010566983482965401,0.0027397393067161002,0.0079542184460965008,-0.099583236726877106,1.3335999999999999
2025-07-22,3561.6316000000002,3584.7184999999999,3547.252,3581.8611000000001,3559.7912000000001,716155230,840573441.87109983,0.62,0.000121975695819,1,0.0067865265213492001,0.032674029843839401,0.0087370341186630007,0.0066656838126357004,0.0001200425430771,0.0066906579724366,0.21727276054615161,0.67869999999999975
2025-07-23,3588.8777,3613.0223000000001,3577.5942,3582.2979999999998,3581.8611000000001,767672388,857045959.53410006,0.012200000000000001,0.0065401873322655001,1,0.0054368744033601001,0.0219563792287309,0.0087129030119256004,0.0012318887547242,0.0041998119475259001,0.0091797517338063003,0.057447771928757101,0.54369999999999985
2025-07-24,3578.9121,3608.7278000000001,3577.1131,3605.7269000000001,3582.2979999999998,773265835,852239625.25650001,0.65400000000000003,-0.0033478963700772002,0,0.016237147349207101,0.041615139392832103,0.0082936541455467007,0.0086856243307309004,0.0074864981083544004,0.0123382264167611,0.079768979902144599,1.6236999999999999
2025-07-25,3604.4504999999999,3610.0286999999998,3586.2199999999998,3593.6552999999999,3605.7269000000001,697189549,821609575.94700003,-0.33479999999999982,0.0011914331349476,1,0.0050555895570808,0.047684900781462002,0.0080084599585616006,-0.00038569868435610002,0.0054433877489302,0.0091392967440373004,-0.14090879039124521,0.50560000000000005
2025-07-28,3594.2312999999999,3606.2741999999998,3582.1489000000001,3597.9369000000002,3593.6552999999999,594187877,761265438.43229985,0.1191,0.0032725421060050002,1,-0.0108632892277219,0.022665661255330202,0.0083389838475843008,-0.0052826216202949,-0.0056103047244609001,0.0089772230529414007,-0.054112028879542202,-1.0863
2025-07-29,3595.8099000000002,3611.3532,3585.9434999999999,3609.7112999999999,3597.9369000000002,610642058,793606423.70449984,0.32729999999999992,0.0016636787545862,1,0.0068448717620483001,0.022724926722824002,0.0083490759703222003,0.0027776519545380002,0.0040559537795668002,0.0105575982684972,0.0055915949953655002,0.6845
2025-07-30,3608.3539999999998,3636.1664000000001,3593.7338,3615.7166999999999,3609.7112999999999,637221916,819627949.11389983,0.16639999999999991,-0.0117565903324228,0,-0.001474055565792,0.0156951663010351,0.0079807202058562003,-0.0041976157698906001,0.0027350408547216001,0.0108793750755511,0.089203363753052003,-0.1474
2025-07-31,3604.6959000000002,3606.3744000000002,3562.6071999999999,3573.2082,3615.7166999999999,654509349,845893058.0582,-1.1757,-0.0037099433500683001,0,-0.0136151807384684,-0.0141412409003499,0.0087507106128478004,-0.0074140676880403,-0.0062474319336604002,0.016351772516156,0.2202234039806327,-1.3614999999999999
2025-08-01,3568.2608,3581.7456999999999,3550.0434,3559.9517999999998,3573.2082,509563080,684645226.02129996,-0.371,0.0065610438882908002,1,-0.016030548601437801,-0.0348246281827609,0.0094773717689118006,-0.0077078500039521004,-0.0083873470101712005,0.010133880500919,-0.1088038448739556,-1.6031
2025-08-04,3547.1628999999998,3583.3087999999998,3547.1628999999998,3583.3087999999998,3559.9517999999998,458573618,639775598.45669997,0.65610000000000002,0.0095690329563559006,1,-0.0107179777607613,-0.034682836812947503,0.0097129739258624004,-0.0011702100605772,-0.0095589536839535,0.014084097696999,-0.1060136367234871,-1.0718000000000001
2025-08-05,3588.8076999999998,3617.5976000000001,3586.9686000000002,3617.5976000000001,3583.3087999999998,499797780,656382505.10179996,0.95689999999999997,0.0045326489601827001,1,0.0092068609965558004,-0.032418268743645201,0.0098519001448181005,-0.0030981960444446,0.0123432990011411,0.0153522489361554,-0.2780525087213217,0.92069999999999996
2025-08-06,3615.808,3634.3135000000002,3613.9893999999999,3633.9949000000001,3617.5976000000001,512467273,707221251.60749996,0.45329999999999993,0.0015607341661376,1,0.0068360863526922,-0.024365657242369401,0.0096949980401663007,0.00054015917714660003,0.0062925282086860003,0.0096650487497700003,0.0699860768758193,0.68359999999999976
2025-08-07,3637.7811000000002,3645.1170000000002,3622.5223999999998,3639.6666,3633.9949000000001,535501202,749699997.33630002,0.15609999999999991,-0.0012469548721851,0,0.0003252681554846,-0.0105771434404432,0.0092715247723736006,-0.0015412088651231,0.001869358091871,0.0078911660783060004,-0.22175471893542201,0.032500000000000001
2025-08-08,3634.8546000000001,3645.3667,3625.4508000000001,3635.1280999999999,3639.6666,526407572,713569731.1415,-0.12470000000000001,0.0034162757565544002,1,0.0068645393552872001,0.012444834828422201,0.0092988556791424003,0.0028851137044707,0.0039679775843091004,0.011824670833294901,0.18165461334372771,0.6865
2025-08-11,3637.0533999999998,3656.8517000000002,3629.6266999999998,3647.5466999999999,3635.1280999999999,551393348,751329446.77750003,0.34160000000000001,0.0050365359270106002,1,-0.0088833939421003004,0.014322373153700701,0.0095982792830055005,-0.0045180476707454001,-0.0043851586270755001,0.0074552570945348,-0.1664230136776722,-0.88829999999999976
2025-08-12,3647.9625000000001,3669.0383999999999,3647.9625000000001,3665.9177,3647.5466999999999,536623739,778161034.24820006,0.50370000000000004,0.0047865504454723002,1,0.0019305019305019,0.0070091313585447,0.0095951991360642003,0.0035291297012488001,-0.0015930058464996,0.0077867734671234002,0.0150822792738285,0.19309999999999991
2025-08-13,3668.6581000000001,3688.6275999999998,3666.5468000000001,3683.4648000000002,3665.9177,613528884,887022595.71930003,0.47870000000000001,-0.0046212468217422002,0,0.0025242092423718001,0.0026965131655298001,0.0089764789725447006,-0.0033219830239199001,0.0058656779488616001,0.0086386012500195009,-0.0640212042060746,0.25240000000000001
2025-08-14,3685.5223000000001,3704.7714999999998,3662.5695000000001,3666.4425999999999,3683.4648000000002,647829587,949464273.62349999,-0.46210000000000001,0.0082717509337251003,1,0.025790879178267102,0.028222489756380802,0.010513059548707101,0.0082836464063615004,0.017363400501737201,0.0175072327719056,0.32301066419016422,2.5790999999999999
2025-08-15,3659.8146000000002,3702.2552999999998,3658.3762000000002,3696.7705000000001,3666.4425999999999,678521703,960624988.90900004,0.82720000000000005,0.0084551637706480002,1,-0.0036835799008888,0.0174506202348092,0.010577013580405701,0.0059714207296335002,-0.0095976887927092004,0.0123691763031225,0.017662576496929702,-0.36840000000000001
2025-08-18,3712.4951999999998,3745.9389999999999,3702.3802000000001,3728.0273000000002,3696.7705000000001,776016669,1133941943.1577001,0.84550000000000003,-0.0001983354574684,0,-0.0097671097819220006,0.0165434240241491,0.0105463320229063,-0.0077282623518182001,-0.0020547268986379,0.0073955732362774003,0.2220378351302123,-0.97670000000000001
2025-08-19,3728.4850999999999,3746.6689999999999,3718.1466999999998,3727.2878999999998,3728.0273000000002,696099750,1060899235.6684,-0.019800000000000002,0.010442579442280201,1,-0.0036889490215104002,0.0108420146939731,0.0105007272951083,0.0009208522176631,-0.0046055601988508003,0.011446347398325301,-0.1111520712673854,-0.36890000000000001
2025-08-20,3716.6846999999998,3767.4299999999998,3704.9911999999999,3766.2103999999999,3727.2878999999998,679836426,1017500164.0639,1.0443,0.001297989087386,1,-0.0021428415389532001,0.0061362420343392,0.010446638124209401,0.0025594941384645001,-0.0046903308032195,0.0070453611154692002,-0.1521144977469806,-0.21429999999999991
2025-08-21,3770.6756999999998,3787.9805999999999,3757.9917999999998,3771.0989,3766.2103999999999,691552959,997741900.75030005,0.1298,0.014494528372088001,1,0.0017131780168688001,-0.017480119014573001,0.0097423204308353002,-0.0061430010070492001,0.0079047378364077003,0.0128556018612501,-0.068411865884014406,0.17130000000000001
2025-08-22,3772.2768999999998,3825.7592,3772.2768999999998,3825.7592,3771.0989,698136277,1095091495.7102001,1.4495,0.015108765862734,1,-0.0024370240094348,-0.016250824865239301,0.0096534571013215005,0.0020058857328594001,-0.0044340156136356002,0.0085659426987427009,-0.0421604901562114,-0.2437
2025-08-25,3848.1628999999998,3883.5617000000002,3839.9724000000001,3883.5617000000002,3825.7592,885474802,1360903869.0367,1.5108999999999999,-0.0039087057635778001,0,0.0093421088796040008,0.0027332729984523001,0.0096311403591295003,0.0040004604731959,0.0053203644985288,0.0083251641829925008,0.16059117253279351,0.93420000000000003
2025-08-26,3871.471,3888.5985000000001,3859.7575000000002,3868.3820000000001,3883.5617000000002,734565305,1114187895.2502,-0.39090000000000003,-0.017586706793693001,0,0.019368060636627701,0.025938908163650201,0.0104734666693244,0.0105662623119805,0.0087097686246818008,0.0129538729412285,0.20973018516908931,1.9368000000000001
2025-08-27,3869.6116000000002,3887.1979999999999,3800.3499000000002,3800.3499000000002,3868.3820000000001,858633499,1326848744.0181999,-1.7586999999999999,0.011379873205885601,1,-0.011807629217446,0.0160021335116564,0.01082863661975,-0.0044522028919187001,-0.0073883206279936001,0.011412351030259201,-0.13077342557299321,-1.1808000000000001
2025-08-28,3796.7112000000002,3845.0871000000002,3761.4220999999998,3843.5974000000001,3800.3499000000002,788351947,1265185534.1951001,1.1379999999999999,0.0037282780969722,1,-0.0126605685737702,0.0014233523563991,0.010767132509647,0.0039667117467948,-0.0165615852856669,0.020127389233737001,0.062845390300109702,-1.2661
2025-08-29,3842.8234000000002,3867.6057999999998,3839.2058999999999,3857.9274,3843.5974000000001,739462366,1221691851.556,0.37280000000000002,0.0045628126646448004,1,-0.0080526121985130001,-0.0042139670761665001,0.010274430054366001,-0.0067939699449560001,-0.0012672519250483,0.0113035756232899,0.076459587484244002,-0.80530000000000002
2025-09-01,3869.7456999999999,3879.0453000000002,3853.6583999999998,3875.5304000000001,3857.9274,747709536,1208347980.8561001,0.45629999999999982,-0.0044889339534014,0,0.0031521487814225001,-0.0103207922605107,0.0099398267572341006,0.0038653824460515001,-0.00071048735926230002,0.0084267977448533003,-0.090271207297242001,0.31519999999999992
2025-09-02,3877.0857999999998,3885.3145,3828.6774999999998,3858.1334000000002,3875.5304000000001,762618833,1222777663.9974,-0.44890000000000002,-0.0115539810002422,0,0.0215251686563557,-0.0082265095000329004,0.010806198635197901,0.017170289684587201,0.0042813666658694004,0.0066589253685157002,0.1227614703473261,2.1524999999999999
2025-09-03,3865.2860000000001,3868.3877000000002,3794.8836999999999,3813.5565999999999,3858.1334000000002,645668510,1012296084.0032001,-1.1554,-0.0125029480354375,0,-0.0047182737371678002,-0.0011114628371019001,0.010832315863846901,-0.0011496083524412,-0.0035727726740339,0.012027752989957501,-0.1245965256517696,-0.4718
2025-09-04,3807.7570999999998,3808.3955000000001,3732.8404,3765.8759,3813.5565999999999,710227933,1107892043.2037001,-1.2503,0.0123844760789911,1,-0.0060055183936650004,0.0056214327888209001,0.0109521256694847,0.0064361648928974004,-0.012362118652489301,0.020125075745541902,-0.179088877222874,-0.60060000000000002
2025-09-05,3761.8800999999999,3817.1588999999999,3745.3090999999999,3812.5142999999998,3765.8759,626223380,979061710.22109997,1.2383999999999999,0.0037577301677269,1,-0.0112423614325291,0.0023877127000393001,0.011180712031395401,0.0057490245006297002,-0.0168942604161068,0.018986774876170901,0.13048630533332251,-1.1242000000000001
2025-09-08,3811.6691999999998,3833.143,3803.6033000000002,3826.8407000000002,3812.5142999999998,660066898,1025883749.952,0.37580000000000002,-0.0051082345810736004,0,0.0143452264320584,0.013572260844529701,0.0114120318209912,0.0031019402191112002,0.0112085180599802,0.015210401576151,0.029609881259057402,1.4345000000000001
2025-09-09,3816.6574000000001,3834.6709999999998,3791.7242999999999,3807.2923000000001,3826.8407000000002,600239380,917795306.22570002,-0.51080000000000003,0.0012945945862889001,1,0.008495167593963,0.00064370260549250001,0.011528737781593201,0.0008667093136431,0.0076218523499006,0.010866323759795101,-0.022829077547294501,0.84950000000000003
2025-09-10,3806.5841999999998,3826.9958999999999,3794.0574000000001,3812.2212,3807.2923000000001,534539825,821113584.52219999,0.1295,0.016548934778496002,1,0.0118678734535621,0.017319205931782902,0.011759332856276301,0.0030100753260036001,0.0088312155036721005,0.0137575578598816,-0.0061199197554486001,1.1868000000000001
2025-09-11,3806.0563999999999,3875.3094000000001,3796.4344999999998,3875.3094000000001,3812.2212,617012930,1016794001.3821,1.6549,-0.001215644872123,0,0.0101059714019475,0.0338087622709317,0.0105476481897177,0.0040203360843669,0.0060612669871951,0.010760220571028,0.043233816581141102,1.0105999999999999
2025-09-12,3875.5072,3892.7375000000002,3866.5387999999998,3870.5983999999999,3875.3094000000001,700641784,1093807300.6635001,-0.1216,-0.0026080721781932001,0,-0.0043488118056842001,0.041016405205257601,0.0105648453838658,-0.0081209117772113003,0.0038029836663716001,0.0138353588857514,0.0512076110795954,-0.43490000000000001
2025-09-15,3876.0974000000001,3879.7365,3855.9724999999999,3860.5036,3870.5983999999999,644793944,986171993.9404,-0.26079999999999992,0.0003526741951489,1,0.0115708156612355,0.038169044117589201,0.0104812006468302,0.0173700238285814,-0.0057001956333667001,0.0098246897224292008,-0.18069482803630341,1.1571
2025-09-16,3865.9801000000002,3876.6900999999998,3838.6482999999998,3861.8651,3860.5036,673439723,989786137.92159998,0.035299999999999901,0.0037483960793968001,1,0.0022131137601106,0.0317021476629979,0.0103887833289162,-0.0030032408474102001,0.0052320677671557,0.0095694432654644009,-0.1537056675820771,0.2213
2025-09-17,3854.0726,3882.6687000000002,3848.9454999999998,3876.3409000000001,3861.8651,663434713,1006679080.9141999,0.37480000000000002,-0.0115275465065521,0,-0.00030438741371280001,0.0192912904669688,0.0103534817788702,0.0034057359444856,-0.0036975305455139002,0.010185823789559,0.0086408676724277003,-0.0304
2025-09-18,3876.0592000000001,3899.9594000000002,3800.9953,3831.6561999999999,3876.3409000000001,876027389,1365962423.6401,-1.1528,-0.0030187468280687001,0,0.017772559800079302,0.027027594382651201,0.0108894605920038,0.0043754356807548002,0.013338761227512401,0.0149755035363188,0.2498910393339599,1.7773000000000001
2025-09-19,3830.4436999999998,3843.1696000000002,3811.9029,3820.0893999999998,3831.6561999999999,682292613,1016348310.666,-0.3019,0.0022216757544991001,1,-0.013510284338825101,0.017577412222191401,0.0114684536594727,-0.0016611919182084,-0.0118688087898572,0.027350205642180402,0.1058953920411998,-1.351
2025-09-22,3822.0095999999999,3831.7404000000001,3806.2015999999999,3828.5763999999999,3820.0893999999998,568325686,941799982.06490004,0.22220000000000001,-0.0017614118918979,0,9.4180227050433274e-06,0.0059473642724613002,0.0113801540232748,0.0014383204275028,-0.0014268501370986,0.0084208424609668008,0.0124879341738317,0.00089999999999990001
2025-09-23,3830.1379000000002,3838.6059,3774.5282000000002,3821.8326999999999,3828.5763999999999,701902868,1071697826.1381,-0.17610000000000001,0.0083231011132434002,1,-0.0075705120719077,-0.0038727153928527001,0.0108464303860885,-0.0032239471691573002,-0.0043606233219649002,0.0103646247330016,-0.2334948362995152,-0.7571
2025-09-24,3804.4832999999999,3854.9229999999998,3804.3279000000002,3853.6421999999998,3821.8326999999999,602056670,1015707870.4547,0.83230000000000004,-8.8254171598967091e-05,0,-0.0070231937728844002,-0.0105675395474252,0.0105980323426566,0.0034709806431336,-0.0104578753331685,0.017097540477692501,-0.0541632320235549,-0.70230000000000004
2025-09-25,3852.431,3866.1057999999998,3840.4589999999998,3853.3020999999999,3853.6421999999998,589950531,1001211369.1138,-0.0088000000000000005,-0.0065388332775672001,0,0.013743963864228,-0.014483958349050001,0.010412904915842,-0.0032657826410062,0.017065478649167,0.0193286318500011,-0.032958397333857102,1.3744000000000001
2025-09-26,3839.8553000000002,3856.6062000000002,3828.1060000000002,3828.1060000000002,3853.3020999999999,551275335,927864903.41680002,-0.65390000000000004,0.0089928805524192006,1,-0.001280985268858,-0.0022667297046319,0.0101551570811566,0.00065915874299770001,-0.0019388659913861001,0.0089374836200183001,0.19849724619886541,-0.12809999999999991
2025-09-29,3828.1655999999998,3881.0023000000001,3809.5351999999998,3862.5317,3828.1060000000002,608466399,968212397.57210004,0.89929999999999977,0.0052415621598651003,1,-0.0134598567926816,-0.015705346749494101,0.0107960144496611,-0.0080189754982880005,-0.0054848642867200001,0.012577837451689,-0.069167244471204301,-1.3460000000000001
2025-09-30,3869.7046,3887.5700000000002,3866.2808,3882.7773999999999,3862.5317,569734631,973274951.64859998,0.5242,0.013185149372714301,1,0.018932800575623202,0.010580721177461,0.0105636980025808,0.0074008159766076002,0.0114472654936617,0.014013594507084301,0.0179167738851298,1.8933
2025-10-09,3898.3069999999998,3936.5761000000002,3885.7437,3933.9724000000001,3882.7773999999999,725218501,1216888716.0622001,1.3185,-0.0093910928302395006,0,-0.0047596666934988001,0.0077594910843603003,0.0104089982047276,-0.0021192405751663001,-0.0026460337003134,0.0144207031961471,0.62101539297707276,-0.47599999999999992
2025-10-10,3915.4751999999999,3933.0052999999998,3886.3049999999998,3897.0281,3933.9724000000001,718917673,1132127151.7344999,-0.93910000000000005,-0.0019311895646838,0,-0.0028651340727692,-0.0038342153356697001,0.0102182881889344,0.0012139640529476,-0.0040741522513376002,0.0185553492317772,0.64511538383628775,-0.28649999999999992
2025-10-13,3800.1055000000001,3895.8299999999999,3800.1055000000001,3889.5021999999999,3897.0281,709506101,1085413591.3255,-0.19309999999999991,-0.0062407214990132,0,-0.017279448457139902,-0.036530055205532701,0.0108342668466257,-0.0085487050038893005,-0.0088060235508441009,0.0116560676928849,-0.15662015563292001,-1.7279
2025-10-14,3910.7824999999998,3918.4357,3851.1208999999999,3865.2289000000001,3889.5021999999999,800839631,1209983827.6837001,-0.62409999999999977,0.0121546747205578,1,-0.015246676343232001,-0.0461089749352636,0.0113388205383787,-0.0249643214688904,0.0099664508075211003,0.021282738285422102,0.4102709463633154,-1.5246999999999999
2025-10-15,3867.5364,3912.2912000000001,3857.6668,3912.2094999999999,3865.2289000000001,645012955,961552165.63520002,1.2155,0.001027168918229,1,-0.017309347271555801,-0.0562516855066275,0.0115814837025566,0.0030796292548169002,-0.020326378815527901,0.029781980943611001,-0.0845960525552963,-1.7309000000000001
2025-10-16,3900.6833999999999,3931.0500000000002,3899.1673000000001,3916.2280000000001,3912.2094999999999,595451491,869264580.46469986,0.1027,-0.019527131719603501,0,0.018444382864902902,-0.034248173463051403,0.012413487095045301,0.0107517879357816,0.0076107655914528002,0.015280635658091801,-0.304941441579615,1.8444
2025-10-17,3912.0403000000001,3921.0648000000001,3835.3647999999998,3839.7552999999998,3916.2280000000001,617563018,873181597.94860005,-1.9527000000000001,0.0062861557870628002,1,-0.00085254683411400002,-0.032298928813995202,0.0124125913989166,-0.00079465546919020005,-5.7937405199881553e-05,0.0144913664677776,-0.0357346876139902,-0.085300000000000001
2025-10-20,3865.5522999999998,3877.7215000000001,3850.3672999999999,3863.8926000000001,3839.7552999999998,549261712,772503219.63180006,0.62860000000000005,0.013571702277646,1,-0.024775856161671501,-0.039680764631240602,0.0126733259719612,-0.0014125957809082001,-0.0233963099094304,0.027598343821254801,0.17025021296190701,-2.4775999999999998
2025-10-21,3870.7487999999998,3919.3182999999999,3868.1453000000001,3916.3321999999998,3863.8926000000001,599415713,837938398.31480002,1.3572,-0.00065740082008330003,0,0.024229713511650802,-0.0011838785483523,0.0138018868235926,0.025244879609935302,-0.0009901693912097,0.0080072562789389005,-0.32312985021548002,2.423
2025-10-22,3896.0736000000002,3918.5924,3893.3249999999998,3913.7575999999999,3916.3321999999998,543117344,741524798.44659984,-0.0656999999999998,0.0022107909800035,1,0.0065246571480609,0.0230412301234015,0.013908855337128601,0.0116559797949093,-0.0050722011724663001,0.0135207200016394,0.054785260401619101,0.65249999999999975
2025-10-23,3904.1590000000001,3926.2170999999998,3877.5293999999999,3922.4101000000001,3913.7575999999999,565189264,718931051.97239995,0.22109999999999991,0.0071133306535181001,1,-0.0094430708998733005,-0.0049720963621066004,0.013962376269193,-0.0049920180731570004,-0.0044733840406955003,0.0113007178931554,-0.079664856284242802,-0.94430000000000003
2025-10-24,3929.1149999999998,3950.3114999999998,3928.9598000000001,3950.3114999999998,3922.4101000000001,567858443,858491253.21070004,0.71130000000000004,0.0118048918420737,1,0.0072225452325422003,0.0030697015780359002,0.014001488295747501,-0.0024528959803769,0.0096992324211375002,0.018973871848208802,0.092308889217040502,0.72230000000000005
2025-10-27,3969.2197000000001,3999.0666999999999,3963.1017000000002,3996.9445000000001,3950.3114999999998,637589545,1043404043.2035,1.1805000000000001,-0.0021818166351821001,0,0.0074002675602799,0.036164549591834301,0.0137365752642586,0.0080533795851660001,-0.0006478942862676,0.0067764223478298004,-0.18022324432823031,0.73999999999999977
2025-10-28,3986.8912,4010.7275,3976.8326000000002,3988.2239,3996.9445000000001,577357684,940760864.46930003,-0.21820000000000001,0.0070475230841477001,1,0.010456744322949201,0.022231090888489301,0.0139545466722172,0.0128370823561791,-0.0023501687237719002,0.0067564597297798002,0.1995583073100029,1.0457000000000001
2025-10-29,3990.2655,4016.3310000000001,3986.9414000000002,4016.3310000000001,3988.2239,612917466,968215713.26390004,0.70479999999999976,-0.0073276331059365001,0,,,,,,,,
2025-10-30,4007.8207000000002,4025.7048,3984.8283999999999,3986.9007999999999,4016.3310000000001,668485609,1070058589.3947999,-0.73280000000000001,-0.0080540754864028008,0,-0.0033124382890021,0.012240491325537801,0.0136200164975074,0.0028391787755780002,-0.0061342009713773,0.0103621513446849,-0.1021495423165124,-0.33119999999999977
2025-10-31,3985.0641000000001,3986.7433000000001,3951.7307999999998,3954.79,3986.9007999999999,675615406,1031104616.8293999,-0.8054,0.0054947797481028002,1,-0.0024083224335709002,0.019429232360694802,0.0129180832227292,0.0075828944961195003,-0.0099160247601137001,0.017084096569743901,0.41310046290461422,-0.2407999999999999
2025-11-03,3954.0783000000001,3977.3051,3937.0214999999998,3976.5207,3954.79,641245945,941703699.26359999,0.54949999999999977,-0.0041077869907728002,0,-0.0143075157071059,-0.002361754745652,0.0130715555745385,-0.00074878180277590002,-0.0135688940452749,0.0143558364840127,-0.2456345626267406,-1.4308000000000001
2025-11-04,3973.4575,3985.8822,3938.5196999999998,3960.1860000000001,3976.5207,615493792,852938368.4296,-0.4108,0.0022883521127542001,1,0.0097160381600861004,-6.8424684109280598e-05,0.0126881420013622,0.0035712838209493,0.0061228877691097,0.0114584479274624,-0.63529501522288157,0.97160000000000002
2025-11-05,3922.5844000000002,3979.7537000000002,3922.5844000000002,3969.2483000000002,3960.1860000000001,614991618,827133576.94980001,0.2288,0.0097024920310476003,1,-0.0078735822887978004,-0.018207818050443102,0.012735215317316501,-0.00039337328486940002,-0.0074831526762777004,0.0145215525743967,0.64794335868326414,-0.78739999999999977
2025-11-06,3973.3492999999999,4008.7991000000002,3973.3492999999999,4007.7599,3969.2483000000002,627367547,930275554.35479999,0.97019999999999995,-0.0025461106090710001,0,-0.00065466006997410002,-0.015589760017976,0.012692475050944301,-0.0096626901558236004,0.0090959211536387006,0.018679197299671602,-0.21114404652524141,-0.065500000000000003
2025-11-07,3994.3166999999999,4012.0054,3993.6909999999998,3997.5556999999999,4007.7599,596507034,875486746.39110005,-0.25459999999999983,0.0052635914491447004,1,0.021225421152007901,0.0077317047836429004,0.0136716595851708,0.0048647775377369,0.016281438040210702,0.016546104341515901,-0.0236714734806007,2.1225000000000001
2025-11-10,4001.7939000000001,4018.6958,3990.8359,4018.5972000000002,3997.5556999999999,634049993,960588645.76240003,0.52639999999999976,-0.0039415744379656002,0,-0.0092150918035632003,0.0129379908247495,0.0138012394687403,-0.0051030925888866001,-0.0041330907595003002,0.0077108952310472002,-0.0034437463446418,-0.92149999999999999
2025-11-11,4023.877,4024.9389999999999,3991.5156000000002,4002.7575999999999,4018.5972000000002,581994921,858362142.55270004,-0.39419999999999977,-0.00065404909855130001,0,0.015518353712374301,0.018758821271670001,0.0136973415805762,0.0029559676287819001,0.0125253615203992,0.0139456737582706,0.1475421700129935,1.5518000000000001
2025-11-12,3996.5648000000001,4020.3775000000001,3980.6756,4000.1396,4002.7575999999999,586193228,840467209.8901,-0.0654,0.0073401438289804003,1,0.0017767981309659,0.028668254188437301,0.013168582557820101,0.0037160785408565,-0.0019321005724146001,0.010401117337722201,-0.25649895785065963,0.1777
2025-11-13,3996.5142999999998,4030.3982999999998,3994.7712000000001,4029.5012000000002,4000.1396,613031061,876400923.59669983,0.73399999999999976,-0.0096808756379077009,0,0.0084775443589605003,0.038068416886411001,0.012461253694439,0.0021920550366133001,0.0062717413201976002,0.0103875389986893,0.35191096694554053,0.8478
2025-11-14,4007.1257999999998,4034.0785999999998,3990.3074000000001,3990.4920999999999,4029.5012000000002,622017118,837969502.2033,-0.96809999999999996,-0.0046253192682676001,0,0.0055826433649188,0.0221676439161968,0.0119381380888475,-0.0053207828478017,0.0109617513110784,0.016922503772834201,-0.0451065604435818,0.55830000000000002
2025-11-17,3988.5563999999999,3992.4041000000002,3958.9484000000002,3972.0347999999999,3990.4920999999999,592017950,805733125.73899984,-0.46250000000000002,-0.0081121394001884006,0,-0.018489618635224601,0.012599349969114101,0.0128007476452821,-0.0152446918575422,-0.0032951604838803001,0.012797237693749,-0.15643082351449411,-1.849
2025-11-18,3962.4436999999998,3966.8854000000001,3926.5884999999998,3939.8130999999998,3972.0347999999999,594411046,790948598.39129984,-0.81120000000000003,0.0017587890146362,1,-0.0070817681163128001,-0.0099358101186307005,0.0114364441845753,-0.0049208842538477002,-0.0021715699066247002,0.0105161509322057,-0.108453581305838,-0.70820000000000005
2025-11-19,3937.9198000000001,3960.0518000000002,3930.0745000000002,3946.7424000000001,3939.8130999999998,531149601,720908759.22389984,0.1759,-0.003975734519689,0,-0.0172166911509429,-0.0287072306725886,0.010993862825492501,-0.0080354665732776005,-0.0092555976229804007,0.013909039776715501,0.33208813274020871,-1.7217
2025-11-20,3960.6993000000002,3967.971,3927.5124000000001,3931.0511999999999,3946.7424000000001,534749540,711341284.0043,-0.39760000000000001,-0.024461752113531202,0,-0.0038326218673868,-0.040563494118166801,0.010923723784094201,0.00093328083307260004,-0.00476145892211,0.0116968626723532,-0.19666946577449981,-0.38329999999999992
2025-11-21,3896.6646000000001,3912.0063,3834.7489999999998,3834.8908000000001,3931.0511999999999,631646251,824931134.78970003,-2.4462000000000002,0.00048885355483890001,1,0.00019047139735150001,-0.045708219582366302,0.010710727157723201,0.0065476478524542003,-0.0063158226723455,0.0137290389517877,0.031540826916936202,0.019
2025-11-24,3848.6565000000001,3854.3305,3816.5756999999999,3836.7655,3834.8908000000001,504601716,715539247.36090004,0.048899999999999902,0.0086680564657911005,1,-0.023825679092816601,-0.050896303917665003,0.0118251034785622,-0.0145206782741779,-0.0094421066109669008,0.011806977744249301,0.28405877347509362,-2.3826000000000001
2025-11-25,3850.5709999999999,3882.0299,3845.1383000000001,3870.0228000000002,3836.7655,478727611,722788782.81949985,0.86680000000000001,-0.0015086216029528,0,0.019685947909636702,-0.025309767785969401,0.0125997051075513,0.0092327444625338005,0.0103575746075001,0.0159064108593093,0.11103678774355071,1.9685999999999999
2025-11-26,3867.4290000000001,3879.9231,3861.1768999999999,3864.1844000000001,3870.0228000000002,457589755,701019872.52890003,-0.15090000000000001,0.0028660640522226001,1,0.0069235704703205,-0.0013682976841908,0.0124578435376745,0.0090369995917018008,-0.0020945011156542001,0.0127808994225497,-0.40085189307122171,0.69240000000000002
2025-11-27,3867.1970999999999,3895.5891999999999,3864.1311000000001,3875.2593999999999,3864.1844000000001,444021947,698519107.24849999,0.28660000000000002,0.0034415244564016002,1,0.0012948670666221001,0.0037718756593426001,0.0124545748048626,0.0058772985048978002,-0.0045556564852259002,0.0088516695598107008,-0.1440569635298736,0.1295
2025-11-28,3870.9438,3888.8885,3856.25,3888.5962,3875.2593999999999,449931973,645755815.1049,0.34420000000000001,0.0065344660883018,1,0.00068844280023800004,0.0042716301595049,0.012451804539079301,0.00067340119283770003,1.5031485180116988e-05,0.011610192501720001,0.044982237341233702,0.0688
2025-12-01,3894.2132000000001,3914.4643999999998,3890.9485,3914.0061000000001,3888.5962,537554133,785658341.86020005,0.65339999999999976,-0.0041631258571620004,0,-0.0033546687283900001,0.025331859372038301,0.012050238807508201,0.0025102202927396,-0.0058502037210325002,0.0078436194038911007,-0.31306328329963762,-0.33550000000000002
2025-12-02,3908.4558999999999,3908.7687999999998,3888.3274999999999,3897.7116000000001,3914.0061000000001,455584494,627440672.46249998,-0.4163,-0.0050573264579144,0,0.0067431355328863001,0.012317383780841001,0.0119416242304041,0.0033636401253107,0.0033681661089028001,0.0102765431926892,0.1672030884944071,0.67430000000000001
2025-12-03,3894.1556,3901.6959999999999,3869.9528,3877.9996000000001,3897.7116000000001,485617270,647166528.20319998,-0.50570000000000004,-0.00056892734078680003,0,0.0023735022044877002,0.0077429420476508,0.0118129224223186,0.0059650616173310004,-0.0035702625765838001,0.0105511180697307,0.0563482100221896,0.2374
2025-12-04,3879.7417,3888.8595,3859.0491000000002,3875.7932999999998,3877.9996000000001,445040290,623712571.51540005,-0.056899999999999902,0.0069700053405839001,1,-0.012811625193283801,-0.0064543923036338002,0.0121740792955997,-0.0043747760590610004,-0.0084739206393621008,0.0104257320832878,-0.1195477389965286,-1.2811999999999999
2025-12-05,3873.1206999999999,3907.7815999999998,3863.3137000000002,3902.8076000000001,3875.7932999999998,500368768,716742448.87699997,0.69699999999999995,0.0054499740135792001,1,0.0067998849411488003,-0.00038657315424790002,0.011223935008619,0.0016800766127356001,0.0051112210854049002,0.013253894590719901,-0.0034055902950562,0.68000000000000005
2025-12-08,3909.2260000000001,3936.3110999999999,3904.7377000000001,3924.0778,3902.8076000000001,547349789,839439003.43340003,0.54500000000000004,-0.0037094575443942001,0,0.0057518728866166003,0.0087470885254550008,0.011145253491182601,-0.0039632324307234002,0.0097537617421983008,0.0143985749482378,0.3152467435233674,0.57520000000000004
2025-12-09,3916.5086999999999,3923.8986,3902.1278000000002,3909.5216,3924.0778,524538256,781160399.40900004,-0.37090000000000001,-0.0023086200623625001,0,-0.0122568150068929,-0.010290681996799301,0.010803523557584,-0.00066014748660920002,-0.0116043280883049,0.0151983432674923,-0.016960482537607201,-1.2257
2025-12-10,3901.1275000000001,3906.1163000000001,3876.4744999999998,3900.4960000000001,3909.5216,497331504,730359828.44509983,-0.23089999999999991,-0.0069679343345051001,0,-0.012851751343664401,-0.025323576693664002,0.0110531159874959,0.00060585219845550001,-0.0134494551601433,0.016833842026659,-0.022277720930413001,-1.2851999999999999
2025-12-11,3903.8948,3904.9632000000001,3862.8209999999999,3873.3175999999999,3900.4960000000001,525658600,764350151.57850003,-0.69679999999999975,0.0041380804920309001,1,0.0041892363165703002,-0.0085381897174497002,0.0108719163194969,4.9539537859022431e-05,0.0041394917102047001,0.0111334213774112,-0.046101997550772801,0.41889999999999977
2025-12-12,3869.4126999999999,3891.8067999999998,3850.5967999999998,3889.3456999999999,3873.3175999999999,573947130,909950905.46089995,0.4138,-0.0055085872155822002,0,-0.00040210205013300001,-0.015630458168021801,0.0107168278985664,0.0066493662292224,-0.0070048901990268,0.0129142492907421,-0.14874387894513841,-0.0402
2025-12-15,3865.4020999999998,3896.9769000000001,3863.6296000000002,3867.9209000000001,3889.3456999999999,500922790,764604815.50399983,-0.55089999999999995,-0.0111452641133379,0,0.017480261851408201,-0.0041514152918066,0.0109734682098551,0.0090440809838894,0.0083605672205053008,0.012104732729585101,0.31370496845189771,1.748
2025-12-16,3861.5145000000002,3862.4270999999999,3815.8444,3824.8119000000002,3867.9209000000001,512494827,733294004.02040005,-1.1145,0.0118870159340385,1,-0.0133931097722236,-0.0052970344679831001,0.0112427241791373,-0.0099569654295238001,-0.0034707020025552,0.0082827785881164004,-0.13846444623616691,-1.3392999999999999
2025-12-17,3822.5086000000001,3881.7519000000002,3817.9955,3870.2775000000001,3824.8119000000002,512313692,766820526.34259999,1.1887000000000001,0.0015743057183883,1,-0.015352602220619901,-0.0078170245374048,0.0111115845398457,-0.0031589363249585,-0.0122323069745011,0.018002347351893402,0.040034012911400102,-1.5353000000000001
2025-12-18,3857.2568000000001,3888.2853,3856.4229,3876.3705,3870.2775000000001,461172625,704895595.17910004,0.15740000000000001,0.0036314898176012002,1,0.0092477197715432006,-0.0028190211888595002,0.0113372041342969,0.00032414769563870002,0.0089206804578905001,0.0129480757396055,-0.16580854896857211,0.92479999999999996
2025-12-19,3878.2269999999999,3902.6707999999999,3871.7766999999999,3890.4475000000002,3876.3705,513511893,738066004.81560004,0.36309999999999992,0.0069185614251316002,1,0.0011523912806186,-0.0012682864541285,0.0113429693384703,-0.0054164353376954001,0.0066046000071848,0.0098340006863303006,0.055703233468076201,0.1152
2025-12-22,3900.5349999999999,3920.0120999999999,3900.5151999999998,3917.3638000000001,3890.4475000000002,522938992,789756386.75230002,0.69189999999999985,0.00066748970315170001,1,0.007545651386984,-0.0110198373240111,0.010057855829082901,0.0053372541437353002,0.0021966730409582001,0.0078864606933919008,0.25065523948451052,0.75460000000000005
2025-12-23,3919.1062999999999,3937.127,3910.7449000000001,3919.9785999999999,3917.3638000000001,521156952,806853443.04100001,0.066699999999999801,0.0053491108344316,1,0.0043300001985167001,0.00674590540047,0.0090940816002275,0.004103068329069,0.00022600455730630001,0.0073287705625379,-0.3517945047738244,0.433
2025-12-24,3920.3465999999999,3947.0408000000002,3912.3107,3940.9470000000001,3919.9785999999999,474896447,773928624.46759999,0.53490000000000004,0.0047384803703272001,1,-0.0010708567668032,0.0213481770258536,0.0089578999300177001,0.0028711208572125002,-0.0039306921318524,0.0077983022094995002,-0.052673482994556702,-0.1071
2025-12-25,3937.7195999999999,3964.0733,3936.0781999999999,3959.6210999999998,3940.9470000000001,469313093,785018650.09109986,0.4738,0.0010247950239481,1,,,,,,,,
2025-12-26,3957.8326000000002,3977.7062000000001,3945.5237999999999,3963.6788999999999,3959.6210999999998,555489592,893644363.93470001,0.1024999999999999,0.00040384199638350001,1,,,,,,,,
2025-12-29,3964.6513,3983.9787000000001,3956.9454999999998,3965.2795999999998,3963.6788999999999,563687197,903819726.76460004,0.040399999999999901,-4.1283343550357898e-05,0,0.0017377883413374001,0.0137482046646915,0.0089623230592563007,0.0002308515434462,0.0015065889994954,0.0045782322901945002,-0.5947545228562241,0.17380000000000001
2025-12-30,3947.8706999999999,3979.9901,3947.4187000000002,3965.1158999999998,3965.2795999999998,525932588,887533318.58840001,-0.0041000000000000003,0.00093924114551100001,1,-0.0071149346622806,0.0053768648916605001,0.0090917839025417002,0.0042588906666542001,-0.011325590875660201,0.017513893875540101,0.86342530103881465,-0.71150000000000002
2025-12-31,3968.7256000000002,3977.5358000000001,3955.4870999999998,3968.8400999999999,3965.1158999999998,490751490,829511897.49489999,0.0938999999999999,0.0137512720656094,1,0.0085573642210347006,0.0063863999691715001,0.0092873411591131005,4.5640316080675085e-05,0.0085113354449141004,0.0124434225868073,0.0680691721650106,0.85570000000000002
2026-01-05,3986.9721,4025.2631999999999,3983.5758999999998,4023.4167000000002,3968.8400999999999,596950455,1067334169.2015001,1.3751,0.0149749589695742,1,0.027620565153913802,0.021895201934962701,0.0112863458007202,0.0033897061864478001,0.024149000949551001,0.024510213206588801,-0.1028064075345813,2.7621000000000002
2026-01-06,4026.0158000000001,4083.6671999999999,4025.0880000000002,4083.6671999999999,4023.4167000000002,702472270,1175768705.0350001,1.4975000000000001,0.00051549254552360002,1,0.00033297302386960001,0.020462118298473001,0.0108428783200593,0.00087210836468460003,-0.0005386655660689,0.0071947990904558,0.90764772895092161,0.033300000000000003
2026-01-07,4083.8429999999998,4098.7771000000002,4069.4358000000002,4085.7723000000001,4083.6671999999999,683384352,1197422798.2767,0.0514999999999999,-0.00068371406796210001,0,0.0137855046676615,0.041943060389940001,0.0111417701012392,0.0058890418882584002,0.0078502324317796003,0.0136549407072618,0.029015394440607401,1.3786
2026-01-08,4077.7150000000001,4093.8717999999999,4067.1215999999999,4082.9787999999999,4085.7723000000001,666131337,1183188755.9514,-0.068400000000000002,0.0091715391713521003,1,-0.0094157904490564,0.023374950685758102,0.0113535523851896,-0.0040665731951351003,-0.0053710590587187001,0.0113599733437662,-0.041799214194400101,-0.94159999999999999
2026-01-09,4086.7624000000001,4121.7226000000001,4083.6154999999999,4120.4260000000004,4082.9787999999999,729837985,1289205972.2632,0.91720000000000002,0.0108874664901152,1,-0.0117026563790324,0.020240307071173601,0.011320709272565,-0.0059023506223792,-0.0058347444642732,0.0130522942142449,-0.1168473366158409,-1.1702999999999999
2026-01-12,4134.893,4168.3568999999998,4119.8792999999996,4165.2870000000003,4120.4260000000004,839456089,1446230122.0053,1.0887,-0.0063689488863553001,0,0.0031541941259636001,-0.0040503491660677004,0.0108612248775965,0.0047125526447924001,-0.0015510491182048,0.0070713146924334001,-0.00049344642481570001,0.31540000000000001
2026-01-13,4169.7040999999999,4179.7020000000002,4126.2343000000001,4138.7584999999999,4165.2870000000003,868382717,1481574218.6134,-0.63690000000000002,-0.0030601688888104001,0,0.0143600570147898,0.0099152700624429001,0.011220950414588701,0.0055295502136910001,0.0087819465864749004,0.016038554745978002,0.1047248446177739,1.4359999999999999
2026-01-14,4138.6454000000003,4190.8662999999997,4103.6205,4126.0932000000003,4138.7584999999999,952551289,1607041237.7679,-0.30599999999999983,-0.0032699212901928002,0,0.0090193051237801008,0.0051672659951442004,0.0113073973770309,0.013155204656560501,-0.0040821973906579002,0.0155634594685603,0.025264328390042001,0.90190000000000003
2026-01-15,4106.2241000000004,4133.0726000000004,4096.8495999999996,4112.6012000000001,4126.0932000000003,680250791,1175915097.3961,-0.32700000000000001,-0.0025989634005845002,0,0.0056368202731851003,0.0204414763246463,0.010784027049284601,0.0045998896771398002,0.001032182669638,0.0118237650041138,0.2728091707537032,0.56369999999999976
2026-01-16,4127.0631999999996,4140.2250999999997,4091.8105999999998,4101.9126999999999,4112.6012000000001,763588465,1338017280.0239999,-0.25990000000000002,0.0029467716365586,1,-0.0028218717094675,0.029611106373361201,0.0102355774094091,-0.0010166738210379,-0.0018070350536624001,0.0147589927484675,-0.30529475367080211,-0.28220000000000001
2026-01-19,4090.7184999999999,4126.5174999999999,4090.0567000000001,4114.0001000000002,4101.9126999999999,688905870,1190137813.599,0.29470000000000002,-8.5342730059667637e-05,0,-0.0029215982100474001,0.0233750727647636,0.0094398613476128004,0.0063598431414495001,-0.0092227858799734004,0.016148274266239101,-0.059906087176539502,-0.29220000000000002
2026-01-20,4116.3658999999998,4128.9304000000002,4080.2937999999999,4113.6490000000003,4114.0001000000002,734362496,1221485626.2084999,-0.0085000000000000006,0.00080001964192830002,1,-0.0104697492564711,-0.0016754057353142,0.0097913083251544002,-0.0075753512018642,-0.0029164915020116,0.0067763185342798,-0.204861937052735,-1.0469999999999999
2026-01-21,4103.5290999999997,4135.9584999999997,4103.5290999999997,4116.9399999999996,4113.6490000000003,666989507,1180184557.0062001,0.080000000000000002,0.0013689779302104,1,-0.0028757072568411,-0.013444341521137,0.0098541885970536008,-0.00071525641942610002,-0.0021619972198049001,0.0103407255711697,0.0103026377449886,-0.28760000000000002
2026-01-22,4126.0717000000004,4140.8378000000002,4109.9232000000002,4122.576,4116.9399999999996,709695409,1201764210.2374001,0.13689999999999991,0.0032960459673758002,1,0.0036828678875439002,-0.0153612192085795,0.0097763117610656005,-0.0034155720941680002,0.0071227683103862001,0.011165262419910201,0.079042774252442702,0.36830000000000002
2026-01-23,4130.1076000000003,4143.7497999999996,4120.2039999999997,4136.1642000000002,4122.576,782115454,1336857054.8376,0.3296,-0.0008604590697826,0,0.0016889185128790001,-0.0109071514157457,0.0097575597850560001,0.0062234202217335,-0.0045064561385932001,0.0105352404696473,-0.0026045159640979,0.16889999999999991
2026-01-26,4144.7781999999997,4160.9852000000001,4124.7003999999997,4132.6052,4136.1642000000002,887439731,1451859840.0272999,-0.085999999999999799,0.0017661740347225,1,0.0044893045276823001,-0.0035556022434006002,0.0097558911759803007,0.0086894610431258006,-0.0041639738270884,0.0077435339745158,-0.064705708873068701,0.44890000000000002
2026-01-27,4125.2155000000002,4158.8019000000004,4101.8298999999997,4139.9040999999997,4132.6052,754990869,1289432378.9454,0.17660000000000001,0.0027376721117766002,1,0.00059851563636120005,0.0075899999623548001,0.0097602369658940005,0.0035338965087585001,-0.0029250440693724001,0.0109015081023912,0.042938533167548601,0.059900000000000002
2026-01-28,4150.2151999999996,4170.1468000000004,4138.0187999999998,4151.2377999999999,4139.9040999999997,823026748,1365526057.112,0.27379999999999982,0.0016252260952143,1,0.0135035672761074,0.024141189564439901,0.0098523032830880007,0.0036476033344392,0.0098201439518448008,0.0134198775140553,0.045652951431810203,1.3504
2026-01-29,4155.9184999999998,4170.2138000000004,4138.2992000000004,4157.9844999999996,4151.2377999999999,905908371,1485795395.4161999,0.16250000000000001,-0.0096289199731262008,0,0.025803121987543601,0.0467123263968557,0.0110566272383573,0.0073336663355076,0.018334992931611602,0.020968446507993,0.4999677252825005,2.5802999999999998
2026-01-30,4131.9929000000002,4152.8500999999997,4064.7768999999998,4117.9476000000004,4157.9844999999996,804342746,1269855689.0279,-0.96289999999999998,-0.024818479963173701,0,0.0050735061851998001,0.050249042807424302,0.0106651294109479,-0.0071801001261008,0.0123422247205733,0.015962965345415501,-0.1386418222508414,0.50739999999999985
2026-02-02,4079.7075,4103.4072999999999,4013.6556999999998,4015.7464,4117.9476000000004,732953698,1163532654.1617999,-2.4817999999999998,0.0129469082011752,1,-0.020772959469166401,0.023835950639843301,0.0106156872422967,-0.0065113491840165004,-0.0143550812316138,0.017992648049974101,0.0070490664622438002,-2.0773000000000001
2026-02-03,4043.9061000000002,4069.4178999999999,4002.7820000000002,4067.7379000000001,4015.7464,637684249,1110720213.0163,1.2947,0.0084725468668960004,1,-0.022329482738412301,0.00037548308420670001,0.0119317467744971,-0.0105805249257771,-0.0118745972851947,0.0216331697649003,0.088046038230405702,-2.2328999999999999
2026-02-04,4064.6772000000001,4104.6207000000004,4062.6824999999999,4102.2020000000002,4067.7379000000001,674254244,1063544769.9283,0.84730000000000005,-0.0064076074264505,0,0.0022109706721461001,-0.0107708385940918,0.0115470522059815,0.0082235410861468006,-0.0059635290875307001,0.0259445457183544,-0.34472126473535702,0.22109999999999991
2026-02-05,4075.0254,4088.9041000000002,4048.9389999999999,4075.9167000000002,4102.2020000000002,596722236,946988891.27059996,-0.64080000000000004,-0.0025352088279920002,0,0.00046767682376240002,-0.035202974387023203,0.0113187987471695,-0.0014056390272767,0.0018759527634570001,0.015317440768078,-0.1376271212450888,0.046800000000000001
2026-02-06,4040.2991999999999,4095.0302999999999,4029.9731000000002,4065.5834,4075.9167000000002,556709801,898655032.95899999,-0.2535,0.01414466125575,1,0.0014124314829189,-0.0387173382236684,0.010930200547258901,-0.0081710204221501007,0.0096624036022298007,0.018944907722632801,0.066425475981704202,0.14119999999999991
2026-02-09,4103.5396000000001,4123.1587,4093.0560999999998,4123.0897000000004,4065.5834,572632582,949726335.96580005,1.4145000000000001,0.0012814176708304001,1,-0.012099203875435,-0.030202529584173,0.011329566086616101,-0.0197468945785866,0.0078017510588388001,0.0154475094884776,-0.090671759620235506,-1.2099
2026-02-10,4127.7658000000001,4134.3382000000001,4117.5635000000002,4128.3730999999998,4123.0897000000004,524620969,882201747.0438,0.12809999999999991,0.00087489669962220002,1,0.017590771066963402,0.0093962518818460003,0.011555614671768501,0.0159089154911813,0.001655518078576,0.0087515224991011002,-0.0633378554815901,1.7591000000000001
2026-02-11,4124.4277000000002,4142.5612000000001,4122.4282999999996,4131.9849999999997,4128.3730999999998,500685278,822607547.25080001,0.0874999999999998,0.0004919669359884,1,0.0057716016037201003,0.012982410506965201,0.0114570892398476,0.0065045679975254001,-0.0007282295750167,0.010834656693489,-0.068170390289111302,0.57720000000000005
2026-02-12,4136.9899999999998,4140.5931,4124.1307999999999,4134.0177999999996,4131.9849999999997,529370116,897955034.83879983,0.049200000000000001,-0.0125653063225802,0,0.0030618232250492002,0.0156090067835448,0.011412861255977401,0.0023187158221176,0.00074138833407090001,0.0070709244513603,-0.060768996643099801,0.30620000000000003
2026-02-13,4115.9242999999997,4123.8442999999997,4079.7701999999999,4082.0726,4134.0177999999996,500799472,846808337.46210003,-1.2565,0.0086564604460978006,1,-0.0085761292844888006,0.0054788426660873002,0.011573820047333001,-0.0020472097872910001,-0.0065423129843707002,0.0103816494892244,0.1046197163098128,-0.85760000000000003
2026-02-24,4129.1337999999996,4131.5499,4105.9368999999997,4117.4089000000004,4082.0726,566322249,938611375.99979997,0.86560000000000004,0.0072428074850665004,1,0.025311442887782001,-0.0067654745514438,0.0135150031329222,0.014599435512723601,0.0105578684553918,0.0135276290209306,0.069291780471392103,2.5310999999999999
2026-02-25,4123.7808000000005,4167.8437999999996,4122.6986999999999,4147.2304999999997,4117.4089000000004,724787214,1085969561.1740999,0.72430000000000005,-0.0001445301870729,0,-0.018151969340419401,-0.0163588031313373,0.014174854099206401,-0.0062118956897796,-0.0120147077620005,0.0159818860634275,0.39037718044306202,-1.8151999999999999
2026-02-26,4151.0680000000002,4152.1926000000003,4127.1531000000004,4146.6310999999996,4147.2304999999997,651702826,1067198717.4341,-0.014500000000000001,0.0039189403658310001,1,0.0065963854515477,0.0074754056894388004,0.014217579609760601,0.0058246760475240003,0.00076724047679570001,0.0089318218058299006,-0.071182997615174701,0.65959999999999985
2026-02-27,4128.8973999999998,4166.2344000000003,4128.3599999999997,4162.8815000000004,4146.6310999999996,682047646,1072367831.6098,0.39190000000000003,0.0047345570610163,1,-0.0143728620040858,-0.01216658166685,0.0145808903410622,0.0094904975468620006,-0.023639013550833601,0.0243243970272423,0.1490737414375739,-1.4373
2026-03-02,4151.8010999999997,4188.7701999999999,4131.3675999999996,4182.5909000000001,4162.8815000000004,861579218,1345892469.3952,0.47349999999999992,-0.014324829138799801,0,0.0094583151068456002,0.0082227358513782007,0.0144015805752346,0.0025029358227998001,0.0069380138805650001,0.0123497878398939,0.1270996127842671,0.94579999999999997
2026-03-03,4189.4079000000002,4197.2280000000001,4116.0110000000004,4122.6760000000004,4182.5909000000001,921139170,1425790202.3362,-1.4325000000000001,-0.0097514332923565004,0,-0.021429907166734201,-0.037739583360257803,0.0136588097086454,-0.0122025313793862,-0.0093413640756069005,0.0195602492476681,0.33241820343799572,-2.1429999999999998
2026-03-04,4087.6320000000001,4106.0397000000003,4055.4124999999999,4082.4740000000002,4122.6760000000004,765169531,1113081986.0775001,-0.97509999999999997,0.0063914675267986,1,-0.0111961503999445,-0.030922531206844801,0.013625436439393601,0.0050034823684711001,-0.0161189817275443,0.018876931371439101,0.024026019374765801,-1.1195999999999999
2026-03-05,4109.777,4125.6166000000003,4090.6212999999998,4108.567,4082.4740000000002,689746535,1068043734.8049999,0.6391,0.0038035159217313002,1,-0.020125674865958201,-0.056648578853847401,0.0135842048246302,-0.0115934132461557,-0.0086323399035860005,0.019854797097804602,-0.00031884705177070001,-2.0125999999999999
2026-03-06,4085.8953999999999,4129.4647000000004,4085.8953999999999,4124.1940000000004,4108.567,646765760,978805927.0539,0.38040000000000002,-0.0066902041950501001,0,0.002845999204736,-0.040168272492875502,0.0129445114933537,0.0132347280023192,-0.0102530326986181,0.0197992196274932,-0.30011097042845591,0.28460000000000002
2026-03-09,4098.6986999999999,4106.5335999999998,4052.5454,4096.6022999999996,4124.1940000000004,797803556,1194106193.2084,-0.66900000000000004,0.0064774898944912002,1,0.017216703381416301,-0.032791299012337002,0.0136597843834736,0.0014699064109562,0.0157236846256254,0.0212899475304229,0.051898702044793403,1.7217
2026-03-10,4098.5869000000002,4123.9578000000001,4098.5869000000002,4123.1379999999999,4096.6022999999996,674922194,1036427205.2934,0.64770000000000005,0.00249690890773,1,-0.013542962011919801,-0.0249959228468313,0.013886206515867101,-0.026460470026155501,0.013268601445062001,0.020833713484609401,0.36772058789477841,-1.3543000000000001
2026-03-11,4123.6662999999999,4135.8392000000003,4112.7997999999998,4133.4331000000002,4123.1379999999999,707727169,1063600874.3943,0.24970000000000001,-0.0010476763250384,0,0.021703007580939501,0.0074440936228077001,0.0149032804468219,0.013059823381661201,0.0085317609086764008,0.013700554854564201,-0.40979456934068442,2.1703000000000001
2026-03-12,4133.1995999999999,4141.6487999999999,4103.1635999999999,4129.1026000000002,4133.4331000000002,786151182,1078215329.7730999,-0.1048,-0.0081504634929633005,0,-0.0023551708596721002,0.025714588973713301,0.014701416264385101,0.0058621181129354001,-0.0081693989908119009,0.012732714686882401,-0.1123128880972963,-0.2354999999999999
2026-03-13,4117.5738000000001,4134.0793999999996,4086.8469,4095.4485,4129.1026000000002,792054764,1063918169.3964,-0.81499999999999995,-0.0026035487932516001,0,-0.0070273634722279,0.0156160771902276,0.0140659621535089,-0.0069227252578887002,-0.0001053676456008,0.015886088754828401,-0.031756904419100902,-0.70269999999999977
2026-03-16,4092.2491,4096.1333000000004,4048.0866000000001,4084.7858000000001,4095.4485,732227098,1037223833.9626,-0.26040000000000002,-0.0085386362242053006,0,-0.0097663935892389007,-0.011324560930129001,0.0140205931596088,-0.0051798904683170001,-0.0046103844071677001,0.010782851338971101,-0.089350622238477201,-0.97660000000000002
2026-03-17,4086.2953000000002,4108.3999999999996,4049.5801000000001,4049.9072999999999,4084.7858000000001,678771224,951228129.26069999,-0.85389999999999977,0.0032289874881827,1,0.0144673598894196,0.016748752187263401,0.0145105851990255,-0.0011517498115103,0.015637119750655001,0.021162666499120301,0.0799847258549614,1.4467000000000001
2026-03-18,4053.3051999999998,4065.3733999999999,4023.0295000000001,4062.9843999999998,4049.9072999999999,623873102,876327491.35959983,0.32290000000000002,-0.0138893223414787,0,0.0013362225468587,-0.0035192739571415,0.0144647404915163,0.0040415699918170001,-0.0026944576059536002,0.015684357293212301,-0.0394341152002314,0.1336
2026-03-19,4028.5419999999999,4042.0221000000001,3994.1651000000002,4006.5522999999998,4062.9843999999998,667255422,935264956.10669994,-1.3889,-0.01235466213682,0,0.006064509245593,0.0048905816340241003,0.0141166830350395,0.0021064196123938002,0.0039497697607109002,0.0126072055090854,-0.1346053425476848,0.60650000000000004
2026-03-20,4004.5731999999998,4022.7033000000001,3955.7112999999999,3957.0527000000002,4006.5522999999998,666798387,964863108.62870002,-1.2355,-0.036332546190249101,0,-0.020166437275555602,-0.0084061911376081006,0.014664670229510001,-0.0182460071729868,-0.0019561215096654001,0.011095690290492901,0.33700724444790342,-2.0165999999999999
2026-03-23,3904.9513000000002,3906.6219999999998,3794.6844000000001,3813.2829000000002,3957.0527000000002,804738850,1086248286.0136001,-3.6333000000000002,0.0178315645031215,1,-0.0087550949821534,-0.007393503392812,0.0146036733660205,-0.0064037759141164002,-0.0023664734336123002,0.017349409307553,0.2590043531022132,-0.87549999999999994
2026-03-24,3849.6311999999998,3881.4236000000001,3807.9937,3881.2797,3813.2829000000002,680622039,931418842.71140003,1.7831999999999999,0.013026064573496201,1,-0.035401300454320203,-0.056187538757034201,0.014913846239830201,-0.0193129651402917,-0.0164051677468438,0.0231670129586522,0.1015422631027753,-3.5400999999999998
2026-03-25,3892.2689999999998,3933.0612999999998,3891.8159000000001,3931.8375000000001,3881.2797,688343626,967854261.24450004,1.3026,-0.0108737962848157,0,0.0279397452349987,-0.0311123086188861,0.016293137516374501,0.0154762827556025,0.0122735141047066,0.021392008274797401,-0.26955280720020441,2.794
2026-03-26,3924.9621000000002,3937.1041,3880.5729000000001,3889.0835000000002,3931.8375000000001,615973981,848361335.07229984,-1.0873999999999999,0.0063357600833204002,1,0.010861919484385901,-0.026492175726654701,0.016450123205818502,0.0086503554342113008,0.0021925973041693001,0.0149658609998279,0.161952032779272,1.0862000000000001
2026-03-27,3852.0936000000002,3924.1075000000001,3852.0936000000002,3913.7238000000002,3889.0835000000002,561342963,799696430.88559985,0.63360000000000005,0.0024434785101594002,1,-0.0189264661479044,-0.025260209767777701,0.016651741114461001,-0.0027151142941156002,-0.016255487359877301,0.019139996724022501,-0.1408434722163622,-1.8926000000000001
2026-03-30,3884.2768999999998,3924.2892999999999,3872.7755999999999,3923.2869000000001,3913.7238000000002,595589479,839822434.66530001,0.24429999999999991,-0.0080102222450263005,0,0.0038400526543835001,-0.0128747826114476,0.0164798536488928,-0.0035310782763252001,0.0073972512037390001,0.0153944070005226,-0.15321999092457261,0.38400000000000001
2026-03-31,3924.067,3948.8107,3891.8604999999998,3891.8604999999998,3923.2869000000001,606704983,891945339.55369985,-0.80100000000000005,0.0145667091613381,1,-0.0080591121791223005,0.015105934714571501,0.0159610585951598,-0.0167935241753327,0.0088835989295985001,0.016122632843697401,0.19641378358757311,-0.80589999999999995
2026-04-01,3939.5657999999999,3955.9430000000002,3929.9213,3948.5520999999999,3891.8604999999998,564611598,897278213.90900004,1.4567000000000001,-0.0074120587138763001,0,0.0015090427416659001,-0.0109947809003534,0.015847163832538601,0.0027235494301393001,-0.0012112079038768,0.017331163974967902,-0.086654298675057306,0.15090000000000001
2026-04-02,3940.7988999999998,3952.5761000000002,3900.1163999999999,3919.2851999999998,3948.5520999999999,544212835,811896566.97169983,-0.74119999999999975,-0.0099988895934389008,0,0.0204085502179671,-0.0016545659428598,0.015973895641235601,0.022958156602310702,-0.002492385800815,0.0091200872675399006,0.0138340063838455,2.0409000000000002
2026-04-03,3927.5922999999998,3929.5284999999999,3871.3004000000001,3880.0967000000001,3919.2851999999998,492699082,713830332.06009996,-0.99990000000000001,0.0025947291468274001,1,,,,,,,,
2026-04-07,3884.1505000000002,3902.6064999999999,3875.6842999999999,3890.1644999999999,3880.0967000000001,473615076,723905837.26119983,0.25950000000000001,0.026948217742463101,1,,,,,,,,
2026-04-08,3930.2507000000001,3994.9974999999999,3926.2489,3994.9974999999999,3890.1644999999999,644135352,1074211701.2704,2.6947999999999999,-0.0072155990085098001,0,-0.0070174661768013001,0.0104640931943966,0.016040340238893201,-0.0015632147190461001,-0.0054627909730111,0.0139447925063739,-0.1886092665886476,-0.70169999999999977
2026-04-09,3967.6296000000002,3979.1271000000002,3955.2458000000001,3966.1712000000002,3994.9974999999999,541569801,902481840.10080004,-0.72160000000000002,0.0050561357512757003,1,0.030915496686843302,0.0377181999913433,0.017085383272380902,0.0261194520102896,0.0046739633160226002,0.0105711258681036,0.4218989575502618,3.0916000000000001
2026-04-10,3985.4639999999999,4011.0243,3979.8139999999999,3986.2247000000002,3966.1712000000002,546415541,955664107.21360004,0.50560000000000005,0.00058534081131920003,1,-0.0054308072214055,0.040467799209641303,0.0168313227006858,-0.0052759392299546,-0.0001556893992601,0.0077692752718684002,-0.51246239182338715,-0.54310000000000003
2026-04-13,3971.1985,3991.2622000000001,3966.1981000000001,3988.558,3986.2247000000002,545781768,919436481.78799999,0.058500000000000003,0.0095442011874966003,1,0.0054806542302852004,0.0445939066021089,0.016148353677995001,0.0054161942187910001,6.4112764310619852e-05,0.0089436324381415005,-0.1258647826942258,0.54810000000000003
2026-04-14,4006.7267000000002,4026.6255999999998,3992.4070999999999,4026.6255999999998,3988.558,570259003,998435132.01970005,0.95440000000000003,0.0001450097570532,1,-0.0089864112825053001,0.014502236298446601,0.016266809732489201,-0.0071407771977101001,-0.0018589081336079,0.0080657183220217005,-0.1170060046526035,-0.89859999999999995
2026-04-15,4039.4711000000002,4050.6208000000001,4020.9038999999998,4027.2094999999999,4026.6255999999998,569458589,1028851871.4524,0.014500000000000001,0.0070364603579722001,1,0.0082409585029333005,0.0300913382541299,0.0162944879892871,0.010465358707915,-0.0022013621603277,0.01272600089241,0.16785028845947991,0.82410000000000005
2026-04-16,4030.1378,4057.8314,4028.9086000000002,4055.5468000000001,4027.2094999999999,545876967,976565489.65450001,0.7036,-0.0010162378103983,0,0.0028988509727769,0.0020970902583012001,0.016122657749614001,0.0114380929116522,-0.0084426738509451003,0.0104072615057328,0.10994163570421731,0.28989999999999982
2026-04-17,4043.3813,4058.6041,4038.4286999999999,4051.4254000000001,4055.5468000000001,548791406,1013520660.2311,-0.1016,0.0075779995850349001,1,0.017224900297988201,0.0249242789021604,0.0162545907323953,0.0067629335129792004,0.0103916884866859,0.0108015008871822,-0.074237810708570606,1.7224999999999999
2026-04-20,4053.3744999999999,4083.1902,4051.6849999999999,4082.1271000000002,4051.4254000000001,589841379,1084578006.427,0.75780000000000003,0.00072253997186900001,1,-0.0088629118603816004,0.010303342069102901,0.016409308276627101,-0.0069443128922727004,-0.0019320154881715,0.0100597629939236,-0.0043938842191479002,-0.88629999999999975
2026-04-21,4075.8454000000002,4086.6369,4062.1325999999999,4085.0765999999999,4082.1271000000002,576689450,1033349016.2144001,0.072300000000000003,0.0051850924900648,1,0.0076734506024960002,0.027287482682763702,0.016440962633075401,0.0016926391983587,0.0059707051545510002,0.0121194954344993,0.0282384992287667,0.76729999999999976
2026-04-22,4074.8130999999998,4106.8441000000003,4074.6795999999999,4106.2581,4085.0765999999999,582466346,1093625892.3736,0.51849999999999985,-0.0031678476323735,0,0.0047953288694275002,0.023776762192180601,0.015698717831534401,0.0030810585458024,0.0017090047798429,0.0071116233142281002,-0.15526504127423721,0.47949999999999993
2026-04-23,4110.7883000000002,4114.8442999999997,4070.4598000000001,4093.2501000000002,4106.2581,671166092,1234396207.6192,-0.31680000000000003,-0.0032613936783388001,0,-0.012241255113736501,0.0083214759751681008,0.015843312556630101,-0.0069421477618858002,-0.0053361517054696002,0.0086890108081251003,0.040665884774787303,-1.2241
2026-04-24,4081.0326,4092.6131,4061.1453000000001,4079.9004,4093.2501000000002,605031798,1143000195.131,-0.3261,0.001579401301071,1,-0.0094804771886050007,-0.018150158405653202,0.0135271285342969,-0.0024626154864611002,-0.0070351866617673004,0.0104925842517975,0.017679719288175001,-0.94799999999999995
2026-04-27,4074.8108999999999,4092.8305,4071.0803000000001,4086.3442,4079.9004,589950867,1136051921.7098,0.15790000000000001,-0.0018859889482633,0,0.0024259893807493001,-0.0069670374953220001,0.0122034832610873,-0.0070070846453045002,0.0094996387992200004,0.0140971321849724,0.10129520387378391,0.24260000000000001
2026-04-28,4076.1430999999998,4090.2013999999999,4062.8719999999998,4078.6374000000001,4086.3442,600507498,1113955561.9354999,-0.18859999999999991,0.0070800606104381002,1,-0.0020178558299365,-0.0165175389314621,0.0120424127235458,-4.2343407343103934e-05,-0.0019755960760627,0.0087681648405750004,-0.1037523962335154,-0.20180000000000001
2026-04-29,4061.8220999999999,4112.1517999999996,4061.8220999999999,4107.5144,4078.6374000000001,614221451,1126615371.0646,0.70799999999999985,0.0011308298760925001,1,-0.0094836580760752007,-0.030493652095253902,0.011377755781428901,-0.0042922742534903004,-0.0052137627220807002,0.0110720464096367,0.2267811189250056,-0.94840000000000002
2026-04-30,4107.2974000000004,4118.7551999999996,4100.9656000000004,4112.1593000000003,4107.5144,656912728,1276194739.0574999,0.11310000000000001,0.011676201357277,1,0.0168249104937814,-0.0019645884836893002,0.011866765627171001,0.0063415652314778,0.0104172833802131,0.0125187988370616,0.1477393317750213,1.6825000000000001
2026-05-06,4135.4504999999999,4166.1468999999997,4129.9107999999997,4160.1737000000003,4112.1593000000003,701177480,1465903193.4000001,1.1676,0.0047879010436510001,1,-0.0075594308373581002,-0.0010429825288855001,0.0118006674720719,-0.0057530154185258002,-0.0018168678878042,0.0097866023295630003,-0.200541868614458,-0.75590000000000002
2026-05-07,4168.4467000000004,4180.2098999999998,4163.1364999999996,4180.0922,4160.1737000000003,685574249,1359099509.9784999,0.4788,-3.3444238383029123e-05,0,0.012169378974392801,0.020794570669997701,0.011873087413273401,0.0050597310048685002,0.0070738561601862001,0.012972124758819,0.8719481523991881,1.2169000000000001
2026-05-08,4163.8536999999997,4183.0631000000003,4154.2456000000002,4179.9524000000001,4180.0922,697019094,1331673066.1308,-0.0033,0.0107820127329678,1,0.015735998394737102,0.019701407484114301,0.010325648797163601,0.012114620630828301,0.0035780312724379001,0.0057401107356509001,0.1181998936501872,1.5736000000000001
2026-05-11,4201.3464999999997,4229.5794999999998,4186.0819000000001,4225.0207,4179.9524000000001,762736287,1584366746.2392001,1.0782,-0.0024926741779041002,0,-0.0087346035570870003,0.023943486574802601,0.010466944512891201,-0.0100085329231119,0.0012868084305679001,0.0073495058265744002,-0.2647335769696415,-0.87350000000000005
2026-05-12,4229.2833000000001,4230.1839,4199.3440000000001,4214.4890999999998,4225.0207,718984002,1465272590.5790999,-0.24929999999999991,0.0066634173997507,1,0.00049746701013220001,0.0119160572473508,0.010420962262673601,-0.0031386265894410002,0.0036475418714774,0.0078761189692544004,0.0059602501913323001,0.049700000000000001
2026-05-13,4192.3145000000004,4245.0684000000001,4192.3145000000004,4242.5720000000001,4214.4890999999998,705018739,1447463947.6851001,0.6663,-0.015239458517144901,0,-0.0022316187775590001,0.017348421401766002,0.010185941451380701,0.0034154029789250002,-0.0056278005497217001,0.0099796113431214004,0.00090882540579780003,-0.22320000000000001
2026-05-14,4256.1569,4258.8630999999996,4177.9174999999996,4177.9174999999996,4242.5720000000001,764235004,1498116800.6215999,-1.5239,-0.010179257967635601,0,0.0015382624276460001,0.0066629078293935001,0.0100574722490352,0.00083801713304750003,0.00069965896839540003,0.0090625783980589,-0.088797352688009701,0.15379999999999991
2026-05-15,4174.1750000000002,4191.8068000000003,4114.0856000000003,4135.3894,4177.9174999999996,733162357,1519240026.4586999,-1.0179,-0.00093384192550270001,0,2.273722887746743e-05,-0.0089099941861948001,0.0100499941665095,0.016985467879116801,-0.016679422849192101,0.018111718616181601,0.10233153923386951,0.0023
2026-05-18,4120.1400999999996,4145.6611999999996,4108.6044000000002,4131.5276000000003,4135.3894,627233137,1315084195.4472001,-0.0933999999999999,0.0092000353573819006,1,-0.016154812755598501,-0.016328890481861001,0.0099662065471330004,7.5031149295190502e-05,-0.0162286262524147,0.020609692508708002,0.042486261964888902,-1.6154999999999999
2026-05-19,4122.9607999999998,4170.2887000000001,4107.9943999999996,4169.5378000000001,4131.5276000000003,617611067,1306522478.0072999,0.92000000000000004,-0.0017635767686287,0,-0.0110754916759522,-0.027707215251805702,0.010072404791014801,-0.0047672182393760001,-0.0063384904036384001,0.012835707184876101,-0.077400414925099401,-1.1074999999999999
2026-05-20,4152.6984000000002,4169.8468000000003,4139.9744000000001,4162.1845000000003,4169.5378000000001,624152035,1358926939.2202001,-0.1764,-0.020399864542285401,0,0.0047777659202387001,-0.020876798197655901,0.0099630902420822006,0.0007084663087073,0.0040664186908918,0.0067902152974195001,0.027138263898928101,0.4778
2026-05-21,4174.3771999999999,4199.5268999999998,4074.2166999999999,4077.2764999999999,4162.1845000000003,727218701,1595726694.7147999,-2.04,0.0087369841118207,1,-0.0056876832759319004,-0.0279410226599222,0.0099160143379036,-0.0034200524462309001,-0.0022754128610223,0.0061427599586786003,-0.080787584662102604,-0.56879999999999975
2026-05-22,4096.1723000000002,4120.0874999999996,4067.7471,4112.8995999999997,4077.2764999999999,589459644,1285847521.7372,0.87370000000000003,0.0096450202674531003,1,-0.0103153390573198,-0.037990014036130101,0.0098156336228357004,0.0070998849173057,-0.017292449572721101,0.0191796693477711,0.057156470996460401,-1.0315000000000001
2026-05-25,4126.3375999999998,4153.8788000000004,4119.7996000000003,4152.5685999999996,4112.8995999999997,615930861,1445655378.3924,0.96450000000000002,-0.0017328070149158,0,,,,,,,,
2026-05-26,4137.3195999999998,4150.2888000000003,4104.4593000000004,4145.3729999999996,4152.5685999999996,654777756,1461685377.7477,-0.17330000000000001,-0.012458806481346601,0,0.0086467148707264005,-0.013738924989783401,0.0098728109951447002,0.0100557303639883,-0.0013949878713662,0.0098130819033091007,0.080284039726018705,0.86470000000000002
2026-05-27,4138.8053,4153.5613999999996,4077.616,4093.7266,4145.3729999999996,660467399,1473449050.9979,-1.2459,0.0011992007477976,1,-0.00025697072134950002,-0.0029495411521943001,0.0098483909734416002,0.00063774040724,-0.0008941408988086,0.013169163669651301,0.21869573245149351,-0.025700000000000001
2026-05-28,4080.3044,4110.7821000000004,4055.8274999999999,4098.6358,4093.7266,621179950,1361325732.8784001,0.11990000000000001,-0.0073357823107873003,0,-0.0105947588717726,-0.018203842568276001,0.0100930554812735,0.0003644609552158,-0.0109552270744642,0.0148589129844586,-0.0938392331772471,-1.0595000000000001
2026-05-29,4110.5212000000001,4112.9552999999996,4055.8861000000002,4068.5691000000002,4098.6358,731597710,1532067352.9818001,-0.73360000000000003,-0.0026616482930080002,0,-0.0127158510484151,-0.0251435414905859,0.010258597971508,-0.0038553819196998,-0.0088947618326650005,0.019871897878375101,0.1309116772744634,-1.2716000000000001
2026-06-01,4067.1578,4093.0405000000001,4045.6898000000001,4057.7399999999998,4068.5691000000002,676025806,1319801913.9509001,-0.26619999999999983,0.0042786378624555003,1,0.0070474635049923001,-0.0080408815387064004,0.0095596480264825007,0.0062128691490417002,0.00082944114663980001,0.0102986624095823,0.46806937838613272,0.70469999999999977
2026-06-02,4061.4629,4089.5747000000001,4032.5826000000002,4075.1016,4057.7399999999998,642244656,1280966176.1609001,0.4279,0.0021772217900040002,1,0.0085690833951821005,-0.0081172286371608005,0.0094524599544967003,-9.2922077689960831e-05,0.0086628104392166005,0.0124078770918883,-0.60278154809907925,0.8569
2026-06-03,4068.3407999999999,4107.0457999999999,4059.9067,4083.9740000000002,4075.1016,668452583,1429755844.6078,0.2177,-0.0064135814772571,0,0.025204168172680001,0.017143727697274701,0.0107336967325459,-0.0001224497188381,0.025329719508550001,0.0256093153131444,0.0129591446425045,2.5204
2026-06-04,4053.6702,4080.7177999999999,4043.4331000000002,4057.7811000000002,4083.9740000000002,621194774,1274652182.4071,-0.64139999999999975,-0.0074042683081153001,0,-0.0155582234184079,0.0120411098604205,0.0111682187030457,-0.0032763250470845,-0.0123222701335991,0.014730597058489,-0.1668578083393974,-1.5558000000000001
2026-06-05,4044.8292000000001,4078.9317000000001,4015.0628999999999,4027.7361999999998,4057.7811000000002,662918577,1363887868.5149,-0.74039999999999995,-0.016981847023645601,0,-0.0148171064022022,0.0098871638028389004,0.0111927859365273,-0.0065504866538368001,-0.0083211271809087006,0.0121354290001134,-0.13171515569082881,-1.4817
2026-06-08,3938.7093,4007.4929999999999,3927.8526999999999,3959.3377999999998,4027.7361999999998,659293555,1267277235.7119,-1.6981999999999999,0.0128033783831225,1,-0.0115410202190595,-0.0087537362418736008,0.0105884364119562,-0.0026641957122606002,-0.0089005372800573003,0.0114059888965446,0.25037974798134482,-1.1540999999999999
2026-06-09,3977.5394000000001,4010.8715000000002,3955.9079999999999,4010.0306999999998,3959.3377999999998,576570090,1173088930.4133,1.2803,-0.0041907160461388,0,-0.0122141899971757,-0.029180043609423702,0.0107125576433524,-0.0151847111303402,0.0030163231285473,0.015200735519460501,0.062853441563742299,-1.2214
2026-06-10,3985.1244000000002,4006.3126999999999,3963.4416999999999,3993.2258000000002,4010.0306999999998,598694739,1227070067.0913999,-0.41909999999999992,-0.0015554091631881,0,-0.0036971155523001001,-0.0565481951216514,0.0106744053672241,-0.0042636875604795,0.00056899803803610002,0.0103118538868787,-0.12511936145868671,-0.36969999999999992
2026-06-11,3979.7057,3997.4776999999999,3958.4371000000001,3987.0147000000002,3993.2258000000002,568545244,1185554610.7341001,-0.1555,0.011160781524081001,1,-0.0064292372760615,-0.0477993197106409,0.0106883209398575,-0.0050224091118175,-0.0014139294966313001,0.0121684937250416,0.160120998705409,-0.64290000000000003
2026-06-12,4017.8647999999998,4060.2710000000002,4008.1768999999999,4031.5129000000002,3987.0147000000002,743131092,1537401519.4247,1.1161000000000001,0.016112760050947601,1,-0.0065007481165979004,-0.039761378665842902,0.0106294804339049,-0.0011447085295124,-0.0053621777176556,0.020199967551569002,-0.14188986748697541,-0.65010000000000001
2026-06-15,4053.5821999999998,4097.1656999999996,4051.0650999999998,4096.4717000000001,4031.5129000000002,678907811,1403586231.2391,1.6113,-0.0011180353082873001,0,0.0193329371705315,-0.009768868217427,0.011838129356651,0.0104007168869686,0.0088402750851987004,0.0134478164102949,0.092387936488181402,1.9333
2026-06-16,4094.2123999999999,4103.9259000000002,4077.8701999999998,4091.8917000000001,4096.4717000000001,615668296,1369612989.6744001,-0.1118,0.0039552610837670001,1,0.0050396268321595003,0.0075276614486882,0.011562751861040201,0.0114620460310461,-0.0063496393404854001,0.0101787758767867,-0.031323198033735601,0.504
2026-06-17,4074.2912999999999,4109.9579000000003,4073.7319000000002,4108.0762000000004,4091.8917000000001,608077413,1403145909.875,0.39550000000000002,-0.0042830023454775001,0,-0.0140371385201347,-0.0029288566671687001,0.0117013536346,-0.00066337474997630002,-0.0133826414766018,0.018769721612048901,-0.14506169916780981,-1.4036999999999999
2026-06-18,4094.2301000000002,4117.451,4080.2937999999999,4090.4812999999999,4108.0762000000004,658116068,1560473972.7154,-0.42830000000000001,0.017752238593536501,1,-0.0074218327382883,-0.0039249490739905,0.011631437981540101,7.7570175492258642e-05,-0.0074988212289019002,0.0124977800640565,-0.029097888511666101,-0.74219999999999975
2026-06-22,4093.9546,4164.4178000000002,4070.1723000000002,4163.0964999999997,4090.4812999999999,743699355,1704000421.6505001,1.7751999999999999,-0.013654451680377801,0,-0.015932356483340002,-0.0133810103306115,0.0119811127282658,-0.0068677567110449001,-0.0091272837364292005,0.016998078327881801,0.45916358192663143,-1.5931999999999999
2026-06-23,4153.5929999999998,4175.3476000000001,4085.5907999999999,4106.2516999999998,4163.0964999999997,709003913,1594542362.3801,-1.3653999999999999,0.0011109158262265001,1,-0.0065325492658039001,-0.038416383136244001,0.0118959131577593,-0.0047252203883750002,-0.0018159094497843,0.0175069310895258,-0.17715222210101611,-0.65329999999999977
2026-06-24,4090.1001000000001,4117.2848000000004,4075.4920999999999,4110.8134,4106.2516999999998,644527518,1514193285.0004001,0.1111,0.0023029992069209001,1,-0.018185398165304401,-0.0606372020398772,0.011999701582722301,0.0013252823482487,-0.019484857575750001,0.024136126271219201,-0.093381320069747503,-1.8185
2026-06-25,4103.4817000000003,4133.0974999999999,4093.0086999999999,4120.2806,4110.8134,670459917,1618996555.0156,0.2303,-0.022575112966820701,0,0.0032524464053397002,-0.044164783548590401,0.012091277512640001,0.0036175431559785001,-0.00036378075804730002,0.0135745714398354,-0.0641121419933358,0.32519999999999982
2026-06-26,4098.6863999999996,4099.7795999999998,4007.8593000000001,4027.2647999999999,4120.2806,660108666,1621195708.6596999,-2.2574999999999998,0.0115802914176389,1,-0.0143203238656118,-0.050807908470493601,0.012219967614934,-0.0010114393448196,-0.0133223592791329,0.017508408016681801,0.20930880370221061,-1.4319999999999999
2026-06-29,4026.6858000000002,4075.3343,3992.5522000000001,4073.9016999999999,4027.2647999999999,659199936,1666220369.4672999,1.1579999999999999,0.0050309264948634001,1,-0.017552176612900001,-0.052370321854175603,0.012435537649228201,-0.0054088697316928003,-0.012209345641290101,0.019259944247301701,-0.016832150784088201,-1.7552000000000001
2026-06-30,4058.1695,4097.415,4052.1700000000001,4094.3971999999999,4073.9016999999999,598412203,1530325961.7251999,0.50309999999999977,0.0044079993020706004,1,0.015650237783754802,-0.0312110303880931,0.013003261613911301,0.0068715138502091003,0.0087188124927444002,0.017622285952718302,-0.19319943653372801,1.5649999999999999
2026-07-01,4090.7597999999998,4143.3135000000002,4087.5354000000002,4112.4453000000003,4094.3971999999999,672331791,1698487572.3127999,0.44080000000000003,-0.020314312752074602,0,,,,,,,,
2026-07-02,4054.0857000000001,4093.6777000000002,4019.2147,4028.9038,4112.4453000000003,656233612,1577183734.7467,-2.0314000000000001,0.0036584144798890001,1,-0.0063257056596953002,-0.0195086791896565,0.0126438882538075,-0.00081687850788740005,-0.0055133308733052002,0.017445415491942302,0.26232421810269452,-0.63260000000000005
2026-07-03,4031.3350999999998,4073.8802000000001,4027.2552999999998,4043.6432,4028.9038,602009738,1465563104.8536999,0.36580000000000001,-0.00059476068511680005,0,0.0076049931340470001,-0.015254880152125901,0.0109160605796693,0.0083217443977585005,-0.00071083586929780002,0.0167046748790044,-0.081116770823735002,0.76049999999999995
2026-07-06,4059.1941000000002,4060.0688,4005.4137000000001,4041.2381999999998,4043.6432,590364903,1432112821.0992,-0.0594999999999999,-0.012620612167825101,0,0.0127954723979972,0.011835206706617101,0.0114392789230252,0.0080598463762571008,0.0046977627754577001,0.012600287225824401,-0.1995962203041497,1.2795000000000001
2026-07-07,4019.4942000000001,4028.5138999999999,3971.7125999999998,3990.2352999999998,4041.2381999999998,514453091,1196371087.8943999,-1.2621,-0.0048507415089029003,0,0.0114042680030819,0.041657808402133602,0.0117051756318013,0.002337470230231,0.0090456538263188006,0.019579418099248701,0.00067731726067230002,1.1404000000000001
2026-07-08,3996.8069,4016.0261999999998,3967.9128000000001,3970.8797,3990.2352999999998,496229374,1192355798.2156999,-0.48509999999999992,0.016547517166032501,1,-0.0050570961098087,0.0204202255818033,0.011553148370167301,-0.0020252943727048001,-0.0030379544892353001,0.017896522404845301,0.083575884864458702,-0.50570000000000004
2026-07-09,3977.5473000000002,4040.5387000000001,3938.8775000000001,4036.5879,3970.8797,553063980,1364176552.6206,1.6548,-0.010014968335013801,0,0.029900552796561501,0.057621557080933902,0.0134579475658845,0.0018866326564919,0.0279611676879956,0.0327575266343757,0.18594797276010411,2.9901
2026-07-10,4031.5373,4074.828,3995.8072000000002,3996.1615999999999,4036.5879,627450065,1563108691.5427001,-1.0015000000000001,-0.020611678967136601,0,-0.0069951974134958,0.0422966268098545,0.013514749336207501,-0.00074877703882640005,-0.0062511010556073002,0.0180351131802114,-0.1932314053274026,-0.69950000000000001
2026-07-13,3966.0234,3983.0535,3900.6676000000002,3913.7939999999999,3996.1615999999999,590907356,1334871933.9089999,-2.0611999999999999,0.013626726393877501,1,0.0060315819523614001,0.035335714772100901,0.013539238861274,0.0076262433323428004,-0.0015825921471711,0.018102652581046,-0.092945404036999399,0.60319999999999985
2026-07-14,3909.2739999999999,3967.1262000000002,3869.3042,3967.1262000000002,3913.7939999999999,579982052,1271796839.6784999,1.3627,-0.0029109484845729,0,0.0015966828706539,0.025296066448964,0.0134678471564757,-0.00072264377591500003,0.0023210039055951001,0.0146448083815096,-0.1105022237454065,0.15970000000000001
2026-07-15,3963.7267000000002,3981.6716000000001,3943.6952999999999,3955.5781000000002,3967.1262000000002,576209492,1226298269.8972001,-0.29110000000000003,-0.018496790646100401,0,0.0052453732842372,0.035912837826622801,0.012753646654738901,-0.0013298245787926001,0.0065839533660414003,0.022075500996955402,0.17724960026016651,0.52449999999999986
2026-07-16,3912.3811999999998,3940.4504999999999,3867.6012000000001,3882.4126000000001,3955.5781000000002,535281873,1124208166.2138,-1.8496999999999999,-0.030459900114686401,0,0.0139835576007785,0.0199029234536638,0.0131168312933422,0.0086525753336075002,0.0052852512327227,0.0133648415639136,-0.095256980793813201,1.3984000000000001
2026-07-17,3865.3164999999999,3869.2148000000002,3745.1743999999999,3764.1547,3882.4126000000001,650450984,1246445452.8362999,-3.0459999999999998,0.0085349042641631005,1,0.0132692627151951,0.040716299253688401,0.013026470040853,0.0058311825647965002,0.0073949587956020002,0.016061682826129901,0.056636412320280202,1.3269
2026-07-20,3791.6615999999999,3831.6592999999998,3741.1098999999999,3796.2813999999998,3764.1547,709234069,1294651895.8447001,0.85350000000000004,0.0179348401306604,1,-0.017848260198491402,0.016013157328691501,0.0135830743695175,0.00055740825156150005,-0.018395414694111701,0.033350527418568102,0.086725158874921604,-1.7847999999999999
2026-07-21,3812.1617999999999,3864.6001999999999,3743.3600999999999,3864.3670999999999,3796.2813999999998,735021925,1396517619.5639,1.7935000000000001,0.00069002243601530002,1,0.0236464589548834,0.0383803067021505,0.0139265980431362,0.0111060717589273,0.0124026425577097,0.016252182211394201,-0.1156604833326486,2.3645999999999998
2026-07-22,3839.6653999999999,3884.4351999999999,3839.6653999999999,3867.0336000000002,3864.3670999999999,614255215,1258148128.1600001,0.069000000000000006,0.0025197091641507002,1,-0.0004279512628737,0.0325199778313962,0.013782560118888801,0.00029789544227940001,-0.00072563054312150003,0.0104307154462168,-0.1425548506282599,-0.042799999999999901
2026-07-23,3868.0871000000002,3878.8317999999999,3851.7058000000002,3876.7773999999999,3867.0336000000002,562122601,1025875517.7000999,0.252,-0.0161421700405084,0,-0.0095347459383923003,0.0085717411298524004,0.0132104305576575,-0.0061033037578348001,-0.00345251392175,0.0094782449191855005,0.046672325285417302,-0.95350000000000001
2026-07-24,3853.6316000000002,3861.0403999999999,3808.6359000000002,3814.1977999999999,3876.7773999999999,508203905,915366398.29260004,-1.6142000000000001,0.0115482212275408,1,0.0127808759690607,0.0080856185472196005,0.013378763349999,0.0029675414359090001,0.0097842992197954004,0.015689765577483201,-0.1161934131657761,1.2781
2026-07-27,3808.9032000000002,3858.3096999999998,3793.4488999999999,3858.2449999999999,3814.1977999999999,504879454,1031312143.0652,1.1548,-0.011645294687092,0,-0.0098203905388205004,0.016325465429863,0.013092906395958601,-0.0110393121046091,0.0012325278251277001,0.0086804033666509003,-0.087732122015187902,-0.98199999999999998
2026-07-28,3823.1331,3844.0118000000002,3797.3726999999999,3813.3146000000002,3858.2449999999999,494829126,949683080.12639999,-1.1645000000000001,0.0039740754670489001,1,0.0097723732065122006,0.0025506054356969001,0.0121126333653148,0.0012233993758019,0.0085385278011279007,0.0135647510358234,0.061428145954693002,0.97719999999999996
2026-07-29,3823.2930999999999,3845.7660999999998,3782.4811,3828.4690000000001,3813.3146000000002,571226391,1087407759.0961001,0.39739999999999992,-0.0062104198832483,0,0.0041127170909240002,0.0071048042179999004,0.0118702587720115,0.0025695059899598,0.0015392559735197,0.0147112846419155,0.15923801231640761,0.4113
2026-07-30,3812.1109999999999,3839.3407000000002,3767.5032999999999,3804.6925999999999,3828.4690000000001,592298923,1106477266.4618001,-0.621,0.0072462621553184003,1,0.0196386134799897,0.036768268236500201,0.0120076808637245,0.0069657873994750001,0.012585160527889201,0.0127127299162217,0.2270979802767048,1.9639
2026-07-31,3833.5358999999999,3847.0925999999999,3822.3735999999999,3832.2624000000001,3804.6925999999999,597529427,1187681546.3933001,0.72460000000000002,-0.0058971692543808001,0,0.0019745876459631002,0.025706036418504601,0.0120366291075864,0.0026313627754581,-0.0006550514514895,0.0121784320472164,-0.0332567224885345,0.19750000000000001
2026-08-03,3812.6129000000001,3827.6359000000002,3797.6430999999998,3809.6628999999998,3832.2624000000001,524516960,952256890.10230005,-0.5897,0.0033130752854799001,1,0.00098805516712220003,0.036902275867345603,0.011966024811213101,-0.0008182875669787,0.0018078220524102,0.0113802299248847,-0.043231094546490101,0.098799999999999902
2026-08-04,3816.3699000000001,3831.9400000000001,3799.5243999999998,3822.2846,3809.6628999999998,540324922,1008382536.9054,0.33129999999999982,0.0146888591184444,1,0.0048279989167232,0.031825059368005601,0.011877548978100901,0.0039745901300511002,0.0008500302647714,0.0124453194449327,-0.20425955770949131,0.48280000000000001
2026-08-05,3815.1217000000001,3884.3971000000001,3815.1217000000001,3878.4295999999999,3822.2846,592155124,1208723017.7520001,1.4689000000000001,0.0056524682051726002,1,-0.0060162864195252002,0.021416507150095701,0.0119217424695582,0.0031365583212220002,-0.0091242260735320008,0.016129937637930601,-0.0015064368776016,-0.60160000000000002
2026-08-06,3864.2734,3902.0542999999998,3864.2734,3900.3523,3878.4295999999999,588555280,1166818677.2251999,0.56520000000000004,0.010174670631676,1,0.0024329940293013001,0.0041808871075237003,0.010365339551347,0.0014725609331558,0.00095902087946390002,0.0094410998834947007,-0.00044551826504940002,0.24329999999999991
2026-08-07,3896.4854,3940.9346999999998,3885.6248000000001,3940.0371,3900.3523,564988582,1209543573.2944,1.0175000000000001,0.0067401395788886003,1,-0.0148766274808206,-0.0127074335779431,0.010919661481441001,-0.0095956832544752003,-0.0053321094597995004,0.0107162343309994,-0.021586687878484001,-1.4877
2026-08-10,3943.8159999999998,3967.5918999999999,3938.625,3966.5934999999999,3940.0371,542118110,1166893282.3538001,0.67400000000000004,-0.0081935797051045003,0,0.0053955538286301003,-0.0083602381817948004,0.0109115634147666,-0.000142184104522,0.0055385254234299004,0.0108259682228318,-0.034783636352582102,0.53959999999999975
2026-08-11,3950.7078000000001,3966.3910000000001,3930.6386000000002,3934.0929000000001,3966.5934999999999,529490944,1066737091.8231,-0.81940000000000002,0.0031982722116196001,1,0.0104978839435672,-0.0027647696601996001,0.011029754054017901,0.0053432226781717001,0.0051272651459901,0.0092445738921139008,-0.1349519578750033,1.0498000000000001
2026-08-12,3933.5533,3950.6212999999998,3927.5488999999998,3946.6752000000001,3934.0929000000001,503257011,986122393.81710005,0.31979999999999992,-0.0049941783909656003,0,-0.0109752331470778,-0.0077399380804951002,0.011481914512028801,0.00235566355881,-0.0132995673996166,0.015909789266424602,-0.030896183914407401,-1.0974999999999999
2026-08-13,3957.1612,3968.4758000000002,3924.6417999999999,3926.9648000000002,3946.6752000000001,572793677,1164203068.5297999,-0.49940000000000001,5.3883854522762682e-05,1,-0.0082895369787804006,-0.018353654254428201,0.0114089112362455,-0.0060200009199767,-0.0022832814150227001,0.006824201004022,0.0188284758225787,-0.82899999999999985
2026-08-14,3930.0214999999998,3932.6405,3903.7048,3927.1763999999998,3926.9648000000002,499525613,990371924.23769999,0.0054000000000000003,0.0141264599165955,1,-0.0017161835003458,-0.0052396605129282001,0.0110882161939658,-0.0059787336326760001,0.0042881880665468003,0.0090927065345867003,0.186590424692369,-0.1716
2026-08-17,3930.1044000000002,3983.5066000000002,3924.4738000000002,3982.6534999999999,3927.1763999999998,489834027,1112818620.6270001,1.4126000000000001,0.0019208801368231,1,-0.0110117492521608,-0.0214734048542096,0.010575692889572001,-0.0069836367280384001,-0.0040564412361242001,0.0087697089088224003,-0.12714276812319081,-1.1012
2026-08-18,3979.4897999999998,3994.1812,3955.6012000000001,3990.3036999999999,3982.6534999999999,511234287,1135187666.3952999,0.19209999999999991,-0.0240285720608183,0,0.013392602973701,-0.018670272258418202,0.0096354702522359007,0.0074276830096131003,0.0059209410905487004,0.010943251243687,-0.1425863690859222,1.3392999999999999
2026-08-19,3952.1219000000001,3961.1368000000002,3879.5785000000001,3894.4223999999999,3990.3036999999999,572191213,1218107974.0560999,-2.4028999999999998,0.0023876711473311001,1,0.00070403638359450003,-0.0070818724802964002,0.0096320841259561005,-0.0033143141361625002,0.0040317128827576003,0.0108988132350982,0.2153616961950994,0.070400000000000004
2026-08-20,3907.2058000000002,3925.0614999999998,3888.0989,3903.721,3894.4223999999999,506633954,1018568353.1768,0.23880000000000001,0.00037953532027510002,1,0.00093910168955830002,0.0021580044472973002,0.0093253904336253,-0.0048780679317578001,0.0058456852711769001,0.0087106392919046004,0.24255710711124931,0.0938999999999999
2026-08-21,3891.1750999999999,3912.1314000000002,3883.7869999999998,3905.2026000000001,3903.721,446895868,883423480.09860003,0.037999999999999902,-0.0059394357670454001,0,0.0079787974694714003,0.011890610166515001,0.0090708859284617006,0.0111398007536359,-0.0031261782809937,0.0082572826824949003,0.086881412152155904,0.79790000000000005
2026-08-24,3902.6963000000001,3910.2393999999999,3855.3524000000002,3882.0079000000001,3905.2026000000001,486931412,952039262.50049996,-0.59389999999999976,0.0019157611709134,1,0.0121007109756251,0.035538294013779601,0.0090191835857706005,0.0042461638796675001,0.0078213364197613003,0.0078545470959577,-0.119939847592601,1.2101
2026-08-25,3863.3694999999998,3896.2060000000001,3850.8627999999999,3889.4449,3882.0079000000001,464117264,858874228.92180002,0.19159999999999991,0.0059336487836604002,1,-0.018921192519952001,0.0025183444301568,0.0099658763242735007,-0.0088175609951146004,-0.01019351345145,0.0134251153234245,0.0897017042460478,-1.8920999999999999
2026-08-26,3881.7408,3926.4349999999999,3881.7408,3912.5234999999998,3889.4449,489553021,857223487.99329984,0.59340000000000004,0.0112580793444435,1,-0.00024414780073,0.0015684411579373,0.0099339718908278002,0.0045808084153005002,-0.0048029548002629001,0.010711543880178601,-0.22844479327255471,-0.024400000000000002
2026-08-27,3911.8908000000001,3958.0328,3909.3121999999998,3956.5709999999999,3912.5234999999998,516777549,1010226573.9546,1.1257999999999999,-0.0011100521133071001,0,0.0055611086938627003,0.0061933542445657,0.0089523606610149003,0.0048661171019674003,0.00069162605850370002,0.0072235223098965004,0.028931687728636701,0.55610000000000004
2026-08-28,3950.2368000000001,3970.3094999999998,3947.7981,3952.1790000000001,3956.5709999999999,510581645,970365152.11290002,-0.111,0.0086329591853000001,1,-0.0034003859981903001,-0.0051656731582283002,0.0089623295612889006,0.0047518864287448004,-0.0081137169654005008,0.011345664848943201,2.167096513363584,-0.34000000000000002
2026-08-31,3926.5311999999999,3986.2979999999998,3926.5039000000002,3986.2979999999998,3952.1790000000001,576656606,1014292552.0537,0.86329999999999985,-0.0016080834899946,0,0.00074513782898490003,-0.016327520832804601,0.0089603260550138002,-0.0060737533902791001,0.0068605605722996,0.0112897181931757,-0.034070312740173102,0.070000000000000007
2026-09-01,3979.8814000000002,3995.1750999999999,3976.4684999999999,3979.8877000000002,3986.2979999999998,573538949,944307561.35679996,-0.1608,-0.0096740166814253004,0,-0.00069572585899650003,0.0019461283762838,0.0088707177087852009,-0.0064163121917356,0.0057575284326156001,0.010799385103415,0.70257059557781587,-0.070000000000000007
2026-09-02,3963.0661,3965.8078,3932.2514999999999,3941.3861999999999,3979.8877000000002,516472775,835367755.89950001,-0.96740000000000004,0.0001780338095262,1,-0.0092799347909159006,-0.0071094543159643002,0.0090004088652448008,-0.0059166135708583001,-0.0033833391302705001,0.0093393864510448003,-0.5076788455310286,-0.93000000000000005
2026-09-03,3952.7948000000001,3968.1120000000001,3930.4472000000001,3942.0879,3941.3861999999999,496990189,819882350.38300002,0.0178,-0.0030368424813662,0,-0.00073115662898880001,-0.013322434010564901,0.0089649398091512008,-0.0019309325444841,0.001202097083876,0.011936171447544001,-0.1332114121370295,-0.070000000000000007
2026-09-04,3955.5488999999998,3980.2022000000002,3915.2213000000002,3930.1163999999999,3942.0879,537286161,938255187.18429995,-0.30370000000000003,0.00065718155319750002,1,-0.0038678514381570001,-0.013785245410459401,0.0083972082112108003,0.0067697277214326,-0.010566049878818901,0.0149250075361865,0.017076935186969001,-0.39000000000000001
2026-09-07,3942.5093000000002,3948.4205999999999,3916.4915000000001,3932.6992,3930.1163999999999,477375261,897904014.86919999,0.0656999999999998,0.0019965167943687,1,0.017354325949270302,0.002582784537219,0.0092303620809932006,0.011994855098358801,0.0052959467371900002,0.0109323210637554,0.2660754342125049,1.74
2026-09-08,3935.5479,3951.3220999999999,3925.7197999999999,3940.5509000000002,3932.6992,529992688,915566238.94879997,0.19969999999999991,0.0027802965316345001,1,-0.0092686914712832007,-0.0060183072000262001,0.0091053403408881007,8.1868568200693659e-05,-0.0093497945851883004,0.0117734798078972,-2.6924853466855487,-0.92689999999999995
2026-09-09,3943.9220999999998,3958.1170999999999,3933.4692,3951.5068000000001,3940.5509000000002,517504311,873734897.1056,0.27800000000000002,-0.0043282729514724002,0,-0.0037752153218494002,-0.00049546521024890005,0.0088275062298754006,-0.0063372777525939001,0.0025784024834401001,0.0066465668127327002,0.085089551284207504,-0.3775
2026-09-10,3939.0947999999999,3949.2548999999999,3927.3472000000002,3934.4036000000001,3951.5068000000001,484675114,779672692.26970005,-0.43280000000000002,-0.0117662051752901,0,-0.0016676422887541001,-0.0014321717531481,0.0086470954189761008,0.00043251262581360002,-0.0020992469637513,0.0068668785386049001,0.1734018538068795,-0.1668
2026-09-11,3910.9234000000001,3912.3247000000001,3852.0322000000001,3888.1106,3934.4036000000001,579123145,958186336.97010005,-1.1766000000000001,-0.00071443440935020002,0,-0.0126801387618417,-0.010266006327610201,0.0090790087626808,-0.0114651022197462,-0.0012291286274502,0.0052292862184550003,-0.1082236055976987,-1.268
2026-09-14,3867.0216,3895.5095000000001,3867.0216,3885.3328000000001,3888.1106,458888916,779281246.49720001,-0.071400000000000005,-0.0054186863992705002,0,-0.0059644624790669001,-0.032951708850420702,0.0088485661449816001,-0.0094700468493219003,0.0035390998112723002,0.0112581032576527,0.1088610964553566,-0.59640000000000004
2026-09-15,3879.7262000000001,3891.6203,3858.1504,3864.2793999999999,3885.3328000000001,440907766,763982900.03629982,-0.54190000000000005,,,0.0045138946279531002,-0.019498589704845401,0.0083171057161054007,-0.0042107376430268002,0.0087615247530683001,0.010647985961251501,-0.22148797450891761,0.45140000000000002
2026-09-16,3861.7456999999999,3894.6635000000001,3842.7211000000002,3891.6005,3864.2793999999999,459125108,871141346.85210001,0.70699999999999996,-0.0041104167809619119,0,-0.010047516614762109,-0.025671895527068944,0.0085435116730890725,0.00066057726265777994,-0.010701025023602262,0.011118647060712224,-0.080195150234469992,-1.0047999999999999
2026-09-17,3876.9983000000002,3898.8355999999999,3866.8921,3875.6044000000002,3891.6005,452886464,868773066.85020006,-0.41099999999999998,,,0.001886712903429677,-0.022203002497333313,0.0085607549229714374,0.0049729925196333458,-0.0030710075187848629,0.008722499963514355,-0.070317069078248196,0.18870000000000001
2026-09-18,3891.9607999999998,3919.6691000000001,3888.4958999999999,3911.8714,3875.6044000000002,485712507,994169450.16620004,0.93579999999999997,0.0097230701397801322,1,-0.0044303218690139312,-0.014032756456057838,0.0082811876017192341,-0.0094364358669535298,0.0050538038942720132,0.010053500516715889,0.044435684689577926,-0.443
2026-09-21,3920.2730999999999,3950.9394000000002,3918.1282000000001,3949.9068000000002,3911.8714,502354877,946819124.30869997,0.97230000000000005,,,0.0059538397572129753,-0.0022111915722359266,0.0078264020308979453,0.0048593151844658067,0.0010892316528372525,0.0064647262733450676,0.41375769894495917,0.59540000000000004
