trade_date,predicted_pct_change,predicted_label,predicted_close,confidence,real_pct_change,correct,calibrated_confidence,confidence_calibration_window,confidence_calibration_method,confidence_calibration_rows,confidence_calibration_fallback,uncalibrated_predicted_return,return_calibration_scale,return_calibration_rows,return_calibration_close_fallback,correction_selected,downside_last_training_date,downside_moneyflow_probability,downside_option_probability,downside_probability,downside_training_rows
20201215,-0,0,3367.2325999999998,0.6166666666666667,-7.4066757372093228e-05,True,0.6166666666666667,300,platt,0,1,-0.0030081594396608293,0,0,0,False,0,0,0,0,0
20201216,-0,0,3366.9832000000001,0.6166666666666667,0.011253397403349075,False,0.6166666666666667,300,platt,1,1,-0.002335088051007809,0,1,0,False,0,0,0,0,0
20201217,-0,0,3404.8732,0.6166666666666667,-0.0029302706485515584,True,0.6166666666666667,300,platt,2,1,-0.0061825834036430289,0,2,0,False,0,0,0,0,0
20201218,-0,0,3394.8960000000002,0.625,0.0075623229695400696,False,0.625,300,platt,3,1,-0.0036032009461750359,0,3,0,False,0,0,0,0,0
20201221,0,1,3420.5693000000001,0.60833333333333328,-0.018648094631498968,False,0.60833333333333328,300,platt,4,1,0.0050152172183723625,0,4,0,False,0,0,0,0,0
20201222,-0,0,3356.7822000000001,0.60833333333333328,0.0076076726097986658,False,0.60833333333333328,300,platt,5,1,-0.0074413496414549992,0,5,0,False,0,0,0,0,0
20201223,0,1,3382.3195000000001,0.60833333333333328,-0.0056784109248106951,False,0.60833333333333328,300,platt,6,1,0.0040694440275638863,0,6,0,False,0,0,0,0,0
20201224,-0,0,3363.1133,0.59999999999999998,0.0099459331328504152,False,0.59999999999999998,300,platt,7,1,-0.0049200989254651849,0,7,0,False,0,0,0,0,0
20201225,-0,0,3396.5626000000002,0.60833333333333328,0.00021280337951079531,False,0.60833333333333328,300,platt,8,1,-0.005935950548336167,0,8,0,False,0,0,0,0,0
20201228,-0,0,3397.2854000000002,0.60833333333333328,-0.0053717005936564366,True,0.60833333333333328,300,platt,9,1,-0.0035009530472169641,0,9,0,False,0,0,0,0,0
20201229,0,1,3379.0362,0.69999999999999996,0.010481243142645091,True,0.69999999999999996,300,platt,10,1,0.0037842168324014529,0,10,0,False,0,0,0,0,0
20201230,-0,0,3414.4526999999998,0.72727272727272729,0.017167202228339562,False,0.72727272727272729,300,platt,11,1,-0.004844330078323412,0,11,0,False,0,0,0,0,0
20201231,0,1,3473.0693000000001,0.66666666666666674,0.0086059613034499272,True,0.66666666666666674,300,platt,12,1,0.0065842291752861446,0,12,0,False,0,0,0,0,0
20210104,-0,0,3502.9584,0.59166666666666667,0.0073418799378262012,False,0.59166666666666667,300,platt,13,1,-0.0064589737516738107,0,13,0,False,0,0,0,0,0
20210105,0,1,3528.6767,0.69230769230769229,0.006291310280706508,True,0.69230769230769229,300,platt,14,1,0.0052913496086797315,0,14,0,False,0,0,0,0,0
20210106,-0,0,3550.8766999999998,0.58333333333333337,0.0071328582037220034,False,0.58333333333333337,300,platt,15,1,-0.0052189261901596055,0,15,0,False,0,0,0,0,0
20210107,0,1,3576.2046,0.66666666666666674,-0.0017047123086860738,False,0.66666666666666674,300,platt,16,1,0.0058921475344956642,0,16,0,False,0,0,0,0,0
20210108,-0,0,3570.1082000000001,0.73333333333333339,-0.010814910315603332,True,0.73333333333333339,300,platt,17,1,-0.0051178364521118416,0,17,0,False,0,0,0,0,0
20210111,-0,0,3531.4978000000001,0.75,0.021758784615411697,False,0.75,300,platt,18,1,-0.0096907099100431836,0,18,0,False,0,0,0,0,0
20210112,0,1,3608.3389000000002,0.6166666666666667,-0.0026846425096046511,False,0.6166666666666667,300,platt,19,1,0.010938497670782296,0,19,0,False,0,0,0,0,0
20210113,-0,0,3598.6518000000001,0.59999999999999998,-0.0090998523391455644,True,0.59999999999999998,300,platt,20,1,-0.0054726629624846012,0,20,0,False,0,0,0,0,0
20210114,0,1,3565.9045999999998,0.59999999999999998,0.00013270125061692895,True,0.59999999999999998,300,platt,21,1,0.0047535303186594631,0,21,0,False,0,0,0,0,0
20210115,0,1,3566.3778000000002,0.59999999999999998,0.0083686871312398381,True,0.59999999999999998,300,platt,22,1,0.0067008092528481429,0,22,0,False,0,0,0,0,0
20210118,-0,0,3596.2237,0.59999999999999998,-0.0082982323930516078,True,0.59999999999999998,300,platt,23,1,-0.0077053961574781674,0,23,0,False,0,0,0,0,0
20210119,-0,0,3566.3814000000002,0.59999999999999998,0.0046855897128668111,False,0.59999999999999998,300,platt,24,1,-0.0060940860669484913,0,24,0,False,0,0,0,0,0
20210120,0,1,3583.0920000000001,0.59999999999999998,0.010653396563638173,True,0.59999999999999998,300,platt,25,1,0.0040124390927860102,0,25,0,False,0,0,0,0,0
20210121,-0,0,3621.2640999999999,0.66666666666666674,-0.0040081307519105325,True,0.66666666666666674,300,platt,26,1,-0.0060398743965846911,0,26,0,False,0,0,0,0,0
20210122,0,1,3606.7496000000001,0.66666666666666674,0.0048488256573175903,True,0.66666666666666674,300,platt,27,1,0.0037466552340314103,0,27,0,False,0,0,0,0,0
20210125,0,1,3624.2381,0.73333333333333339,-0.015122930251188493,False,0.73333333333333339,300,platt,28,1,0.0054425102068140661,0,28,0,False,0,0,0,0,0
20210126,-0,0,3569.4290000000001,0.66666666666666674,0.0010960296450777118,False,0.66666666666666674,300,platt,29,1,-0.005554712678098192,0,29,0,False,0,0,0,0,0
20210127,0,1,3573.3411999999998,0.66666666666666674,-0.019076068078805242,False,0.66666666666666674,300,platt,30,1,0.0038547785608936355,0,30,0,False,0,0,0,0,0
20210128,-0,0,3505.1759000000002,0.59166666666666667,-0.0063068732156923435,True,0.59166666666666667,300,platt,31,1,-0.0064443277330058614,0,31,0,False,0,0,0,0,0
20210129,-0,0,3483.0691999999999,0.59999999999999998,0.0063778233289193409,False,0.59999999999999998,300,platt,32,1,-0.010546505412580972,0,32,0,False,0,0,0,0,0
20210201,-0,0,3505.2836000000002,0.59166666666666667,0.0081024257209887374,False,0.59166666666666667,300,platt,33,1,-0.0044300032694859718,0,33,0,False,0,0,0,0,0
20210202,0,1,3533.6849000000002,0.58333333333333337,-0.0046345105643120776,False,0.58333333333333337,300,platt,34,1,0.0048318627300498688,0,34,0,False,0,0,0,0,0
20210203,0,1,3517.308,0.66666666666666674,-0.0043922226884879345,False,0.66666666666666674,300,platt,35,1,0.0043194081814770715,0,35,0,False,0,0,0,0,0
20210204,0,1,3501.8591999999999,0.59999999999999998,-0.0015781045679963412,False,0.59999999999999998,300,platt,36,1,0.0071379622647677072,0,36,0,False,0,0,0,0,0
20210205,-0,0,3496.3328999999999,0.60833333333333328,0.010329050760583991,False,0.60833333333333328,300,platt,37,1,-0.0052278236694575887,0,37,0,False,0,0,0,0,0
20210208,-0,0,3532.4467,0.57499999999999996,0.020111357943489949,False,0.57499999999999996,300,platt,38,1,-0.005987702046067734,0,38,0,False,0,0,0,0,0
20210209,0,1,3603.489,0.6166666666666667,0.014319177885654844,True,0.6166666666666667,300,platt,39,1,0.0088909181710216754,0,39,0,False,0,0,0,0,0
20210210,-0,0,3655.0880000000002,0.6166666666666667,0.0055454478797773987,False,0.6166666666666667,300,platt,40,1,-0.0059713465364067703,0,40,0,False,0,0,0,0,0
20210218,0,1,3675.3571000000002,0.56666666666666665,0.0056622797278664816,True,0.56666666666666665,300,platt,41,1,0.00798934840909255,0,41,0,False,0,0,0,0,0
20210219,0,1,3696.1680000000001,0.59999999999999998,-0.014534810106034191,False,0.59999999999999998,300,platt,42,1,0.0075858795834446392,0,42,0,False,0,0,0,0,0
20210222,0,1,3642.4449,0.6166666666666667,-0.0016712950139615712,False,0.6166666666666667,300,platt,43,1,0.0088594024104382847,0,43,0,False,0,0,0,0,0
20210223,-0,0,3636.3573000000001,0.6166666666666667,-0.019876319634486994,True,0.6166666666666667,300,platt,44,1,-0.0063710681417289972,0,44,0,False,0,0,0,0,0
20210224,0,1,3564.0799000000002,0.59166666666666667,0.0058825561121678138,True,0.59166666666666667,300,platt,45,1,0.013703944847826516,0,45,0,False,0,0,0,0,0
20210225,-0,0,3585.0457999999999,0.57499999999999996,-0.021189520089255232,True,0.57499999999999996,300,platt,46,1,-0.0047189499433674259,0,46,0,False,0,0,0,0,0
20210226,-0,0,3509.0803999999998,0.60833333333333328,0.012059968759906559,False,0.60833333333333328,300,platt,47,1,-0.0060654488756050288,0,47,0,False,0,0,0,0,0
20210301,-0,0,3551.3998000000001,0.60833333333333328,-0.012054007549361367,True,0.60833333333333328,300,platt,48,1,-0.0048818466725612302,0,48,0,False,0,0,0,0,0
20210302,-0,0,3508.5911999999998,0.6166666666666667,0.01947029337587125,False,0.6166666666666667,300,platt,49,1,-0.0099908645740065232,0,49,0,False,0,0,0,0,0
20210303,-0,0,3576.9045000000001,0.60833333333333328,-0.020524143152270469,True,0.60833333333333328,300,platt,50,1,-0.0094613876426268614,0,50,0,False,0,0,0,0,0
20210304,0,1,3503.4915999999998,0.6166666666666667,-0.00042954291655783461,False,0.6166666666666667,300,platt,51,1,0.0080883635788349222,0,51,0,False,0,0,0,0,0
20210305,-0,0,3501.9866999999999,0.60833333333333328,-0.023007683038887561,True,0.60833333333333328,300,platt,52,1,-0.0083253046958837156,0,52,0,False,0,0,0,0,0
20210308,0,1,3421.4141,0.60833333333333328,-0.018156849239617023,False,0.60833333333333328,300,platt,53,1,0.01542561396582624,0,53,0,False,0,0,0,0,0
20210309,-0,0,3359.2919999999999,0.59166666666666667,-0.00046283562131543832,True,0.59166666666666667,300,platt,54,1,-0.013058127637749545,0,54,0,False,0,0,0,0,0
20210310,-0,0,3357.7372,0.59166666666666667,0.023555774406645025,False,0.59166666666666667,300,platt,55,1,-0.0054544584380528342,0,55,0,False,0,0,0,0,0
20210311,-0,0,3436.8312999999998,0.59166666666666667,0.0047271450303656426,False,0.59166666666666667,300,platt,56,1,-0.0084426675078779854,0,56,0,False,0,0,0,0,0
20210312,0,1,3453.0776999999998,0.58333333333333337,-0.0095949477186684229,False,0.58333333333333337,300,platt,57,1,0.0046720811058835483,0,57,0,False,0,0,0,0,0
20210315,-0,0,3419.9456,0.58333333333333337,0.0078328146506190244,False,0.58333333333333337,300,platt,58,1,-0.0082373349885814379,0,58,0,False,0,0,0,0,0
20210316,0,1,3446.7334000000001,0.625,-0.00034307846379988405,False,0.625,300,platt,59,1,0.005366478437956069,0,59,0,False,0,0,0,0,0
20210317,0,1,3445.5509000000002,0.59999999999999998,0.0050840055794849626,True,0.39985714570465586,300,platt,60,0,0.0055075933681240944,0,60,0,False,0,0,0,0,0
20210318,0,1,3463.0681,0.66666666666666674,-0.01686501631313575,False,0.4098723668565582,300,platt,61,0,0.0035960401713793855,0,61,0,False,0,0,0,0,0
20210319,0,1,3404.6633999999999,0.66666666666666674,0.011389026004744007,True,0.40309979343409097,300,platt,62,0,0.0063957636761996861,0,62,0,False,0,0,0,0,0
20210322,0,1,3443.4391999999998,0.66666666666666674,-0.0092728223573687041,False,0.41286166033899691,300,platt,63,0,0.0049587200148405305,0,63,0,False,0,0,0,0,0
20210323,0,1,3411.5088000000001,0.66666666666666674,-0.013028897946855689,False,0.40614607554858112,300,platt,64,0,0.0070444643535776813,0,64,0,False,0,0,0,0,0
20210324,-0,0,3367.0605999999998,0.6333333333333333,-0.0010303051866663582,True,0.39991730974813994,300,platt,65,0,-0.006845205081586302,0,65,0,False,0,0,0,0,0
20210325,-0,0,3363.5915,0.59166666666666667,0.016272844071582471,False,0.4091656075027767,300,platt,66,0,-0.0048014893452251323,0,66,0,False,0,0,0,0,0
20210326,-0,0,3418.3267000000001,0.59166666666666667,0.0049641539528681999,False,0.40290232569908119,300,platt,67,0,-0.0063357590862748456,0,67,0,False,0,0,0,0,0
20210329,0,1,3435.2957999999999,0.59999999999999998,0.0062238599657122862,True,0.39692005684357951,300,platt,68,0,0.0050407736169743251,0,68,0,False,0,0,0,0,0
20210330,0,1,3456.6765999999998,0.59166666666666667,-0.0042714727782169337,False,0.40578914444879333,300,platt,69,0,0.0042999354608458931,0,69,0,False,0,0,0,0,0
20210331,-0,0,3441.9115000000002,0.66666666666666674,0.0070948947990090439,False,0.40009540628515206,300,platt,70,0,-0.0039517647623961202,0,70,0,False,0,0,0,0,0
20210401,0,1,3466.3314999999998,0.59999999999999998,0.0052103787534458768,True,0.39438586263957437,300,platt,71,0,0.0039081505045063091,0,71,0,False,0,0,0,0,0
20210402,0,1,3484.3924000000002,0.59999999999999998,-0.00040896656760014416,False,0.40285717989194736,300,platt,72,0,0.0030835901555054607,0,72,0,False,0,0,0,0,0
20210406,-0,0,3482.9674,0.60833333333333328,-0.00095946921581868683,True,0.39720519658080067,300,platt,73,0,-0.0026813225573023695,0,73,0,False,0,0,0,0,0
20210407,0,1,3479.6255999999998,0.6166666666666667,0.00084181470558220006,True,0.40539175229857716,300,platt,74,0,0.0037719071669965894,0,74,0,False,0,0,0,0,0
20210408,-0,0,3482.5547999999999,0.625,-0.0091535099462037861,True,0.41329712493885462,300,platt,75,0,-0.0045639832800181586,0,75,0,False,0,0,0,0,0
20210409,-0,0,3450.6772000000001,0.72222222222222221,-0.010933940734879521,True,0.4205501823637755,300,platt,76,0,-0.0042064635082047566,0,76,0,False,0,0,0,0,0
20210412,0,1,3412.9477000000002,0.72222222222222221,-0.0048279966317680278,False,0.42939876247395631,300,platt,77,0,0.0066930156526111145,0,77,0,False,0,0,0,0,0
20210413,0,1,3396.4699999999998,0.72222222222222221,0.0059624256949126764,True,0.42294023431400957,300,platt,78,0,0.0048105644843383791,0,78,0,False,0,0,0,0,0
20210414,0,1,3416.7212,0.72222222222222221,-0.0051902683777651504,False,0.43149440806492623,300,platt,79,0,0.0034499665079088413,0,79,0,False,0,0,0,0,0
20210415,-0,0,3398.9875000000002,0.66666666666666674,0.0081289795858325853,False,0.42507670167733502,300,platt,80,0,-0.0046921873856332159,0,80,0,False,0,0,0,0,0
20210416,0,1,3426.6178,0.61111111111111116,0.014863256707532413,True,0.41978209860331639,300,platt,81,0,0.0049393183960817688,0,81,0,False,0,0,0,0,0
20210419,-0,0,3477.5484999999999,0.61111111111111116,-0.0013244387533343227,True,0.42686104887678511,300,platt,82,0,-0.008216625345082048,0,82,0,False,0,0,0,0,0
20210420,-0,0,3472.9427000000001,0.61111111111111116,-3.7144292649449184e-06,True,0.43377395052438711,300,platt,83,0,-0.0039037148925313197,0,83,0,False,0,0,0,0,0
20210421,0,1,3472.9297999999999,0.61111111111111116,-0.0022505493776464602,False,0.44057518043381799,300,platt,84,0,0.003947479299850668,0,84,0,False,0,0,0,0,0
20210422,0,1,3465.1138000000001,0.61111111111111116,0.0026123817347643019,True,0.43533041198261119,300,platt,85,0,0.0036148525244928749,0,85,0,False,0,0,0,0,0
20210423,0,1,3474.1660000000002,0.61111111111111116,-0.0094987401292856433,False,0.44196961067493512,300,platt,86,0,0.0032273728027369429,0,86,0,False,0,0,0,0,0
20210426,-0,0,3441.1658000000002,0.61111111111111116,0.00042000301177003152,False,0.4368206827012408,300,platt,87,0,-0.007344506827495414,0,87,0,False,0,0,0,0,0
20210427,0,1,3442.6111000000001,0.55555555555555558,0.0041994868371857397,True,0.43210422406114263,300,platt,88,0,0.0033274480612509247,0,88,0,False,0,0,0,0,0
20210428,0,1,3457.0682999999999,0.57894736842105265,0.0051583591796553474,True,0.43889813033546843,300,platt,89,0,0.0042005076236680304,0,89,0,False,0,0,0,0,0
20210429,0,1,3474.9011,0.57894736842105265,-0.0080706469602832565,False,0.44535502099551605,300,platt,90,0,0.003860070874161126,0,90,0,False,0,0,0,0,0
20210430,-0,0,3446.8564000000001,0.55000000000000004,-0.00161706765619829,True,0.44076022285897842,300,platt,91,0,-0.0053061807291145896,0,91,0,False,0,0,0,0,0
20210506,0,1,3441.2826,0.55000000000000004,-0.0065116709682605523,False,0.44746808238284375,300,platt,92,0,0.005647062285919051,0,92,0,False,0,0,0,0,0
20210507,0,1,3418.8741,0.6166666666666667,0.0026666088698614754,True,0.44092369668890269,300,platt,93,0,0.0052900199713945863,0,93,0,False,0,0,0,0,0
20210510,-0,0,3427.9908999999998,0.6166666666666667,0.0040415801570536924,False,0.44691681665301058,300,platt,94,0,-0.0035469169194133547,0,94,0,False,0,0,0,0,0
20210511,-0,0,3441.8454000000002,0.60833333333333328,0.0060740380727151155,False,0.4423303881981574,300,platt,95,0,-0.0080093260752704242,0,95,0,False,0,0,0,0,0
20210512,0,1,3462.7512999999999,0.54545454545454541,-0.009592141370360685,False,0.4388093966308555,300,platt,96,0,0.0047424783431215967,0,96,0,False,0,0,0,0,0
20210513,0,1,3429.5360999999998,0.6166666666666667,0.017740037785285434,True,0.43303097763533194,300,platt,97,0,0.0037569278459039642,0,97,0,False,0,0,0,0,0
20210514,-0,0,3490.3762000000002,0.6166666666666667,0.0078042017361910077,False,0.43877457231323846,300,platt,98,0,-0.0085620873401204885,0,98,0,False,0,0,0,0,0
20210517,-0,0,3517.6158,0.59999999999999998,0.0032404334776980903,False,0.43444328412685757,300,platt,99,0,-0.0049650053779921304,0,99,0,False,0,0,0,0,0
20210518,-0,0,3529.0144,0.6166666666666667,-0.005114657508906717,True,0.43002271756445237,300,platt,100,0,-0.0022091375140244891,0,100,0,False,0,0,0,0,0
20210519,-0,0,3510.9647,0.6166666666666667,-0.0011450699005889353,True,0.4356735404545653,300,platt,101,0,-0.0021460333070765529,0,101,0,False,0,0,0,0,0
20210520,0,1,3506.9443999999999,0.625,-0.0058134654202102176,False,0.44108603578256705,300,platt,102,0,0.0039361773286193703,0,102,0,False,0,0,0,0,0
20210521,-0,0,3486.5569,0.625,0.0030761580285696422,False,0.43676787113482407,300,platt,103,0,-0.0048394971290181034,0,103,0,False,0,0,0,0,0
20210524,-0,0,3497.2820999999999,0.625,0.024035721911023433,False,0.43265200884333671,300,platt,104,0,-0.0035435609614006178,0,104,0,False,0,0,0,0,0
20210525,0,1,3581.3418000000001,0.59999999999999998,0.0033549436694368939,True,0.42876150502145266,300,platt,105,0,0.010014326354665815,0,105,0,False,0,0,0,0,0
20210526,-0,0,3593.357,0.59999999999999998,0.0043117619540724572,False,0.43416076144376342,300,platt,106,0,-0.0021504723406623877,0,106,0,False,0,0,0,0,0
20210527,-0,0,3608.8507,0.59999999999999998,-0.0022351437259513496,True,0.43011003590685237,300,platt,107,0,-0.0056884399936159603,0,107,0,False,0,0,0,0,0
20210528,0,1,3600.7844,0.59999999999999998,0.0040804720215961154,True,0.43541571844458726,300,platt,108,0,0.0048081232774614072,0,108,0,False,0,0,0,0,0
20210531,-0,0,3615.4773,0.66666666666666674,0.0025547111027359737,False,0.43955267962631472,300,platt,109,0,-0.0041141697311760355,0,109,0,False,0,0,0,0,0
20210601,-0,0,3624.7138,0.59999999999999998,-0.007607745472207994,True,0.43673498303122904,300,platt,110,0,-0.0051840105286705563,0,110,0,False,0,0,0,0,0
20210602,0,1,3597.1379000000002,0.59999999999999998,-0.0035933568184861597,False,0.442059565605744,300,platt,111,0,0.0052798102519452748,0,111,0,False,0,0,0,0,0
20210603,0,1,3584.2121000000002,0.55555555555555558,0.0021295056729482287,True,0.43882898104685975,300,platt,112,0,0.0041358973181373441,0,112,0,False,0,0,0,0,0
20210604,0,1,3591.8447000000001,0.56756756756756754,0.0021427151346493645,True,0.44403294420869638,300,platt,113,0,0.0068237888338924038,0,113,0,False,0,0,0,0,0
20210607,0,1,3599.5410000000002,0.57894736842105265,-0.0053992161778405601,False,0.44886487755004045,300,platt,114,0,0.0021606849556909413,0,114,0,False,0,0,0,0,0
20210608,0,1,3580.1062999999999,0.5641025641025641,0.0031535935120139413,True,0.44523588764547928,300,platt,115,0,0.0068548730893943271,0,115,0,False,0,0,0,0,0
20210609,0,1,3591.3964999999998,0.57499999999999996,0.0054192011380531646,True,0.44999435281702138,300,platt,116,0,0.0030544224396048328,0,116,0,False,0,0,0,0,0
20210610,0,1,3610.8589999999999,0.58536585365853666,-0.0058465035605101967,False,0.45449005709297663,300,platt,117,0,0.0046883416011357232,0,117,0,False,0,0,0,0,0
20210611,0,1,3589.7480999999998,0.5714285714285714,-0.0092455233836601369,False,0.45104571792069276,300,platt,118,0,0.0032118024446548868,0,118,0,False,0,0,0,0,0
20210615,0,1,3556.5590000000002,0.55813953488372092,-0.010749097653096729,False,0.44748402463500492,300,platt,119,0,0.0054769998651159422,0,119,0,False,0,0,0,0,0
20210616,0,1,3518.3292000000001,0.54545454545454541,0.0020677428365714068,True,0.44384067901780772,300,platt,120,0,0.0058467032287140121,0,120,0,False,0,0,0,0,0
20210617,0,1,3525.6042000000002,0.55555555555555558,-0.0001439185941519705,False,0.44870678559693561,300,platt,121,0,0.0032764820257005275,0,121,0,False,0,0,0,0,0
20210618,0,1,3525.0967999999998,0.54347826086956519,0.0011590603696329804,True,0.44501281792996278,300,platt,122,0,0.0038928271938972483,0,122,0,False,0,0,0,0,0
20210621,-0,0,3529.1826000000001,0.55319148936170215,0.0079988493652891623,False,0.44976826741459225,300,platt,123,0,-0.004370738949434347,0,123,0,False,0,0,0,0,0
20210622,0,1,3557.4119999999998,0.54166666666666674,0.0024759291305027631,True,0.44613538422584148,300,platt,124,0,0.0027986970028279316,0,124,0,False,0,0,0,0,0
20210623,0,1,3566.2199000000001,0.55102040816326525,0.00012169748702262062,True,0.45090975427532543,300,platt,125,0,0.0032982664090357994,0,125,0,False,0,0,0,0,0
20210624,-0,0,3566.6538999999998,0.56000000000000005,0.011469545727439412,False,0.45528990196258451,300,platt,126,0,-0.0025855237217640341,0,126,0,False,0,0,0,0,0
20210625,0,1,3607.5617999999999,0.5490196078431373,-0.00032975180078698152,False,0.45193110920107787,300,platt,127,0,0.0058915537094995718,0,127,0,False,0,0,0,0,0
20210628,0,1,3606.3721999999998,0.60833333333333328,-0.0092043466839056842,False,0.44547431690335254,300,platt,128,0,0.0023763666594497227,0,128,0,False,0,0,0,0,0
20210629,-0,0,3573.1779000000001,0.59999999999999998,0.0050428779378715038,False,0.44238607850271466,300,platt,129,0,-0.0037403374082035246,0,129,0,False,0,0,0,0,0
20210630,0,1,3591.1970000000001,0.55555555555555558,-0.00067258911165279933,False,0.44063920324242317,300,platt,130,0,0.0029313590837417879,0,130,0,False,0,0,0,0,0
20210701,-0,0,3588.7815999999998,0.59999999999999998,-0.019511385145309368,True,0.4355061703318065,300,platt,131,0,-0.0040297666491436049,0,131,0,False,0,0,0,0,0
20210702,0,1,3518.7595000000001,0.66666666666666674,0.0044227802440035546,True,0.43742702161921804,300,platt,132,0,0.0067796096485350874,0,132,0,False,0,0,0,0,0
20210705,-0,0,3534.3222000000001,0.66666666666666674,-0.0011496688106138464,True,0.44221150038624785,300,platt,133,0,-0.0028136323771175823,0,133,0,False,0,0,0,0,0
20210706,0,1,3530.2588999999998,0.66666666666666674,0.0066444418566582453,True,0.44655134952301673,300,platt,134,0,0.0049938116076637916,0,134,0,False,0,0,0,0,0
20210707,-0,0,3553.7154999999998,0.66666666666666674,-0.007938620860336032,True,0.45104660247982648,300,platt,135,0,-0.0062940598176061636,0,135,0,False,0,0,0,0,0
20210708,0,1,3525.5039000000002,0.73333333333333339,-0.00040158798292644349,False,0.4548518530251689,300,platt,136,0,0.0045630351616461565,0,136,0,False,0,0,0,0,0
20210709,0,1,3524.0880999999999,0.66666666666666674,0.0067387929376681033,True,0.4514730509531682,300,platt,137,0,0.0053783432295719273,0,137,0,False,0,0,0,0,0
20210712,-0,0,3547.8362000000002,0.73333333333333339,0.0052669568003167466,False,0.45487690069623493,300,platt,138,0,-0.0045367352486045407,0,138,0,False,0,0,0,0,0
20210713,-0,0,3566.5225,0.66666666666666674,-0.010660636516382604,True,0.45190256342511775,300,platt,139,0,-0.0029619656493045871,0,139,0,False,0,0,0,0,0
20210714,-0,0,3528.5011,0.73333333333333339,0.0102278840156802,False,0.45488061393952772,300,platt,140,0,-0.0043002197203491953,0,140,0,False,0,0,0,0,0
20210715,0,1,3564.5902000000001,0.60833333333333328,-0.0070937747626641512,False,0.45409987664144297,300,platt,141,0,0.006242004731285512,0,141,0,False,0,0,0,0,0
20210716,0,1,3539.3038000000001,0.73333333333333339,-5.1224763469082113e-05,False,0.44704161708742823,300,platt,142,0,0.0034398754834396418,0,142,0,False,0,0,0,0,0
20210719,0,1,3539.1224999999999,0.60833333333333328,-0.00065892039622816867,False,0.44788046253777963,300,platt,143,0,0.0046883630839114621,0,143,0,False,0,0,0,0,0
20210720,-0,0,3536.7905000000001,0.66666666666666674,0.0073147108939586314,False,0.44237012126981257,300,platt,144,0,-0.0035797084826530083,0,144,0,False,0,0,0,0,0
20210721,-0,0,3562.6610999999998,0.59999999999999998,0.0033888432441693261,False,0.4422301385927721,300,platt,145,0,-0.003151601216239914,0,145,0,False,0,0,0,0,0
20210722,-0,0,3574.7343999999998,0.66666666666666674,-0.0068083379844946501,True,0.43613423591681649,300,platt,146,0,-0.0021898499438772938,0,146,0,False,0,0,0,0,0
20210723,0,1,3550.3964000000001,0.66666666666666674,-0.023365137481550002,False,0.44023938793274831,300,platt,147,0,0.0036903068606194403,0,147,0,False,0,0,0,0,0
20210726,-0,0,3467.4409000000001,0.59999999999999998,-0.024876444181067381,True,0.43997633331079716,300,platt,148,0,-0.014142971967900823,0,148,0,False,0,0,0,0,0
20210727,0,1,3381.1833000000001,0.59999999999999998,-0.0057949535004505615,False,0.44380771568564231,300,platt,149,0,0.013248824745193625,0,149,0,False,0,0,0,0,0
20210728,-0,0,3361.5895,0.59999999999999998,0.014913926878936223,False,0.44077121308858908,300,platt,150,0,-0.0093538285812421029,0,150,0,False,0,0,0,0,0
20210729,0,1,3411.7240000000002,0.59166666666666667,-0.0042109502409926058,False,0.43815057328248014,300,platt,151,0,0.0043084497942554173,0,151,0,False,0,0,0,0,0
20210730,-0,0,3397.3573999999999,0.59999999999999998,0.019700017431195205,False,0.43485734754476768,300,platt,152,0,-0.0043763843991355515,0,152,0,False,0,0,0,0,0
20210802,0,1,3464.2854000000002,0.59166666666666667,-0.0047034231071148014,False,0.43231384412594087,300,platt,153,0,0.012063624222080122,0,153,0,False,0,0,0,0,0
20210803,-0,0,3447.9913999999999,0.59999999999999998,0.0084765872675900411,False,0.42913408893295002,300,platt,154,0,-0.0044078632171948356,0,154,0,False,0,0,0,0,0
20210804,-0,0,3477.2186000000002,0.59999999999999998,-0.0030684007039418759,True,0.42642350383227046,300,platt,155,0,-0.0045779839970845832,0,155,0,False,0,0,0,0,0
20210805,0,1,3466.5491000000002,0.59166666666666667,-0.0024004852549183164,False,0.43028751363725132,300,platt,156,0,0.0045920698138016067,0,156,0,False,0,0,0,0,0
20210806,0,1,3458.2276999999999,0.59999999999999998,0.010527675780284795,True,0.42734881462696239,300,platt,157,0,0.00369249354330181,0,157,0,False,0,0,0,0,0
20210809,0,1,3494.6347999999998,0.60833333333333328,0.010100082560844381,True,0.4306375940468426,300,platt,158,0,0.0079825581456103682,0,158,0,False,0,0,0,0,0
20210810,0,1,3529.9308999999998,0.59999999999999998,0.00076216789399463636,True,0.43454572876797631,300,platt,159,0,0.0065013997701231429,0,159,0,False,0,0,0,0,0
20210811,-0,0,3532.6212999999998,0.59999999999999998,-0.0022317421909899826,True,0.43809564158324316,300,platt,160,0,-0.0024571878452055987,0,160,0,False,0,0,0,0,0
20210812,-0,0,3524.7374,0.59999999999999998,-0.0023940790596201911,True,0.44165855699901047,300,platt,161,0,-0.00306837727193154,0,161,0,False,0,0,0,0,0
20210813,0,1,3516.2988999999998,0.59999999999999998,0.00029741498937996269,True,0.44511674104641796,300,platt,162,0,0.0048447836954829794,0,162,0,False,0,0,0,0,0
20210816,0,1,3517.3447000000001,0.59999999999999998,-0.020006199562982885,False,0.44861819503651845,300,platt,163,0,0.0032514879603844937,0,163,0,False,0,0,0,0,0
20210817,-0,0,3446.9760000000001,0.59999999999999998,0.01111406055626718,False,0.44577608177040556,300,platt,164,0,-0.011554723876095047,0,164,0,False,0,0,0,0,0
20210818,0,1,3485.2858999999999,0.59166666666666667,-0.0056613146141037962,False,0.44346134944099963,300,platt,165,0,0.0060824110165805948,0,165,0,False,0,0,0,0,0
20210819,0,1,3465.5545999999999,0.59166666666666667,-0.011028768670965361,False,0.44067482515594486,300,platt,166,0,0.0042153146686993897,0,166,0,False,0,0,0,0,0
20210820,-0,0,3427.3337999999999,0.59166666666666667,0.014529749042827333,False,0.43797320134460405,300,platt,167,0,-0.0072340712955299711,0,167,0,False,0,0,0,0,0
20210823,0,1,3477.1320999999998,0.57499999999999996,0.010738418595025445,True,0.43570313383473336,300,platt,168,0,0.0054534728035111248,0,168,0,False,0,0,0,0,0
20210824,0,1,3514.471,0.59999999999999998,0.0073731437818094214,True,0.4384453869701902,300,platt,169,0,0.0051329614879185061,0,169,0,False,0,0,0,0,0
20210825,0,1,3540.3836999999999,0.59999999999999998,-0.010936498210631806,False,0.44183241708339993,300,platt,170,0,0.003712023150244595,0,170,0,False,0,0,0,0,0
20210826,0,1,3501.6642999999999,0.58333333333333337,0.005852188629275501,True,0.43984782165286535,300,platt,171,0,0.0046953047723003478,0,171,0,False,0,0,0,0,0
20210827,0,1,3522.1567,0.60833333333333328,0.0017019401777325083,True,0.44218943262969257,300,platt,172,0,0.0045505134474893181,0,172,0,False,0,0,0,0,0
20210830,-0,0,3528.1511999999998,0.6166666666666667,0.00447514834398266,False,0.44503863762458495,300,platt,173,0,-0.0032055792051209541,0,173,0,False,0,0,0,0,0
20210831,-0,0,3543.9402,0.6166666666666667,0.006535268286976148,False,0.44248281361217456,300,platt,174,0,-0.0058552195152698971,0,174,0,False,0,0,0,0,0
20210901,0,1,3567.1008000000002,0.6166666666666667,0.0083938754968742035,True,0.43995469951328436,300,platt,175,0,0.008276511514984106,0,175,0,False,0,0,0,0,0
20210902,0,1,3597.0426000000002,0.6166666666666667,-0.0042557738960334879,False,0.44313590878944942,300,platt,176,0,0.0048032336578651986,0,176,0,False,0,0,0,0,0
20210903,0,1,3581.7343999999998,0.59999999999999998,0.01120264528827164,True,0.44137973481767379,300,platt,177,0,0.0054280719670685533,0,177,0,False,0,0,0,0,0
20210906,0,1,3621.8593000000001,0.66666666666666674,0.015110277751540391,True,0.44139695625818109,300,platt,178,0,0.005546351362204844,0,178,0,False,0,0,0,0,0
20210907,0,1,3676.5866000000001,0.66666666666666674,-0.00038081518330079778,False,0.44485986733694294,300,platt,179,0,0.0078874384047563067,0,179,0,False,0,0,0,0,0
20210908,0,1,3675.1864999999998,0.59999999999999998,0.0048822284256868631,True,0.44518379069196984,300,platt,180,0,0.0040465694494539938,0,180,0,False,0,0,0,0,0
20210909,-0,0,3693.1296000000002,0.59999999999999998,0.0027025046724598045,False,0.44827506381639826,300,platt,181,0,-0.0036775100938204008,0,181,0,False,0,0,0,0,0
20210910,0,1,3703.1102999999998,0.60833333333333328,0.0033112705284528143,True,0.44540446632041603,300,platt,182,0,0.0048427613536591941,0,182,0,False,0,0,0,0,0
20210913,-0,0,3715.3723,0.60833333333333328,-0.014203367990873961,True,0.4484368475226409,300,platt,183,0,-0.0028168547915694581,0,183,0,False,0,0,0,0,0
20210914,0,1,3662.6015000000002,0.64166666666666672,-0.0017414670965433254,False,0.44981563093818439,300,platt,184,0,0.0081270652450318673,0,184,0,False,0,0,0,0,0
20210915,0,1,3656.2231999999999,0.64166666666666672,-0.013437636958268828,False,0.44731358587647285,300,platt,185,0,0.0046726948557066555,0,185,0,False,0,0,0,0,0
20210916,0,1,3607.0922,0.6333333333333333,0.0019057178521801887,True,0.44528781593116046,300,platt,186,0,0.0086127961677482483,0,186,0,False,0,0,0,0,0
20210917,0,1,3613.9663,0.6333333333333333,0.0040186871692744486,True,0.44829120665074013,300,platt,187,0,0.0062325430534195007,0,187,0,False,0,0,0,0,0
20210922,0,1,3628.4897000000001,0.6333333333333333,0.0037841364135606792,True,0.4512624174779275,300,platt,188,0,0.0082413134077945743,0,188,0,False,0,0,0,0,0
20210923,-0,0,3642.2204000000002,0.6166666666666667,-0.0080042108379821952,True,0.45499387218797266,300,platt,189,0,-0.0045827936295517631,0,189,0,False,0,0,0,0,0
20210924,-0,0,3613.0673000000002,0.60833333333333328,-0.0083686788784699262,True,0.45825495765284124,300,platt,190,0,-0.0052380312577397269,0,190,0,False,0,0,0,0,0
20210927,0,1,3582.8307,0.6166666666666667,0.0054112799692154212,True,0.46069175306906185,300,platt,191,0,0.0097867985499441486,0,191,0,False,0,0,0,0,0
20210928,-0,0,3602.2184000000002,0.6166666666666667,-0.018300944773365191,True,0.46350259218581297,300,platt,192,0,-0.0050451701592522519,0,192,0,False,0,0,0,0,0
20210929,-0,0,3536.2944000000002,0.625,0.0090129373843987892,False,0.46588193543497647,300,platt,193,0,-0.0067729369224909667,0,193,0,False,0,0,0,0,0
20210930,-0,0,3568.1668,0.625,0.0067260869082690355,False,0.46347021338032784,300,platt,194,0,-0.0036908922065004568,0,194,0,False,0,0,0,0,0
20211008,-0,0,3592.1666,0.625,-0.00012747181603434132,True,0.4610838359605996,300,platt,195,0,-0.0049137650751200123,0,195,0,False,0,0,0,0,0
20211011,-0,0,3591.7087000000001,0.6333333333333333,-0.012465515368771385,True,0.46343368784267752,300,platt,196,0,-0.0033690683531127225,0,196,0,False,0,0,0,0,0
20211012,-0,0,3546.9362000000001,0.6333333333333333,0.0041799736910970164,False,0.46619318546074651,300,platt,197,0,-0.008383328194503584,0,197,0,False,0,0,0,0,0
20211013,-0,0,3561.7622999999999,0.6333333333333333,-0.00097783055315059375,True,0.46380837204229658,300,platt,198,0,-0.0065012286745402713,0,198,0,False,0,0,0,0,0
20211014,-0,0,3558.2795000000001,0.6333333333333333,0.0039588514617807657,False,0.46653806494486566,300,platt,199,0,-0.0027308250335005137,0,199,0,False,0,0,0,0,0
20211015,0,1,3572.3661999999999,0.625,-0.0011836132589093662,False,0.46458228369790783,300,platt,200,0,0.0043592166071257507,0,200,0,False,0,0,0,0,0
20211018,-0,0,3568.1379000000002,0.625,0.0070107716408605025,False,0.46226116022715397,300,platt,201,0,-0.0038188884126330062,0,201,0,False,0,0,0,0,0
20211019,-0,0,3593.1532999999999,0.6166666666666667,-0.0017122564740000845,True,0.46038461047837642,300,platt,202,0,-0.0043651764288017642,0,202,0,False,0,0,0,0,0
20211020,-0,0,3587.0009,0.6166666666666667,0.0021695561882908443,False,0.46304833861003614,300,platt,203,0,-0.0025734235410853649,0,203,0,False,0,0,0,0,0
20211021,-0,0,3594.7831000000001,0.60833333333333328,-0.0033881042781135351,True,0.46119459669564972,300,platt,204,0,-0.0041519081031216269,0,204,0,False,0,0,0,0,0
20211022,0,1,3582.6035999999999,0.60833333333333328,0.0076087122784112005,True,0.4638407726370935,300,platt,205,0,0.0034480788443755892,0,205,0,False,0,0,0,0,0
20211025,-0,0,3609.8625999999999,0.60833333333333328,-0.0033865277864038035,True,0.46646171795466557,300,platt,206,0,-0.0056070099319082221,0,206,0,False,0,0,0,0,0
20211026,0,1,3597.6377000000002,0.60833333333333328,-0.009821027837239038,False,0.46905401321684631,300,platt,207,0,0.0042072326027278555,0,207,0,False,0,0,0,0,0
20211027,0,1,3562.3051999999998,0.60833333333333328,-0.012320280699138264,False,0.46678713585236159,300,platt,208,0,0.004352751127472027,0,208,0,False,0,0,0,0,0
20211028,0,1,3518.4166,0.625,0.0082194644033910524,True,0.46367640867974663,300,platt,209,0,0.0051419420681187685,0,209,0,False,0,0,0,0,0
20211029,0,1,3547.3361,0.6333333333333333,-0.00080528033416404909,False,0.46582052439893556,300,platt,210,0,0.0053471877646918244,0,210,0,False,0,0,0,0,0
20211101,0,1,3544.4794999999999,0.66666666666666663,-0.010961045197186214,False,0.46183547742157555,300,platt,211,0,0.0044711888185759371,0,211,0,False,0,0,0,0,0
20211102,-0,0,3505.6282999999999,0.59999999999999998,-0.0020228898768303027,True,0.46324892359639847,300,platt,212,0,-0.009887815741991806,0,212,0,False,0,0,0,0,0
20211103,-0,0,3498.5367999999999,0.59999999999999998,0.0080973565863307062,False,0.46578170775553451,300,platt,213,0,-0.003900974639780857,0,213,0,False,0,0,0,0,0
20211104,-0,0,3526.8656999999998,0.59999999999999998,-0.010008319851816272,True,0.4635156577850878,300,platt,214,0,-0.0030125674577110031,0,214,0,False,0,0,0,0,0
20211105,0,1,3491.5677000000001,0.59999999999999998,0.0020229022052185019,True,0.46612095682798876,300,platt,215,0,0.0042084693735036163,0,215,0,False,0,0,0,0,0
20211108,0,1,3498.6307999999999,0.59999999999999998,0.0023926502905080582,True,0.46864021622245317,300,platt,216,0,0.002807223279322273,0,216,0,False,0,0,0,0,0
20211109,0,1,3507.0018,0.59999999999999998,-0.0041460486276340136,False,0.47112270422828378,300,platt,217,0,0.0031456010701359049,0,217,0,False,0,0,0,0,0
20211110,0,1,3492.4616000000001,0.59999999999999998,0.011546068251688135,True,0.46892992556569474,300,platt,218,0,0.0061170769501873966,0,218,0,False,0,0,0,0,0
20211111,0,1,3532.7858000000001,0.59999999999999998,0.001787371314728281,True,0.4713914155818808,300,platt,219,0,0.0061915064211588555,0,219,0,False,0,0,0,0,0
20211112,0,1,3539.1001999999999,0.66666666666666674,-0.0016381565009094823,False,0.46937841659312285,300,platt,220,0,0.0019414746470392482,0,220,0,False,0,0,0,0,0
20211115,0,1,3533.3026,0.66666666666666674,-0.0032592453304168822,False,0.46697213553763717,300,platt,221,0,0.0035443450174615725,0,221,0,False,0,0,0,0,0
20211116,0,1,3521.7867000000001,0.5625,0.0044237488885967569,True,0.47260114882701604,300,platt,222,0,0.0038887036996397232,0,222,0,False,0,0,0,0,0
20211117,0,1,3537.3661999999999,0.59375,-0.0047084749099485235,False,0.47274695319942789,300,platt,223,0,0.0028988985816113038,0,223,0,False,20211116,0.51311169110622568,0.52335052050265496,0.51823110580444032,120
20211118,0,1,3520.7105999999999,0.57575757575757569,0.01126556667281875,True,0.4720617056400021,300,platt,224,0,0.003018043893405761,0,224,0,False,20211116,0.51530836983775308,0.4990933016051004,0.50720083572142671,120
20211119,0,1,3560.3733999999999,0.58823529411764708,0.0060966358191529846,True,0.47350649172313969,300,platt,225,0,0.0053173035698770134,0,225,0,False,20211116,0.48823847350222499,0.46747696964175289,0.47785772157198891,120
20211122,-0,0,3582.0796999999998,0.55376341016912733,0.001956879965568703,False,0.47901872566994408,300,platt,226,0,-0.0026852463551270901,0,226,0,True,20211116,0.60939329674690257,0.49813352359135216,0.55376341016912733,120
20211123,-0,0,3589.0893999999998,0.61111111111111116,0.001006689886298151,False,0.4717522560290825,300,platt,227,0,-0.0025043173131199994,0,227,0,False,0,0,0,0,0
20211124,0,1,3592.7024999999999,0.59459459459459452,-0.0023725037071674615,False,0.47105369312369005,300,platt,228,0,0.0032681143918898044,0,228,0,False,20211122,0.46196451664991056,0.24704971050851288,0.35450711357921172,124
20211125,0,1,3584.1788000000001,0.57894736842105265,-0.0056050217137605385,False,0.47020050582983419,300,platt,229,0,0.0021026410068231039,0,229,0,False,20211122,0.34406511675772611,0.19878939716051897,0.27142725695912251,124
20211126,0,1,3564.0893999999998,0.5641025641025641,-0.00039073093957731064,False,0.46903337228667846,300,platt,230,0,0.0025462544955162651,0,230,0,False,20211122,0.4333833807250036,0.34782894897716815,0.3906061648510859,124
20211129,-0,0,3562.6968000000002,0.55000000000000004,0.00033412891043660409,False,0.46780307143980093,300,platt,231,0,-0.0044724373607307067,0,231,0,False,0,0,0,0,0
20211130,0,1,3563.8872000000001,0.64166666666666672,0.0036471693043482745,True,0.45950704802703246,300,platt,232,0,0.0042871332476163366,0,232,0,False,20211122,0.55612958478623897,0.39667606009848283,0.47640282244236087,124
20211201,0,1,3576.8852999999999,0.6166666666666667,-0.00085255739120293494,False,0.46342344230710397,300,platt,233,0,0.0021758249706083478,0,233,0,False,20211130,0.53478750301007683,0.45957198506533076,0.49717974403770382,128
20211202,0,1,3573.8357999999998,0.59999999999999998,0.0094006557324206597,True,0.46246263384927866,300,platt,234,0,0.0023619541126177167,0,234,0,False,20211130,0.57595692534263443,0.49286235351364677,0.53440963942814057,128
20211203,-0,0,3607.4322000000002,0.5641512712129112,-0.0050246543788128317,True,0.46691327268630234,300,platt,235,0,-0.0041955441486337458,0,235,0,True,20211130,0.61396088904999757,0.51434165337582483,0.5641512712129112,128
20211206,0,1,3589.3060999999998,0.59166666666666667,0.0016109241839252775,True,0.46769127570361407,300,platt,236,0,0.0046978176978615628,0,236,0,False,20211130,0.56298645307880202,0.34113673272208811,0.45206159290044506,128
20211207,-0,0,3595.0882000000001,0.6166666666666667,0.011815927075168764,False,0.46822450645250413,300,platt,237,0,-0.0049633133045951343,0,237,0,False,0,0,0,0,0
20211208,0,1,3637.5675000000001,0.59999999999999998,0.0097520389656000628,True,0.46744177713317703,300,platt,238,0,0.0053910221658845315,0,238,0,False,20211206,0.65009886346546064,0.42238225610090163,0.53624055978318119,132
20211209,0,1,3673.0412000000001,0.59999999999999998,-0.0018222774087042204,False,0.4697009790631238,300,platt,239,0,0.0058080873515002247,0,239,0,False,20211206,0.39404099852094315,0.35975170835183146,0.37689635343638728,132
20211210,-0,0,3666.3479000000002,0.59999999999999998,0.0040187402837574826,False,0.46771248805300419,300,platt,240,0,-0.0019256933877951109,0,240,0,False,0,0,0,0,0
20211213,-0,0,3681.0819999999999,0.56000000000000005,-0.005312758585655053,True,0.4685502294350144,300,platt,241,0,-0.003590244784097041,0,241,0,False,0,0,0,0,0
20211214,-0,0,3661.5252999999998,0.56862745098039214,-0.0037948665819679261,True,0.47044888849927041,300,platt,242,0,-0.001980260357439281,0,242,0,False,0,0,0,0,0
20211215,-0,0,3647.6302999999998,0.57692307692307687,0.0075078058212205701,False,0.4721139534508888,300,platt,243,0,-0.002691950533783077,0,243,0,False,0,0,0,0,0
20211216,-0,0,3675.0160000000001,0.56603773584905659,-0.011605990286845058,True,0.47096456242528062,300,platt,244,0,-0.0035213515789269847,0,244,0,False,0,0,0,0,0
20211217,-0,0,3632.3638000000001,0.57407407407407407,-0.010671260406240113,True,0.47266827817915269,300,platt,245,0,-0.0049567810133444015,0,245,0,False,0,0,0,0,0
20211220,-0,0,3593.6019000000001,0.58181818181818179,0.0087720345428357049,False,0.47438641898867556,300,platt,246,0,-0.0065211111794657804,0,246,0,False,0,0,0,0,0
20211221,-0,0,3625.1251000000002,0.58344481965948347,-0.00069164509660646356,True,0.47215737618439441,300,platt,247,0,-0.0042245622201658182,0,247,0,True,20211209,0.54623717224077684,0.62065246707819011,0.58344481965948347,134
20211222,0,1,3622.6178,0.56140350877192979,0.0057199796235749556,True,0.47633642582631947,300,platt,248,0,0.0022929973033990621,0,248,0,False,20211209,0.37263552105221798,0.40337584152514577,0.38800568128868185,134
20211223,0,1,3643.3391000000001,0.56896551724137934,-0.0069402268924131372,False,0.47809328689155661,300,platt,249,0,0.0030006613774339144,0,249,0,False,0,0,0,0,0
20211224,0,1,3618.0535,0.55932203389830515,-0.00057472892537380194,False,0.47686438410237431,300,platt,250,0,0.0043887968158015924,0,250,0,False,0,0,0,0,0
20211227,0,1,3615.9740999999999,0.55000000000000004,0.003909707207250257,True,0.475436726102972,300,platt,251,0,0.0036042039456570694,0,251,0,False,20211209,0.36284839447456191,0.27433296233452886,0.31859067840454536,134
20211228,0,1,3630.1115,0.55737704918032782,-0.009121290076076205,False,0.4773111278545501,300,platt,252,0,0.0028012848628244887,0,252,0,False,20211227,0.41839604427889771,0.28746278239222212,0.35292941333555994,137
20211229,0,1,3597.0001999999999,0.54838709677419351,0.0061685845889027924,True,0.4758663645852757,300,platt,253,0,0.004148100114990819,0,252,0,False,20211227,0.27459438473354936,0.25547437087660574,0.26503437780507755,137
20211230,0,1,3619.1886,0.55555555555555558,0.005688236307994643,True,0.47774471757990039,300,platt,254,0,0.0039988949628489553,0,252,0,False,20211227,0.34885329748322691,0.33317127070281144,0.3410122840930192,137
20211231,-0,0,3639.7754,0.5625,-0.0020458679950416947,True,0.47943804028467035,300,platt,255,0,-0.0021313876606317995,0,252,0,False,0,0,0,0,0
20220104,-0,0,3632.3289,0.56923076923076921,-0.010228368912297503,True,0.4811006539852683,300,platt,256,0,-0.004963766882068078,0,252,0,False,0,0,0,0,0
20220105,-0,0,3595.1761000000001,0.57575757575757569,-0.0025303072080391509,True,0.48260723869417665,300,platt,257,0,-0.0053998562532517301,0,252,0,False,0,0,0,0,0
20220106,-0,0,3586.0792000000001,0.58208955223880599,-0.0018227427882797631,True,0.48398844712534522,300,platt,258,0,-0.0041510948247657949,0,252,0,False,0,0,0,0,0
20220107,0,1,3579.5427,0.58823529411764708,0.0039044093537423663,True,0.48537614520911815,300,platt,259,0,0.0036109230607544412,0,252,0,False,20211230,0.58391189775750074,0.45050415516428644,0.51720802646089359,140
20220110,-0,0,3593.5187000000001,0.6208268716252906,-0.0072568983709476731,True,0.48346993720007864,300,platt,260,0,-0.0046796931802979809,0,252,0,True,20211230,0.69943634632144258,0.54221739692913862,0.6208268716252906,140
20220111,0,1,3567.4409000000001,0.57352941176470584,0.0084069227327634444,True,0.49117229533198675,300,platt,261,0,0.0048451702418870566,0,252,0,False,20211230,0.56070108395642759,0.40038327765685877,0.48054218080664318,140
20220112,-0,0,3597.4321,0.57971014492753625,-0.011723251149062697,True,0.49247999579269003,300,platt,262,0,-0.0032922445881925061,0,252,0,False,0,0,0,0,0
20220113,-0,0,3555.2584999999999,0.59420289855072461,-0.0095640302948434286,True,0.49266621053112553,300,platt,263,0,-0.0056193218990115536,0,252,0,False,0,0,0,0,0
20220114,-3.4213210323648931e-06,0,3521.2438526531291,0.60869565217391308,0.0057962558188400237,False,0.49271534118533111,300,platt,264,0,-0.0035956699976009685,0.00095151141084904873,252,0,False,0,0,0,0,0
20220117,-0,0,3541.6660000000002,0.67199852703458918,0.00797602032489797,False,0.482612368896641,300,platt,265,0,-0.0032760088615612494,0,252,0,True,20220111,0.72812689806789088,0.61587015600128747,0.67199852703458918,143
20220118,-0,0,3569.9144000000001,0.62318840579710144,-0.0032871376411715003,True,0.48706566768698423,300,platt,266,0,-0.0058587343499318144,0,252,0,False,0,0,0,0,0
20220119,-0,0,3558.1795999999999,0.60938842645405122,-0.00087592543108283571,True,0.49089628491171272,300,platt,267,0,-0.004534482554939206,0,252,0,True,20220111,0.70689917264353141,0.51187768026457114,0.60938842645405122,143
20220120,-4.1588647392903089e-06,0,3555.0481149742591,0.6376811594202898,-0.0091404852499233913,True,0.48896940656489707,300,platt,268,0,-0.0043707985967076186,0.00095151141084904873,252,0,False,0,0,0,0,0
20220121,-0.00010294550963975288,0,3522.2052674522938,0.75505868794708042,0.00043635780590633999,False,0.47522054477483733,300,platt,269,0,-0.0039683285736822841,0.025941780709007135,252,0,True,20220111,0.78152512120237305,0.72859225469178779,0.75505868794708042,143
20220124,-3.7035571010763246e-06,0,3524.0919482759023,0.7835679957253614,-0.025834587788956309,True,0.46725645227890245,300,platt,270,0,-0.0038922886881320551,0.00095151141084904873,252,0,True,20220121,0.76572277796621313,0.80141321348450967,0.7835679957253614,146
20220125,-0.00030806276761581131,0,3432.0036016653335,0.69391355720550929,0.0065849976691356726,False,0.48397664208855012,300,platt,271,0,-0.011035206519184751,0.027916357258945989,252,0,True,20220121,0.68638403046451957,0.70144308394649912,0.69391355720550929,146
20220126,-0.00015646934390572146,0,3455.1271939109311,0.60833333333333328,-0.017773843371928111,True,0.49325111869274962,300,platt,272,0,-0.0056049341414549985,0.027916357258945989,252,0,False,0,0,0,0,0
20220127,-0.00023104375095613541,0,3393.4631803490311,0.6871859666682727,-0.0096656772868118912,True,0.48421560650995665,300,platt,273,0,-0.0082762857923411853,0.027916357258945989,252,0,True,20220121,0.64492219129068618,0.72944974204585911,0.6871859666682727,146
20220128,-0.00027862344787986891,0,3360.5031240809458,0.60229492402126472,0.020271433100525371,False,0.49773647551341205,300,platt,274,0,-0.0078608913785517803,0.035444256187038163,252,0,True,20220121,0.58118228709785669,0.62340756094467287,0.60229492402126472,146
20220207,-8.6835789959366927e-05,0,3429.2830896333189,0.65381434855022103,0.0067203255068279955,False,0.48928191660513415,300,platt,275,0,-0.0033473334361051412,0.025941780709007135,252,0,True,20220128,0.6122235720900302,0.69540512501041174,0.65381434855022103,150
20220208,0,1,3452.6288,0.59166666666666667,0.0079119423437585823,True,0.49557056260923438,300,platt,276,0,0.0079590932659816139,0,252,0,False,20220128,0.51024567268783505,0.52147214559843869,0.51585890914313692,150
20220209,-0.00013303944916061403,0,3479.4828299276592,0.59999999999999998,0.0017130439215460314,False,0.49628683778021454,300,platt,277,0,-0.0051283853893045192,0.025941780709007135,252,0,False,0,0,0,0,0
20220210,2.9413331231155684e-06,1,3485.9173532140171,0.59999999999999998,-0.0065862914132163164,False,0.4945234342671469,300,platt,278,0,0.0030912221225922768,0.00095151141084904873,252,0,False,20220128,0.51027813357114227,0.46328767857855996,0.48678290607485108,150
20220211,0,1,3462.9479000000001,0.59999999999999998,-0.0098372256770020705,False,0.49274633088724251,300,platt,279,0,0.0051742209079632057,0,252,0,False,20220128,0.48742629702606083,0.39250008878523168,0.43996319290564623,150
20220214,-0,0,3428.8820999999998,0.6333333333333333,0.0050180786326832205,False,0.4866087233019265,300,platt,280,0,-0.0053479620176065867,0,252,0,False,0,0,0,0,0
20220215,-0,0,3446.0884999999998,0.6333333333333333,0.0057288139872206933,False,0.48484026926350421,300,platt,281,0,-0.0032827655114056518,0,252,0,False,0,0,0,0,0
20220216,-0,0,3465.8305,0.68333333333333335,0.00063618229454687203,False,0.4764214520201982,300,platt,282,0,-0.0026823385497212909,0,252,0,False,0,0,0,0,0
20220217,0,1,3468.0354000000002,0.68333333333333335,0.0065518074008126259,True,0.47408224471404331,300,platt,283,0,0.0033646282170011269,0,252,0,False,20220211,0.66705776553578444,0.41006909828436539,0.53856343191007494,154
20220218,-0,0,3490.7573000000002,0.59166666666666667,-4.1538264490714738e-05,True,0.48883264270373683,300,platt,284,0,-0.0054879279708431108,0,252,0,False,0,0,0,0,0
20220221,-2.444227886593012e-06,0,3490.6037681480748,0.6333333333333333,-0.0095875156344346069,True,0.48496664611380463,300,platt,285,0,-0.0025687846290902479,0.00095151141084904873,252,0,False,0,0,0,0,0
20220222,-3.4260940102954434e-05,0,3457.0275549279672,0.70660058255999547,0.0092563345603569047,False,0.4770152712197418,300,platt,286,0,-0.0045264667121664055,0.0075690250876840883,252,0,True,20220211,0.70376399596712558,0.70943716915286548,0.70660058255999547,154
20220223,-3.1033461220934172e-05,0,3489.0382197073982,0.60833333333333328,-0.016964062701293803,True,0.4885745892907904,300,platt,287,0,-0.0041000605575254537,0.0075690250876840883,252,0,False,0,0,0,0,0
20220224,-8.423041028339779e-05,0,3429.6674933651739,0.65243830165721861,0.0062536363435989895,False,0.48399503561003515,300,platt,288,0,-0.011128303752150723,0.0075690250876840883,252,0,True,20220222,0.62968974705904079,0.67518685625539632,0.65243830165721861,156
20220225,3.7820001151620954e-05,1,3451.5366321826773,0.6166666666666667,0.0031582200657291892,True,0.48746160819291534,300,platt,289,0,0.0049966806442694493,0.0075690250876840883,252,0,False,20220222,0.4255005220496389,0.44104365466846435,0.43327208835905162,156
20220228,-0.00012107521884247496,0,3461.8872004949199,0.6166666666666667,0.0076620312979809313,False,0.4892485278612087,300,platt,290,0,-0.004667189974373538,0.025941780709007135,252,0,False,0,0,0,0,0
20220301,-8.3054192613601197e-05,0,3488.5449376508291,0.6166666666666667,-0.0013308455112532869,True,0.48754574145672414,300,platt,291,0,-0.0032015609701289433,0.025941780709007135,252,0,False,0,0,0,0,0
20220302,-1.8751323212203225e-05,0,3484.1262667971755,0.6166666666666667,-0.00088373440771738476,True,0.48932048973955389,300,platt,292,0,-0.0024773762796366432,0.0075690250876840883,252,0,False,0,0,0,0,0
20220303,8.8443134188732059e-05,1,3481.4203804999638,0.59166666666666667,-0.0096128751943524993,False,0.49478292841195054,300,platt,293,0,0.0034092931083186625,0.025941780709007135,252,0,False,20220225,0.35051407071608293,0.55441890711601671,0.45246648891604979,158
20220304,-3.599418597370659e-05,0,3447.5249046807221,0.65833333333333333,-0.021694145778761054,True,0.48331644433404419,300,platt,294,0,-0.0047554586696078463,0.0075690250876840883,252,0,False,0,0,0,0,0
20220307,-0.00026421595510367734,0,3371.9640378419053,0.65173998962988478,-0.023518679366964834,True,0.48625069687070377,300,platt,295,0,-0.01018495831367274,0.025941780709007135,252,0,True,20220225,0.53675051205366675,0.76672946720610269,0.65173998962988478,158
20220308,-0.00045830373689415769,0,3292.0206628475967,0.66725663873196106,-0.011277170352868571,True,0.48599712034629711,300,platt,296,0,-0.012930268150520752,0.035444256187038163,252,0,True,20220225,0.67097967935976743,0.66353359810415469,0.66725663873196106,158
20220309,-0.00075489401978964777,0,3253.9301718707275,0.76957072048291852,0.01219258734615325,False,0.47470293525091123,300,platt,297,0,-0.021298063522791875,0.035444256187038163,252,0,True,20220225,0.69175928026169353,0.84738216070414341,0.76957072048291852,158
20220310,3.5356205268530504e-05,1,3296.2087373124077,0.65833333333333333,0.004142632903290755,True,0.48708296619076108,300,platt,298,0,0.0046711703104353854,0.0075690250876840883,252,0,False,20220309,0.34766202883585429,0.27093998481080117,0.30930100682332773,162
20220311,-9.7348932431601647e-05,0,3309.4244996921361,0.66666666666666663,-0.02604848884659372,True,0.48760772990497547,300,platt,299,0,-0.012861488937327293,0.0075690250876840883,252,0,False,0,0,0,0,0
20220314,-0.00035568158856507341,0,3222.3862487329043,0.66666666666666663,-0.049500845780132807,True,0.48971324000493605,300,platt,300,0,-0.010034957051663138,0.035444256187038163,252,0,False,0,0,0,0,0
20220315,-0.00067340693652776244,0,3061.9019045810405,0.80199923623242519,0.034838874801841779,False,0.47247110351584626,300,platt,300,0,-0.018999042693242492,0.035444256187038163,252,0,True,20220309,0.77185470441463611,0.83214376805021428,0.80199923623242519,162
20220316,-0.00075769974666826294,0,3168.3078536089315,0.67500000000000004,0.013982419018224279,False,0.48785226295976675,300,platt,300,0,-0.021377222381812909,0.035444256187038163,252,0,False,0,0,0,0,0
20220317,-7.4473570146962215e-06,0,3215.02055641579,0.65000000000000002,0.011206034628758577,False,0.48809866545246205,300,platt,300,0,-0.0078268709442494509,0.00095151141084904873,252,0,False,0,0,0,0,0
20220318,8.1546363453384869e-06,1,3251.0989113131541,0.625,0.00080382706949255756,True,0.49194786794093609,300,platt,300,0,0.0085701929082090313,0.00095151141084904873,252,0,False,20220315,0.41823974365076066,0.31592605237395971,0.36708289801236016,164
20220321,-5.6535887993476453e-06,0,3253.6673049989699,0.625,0.0018982165364036518,False,0.49529803838092334,300,platt,300,0,-0.0059416931156956471,0.00095151141084904873,252,0,False,0,0,0,0,0
20220322,-4.0175494090644057e-05,0,3259.7309334375,0.59999999999999998,0.0034267095793230062,False,0.49928185656573842,300,platt,300,0,-0.0053078822735064604,0.0075690250876840883,252,0,False,0,0,0,0,0
20220323,-0,0,3271.0324999999998,0.59999999999999998,-0.0063490961951615521,True,0.49926071292997765,300,platt,300,0,-0.0037197934195706199,0,252,0,False,0,0,0,0,0
20220324,-3.8684448337729874e-06,0,3250.2518265314734,0.60833333333333328,-0.011698894403790683,True,0.50135775044213182,300,platt,300,0,-0.0040655790247655704,0.00095151141084904873,252,0,False,0,0,0,0,0
20220325,4.694996713233506e-05,1,3212.3907145577259,0.6166666666666667,0.00070443057506386353,True,0.50335394011194301,300,platt,300,0,0.0062029081141149241,0.0075690250876840883,252,0,False,0,0,0,0,0
20220328,-0.0002483010990515064,0,3213.7045354466859,0.65833333333333333,-0.0032861692727773617,True,0.49657677047999438,300,platt,300,0,-0.0095714747509716945,0.025941780709007135,252,0,False,0,0,0,0,0
20220329,-0.00027337250262514032,0,3203.0634310953001,0.65833333333333333,0.019556113313382584,False,0.49634829377357004,300,platt,300,0,-0.0044531401940190399,0.061388703412550025,252,0,False,0,0,0,0,0
20220330,-0.0006312910692307035,0,3264.5337271815442,0.65000000000000002,-0.0044061158590199545,True,0.49796535876492004,300,platt,300,0,-0.0067306594289641098,0.093793346089398419,252,0,False,0,0,0,0,0
20220331,-0.00032666566483433783,0,3251.1405169774957,0.65833333333333333,0.0093824711859151755,False,0.49653777983647274,300,platt,300,0,-0.0034828234459508343,0.093793346089398419,252,0,False,0,0,0,0,0
20220401,-0.00076106960334737538,0,3280.2182241793362,0.65000000000000002,0.00021613196826075765,False,0.497665208278955,300,platt,300,0,-0.0081143240440741671,0.093793346089398419,252,0,False,0,0,0,0,0
20220406,-0.00015884845175321311,0,3282.904532847569,0.66666666666666663,-0.014232389758977781,True,0.49087577603802945,300,platt,300,0,-0.0043051383012336301,0.036897409708695157,252,0,False,0,0,0,0,0
20220407,0.00044588570228142608,1,3238.1382960677338,0.64166666666666672,0.0046822760661020535,True,0.49882893803060002,300,platt,300,0,0.0072633184526629249,0.061388703412550025,252,0,False,20220318,0.38869210200493931,0.469908447473462,0.42930027473920063,165
20220408,-0.00061300253235464417,0,3249.8568075925618,0.65000000000000002,-0.026054182938685111,True,0.50092474041875257,300,platt,300,0,-0.0065356718564061611,0.093793346089398419,252,0,False,0,0,0,0,0
20220411,-0.0010760274127161967,0,3163.7179857120768,0.59091318082804478,0.014588494887430858,False,0.51132975838418526,300,platt,300,0,-0.01147232141276407,0.093793346089398419,252,0,True,20220318,0.51870520560441413,0.66312115605167543,0.59091318082804478,165
20220412,-0.00093675632912829587,0,3210.3193932533004,0.625,-0.0082484849437319818,True,0.50516226018681532,300,platt,300,0,-0.0099874497305537397,0.093793346089398419,252,0,False,0,0,0,0,0
20220413,0.00065135970245211808,1,3188.9001689929514,0.625,0.012180401279719089,True,0.50847692167365133,300,platt,300,0,0.00573558917879371,0.11356456715212471,252,0,False,20220318,0.417948842912094,0.29989778189168986,0.3589233124018919,165
20220414,-0.00061033466921189632,0,3223.6724793452017,0.625,-0.0044631126363341433,True,0.50845286818354951,300,platt,300,0,-0.0053743406461834731,0.11356456715212471,252,0,False,0,0,0,0,0
20220415,0.00047171042903652801,1,3212.7595776623493,0.6333333333333333,-0.0048955470476744756,False,0.50725392389535595,300,platt,300,0,0.0040237565752466011,0.11723135339210192,252,0,False,20220413,0.39612452804946713,0.5926650798944586,0.49439480397196289,168
20220418,-0.00059165812459110588,0,3193.6333422630742,0.625,-0.00046793577516557328,True,0.50527958953422958,300,platt,300,0,-0.0050469273574979216,0.11723135339210192,252,0,False,0,0,0,0,0
20220419,-0.0005102058862279619,0,3192.3990877564788,0.6333333333333333,-0.013456015595601944,True,0.50402628463783594,300,platt,300,0,-0.0044926502959723238,0.11356456715212471,252,0,False,0,0,0,0,0
20220420,0.00078101423594839116,1,3153.5108147519818,0.6333333333333333,-0.022609004783104347,False,0.50736469200553158,300,platt,300,0,0.0068772703981003899,0.11356456715212471,252,0,False,20220413,0.35565851484031757,0.39540018703714497,0.3755293509387313,168
20220421,0.0014617691198757876,1,3084.3096677910153,0.625,0.0023091052080947971,True,0.50535584583398119,300,platt,300,0,0.01287170071205118,0.11356456715212471,252,0,False,20220413,0.44156007452130519,0.42572750745134708,0.43364379098632611,168
20220422,-0.000897342980122834,0,3084.1492746359395,0.625,-0.05131572438579779,True,0.50528507584322424,300,platt,300,0,-0.0079016105342153403,0.11356456715212471,252,0,False,0,0,0,0,0
20220425,0.0020003450795458349,1,2934.3698341695222,0.6333333333333333,-0.014371156025391629,False,0.50384174393662096,300,platt,300,0,0.017063226019879779,0.11723135339210192,252,0,False,20220421,0.46167624738438079,0.42019586901079187,0.4409360581975863,171
20220426,0.0011187659371641749,1,2889.6549347533146,0.6333333333333333,0.024894560771129726,True,0.50399435490375488,300,platt,300,0,0.01192798832550266,0.093793346089398419,252,0,False,20220421,0.32634068654152854,0.3164491667650145,0.32139492665327152,171
20220427,-0.0016404125070403652,0,2953.4291972078477,0.6333333333333333,0.0058151318907393446,False,0.50740602344232821,300,platt,300,0,-0.0139929503462585,0.11723135339210192,252,0,False,0,0,0,0,0
20220428,-0.00074687200651878355,0,2973.2624936970578,0.625,0.02405577739802256,False,0.50864616126892326,300,platt,300,0,-0.0079629529988929932,0.093793346089398419,252,0,False,0,0,0,0,0
20220429,-0.0010667352163386851,0,3043.8119912315383,0.6166666666666667,0.0067922140353935401,False,0.50659096203982523,300,platt,300,0,-0.011373250457681023,0.093793346089398419,252,0,False,0,0,0,0,0
20220505,-0.0005232788804793657,0,3066.1534066618833,0.6166666666666667,-0.021578685442241508,True,0.50659272007591438,300,platt,300,0,-0.0056438311359240014,0.092716962622889504,252,0,False,0,0,0,0,0
20220506,0.00051220843113268543,1,3003.0979245946546,0.6166666666666667,0.00085968615325260345,True,0.50986332938521972,300,platt,300,0,0.0054610316455122286,0.093793346089398419,252,0,False,20220426,0.41634233072601962,0.63386588470364347,0.52510410771483151,173
20220509,-0.00043044507434832519,0,3002.8477823469466,0.6166666666666667,0.010553200084590042,False,0.5132680426681443,300,platt,300,0,-0.0046425709187550438,0.092716962622889504,252,0,False,0,0,0,0,0
20220510,-0.0011386756661477921,0,3032.3873580832442,0.6333333333333333,0.0075295365947962711,False,0.5108517081622217,300,platt,300,0,-0.01228120113014446,0.092716962622889504,252,0,False,0,0,0,0,0
20220511,0.00057367909495947638,1,3060.4574137966861,0.59999999999999998,-0.0012125075117629391,False,0.51572935262092556,300,platt,300,0,0.0093450270663673288,0.061388703412550025,252,0,False,20220426,0.3213613821154776,0.27278190924052104,0.29707164567799932,173
20220512,0.00020407291022833766,1,3055.6174415163105,0.59166666666666667,0.0095877438711826635,True,0.51693604362145484,300,platt,300,0,0.0055308194217288456,0.036897409708695157,252,0,False,20220426,0.24186786955463702,0.28272850034930208,0.26229818495196955,173
20220513,0.00022996305217404232,1,3084.9937714773932,0.59999999999999998,-0.0034159300155353067,False,0.51919150411007819,300,platt,300,0,0.0037460157877683684,0.061388703412550025,252,0,False,20220512,0.37090671330009217,0.50672681915840034,0.43881676622924626,176
20220516,-0.00033717502060618478,0,3072.7124086850217,0.59999999999999998,0.006489697531561589,False,0.51579106760691529,300,platt,300,0,-0.0054924603691377891,0.061388703412550025,252,0,False,0,0,0,0,0
20220517,-0.00018509193538583183,0,3093.1238817273188,0.64166666666666672,-0.0024952997166981516,True,0.50947887490817556,300,platt,300,0,-0.0050163937481555376,0.036897409708695157,252,0,False,0,0,0,0,0
20220518,0.00017749957400182412,1,3086.5245595673796,0.6166666666666667,0.0035606230092204427,True,0.513298215863637,300,platt,300,0,0.0048106242525744287,0.036897409708695157,252,0,False,20220512,0.33451222042997331,0.33741931851038925,0.33596576947018131,176
20220519,-0.0004629573685187374,0,3095.5310373257971,0.6166666666666667,0.016016488143488106,False,0.51653611174096947,300,platt,300,0,-0.0075414097836132583,0.061388703412550025,252,0,False,0,0,0,0,0
20220520,0.00019896282044945716,1,3147.1933499047423,0.60833333333333328,9.2163927337463036e-05,True,0.51773028413167077,300,platt,300,0,0.0053923248818892036,0.036897409708695157,252,0,False,20220518,0.49995694831660664,0.55576654335539355,0.5278617458360001,178
20220523,0.00011380512158291972,1,3147.2154284776311,0.60833333333333328,-0.024128866599702481,False,0.51776866888476591,300,platt,300,0,0.003084366151483546,0.036897409708695157,252,0,False,20220518,0.36145945425927878,0.56608530050933503,0.46377237738430688,178
20220524,0.00029848814380574977,1,3071.8438353596907,0.60833333333333328,0.011897677027316034,True,0.51449344057942525,300,platt,300,0,0.011506077672690872,0.025941780709007135,252,0,False,20220518,0.22086158879592621,0.24230150727896346,0.23158154803744485,178
20220525,0.00031972314150728126,1,3108.4576281841732,0.6166666666666667,0.005034265721685971,True,0.51333154039067008,300,platt,300,0,0.005208175506797209,0.061388703412550025,252,0,False,20220518,0.38344682348838588,0.40656293565109652,0.39500487956974117,178
20220526,-0.00068531398565420973,0,3120.9675904774231,0.55855896435928076,0.002283462572650885,False,0.52463832440506697,300,platt,300,0,-0.0073914628593001689,0.092716962622889504,252,0,True,20220518,0.56579679411034201,0.55132113460821941,0.55855896435928076,178
20220527,0.00048894280669330679,1,3131.7699080378575,0.625,0.0060127350003964519,True,0.5122201253080223,300,platt,300,0,0.0052734989678425792,0.092716962622889504,252,0,False,20220526,0.2924323157110551,0.22091078992494084,0.25667155281799797,183
20220530,-0.00035018101308527329,0,3147.9579587338071,0.625,0.011865887500993599,False,0.51550468674015593,300,platt,300,0,-0.0037768818474951025,0.092716962622889504,252,0,False,0,0,0,0,0
20220531,0.0005816187501066285,1,3188.2803857472077,0.625,-0.001340215817270729,False,0.51223846946805607,300,platt,300,0,0.0062730565546270534,0.092716962622889504,252,0,False,20220526,0.36901609911879357,0.3531824829368661,0.36109929102782984,183
20220601,0.00038184765062032285,1,3183.3716990216158,0.625,0.0041799954156875874,True,0.51223400127011842,300,platt,300,0,0.004118422776352406,0.092716962622889504,252,0,False,20220526,0.50036439586232162,0.53216827571249903,0.51626633578741032,183
20220602,0.00042190024369634176,1,3196.806164508921,0.6333333333333333,0.012803767096923213,True,0.51117374349410094,300,platt,300,0,0.0044981894909070707,0.093793346089398419,252,0,False,20220526,0.52878598365470608,0.56708626174034471,0.54793612269752545,183
20220606,0.00068925974242618293,1,3238.6026008621893,0.64166666666666672,0.0016659395664633259,True,0.51341287053846352,300,platt,300,0,0.0073487061840103269,0.093793346089398419,252,0,False,20220602,0.41610182694834952,0.42089600764356039,0.41849891729595495,187
20220607,0.00037780840365712919,1,3242.9882654929693,0.65000000000000002,0.0067956530450170582,True,0.51255035910194058,300,platt,300,0,0.004028093883088721,0.093793346089398419,252,0,False,20220602,0.43210816137734087,0.49208786844375141,0.46209801491054614,187
20220608,0.00075573732274245313,1,3266.2599704861004,0.65000000000000002,-0.0076105001008949236,False,0.51598063831155405,300,platt,300,0,0.0066546929354303784,0.11356456715212471,252,0,False,20220602,0.51153182264618935,0.53237530098856523,0.52195356181737729,187
20220609,0.00070812019691877351,1,3241.247868956727,0.65000000000000002,0.014165003810026056,True,0.51576326993859745,300,platt,300,0,0.0062353973134086403,0.11356456715212471,252,0,False,20220602,0.50648929921152153,0.56990553471601679,0.5381974169637691,187
20220610,-0.00092910933034229628,0,3281.7821299890634,0.60443192972511384,-0.0089146054590701906,True,0.52494745743029181,300,platt,300,0,-0.0099059194397086835,0.093793346089398419,252,0,True,20220602,0.52980235830954781,0.67906150114067987,0.60443192972511384,187
20220613,0.00065441496123641639,1,3257.6815813469098,0.65833333333333333,0.010245730745863435,True,0.52112385020990937,300,platt,300,0,0.005762492453828481,0.11356456715212471,252,0,False,20220610,0.38251848270403377,0.61719932597028326,0.49985890433715852,192
20220614,-0.0013882755969000706,0,3284.3406912267365,0.63431253261349851,0.0050168648753965428,False,0.52779023710639372,300,platt,300,0,-0.012224548833443927,0.11356456715212471,252,0,True,20220610,0.52419603473304877,0.74442903049394826,0.63431253261349851,192
20220615,0.00084917325151949972,1,3308.2134628701156,0.66666666666666663,-0.0060573788410780427,False,0.52028469825049628,300,platt,300,0,0.0090536619805643426,0.093793346089398419,252,0,False,20220610,0.38171375349101566,0.37567812426096686,0.37869593887599129,192
20220616,0.0005181107322820538,1,3287.0866929691233,0.65833333333333333,0.0095578462733965086,True,0.52136175880574509,300,platt,300,0,0.0055239604287943885,0.093793346089398419,252,0,False,20220610,0.30138786142956703,0.47052106637213159,0.38595446390084931,192
20220617,0.00073695208084752965,1,3319.2300121233402,0.65833333333333333,-0.000408678800080442,False,0.52132149894084134,300,platt,300,0,0.0078571893590949331,0.093793346089398419,252,0,False,20220610,0.42033075602553643,0.61017631467446665,0.51525353535000151,192
20220620,0.00049846135112709795,1,3317.0828138170596,0.65833333333333333,-0.0026275926424268459,False,0.5213568339850766,300,platt,300,0,0.0053144638922679368,0.093793346089398419,252,0,False,20220617,0.32587228807422514,0.39278570583844163,0.35932899695633336,197
20220621,0.00059543905328752317,1,3308.6875493926727,0.65000000000000002,-0.011950517954566919,False,0.52246078640557281,300,platt,300,0,0.0064221156134004346,0.092716962622889504,252,0,False,20220617,0.27484666571943889,0.36560677106345751,0.32022671839144823,197
20220622,0.00035902992645279644,1,3268.3746231501545,0.64166666666666672,0.016205642161781553,True,0.52006834533646285,300,platt,300,0,0.0058484689608120644,0.061388703412550025,252,0,False,20220617,0.31059431064448362,0.46092961584382824,0.3857619632441559,197
20220623,0.00046077690538196925,1,3321.678547843394,0.65000000000000002,0.0089147513182163962,True,0.52229723460351596,300,platt,300,0,0.0075058908197720648,0.061388703412550025,252,0,False,0,0,0,0,0
20220624,0.00026642852100457372,1,3350.6394681389493,0.65000000000000002,0.0087881860928602507,True,0.52567166127999965,300,platt,300,0,0.0043400252195277067,0.061388703412550025,252,0,False,0,0,0,0,0
20220627,0.00034663037992538397,1,3380.3565282497138,0.65833333333333333,0.008885307617942928,True,0.52479165382188353,300,platt,300,0,0.0037385864476087742,0.092716962622889504,252,0,False,20220622,0.29011935298490937,0.30506361289799727,0.29759148294145332,200
20220628,0.00062538241175947033,1,3411.3423601596096,0.65833333333333333,-0.013989339408014945,False,0.52820501666418795,300,platt,300,0,0.00674507009362577,0.092716962622889504,252,0,False,20220622,0.39459332611440895,0.52630125734580935,0.46044729173010912,200
20220629,0.00066981171497622121,1,3363.7692839355595,0.65000000000000002,0.011036205461598669,True,0.52929334939908712,300,platt,300,0,0.007224262918324521,0.092716962622889504,252,0,False,20220622,0.29580761619551543,0.4601925479765801,0.37800008208604774,200
20220630,-0.00069286978895801083,0,3396.2613015800439,0.55411819828163034,-0.0032303736806285066,True,0.54107314332896528,300,platt,300,0,-0.0073871955511386408,0.093793346089398419,252,0,True,20220622,0.52782858157563628,0.58040781498762439,0.55411819828163034,200
20220701,-0.0003069677874419709,0,3386.597404473363,0.55578187158940362,0.0052512705536689186,False,0.54471531815306162,300,platt,300,0,-0.0032728098552895946,0.093793346089398419,252,0,True,20220622,0.47520239748647625,0.63636134569233105,0.55578187158940362,200
20220704,-0.00049329151476935939,0,3403.7468319047207,0.6401965991746712,-0.00041154901381368347,True,0.53062403998379626,300,platt,300,0,-0.0052593444560468322,0.093793346089398419,252,0,True,20220701,0.56734343301286594,0.71304976533647657,0.6401965991746712,205
20220705,-0.00062583401804441408,0,3401.8948452315599,0.66583694239390456,-0.01429939472833508,True,0.52764192924912778,300,platt,300,0,-0.0066724777837428376,0.093793346089398419,252,0,True,20220701,0.56051147726434913,0.77116240752345988,0.66583694239390456,205
20220706,-0.00069660764454474236,0,3353.0123377488594,0.59222656353845715,0.0026966786800195486,False,0.5362860812368474,300,platt,300,0,-0.0074270475848124242,0.093793346089398419,252,0,True,20220701,0.512551593836159,0.6719015332407553,0.59222656353845715,205
20220707,0.00052060366433496683,1,3366.1495179270814,0.65000000000000002,-0.0024730130026233699,False,0.52602541084321985,300,platt,300,0,0.005550539415010926,0.093793346089398419,252,0,False,20220701,0.54746990505143356,0.51669013412853371,0.53208001958998363,205
20220708,-0.00038105602080002317,0,3354.7989463480362,0.64166666666666672,-0.012661744611522474,True,0.52722061201391357,300,platt,300,0,-0.0041098846426829557,0.092716962622889504,252,0,False,0,0,0,0,0
20220711,-0.00053521780963752407,0,3311.8105108294699,0.64166666666666672,-0.0096926771737188,True,0.52697448452236362,300,platt,300,0,-0.0057063515905209873,0.093793346089398419,252,0,False,0,0,0,0,0
20220712,-0.00062639891253661345,0,3279.4109929528749,0.65000000000000002,0.00086098700078141022,False,0.52976916547317077,300,platt,300,0,-0.0055157953598108178,0.11356456715212471,252,0,False,0,0,0,0,0
20220713,-0.00037361594575922798,0,3283.0647362129935,0.64166666666666672,-0.00077575323849110589,True,0.53070448897392941,300,platt,300,0,-0.0039833949990772137,0.093793346089398419,252,0,False,0,0,0,0,0
20220714,-0.00055979825997287994,0,3279.9068854191237,0.65000000000000002,-0.016358101058461694,True,0.52999564657932008,300,platt,300,0,-0.004929339088863921,0.11356456715212471,252,0,False,0,0,0,0,0
20220715,0.0009477145838913592,1,3231.1201803926197,0.65000000000000002,0.01550230976125655,True,0.53008308614881194,300,platt,300,0,0.0080841392380889155,0.11723135339210192,252,0,False,20220707,0.35104437649727632,0.51655526897237769,0.43379982273482698,209
20220718,0.00080182260175160037,1,3280.731757316817,0.65000000000000002,0.00040511230991402414,True,0.53022577761526835,300,platt,300,0,0.0068396600273798475,0.11723135339210192,252,0,False,20220707,0.52298347534170853,0.53210091285806604,0.52754219409988723,209
20220719,0.00041412753385602989,1,3280.7894027967195,0.65833333333333333,0.0077126177334465584,True,0.53293517882017105,300,platt,300,0,0.0036466262694532874,0.11356456715212471,252,0,False,20220707,0.45555318985619242,0.577067500211912,0.51631034503405226,209
20220720,0.00030387443784634353,1,3305.7285212388992,0.66666666666666663,-0.0099019152671827593,False,0.5323695354959056,300,platt,300,0,0.0026757856386604318,0.11356456715212471,252,0,False,20220707,0.50371730738729337,0.55657106532007805,0.53014418635368576,209
20220721,0.00035168573883645493,1,3273.1519161594956,0.65833333333333333,-0.00061959023731417151,False,0.53288496932936646,300,platt,300,0,0.0037495808977882966,0.093793346089398419,252,0,False,20220707,0.35476806605947359,0.34033043679683944,0.34754925142815651,209
20220722,0.00057885223467436624,1,3271.8667316993419,0.65000000000000002,-0.0059896196724995576,False,0.53347409595564144,300,platt,300,0,0.0061715703598274191,0.093793346089398419,252,0,False,20220721,0.51935705472592042,0.50647704249385406,0.51291704860988729,214
20220725,0.00037308823647931735,1,3251.6006815267938,0.6333333333333333,0.0083213450209635997,True,0.53186083789883487,300,platt,300,0,0.0039777687014568297,0.093793346089398419,252,0,False,20220721,0.50010063522999648,0.45787017161267474,0.47898540342133561,214
20220726,-0.00044773729671832778,0,3275.9681698442873,0.61994174575590644,-0.00051268741939580753,True,0.53322135101210721,300,platt,300,0,-0.0047736573582903242,0.093793346089398419,252,0,True,20220721,0.6173607521516874,0.62252273936012559,0.61994174575590644,214
20220727,0.00020760878667686931,1,3276.4353755832831,0.6333333333333333,0.0020821152300356527,True,0.53527496747215086,300,platt,300,0,0.0022134703082134265,0.093793346089398419,252,0,False,20220721,0.47019321753983401,0.50167261783148254,0.48593291768565827,214
20220728,-0.00035157983759531855,0,3281.4217125333416,0.64166666666666672,-0.0089373716823234473,True,0.53466344988926784,300,platt,300,0,-0.0037484518065941789,0.093793346089398419,252,0,False,0,0,0,0,0
20220729,-0.00068835049814268271,0,3250.9988318644532,0.65000000000000002,0.0020657263891714628,False,0.5371120479229643,300,platt,300,0,-0.006409264780505161,0.10739929176220253,252,0,False,0,0,0,0,0
20220801,-0.00047970382656962714,0,3258.394685433092,0.65000000000000002,-0.022605226416225865,True,0.53370953261397869,300,platt,300,0,-0.0051144760963363119,0.093793346089398419,252,0,False,0,0,0,0,0
20220802,-0.0011036251032596025,0,3182.7499564152877,0.65000000000000002,-0.0070905245085595148,True,0.5371157011584976,300,platt,300,0,-0.010275906713641902,0.10739929176220253,252,0,False,0,0,0,0,0
20220803,-0.00092602630084474813,0,3160.7444545760991,0.65000000000000002,0.0080175767788470687,False,0.54052208129006918,300,platt,300,0,-0.0078991351208535666,0.11723135339210192,252,0,False,0,0,0,0,0
20220804,-0.00054043574151146152,0,3187.3156292892827,0.64166666666666672,0.011911926699174069,False,0.54106518318729357,300,platt,300,0,-0.0047588412042950355,0.11356456715212471,252,0,False,0,0,0,0,0
20220805,-0.00067417000497332338,0,3224.8511353936119,0.64166666666666672,0.0030700086863242326,False,0.53776158521173378,300,platt,300,0,-0.0059364467446104303,0.11356456715212471,252,0,False,0,0,0,0,0
20220808,-0.00034077517395334384,0,3235.8306333553069,0.64166666666666672,0.0032432236718347163,False,0.53760142351153295,300,platt,300,0,-0.0031729741263831521,0.10739929176220253,252,0,False,0,0,0,0,0
20220809,0.00031941283673630035,1,3248.4690714033454,0.59999999999999998,-0.0053617138318347024,False,0.54230476705717945,300,platt,300,0,0.0028126099957606746,0.11356456715212471,252,0,False,20220727,0.47231197718660228,0.44087814651594603,0.45659506185127419,218
20220810,0.00044190896414955324,1,3231.4473747923826,0.59999999999999998,0.015989188921430753,True,0.53892066600986099,300,platt,300,0,0.0047115172085699028,0.093793346089398419,252,0,False,20220727,0.36878927417890378,0.30388882558969699,0.33633904988430041,218
20220811,0.00065273753639252222,1,3283.8074661884602,0.59999999999999998,-0.0014558766411711943,False,0.53896231826315277,300,platt,300,0,0.0057477217829585148,0.11356456715212471,252,0,False,20220727,0.60963574715247615,0.41600162381566996,0.51281868548407306,218
20220812,-0.00022944113559753422,0,3276.1358471648869,0.65833333333333333,-0.00024434770834536046,True,0.53239800535569803,300,platt,300,0,-0.0020203584740492849,0.11356456715212471,252,0,False,0,0,0,0,0
20220815,-0.00037400422179068401,0,3274.8617296310463,0.65833333333333333,0.0005487339011449599,False,0.53592275373723297,300,platt,300,0,-0.0032933178998488938,0.11356456715212471,252,0,False,0,0,0,0,0
20220816,-0.00036078059180070767,0,3276.7021028180798,0.65833333333333333,0.0044666915831419463,False,0.53577342524915728,300,platt,300,0,-0.003077509397968053,0.11723135339210192,252,0,False,0,0,0,0,0
20220817,-0.00049873388547483528,0,3290.883905714993,0.65833333333333333,-0.0045503664967262436,True,0.53237980118972839,300,platt,300,0,-0.0042542704749532973,0.11723135339210192,252,0,False,0,0,0,0,0
20220818,-0.00036491065336833836,0,3276.3477893504987,0.66666666666666663,-0.0059390205555758246,True,0.53486141607360504,300,platt,300,0,-0.002426154097639556,0.15040703874637054,252,0,False,0,0,0,0,0
20220819,-0.00045143184847761658,0,3256.6075996454028,0.6333333333333333,0.0060513890641797907,False,0.53868869990945123,300,platt,300,0,-0.0037326077936380331,0.12094274926153516,252,0,False,0,0,0,0,0
20220822,-0.00048975110200141076,0,3276.1889966294411,0.66666666666666663,-0.00047925521134750682,True,0.53195792989415747,300,platt,300,0,-0.0040494457500907174,0.12094274926153516,252,0,False,0,0,0,0,0
20220823,-0.00033973776399799009,0,3275.1103431877259,0.67500000000000004,-0.018625134049161551,True,0.53491956950976893,300,platt,300,0,-0.0028705992381362574,0.11835081661157464,252,0,False,0,0,0,0,0
20220824,-0.0010862471316675582,0,3211.7107946376468,0.68333333333333335,0.0096556258199909095,False,0.53463854942361688,300,platt,300,0,-0.0092658414343678528,0.11723135339210192,252,0,False,0,0,0,0,0
20220825,-0.00074045470163329246,0,3243.8444003316868,0.67500000000000004,-0.0030883344991405881,True,0.53490674007473549,300,platt,300,0,-0.0065201208458041402,0.11356456715212471,252,0,False,0,0,0,0,0
20220826,-0.00051116749802577793,0,3234.5683481905035,0.67500000000000004,0.0013920241456815141,False,0.53553519211609391,300,platt,300,0,-0.0045011178296576141,0.11356456715212471,252,0,False,0,0,0,0,0
20220829,-0.00062620248625335786,0,3238.6981483822306,0.66666666666666663,-0.0041679530290652522,True,0.53289290860982286,300,platt,300,0,-0.0055140657157133543,0.11356456715212471,252,0,False,0,0,0,0,0
20220830,-0.00048796289668399674,0,3225.6455362341749,0.66666666666666663,-0.0077721685129459317,True,0.53622828706823988,300,platt,300,0,-0.0041230209529139342,0.11835081661157464,252,0,False,0,0,0,0,0
20220831,-0.00077019329026692656,0,3199.67153495193,0.66666666666666663,-0.0053583265529671964,True,0.53671964949850282,300,platt,300,0,-0.006368246918229104,0.12094274926153516,252,0,False,0,0,0,0,0
20220901,-0.00069616231126764432,0,3182.762437170707,0.65833333333333333,0.00047045825755187565,False,0.53770249284378524,300,platt,300,0,-0.0044222701480786317,0.15742193216534042,252,0,False,0,0,0,0,0
20220902,-0.00051743127262064725,0,3184.8293165815389,0.65000000000000002,0.0042158457012462236,False,0.5380296625348292,300,platt,300,0,-0.0032869071386901071,0.15742193216534042,252,0,False,0,0,0,0,0
20220905,-0.00058648441565230421,0,3198.0351015978376,0.64166666666666672,0.013604999987812283,False,0.5384919564085987,300,platt,300,0,-0.003725557218014063,0.15742193216534042,252,0,False,0,0,0,0,0
20220906,-0.00084826339481974648,0,3240.695302976168,0.64166666666666672,0.00087798578216147227,False,0.53832849806350358,300,platt,300,0,-0.0053884702287151105,0.15742193216534042,252,0,False,0,0,0,0,0
20220907,-0.00051414087308929526,0,3244.625247414293,0.64166666666666672,-0.0032985610700791979,True,0.53512711733192886,300,platt,300,0,-0.0034183298692309501,0.15040703874637054,252,0,False,0,0,0,0,0
20220908,-0.00039590257479534262,0,3234.3052230924477,0.64166666666666672,0.008180279666169854,False,0.53837319320266874,300,platt,300,0,-0.0026322077616523524,0.15040703874637054,252,0,False,0,0,0,0,0
20220909,-0.00058642621347073146,0,3260.1412459073576,0.6333333333333333,0.00053432588581747709,False,0.53591194031348577,300,platt,300,0,-0.0038989279913928393,0.15040703874637054,252,0,False,0,0,0,0,0
20220913,-0.00036522136504265918,0,3262.6051915313933,0.625,-0.0080444030039611425,True,0.53672979675284205,300,platt,300,0,-0.0024282199030493997,0.15040703874637054,252,0,False,0,0,0,0,0
20220914,-0.00046163265853797232,0,3236.0473449255751,0.625,-0.01162091523819353,True,0.5366966289601437,300,platt,300,0,-0.0038169519161475748,0.12094274926153516,252,0,False,0,0,0,0,0
20220915,-0.0016078161195229447,0,3194.7738191329772,0.625,-0.022975896231363646,True,0.53672422517857488,300,platt,300,0,-0.010689766469202179,0.15040703874637054,252,0,False,0,0,0,0,0
20220916,-0.0014123305342562532,0,3121.9821930660614,0.625,-0.0034531115475168184,True,0.54007632261749006,300,platt,300,0,-0.0089716249497743487,0.15742193216534042,252,0,False,0,0,0,0,0
20220919,-0.00077320448548468738,0,3113.1929026359353,0.6333333333333333,0.002183815589533511,False,0.54260692460814153,300,platt,300,0,-0.0047227262563822167,0.16371994553776884,252,0,False,0,0,0,0,0
20220920,0.00058385638262491873,1,3124.2288365554746,0.6333333333333333,-0.001674478057912876,False,0.5425909650537285,300,platt,300,0,0.0035661896948910718,0.16371994553776884,252,0,False,20220811,0.42107317854749171,0.36787956366062224,0.39447637110405698,221
20220921,0.00083379612973504002,1,3119.7764904518176,0.64166666666666672,-0.0026523354108752839,False,0.54174368701241393,300,platt,300,0,0.005296569024824972,0.15742193216534042,252,0,False,20220811,0.41965703489565409,0.41457822811105982,0.41711763150335696,221
20220922,-0.00068094907055875993,0,3106.7925908974289,0.59999999999999998,-0.0066068501959658521,True,0.5464535199126106,300,platt,300,0,-0.0045273750233659985,0.15040703874637054,252,0,False,0,0,0,0,0
20220923,-0.0011449651718754459,0,3084.8334244846174,0.66666666666666674,-0.012026896393064312,True,0.53866483735766013,300,platt,300,0,-0.0072732252496614498,0.15742193216534042,252,0,False,0,0,0,0,0
20220926,-0.00119680710519956,0,3047.5742710436307,0.66666666666666674,0.013973333997547188,False,0.53866483735766024,300,platt,300,0,-0.0076025436147140676,0.15742193216534042,252,0,False,0,0,0,0,0
20220927,-0.00099590975805009634,0,3090.7805928433218,0.59999999999999998,-0.015771551269678552,True,0.54339162035203836,300,platt,300,0,-0.0063263723443826823,0.15742193216534042,252,0,False,0,0,0,0,0
20220928,-0.00098012298680026622,0,3042.0822600329775,0.59999999999999998,-0.0012683465597536081,True,0.54348763948470791,300,platt,300,0,-0.0062260891688893901,0.15742193216534042,252,0,False,0,0,0,0,0
20220929,-0.0011232687223552318,0,3037.788509994537,0.59999999999999998,-0.0055287631749603161,True,0.54364119830912983,300,platt,300,0,-0.0071354016997800633,0.15742193216534042,252,0,False,0,0,0,0,0
20220930,-0.00082915061617274484,0,3021.8828247533779,0.66666666666666674,-0.016613297786777226,True,0.53802877955783923,300,platt,300,0,-0.0046219542267604838,0.17939394799110644,252,0,False,0,0,0,0,0
20221010,-0.0015796799381777523,0,2969.4472021783963,0.66666666666666674,0.0018987639272782797,False,0.53802877955783923,300,platt,300,0,-0.0088056478820348269,0.17939394799110644,252,0,False,0,0,0,0,0
20221011,-0.00078528770002862628,0,2977.4526055225838,0.59999999999999998,0.01534096701897969,False,0.54644066149208026,300,platt,300,0,-0.0047965304254726062,0.16371994553776884,252,0,False,0,0,0,0,0
20221012,-0.0020365000724919284,0,3019.3440578299255,0.59999999999999998,-0.0030240896934413675,True,0.54311102836809189,300,platt,300,0,-0.012936571445159179,0.15742193216534042,252,0,False,0,0,0,0,0
20221013,-0.00070877979418563347,0,3014.2181677442513,0.66666666666666674,0.018443014735561203,False,0.53861712582973298,300,platt,300,0,-0.0045024208789484384,0.15742193216534042,252,0,False,0,0,0,0,0
20221014,0.0010321899272032291,1,3075.1576738314616,0.64166666666666672,0.0042173032774750485,True,0.54131771115565352,300,platt,300,0,0.0068626437685791932,0.15040703874637054,252,0,False,20220921,0.56991161634332455,0.52293502904976352,0.54642332269654403,223
20221017,0.00075254769882156941,1,3087.2638662288623,0.59166666666666667,-0.0012917259424918281,False,0.55011929749577981,300,platt,300,0,0.004780450147385866,0.15742193216534042,252,0,False,20220921,0.42318085791043247,0.45872289699001351,0.44095187745022302,223
20221018,0.00043180283642231374,1,3082.2877661442162,0.59166666666666667,-0.011872835372537027,False,0.55004871398892308,300,platt,300,0,0.0035703077618035022,0.12094274926153516,252,0,False,20220921,0.43634904239221939,0.47357696834413648,0.45496300536817791,223
20221019,-0.0006163882638947196,0,3042.5011813148571,0.66666666666666674,-0.0030637788471515881,True,0.54270099141077743,300,platt,300,0,-0.0052081454234295266,0.11835081661157464,252,0,False,0,0,0,0,0
20221020,-0.001199851356209509,0,3031.4087906613959,0.66666666666666674,0.0012779688930371069,False,0.54611692969715331,300,platt,300,0,-0.0079773617392521305,0.15040703874637054,252,0,False,0,0,0,0,0
20221021,-0.00048421811501251824,0,3037.4575954795409,0.59999999999999998,-0.020195831485505744,True,0.54916575279935498,300,platt,300,0,-0.0040036969389988875,0.12094274926153516,252,0,False,0,0,0,0,0
20221024,-0.0021457494324025263,0,2971.166312190503,0.59999999999999998,-0.00042733042011589006,True,0.55241396512892404,300,platt,300,0,-0.014266283348752554,0.15040703874637054,252,0,False,0,0,0,0,0
20221025,-0.00095478221019978775,0,2973.44129793908,0.66666666666666674,0.0078018790551839245,False,0.5458056902695233,300,platt,300,0,-0.0080673901332963902,0.11835081661157464,252,0,False,0,0,0,0,0
20221026,-0.00083727589868231407,0,2996.992187927709,0.59999999999999998,-0.0055344824390275438,True,0.55262474137638451,300,platt,300,0,-0.0070745257418057313,0.11835081661157464,252,0,False,0,0,0,0,0
20221027,-0.00058950907303741043,0,2981.1444516764604,0.59999999999999998,-0.022453697705010822,True,0.55616186008348822,300,platt,300,0,-0.0049810308869449472,0.11835081661157464,252,0,False,0,0,0,0,0
20221028,0.0011298312483510172,1,2919.2202039737294,0.59999999999999998,-0.0076966295814738794,False,0.5595892393292875,300,platt,300,0,0.0093418684067433453,0.12094274926153516,252,0,False,20221018,0.26846917055082853,0.29935765508064777,0.28391341281573812,226
20221031,-0.00069845861967415097,0,2891.4619219276155,0.60833333333333328,0.026167979081542336,False,0.55859980033579071,300,platt,300,0,-0.0059015952713404613,0.11835081661157464,252,0,False,0,0,0,0,0
20221101,0.0012042796065769659,1,2972.7752464057089,0.59999999999999998,0.011508286997892858,True,0.55963777442507834,300,platt,300,0,0.010175507369158178,0.11835081661157464,252,0,False,20221018,0.40556326081292082,0.37233999327698636,0.38895162704495356,226
20221102,-0.0011009766981733011,0,3000.0632597241051,0.66666666666666674,-0.0018526522490620589,True,0.55474742356589568,300,platt,300,0,-0.0091032881664734715,0.12094274926153516,252,0,False,0,0,0,0,0
20221103,-0.00056906464684924201,0,2996.0997547580068,0.66666666666666674,0.024348042303075301,False,0.55498887402848818,300,platt,300,0,-0.0036149006623267259,0.15742193216534042,252,0,False,0,0,0,0,0
20221104,0.0018078442450005178,1,3076.3479215993084,0.66666666666666674,0.0022862473070504041,True,0.55462939056688998,300,platt,300,0,0.011484068453064959,0.15742193216534042,252,0,False,20221101,0.40557997271573026,0.38236062140685328,0.39397029706129177,228
20221107,-0.00071905518729829202,0,3075.6038797205952,0.73333333333333339,-0.0043291072861056934,True,0.54674117136763212,300,platt,300,0,-0.0045676938239016633,0.15742193216534042,252,0,False,0,0,0,0,0
20221108,-0.00065952551217642985,0,3062.471688816519,0.73333333333333339,-0.0053272110804110095,True,0.54815559980620365,300,platt,300,0,-0.0041895401936988645,0.15742193216534042,252,0,False,0,0,0,0,0
20221109,0.00062092000112138235,1,3050.0602682296103,0.73333333333333339,-0.0039485361631690363,False,0.54961807719553712,300,platt,300,0,0.0037925739535391014,0.16371994553776884,252,0,False,20221101,0.47354494482203924,0.54885769074579283,0.51120131778391609,228
20221110,-0.00056523071220846344,0,3034.4156850603272,0.66666666666666674,0.016850651872227784,False,0.55236829643104235,300,platt,300,0,-0.0034524242623698489,0.16371994553776884,252,0,False,0,0,0,0,0
20221111,-0.0010098421498014915,0,3084.1749218037498,0.67073178139005596,-0.001260424748856126,True,0.54857111005075188,300,platt,300,0,-0.0064148758429724596,0.15742193216534042,252,0,True,20221109,0.68469093331019704,0.65677262946991499,0.67073178139005596,230
20221114,0.0011209517936978028,1,3086.8576442179251,0.59999999999999998,0.016435259335202401,True,0.55611162329371211,300,platt,300,0,0.0062485485505529683,0.17939394799110644,252,0,False,20221109,0.37592587975352132,0.38644204567102647,0.38118396271227389,230
20221115,-0.0014578168552032524,0,3129.5088885576415,0.60833333333333328,-0.0044981014829944543,True,0.55880127003228175,300,platt,300,0,-0.0081263435669274887,0.17939394799110644,252,0,False,0,0,0,0,0
20221116,-0.00072824665103055216,0,3117.7082847224187,0.60833333333333328,-0.0014569642809294514,True,0.56215665760145039,300,platt,300,0,-0.0040594828264031262,0.17939394799110644,252,0,False,0,0,0,0,0
20221117,-0.00067791762184633158,0,3113.3226919171584,0.60833333333333328,-0.0058391530401840086,True,0.56557414503763037,300,platt,300,0,-0.0037789325082468205,0.17939394799110644,252,0,False,0,0,0,0,0
20221118,-0.00071970589058968984,0,3095.014095824371,0.6166666666666667,-0.0039385993324643209,True,0.56801143696549961,300,platt,300,0,-0.0040118738600109834,0.17939394799110644,252,0,False,0,0,0,0,0
20221121,-0.00070468517883348451,0,3082.870414935277,0.60833333333333328,0.0012635798693851896,False,0.5724765403855272,300,platt,300,0,-0.0039281435451123453,0.17939394799110644,252,0,False,0,0,0,0,0
20221122,-0.0010123994922907969,0,3085.8153560800442,0.59999999999999998,0.0025784551645602338,False,0.57006315568293342,300,platt,300,0,-0.0056434428453572315,0.17939394799110644,252,0,False,0,0,0,0,0
20221123,-0.00079308125653577695,0,3094.4512008671409,0.63044462731156425,-0.0024533185090815923,True,0.56303541267485191,300,platt,300,0,-0.0044208919276089199,0.17939394799110644,252,0,True,20221114,0.54255321316836358,0.71833604145476504,0.63044462731156425,232
20221124,-0.00068446678854504892,0,3087.1950701792666,0.59166666666666667,0.0040085331687054193,False,0.57104105630804713,300,platt,300,0,-0.0038154396857299879,0.17939394799110644,252,0,False,0,0,0,0,0
20221125,0.00073209338332654624,1,3103.9639290688292,0.59166666666666667,-0.0074619565855192915,False,0.56738823615932699,300,platt,300,0,0.0044716200028154683,0.16371994553776884,252,0,False,0,0,0,0,0
20221128,-0.0010050061551687567,0,3075.4545398085143,0.59166666666666667,0.023127555079934581,False,0.56379564521966474,300,platt,300,0,-0.0061385688339171242,0.16371994553776884,252,0,False,0,0,0,0,0
20221129,-0.0012093628967989065,0,3145.938611876406,0.59166666666666667,0.00050400860665744673,False,0.56367937898464038,300,platt,300,0,-0.0073867780301693081,0.16371994553776884,252,0,False,0,0,0,0,0
20221130,-0.00043987993192616006,0,3149.9490908427597,0.59166666666666667,0.0044856540654369947,False,0.563564318249834,300,platt,300,0,-0.0027942734908383269,0.15742193216534042,252,0,False,0,0,0,0,0
20221201,-0.00069840147816581605,0,3163.260330304669,0.59166666666666667,-0.0029464492662719666,True,0.56004573634258115,300,platt,300,0,-0.0044364941311499356,0.15742193216534042,252,0,False,0,0,0,0,0
20221202,-0.00043470994981688039,0,3154.7721927132034,0.59166666666666667,0.017638674430654921,False,0.56352309493401542,300,platt,300,0,-0.0027614319290675715,0.15742193216534042,252,0,False,0,0,0,0,0
20221205,0.00055629761518737172,1,3213.6011246911448,0.59999999999999998,0.0002238610051688017,True,0.55918765722684016,300,platt,300,0,0.0047004121400626327,0.11835081661157464,252,0,False,20221123,0.5696938699440095,0.52336040992745547,0.54652713993573254,233
20221206,-0.00045422903544435693,0,3211.0741740523849,0.59593680178863317,-0.0040198803847455444,True,0.5597342723550407,300,platt,300,0,-0.0038379881816542837,0.11835081661157464,252,0,True,20221123,0.65300422481896392,0.53886937875830243,0.59593680178863317,233
20221207,0.00058346985876316158,1,3201.4862814794142,0.66666666666666674,-0.00070930311273897928,False,0.55612603539249139,300,platt,300,0,0.0048243475721014501,0.12094274926153516,252,0,False,20221123,0.46179604333518554,0.47128646756305803,0.46654125544912178,233
20221208,-0.00030920477818657637,0,3196.3612641333862,0.64166666666666672,0.0030025803556876784,False,0.55520238144596723,300,platt,300,0,-0.0025566210465245011,0.12094274926153516,252,0,False,0,0,0,0,0
20221209,-0.00046144816706412929,0,3205.4703587083441,0.77969362259004416,-0.0087025049531482823,True,0.54066940092917526,300,platt,300,0,-0.0038154264714642889,0.12094274926153516,252,0,True,20221123,0.79705323610285617,0.76233400907723203,0.77969362259004416,233
20221212,0.0004192399465534493,1,3180.3744812723994,0.58823529411764708,-0.00085440842125483751,False,0.5601213062874939,300,platt,300,0,0.0026631609762807454,0.15742193216534042,252,0,False,20221209,0.39753772841049029,0.42237883934274606,0.40995828387661815,237
20221213,-0.00032663092156727562,0,3175.2880138747373,0.55555555555555558,6.2902873146919447e-05,False,0.55916900059891284,300,platt,300,0,-0.0020748755721293958,0.15742193216534042,252,0,False,0,0,0,0,0
20221214,-0.00033828733758194053,0,3175.450721713501,0.71976373118085057,-0.0024799109895330407,True,0.54686183410813016,300,platt,300,0,-0.0027970865525010023,0.12094274926153516,252,0,True,20221209,0.71420541193523746,0.72532205042646369,0.71976373118085057,237
20221215,0.00042913423250209273,1,3170.0075752417224,0.66666666666666674,-0.00024938082421166463,False,0.55438629907183279,300,platt,300,0,0.0027260129932300194,0.15742193216534042,252,0,False,20221209,0.4886142445442927,0.46608501394392748,0.47734962924411006,237
20221216,-0.00037925980569860523,0,3166.6561589421431,0.59672334045755326,-0.019174662396441056,True,0.55536093328209402,300,platt,300,0,-0.0031358622820659302,0.12094274926153516,252,0,True,20221209,0.55824714613940873,0.63519953477569779,0.59672334045755326,237
20221219,0.0012095614319803604,1,3110.8732464687273,0.59999999999999998,-0.010733139906311751,False,0.55524007188904778,300,platt,300,0,0.010001107460892254,0.12094274926153516,252,0,False,20221216,0.40638344153758249,0.52180229903183906,0.4640928702847108,241
20221220,-0.00060711945709117539,0,3071.8997569155667,0.625,-0.0017422927360863927,True,0.55018898941112948,300,platt,300,0,-0.0053460288918982298,0.11356456715212471,252,0,False,0,0,0,0,0
20221221,-0.00040726399561986676,0,3067.160846879568,0.6333333333333333,-0.0045558441414536022,True,0.54965015197603673,300,platt,300,0,-0.0034411591510728674,0.11835081661157464,252,0,False,0,0,0,0,0
20221222,-0.00083724033498318458,0,3051.874006915205,0.6333333333333333,-0.0028040899135627351,True,0.54967019752385538,300,platt,300,0,-0.0070742252479000052,0.11835081661157464,252,0,False,0,0,0,0,0
20221223,-0.00065504806744176819,0,3043.8712111009941,0.64166666666666672,0.0064665344481296128,False,0.54917903132033263,300,platt,300,0,-0.004161097875191689,0.15742193216534042,252,0,False,0,0,0,0,0
20221226,-0.00052610013613090651,0,3063.9498070988225,0.64166666666666672,0.009787828178749125,False,0.54584004817771847,300,platt,300,0,-0.0033419748372694536,0.15742193216534042,252,0,False,0,0,0,0,0
20221227,-0.00038073380617783962,0,3094.3892126892242,0.6333333333333333,-0.0026386435470739933,True,0.54634208690887986,300,platt,300,0,-0.003216993486638977,0.11835081661157464,252,0,False,0,0,0,0,0
20221228,-0.00030884907517279283,0,3086.4461594579661,0.6333333333333333,-0.004436775711288754,True,0.54968000419820906,300,platt,300,0,-0.0026096066255835836,0.11835081661157464,252,0,False,0,0,0,0,0
20221229,-0.00046301437812667617,0,3072.2784319651287,0.6333333333333333,0.0050610963666739561,False,0.54968637969625556,300,platt,300,0,-0.0029412317061409949,0.15742193216534042,252,0,False,0,0,0,0,0
20221230,-0.00022710493412909932,0,3088.5563142881128,0.6333333333333333,0.0088221834764912188,False,0.54634466121278591,300,platt,300,0,-0.0019189131146805168,0.11835081661157464,252,0,False,0,0,0,0,0
20230103,-0.00071678527627131155,0,3114.2780301567559,0.64166666666666672,0.0022475447631051804,False,0.54581636769867536,300,platt,300,0,-0.0063116982193147124,0.11356456715212471,252,0,False,0,0,0,0,0
20230104,-0.00029988849665150204,0,3122.5796933625375,0.6333333333333333,0.0101487541413261,False,0.54299866030847188,300,platt,300,0,-0.0026406871806220005,0.11356456715212471,252,0,False,0,0,0,0,0
20230105,-0.00044167851255929273,0,3153.822608801981,0.625,0.0007670789722746818,False,0.5435462505218096,300,platt,300,0,-0.0038892281601148096,0.11356456715212471,252,0,False,0,0,0,0,0
20230106,-0.00027009995183297452,0,3156.7836225334436,0.55555555555555558,0.0058423444243820288,False,0.54810528602260777,300,platt,300,0,-0.0025149137149899892,0.10739929176220253,252,0,False,0,0,0,0,0
20230109,-0.00025843287390618511,0,3175.2636953548963,0.65230200749983924,-0.0020708831896631974,True,0.54194608577354375,300,platt,300,0,-0.002406280988131585,0.10739929176220253,252,0,True,20221219,0.65729822489942358,0.64730579010025491,0.65230200749983924,242
20230110,-0.00019654625295695649,0,3168.88424523612,0.65237287360618268,-0.0024198083538033988,True,0.54203740260575384,300,platt,300,0,-0.0017307004982784304,0.11356456715212471,252,0,True,20221219,0.65597325302380838,0.64877249418855709,0.65237287360618268,242
20230111,-0.00036087671505534023,0,3160.6965664333734,0.59999999999999998,0.00051024125970289269,False,0.54814701277469768,300,platt,300,0,-0.0031777228065504805,0.11356456715212471,252,0,False,0,0,0,0,0
20230112,-0.0002744580605672301,0,3162.5826654012862,0.59999999999999998,0.010069699517068598,False,0.54465855130619967,300,platt,300,0,-0.0024167578625081316,0.11356456715212471,252,0,False,0,0,0,0,0
20230113,-0.00039356189158013471,0,3194.0483493658185,0.59090909090909083,0.010104103021873589,False,0.54154716297562244,300,platt,300,0,-0.0036644738072531919,0.10739929176220253,252,0,False,0,0,0,0,0
20230116,-0.0006630494582029687,0,3225.4515471383197,0.55751546091504467,-0.0010369341647810115,True,0.53913769750427976,300,platt,300,0,-0.0070692590236730449,0.093793346089398419,252,0,True,20230110,0.47593326695065002,0.63909765487943926,0.55751546091504467,244
20230117,-0.00027371339057638989,0,3223.3622810237439,0.82058016124711775,4.9996203762114888e-05,False,0.53137378462332174,300,platt,300,0,-0.0025485586178950852,0.10739929176220253,252,0,True,20230110,0.74806310683419275,0.89309721566004263,0.82058016124711775,244
20230118,-0.00017684314021794336,0,3223.8357859176226,0.64443981734342004,0.0049228912239960287,False,0.53889153204857532,300,platt,300,0,-0.0018854550732136867,0.093793346089398419,252,0,True,20230110,0.55314334770450491,0.73573628698233529,0.64443981734342004,244
20230119,-0.00036414273733718883,0,3239.0994757895464,0.86891839898256518,0.0075716927373608023,False,0.51947416418784709,300,platt,300,0,-0.0038823941411591065,0.093793346089398419,252,0,True,20230110,0.79745862652507471,0.94037817144005564,0.86891839898256518,244
20230120,-0.00023749485084409018,0,3264.038423533535,0.82229252098866457,0.0013796192603694468,False,0.51775909947375298,300,platt,300,0,-0.0025615037866378362,0.092716962622889504,252,0,True,20230110,0.72566439975828101,0.91892064221904812,0.82229252098866457,244
20230130,-0.00051150318407127825,0,3267.645733433259,0.80000000000000004,-0.0041748156649186186,True,0.51701114000814985,300,platt,300,0,-0.0055168242099531513,0.092716962622889504,252,0,False,0,0,0,0,0
20230131,-0.00030240132022011734,0,3254.6846813357201,0.80000000000000004,0.0089849730433302355,False,0.52062489478373597,300,platt,300,0,-0.0032615533518940147,0.092716962622889504,252,0,False,0,0,0,0,0
20230201,-0.00038817547576147345,0,3283.6461741115336,0.73333333333333339,0.00022807243509914699,False,0.52469420836355851,300,platt,300,0,-0.0049606449484621944,0.07825100965587313,252,0,False,0,0,0,0,0
20230202,0.00017709565425710888,1,3286.2523779668709,0.66666666666666674,-0.0067762729098976848,False,0.52889944997884653,300,platt,300,0,0.0029899710223619093,0.059229889832582143,252,0,False,20230120,0.48399892549137752,0.37676273185064085,0.43038082867100919,249
20230203,-0.00030169447778482936,0,3262.4213484611996,0.625,-0.0075712616686757217,True,0.53081916193316159,300,platt,300,0,-0.0050936187563001062,0.059229889832582143,252,0,False,0,0,0,0,0
20230206,0.00018595131993628093,1,3239.3000401307845,0.625,0.0029012277712356926,True,0.53081396418290494,300,platt,300,0,0.0031394844809248621,0.059229889832582143,252,0,False,20230120,0.43148099940257106,0.35273737103670866,0.39210918521963989,249
20230207,0.0001609569167729194,1,3248.6168031956286,0.6333333333333333,-0.0049221789763473911,False,0.53312105856016379,300,platt,300,0,0.0020569308623718031,0.07825100965587313,252,0,False,20230120,0.48729898030013757,0.33449851765141131,0.41089874897577444,249
20230208,-0.00020197124374973587,0,3231.4535074706573,0.6333333333333333,0.011842525105068447,False,0.52980471818780528,300,platt,300,0,-0.0034099547427932616,0.059229889832582143,252,0,False,0,0,0,0,0
20230209,0.00033420565686762102,1,3271.4755803650414,0.66666666666666663,-0.002968826950094372,False,0.52241624823510935,300,platt,300,0,0.005642516942244517,0.059229889832582143,252,0,False,20230207,0.55222643619849943,0.54581282533980457,0.54901963076915195,252
20230210,0.00013738324043168651,1,3261.1213618776815,0.66666666666666674,0.0072029599775309539,True,0.52241624823510935,300,platt,300,0,0.0028846375038801913,0.047625824820931292,252,0,False,20230207,0.44721105321983134,0.49422239149681468,0.47071672235832301,252
20230213,-0.00019470865872131001,0,3283.5204456308447,0.66666666666666674,0.0027777575629004403,False,0.52601473113820219,300,platt,300,0,-0.0040882999812265003,0.047625824820931292,252,0,False,0,0,0,0,0
20230214,-8.7010732896255547e-05,0,3292.9959490760402,0.63767129592731764,-0.0038838453731193656,True,0.52605956058905823,300,platt,300,0,-0.0018269653748445905,0.047625824820931292,252,0,True,20230207,0.66674652778478538,0.60859606406984978,0.63767129592731764,252
20230215,-0.00016181528555294316,0,3279.9610662664472,0.65000000000000002,-0.0095907568008322119,True,0.52796737985296394,300,platt,300,0,-0.0027319869412272511,0.059229889832582143,252,0,False,0,0,0,0,0
20230216,0.0005853696376150071,1,3250.9313832210155,0.65833333333333333,-0.0076962058977919634,False,0.52722620802005671,300,platt,300,0,0.0098830107445683178,0.059229889832582143,252,0,False,20230214,0.50784271775527379,0.4003824461886224,0.45411258197194809,255
20230217,-0.00015093323811153891,0,3223.5376875726506,0.65000000000000002,0.020568703529933119,False,0.52484185443959608,300,platt,300,0,-0.0050388557431974967,0.029953871633515251,252,0,False,0,0,0,0,0
20230220,-0.00024601799210562618,0,3289.5288175780856,0.5729299540727486,0.0049190382642416708,False,0.53374190398171018,300,platt,300,0,-0.0082132284973257929,0.029953871633515251,252,0,True,20230214,0.6530781902635503,0.49278171788194697,0.5729299540727486,255
20230221,-9.8668978226202527e-05,0,3306.1973486949073,0.65000000000000002,-0.0046501709529609414,True,0.52474871057983219,300,platt,300,0,-0.0032940308829995202,0.029953871633515251,252,0,False,0,0,0,0,0
20230222,7.647680793789911e-05,1,3291.3993964705483,0.65000000000000002,-0.0011153252101083755,False,0.52806097978422051,300,platt,300,0,0.0025531526900292099,0.029953871633515251,252,0,False,20230214,0.43520769960221828,0.46509874841634868,0.45015322400928348,255
20230223,-0.00012081271601788202,0,3287.0798309747834,0.64166666666666672,-0.0061802105383550465,True,0.52898504411110658,300,platt,300,0,-0.00403329217324632,0.029953871633515251,252,0,False,0,0,0,0,0
20230224,-0.00013062924251720461,0,3266.7329134032066,0.64166666666666672,-0.002793037634493345,True,0.53229451937632388,300,platt,300,0,-0.0043610136317418198,0.029953871633515251,252,0,False,0,0,0,0,0
20230227,-0.00015042820822817958,0,3257.544299722862,0.55454442152737649,0.0066208324872198965,False,0.54777887218302745,300,platt,300,0,-0.0031585428450588682,0.047625824820931292,252,0,True,20230222,0.62052271848472573,0.48856612457002724,0.55454442152737649,258
20230228,-0.00020602737136218407,0,3278.9296115409356,0.65000000000000002,0.0099836709008855884,False,0.53119488137452064,300,platt,300,0,-0.0043259591227412433,0.047625824820931292,252,0,False,0,0,0,0,0
20230301,0.00025735839765478818,1,3313.2002605222833,0.65000000000000002,-0.0005114801048368145,False,0.53114717472406836,300,platt,300,0,0.005403757281316009,0.047625824820931292,252,0,False,20230222,0.51404714121652395,0.4539691415843079,0.48400814140041593,258
20230302,-8.5153345160309733e-05,0,3310.3716867712928,0.64166666666666672,0.0053581866734713213,False,0.52897461318561156,300,platt,300,0,-0.001787965782860002,0.047625824820931292,252,0,False,0,0,0,0,0
20230303,-0.00010432049105169212,0,3328.0454804391229,0.77442786987138446,-0.0019128752445586317,True,0.50871254099324315,300,platt,300,0,-0.0034827047510936249,0.029953871633515251,252,0,True,20230222,0.76519794127834739,0.78365779846442163,0.77442786987138446,258
20230306,-0.00014453600891344226,0,3321.545747634907,0.6333333333333333,-0.011115837477365775,True,0.52683749782930678,300,platt,300,0,-0.0030348242672307373,0.047625824820931292,252,0,False,0,0,0,0,0
20230307,-0.00035103337935458783,0,3283.9456206667223,0.64166666666666672,-0.00056342293266808952,True,0.52925595927451086,300,platt,300,0,-0.007370651966122182,0.047625824820931292,252,0,False,0,0,0,0,0
20230308,-0.00014582644811267451,0,3282.7691156204696,0.64166666666666672,-0.0021790008607025513,True,0.5293906564256039,300,platt,300,0,-0.0024620415220231581,0.059229889832582143,252,0,False,0,0,0,0,0
20230309,0.0002175011027160949,1,3276.8062539923512,0.64166666666666672,-0.014046332069195699,False,0.53268615102411876,300,platt,300,0,0.0036721510597247193,0.059229889832582143,252,0,False,20230303,0.48146606629037392,0.46581625722025682,0.47364116175531534,261
20230310,-0.00032048873435718537,0,3229.0413968385892,0.6333333333333333,0.011956032250133086,False,0.53356874538664867,300,platt,300,0,-0.0041926069796689803,0.076441396942598466,252,0,False,0,0,0,0,0
20230313,-0.00030537937809312456,0,3267.6973078010337,0.67974385351780442,-0.0071536795030310296,True,0.52532571885934576,300,platt,300,0,-0.0051558322825908161,0.059229889832582143,252,0,True,20230303,0.70154271204639418,0.65794499498921455,0.67974385351780442,261
20230314,-0.00044038276505481899,0,3243.8831203958594,0.67500000000000004,0.0055472319258766944,False,0.52629540527655894,300,platt,300,0,-0.0057610507221043088,0.076441396942598466,252,0,False,0,0,0,0,0
20230315,-0.0001224402798860861,0,3262.9152388225316,0.59999999999999998,-0.011161534277967955,True,0.53401488050169788,300,platt,300,0,-0.0020672042482633851,0.059229889832582143,252,0,False,0,0,0,0,0
20230316,0.00024916121949335575,1,3227.6952161465642,0.59999999999999998,0.0073305229503863867,True,0.53384837204555413,300,platt,300,0,0.0042066804479567524,0.059229889832582143,252,0,False,20230313,0.52464284083235835,0.37812574708566654,0.45138429395901247,263
20230317,0.00038887577021563254,1,3251.8100585793713,0.66666666666666674,-0.0048101765057315671,False,0.52696174289650066,300,platt,300,0,0.0050872404975493574,0.076441396942598466,252,0,False,20230313,0.56521955654076272,0.49273890988446739,0.52897923321261509,263
20230320,0.00027674418517929767,1,3235.8055426151013,0.66666666666666674,0.0064113678824417875,True,0.52667933835798963,300,platt,300,0,0.0046723737957564413,0.059229889832582143,252,0,False,20230313,0.53716117375713812,0.39711503677359239,0.46713810526536526,263
20230321,-0.00011022085766526293,0,3255.2916594096318,0.73333333333333339,0.0031013771287795588,False,0.52011116750714526,300,platt,300,0,-0.0023143086356967714,0.047625824820931292,252,0,False,0,0,0,0,0
20230322,9.0221731866556239e-05,1,3266.042141395289,0.66666666666666674,0.0064002498662252272,True,0.52358954353643017,300,platt,300,0,0.0030120223846324943,0.029953871633515251,252,0,False,20230313,0.54822965749513275,0.45239202045860633,0.50031083897686957,263
20230323,0.00025269179168232434,1,3287.4796092497099,0.66666666666666674,-0.0063880868815597847,False,0.52681790883107049,300,platt,300,0,0.0042662883958855431,0.059229889832582143,252,0,False,0,0,0,0,0
20230324,-0.00013333561167914667,0,3265.2182720663782,0.625,-0.0043656190489517188,True,0.53164486869218608,300,platt,300,0,-0.00279964939568976,0.047625824820931292,252,0,False,0,0,0,0,0
20230327,-0.000123478704631816,0,3250.9956216978485,0.65000000000000002,-0.0018518500862290121,True,0.52867693778120095,300,platt,300,0,-0.0041222953126919407,0.029953871633515251,252,0,False,0,0,0,0,0
20230328,-8.6259339062711341e-05,0,3245.0960560112303,0.560003158556028,-0.0016390088544441239,True,0.54311972906358774,300,platt,300,0,-0.0028797392243010136,0.029953871633515251,252,0,True,20230322,0.59928848359410003,0.52071783351795597,0.560003158556028,267
20230329,-0.00019079264610563851,0,3239.4386209895952,0.66874080127919089,0.0065405334869439447,False,0.52966380659376922,300,platt,300,0,-0.003221222370072419,0.059229889832582143,252,0,True,20230322,0.71442975565438893,0.62305184690399285,0.66874080127919089,267
20230330,-0.00041883341739834648,0,3259.8825801457601,0.64166666666666672,0.0035605075786160345,False,0.52972157684215826,300,platt,300,0,-0.0054791439475243729,0.076441396942598466,252,0,False,0,0,0,0,0
20230331,-0.00017945531273975705,0,3272.2728678492554,0.67500000000000004,0.007191202361775284,False,0.52273556252111475,300,platt,300,0,-0.0023476194826019992,0.076441396942598466,252,0,False,0,0,0,0,0
20230403,-0.00022652112861609825,0,3295.6492966577148,0.6111551542683229,0.0049028696794923832,False,0.52643368168232041,300,platt,300,0,-0.0029633305731735643,0.076441396942598466,252,0,True,20230322,0.61021544162478292,0.61209486691186299,0.6111551542683229,267
20230404,-0.00020852529082912452,0,3311.8670479213665,0.65103995480056254,2.1192083048404697e-05,False,0.51891979684355594,300,platt,300,0,-0.0027279105192924559,0.076441396942598466,252,0,True,20230403,0.66345518458615582,0.63862472501496925,0.65103995480056254,270
20230406,-0.00017844735190809626,0,3312.0368703055437,0.59999999999999998,0.0045334701028911795,False,0.52041580601766235,300,platt,300,0,-0.002334433422797026,0.076441396942598466,252,0,False,0,0,0,0,0
20230407,-0.00020004537469836114,0,3326.9800198690805,0.61858435146588397,-0.0036926707672033654,True,0.51513603129378249,300,platt,300,0,-0.0026169769614307237,0.076441396942598466,252,0,True,20230403,0.67369429730514485,0.56347440562662299,0.61858435146588397,270
20230410,0.00017037800491874057,1,3315.9226640475558,0.64166666666666672,-0.000539097167732705,False,0.5132144179212399,300,platt,300,0,0.0028765544795090309,0.059229889832582143,252,0,False,20230403,0.56744096165000746,0.42790754217907084,0.49767425191453918,270
20230411,-0.00014287509284720092,0,3313.0970733071567,0.59999999999999998,0.0041076838413427463,False,0.51315498082768984,300,platt,300,0,-0.0024122127063050157,0.059229889832582143,252,0,False,0,0,0,0,0
20230412,-9.2842842424044561e-05,0,3326.872695002995,0.56195869514866603,-0.0026502310544155305,True,0.51179226061848859,300,platt,300,0,-0.001949422246714363,0.047625824820931292,252,0,True,20230410,0.55327779220900497,0.57063959808832709,0.56195869514866603,273
20230413,-0.00015330022403873997,0,3317.8550940860182,0.59999999999999998,0.0059633907529970109,False,0.50952235919693056,300,platt,300,0,-0.003218846594576255,0.047625824820931292,252,0,False,0,0,0,0,0
20230414,-8.8509451194575424e-05,0,3337.8570419542216,0.72963265502234709,0.014216546428001742,False,0.50060662245213283,300,platt,300,0,-0.0029548584662939734,0.029953871633515251,252,0,True,20230410,0.74620745430375601,0.71305785574093816,0.72963265502234709,273
20230417,-0.000184691413653144,0,3384.9842069953675,0.61258831755448051,0.0022807414735810383,False,0.50880968678075977,300,platt,300,0,-0.0061658611585453157,0.029953871633515251,252,0,True,20230410,0.64634910383965716,0.57882753126930386,0.61258831755448051,273
20230418,-0.0001210194315651052,0,3392.9205409870642,0.71754788710647466,-0.0068377940826996886,True,0.49802169831363735,300,platt,300,0,-0.0025410464179912284,0.047625824820931292,252,0,True,20230410,0.72134945394567185,0.71374632026727758,0.71754788710647466,273
20230419,-0.00011396919252127725,0,3369.7442091989556,0.57563459556759078,-0.00091904512952811768,True,0.50713833971145195,300,platt,300,0,-0.0038048234270242928,0.029953871633515251,252,0,True,20230418,0.55248202731099394,0.59878716382418762,0.57563459556759078,277
20230420,-0.00010271483329947809,0,3366.6851559721208,0.71352207222695085,-0.019534569179790684,True,0.4986768761048988,300,platt,300,0,-0.0034291004033198476,0.029953871633515251,252,0,True,20230418,0.68579779833398968,0.74124634611991191,0.71352207222695085,277
20230421,-0.00025460915366844146,0,3300.4169696218833,0.66666666666666674,-0.0078286834638013891,True,0.50556726190921442,300,platt,300,0,-0.0085000415566834579,0.029953871633515251,252,0,False,0,0,0,0,0
20230424,-0.00028520161203847438,0,3274.478846932308,0.66666666666666674,-0.0032183117060351485,True,0.505173665481637,300,platt,300,0,-0.0048151636419486643,0.059229889832582143,252,0,False,0,0,0,0,0
20230425,-0.00035588442685307328,0,3263.7097830062967,0.5704349888993443,-0.00023618079693599192,True,0.51340129722693573,300,platt,300,0,-0.0074725094671045785,0.047625824820931292,252,0,True,20230418,0.58256181544791408,0.55830816235077463,0.5704349888993443,277
20230426,0.0001517990238057693,1,3264.596087284684,0.59999999999999998,0.0066737526410796111,True,0.51219481235550823,300,platt,300,0,0.0048027598229895873,0.031606623982974549,252,0,False,20230425,0.44466326307183646,0.45502034422477566,0.44984180364830606,280
20230427,0.00018333599831365656,1,3286.4868208968173,0.59999999999999998,0.011379036949687116,True,0.51256628668266979,300,platt,300,0,0.0058005561876021189,0.031606623982974549,252,0,False,20230425,0.49475866678249136,0.60034328644889612,0.54755097661569374,280
20230428,0.00024694524606119002,1,3324.0952668638261,0.66666666666666674,0.0081799138716975861,True,0.51145355771381895,300,platt,300,0,0.0051851122156872107,0.047625824820931292,252,0,False,20230425,0.49759677961522181,0.51917391937509838,0.50838534949516012,280
20230504,-0.00029750053352972623,0,3349.4619367491809,0.66666666666666674,-0.0047623031437455943,True,0.51490994682925717,300,platt,300,0,-0.0062466221771129591,0.047625824820931292,252,0,False,0,0,0,0,0
20230505,0.00025263094112730629,1,3335.3451985805559,0.66666666666666674,0.018143874403104387,True,0.5151857528493291,300,platt,300,0,0.0053044948213952269,0.047625824820931292,252,0,False,20230425,0.51388872208247827,0.55071660219474627,0.53230266213861221,280
20230508,-0.00042519445396261348,0,3393.5600632980968,0.73333333333333339,-0.010996424274778316,True,0.51449942429993956,300,platt,300,0,-0.0071787142465477892,0.059229889832582143,252,0,False,0,0,0,0,0
20230509,-0.00045642726835545279,0,3356.1381675343619,0.73333333333333339,-0.011472268558081145,True,0.51833607733661324,300,platt,300,0,-0.0077060293315685665,0.059229889832582143,252,0,False,0,0,0,0,0
20230510,-0.00032677918132880665,0,3318.0659706842248,0.66173962377041173,-0.0028921254733063062,True,0.52567823778816913,300,platt,300,0,-0.0055171330261203121,0.059229889832582143,252,0,True,20230505,0.64797795133382274,0.67550129620700072,0.66173962377041173,284
20230511,0.00024691399327413078,1,3310.368374502737,0.80000000000000004,-0.011236961676253876,False,0.52240680996245914,300,platt,300,0,0.0032301083333098157,0.076441396942598466,252,0,False,20230505,0.52617044730957263,0.52590918621941851,0.52603981676449552,284
20230512,-0.00035638317713554055,0,3271.1956852693406,0.80000000000000004,0.01172694254874429,False,0.51944893325107255,300,platt,300,0,-0.0060169481682793118,0.059229889832582143,252,0,False,0,0,0,0,0
20230515,-0.00071505886455982778,0,3308.3693283744415,0.59999999999999998,-0.005965228222467811,True,0.53335505703495156,300,platt,300,0,-0.0093543406211791403,0.076441396942598466,252,0,False,0,0,0,0,0
20230516,0.00034742641592724584,1,3292.1307759572442,0.59999999999999998,-0.0020526970112374476,False,0.53372907094206101,300,platt,300,0,0.0044398969093834527,0.07825100965587313,252,0,False,20230505,0.3579213561514315,0.31728762195676513,0.33760448905409834,284
20230517,0.00038640435625188565,1,3285.5010415517418,0.59999999999999998,0.0039850717001721492,True,0.53004437340052668,300,platt,300,0,0.0035978296496353107,0.10739929176220253,252,0,False,20230516,0.40915612751391128,0.3953814311916391,0.40226877935277516,287
20230518,-0.00039914045568944953,0,3296.0038062325602,0.60833333333333328,-0.0041786057822292832,True,0.52944025507574588,300,platt,300,0,-0.0037164160874841134,0.10739929176220253,252,0,False,0,0,0,0,0
20230519,0.00033545165134988555,1,3284.6431694855414,0.60833333333333328,0.0039371816109414759,True,0.5325756261132355,300,platt,300,0,0.0042868667487501004,0.07825100965587313,252,0,False,20230516,0.46692833546659557,0.49091380314237715,0.47892106930448636,287
20230522,-0.00043003088276384122,0,3295.0520162679077,0.60833333333333328,-0.015237998857929758,True,0.53257562611323561,300,platt,300,0,-0.0040040383479994579,0.10739929176220253,252,0,False,0,0,0,0,0
20230523,0.00096941527585825155,1,3249.3849527062712,0.60833333333333328,-0.012780517016928394,False,0.53596854893322421,300,platt,300,0,0.006608951579866908,0.14668215739564758,252,0,False,20230516,0.44978286479611462,0.41425243922226496,0.43201765200918979,287
20230524,-0.00062868731668319449,0,3202.7346146990722,0.60833333333333328,-0.0010886654663232465,True,0.53243069964585765,300,platt,300,0,-0.0042860517451173592,0.14668215739564758,252,0,False,0,0,0,0,0
20230525,-0.00072703976197982458,0,3198.9330563280446,0.60833333333333328,0.0035121477930333267,False,0.53595976255746747,300,platt,300,0,-0.0049565657806543663,0.14668215739564758,252,0,False,0,0,0,0,0
20230526,-0.00077054432646529139,0,3210.0284234231617,0.59999999999999998,0.0027843079905462975,False,0.53303254389082722,300,platt,300,0,-0.0052531564857400672,0.14668215739564758,252,0,False,0,0,0,0,0
20230529,-0.00041252460250066492,0,3220.1194732793138,0.59999999999999998,0.0008582785308619556,False,0.52940334873695583,300,platt,300,0,-0.0028123707056472947,0.14668215739564758,252,0,False,0,0,0,0,0
20230530,-0.00066474272648063993,0,3222.0700276602029,0.66666666666666663,-0.0060941687697894098,True,0.52497306346489614,300,platt,300,0,-0.0056167143202933215,0.11835081661157464,252,0,False,0,0,0,0,0
20230531,-0.00039550157399350196,0,3203.2969897358366,0.61644903992336841,2.187504797834805e-05,False,0.52832242560315146,300,platt,300,0,-0.003341773088829048,0.11835081661157464,252,0,True,20230523,0.61802889160663088,0.61486918824010584,0.61644903992336841,290
20230601,-0.00055117609374230744,0,3202.8681820744182,0.68333333333333335,0.0079366617316265486,False,0.52062144114953512,300,platt,300,0,-0.0045573306139287872,0.12094274926153516,252,0,False,0,0,0,0,0
20230602,-0.00041410856909938486,0,3228.731000913961,0.60806528901708012,0.00073447356505051964,False,0.52239716278356507,300,platt,300,0,-0.0028231693373748572,0.14668215739564758,252,0,True,20230523,0.62548361234925842,0.59064696568490183,0.60806528901708012,290
20230605,0.00041807401587534254,1,3233.7923995899496,0.5714285714285714,-0.011477579946548078,False,0.52375139591845266,300,platt,300,0,0.0028502036191604845,0.14668215739564758,252,0,False,20230523,0.47093417945863103,0.48940449723172835,0.48016933834517972,290
20230606,0.00080334596782139021,1,3197.9073638261571,0.5714285714285714,0.00075682077565186745,True,0.51998921681557242,300,platt,300,0,0.0074799931604773856,0.10739929176220253,252,0,False,20230523,0.46913765584573941,0.3966359495528245,0.43288680269928193,290
20230607,-0.00028853034773880862,0,3196.8360495703041,0.59183673469387754,0.0049493415497550153,False,0.51948789012595697,300,platt,300,0,-0.0028516725453493767,0.10117934059762775,252,0,False,0,0,0,0,0
20230608,-0.00058003275345844903,0,3211.7215151539613,0.5714285714285714,0.0055452079927544862,False,0.51711600858313378,300,platt,300,0,-0.0057327192491314627,0.10117934059762775,252,0,False,0,0,0,0,0
20230609,-0.00032362227500956273,0,3230.3597452006115,0.55102040816326525,-0.00079590753930447455,True,0.51599570882696189,300,platt,300,0,-0.0031985015231177577,0.10117934059762775,252,0,False,0,0,0,0,0
20230612,-0.00036855844479041474,0,3227.6435861098967,0.5714285714285714,0.0014989313788111858,False,0.51905164062120912,300,platt,300,0,-0.0036426254867197262,0.10117934059762775,252,0,False,0,0,0,0,0
20230613,-0.00025477663414454527,0,3232.8495355752252,0.62330062907657102,-0.0014487239187482848,True,0.51707284086969252,300,platt,300,0,-0.0025180697229264092,0.10117934059762775,252,0,True,20230606,0.60890338195373928,0.63769787619940288,0.62330062907657102,294
20230614,-0.00028107427723449629,0,3228.0811143349492,0.5714285714285714,0.0074284558505888221,False,0.51845225543175988,300,platt,300,0,-0.0027779809156127902,0.10117934059762775,252,0,False,0,0,0,0,0
20230615,-0.00030839316295233198,0,3251.971904719906,0.59999999999999998,0.0062585784932691624,False,0.51751563925267752,300,platt,300,0,-0.0030479854991223632,0.10117934059762775,252,0,False,0,0,0,0,0
20230616,-0.00020940800170338644,0,3272.6486376472112,0.59183673469387754,-0.0053549070961012024,True,0.51768480946257212,300,platt,300,0,-0.002676106067184391,0.07825100965587313,252,0,False,0,0,0,0,0
20230619,-0.00019384728829832039,0,3255.1745708938288,0.61224489795918369,-0.0047425741652826758,True,0.51729964357408764,300,platt,300,0,-0.0024772496757653169,0.07825100965587313,252,0,False,0,0,0,0,0
20230620,-0.0001956279387627836,0,3239.730894113336,0.57068435616657209,-0.013104604765488026,True,0.51816264126578404,300,platt,300,0,-0.0019334771071572916,0.10117934059762775,252,0,True,20230613,0.58451331892748759,0.5568553934056566,0.57068435616657209,295
20230621,0.00038614363099957017,1,3199.1359491423314,0.59183673469387754,-0.014785385326644418,False,0.51786351375491746,300,platt,300,0,0.0049346792162519807,0.07825100965587313,252,0,False,20230613,0.48795778626187203,0.43062732570450529,0.45929255598318863,295
20230626,0.00036640432907953318,1,3151.7733004042402,0.5714285714285714,0.012322594776537521,True,0.51485187882117578,300,platt,300,0,0.0047932709727253452,0.076441396942598466,252,0,False,20230613,0.53352952942082477,0.44676132976021132,0.49014542959051804,295
20230627,0.00045563749284281799,1,3190.8959296753937,0.5714285714285714,-2.0975451291316283e-05,False,0.51848578032009296,300,platt,300,0,0.0059606118028555427,0.076441396942598466,252,0,False,20230613,0.47781804716664467,0.33509627613503279,0.40645716165083873,295
20230628,-0.00035005278361925705,0,3188.2593501232022,0.5714285714285714,-0.0021930937081795499,True,0.51474293740860155,300,platt,300,0,-0.0045793614143671314,0.076441396942598466,252,0,False,0,0,0,0,0
20230629,-0.00022516695941703557,0,3181.6646329014902,0.59183673469387754,0.0061843942517005868,False,0.51783947263912189,300,platt,300,0,-0.0022254242623747128,0.10117934059762775,252,0,False,0,0,0,0,0
20230630,0.00035049006399401214,1,3203.1845910204397,0.59183673469387754,0.013089283116071826,True,0.51757669098467374,300,platt,300,0,0.0044790484561844385,0.07825100965587313,252,0,False,20230627,0.33945813852024154,0.38676815110295348,0.36311314481159751,299
20230703,-0.00048245798050433413,0,3242.4099183726935,0.59183673469387754,0.00042361608828689334,False,0.51788825844495923,300,platt,300,0,-0.0047683447792270534,0.10117934059762775,252,0,False,0,0,0,0,0
20230704,-0.00016553125424682171,0,3244.8119932764553,0.58000000000000007,-0.0069028935314573436,True,0.51462129547764401,300,platt,300,0,-0.0016360183143030167,0.10117934059762775,252,0,False,0,0,0,0,0
20230705,-0.00029927496623767335,0,3221.9823526753166,0.58823529411764708,-0.0053901291392669526,True,0.51478512439904911,300,platt,300,0,-0.0029578663437611905,0.10117934059762775,252,0,False,0,0,0,0,0
20230706,0.00038494511365368611,1,3206.8087703557112,0.59615384615384615,-0.0027968774898030624,False,0.51828014929936117,300,platt,300,0,0.0038045821546173579,0.10117934059762775,252,0,False,20230627,0.51509676073378885,0.51854401568714537,0.51682038821046716,299
20230707,0.00029617432821404585,1,3197.5559535823722,0.58490566037735847,0.002216911594948856,True,0.51510473667510814,300,platt,300,0,0.0029272213721166511,0.10117934059762775,252,0,False,20230706,0.50812855562128922,0.52600799404567755,0.51706827483348339,301
20230710,-0.00023897116466519149,0,3202.9302090834408,0.55968565903958267,0.0055157546481161557,False,0.51627908234315401,300,platt,300,0,-0.0030539051919728872,0.07825100965587313,252,0,True,20230706,0.55081153198941835,0.56855978608974711,0.55968565903958267,301
20230711,-0.000212612048083684,0,3220.6816986495455,0.59999999999999998,-0.0078329799532905753,True,0.51104202967965651,300,platt,300,0,-0.0027170518184838066,0.07825100965587313,252,0,False,0,0,0,0,0
20230712,-0.0004019680702575643,0,3194.8489563043254,0.59999999999999998,0.012623470663946312,False,0.51451982325127854,300,platt,300,0,-0.0039728275345865304,0.10117934059762775,252,0,False,0,0,0,0,0
20230713,0.00035678922589985269,1,3237.63474119384,0.59999999999999998,0.0003773235119635121,True,0.51100103493920535,300,platt,300,0,0.0045595478891443785,0.07825100965587313,252,0,False,20230706,0.56729537270412811,0.4786424757585509,0.52296892423133956,301
20230714,-0.00013979180309976722,0,3237.2485959113537,0.59999999999999998,-0.0086701638804717041,True,0.51120629693633246,300,platt,300,0,-0.0018287447468384177,0.076441396942598466,252,0,False,0,0,0,0,0
20230717,-0.00023214764324564852,0,3208.8846920062392,0.61818181818181817,-0.0036794586092141479,True,0.51394634877007284,300,platt,300,0,-0.0029667047654282205,0.07825100965587313,252,0,False,0,0,0,0,0
20230718,-0.00021566169283888833,0,3197.1304527038396,0.63636363636363635,0.00031762262048440348,False,0.51329916100886241,300,platt,300,0,-0.0026060390756883064,0.082754589081488666,252,0,False,0,0,0,0,0
20230719,-0.00022429885627869967,0,3198.1183047886366,0.58010657963570833,-0.0091638964400735379,True,0.5119728538657452,300,platt,300,0,-0.0029342589911998942,0.076441396942598466,252,0,True,20230713,0.57941716516116859,0.58079599411024818,0.58010657963570833,304
20230720,0.00046629044960547114,1,3170.9999178384146,0.61818181818181817,-0.00056058926235569295,False,0.51412332866930888,300,platt,300,0,0.0056346174246157356,0.082754589081488666,252,0,False,20230713,0.51554292928665379,0.52238881298438344,0.51896587113551862,304
20230721,0.00030346072318912797,1,3168.7064862492707,0.61818181818181817,-0.0011315304021294326,False,0.5106634993758431,300,platt,300,0,0.0036669957105376883,0.082754589081488666,252,0,False,20230713,0.43734058007220789,0.48915289613745694,0.46324673810483241,304
20230724,-0.0002736744594895205,0,3163.2948500033222,0.59999999999999998,0.021288583058104882,False,0.51131142881982816,300,platt,300,0,-0.0035801865276615589,0.076441396942598466,252,0,False,0,0,0,0,0
20230725,0.00022856124170425539,1,3232.2599005209217,0.58181818181818179,-0.0026282976999099095,False,0.51187941739590148,300,platt,300,0,0.0038588834514178801,0.059229889832582143,252,0,False,20230713,0.42106436117488832,0.37486854173958439,0.39796645145723636,304
20230726,-0.00016646246972764733,0,3222.4913868157651,0.56363636363636371,-0.0019723689019259805,True,0.5123080997262025,300,platt,300,0,-0.0021776481904516695,0.076441396942598466,252,0,False,0,0,0,0,0
20230727,0.00026660755846617031,1,3217.5284887750381,0.56363636363636371,0.01842115710376202,True,0.51259194616859327,300,platt,300,0,0.0045012334012397657,0.059229889832582143,252,0,False,20230725,0.4338842416190713,0.37802452752762067,0.40595438457334598,308
20230728,0.00059157682914650006,1,3277.8636617381253,0.625,0.00461368827748454,True,0.51039997344656651,300,platt,300,0,0.009987809040648863,0.059229889832582143,252,0,False,20230725,0.56039808706325167,0.46647756988876754,0.51343782847600961,308
20230731,0.00039400400384236506,1,3292.3364828580047,0.6333333333333333,-2.7498907791967397e-05,False,0.5134145464923271,300,platt,300,0,0.0051543276235287974,0.076441396942598466,252,0,False,20230725,0.42618890822844868,0.53745616498501514,0.48182253660673191,308
20230801,-0.0002460602332690384,0,3290.1395282475655,0.60506391034272289,-0.008890747724372372,True,0.51468499727770389,300,platt,300,0,-0.0032189395158988324,0.076441396942598466,252,0,True,20230725,0.57063742849727295,0.63949039218817294,0.60506391034272289,308
20230802,-0.00037241860893696879,0,3260.4755858356907,0.625,0.0057553900810263237,False,0.5172235235559165,300,platt,300,0,-0.0048719492818351572,0.076441396942598466,252,0,False,0,0,0,0,0
20230803,-0.00032223977627371717,0,3279.4055044657016,0.65978180715797796,0.0023233308619339255,False,0.5121862732842849,300,platt,300,0,-0.0042155139644516719,0.076441396942598466,252,0,True,20230801,0.61669498041424853,0.70286863390170728,0.65978180715797796,312
20230804,-0.0001986514475168247,0,3287.4310173141125,0.61728915967202624,-0.0058554157463485135,True,0.51432891861325736,300,platt,300,0,-0.0041710867636148207,0.047625824820931292,252,0,True,20230801,0.59802101564684618,0.63655730369720631,0.61728915967202624,312
20230807,-0.00017558059247978623,0,3268.2571566987453,0.66666666666666674,-0.0025120600449499708,True,0.5148148431885482,300,platt,300,0,-0.0022969307142782017,0.076441396942598466,252,0,False,0,0,0,0,0
20230808,-0.00026865776137568494,0,3259.7436092375665,0.66593286154156361,-0.0049478019453725874,True,0.51495486532347245,300,platt,300,0,-0.0035145584999895538,0.076441396942598466,252,0,True,20230801,0.65291077096554617,0.67895495211758117,0.66593286154156361,312
20230809,-0.00016261020837257561,0,3243.9591133416507,0.62217723844179307,0.0031046513459278557,False,0.51740725797228193,300,platt,300,0,-0.0021272532276546859,0.076441396942598466,252,0,True,20230801,0.60034777820752017,0.64400669867606597,0.62217723844179307,312
20230810,-0.00022063310201177904,0,3253.8416363977062,0.7004533804035975,-0.020067752943662365,True,0.51335995043892768,300,platt,300,0,-0.0028863038986252083,0.076441396942598466,252,0,True,20230809,0.66396339823391926,0.73694336257327575,0.7004533804035975,316
20230811,-0.00064109913305211393,0,3187.2033758721118,0.625,-0.0033929001444854556,True,0.51711195203825899,300,platt,300,0,-0.008386805562089995,0.076441396942598466,252,0,False,0,0,0,0,0
20230814,-0.0004206483615366315,0,3177.0901998060567,0.60833333333333328,-0.00070833775900236429,True,0.52125941568093692,300,platt,300,0,-0.005083081992255655,0.082754589081488666,252,0,False,0,0,0,0,0
20230815,-0.00042134200144764648,0,3174.8375437314785,0.6333333333333333,-0.0082010888691992356,True,0.5201107055668992,300,platt,300,0,-0.005091463882839777,0.082754589081488666,252,0,False,0,0,0,0,0
20230816,-0.00027148016169926048,0,3149.2725028226305,0.66666666666666663,0.0043209676864846003,False,0.51863493706637942,300,platt,300,0,-0.0035514809063879474,0.076441396942598466,252,0,False,0,0,0,0,0
20230817,-0.00047843350053253616,0,3162.225661131929,0.65833333333333333,-0.010047066773169355,True,0.51874294100968787,300,platt,300,0,-0.005781353104918706,0.082754589081488666,252,0,False,0,0,0,0,0
20230818,0.00063055411562186621,1,3133.9278658540843,0.65833333333333333,-0.012444407690664572,False,0.51882764011084193,300,platt,300,0,0.0062320441297346249,0.10117934059762775,252,0,False,20230810,0.36112537978803494,0.4596614806655559,0.41039343022679542,317
20230821,-0.00056832470800213363,0,3091.2198843517904,0.625,0.0088445836515407272,False,0.52062999976891078,300,platt,300,0,-0.0056170034776393731,0.10117934059762775,252,0,False,0,0,0,0,0
20230822,-0.00057351970811231974,0,3118.5442270698109,0.6166666666666667,-0.013438209719742189,True,0.5211001178281941,300,platt,300,0,-0.0069303674210450536,0.082754589081488666,252,0,False,0,0,0,0,0
20230823,0.00052737268884168716,1,3080.0255651928128,0.625,0.0012479851153948118,True,0.52063680061852313,300,platt,300,0,0.005212256629927592,0.10117934059762775,252,0,False,20230810,0.48555248341173141,0.51307393526021483,0.49931320933597312,317
20230824,0.00045137570675223053,1,3083.6351500187448,0.625,-0.0058947963203040965,False,0.52064361045650298,300,platt,300,0,0.0044611449737281001,0.10117934059762775,252,0,False,0,0,0,0,0
20230825,-0.00043771404867894343,0,3062.7335114576081,0.6166666666666667,0.01127962056538645,False,0.51778489079774193,300,platt,300,0,-0.0043261207880337391,0.10117934059762775,252,0,False,0,0,0,0,0
20230828,-0.0017587417573423105,0,3093.1865989483731,0.7852293472216163,0.012021546381548509,False,0.50483797781867945,300,platt,300,0,-0.017382419641738069,0.10117934059762775,252,0,True,20230823,0.74913044403225437,0.82132825041097834,0.7852293472216163,319
20230829,-0.00060849649687679691,0,3133.9785239284474,0.6166666666666667,0.00039886645139319832,False,0.51473172659110644,300,platt,300,0,-0.0073530242084533671,0.082754589081488666,252,0,False,0,0,0,0,0
20230830,-0.00027174101956085948,0,3136.2850110572472,0.60833333333333328,-0.0055021815269492569,True,0.51202020162418882,300,platt,300,0,-0.0035548934272474878,0.076441396942598466,252,0,False,0,0,0,0,0
20230831,-0.00026586045542017686,0,3119.0469482394415,0.60833333333333328,0.0042855223367181949,False,0.51201196663635529,300,platt,300,0,-0.0034779643760280486,0.076441396942598466,252,0,False,0,0,0,0,0
20230901,-0.00020915707148421985,0,3132.5913592959905,0.60833333333333328,0.013983450457316415,False,0.50864421997479081,300,platt,300,0,-0.0027361754213005881,0.076441396942598466,252,0,False,0,0,0,0,0
20230904,-0.00033879836992464524,0,3175.9839171492076,0.60833333333333328,-0.00714213702522426,True,0.5085496937770676,300,platt,300,0,-0.004432132110027456,0.076441396942598466,252,0,False,0,0,0,0,0
20230905,0.00019569173163444989,1,3154.986583990531,0.59999999999999998,0.0011753855200151708,True,0.51244936512034456,300,platt,300,0,0.0025600229648000696,0.076441396942598466,252,0,False,20230828,0.47134736540563416,0.43670163047615862,0.45402449794089639,320
20230906,-0.00025066185041488327,0,3157.2852906004937,0.59166666666666667,-0.011312137459350669,True,0.51322567582863454,300,platt,300,0,-0.0032791374888545117,0.076441396942598466,252,0,False,0,0,0,0,0
20230907,0.00034388012768117197,1,3123.4260149075894,0.59166666666666667,-0.0018041525935430514,False,0.5165776283239607,300,platt,300,0,0.0041554206419000192,0.082754589081488666,252,0,False,20230828,0.43899641195706701,0.4541270040826853,0.44656170801987616,320
20230908,-0.00021508745758666464,0,3116.0487328127688,0.68333333333333335,0.008361324573651796,False,0.51009524636651105,300,platt,300,0,-0.0028137562392819503,0.076441396942598466,252,0,False,0,0,0,0,0
20230911,-0.00041254487015608698,0,3141.4824626455156,0.67500000000000004,-0.0018199497960245115,True,0.51051832134814146,300,platt,300,0,-0.0053968776952869665,0.076441396942598466,252,0,False,0,0,0,0,0
20230912,-0.00013210405706571415,0,3136.6448817392138,0.67500000000000004,-0.0044603555948081741,True,0.51066417201992464,300,platt,300,0,-0.0017281742923263687,0.076441396942598466,252,0,False,0,0,0,0,0
20230913,-0.00037003957314857245,0,3121.9112416574094,0.68333333333333335,0.0011156341223430566,False,0.51023452571888395,300,platt,300,0,-0.0048408269334277521,0.076441396942598466,252,0,False,0,0,0,0,0
20230914,-0.00014501793754521971,0,3126.0976940078485,0.67674451652801482,-0.0028170657437840418,True,0.50707641731486863,300,platt,300,0,-0.0030449433283407431,0.047625824820931292,252,0,True,20230907,0.68407219447352074,0.669416838582509,0.67674451652801482,322
20230915,-0.00034778296194700468,0,3116.6591019657571,0.59999999999999998,0.0026264188387024046,False,0.51252961096396266,300,platt,300,0,-0.0045496677959478236,0.076441396942598466,252,0,False,0,0,0,0,0
20230918,-0.00030324523108952729,0,3124.9839760586146,0.66666666666666663,-0.00031197096776158784,True,0.50807378045854024,300,platt,300,0,-0.0039670289034257292,0.076441396942598466,252,0,False,0,0,0,0,0
20230919,-0.00017672780233271064,0,3124.4044332700246,0.66666666666666663,-0.0052444886676350499,True,0.50813779585277574,300,platt,300,0,-0.0023119384182031556,0.076441396942598466,252,0,False,0,0,0,0,0
20230920,-0.00014494030293771761,0,3108.1173432268715,0.66666666666666663,-0.0076777798548328668,True,0.50853616907656485,300,platt,300,0,-0.0018430637156743885,0.078640961625509001,252,0,False,0,0,0,0,0
20230921,0.00030170843065468865,1,3085.631680297749,0.6333333333333333,0.015473331126744538,True,0.51351646851822319,300,platt,300,0,0.0038365302816544219,0.078640961625509001,252,0,False,20230914,0.54096897401923405,0.54409901079776368,0.54253399240849887,323
20230922,-0.00055471428093829302,0,3130.6939954574173,0.6333333333333333,-0.0053710670011117845,True,0.51352535298524793,300,platt,300,0,-0.0070537576025565627,0.078640961625509001,252,0,False,0,0,0,0,0
20230925,-0.00025394713138317281,0,3114.815900514438,0.59999999999999998,-0.0042799042279754174,True,0.51556972801704515,300,platt,300,0,-0.0025098713816793434,0.10117934059762775,252,0,False,0,0,0,0,0
20230926,-0.00024127569864353836,0,3101.5240970110522,0.59166666666666667,0.0016255824842730249,False,0.51974089274641455,300,platt,300,0,-0.0023846340292238998,0.10117934059762775,252,0,False,0,0,0,0,0
20230927,-0.00023567220088463673,0,3106.583292093705,0.60833333333333328,0.00101685840987642,False,0.51836909108768303,300,platt,300,0,-0.0028478444941895569,0.082754589081488666,252,0,False,0,0,0,0,0
20230928,-0.00016248717494511856,0,3109.9698876557663,0.59166666666666667,-0.0043571797532037104,True,0.51603426391087781,300,platt,300,0,-0.0021256437145848314,0.076441396942598466,252,0,False,0,0,0,0,0
20231009,-0.00031570016166874071,0,3095.9447010976446,0.59999999999999998,-0.0070025325787949066,True,0.51561954359012008,300,platt,300,0,-0.0041299632698471866,0.076441396942598466,252,0,False,0,0,0,0,0
20231010,-0.00037551189231704196,0,3074.0813122727677,0.59999999999999998,0.0012095006298864508,False,0.5190507191100987,300,platt,300,0,-0.0049124153578593305,0.076441396942598466,252,0,False,0,0,0,0,0
20231011,-0.00024156580728465902,0,3078.211829604892,0.59166666666666667,0.0094009475160994338,False,0.51608350627078747,300,platt,300,0,-0.0031601438088063216,0.076441396942598466,252,0,False,0,0,0,0,0
20231012,-0.00018504899456037207,0,3107.3255861002717,0.59999999999999998,-0.0063713747353640882,True,0.51221032104647524,300,platt,300,0,-0.0023530866196878647,0.078640961625509001,252,0,False,0,0,0,0,0
20231013,-0.00014616729597946769,0,3087.6477209048362,0.59166666666666667,-0.0046261792570062577,True,0.51290150142060753,300,platt,300,0,-0.0019121484146767745,0.076441396942598466,252,0,False,0,0,0,0,0
20231016,-0.00028495019894559097,0,3072.9371163741284,0.59999999999999998,0.0031502892336001675,False,0.51251897219354814,300,platt,300,0,-0.0037276948138397627,0.076441396942598466,252,0,False,0,0,0,0,0
20231017,-0.00019886054888557586,0,3082.8832142134092,0.59999999999999998,-0.0080384721707474904,True,0.50912981480310104,300,platt,300,0,-0.0026014771686459974,0.076441396942598466,252,0,False,0,0,0,0,0
20231018,-0.00020166586001698581,0,3058.0929626576408,0.6166666666666667,-0.017431009636808326,True,0.51128232792103212,300,platt,300,0,-0.0026381760156531566,0.076441396942598466,252,0,False,0,0,0,0,0
20231019,-0.00040493646704325184,0,3004.1764066145288,0.6166666666666667,-0.0074316061251747945,True,0.5145429886960472,300,platt,300,0,-0.0052973451982742748,0.076441396942598466,252,0,False,0,0,0,0,0
20231020,-0.00030901044395119891,0,2982.1367037685827,0.6166666666666667,-0.014671921452428904,True,0.51795130960076619,300,platt,300,0,-0.0040424489388026447,0.076441396942598466,252,0,False,0,0,0,0,0
20231023,0.00054157467454877346,1,2940.8831457292013,0.625,0.0078088211263716012,True,0.51740559237705586,300,platt,300,0,0.0070848348697166511,0.076441396942598466,252,0,False,20230921,0.51955672195764235,0.53635985278768117,0.52795828737266182,324
20231024,0.00039241794909763013,1,2963.4061375974816,0.625,0.0040070302115926548,True,0.51739529847511634,300,platt,300,0,0.0049899942852471473,0.078640961625509001,252,0,False,20230921,0.59379448215707065,0.41159805500659757,0.50269626858183414,324
20231025,0.00024013495966096672,1,2974.8276886253498,0.625,0.0047697238185429036,True,0.51741211873741477,300,platt,300,0,0.0029017721231689663,0.082754589081488666,252,0,False,20230921,0.33514812484728401,0.33301561466678387,0.33408186975703391,324
20231026,0.00037945464294105743,1,2989.4331240059369,0.60833333333333328,0.0098668165490256587,True,0.51853449432312848,300,platt,300,0,0.0048251526316276964,0.078640961625509001,252,0,False,20230921,0.4418161136039338,0.53922271717365566,0.49051941538879473,324
20231027,0.00062590605821913499,1,3019.6730494131784,0.6333333333333333,0.0012489958692207814,True,0.52005389520607292,300,platt,300,0,0.0075633999898519653,0.082754589081488666,252,0,False,20230921,0.40087335114822736,0.37015801930262443,0.3855156852254259,324
20231030,0.00029571472809780853,1,3022.4469178421136,0.64166666666666672,-0.0009209832267071949,False,0.51943625162242391,300,platt,300,0,0.0035733937100046191,0.082754589081488666,252,0,False,20231027,0.40431384515888164,0.50499370700767865,0.45465377608328017,329
20231031,-0.00018697897000826346,0,3018.2061533825204,0.56870682515370452,0.0014263753595586959,False,0.52173445898861504,300,platt,300,0,-0.002259439290117733,0.082754589081488666,252,0,True,20231027,0.56544532246874812,0.57196832783866092,0.56870682515370452,329
20231101,-0.0002778866366192871,0,3022.2364274391721,0.55329796854404334,-0.0045221151366827694,True,0.52230984380166079,300,platt,300,0,-0.003357960443083723,0.082754589081488666,252,0,True,20231027,0.53552875911559905,0.57106717797248774,0.55329796854404334,329
20231102,0.00033777560966319207,1,3010.4223038788191,0.64166666666666672,0.0071083467706483106,True,0.51939717886009928,300,platt,300,0,0.0040816541222938527,0.082754589081488666,252,0,False,20231027,0.5733425129895301,0.48665853885192223,0.53000052592072611,329
20231103,-0.0003968239813742124,0,3029.5950067899462,0.64009571588959768,0.0091107367542213602,False,0.52286225449945678,300,platt,300,0,-0.0039219862378063013,0.10117934059762775,252,0,True,20231027,0.60866455587478119,0.67152687590441407,0.64009571588959768,329
20231106,-0.00029390199838455385,0,3057.5116270421699,0.55973670428127786,-0.00037300421248231963,True,0.52880465835390855,300,platt,300,0,-0.0029047629352848808,0.10117934059762775,252,0,True,20231103,0.5339141361838935,0.58555927237866223,0.55973670428127786,334
20231107,0.00038687810890824256,1,3058.4524907199584,0.6333333333333333,-0.0016017886809265303,False,0.52668014153658105,300,platt,300,0,0.003012805629596041,0.12841124070792295,252,0,False,20231103,0.47808036201297649,0.47230232578433262,0.47519134389865458,334
20231108,-0.00048809771333483722,0,3050.8827439136944,0.64166666666666672,0.00029701485329791666,False,0.52265708898164409,300,platt,300,0,-0.0035026238056373228,0.1393520230603312,252,0,False,0,0,0,0,0
20231109,-0.00024329524320311407,0,3052.536351694469,0.625,-0.0046865350538528583,True,0.52412069863270194,300,platt,300,0,-0.0024045940778627526,0.10117934059762775,252,0,False,0,0,0,0,0
20231110,-0.0002338497620321293,0,3038.2592376120624,0.64166666666666672,0.0024886722306791675,False,0.52257303302233316,300,platt,300,0,-0.0023112402260270525,0.10117934059762775,252,0,False,0,0,0,0,0
20231113,-0.00035855036080713885,0,3045.4405645294942,0.625,0.0031305750875034732,False,0.52413942819341242,300,platt,300,0,-0.002792203850928265,0.12841124070792295,252,0,False,0,0,0,0,0
20231114,-0.00026394619218685848,0,3055.2636618812594,0.625,0.0054856395155571391,False,0.52405296930489309,300,platt,300,0,-0.0020554757568865467,0.12841124070792295,252,0,False,0,0,0,0,0
20231115,0.00021668145684666793,1,3073.5006263211135,0.60833333333333328,-0.0071299309679779821,False,0.52211326299094962,300,platt,300,0,0.0021415583019894504,0.10117934059762775,252,0,False,20231107,0.4584191781586634,0.50617089513952196,0.48229503664909268,336
20231116,0.00023261245655320395,1,3051.6353833218382,0.59999999999999998,0.0011274610850078304,True,0.51950223004625795,300,platt,300,0,0.0028108707823338939,0.082754589081488666,252,0,False,20231107,0.40123255898170201,0.44150919384606646,0.42137087641388427,336
20231117,-0.00030614661949347809,0,3053.4304163274774,0.56816157475638718,0.0045684119991533656,False,0.52579778300149571,300,platt,300,0,-0.003025781920352385,0.10117934059762775,252,0,True,20231107,0.59009052106027549,0.54623262845249887,0.56816157475638718,336
20231120,-0.00030989019887094868,0,3067.3682579839015,0.73333333333333339,-0.00012589955197295222,True,0.50792607662933209,300,platt,300,0,-0.0039405698056778175,0.078640961625509001,252,0,False,0,0,0,0,0
20231121,-0.00027512773844866881,0,3067.0887265870238,0.57864864957870465,-0.0079277486130074903,True,0.52098763784845215,300,platt,300,0,-0.0035991982021896891,0.076441396942598466,252,0,True,20231107,0.57017792449940818,0.58711937465800113,0.57864864957870465,336
20231122,0.00025552753539262967,1,3044.3887264175237,0.73333333333333339,0.0059945899788114154,True,0.51188691876597248,300,platt,300,0,0.0033427899752343738,0.076441396942598466,252,0,False,20231121,0.54209978743927889,0.53747334727745844,0.53978656735836861,340
20231123,0.00030736165055515079,1,3062.7972971753948,0.73333333333333339,-0.0068208624559180642,False,0.51252380417455201,300,platt,300,0,0.0039084167360365924,0.078640961625509001,252,0,False,0,0,0,0,0
20231124,0.00025103416496715021,1,3041.7350877913982,0.73333333333333339,-0.0030488609940039213,False,0.51189619440616063,300,platt,300,0,0.0031921553320085742,0.078640961625509001,252,0,False,0,0,0,0,0
20231127,-0.00024661214576515353,0,3030.9525459083616,0.625,0.0022608765866756197,False,0.51739308309911713,300,platt,300,0,-0.0032261595892908658,0.076441396942598466,252,0,False,0,0,0,0,0
20231128,0.0001278536442013682,1,3038.9429902659294,0.60833333333333328,-0.0055510276350153598,False,0.51571643110167287,300,platt,300,0,0.002684544460533463,0.047625824820931292,252,0,False,20231121,0.48443749142134201,0.46760662990715179,0.4760220606642469,340
20231129,-9.4639293054988791e-05,0,3021.4014296406308,0.56831232195431336,0.0026426625070483656,False,0.51638245884083789,300,platt,300,0,-0.0029621450974130761,0.031949580436704442,252,0,True,20231128,0.53317537438612617,0.60344926952250066,0.56831232195431336,342
20231130,-7.508821557282341e-05,0,3029.4452072831873,0.72774279189631463,0.00064795778105009028,False,0.50154333612704038,300,platt,300,0,-0.0023757113576341137,0.031606623982974549,252,0,True,20231128,0.70047830664862942,0.75500727714399984,0.72774279189631463,342
20231201,-0.00011164660647695895,0,3031.2973281508557,0.68682068479496383,-0.0028769946574718208,True,0.50475441934147414,300,platt,300,0,-0.0035323800016445702,0.031606623982974549,252,0,True,20231128,0.70465852284725206,0.66898284674267561,0.68682068479496383,342
20231204,7.2830389268412459e-05,1,3023.1339599887783,0.73333333333333339,-0.016744738139737758,False,0.50423557388990448,300,platt,300,0,0.0023042761323589572,0.031606623982974549,252,0,False,20231128,0.54297606176417357,0.55156836798768505,0.54727221487592925,342
20231205,0.00019977471718628719,1,2972.8896895728162,0.66666666666666674,-0.0011312803681491346,False,0.50996323629176665,300,platt,300,0,0.006320659786185936,0.031606623982974549,252,0,False,20231128,0.52524769675935168,0.44182164319165573,0.48353466997550371,342
20231206,-0.0001149302386438927,0,2968.5921797758201,0.6166666666666667,-0.00091861272469095923,True,0.51174998433723773,300,platt,300,0,-0.0036362706344657959,0.031606623982974549,252,0,False,0,0,0,0,0
20231207,-0.00012030083337656478,0,2965.8492629342031,0.6166666666666667,0.0011305013498557059,False,0.51510288080262523,300,platt,300,0,-0.0038061905454175328,0.031606623982974549,252,0,False,0,0,0,0,0
20231208,-8.2667476142690108e-05,0,2969.3139140191461,0.6166666666666667,0.0073677933500841952,False,0.51499406071918186,300,platt,300,0,-0.0026155111089124976,0.031606623982974549,252,0,False,0,0,0,0,0
20231211,-0.00029058834832683335,0,2990.5692228271637,0.66666666666666663,0.0040112140028951693,False,0.5066173642284405,300,platt,300,0,-0.0091939065837390206,0.031606623982974549,252,0,False,0,0,0,0,0
20231212,-0.00010289766393661002,0,3003.1287532666015,0.66666666666666663,-0.011545835908438051,True,0.50327080755734355,300,platt,300,0,-0.0032555727556362116,0.031606623982974549,252,0,False,0,0,0,0,0
20231213,-0.00012669551164993969,0,2968.3844713568169,0.6333333333333333,-0.0032926198225616821,True,0.50668601601769603,300,platt,300,0,-0.003965482798778442,0.031949580436704442,252,0,False,0,0,0,0,0
20231214,-0.0001859317604148078,0,2958.4354305983497,0.6333333333333333,-0.0055521730149684645,True,0.50670331899556831,300,platt,300,0,-0.0039040113449771013,0.047625824820931292,252,0,False,0,0,0,0,0
20231215,-0.00016230169997088275,0,2942.0792180290991,0.6333333333333333,-0.0039942134676889118,True,0.51002169845411871,300,platt,300,0,-0.0050799321228151926,0.031949580436704442,252,0,False,0,0,0,0,0
20231218,-0.0001829187488620556,0,2930.2675010723278,0.6333333333333333,0.00054155795359323022,False,0.51331665156621764,300,platt,300,0,-0.0038407471062141857,0.047625824820931292,252,0,False,0,0,0,0,0
20231219,-0.00011809374209938616,0,2932.0445029971302,0.66727841537389287,-0.010326454441202171,True,0.51001041639896461,300,platt,300,0,-0.0036962532992676563,0.031949580436704442,252,0,True,20231205,0.68233235244735746,0.65222447830042818,0.66727841537389287,347
20231220,-0.00015922322102860672,0,2901.64751676171,0.6166666666666667,0.0057218032013677256,False,0.51487501332717611,300,platt,300,0,-0.0049835778389655241,0.031949580436704442,252,0,False,0,0,0,0,0
20231221,0.00019085167049582492,1,2919.2719416143659,0.6166666666666667,-0.0013498063822540152,False,0.51153943776855537,300,platt,300,0,0.0059735266594164709,0.031949580436704442,252,0,False,20231205,0.54696688593610232,0.4044518153139352,0.47570935062501873,347
20231222,-0.00013157879915101341,0,2914.391677379389,0.57259323766579806,0.0013851497021108994,False,0.51519637847551503,300,platt,300,0,-0.0041183263552297712,0.031949580436704442,252,0,True,20231205,0.53859809041030349,0.60658838492129274,0.57259323766579806,347
20231225,-7.4069006103037331e-05,0,2918.596406451717,0.63736983192488372,-0.0068294552380649964,True,0.50634235377167502,300,platt,300,0,-0.0023434646529454039,0.031606623982974549,252,0,True,20231205,0.62880754324839694,0.64593212060137051,0.63736983192488372,347
20231226,-0.00011412217930737382,0,2898.5478736452083,0.6166666666666667,0.0054279953141882498,False,0.50789410910203858,300,platt,300,0,-0.0035719461021862914,0.031949580436704442,252,0,False,0,0,0,0,0
20231227,-0.00012440562586814424,0,2914.2512056460473,0.5730302188898887,0.013754721122915203,False,0.5074698655507438,300,platt,300,0,-0.0039360618184073526,0.031606623982974549,252,0,True,20231225,0.57335481438724734,0.57270562339253006,0.5730302188898887,351
20231228,-0.00023118514435839488,0,2954.0204164448164,0.57130407641104464,0.0068471506531873061,False,0.50401051226690241,300,platt,300,0,-0.0073144523275540827,0.031606623982974549,252,0,True,20231225,0.5586264548956178,0.58398169792647148,0.57130407641104464,351
20231229,-0.00011007751131310124,0,2974.6073265808973,0.58342749263065463,-0.0042550848509352868,True,0.50271076721258701,300,platt,300,0,-0.0034827354978626121,0.031606623982974549,252,0,True,20231225,0.51598556409541296,0.6508694211658963,0.58342749263065463,351
20240102,6.1740050760537241e-05,1,2962.4590910829547,0.59999999999999998,0.0016781014545503847,True,0.50544566805742863,300,platt,300,0,0.0019533896057293111,0.031606623982974549,252,0,False,20231225,0.28158690345561438,0.34823261299874914,0.31490975822718176,351
20240103,7.9361740344406956e-05,1,2967.482685901824,0.59999999999999998,-0.0043469920537796414,False,0.50544566805742863,300,platt,300,0,0.0025109211406810334,0.031606623982974549,252,0,False,20231225,0.45830979038582964,0.45182450020557779,0.45506714529570369,351
20240104,0.00013286397611143638,1,2954.741126501815,0.59999999999999998,-0.0085180536921064531,False,0.50523664283425573,300,platt,300,0,0.004203675032898352,0.031606623982974549,252,0,False,20240103,0.53814284974506377,0.48127238234973246,0.50970761604739812,356
20240105,-0,0,2929.1833000000001,0.64166666666666672,-0.014217410020055832,True,0.49948541814290359,300,platt,300,0,-0.0072465549659439825,0,252,0,False,0,0,0,0,0
20240108,-0,0,2887.5378999999998,0.65000000000000002,0.0019786406959367842,False,0.50231347529184178,300,platt,300,0,-0.0052940306732866755,0,252,0,False,0,0,0,0,0
20240109,-0,0,2893.2512999999999,0.65000000000000002,-0.0053742307140758339,True,0.50224601726425244,300,platt,300,0,-0.003193545378501758,0,252,0,False,0,0,0,0,0
20240110,-0.00014869801937924003,0,2877.2743913676268,0.65000000000000002,0.003109390432776804,False,0.5022115862790123,300,platt,300,0,-0.0047046473378282595,0.031606623982974549,252,0,False,0,0,0,0,0
20240111,-0,0,2886.6502,0.64166666666666672,-0.0016189353320329447,True,0.50277234014795336,300,platt,300,0,-0.0041699070041871025,0,252,0,False,0,0,0,0,0
20240112,-0,0,2881.9769000000001,0.6166666666666667,0.0014968544681950302,False,0.5042913764451854,300,platt,300,0,-0.0036292868847321441,0,252,0,False,0,0,0,0,0
20240115,-0,0,2886.2908000000002,0.60833333333333328,0.002667021632054567,False,0.50131911935825779,300,platt,300,0,-0.0050479048997929985,0,252,0,False,0,0,0,0,0
20240116,-0,0,2893.9886000000001,0.69288057304373929,-0.020861657851727555,True,0.49708481179950753,300,platt,300,0,-0.0050675765605472847,0,252,0,True,20240104,0.71521276322099536,0.67054838286648333,0.69288057304373929,357
20240117,-0.00025379443218364825,0,2832.896044239289,0.6333333333333333,0.0042944080762976622,False,0.49997751695581633,300,platt,300,0,-0.0080297861714164406,0.031606623982974549,252,0,False,0,0,0,0,0
20240118,-0.00041251556120454531,0,2844.6099698574244,0.6333333333333333,-0.0047454762815967166,True,0.49659848757439207,300,platt,300,0,-0.013051554048504324,0.031606623982974549,252,0,False,0,0,0,0,0
20240119,-0.00012539744678811846,0,2831.9241394071896,0.6333333333333333,-0.026812115598910058,True,0.49998613182927998,300,platt,300,0,-0.003924854257054934,0.031949580436704442,252,0,False,0,0,0,0,0
20240122,0.0010600251935629619,1,2759.2616897360226,0.6333333333333333,0.0053100853055167985,True,0.50332389723549309,300,platt,300,0,0.013867161459110411,0.076441396942598466,252,0,False,20240104,0.50380933044198928,0.49240071125954521,0.49810502085076724,357
20240123,-0.00068681322894212457,0,2769.0731568200745,0.59952010323851745,0.017970417141424333,False,0.5046141283147495,300,platt,300,0,-0.0089848335641729282,0.076441396942598466,252,0,True,20240122,0.61864682925774328,0.58039337721929163,0.59952010323851745,359
20240124,0.00091427001665056733,1,2823.3508471719811,0.6166666666666667,0.030252995642788383,True,0.50061260974132504,300,platt,300,0,0.011960404351808391,0.076441396942598466,252,0,False,20240122,0.42475036349041417,0.38647499085652881,0.40561267717347149,359
20240125,0.00096866048660693453,1,2908.9237326674752,0.6166666666666667,0.0014156387199142362,True,0.50392177645884506,300,platt,300,0,0.0123175056177432,0.078640961625509001,252,0,False,0,0,0,0,0
20240126,0.0004035060059114368,1,2911.39699233799,0.6166666666666667,-0.0092318364501794425,False,0.50399156323225014,300,platt,300,0,0.0048759351039022545,0.082754589081488666,252,0,False,0,0,0,0,0
20240129,0.00048939932203353478,1,2884.7671124715816,0.6166666666666667,-0.018322191224392714,False,0.50077610531923444,300,platt,300,0,0.0059138632366553352,0.082754589081488666,252,0,False,20240122,0.28530753424685051,0.40596765350903363,0.34563759387794207,359
20240130,0.00060778865608170454,1,2832.246961958218,0.6166666666666667,-0.014830597246462851,False,0.4975431759078332,300,platt,300,0,0.0077286523907987709,0.078640961625509001,252,0,False,20240129,0.49114142245344578,0.59283648211545459,0.54198895228445021,362
20240131,0.00059193696159487289,1,2790.1988447487688,0.60833333333333328,-0.0063860829086620496,False,0.49773183066533006,300,platt,300,0,0.0077436701220854384,0.076441396942598466,252,0,False,20240129,0.37830332905789193,0.4593926968088724,0.41884801293338214,362
20240201,0.00060510314757915393,1,2772.4168836766544,0.59999999999999998,-0.014648900873170945,False,0.49793329216144888,300,platt,300,0,0.0079159090725871902,0.076441396942598466,252,0,False,20240129,0.40386332197047392,0.520028249614778,0.46194578579262596,362
20240202,0.0014728915908822241,1,2734.1732179226301,0.60833333333333328,-0.010243751996225847,False,0.49423263054711869,300,platt,300,0,0.019268245346016517,0.076441396942598466,252,0,False,20240129,0.31049857835956435,0.57356172374777858,0.44203015105367149,362
20240205,0.0005137223746875016,1,2703.573172895045,0.60833333333333328,0.032307558512833179,True,0.49073804546343963,300,platt,300,0,0.016253630092357443,0.031606623982974549,252,0,False,20240129,0.36197556824155419,0.42238401863170383,0.39217979343662901,362
20240206,0.00063607747525333829,1,2791.2603292121348,0.60833333333333328,0.014414698621896704,True,0.49073804546343963,300,platt,300,0,0.019908789616610967,0.031949580436704442,252,0,False,20240205,0.32424305002658854,0.50240338619928948,0.41332321811293904,365
20240207,0.00067540627349854882,1,2831.6067941603314,0.59166666666666667,0.01279558126322855,True,0.49135703452354501,300,platt,300,0,0.0085884793311004643,0.078640961625509001,252,0,False,20240205,0.36407204166421864,0.52273902495216618,0.44340553330819243,365
20240208,0.00058566007811285158,1,2867.581645091976,0.59166666666666667,0.015576520518906456,True,0.49143596507794868,300,platt,300,0,0.0057883365779375614,0.10117934059762775,252,0,False,20240205,0.38939698055768324,0.50243439934775425,0.44591568995271874,365
20240219,0.00062421292155592897,1,2912.3607991735566,0.59166666666666667,0.0041869148860145255,True,0.49155803699539935,300,platt,300,0,0.0061693713150228245,0.10117934059762775,252,0,False,20240205,0.36551614152615319,0.331757197860789,0.34863666969347107,365
20240220,0.00057718585338329233,1,2924.4171585246963,0.59999999999999998,0.0096572033915411915,True,0.49474452334657654,300,platt,300,0,0.0057045820814217189,0.10117934059762775,252,0,False,20240205,0.47802868831928325,0.47859148481447567,0.47831008656687946,365
20240221,0.0013858301173635327,1,2955.0451231454822,0.59999999999999998,0.01267460615130922,True,0.49830632064385488,300,platt,300,0,0.013696769609072002,0.10117934059762775,252,0,False,20240220,0.26885496616142907,0.32544881737048864,0.29715189176595885,368
20240222,0.00069005419855678132,1,2990.4199288466802,0.59999999999999998,0.0055291906477863417,True,0.49840047245461389,300,platt,300,0,0.0060041777239502013,0.11492900948021714,252,0,False,20240220,0.26652860180453403,0.28182467527602695,0.27417663854028052,368
20240223,0.00045631367232676682,1,3006.2521682840147,0.59999999999999998,-0.0092712157320039568,False,0.50197513561110674,300,platt,300,0,0.0039703959373748243,0.11492900948021714,252,0,False,20240220,0.32792779282869067,0.40593249150039129,0.36693014216454101,368
20240226,0.00075161022978145699,1,2979.2596602646458,0.6166666666666667,0.012918479846018016,True,0.50091880290239732,300,platt,300,0,0.0058531498149062174,0.12841124070792295,252,0,False,20240220,0.23370854096815882,0.22036977251788425,0.22703915674302155,368
20240227,0.00095036439800551958,1,3018.3465055001529,0.6166666666666667,-0.019110817058122676,False,0.50436304729434567,300,platt,300,0,0.0074009439731772819,0.12841124070792295,252,0,False,20240220,0.27866110874600858,0.24920887782116743,0.26393499328358799,368
20240228,0.0013130962058458763,1,2961.7363447638922,0.59999999999999998,0.019378519360871316,True,0.5056276783989746,300,platt,300,0,0.010225710760264141,0.12841124070792295,252,0,False,20240227,0.19419079664840347,0.24707460846887155,0.22063270255863751,371
20240229,0.0013665522000596393,1,3019.2915888369166,0.6166666666666667,0.0039298597704833238,True,0.5078325423031711,300,platt,300,0,0.0098064755003090462,0.1393520230603312,252,0,False,20240227,0.30086046462851435,0.240065283363188,0.27046287399585117,371
20240301,0.00063792805550489978,1,3028.9514212377453,0.6166666666666667,0.0040584794208853303,True,0.50780724207184103,300,platt,300,0,0.0038630272264568704,0.16513682614916514,252,0,False,20240227,0.29247697246823195,0.29406537109277536,0.29327117178050366,371
20240304,0.00073043449788017466,1,3041.5255135867969,0.59999999999999998,0.0027926116673693269,True,0.51261626084869483,300,platt,300,0,0.0044232078023613355,0.16513682614916514,252,0,False,20240227,0.43522314064369633,0.5076202760796199,0.47142170836165809,371
20240305,0.0009802869529608061,1,3050.7808118112534,0.60833333333333328,-0.0025796370495096976,False,0.51191649564473529,300,platt,300,0,0.0040942052166904564,0.23943278391727013,252,0,False,20240227,0.47756700826881754,0.35744710286780845,0.41750705556831302,371
20240306,0.00085471242533094103,1,3042.529166712377,0.6166666666666667,-0.0041216726340720378,False,0.50781288021468396,300,platt,300,0,0.0035384876702819435,0.24154737983383684,252,0,False,20240305,0.31422702752750953,0.2925996793440705,0.30341335343579001,373
20240307,0.0013183739728453805,1,3031.3925470792778,0.60833333333333328,0.0061497958661773655,True,0.5083392818347513,300,platt,300,0,0.0055062383324286568,0.23943278391727013,252,0,False,20240305,0.26856005302576341,0.27942067055438552,0.27399036179007447,373
20240308,0.0010509316601654817,1,3049.220358014752,0.60833333333333328,0.0073657447727182301,True,0.51167119215642776,300,platt,300,0,0.0043508303045490682,0.24154737983383684,252,0,False,20240305,0.35194905016397471,0.34792085597856237,0.34993495307126854,373
20240311,0.0010684644732015453,1,3071.7339355825034,0.625,-0.0040803591279181539,False,0.51048203847823848,300,platt,300,0,0.0044234157039358245,0.24154737983383684,252,0,False,20240305,0.2662905946325988,0.32906538391237405,0.29767798927248645,373
20240312,0.00097477728032625453,1,3058.9138560081542,0.60833333333333328,-0.0039596391938964137,False,0.51216086756844237,300,platt,300,0,0.0040711938623370133,0.23943278391727013,252,0,False,20240305,0.15735899684388061,0.22884031004918898,0.19309965344653479,373
20240313,0.00097021759898755172,1,3046.7877818973275,0.59999999999999998,-0.0018400145658374889,False,0.51316054907601472,300,platt,300,0,0.0040521501822523417,0.23943278391727013,252,0,False,20240312,0.3316994937598457,0.35120922998853843,0.34145436187419209,375
20240314,0.0012743616624159096,1,3042.1057088036127,0.59999999999999998,0.0053985310347568483,True,0.50981884436351455,300,platt,300,0,0.0053224192675980107,0.23943278391727013,252,0,False,20240312,0.38104476640910429,0.49935651797383668,0.44020064219147048,375
20240315,0.0010772442175876391,1,3057.926488860111,0.59999999999999998,0.0099161736428226011,True,0.51325494446536768,300,platt,300,0,0.0044597636220632467,0.24154737983383684,252,0,False,20240312,0.42257606393497588,0.45246211165542094,0.43751908779519844,375
20240318,0.0009718266472161437,1,3087.924213485855,0.59999999999999998,-0.0071866873184842639,False,0.51324646103867133,300,platt,300,0,0.0039054649665005181,0.24883763023150263,252,0,False,20240312,0.35613266815538486,0.46356570612259967,0.40984918713899227,375
20240319,0.00088732545969182584,1,3065.4734611981585,0.59999999999999998,0.00552773420590702,True,0.51324646103867133,300,platt,300,0,0.0036735048018414732,0.24154737983383684,252,0,False,20240312,0.27293141327057785,0.3668325567909772,0.31988198503077753,375
20240320,-0.00080815495665568962,0,3077.1970365749726,0.59999999999999998,-0.00083544234170118692,True,0.51331112895538411,300,platt,300,0,-0.0033457409358430158,0.24154737983383684,252,0,False,0,0,0,0,0
20240321,-0.00069254818977909703,0,3074.9819509621038,0.60833333333333328,-0.0094502216850663734,True,0.51245224168300707,300,platt,300,0,-0.0027734850305404513,0.24970323695749119,252,0,False,0,0,0,0,0
20240322,0.0015308571559753206,1,3052.6997040482133,0.60833333333333328,-0.0071285631496976753,False,0.51249332804702274,300,platt,300,0,0.0061307060918714866,0.24970323695749119,252,0,False,20240319,0.50733981068979472,0.46912189873419735,0.48823085471199601,377
20240325,-0.0013195508736822763,0,3022.3121359334455,0.59999999999999998,0.0017101379883821544,False,0.51334490163429269,300,platt,300,0,-0.0053028590268065588,0.24883763023150263,252,0,False,0,0,0,0,0
20240326,-0.0010204941758433013,0,3028.3872913973701,0.59166666666666667,-0.01264797676937357,True,0.51410015277590937,300,platt,300,0,-0.0041010444236022452,0.24883763023150263,252,0,False,0,0,0,0,0
20240327,-0.0012762884173392348,0,2989.3186916180712,0.59999999999999998,0.0058549907541873836,False,0.51330704236543623,300,platt,300,0,-0.0051290008514863995,0.24883763023150263,252,0,False,0,0,0,0,0
20240328,0.0016747709760133356,1,3015.70577201582,0.6166666666666667,0.010131753012857514,True,0.50793254461477111,300,platt,300,0,0.0067303766494450044,0.24883763023150263,252,0,False,20240319,0.44488104975946735,0.30006260629348558,0.37247182802647649,377
20240329,0.0011192818184298757,1,3044.5708228179806,0.625,0.011907172868414362,True,0.51048341208532799,300,platt,300,0,0.0044824481735509869,0.24970323695749119,252,0,False,20240328,0.41277366042196084,0.34610986310748976,0.37944176176472533,377
20240401,-0.00098381681183135321,0,3074.3510231969499,0.6333333333333333,-0.00078638357984295304,True,0.51286993736403808,300,platt,300,0,-0.0039399441665981909,0.24970323695749119,252,0,False,0,0,0,0,0
20240402,-0.00072038542966949262,0,3072.743444627723,0.625,-0.0018415532488794684,True,0.51714506474613064,300,platt,300,0,-0.002884966324213607,0.24970323695749119,252,0,False,0,0,0,0,0
20240403,-0.00072529949724600608,0,3067.069741226831,0.625,-0.0072470366900760919,True,0.520411508451877,300,platt,300,0,-0.0029046459552684099,0.24970323695749119,252,0,False,0,0,0,0,0
20240408,-0.0010911972233427392,0,3043.7276646635009,0.625,0.00048712647756721239,False,0.52375026080333198,300,platt,300,0,-0.0043194355063900288,0.25262496030522008,252,0,False,0,0,0,0,0
20240409,-0.00061869421480430329,0,3046.6507878563525,0.625,-0.006954811667196914,True,0.52380573392817098,300,platt,300,0,-0.0024863370312147312,0.24883763023150263,252,0,False,0,0,0,0,0
20240410,0.0012257612276361353,1,3031.0456897434892,0.6333333333333333,0.0022830311902393152,True,0.52281595883546572,300,platt,300,0,0.0049088719977018382,0.24970323695749119,252,0,False,20240329,0.50336781616933679,0.41716924897536234,0.46026853257234956,374
20240411,-0.0013860722361730667,0,3030.040715307252,0.55182459259993866,-0.0048687212745807118,True,0.53262917853816694,300,platt,300,0,-0.005486679679230516,0.25262496030522008,252,0,True,20240329,0.56373542229542595,0.53991376290445137,0.55182459259993866,374
20240412,-0.00098778683721922975,0,3016.4909038213677,0.625,0.012553214989301953,False,0.52716075297951137,300,platt,300,0,-0.0039100920036792526,0.25262496030522008,252,0,False,0,0,0,0,0
20240415,0.0023998527415702549,1,3064.7148560153755,0.625,-0.016455114997898757,False,0.52718228812935186,300,platt,300,0,0.0096108195104367012,0.24970323695749119,252,0,False,20240329,0.47004240455639579,0.3297360576429898,0.39988923109969277,374
20240416,0.0016038363814694172,1,3011.8909452203361,0.6166666666666667,0.021387111252984203,True,0.52836271090155706,300,platt,300,0,0.0064453128732069598,0.24883763023150263,252,0,False,20240329,0.49186662626683342,0.33416668457451754,0.41301665542067545,374
20240417,0.0023507876372024748,1,3078.6007635436235,0.6166666666666667,0.0009259679506994356,True,0.5283183891063179,300,platt,300,0,0.0093054448553391809,0.25262496030522008,252,0,False,20240416,0.55023136862683897,0.39044430183879747,0.47033783523281825,377
20240418,0.0014972908060497895,1,3078.8276082293119,0.64166666666666672,-0.0029157271072517421,False,0.52851458625281167,300,platt,300,0,0.0059962811227180215,0.24970323695749119,252,0,False,20240416,0.3690429332932047,0.52419061868083872,0.44661677598702171,377
20240419,-0.00084309761926264399,0,3062.6766857484813,0.6166666666666667,-0.0067419381253340793,True,0.53133394365430986,300,platt,300,0,-0.0033881435797241755,0.24883763023150263,252,0,False,0,0,0,0,0
20240422,0.0012139070757394229,1,3048.2910556560423,0.6166666666666667,-0.0074288036715028927,False,0.53434993633388994,300,platt,300,0,0.0048613990372342476,0.24970323695749119,252,0,False,20240416,0.41825166561473026,0.46666514952453358,0.44245840756963195,377
20240423,-0.00096893262592807352,0,3019.0494074054291,0.60833333333333328,0.0075595533057408737,False,0.53455891607487449,300,platt,300,0,-0.0038803366657718659,0.24970323695749119,252,0,False,0,0,0,0,0
20240424,-0.00089671434647345893,0,3042.0919641611276,0.625,0.002652929860635922,False,0.53011082763940676,300,platt,300,0,-0.0036036123059008931,0.24883763023150263,252,0,False,0,0,0,0,0
20240425,-0.00086365233175819678,0,3050.2633557963754,0.6166666666666667,0.011705493137672329,False,0.53057560429457418,300,platt,300,0,-0.0034707464902101418,0.24883763023150263,252,0,False,0,0,0,0,0
20240426,-0.0012512252601491615,0,3084.7711209927611,0.59999999999999998,0.0079023563704843092,False,0.53122231856077473,300,platt,300,0,-0.00502827992287622,0.24883763023150263,252,0,False,0,0,0,0,0
20240429,-0.0012603430740504014,0,3109.1196975636603,0.59999999999999998,-0.0026400854315159483,True,0.53100610231504053,300,platt,300,0,-0.0052177882240635586,0.24154737983383684,252,0,False,0,0,0,0,0
20240430,0.00063237599695494689,1,3106.7879164885576,0.59999999999999998,0.011561329794969044,True,0.53107152533842839,300,platt,300,0,0.0025413198010551083,0.24883763023150263,252,0,False,20240422,0.36386255304299825,0.41304129709639525,0.38845192506969672,376
20240506,-0.00051566643120812869,0,3139.1008359199095,0.58127528914938886,0.0022343918293394882,False,0.53197141434374051,300,platt,300,0,-0.0020651171265990212,0.24970323695749119,252,0,True,20240422,0.64794199764671812,0.51460858065205972,0.58127528914938886,376
20240507,-0.00057760254867193458,0,3145.9198585086483,0.58013517541620463,-0.006118107669698003,True,0.53173114526732712,300,platt,300,0,-0.002313156031574649,0.24970323695749119,252,0,True,20240422,0.64419852115306675,0.51607182967934251,0.58013517541620463,376
20240508,-0.00062461987749298439,0,3126.525689330585,0.55490306763206132,0.0082596985283394098,False,0.53628024065956525,300,platt,300,0,-0.0025014488602697529,0.24970323695749119,252,0,True,20240422,0.51457532092589753,0.59523081433822511,0.55490306763206132,376
20240509,-0.0009770826978831226,0,3151.2380684067052,0.5835314186588727,7.1996497755577593e-05,False,0.53458161419700756,300,platt,300,0,-0.0039129756978258899,0.24970323695749119,252,0,True,20240422,0.60372775748985408,0.56333507982789133,0.5835314186588727,376
20240510,-0.00083805257012673482,0,3151.9035236114541,0.66666666666666674,-0.0020689181635956677,True,0.52885001099528206,300,platt,300,0,-0.003367869117492657,0.24883763023150263,252,0,False,0,0,0,0,0
20240513,-0.00097069437781879288,0,3144.9649340052529,0.66218837573319234,-0.00071359124163317134,True,0.53262071553005752,300,platt,300,0,-0.0040541414669187136,0.23943278391727013,252,0,True,20240509,0.67005445859597146,0.65432229287041321,0.66218837573319234,377
20240514,-0.00056742539876725086,0,3143.989307763391,0.57728140302946462,-0.0082244298327442955,True,0.5341221781554224,300,platt,300,0,-0.0023698734546030681,0.23943278391727013,252,0,True,20240509,0.60479859047058482,0.54976421558834432,0.57728140302946462,377
20240515,0.00081958604147887304,1,3122.4591282119404,0.66666666666666674,0.00080095461969786896,True,0.53232429395663272,300,platt,300,0,0.0032936579596758841,0.24883763023150263,252,0,False,20240509,0.49904812238736157,0.50100872778045669,0.5000284250839091,377
20240516,0.00068324743110136056,1,3124.5343724621184,0.73333333333333339,0.01012851968725359,True,0.535001860188689,300,platt,300,0,0.0028536085156051112,0.23943278391727013,252,0,False,20240509,0.57870397636020232,0.49816627847894812,0.53843512741957522,377
20240517,-0.0011600366293577093,0,3150.3675139620423,0.61142337723772888,0.0054276021731334279,False,0.54004568227190008,300,platt,300,0,-0.0048449364802045248,0.23943278391727013,252,0,True,20240509,0.60031696954729064,0.62252978492816702,0.61142337723772888,377
20240520,-0.00047177266103198948,0,3169.6490404376545,0.65024053478117527,-0.0041560381453374928,True,0.539859327155921,300,platt,300,0,-0.0023636784788470546,0.19959256948606174,252,0,True,20240517,0.55175566321573177,0.74872540634661888,0.65024053478117527,379
20240521,-0.00043761115741979136,0,3156.5837389749313,0.65370517038937948,0.00018182591406867843,False,0.53984045915245527,300,platt,300,0,-0.0021925222895151481,0.19959256948606174,252,0,True,20240517,0.63693437355694615,0.6704759672218128,0.65370517038937948,379
20240522,-0.00033054519791754375,0,3157.4958598036242,0.66077529497337917,-0.013345691786258551,True,0.53978502450632782,300,platt,300,0,-0.0018779336339686289,0.17601537772077921,252,0,True,20240517,0.62442490905838355,0.69712568088837479,0.66077529497337917,379
20240523,-0.00087851822971671983,0,3113.6491972096478,0.66666666666666674,-0.0088296158339770114,True,0.53989222151586658,300,platt,300,0,-0.005319941349261309,0.16513682614916514,252,0,False,0,0,0,0,0
20240524,-0.00093641560535841109,0,3085.9780334608686,0.66666666666666674,0.011386751241270865,False,0.53996608205236207,300,platt,300,0,-0.005670543798102088,0.16513682614916514,252,0,False,0,0,0,0,0
20240527,-0.00061344786269759124,0,3122.1262626827092,0.59999999999999998,-0.0046320109517069552,True,0.54040239344343177,300,platt,300,0,-0.0044021453670034238,0.1393520230603312,252,0,False,0,0,0,0,0
20240528,-0.00052178015694261852,0,3107.9495869816374,0.59999999999999998,0.00046485495544557054,False,0.54371955817817319,300,platt,300,0,-0.0031596838155972785,0.16513682614916514,252,0,False,0,0,0,0,0
20240529,-0.00059122842625302882,0,3109.1782779603068,0.6333333333333333,-0.0062165511374799864,True,0.54326886401336294,300,platt,300,0,-0.003580233676763188,0.16513682614916514,252,0,False,0,0,0,0,0
20240530,0.00078640956272463584,1,3094.1091249867832,0.64166666666666672,-0.0015733851696965173,False,0.54658128100329428,300,platt,300,0,0.0047621695357901945,0.16513682614916514,252,0,False,20240522,0.46668107592744945,0.4216982898261773,0.44418968287681337,377
20240531,-0.00045616859442477781,0,3085.4052926700706,0.6333333333333333,-0.0026968588383088354,True,0.54321386192924659,300,platt,300,0,-0.0027623674565037896,0.16513682614916514,252,0,False,0,0,0,0,0
20240603,0.00079077880647427377,1,3080.9231036199303,0.59999999999999998,0.004128811647091668,True,0.54396248451204521,300,platt,300,0,0.0047886278603900103,0.16513682614916514,252,0,False,20240522,0.50371726376784787,0.47237317829961178,0.48804522103372983,377
20240604,-0.00069560666027598068,0,3089.0489412482402,0.60833333333333328,-0.0083449167559307424,True,0.54379558054685695,300,platt,300,0,-0.0042123048898108995,0.16513682614916514,252,0,False,0,0,0,0,0
20240605,-0.00061003949489377097,0,3063.5333828582184,0.60833333333333328,-0.0054183733207838758,True,0.54389971753036315,300,platt,300,0,-0.0036941456919048041,0.16513682614916514,252,0,False,0,0,0,0,0
20240606,0.00081992825994910514,1,3051.2936922773702,0.60833333333333328,0.00081501081460433333,True,0.54721913847635972,300,platt,300,0,0.0049651448381869629,0.16513682614916514,252,0,False,20240603,0.51817605714713999,0.49408376590819947,0.50612991152766973,377
20240607,-0.0007545802755183239,0,3048.9762652778704,0.6166666666666667,-0.0076143814722660075,True,0.55021011155178479,300,platt,300,0,-0.004569424598464337,0.16513682614916514,252,0,False,0,0,0,0,0
20240611,-0.00065566759435901423,0,3026.0597089536723,0.6166666666666667,0.0031117105884586049,False,0.55025418702991191,300,platt,300,0,-0.0039704505024624939,0.16513682614916514,252,0,False,0,0,0,0,0
20240612,-0.00046251530065254554,0,3036.0626248060153,0.6166666666666667,-0.0028144498665417794,True,0.55019207493833033,300,platt,300,0,-0.0028008004721779244,0.16513682614916514,252,0,False,0,0,0,0,0
20240613,-0.00039326263266665796,0,3027.7275394579046,0.625,0.0012263782451473748,False,0.55002408702819783,300,platt,300,0,-0.0023814350913552791,0.16513682614916514,252,0,False,0,0,0,0,0
20240614,-0.00058822741579341964,0,3030.8494219508916,0.6166666666666667,-0.0055208125558734444,True,0.54686741382273585,300,platt,300,0,-0.0035620608044270169,0.16513682614916514,252,0,False,0,0,0,0,0
20240617,-0.00032754500213765994,0,3014.9028600742217,0.6166666666666667,0.0047600199834827439,False,0.55021221453910096,300,platt,300,0,-0.0019834764284605687,0.16513682614916514,252,0,False,0,0,0,0,0
20240618,-0.00043555618320422493,0,3028.9265574438477,0.60833333333333328,-0.0040251842226426415,True,0.54704451340401239,300,platt,300,0,-0.0026375472592091291,0.16513682614916514,252,0,False,0,0,0,0,0
20240619,-0.00035696394139894785,0,3016.9717652979284,0.60833333333333328,-0.0041789247232592031,True,0.55020631415004473,300,platt,300,0,-0.0020280270168508523,0.17601537772077921,252,0,False,0,0,0,0,0
20240620,-0.00073029279222661938,0,3003.2420510944385,0.6166666666666667,-0.0024286651967305728,True,0.55010517822628635,300,platt,300,0,-0.0036589177347988314,0.19959256948606174,252,0,False,0,0,0,0,0
20240621,-0.00071122529069303118,0,2996.0053486427801,0.625,-0.011686854809904279,True,0.55330817972049073,300,platt,300,0,-0.0035633856136247526,0.19959256948606174,252,0,False,0,0,0,0,0
20240624,0.0010315401581183991,1,2966.1554555078264,0.625,-0.0044219246276255841,False,0.55330817972049084,300,platt,300,0,0.0042418638571478417,0.24318087351629183,252,0,False,20240606,0.45720631584366467,0.39248782413561589,0.42484706998964028,371
20240625,0.0012059197190920326,1,2953.5537587094186,0.6166666666666667,0.0076368909344055602,True,0.55017199758760993,300,platt,300,0,0.0050365689249501746,0.23943278391727013,252,0,False,20240606,0.58055536408715247,0.48725023146338875,0.53390279777527061,371
20240626,-0.0014898786232303654,0,2968.0963983964944,0.55007952537288363,-0.0089730781415435779,True,0.55083315864998128,300,platt,300,0,-0.0059873525633734638,0.24883763023150263,252,0,True,20240606,0.54365846017889408,0.55650059056687307,0.55007952537288363,371
20240627,-0.00064734342336265926,0,2943.9454218226629,0.6333333333333333,0.0073155056920026773,False,0.55321173462244533,300,platt,300,0,-0.0025924510681167552,0.24970323695749119,252,0,False,0,0,0,0,0
20240628,0.0016326559504824976,1,2972.2475478388983,0.625,0.0092092317227712162,True,0.55332375026702196,300,platt,300,0,0.0064627657873154408,0.25262496030522008,252,0,False,20240606,0.53088623408190849,0.47246680102615374,0.50167651755403109,371
20240701,0.0012289395933113368,1,2998.4106426369594,0.6333333333333333,0.00076160447570194911,True,0.55662748874521484,300,platt,300,0,0.0048646800055961959,0.25262496030522008,252,0,False,20240628,0.49577133537259466,0.54408843780320448,0.51992988658789963,373
20240702,-0.00055100159239888154,0,2995.3597421114632,0.64166666666666672,-0.004883365296845299,True,0.55992156913600932,300,platt,300,0,-0.00218110511223105,0.25262496030522008,252,0,False,0,0,0,0,0
20240703,-0.0009732546756475428,0,2979.4729890027625,0.64166666666666672,-0.0083184022830657955,True,0.56336453228516103,300,platt,300,0,-0.0028860886505273865,0.3372227237266936,252,0,False,0,0,0,0,0
20240704,0.0019364127632434862,1,2963.2940704869479,0.64166666666666672,-0.002581074241090664,False,0.56668294793479679,300,platt,300,0,0.0057422368867789475,0.3372227237266936,252,0,False,20240628,0.54682699825532588,0.55217715758863051,0.54950207792197814,373
20240705,-0.0013135773212763836,0,2946.0583345178425,0.66643841715960561,-0.0093166513290318109,True,0.56325804593715245,300,platt,300,0,-0.0052605538369532769,0.24970323695749119,252,0,True,20240628,0.69487760744120119,0.63799922687801014,0.66643841715960561,373
20240708,-0.0011062301802466958,0,2919.2168978309842,0.6333333333333333,0.012634126341537266,False,0.56673081818002957,300,platt,300,0,-0.004378942519813381,0.25262496030522008,252,0,False,0,0,0,0,0
20240709,-0.0021498836570594971,0,2953.0100936420872,0.58026916635614012,-0.0067611632790790521,True,0.56665544413684954,300,platt,300,0,-0.0085101790989378853,0.25262496030522008,252,0,True,20240705,0.57086809254692616,0.58967024016535419,0.58026916635614012,374
20240710,-0.00085318098933388254,0,2936.8557908557405,0.625,0.010554597600650695,False,0.56668533936883903,300,platt,300,0,-0.0033772632296629516,0.25262496030522008,252,0,False,0,0,0,0,0
20240711,-0.0011507302119725569,0,2966.9692854775576,0.6166666666666667,0.00030554937042892583,False,0.56668423551089797,300,platt,300,0,-0.0034123744665118735,0.3372227237266936,252,0,False,0,0,0,0,0
20240712,0.00049777578994842676,1,2972.7740387157951,0.59999999999999998,0.00091397858509489893,True,0.56642858004397045,300,platt,300,0,0.0019704141243486661,0.25262496030522008,252,0,False,20240705,0.46923542901464399,0.48341560381148363,0.47632551641306381,374
20240715,-0.00065326525523258657,0,2972.0678821409997,0.62713024406328399,0.00077121444115846316,False,0.57006118200749267,300,platt,300,0,-0.0025859093829972901,0.25262496030522008,252,0,True,20240705,0.63912473945919535,0.61513574866737264,0.62713024406328399,374
20240716,-0.00062902653778973883,0,2974.4321256107619,0.77332348934894768,-0.0045188255784195386,True,0.56672039883212999,300,platt,300,0,-0.002519096450066535,0.24970323695749119,252,0,True,20240715,0.78756259318064603,0.75908438551724933,0.77332348934894768,375
20240717,-0.00053635654539389008,0,2961.2657533813326,0.59142109192234693,0.0048191695111361454,False,0.56610454638364893,300,platt,300,0,-0.0021231336157197891,0.25262496030522008,252,0,True,20240715,0.56488384069443653,0.61795834315025733,0.59142109192234693,375
20240718,-0.0014490173563770532,0,2972.8194820311505,0.66666666666666674,0.0017383164624062974,False,0.56399748383536785,300,platt,300,0,-0.0057358439745081348,0.25262496030522008,252,0,False,0,0,0,0,0
20240719,-0.001103147910390757,0,2979.0186724997693,0.59436147145627438,-0.0060668101215279879,True,0.55998523373347686,300,platt,300,0,-0.0044178358431875434,0.24970323695749119,252,0,True,20240715,0.59332796337446325,0.5953949795380854,0.59436147145627438,375
20240722,-0.0011850231406043707,0,2960.7028360387617,0.6166666666666667,-0.016478896355544892,True,0.56002619996122327,300,platt,300,0,-0.0046908394925530414,0.25262496030522008,252,0,False,0,0,0,0,0
20240723,0.0016941730007308221,1,2920.3076385998806,0.625,-0.0046020597396179141,False,0.56001489263153581,300,platt,300,0,0.0067062771575854248,0.25262496030522008,252,0,False,20240719,0.47182694162548805,0.48576938107592871,0.47879816135070841,373
20240724,-0.001020512698043352,0,2898.9903213389898,0.6166666666666667,-0.0052413689296976207,True,0.55673171233888707,300,platt,300,0,-0.0040396352633182966,0.25262496030522008,252,0,False,0,0,0,0,0
20240725,-0.00094066472493089354,0,2884.0261440068894,0.625,0.0014395815683676538,False,0.55674391302035697,300,platt,300,0,-0.0037235620890128497,0.25262496030522008,252,0,False,0,0,0,0,0
20240726,-0.00087397899605402526,0,2888.3707164800508,0.60833333333333328,0.00032792586578556104,False,0.55343162303854654,300,platt,300,0,-0.003459590829813842,0.25262496030522008,252,0,False,0,0,0,0,0
20240729,0.00075241167361845206,1,2894.0211581620183,0.66666666666666674,-0.0043383026056061924,False,0.54989395491524384,300,platt,300,0,0.0029783742378797109,0.25262496030522008,252,0,False,20240719,0.46380643645968811,0.44967835900315611,0.45674239773142211,373
20240730,0.0007358460626894635,1,2881.4183212739631,0.59999999999999998,0.020647278247807321,True,0.54697472005919079,300,platt,300,0,0.0029468823538508311,0.24970323695749119,252,0,False,20240729,0.49272891549112591,0.45941614122131885,0.47607252835622238,370
20240731,-0.0023676107787498038,0,2931.7914854812766,0.59999999999999998,-0.0021649345862880809,True,0.54726345758395312,300,platt,300,0,-0.0094816983856435121,0.24970323695749119,252,0,False,0,0,0,0,0
20240801,0.00066804817775813056,1,2934.3460758586361,0.59999999999999998,-0.009224430157941943,False,0.54750676821390309,300,platt,300,0,0.0027471246734927729,0.24318087351629183,252,0,False,20240729,0.40845764252260147,0.36817557658600431,0.38831660955430292,370
20240802,-0.00099629526258277075,0,2902.4429260125457,0.625,-0.015364720966152823,True,0.54316096240689948,300,platt,300,0,-0.0041610645220873975,0.23943278391727013,252,0,False,0,0,0,0,0
20240805,0.0021615479821188873,1,2866.8813355570419,0.6333333333333333,0.0023022005330308737,True,0.54641864491186787,300,platt,300,0,0.0086564676071334366,0.24970323695749119,252,0,False,20240729,0.52220842738867146,0.29780601898429399,0.41000722318648275,370
20240806,0.0016793866671712255,1,2872.098978016777,0.625,0.00088937833392632726,True,0.55004653431281236,300,platt,300,0,0.0063146350961358847,0.26595149863828121,252,0,False,20240805,0.51634794042900944,0.52869154607230395,0.52251974325065675,370
20240807,-0.0010863308449861133,0,2866.7162110230761,0.6333333333333333,2.3555371046368734e-05,False,0.55013521992000802,300,platt,300,0,-0.0043001722540544464,0.25262496030522008,252,0,False,0,0,0,0,0
20240808,0.0013178554515544381,1,2873.6835152054141,0.625,-0.0026855626468561544,False,0.55005506097892087,300,platt,300,0,0.0052166478322736298,0.25262496030522008,252,0,False,20240805,0.38130174759328112,0.40992387273522185,0.39561281016425148,370
20240809,-0.00094199848206092892,0,2859.4979175024364,0.6166666666666667,-0.0013938607448041873,True,0.54672638024568032,300,platt,300,0,-0.0037724720493763253,0.24970323695749119,252,0,False,0,0,0,0,0
20240812,-0.00066087969731818709,0,2856.3156706090786,0.60833333333333328,0.0034082234700762992,False,0.54663016097012906,300,platt,300,0,-0.0026466605133785011,0.24970323695749119,252,0,False,0,0,0,0,0
20240813,-0.00079444628212267513,0,2865.6675709629712,0.625,-0.0060294370953986043,True,0.54345397346309754,300,platt,300,0,-0.0033180346864996389,0.23943278391727013,252,0,False,0,0,0,0,0
20240814,-0.00056954956866750895,0,2849.030311300834,0.60833333333333328,0.0093676752551405951,False,0.54304717681387327,300,platt,300,0,-0.002342082090717353,0.24318087351629183,252,0,False,0,0,0,0,0
20240815,0.0017459573902015326,1,2882.3816442897596,0.6166666666666667,0.00072007031172582892,True,0.54320779361217264,300,platt,300,0,0.0072920565080377775,0.23943278391727013,252,0,False,20240808,0.48535971631340807,0.4453493481159439,0.46535453221467599,369
20240816,-0.00054720530921777177,0,2877.8541607259199,0.59999999999999998,0.0049468127335487999,False,0.54289128006321252,300,platt,300,0,-0.0022854234924104817,0.23943278391727013,252,0,False,0,0,0,0,0
20240819,-0.00095494080396118261,0,2890.9105128150268,0.59166666666666667,-0.0093351227080260557,True,0.54273718032472884,300,platt,300,0,-0.0039883460749933807,0.23943278391727013,252,0,False,0,0,0,0,0
20240820,-0.0014547592756556072,0,2862.4906983200899,0.59166666666666667,-0.0035152743906586847,True,0.54649417336662165,300,platt,300,0,-0.0060758566636315856,0.23943278391727013,252,0,False,0,0,0,0,0
20240821,-0.0005528533352883784,0,2855.0046280633537,0.59999999999999998,-0.0027347700167322797,True,0.55005851227879732,300,platt,300,0,-0.0022734244157213298,0.24318087351629183,252,0,False,0,0,0,0,0
20240822,-0.00056822500519386639,0,2847.153056629149,0.59999999999999998,0.001964249997139067,False,0.55012973410665789,300,platt,300,0,-0.0023366352664894031,0.24318087351629183,252,0,False,0,0,0,0,0
20240823,-0.00075253049962843114,0,2852.2195013991018,0.59166666666666667,0.00040387231146654656,False,0.55012018111575556,300,platt,300,0,-0.0030945299634266492,0.24318087351629183,252,0,False,0,0,0,0,0
20240826,-0.00056307790323593954,0,2853.9124196168286,0.58832908025297515,-0.0023775351903468911,True,0.5497884136873239,300,platt,300,0,-0.0023517159764992611,0.23943278391727013,252,0,True,20240815,0.51078524670794789,0.6658729137980024,0.58832908025297515,367
20240827,-0.00035135791018073092,0,2847.7302757589018,0.59166666666666667,-0.0039673451816023553,True,0.553321521726992,300,platt,300,0,-0.0015388315891131533,0.22832772128314743,252,0,False,0,0,0,0,0
20240828,-0.0007521906677549862,0,2835.2950121601252,0.58333333333333337,-0.0050479848079384437,True,0.55688879161251836,300,platt,300,0,-0.0031415525286415517,0.23943278391727013,252,0,False,0,0,0,0,0
20240829,0.00056239367200899934,1,2824.6936969498106,0.57499999999999996,0.0067685024933530347,True,0.55688386433165959,300,platt,300,0,0.0023488582591234459,0.23943278391727013,252,0,False,20240815,0.48810140150026482,0.49902738426850768,0.49356439288438625,367
20240830,-0.0017735396300666943,0,2837.1734204791619,0.59166666666666667,-0.010970038781735747,True,0.56036555784096054,300,platt,300,0,-0.0074072547670810838,0.23943278391727013,252,0,False,0,0,0,0,0
20240902,-0.0010322164608459682,0,2808.1334034009856,0.59999999999999998,-0.0028659550663722166,True,0.563832043897602,300,platt,300,0,-0.0042446449258963419,0.24318087351629183,252,0,False,0,0,0,0,0
20240903,-0.00073477951538883271,0,2800.9191286691689,0.57303203607690323,-0.0066716168767176898,True,0.56410979844961728,300,platt,300,0,-0.0029426110944405564,0.24970323695749119,252,0,True,20240829,0.59199888652708976,0.55406518562671681,0.57303203607690323,366
20240904,-0.00073580536674504749,0,2782.2296130843483,0.58333333333333337,0.001449495907072329,False,0.56765147344965228,300,platt,300,0,-0.002766690056316664,0.26595149863828121,252,0,False,0,0,0,0,0
20240905,-0.00068346492346950134,0,2786.4083851170349,0.59166666666666667,-0.0080720819795733201,True,0.56396323018364392,300,platt,300,0,-0.0027371087848006253,0.24970323695749119,252,0,False,0,0,0,0,0
20240906,-0.0014471024023050606,0,2761.8041946248286,0.6166666666666667,-0.010600524273823075,True,0.5667666924342798,300,platt,300,0,-0.0057282637493804231,0.25262496030522008,252,0,False,0,0,0,0,0
20240909,-0.0011848113342545262,0,2733.245378475473,0.6166666666666667,0.0028154704592853186,False,0.57011585424344646,300,platt,300,0,-0.0044549902531889089,0.26595149863828121,252,0,False,0,0,0,0,0
20240910,-0.0012557918437391389,0,2740.745965943167,0.59999999999999998,-0.0081615641995326227,True,0.56729445484002616,300,platt,300,0,-0.0047218829379379913,0.26595149863828121,252,0,False,0,0,0,0,0
20240911,-0.0012152293162574742,0,2718.4875946801112,0.60833333333333328,-0.0017165508999354984,True,0.56704594247609619,300,platt,300,0,-0.0033422632758633723,0.36359473086199545,252,0,False,0,0,0,0,0
20240912,-0.00099945607101246297,0,2714.4074548220165,0.6166666666666667,-0.0047968014404646819,True,0.56676223957722383,300,platt,300,0,-0.0027488189079170468,0.36359473086199545,252,0,False,0,0,0,0,0
20240913,-0.0014045554397669521,0,2700.2915562427024,0.6166666666666667,0.0048784256261331649,False,0.57011780171223303,300,platt,300,0,-0.0038629697312639534,0.36359473086199545,252,0,False,0,0,0,0,0
20240918,-0.0018959185209262916,0,2712.1295560567632,0.59999999999999998,0.0068969303987775898,False,0.56722504168818089,300,platt,300,0,-0.0052143729267790156,0.36359473086199545,252,0,False,0,0,0,0,0
20240919,-0.0027442082722252369,0,2728.5139852457683,0.58333333333333337,0.00028936168719684296,False,0.56783096244741627,300,platt,300,0,-0.0075474368556424911,0.36359473086199545,252,0,False,0,0,0,0,0
20240920,-0.0011756353099945075,0,2733.5964049422764,0.59999999999999998,0.0044225878858623613,False,0.56376880284534114,300,platt,300,0,-0.0034862280246194676,0.3372227237266936,252,0,False,0,0,0,0,0
20240923,-0.0014683457588748022,0,2744.881338353709,0.58333333333333337,0.041546460266889795,False,0.564173071960412,300,platt,300,0,-0.0043542313597610387,0.3372227237266936,252,0,False,0,0,0,0,0
20240924,0.0038919303422077756,1,2874.2685850069988,0.59999999999999998,0.011588803913764822,True,0.56036432960157945,300,platt,300,0,0.0146339853775412,0.26595149863828121,252,0,False,20240903,0.26732807098843026,0.16987839993117215,0.2186032354598012,359
20240925,0.0032849193241904352,1,2905.8198305626925,0.60833333333333328,0.036131165297917267,True,0.56366601005113348,300,platt,300,0,0.0090345625097555272,0.36359473086199545,252,0,False,20240903,0.28833764687929087,0.27100895522849117,0.27967330105389099,359
20240926,0.0056040271636152153,1,3017.7700198871221,0.6166666666666667,0.028849505986865642,True,0.56343704522525029,300,platt,300,0,0.015412839317911506,0.36359473086199545,252,0,False,20240903,0.31609997145465796,0.13381841966296268,0.22495919555881033,359
20240927,0.0036777648728985144,1,3098.8838042291495,0.6166666666666667,0.080636921063662381,True,0.56339823385576426,300,platt,300,0,0.0096043954789469879,0.38292518055511593,252,0,False,20240903,0.36693875512877044,0.3613133107311981,0.36412603292998424,359
20240930,0.0073241250694632068,1,3360.9343242515388,0.6166666666666667,0.045939703115009056,True,0.56682011658593745,300,platt,300,0,0.019126778392702271,0.38292518055511593,252,0,False,20240903,0.089750513638761104,0.051396801347844565,0.070573657493302827,359
20241008,0.0074642063270830275,1,3515.823501381517,0.6166666666666667,-0.066169679530351244,False,0.56676355537269807,300,platt,300,0,0.019225626637548621,0.38824255083082987,252,0,False,20240930,0.23549663876145907,0.066163892967322696,0.15083026586439088,362
20241009,-0.0074354618764237816,0,3234.626687067414,0.70849631502063115,0.013215703980701488,False,0.56464546648082559,300,platt,300,0,-0.019417531815601158,0.38292518055511593,252,0,True,20240930,0.75106105325798045,0.66593157678328185,0.70849631502063115,362
20241010,0.0071744296589890824,1,3325.6153351087441,0.6166666666666667,-0.025496695731421437,False,0.5634827452339255,300,platt,300,0,0.019417531815601158,0.36948206018772861,252,0,False,20240930,0.23172496734368689,0.19943607983144679,0.21558052358756685,362
20241011,0.0054725976003951451,1,3235.3470836157207,0.6166666666666667,0.020693047789445362,True,0.56349656718517727,300,platt,300,0,0.015051366634001917,0.36359473086199545,252,0,False,20240930,0.30405867925306118,0.2443318495044137,0.27419526437873742,362
20241014,0.0045031245948357361,1,3299.1122134271227,0.6166666666666667,-0.025280891264484517,False,0.56348914780742088,300,platt,300,0,0.012187667765378817,0.36948206018772861,252,0,False,20240930,0.15562735885538437,0.11835500229093227,0.13699118057315832,362
20241015,0.0042057252436212547,1,3214.7556541560302,0.6166666666666667,0.00051732239724833207,True,0.56013969026361687,300,platt,300,0,0.011567068735156019,0.36359473086199545,252,0,False,20241014,0.26205794320338172,0.23233310494491288,0.2471955240741473,363
20241016,0.0025257909567130581,1,3211.0379770932223,0.625,-0.010479002468975374,False,0.55988683989871446,300,platt,300,0,0.0094971864029552572,0.26595149863828121,252,0,False,20241014,0.30112990510298038,0.29463087792951748,0.2978803915162489,363
20241017,0.0025323946639452533,1,3177.4104318893119,0.6166666666666667,0.029084197836153791,True,0.56013103949457987,300,platt,300,0,0.010024324836649664,0.25262496030522008,252,0,False,20241014,0.40598808924423019,0.30796925687892512,0.35697867306157766,363
20241018,0.0053761382405199242,1,3279.0979151810061,0.625,0.0020072276383538146,True,0.55990365156380784,300,platt,300,0,0.020214731889260651,0.26595149863828121,252,0,False,20241014,0.21898545208310066,0.21080111666376569,0.21489328437343319,363
20241021,0.002068627395854966,1,3274.8705018786677,0.625,0.0054333850451788734,True,0.56324036337061822,300,platt,300,0,0.0082843435313861135,0.24970323695749119,252,0,False,20241014,0.37198079897733505,0.3066577817650919,0.33931929037121344,363
20241022,0.0013166213838766113,1,3290.1931426251126,0.60833333333333328,0.0051541649480688623,True,0.56699651628353398,300,platt,300,0,0.0052117628530683451,0.25262496030522008,252,0,False,20241021,0.36612431698887821,0.20041444212494858,0.28326937955691339,365
20241023,0.0018698063328951725,1,3308.9784015917439,0.6166666666666667,-0.0068245975811817017,False,0.57014814952971693,300,platt,300,0,0.007030629052548725,0.26595149863828121,252,0,False,20241021,0.3681557001709963,0.30454106745106113,0.33634838381102872,365
20241024,0.00085314853916171839,1,3283.0610511599416,0.60833333333333328,0.005925684301180123,True,0.57045970135934199,300,platt,300,0,0.0034166498983229285,0.24970323695749119,252,0,False,0,0,0,0,0
20241025,0.0014248761229002066,1,3304.4019641701962,0.625,0.0068179525273857067,True,0.56991254483384401,300,platt,300,0,0.0056402824217317207,0.25262496030522008,252,0,False,0,0,0,0,0
20241028,0.0014642300688125884,1,3327.061961474034,0.6333333333333333,-0.010773140368686707,False,0.56973733841546048,300,platt,300,0,0.0055056281927708837,0.26595149863828121,252,0,False,20241021,0.3225003314554632,0.18642099664963485,0.25446066405254902,365
20241029,0.0019604251653017632,1,3292.8497549862241,0.6333333333333333,-0.0061371583008434927,False,0.56638117034638125,300,platt,300,0,0.0073713634829639507,0.26595149863828121,252,0,False,20241028,0.31895891628607531,0.32297867683126674,0.32096879655867105,363
20241030,0.001543308463691762,1,3271.27861244117,0.625,0.0041597093757228532,True,0.5665908873439196,300,platt,300,0,0.006180570514408232,0.24970323695749119,252,0,False,20241028,0.50694677685420986,0.32020993742305542,0.41357835713863267,363
20241031,0.0015115795835461416,1,3284.7821156006562,0.6333333333333333,-0.0023812860225077559,False,0.5664036697215471,300,platt,300,0,0.0056836663500138065,0.26595149863828121,252,0,False,20241028,0.35155064527316332,0.53200670084533797,0.44177867305925067,363
20241101,0.0015465402256770147,1,3277.0745015792863,0.60833333333333328,0.01167262660412649,True,0.56699929609329947,300,platt,300,0,0.0061218821125533021,0.25262496030522008,252,0,False,20241028,0.23744750708228402,0.23475028388001101,0.23609889548114751,363
20241104,0.0015182331230656604,1,3315.2328662152504,0.6333333333333333,0.023194832033475166,True,0.56976473500164382,300,platt,300,0,0.0060098302290927212,0.25262496030522008,252,0,False,20241028,0.55077664766341461,0.53446016635471894,0.54261840700906672,363
20241105,0.0027830184046781672,1,3396.4129468791039,0.6333333333333333,-0.00093909427284766256,False,0.5697827382893399,300,platt,300,0,0.011016403134970272,0.25262496030522008,252,0,False,20241104,0.28057686897443362,0.6352913537157745,0.45793411134510409,365
20241106,0.00166256661652867,1,3389.4320032249225,0.625,0.025667752485352135,True,0.56658776665423949,300,platt,300,0,0.006836749093333966,0.24318087351629183,252,0,False,20241104,0.50377455151926076,0.58382132150133914,0.54379793651029995,365
20241107,-0.0035212501527142519,0,3458.4398347758556,0.56126953287696491,-0.0052911536243717139,True,0.56843379829529694,300,platt,300,0,-0.014479963418991283,0.24318087351629183,252,0,True,20241104,0.50839797353610816,0.61414109221782165,0.56126953287696491,365
20241108,-0.0020700789459903615,0,3445.1505724579865,0.67403273932642949,0.0051468919056822937,False,0.56817432162011072,300,platt,300,0,-0.0082901566323818465,0.24970323695749119,252,0,True,20241104,0.58329035099437276,0.76477512765848621,0.67403273932642949,365
20241111,-0.0016375247091809642,0,3464.3833816737688,0.70986737957336898,-0.013860141034217288,True,0.56226625759588855,300,platt,300,0,-0.0067337726257129292,0.24318087351629183,252,0,True,20241104,0.66851976492215048,0.75121499422458737,0.70986737957336898,365
20241112,-0.0026675253301564391,0,3412.8419080792119,0.61659205234156667,0.0050578174251141306,False,0.56689252389604194,300,platt,300,0,-0.010969305651325119,0.24318087351629183,252,0,True,20241111,0.6184607333928247,0.61472337129030874,0.61659205234156667,366
20241113,-0.0010759643868184375,0,3435.5772595708245,0.69886621988174946,-0.01728237829465229,True,0.56029491699828182,300,platt,300,0,-0.0047123686110988796,0.22832772128314743,252,0,True,20241111,0.6556969849612152,0.74203545480228383,0.69886621988174946,366
20241114,-0.0020801875510692452,0,3372.8082011956008,0.60073882336635753,-0.014531047618867365,True,0.56403333582657522,300,platt,300,0,-0.0083306391075073285,0.24970323695749119,252,0,True,20241111,0.53473778482783763,0.66673986190487755,0.60073882336635753,366
20241115,-0.0020165271507013973,0,3324.0097999844943,0.63170722914077126,-0.002064924998490536,True,0.56638130854307978,300,platt,300,0,-0.0079822957646981524,0.25262496030522008,252,0,True,20241111,0.54241997589514135,0.72099448238640118,0.63170722914077126,366
20241118,-0.0025981124538354398,0,3315.2128675576764,0.59999999999999998,0.0066673313579925786,False,0.56735780444744921,300,platt,300,0,-0.010043416613978876,0.258688109205713,252,0,False,0,0,0,0,0
20241119,-0.0020001513872147489,0,3339.3172738568956,0.69182701080190723,0.0065688689853808935,False,0.56497621331363479,300,platt,300,0,-0.0080101139720317252,0.24970323695749119,252,0,True,20241115,0.67516380542723387,0.70849021617658059,0.69182701080190723,369
20241120,-0.001307011362058824,0,3363.5872997176079,0.65501291283348129,0.00071692626814456872,False,0.56558222615400888,300,platt,300,0,-0.0053746470401228371,0.24318087351629183,252,0,True,20241115,0.52935548733713722,0.78067033832982535,0.65501291283348129,369
20241121,-0.00091478780809457554,0,3367.3206956039253,0.64495438704761754,-0.030623125020713293,True,0.56249121000463576,300,platt,300,0,-0.0037617588705358834,0.24318087351629183,252,0,True,20241115,0.61214242814704733,0.67776634594818774,0.64495438704761754,369
20241122,0.0034323837177349997,1,3278.4058552505608,0.625,-0.0010504128377410993,False,0.56323037586336944,300,platt,300,0,0.013745851914283833,0.24970323695749119,252,0,False,20241115,0.543368845021307,0.53852123864482138,0.54094504183306413,369
20241125,-0.0015748805099376022,0,3258.6196684593501,0.63756574323715942,-0.0012263464126970325,True,0.56279468008906719,300,platt,300,0,-0.0068974564327412748,0.22832772128314743,252,0,True,20241115,0.62764672962199264,0.6474847568523262,0.63756574323715942,369
20241126,-0.00097304422971103996,0,3256.5853120662809,0.59999999999999998,0.015345222644189471,False,0.567412678286496,300,platt,300,0,-0.0042616123186565479,0.22832772128314743,252,0,False,0,0,0,0,0
20241127,-0.0024391379072028737,0,3301.7058928205497,0.64955527997886164,-0.0042542418770026291,True,0.56640026460492243,300,platt,300,0,-0.010682618358802423,0.22832772128314743,252,0,True,20241125,0.58630825393413788,0.71280230602358541,0.64955527997886164,373
20241128,-0.00091044703219716333,0,3292.697741263748,0.59999999999999998,0.0093325896973033284,False,0.57016585148607524,300,platt,300,0,-0.0037439088816175678,0.24318087351629183,252,0,False,0,0,0,0,0
20241129,0.0018727486024574446,1,3332.6853152633116,0.6166666666666667,0.011281256503731685,True,0.56670382551881782,300,platt,300,0,0.0082020202887894793,0.22832772128314743,252,0,False,20241125,0.44714605293494186,0.54349436763439596,0.49532021028466888,373
20241202,0.0014695295207228299,1,3368.9257712970389,0.60833333333333328,0.0044066819257639889,True,0.57008432973614542,300,platt,300,0,0.0058851040083753442,0.24970323695749119,252,0,False,20241125,0.41883727192326331,0.62507943059387305,0.52195835125856815,373
20241203,-0.0012069984216137879,0,3374.7280861289614,0.61068584894352518,-0.0041897933006695975,True,0.57343990450892124,300,platt,300,0,-0.0048337315780142007,0.24970323695749119,252,0,True,20241125,0.5932309852329587,0.62814071265409177,0.61068584894352518,373
20241204,-0.0011210134348123902,0,3360.8779823707614,0.69205858538084442,0.0012499071968796738,False,0.57277555187208729,300,platt,300,0,-0.0044374611022520811,0.25262496030522008,252,0,True,20241203,0.64861675830586973,0.7355004124558191,0.69205858538084442,376
20241205,-0.0007658958172528207,0,3366.2751078168003,0.6727325894507068,0.010454916244102108,False,0.5692705155802148,300,platt,300,0,-0.0030317503714893004,0.25262496030522008,252,0,True,20241203,0.67056663111535264,0.67489854778606095,0.6727325894507068,376
20241206,0.0016875805526458541,1,3409.8210531323612,0.60833333333333328,-0.00045301568437183803,False,0.56701980064619639,300,platt,300,0,0.0067583447183471763,0.24970323695749119,252,0,False,20241203,0.43501810213807579,0.61083806319779188,0.52292808266793389,376
20241209,-0.0012344045271310232,0,3398.3341962563613,0.58572944447226272,0.0059151203854139744,False,0.56743243783416542,300,platt,300,0,-0.0050760757179709884,0.24318087351629183,252,0,True,20241203,0.54064633542082841,0.63081255352369703,0.58572944447226272,376
20241210,-0.0023254703135449379,0,3414.7014041488133,0.63689272896815596,0.0028718885281266981,False,0.56653925155840235,300,platt,300,0,-0.0095627188105693837,0.24318087351629183,252,0,True,20241203,0.57324714088440953,0.70053831705190239,0.63689272896815596,376
20241211,0.00061340815570562414,1,3434.5957174830601,0.6166666666666667,0.0084514735103977667,True,0.563424869877027,300,platt,300,0,0.0026865251063621022,0.22832772128314743,252,0,False,20241210,0.4896540222510764,0.42491655437329184,0.45728528831218412,377
20241212,-0.0011397347588129076,0,3457.5546083603163,0.59306974731798079,-0.020113131307995413,True,0.56394452484922153,300,platt,300,0,-0.0046867779621514987,0.24318087351629183,252,0,True,20241210,0.59012701071517271,0.59601248392078887,0.59306974731798079,377
20241213,0.0016356082648441399,1,3397.4259840172645,0.6166666666666667,-0.0016353771193788891,False,0.5667882213683143,300,platt,300,0,0.0065502084985889931,0.24970323695749119,252,0,False,20241210,0.45535658383810745,0.55742407466709387,0.50639032925260064,377
20241216,-0.00077402260086214994,0,3383.7101031171956,0.60633094550514022,-0.0073372031654789227,True,0.56364198455681036,300,platt,300,0,-0.0031829090407897334,0.24318087351629183,252,0,True,20241210,0.5520132834015743,0.66064860760870625,0.60633094550514022,377
20241217,0.0012120936711190642,1,3365.559434694062,0.60833333333333328,0.0061648646357188586,True,0.56699146654942623,300,platt,300,0,0.0048541367980960842,0.24970323695749119,252,0,False,20241210,0.50535265785564198,0.54912518092081797,0.52723891938822998,377
20241218,-0.0007882715409721114,0,3379.5420016091243,0.58293745031348809,-0.003599719366765064,True,0.56786838312368382,300,platt,300,0,-0.0031568334899331105,0.24970323695749119,252,0,True,20241217,0.53823647612226655,0.62763842450470964,0.58293745031348809,380
20241219,0.00098797374598958462,1,3373.3626042259161,0.60833333333333328,-0.00058272424683303292,False,0.56716680615532866,300,platt,300,0,0.0039108318702788525,0.25262496030522008,252,0,False,20241217,0.50294215312057355,0.59480836688398309,0.54887526000227838,380
20241220,0.00088467013844613222,1,3371.0489303339273,0.59999999999999998,-0.0049916431351338941,False,0.56422519598603194,300,platt,300,0,0.0035019110438544105,0.25262496030522008,252,0,False,20241217,0.38804750939938315,0.61371757644020541,0.50088254291979428,380
20241223,0.0011612881607808102,1,3355.1488751939623,0.6166666666666667,0.012613475701401811,True,0.56015745615629897,300,platt,300,0,0.0046506732348788283,0.24970323695749119,252,0,False,20241217,0.41612452160742691,0.5896827554012225,0.50290363850432473,380
20241224,-0.0013593085322615641,0,3388.9152482992008,0.69734803233294107,-5.2452785052836681e-05,True,0.55661888008367555,300,platt,300,0,-0.005254623169326348,0.258688109205713,252,0,True,20241217,0.70522240465416064,0.6894736600117215,0.69734803233294107,380
20241225,-0.0010415457976887029,0,3389.8157704632586,0.68273119715080155,0.0013928418408699628,False,0.55789346807465778,300,platt,300,0,-0.004026260816110603,0.258688109205713,252,0,True,20241224,0.60564072086686938,0.75982167343473372,0.68273119715080155,380
20241226,-0.00067313416015289576,0,3395.7891386290371,0.6085067077895927,0.00060784387873535906,False,0.56057122994234987,300,platt,300,0,-0.0026021070787509933,0.258688109205713,252,0,True,20241224,0.71187760510184839,0.50513581047733691,0.6085067077895927,380
20241227,-0.00098876256428083909,0,3396.7800668771611,0.56839019721992512,0.0021128235232528159,False,0.56240416013681949,300,platt,300,0,-0.0038222188384181158,0.258688109205713,252,0,True,20241224,0.4637328424581324,0.67304755198171784,0.56839019721992512,380
20241230,-0.00055584530002435412,0,3405.4319539128333,0.54545454545454541,-0.016306893332392991,True,0.55937688131914487,300,platt,300,0,-0.002226023606249765,0.24970323695749119,252,0,False,0,0,0,0,0
20241231,-0.0019500004751001239,0,3345.2270605575773,0.59541364739911384,-0.026613546363510765,True,0.55771678098258515,300,platt,300,0,-0.0078092719135718965,0.24970323695749119,252,0,True,20241224,0.59355413807847834,0.59727315671974934,0.59541364739911384,380
20250102,-0.0035602073358218561,0,3250.9453074622961,0.59423979593848342,-0.015671984279097106,True,0.56123734848914175,300,platt,300,0,-0.014257754041161814,0.24970323695749119,252,0,True,20241231,0.65820248802647985,0.53027710385048699,0.59423979593848342,379
20250103,-0.0023153210590574421,0,3203.9944087228437,0.6166666666666667,-0.0014034558250828333,True,0.56355152005356912,300,platt,300,0,-0.0089502415328114714,0.258688109205713,252,0,False,0,0,0,0,0
20250106,-0.001162194072126727,0,3203.195733332072,0.5539128321442226,0.0070850162030717811,False,0.56676181782774704,300,platt,300,0,-0.0044926458958441393,0.258688109205713,252,0,True,20241231,0.57702846143611453,0.53079720285233067,0.5539128321442226,379
20250107,-0.0014036106300493391,0,3225.110737490686,0.56798541422823912,0.00016224698952105321,False,0.56209302378648174,300,platt,300,0,-0.0054258799693540031,0.258688109205713,252,0,True,20241231,0.48963678169274455,0.64633404676373374,0.56798541422823912,379
20250108,-0.0023893550867905033,0,3222.4498818969473,0.6333333333333333,-0.0058122675294989268,True,0.55953909529218226,300,platt,300,0,-0.0092364318334030929,0.258688109205713,252,0,False,0,0,0,0,0
20250109,-0.00080822915386492941,0,3208.7977583104139,0.60833333333333328,-0.013349190209744899,True,0.56038888578650714,300,platt,300,0,-0.0030390095863464047,0.26595149863828121,252,0,False,0,0,0,0,0
20250110,-0.0018395189531969101,0,3162.6952404162444,0.59999999999999998,-0.0024518673332988294,True,0.56067447620235034,300,platt,300,0,-0.0069167459578741725,0.26595149863828121,252,0,False,0,0,0,0,0
20250113,-0.0011325029009739704,0,3157.1754357932318,0.59999999999999998,0.025368938750393477,False,0.56070895610154869,300,platt,300,0,-0.0042583061451903293,0.26595149863828121,252,0,False,0,0,0,0,0
20250114,-0.0029948971124799913,0,3231.2337181522789,0.59999999999999998,-0.0042652131788925018,True,0.55730953921583204,300,platt,300,0,-0.011261064997995481,0.26595149863828121,252,0,False,0,0,0,0,0
20250115,0.0011305322803046791,1,3230.7650596016601,0.60833333333333328,0.002762620886936018,True,0.5570745483186077,300,platt,300,0,0.003109319757259572,0.36359473086199545,252,0,False,20250107,0.32806148591873724,0.31605120603029335,0.32205634597451527,375
20250116,-0.0022377646062972261,0,3228.7905221255551,0.60833333333333328,0.0017889810731166467,False,0.55709463611605403,300,platt,300,0,-0.0063127597015844705,0.35448277965270225,252,0,False,0,0,0,0,0
20250117,0.0017028603057549583,1,3247.3415686398348,0.6333333333333333,0.00078856909196600711,True,0.55286354424956918,300,platt,300,0,0.0048037885152652643,0.35448277965270225,252,0,False,20250107,0.51826130818284444,0.45666993300382619,0.48746562059333531,375
20250120,-0.0013925211590521624,0,3239.8597355440447,0.60833333333333328,-0.00054093580229364058,True,0.55371535568724173,300,platt,300,0,-0.0039283182117237359,0.35448277965270225,252,0,False,0,0,0,0,0
20250121,0.0013327325784085427,1,3246.9441487785039,0.60833333333333328,-0.0089430388846362119,False,0.55374579741864072,300,platt,300,0,0.003759653937814023,0.35448277965270225,252,0,False,20250107,0.50738788695395021,0.3774516696771047,0.44241977831552748,375
20250122,0.0011009798609871433,1,3217.1618349744908,0.60833333333333328,0.005146837820495298,True,0.55368767286270359,300,platt,300,0,0.0041397768639182533,0.26595149863828121,252,0,False,20250121,0.47760493486389083,0.38201234719771704,0.42980864103080396,374
20250123,-0.0019975462181248929,0,3223.7112987171408,0.6166666666666667,0.0069540438461370702,False,0.55680327424925291,300,platt,300,0,-0.0056351008646511706,0.35448277965270225,252,0,False,0,0,0,0,0
20250124,-0.0012986281515911095,0,3248.4024477903517,0.60833333333333328,-0.00062278901751522397,True,0.55370495415787069,300,platt,300,0,-0.004882951057769239,0.26595149863828121,252,0,False,0,0,0,0,0
20250127,0.00080657537900188914,1,3253.2225544915864,0.60833333333333328,-0.0064951379601930759,False,0.55374619774922729,300,platt,300,0,0.0030327912537876189,0.26595149863828121,252,0,False,20250121,0.2564659335703105,0.31586965709508391,0.28616779533269721,374
20250205,0.0017314988416036355,1,3235.0794540383736,0.59999999999999998,0.012748709733395591,True,0.55394729877032023,300,platt,300,0,0.0065105812543611004,0.26595149863828121,252,0,False,20250121,0.53591064650966014,0.42938181500144712,0.48264623075555363,374
20250206,-0.0015342869559739213,0,3265.6412699451466,0.60833333333333328,0.01009190990660791,False,0.55373653010225099,300,platt,300,0,-0.0057690479799126617,0.26595149863828121,252,0,False,0,0,0,0,0
20250207,0.0021111530044471967,1,3310.6411456682813,0.60833333333333328,0.0056008072969591094,True,0.55364478016100382,300,platt,300,0,0.0079381128335680538,0.26595149863828121,252,0,False,20250205,0.32992702771941868,0.40306379480412846,0.36649541126177354,377
20250210,0.00086534529727411331,1,3325.0446240131764,0.6166666666666667,-0.0012380161905030107,False,0.55677145320792476,300,platt,300,0,0.003253771088731722,0.26595149863828121,252,0,False,20250205,0.52378469033337272,0.42221805581546973,0.47300137307442125,377
20250211,-0.00087248284069214117,0,3315.1619522903097,0.66085632649463988,0.0085376775787058268,False,0.55244308356109517,300,platt,300,0,-0.0024612841321853198,0.35448277965270225,252,0,True,20250205,0.5879467978228603,0.73376585516641946,0.66085632649463988,377
20250212,-0.0011841926994706779,0,3342.4226348397046,0.6166666666666667,-0.0041545722737137414,True,0.55346229531415048,300,platt,300,0,-0.0044526641343777132,0.26595149863828121,252,0,False,0,0,0,0,0
20250213,0.00087911060130555722,1,3335.4122207823261,0.625,0.0042735707007142132,True,0.55660823548486005,300,platt,300,0,0.0033055297894795076,0.26595149863828121,252,0,False,20250205,0.46688258039494135,0.61207015138447884,0.53947636588971015,377
20250214,-0.00084688911753876299,0,3343.8898956956168,0.625,0.0027206902797667354,False,0.559957430823111,300,platt,300,0,-0.003273784481780347,0.258688109205713,252,0,False,0,0,0,0,0
20250217,-0.0007609962830133943,0,3353.2758261479735,0.65785891912724126,-0.0093386744070675931,True,0.55905289236798417,300,platt,300,0,-0.002941752078787037,0.258688109205713,252,0,True,20250213,0.58145413348921871,0.7342637047652637,0.65785891912724126,378
20250218,-0.0016602191674150535,0,3318.9712169839886,0.6166666666666667,0.0081361637779935325,False,0.56009045501031685,300,platt,300,0,-0.0064178410538956012,0.258688109205713,252,0,False,0,0,0,0,0
20250219,-0.0010025580368951033,0,3348.1790874390713,0.66774688533413329,-0.00022553816467374421,True,0.55879627590735959,300,platt,300,0,-0.0038755474303531004,0.258688109205713,252,0,True,20250213,0.61039907428491791,0.72509469638334856,0.66774688533413329,378
20250220,-0.0005564946550741703,0,3348.9186070032383,0.65000000000000002,0.0084545903043027337,False,0.55904289419327247,300,platt,300,0,-0.0021512185340982824,0.258688109205713,252,0,False,0,0,0,0,0
20250221,-0.0013638469051680789,0,3374.5042074655057,0.66230062077744312,-0.0018008277202229417,True,0.55533137775340813,300,platt,300,0,-0.0051281790557722619,0.26595149863828121,252,0,True,20250213,0.57888843640908227,0.74571280514580396,0.66230062077744312,378
20250224,-0.00093865635223843911,0,3369.8614862169843,0.63598846561818778,-0.0080010611238401363,True,0.55605165633065146,300,platt,300,0,-0.0035294268204711233,0.26595149863828121,252,0,True,20250221,0.52896216420410402,0.74301476703227165,0.63598846561818778,378
20250225,-0.0013732533568675302,0,3341.4448396124376,0.59999999999999998,0.010213446953021954,False,0.56053806235502379,300,platt,300,0,-0.0039105845739009328,0.35116319080082348,252,0,False,0,0,0,0,0
20250226,-0.0012583149268238006,0,3375.961025764615,0.6333333333333333,0.0023216870503834919,False,0.5599344840650784,300,platt,300,0,-0.00354972088646058,0.35448277965270225,252,0,False,0,0,0,0,0
20250227,-0.0015709295508473408,0,3382.7397929699109,0.59999999999999998,-0.019823986702487306,True,0.56014488928868211,300,platt,300,0,-0.0042990629350292096,0.36541208504933581,252,0,False,0,0,0,0,0
20250228,-0.0028489363323718547,0,3311.4362750259547,0.59999999999999998,-0.0011960622811191257,True,0.56355941754692529,300,platt,300,0,-0.0080368821728464372,0.35448277965270225,252,0,False,0,0,0,0,0
20250303,-0.0014706207742102033,0,3312.0473607473164,0.65072221519425022,0.0021961905503267154,False,0.56615659764670645,300,platt,300,0,-0.0055296577824905753,0.26595149863828121,252,0,True,20250224,0.58551187741405497,0.71593255297444558,0.65072221519425022,376
20250304,-0.00097049004838305588,0,3320.9837873733136,0.66666666666666674,0.005341118802395739,False,0.56627787969938015,300,platt,300,0,-0.0037515835241244367,0.258688109205713,252,0,False,0,0,0,0,0
20250305,-0.00087770485535553378,0,3339.0316411808421,0.66666666666666674,0.011709698088091969,False,0.56230568748955312,300,platt,300,0,-0.0035149919001849061,0.24970323695749119,252,0,False,0,0,0,0,0
20250306,-0.0011348287550580164,0,3377.2613324254826,0.66666666666666674,-0.0025295035048227277,True,0.56276318669354064,300,platt,300,0,-0.0046666036627341454,0.24318087351629183,252,0,False,0,0,0,0,0
20250307,-0.00079956968145692472,0,3369.849214628995,0.73333333333333339,-0.0018925762253546585,True,0.56647594657786593,300,platt,300,0,-0.0032879628644123518,0.24318087351629183,252,0,False,0,0,0,0,0
20250310,-0.00079713740141488642,0,3363.4797055734412,0.71465338642541254,0.0040596370407492977,False,0.56768782957715502,300,platt,300,0,-0.003491198514727708,0.22832772128314743,252,0,True,20250303,0.70077887982707066,0.72852789302375454,0.71465338642541254,376
20250311,-0.0010914406541016562,0,3376.1395178803527,0.74063965319356773,-0.0023388465520912671,True,0.56633190326993743,300,platt,300,0,-0.0054683431197466272,0.19959256948606174,252,0,True,20250303,0.71802539326473847,0.76325391312239688,0.74063965319356773,376
20250312,-0.00061597135940280601,0,3369.8464916979024,0.66666666666666674,-0.0039131967258450029,True,0.57042279475062818,300,platt,300,0,-0.0026977510919006836,0.22832772128314743,252,0,False,0,0,0,0,0
20250313,-0.0010033327036530655,0,3355.3585778532588,0.66666666666666674,0.018111943254716767,False,0.57430621968758055,300,platt,300,0,-0.004394265829898247,0.22832772128314743,252,0,False,0,0,0,0,0
20250314,-0.001658326516419331,0,3413.890850324191,0.59999999999999998,0.0019203923684252278,False,0.56983662867124507,300,platt,300,0,-0.0072629223779746531,0.22832772128314743,252,0,False,0,0,0,0,0
20250317,0.000295181667877421,1,3427.1398303249921,0.60833333333333328,0.0010597384190349501,True,0.56664489143215524,300,platt,300,0,0.001660218248978079,0.1777969059544523,252,0,False,20250311,0.39381106106734542,0.51099223079533074,0.45240164593133808,374
20250318,-0.00029235439046357455,0,3428.756594810412,0.57626985394507924,-0.00097097192797179765,True,0.56634983407263484,300,platt,300,0,-0.0016443165244870424,0.1777969059544523,252,0,True,20250311,0.58720891820905874,0.56533078968109973,0.57626985394507924,374
20250319,-0.00051938304669233706,0,3424.6494708147666,0.64974948402249355,-0.0051017836615968593,True,0.5667348195813956,300,platt,300,0,-0.0029212153265782462,0.1777969059544523,252,0,True,20250311,0.58389752572176956,0.71560144232321743,0.64974948402249355,374
20250320,-0.00047709401446353021,0,3407.3218112181639,0.61550353264422708,-0.01294167508910804,True,0.56998613916994234,300,platt,300,0,-0.0026833651120214169,0.1777969059544523,252,0,True,20250311,0.56559115910894564,0.66541590617950863,0.61550353264422708,374
20250321,-0.0012712403138802001,0,3360.5531915647784,0.59999999999999998,0.0015446839569075443,False,0.56998626453489598,300,platt,300,0,-0.0071499574587977604,0.1777969059544523,252,0,False,0,0,0,0,0
20250324,-0.00071922457581769547,0,3367.6044928254387,0.72354421473300412,-1.5430137485838991e-05,True,0.57040004744369877,300,platt,300,0,-0.0040452029913385845,0.1777969059544523,252,0,True,20250320,0.63664939959615696,0.81043902986985128,0.72354421473300412,374
20250325,-0.00040387605154163056,0,3368.6152472781669,0.59828178502867924,-0.00037952789163531175,True,0.57315056571947154,300,platt,300,0,-0.0022945498102007688,0.17601537772077921,252,0,True,20250320,0.58614910587355296,0.61041446418380563,0.59828178502867924,374
20250326,-0.00033312790443834156,0,3367.5750929277638,0.59999999999999998,0.0014995707687954773,False,0.57658446783447415,300,platt,300,0,-0.0020140247574638535,0.1654040761931003,252,0,False,0,0,0,0,0
20250327,0.00085144941218687166,1,3376.6214765177715,0.59999999999999998,-0.0066519769743386137,False,0.57322753854116049,300,platt,300,0,0.0051476930422975223,0.1654040761931003,252,0,False,20250320,0.50280228920226056,0.51388607744415715,0.50834418332320885,374
20250328,-0.00056914959069481025,0,3349.3994051064874,0.56203305475667431,-0.0046431439819236697,True,0.57286642479358652,300,platt,300,0,-0.0034409647198195945,0.1654040761931003,252,0,True,20250320,0.55147504535704794,0.57259106415630068,0.56203305475667431,374
20250331,-0.00094082087451381204,0,3332.6078603429596,0.64754320308327173,0.0038039164970045114,False,0.57658346522755966,300,platt,300,0,-0.005345106130478422,0.17601537772077921,252,0,True,20250328,0.6205197573868293,0.67456664877971428,0.64754320308327173,376
20250401,-0.00037373198194216184,0,3347.1836827136726,0.69999999999999996,0.00050516135134293094,False,0.5756036269020155,300,platt,300,0,-0.002276692582719782,0.16415566369338025,252,0,False,0,0,0,0,0
20250402,-0.00035562296946257981,0,3348.9352180304327,0.63636363636363635,-0.0024234606536959191,True,0.57301200379604977,300,platt,300,0,-0.002166376483523795,0.16415566369338025,252,0,False,0,0,0,0,0
20250403,-0.00076920005906474869,0,3339.4370274797652,0.66666666666666674,-0.073438340671686753,True,0.57255918461243405,300,platt,300,0,-0.0046857966503154377,0.16415566369338025,252,0,False,0,0,0,0,0
20250407,0.00344207983804463,1,3107.2348625049885,0.58333333333333337,0.015815176774916839,True,0.57722871626948857,300,platt,300,0,0.020968389153321887,0.16415566369338025,252,0,False,20250328,0.41397182017872625,0.67225158223559967,0.5431117012071629,376
20250408,0.0013732340146969167,1,3149.86867501902,0.58333333333333337,0.013117201063559847,True,0.58081041024747859,300,platt,300,0,0.0077236103031439107,0.1777969059544523,252,0,False,20250407,0.47557779190032123,0.37237214088201481,0.42397496639116805,376
20250409,0.0026159107691066316,1,3195.1463103365058,0.59166666666666667,0.011556384332808811,True,0.58079711452731753,300,platt,300,0,0.014712915025511024,0.1777969059544523,252,0,False,20250407,0.30141877539655171,0.19246850409739069,0.2469436397469712,376
20250410,0.0010915961195778427,1,3227.1568106225645,0.59166666666666667,0.0045256013400263306,True,0.58409041226768033,300,platt,300,0,0.0047808304372475331,0.22832772128314743,252,0,False,20250407,0.20667747143527324,0.30086499955600493,0.25377123549563907,376
20250411,0.0010904874862902748,1,3241.7580458031698,0.60833333333333328,0.0075907901200742423,True,0.58372635890474545,300,platt,300,0,0.0047759749896420581,0.22832772128314743,252,0,False,20250407,0.29489404680477466,0.27601468525369927,0.28545436602923696,376
20250414,0.00083785372802963967,1,3265.5412554277177,0.60833333333333328,0.0014879210618463645,True,0.58702101007907148,300,platt,300,0,0.0034453932001914118,0.24318087351629183,252,0,False,20250407,0.29265839352432382,0.32979547998563813,0.31122693675498098,376
20250415,0.0007201646894372083,1,3270.0155550054651,0.6166666666666667,0.0025527729716745551,True,0.58679318556297677,300,platt,300,0,0.0027839110643640818,0.258688109205713,252,0,False,20250414,0.47453080734228348,0.3652182566169927,0.41987453197963809,379
20250416,-0.0012586353433923772,0,3271.8806057063689,0.56598245284095605,0.0013239605728185833,False,0.59174275572019996,300,platt,300,0,-0.0051757168448038132,0.24318087351629183,252,0,True,20250414,0.61807721142376848,0.51388769425814362,0.56598245284095605,379
20250417,0.00077514910067682944,1,3282.8839535310931,0.6166666666666667,-0.0011007391548171208,False,0.59010680336132193,300,platt,300,0,0.0033948970204786175,0.22832772128314743,252,0,False,20250414,0.53705848813350077,0.55315312790589188,0.54510580801969633,379
20250418,0.00057377793005129946,1,3278.6105155862479,0.60833333333333328,0.0044873084462486723,True,0.58705882878360682,300,platt,300,0,0.0025129578083064293,0.22832772128314743,252,0,False,20250414,0.42203801605944563,0.3838330426959658,0.40293552937770571,379
20250421,0.00078361768353454257,1,3294.0133259649483,0.60833333333333328,0.0025286849887105056,True,0.59037760241624893,300,platt,300,0,0.0034319866161270202,0.22832772128314743,252,0,False,20250414,0.41058646212463928,0.38656746833024369,0.39857696522744146,379
20250422,0.00062381019788774832,1,3301.8155221295324,0.59999999999999998,-0.0010309546723907825,False,0.59068382502019767,300,platt,300,0,0.0027320826152080154,0.22832772128314743,252,0,False,20250421,0.30903482182878628,0.29452631537581286,0.30178056860229957,381
20250423,0.00053399512893218849,1,3298.1154376200307,0.59166666666666667,0.00028300954945637002,True,0.58760417166343248,300,platt,300,0,0.0023387222801123887,0.22832772128314743,252,0,False,20250421,0.32519298037417105,0.2551450939818149,0.29016903717799297,381
20250424,-0.00076131949592087977,0,3294.7778102858024,0.60833333333333328,-0.00067573713076518604,True,0.5870880922549383,300,platt,300,0,-0.0033343279197219043,0.22832772128314743,252,0,False,0,0,0,0,0
20250425,0.00045734864278957466,1,3296.5669912189105,0.60833333333333328,-0.0020167462807961778,False,0.59045240439736435,300,platt,300,0,0.0020030359880061177,0.22832772128314743,252,0,False,0,0,0,0,0
20250428,0.00041892328502820181,1,3289.7922934886587,0.59166666666666667,-0.00053518189174861508,False,0.58775753643588313,300,platt,300,0,0.0020671168445478517,0.20266067016634198,252,0,False,20250421,0.3809130633987276,0.41582513859237075,0.39836910099554917,381
20250429,-0.00041735298284880078,0,3285.2831048156254,0.59166666666666667,-0.0023195012752784683,True,0.58432252579071886,300,platt,300,0,-0.0020593684137442227,0.20266067016634198,252,0,False,0,0,0,0,0
20250430,0.0004074737140950679,1,3280.3675191031925,0.59999999999999998,0.011308857853572274,True,0.58740791738209708,300,platt,300,0,0.0017846002745753457,0.22832772128314743,252,0,False,20250428,0.27822037532035182,0.38583664898110165,0.33202851215072671,381
20250506,0.00079408393337529405,1,3318.7467724515991,0.60833333333333328,0.0080068429503392657,True,0.59043636924605936,300,platt,300,0,0.0034778253333092074,0.22832772128314743,252,0,False,20250428,0.30612423862079285,0.23035283746890997,0.26823853804485143,381
20250507,-0.00085586047058922607,0,3339.804245074492,0.60833333333333328,0.0027913954048224277,False,0.59377056817786678,300,platt,300,0,-0.0037483861608196061,0.22832772128314743,252,0,False,0,0,0,0,0
20250508,-0.0009093943462427002,0,3348.9475139708507,0.66666666666666674,-0.0029823724719464373,True,0.59139088599327716,300,platt,300,0,-0.0037395800627460759,0.24318087351629183,252,0,False,0,0,0,0,0
20250509,-0.00046176075698928069,0,3340.455696058079,0.69230769230769229,0.0081524862261324049,False,0.59383650497322826,300,platt,300,0,-0.0018988366573095032,0.24318087351629183,252,0,False,0,0,0,0,0
20250512,-0.00080272218981855623,0,3366.5399326769257,0.71622005062511374,0.0016698699070369916,False,0.59183882050930903,300,platt,300,0,-0.0033009265005571175,0.24318087351629183,252,0,True,20250506,0.61198340790863492,0.82045669334159244,0.71622005062511374,382
20250513,-0.0004530792013602206,0,3373.3416162785502,0.66666666666666674,0.0086158560089428793,False,0.59047082244150451,300,platt,300,0,-0.0018631366637058596,0.24318087351629183,252,0,False,0,0,0,0,0
20250514,-0.0013889369195441957,0,3399.2202308116975,0.625,-0.0067940812611098078,True,0.58963174581255617,300,platt,300,0,-0.0057115384917438596,0.24318087351629183,252,0,False,0,0,0,0,0
20250515,-0.00075163195664729415,0,3378.2802665960426,0.64705882352941169,-0.003951554495011167,True,0.58824679593343154,300,platt,300,0,-0.0029055527869260669,0.258688109205713,252,0,False,0,0,0,0,0
20250516,-0.00073804285150872383,0,3364.9765688169769,0.66666666666666674,3.5932106611236136e-05,False,0.58724272935513566,300,platt,300,0,-0.0027751031871887694,0.26595149863828121,252,0,False,0,0,0,0,0
20250519,-0.00051672953371373993,0,3365.8427704583405,0.62026618569247072,0.0038291856155938664,False,0.58666609768266809,300,platt,300,0,-0.0019975001375220854,0.258688109205713,252,0,True,20250512,0.52682488314896203,0.71370748823597951,0.62026618569247072,383
20250520,-0.00054052265016718321,0,3378.6507750726082,0.65000000000000002,0.0020989931009756102,False,0.58152595187650391,300,platt,300,0,-0.0020894762106647537,0.258688109205713,252,0,False,0,0,0,0,0
20250521,-0.00044067918572197803,0,3386.0807668243788,0.61904761904761907,-0.0021800559550941845,True,0.58010570978859144,300,platt,300,0,-0.0017035154305122806,0.258688109205713,252,0,False,0,0,0,0,0
20250522,-0.000434669647355094,0,3378.7192346567117,0.60389996157675496,-0.0094127294971863007,True,0.58104308886594636,300,platt,300,0,-0.0016802846048460528,0.258688109205713,252,0,True,20250512,0.5576355443861799,0.65016437876733002,0.60389996157675496,383
20250523,-0.0012621540057500709,0,3344.1455392461053,0.60869565217391308,-0.00045780460992428385,True,0.5841156660617669,300,platt,300,0,-0.0048790569061154081,0.258688109205713,252,0,False,0,0,0,0,0
20250526,-0.00079492667486245861,0,3344.1783085614152,0.55116559581955338,-0.0018380927100523081,True,0.58792871380834733,300,platt,300,0,-0.0030729154011107638,0.258688109205713,252,0,True,20250522,0.47331788100482192,0.62901331063428478,0.55116559581955338,384
20250527,-0.0005839204914377099,0,3338.7363044052204,0.59999999999999998,-0.00022603135223375759,True,0.58812793833094335,300,platt,300,0,-0.0022572374634095252,0.258688109205713,252,0,False,0,0,0,0,0
20250528,-0.00035882712735311242,0,3338.7334418307678,0.65049394354517132,0.0070401435430464954,False,0.58445792200537527,300,platt,300,0,-0.0013871032899612995,0.258688109205713,252,0,True,20250522,0.55692822896169403,0.74405965812864849,0.65049394354517132,384
20250529,0.00094664204785883553,1,3366.6294789359813,0.62962962962962965,-0.0047445989536623046,False,0.58261599317507162,300,platt,300,0,0.0036593952878833341,0.258688109205713,252,0,False,20250522,0.49155207195820433,0.45879208955879314,0.4751720807584987,384
20250530,0.00061256890688032634,1,3349.5378666361567,0.60714285714285721,0.0043280821408941961,True,0.58102836867232488,300,platt,300,0,0.002367982466458099,0.258688109205713,252,0,False,20250522,0.46165665900325903,0.41462465008234334,0.43814065454280116,384
20250603,-0.00081799187472728703,0,3359.2254313579679,0.62068965517241381,0.0042318571328079368,False,0.57997841728801391,300,platt,300,0,-0.0031620775969907707,0.258688109205713,252,0,False,0,0,0,0,0
20250604,0.00050368861658292195,1,3377.9034549680046,0.59999999999999998,0.0023386035240950953,True,0.58160600519930139,300,platt,300,0,0.0019470883997315105,0.258688109205713,252,0,False,20250530,0.46223908842510752,0.57129212590378819,0.51676560716444786,385
20250605,-0.00051270774570378469,0,3382.3634464868255,0.5520049076681246,0.00037215228812037537,False,0.5888299536008651,300,platt,300,0,-0.0019819532767780647,0.258688109205713,252,0,True,20250530,0.4984985648900736,0.6055112504461756,0.5520049076681246,385
20250606,-0.00035290239907548288,0,3384.1631990753608,0.5745400547146049,0.0042576591384917428,False,0.5832511924510736,300,platt,300,0,-0.0013642003111741373,0.258688109205713,252,0,True,20250530,0.54395503989218008,0.6051250695370296,0.5745400547146049,385
20250609,0.00058498940523728107,1,3401.7604303662265,0.63636363636363635,-0.0043989131505187684,False,0.57564248235515902,300,platt,300,0,0.0022613695195865687,0.258688109205713,252,0,False,20250530,0.53852111193249019,0.51873760224226473,0.52862935708737746,385
20250610,-0.0010884696646215424,0,3381.1320301371334,0.56065488626711391,0.0051700294636374267,False,0.58059727719201748,300,platt,300,0,-0.0047671375972422533,0.22832772128314743,252,0,True,20250530,0.52661466983171334,0.59469510270251458,0.56065488626711391,385
20250611,-0.00076216707529407816,0,3399.7227668412706,0.58470911023806182,0.00010054915829527111,False,0.57879440427125561,300,platt,300,0,-0.0033380400374114919,0.22832772128314743,252,0,True,20250610,0.56759782374575218,0.60182039673037147,0.58470911023806182,387
20250612,-0.00052439028583136412,0,3400.8736791987935,0.62857142857142856,-0.0075417511839273033,True,0.57619721989150385,300,platt,300,0,-0.0022966562399187253,0.22832772128314743,252,0,False,0,0,0,0,0
20250613,0.00084606196707648709,1,3379.8531478785694,0.62857142857142856,0.0034744785010110135,True,0.57622786328087228,300,platt,300,0,0.0037054719519899739,0.22832772128314743,252,0,False,20250610,0.48401647075698889,0.51709582633246509,0.50055614854472696,387
20250616,-0.00056928441804561037,0,3386.8001492125354,0.60530935561169641,-0.00039082496202924588,True,0.57747094309868596,300,platt,300,0,-0.0024932777099791804,0.22832772128314743,252,0,True,20250610,0.61775387254198355,0.59286483868140927,0.60530935561169641,387
20250617,0.0004607585923714824,1,3388.9656759135164,0.62857142857142856,0.00041438801721049856,True,0.57955393823856471,300,platt,300,0,0.0020179704408300877,0.22832772128314743,252,0,False,20250610,0.50502541872606532,0.55326242652278246,0.52914392262442389,387
20250618,-0.00059044030252185372,0,3386.8077108250272,0.65977360930854934,-0.0078789932249344607,True,0.57791891627644332,300,platt,300,0,-0.002585933495958002,0.22832772128314743,252,0,True,20250617,0.60217775045382316,0.71736946816327551,0.65977360930854934,390
20250619,0.00090735738892572834,1,3365.1588337176381,0.62857142857142856,-0.0006581584733056367,False,0.57964403596108749,300,platt,300,0,0.0039739256531208557,0.22832772128314743,252,0,False,20250617,0.49177995813066411,0.49003250675211124,0.49090623244138765,390
20250620,0.00032310534923887352,1,3360.9810001766232,0.59999999999999998,0.0064544271229396433,True,0.57767771243942889,300,platt,300,0,0.0015734457005471781,0.2053489034458012,252,0,False,20250617,0.51273670672780935,0.55999783332106312,0.53636727002443618,390
20250623,0.001026369942127114,1,3385.0523537110903,0.61111111111111116,0.011528451657058847,True,0.58050846022881786,300,platt,300,0,0.0049981759089257035,0.2053489034458012,252,0,False,20250617,0.46876751150995183,0.45345323085924089,0.46111037118459636,390
20250624,-0.0011838470879233184,0,3416.5165729018504,0.6216216216216216,0.01035138629104071,False,0.58329594368962712,300,platt,300,0,-0.0051848592070659651,0.22832772128314743,252,0,False,0,0,0,0,0
20250625,-0.0010030474958042873,0,3452.5070943349542,0.60526315789473684,-0.0021760004185217285,True,0.58082894072815494,300,platt,300,0,-0.0048846011786424113,0.2053489034458012,252,0,False,0,0,0,0,0
20250626,0.00044453589484348287,1,3449.986361317995,0.61538461538461542,-0.0070253812912187685,False,0.58364836792028996,300,platt,300,0,0.001946920384197315,0.22832772128314743,252,0,False,20250623,0.4936114745965054,0.35266149686031306,0.42313648572840923,390
20250627,0.0011253107015334858,1,3428.0800189499869,0.59999999999999998,0.0058988208929040553,True,0.5811646984113098,300,platt,300,0,0.0049284891699067799,0.22832772128314743,252,0,False,20250623,0.37768300299822438,0.34937609333588548,0.36352954816705496,390
20250630,0.00073712690673515728,1,3446.9645787880072,0.6097560975609756,0.0038676405145752213,True,0.58064517116701608,300,platt,300,0,0.0032283723701733613,0.22832772128314743,252,0,False,20250623,0.47077292767708795,0.40577252920006368,0.43827272843857579,390
20250701,0.00049872299397564577,1,3459.4718581357397,0.61904761904761907,-0.00085460262366199302,False,0.580107132142337,300,platt,300,0,0.0021842419797865158,0.22832772128314743,252,0,False,20250623,0.52233297594516515,0.44137193329114477,0.48185245461815496,390
20250702,0.00035932988319492467,1,3456.0338101495549,0.60465116279069764,0.0018404000194049974,True,0.57764349139449478,300,platt,300,0,0.0015737461976827705,0.22832772128314743,252,0,False,20250623,0.49331792782775336,0.5835762382203733,0.5384470830240633,390
20250703,0.00044694450267142619,1,3462.6975422335877,0.61363636363636365,0.0032268460089543982,True,0.57710988048890099,300,platt,300,0,0.00195746929089339,0.22832772128314743,252,0,False,20250702,0.49028593442942964,0.48300688547024695,0.48664640994983832,393
20250704,0.0011128221085077777,1,3476.1832735735557,0.62222222222222223,0.00023266870165628006,True,0.57990320429896602,300,platt,300,0,0.0048737932575772334,0.22832772128314743,252,0,False,20250702,0.49586575763750029,0.53865121918860726,0.51725848841305377,393
20250707,-0.00028720941494338588,0,3472.1295851975851,0.63043478260869568,0.0070104546418701119,False,0.57939106625942716,300,platt,300,0,-0.0013986410938843438,0.2053489034458012,252,0,False,0,0,0,0,0
20250708,-0.00059346609148879729,0,3495.3996670036304,0.61702127659574468,-0.001265427092508653,True,0.57690234832599052,300,platt,300,0,-0.0029283732803295571,0.20266067016634198,252,0,False,0,0,0,0,0
20250709,-0.0005704844149056282,0,3491.0567696997564,0.625,0.0047615414553958679,False,0.57643220856952471,300,platt,300,0,-0.0024985332998535685,0.22832772128314743,252,0,False,0,0,0,0,0
20250710,-0.00082311190848786985,0,3506.7929391154166,0.61224489795918369,0.00014115239734846519,False,0.57718256577399363,300,platt,300,0,-0.0040615276156556043,0.20266067016634198,252,0,False,0,0,0,0,0
20250711,-0.00098947429620662233,0,3506.7039698854696,0.59999999999999998,0.0026986102012171997,False,0.57786740185901864,300,platt,300,0,-0.0055651941235698677,0.1777969059544523,252,0,False,0,0,0,0,0
20250714,-0.00038452184609582451,0,3518.2964177612935,0.58823529411764708,-0.0041626300434777219,True,0.57511435673512701,300,platt,300,0,-0.002162702686144216,0.1777969059544523,252,0,False,0,0,0,0,0
20250715,-0.00089350952114999394,0,3501.8670502005807,0.59615384615384615,-0.0003486163818372523,True,0.57474440683115946,300,platt,300,0,-0.0050254503381453198,0.1777969059544523,252,0,False,0,0,0,0,0
20250716,0.00046130238811452595,1,3505.3932006513905,0.60377358490566035,0.0037241526422531201,True,0.57762212913086985,300,platt,300,0,0.0025945467703060118,0.1777969059544523,252,0,False,20250704,0.48948800003780524,0.59061513054138293,0.54005156528959408,387
20250717,-0.00036719034067624653,0,3515.534155646556,0.61111111111111116,0.0050207779714972478,False,0.5772161361338557,300,platt,300,0,-0.0020652234565336739,0.1777969059544523,252,0,False,0,0,0,0,0
20250718,-0.00033395370456557657,0,3533.3023464086123,0.59999999999999998,0.0071604537772953503,False,0.57784107812957353,300,platt,300,0,-0.0020190173800535829,0.1654040761931003,252,0,False,0,0,0,0,0
20250721,-0.0003376771733794848,0,3558.5891397697628,0.59441113536344936,0.0061997737395385055,False,0.57813012078209813,300,platt,300,0,-0.0020415287286225342,0.1654040761931003,252,0,True,20250704,0.48019184329553594,0.70863042743136273,0.59441113536344936,387
20250722,-0.00069284275361207708,0,3579.37943349242,0.59999999999999998,0.00012197569581906542,False,0.5777348962750829,300,platt,300,0,-0.0042206448320065895,0.16415566369338025,252,0,False,0,0,0,0,0
20250723,-0.00065354643079033371,0,3579.9568019280728,0.59999999999999998,0.00654018733226569,False,0.57768919876979574,300,platt,300,0,-0.0039812603238050118,0.16415566369338025,252,0,False,0,0,0,0,0
20250724,0.00055347072149478343,1,3607.7225642688559,0.58181818181818179,-0.0033478963700773745,False,0.57859118815746347,300,platt,300,0,0.0035296420095198718,0.1568064749915164,252,0,False,0,0,0,0,0
20250725,0.00041669041574265709,1,3595.1527417209923,0.59999999999999998,0.0011914331349476281,True,0.57421653279446061,300,platt,300,0,0.0026573546517463711,0.1568064749915164,252,0,False,0,0,0,0,0
20250728,-0.00042129583257158662,0,3596.4211041781746,0.55199526647214392,0.0032725421060051385,False,0.57627172315211039,300,platt,300,0,-0.002686724719718237,0.1568064749915164,252,0,True,20250721,0.58278260747113664,0.52120792547315131,0.55199526647214392,381
20250729,-0.00044282805781898651,0,3608.1128185557336,0.63195544061934306,0.0016636787545862841,False,0.57288753560475936,300,platt,300,0,-0.0028240419143593693,0.1568064749915164,252,0,True,20250721,0.61706083315300153,0.64685004808568469,0.63195544061934306,381
20250730,-0.00073888668420413021,0,3613.0450950765157,0.73333333333333339,-0.011756590332422823,True,0.56585132925554749,300,platt,300,0,-0.0047120929428718155,0.1568064749915164,252,0,False,0,0,0,0,0
20250731,-0.00078930751107659743,0,3570.3878399290993,0.64277811122220585,-0.0037099433500684675,True,0.57260057239731843,300,platt,300,0,-0.0050336410605448583,0.1568064749915164,252,0,True,20250721,0.64275236285952542,0.64280385958488628,0.64277811122220585,381
20250801,0.00058696353907083238,1,3562.0413619074488,0.66666666666666674,0.0065610438882908184,True,0.5750090446662095,300,platt,300,0,0.0035756520723354262,0.16415566369338025,252,0,False,20250721,0.44470962058572366,0.46644067389980215,0.45557514724276293,381
20250804,0.00067127667457176081,1,3585.7141916152277,0.66666666666666674,0.0095690329563560272,True,0.5750090446662095,300,platt,300,0,0.0040584046658443994,0.1654040761931003,252,0,False,20250801,0.5070815102044447,0.5232928607435996,0.5151871854740222,380
20250805,-0.00056342914838089899,0,3615.5593400650473,0.73333333333333339,0.0045326489601829056,False,0.57260542924613722,300,platt,300,0,-0.0034063800684278542,0.1654040761931003,252,0,False,0,0,0,0,0
20250806,-0.00036978489479104866,0,3632.6511035782328,0.73333333333333339,0.0015607341661376672,False,0.56811799802315943,300,platt,300,0,-0.0022526478006982139,0.16415566369338025,252,0,False,0,0,0,0,0
20250807,0.0004128784059577109,1,3641.1693397440254,0.6333333333333333,-0.0012469548721852908,False,0.56925075677607906,300,platt,300,0,0.0024961803569804272,0.1654040761931003,252,0,False,20250801,0.52763361756718308,0.49161918975109953,0.50962640365914136,380
20250808,-0.00036153214633687694,0,3633.8138843357974,0.73333333333333339,0.0034162757565545654,False,0.55787971738172881,300,platt,300,0,-0.0022023738822205263,0.16415566369338025,252,0,False,0,0,0,0,0
20250811,0.00049322856921891003,1,3649.3457742400001,0.6333333333333333,0.0050365359270108101,True,0.56556408493655796,300,platt,300,0,0.0030046393655974719,0.16415566369338025,252,0,False,20250807,0.46024156642137676,0.43254316227941048,0.44639236435039364,379
20250812,0.00038321831787257196,1,3667.3225468144528,0.6333333333333333,0.0047865504454724928,True,0.5655374534244233,300,platt,300,0,0.0023168613899525992,0.1654040761931003,252,0,False,20250807,0.55873144034911093,0.53152409694380254,0.54512776864645673,379
20250813,-0.00042951576893673714,0,3681.8826937840768,0.56775435338201863,-0.0046212468217424751,True,0.57479910590924821,300,platt,300,0,-0.0024157662734961751,0.1777969059544523,252,0,True,20250807,0.53890765299584142,0.59660105376819572,0.56775435338201863,379
20250814,-0.00082573509674431673,0,3663.4150896649812,0.625,0.0082717509337253414,False,0.56960670059882879,300,platt,300,0,-0.0046442602153934677,0.1777969059544523,252,0,False,0,0,0,0,0
20250815,0.00078617548063027859,1,3699.6768103246172,0.6166666666666667,0.0084551637706480332,True,0.56719509753258102,300,platt,300,0,0.004789207164357997,0.16415566369338025,252,0,False,20250807,0.42290989663477102,0.55511075872444515,0.48901032767960806,379
20250818,0.00077515086589023229,1,3730.9170835896575,0.625,-0.00019833545746850145,False,0.56957874929366714,300,platt,300,0,0.0047220476494682839,0.16415566369338025,252,0,False,20250815,0.42168386412182751,0.43394682415212299,0.42781534413697525,378
20250819,0.00050766943597282217,1,3729.1801301459013,0.6166666666666667,0.01044257944228022,True,0.56706890091861817,300,platt,300,0,0.0030926099322474638,0.16415566369338025,252,0,False,20250815,0.45420716632164915,0.44385355777582941,0.44903036204873925,378
20250820,0.0010506244509200396,1,3770.1672727335495,0.6166666666666667,0.0012979890873860978,True,0.57041381278763381,300,platt,300,0,0.0067001343597378931,0.1568064749915164,252,0,False,20250815,0.37880777183230419,0.42007218124081608,0.39943997653656016,378
20250821,0.00052671469987547188,1,3773.0851932253145,0.6166666666666667,0.014494528372088089,True,0.57049821681668744,300,platt,300,0,0.0032086294680596645,0.16415566369338025,252,0,False,20250815,0.42715747378894309,0.57823743064528976,0.50269745221711637,378
20250822,0.0010071055590865339,1,3829.6121433580465,0.6166666666666667,0.015108765862734019,True,0.57379297463430667,300,platt,300,0,0.0056643593074928557,0.1777969059544523,252,0,False,20250815,0.45508380777587298,0.59350898535138508,0.52429639656362903,378
20250825,-0.00080786874285911536,0,3880.4242918916057,0.625,-0.0039087057635778244,True,0.57293844703921193,300,platt,300,0,-0.0045437727868339493,0.1777969059544523,252,0,False,0,0,0,0,0
20250826,-0.0005357210385153855,0,3866.3096263775856,0.625,-0.017586706793693008,True,0.57298271880776452,300,platt,300,0,-0.0030131066434453341,0.1777969059544523,252,0,False,0,0,0,0,0
20250827,0.0017938355090740261,1,3807.1671025975261,0.625,0.011379873205885627,True,0.57301493101516654,300,platt,300,0,0.00925966099936067,0.19372582961707571,252,0,False,20250822,0.44233661453603024,0.56396490023441403,0.50315075738522208,381
20250828,0.0017115326253481524,1,3850.1758423488031,0.625,0.0037282780969722928,True,0.57293896777820219,300,platt,300,0,0.0088348189228623728,0.19372582961707571,252,0,False,20250822,0.43265230637927976,0.59318051207130551,0.51291640922529269,381
20250829,-0.00061092611556657565,0,3855.57049139938,0.57110840774276916,0.0045628126646448663,False,0.57796305279934135,300,platt,300,0,-0.0029750639293178427,0.2053489034458012,252,0,True,20250822,0.55874366778354456,0.58347314770199377,0.57110840774276916,381
20250901,0.00068372804350069077,1,3878.1802088179193,0.625,-0.0044889339534015527,False,0.5696431458604273,300,platt,300,0,0.0026430594185408774,0.258688109205713,252,0,False,20250822,0.51991836184887519,0.57363789107660279,0.54677812646273893,381
20250902,-0.0015322437903783786,0,3852.2217990553986,0.6166666666666667,-0.011553981000242297,True,0.57037091610956381,300,platt,300,0,-0.0059231318945545865,0.258688109205713,252,0,False,0,0,0,0,0
20250903,0.0020118038999443672,1,3821.2287280405385,0.625,-0.0125029480354375,False,0.56963981146042775,300,platt,300,0,0.0077769477156159044,0.258688109205713,252,0,False,20250901,0.48912626895117362,0.52772153265428479,0.50842390080272915,380
20250904,0.0016385658096972097,1,3772.0465354933026,0.625,0.012384476078991291,True,0.56963981146042764,300,platt,300,0,0.0080852678931353089,0.20266067016634198,252,0,False,20250901,0.4402483737863187,0.57069582556005183,0.50547209967318529,380
20250905,0.0015765057932727823,1,3818.5247508808852,0.625,0.0037577301677269581,True,0.56964659144427621,300,platt,300,0,0.0077790416462098985,0.20266067016634198,252,0,False,20250901,0.33910758556919335,0.50063254473635677,0.41987006515277503,380
20250908,-0.00082359878746849323,0,3823.6889186396452,0.625,-0.0051082345810736784,True,0.57297837547617958,300,platt,300,0,-0.003183752009310772,0.258688109205713,252,0,False,0,0,0,0,0
20250909,0.0012035484569305631,1,3811.8745607727487,0.6333333333333333,0.0012945945862889996,True,0.57228086909200304,300,platt,300,0,0.004652507842845926,0.258688109205713,252,0,False,20250901,0.43595242703343506,0.44311595584683433,0.43953419144013472,380
20250910,-0.00092188283350460069,0,3808.7067787181977,0.64166666666666672,0.016548934778496172,False,0.57162855136486757,300,platt,300,0,-0.0035636846097611098,0.258688109205713,252,0,False,0,0,0,0,0
20250911,-0.0021733062085136255,0,3866.8871660210689,0.6333333333333333,-0.0012156448721230007,True,0.56896540146709662,300,platt,300,0,-0.0084012605573044602,0.258688109205713,252,0,False,0,0,0,0,0
20250912,0.0005727972065818534,1,3872.81546795132,0.64166666666666672,-0.0026080721781933658,False,0.56827336420328389,300,platt,300,0,0.0027893852704844596,0.2053489034458012,252,0,False,20250909,0.55723784010599708,0.49904773877902692,0.52814278944251203,381
20250915,-0.00050319999560409848,0,3858.5609946054506,0.6333333333333333,0.00035267419514894982,False,0.56895507202050122,300,platt,300,0,-0.0024829681812019895,0.20266067016634198,252,0,False,0,0,0,0,0
20250916,0.00076701826972197518,1,3864.8272210869013,0.6333333333333333,0.0037483960793969207,True,0.56561274626840552,300,platt,300,0,0.0039592978966103099,0.19372582961707571,252,0,False,20250909,0.44407405564042735,0.39459096997975179,0.41933251281008954,381
20250917,0.00067740525982645794,1,3878.9667537145406,0.64166666666666672,-0.011527546506552189,False,0.5650737014431193,300,platt,300,0,0.0034967214292768159,0.19372582961707571,252,0,False,20250909,0.49108192119014821,0.47580629022073689,0.48344410570544255,381
20250918,-0.001857101854239065,0,3824.5404241661736,0.6333333333333333,-0.0030187468280687968,True,0.56573011975568543,300,platt,300,0,-0.010445074081968637,0.1777969059544523,252,0,False,0,0,0,0,0
20250919,0.00063566084727074718,1,3822.5176812646541,0.64166666666666672,0.0022216757544992749,True,0.56507303730320801,300,platt,300,0,0.0032812395152841184,0.19372582961707571,252,0,False,20250917,0.31849140401198062,0.35770407349606798,0.33809773875402427,383
20250922,-0.00053803419923595256,0,3826.5164949624123,0.58661560801360968,-0.0017614118918979349,True,0.5694684760791926,300,platt,300,0,-0.0026548525611522901,0.20266067016634198,252,0,True,20250917,0.44879330820482871,0.72443790782239059,0.58661560801360968,383
20250923,0.0012958417312801339,1,3826.7851903026308,0.64166666666666672,0.0083231011132434141,True,0.56496391724786998,300,platt,300,0,0.0066890498486522603,0.19372582961707571,252,0,False,20250917,0.47362456857122781,0.47856742152869097,0.47609599504995936,383
20250924,0.0010836366324602931,1,3857.8181478563147,0.64166666666666672,-8.8254171598967091e-05,False,0.56496391724786998,300,platt,300,0,0.0052770509814107818,0.2053489034458012,252,0,False,20250917,0.49071057283880792,0.50729587703514201,0.49900322493697497,383
20250925,-0.00051691254036991593,0,3851.3102798226764,0.64166666666666672,-0.0065388332775672131,True,0.56496391724786998,300,platt,300,0,-0.0026682685597045099,0.19372582961707571,252,0,False,0,0,0,0,0
20250926,0.00058176428293572446,1,3830.3330553420924,0.65000000000000002,0.0089928805524193134,True,0.56417723050817092,300,platt,300,0,0.0030030289924975785,0.19372582961707571,252,0,False,20250924,0.37416455282341804,0.31981206046326299,0.34698830664334052,385
20250929,0.0014500228360197246,1,3868.1324591698499,0.65000000000000002,0.0052415621598651541,True,0.56764596419231461,300,platt,300,0,0.0074849225778817578,0.19372582961707571,252,0,False,20250924,0.34094987146733274,0.51002893458774246,0.42548940302753757,385
20250930,-0.0004542946674689448,0,3881.013474932211,0.65000000000000002,0.013185149372714422,False,0.567862283022039,300,platt,300,0,-0.0022123062740817077,0.2053489034458012,252,0,False,0,0,0,0,0
20251009,0.0013486963276259922,1,3939.2781341288619,0.64166666666666672,-0.0093910928302395336,False,0.56843647536989073,300,platt,300,0,0.0052136000056867207,0.258688109205713,252,0,False,20250924,0.40105084622784448,0.30215187117271647,0.35160135870028048,385
20251010,0.001251308438751719,1,3901.9044841475829,0.6333333333333333,-0.0019311895646839661,False,0.56906332930133285,300,platt,300,0,0.0048371316431736651,0.258688109205713,252,0,False,20250924,0.36319463213745751,0.38211166183191159,0.37265314698468455,385
20251013,0.0025636793598811441,1,3899.4736365103522,0.6333333333333333,-0.0062407214990133353,False,0.56574845132552909,300,platt,300,0,0.009910310016771836,0.258688109205713,252,0,False,20251010,0.3972739302809391,0.39901783082291081,0.39814588055192496,389
20251014,0.0014075167174730015,1,3870.6692742936098,0.625,0.012154674720557868,True,0.56643011050860781,300,platt,300,0,0.0068542694597076076,0.2053489034458012,252,0,False,20251010,0.42452565852348367,0.38171322936287616,0.40311944394317989,389
20251015,0.0010909765133424571,1,3916.4776286797751,0.6333333333333333,0.0010271689182290711,True,0.56550584654992997,300,platt,300,0,0.0056315490582691738,0.19372582961707571,252,0,False,20251010,0.36553547509013545,0.34873021914373986,0.35713284711693766,389
20251016,-0.00059891393434449366,0,3913.8825164807299,0.6333333333333333,-0.019527131719603741,True,0.56881894717223491,300,platt,300,0,-0.0032836013075211072,0.18239544885448727,252,0,False,0,0,0,0,0
20251017,0.0016044885595818542,1,3845.9161434504435,0.64166666666666672,0.0062861557870628193,True,0.57145492492137129,300,platt,300,0,0.0090242771715773797,0.1777969059544523,252,0,False,20251010,0.49909641424784246,0.51830325256430787,0.50869983340607516,389
20251020,0.00049742315717445269,1,3865.814589656075,0.64166666666666672,0.013571702277646036,True,0.57156435833901853,300,platt,300,0,0.0027977042373385375,0.1777969059544523,252,0,False,20251017,0.49749708380567942,0.45782233185536214,0.47765970783052081,393
20251021,-0.00084869535161866518,0,3913.0084270664652,0.64166666666666672,-0.0006574008200835868,True,0.57162216572702729,300,platt,300,0,-0.0051700643920754939,0.16415566369338025,252,0,False,0,0,0,0,0
20251022,0.00045417730415822107,1,3915.5351398758967,0.65000000000000002,0.0022107909800035408,True,0.57431390162625984,300,platt,300,0,0.0025544724848843626,0.1777969059544523,252,0,False,20251017,0.61771782153697341,0.36588668908062583,0.49180225530879962,393
20251023,0.00095145529503110494,1,3926.1420978589285,0.65000000000000002,0.0071133306535182683,True,0.57441553052380789,300,platt,300,0,0.0049113496992723169,0.19372582961707571,252,0,False,0,0,0,0,0
20251024,0.00055256123195196612,1,3952.4942889890335,0.65000000000000002,0.011804891842073895,True,0.57784681525168879,300,platt,300,0,0.0021360132618718879,0.258688109205713,252,0,False,0,0,0,0,0
20251027,0.0007384013267748541,1,3999.8958491218455,0.65833333333333333,-0.0021818166351822432,False,0.58058524065836725,300,platt,300,0,0.0036435354041254339,0.20266067016634198,252,0,False,20251022,0.42640923062545694,0.45868824343805975,0.44254873703175834,395
20251028,-0.00087010169666429567,0,3984.7537396179328,0.65833333333333333,0.0070475230841477998,False,0.58062278848889159,300,platt,300,0,-0.0033635163956159137,0.258688109205713,252,0,False,0,0,0,0,0
20251029,-0.00074916825802951695,0,4013.3220923010604,0.65833333333333333,-0.0073276331059367594,True,0.57720258092139642,300,platt,300,0,-0.0028960289683580553,0.258688109205713,252,0,False,0,0,0,0,0
20251030,0.0011300445591043875,1,3991.4061755567291,0.65833333333333333,-0.0080540754864028008,False,0.57741973865119722,300,platt,300,0,0.0040611487408343449,0.27825736785799798,252,0,False,20251022,0.49576291752691098,0.51079109616877649,0.50327700684784371,395
20251031,0.00092701850039094314,1,3958.456163495161,0.65000000000000002,0.0054947797481028626,True,0.57782266344697741,300,platt,300,0,0.0035835373463330043,0.258688109205713,252,0,False,20251022,0.4843736283266673,0.25968217198874771,0.37202790015770748,395
20251103,0.0011850930057709995,1,3981.2332468688737,0.65000000000000002,-0.0041077869907730769,False,0.57789579197847418,300,platt,300,0,0.0041005042636251422,0.2890115287243456,252,0,False,20251031,0.44711497701668751,0.46812753846637883,0.45762125774153317,398
20251104,0.0013458758039437818,1,3965.5159185165171,0.65000000000000002,0.0022883521127543549,True,0.57443749827756085,300,platt,300,0,0.0048368020379989272,0.27825736785799798,252,0,False,20251031,0.46155635726641625,0.3956992053247444,0.42862778129558032,398
20251105,0.0016208415397399802,1,3975.6818225261827,0.65000000000000002,0.0097024920310477825,True,0.57451134076969124,300,platt,300,0,0.0058249725864119367,0.27825736785799798,252,0,False,20251031,0.4141112103477988,0.39764126746898443,0.40587623890839164,398
20251106,0.001034759688312557,1,4011.9069683849552,0.65000000000000002,-0.0025461106090711727,False,0.57796090255104071,300,platt,300,0,0.0035803405244068777,0.2890115287243456,252,0,False,20251031,0.42947827564624164,0.38612908490988063,0.40780368027806113,398
20251107,-0.00051600877204633125,0,3995.4929261920561,0.65000000000000002,0.0052635914491447888,False,0.57787706204490152,300,platt,300,0,-0.0018544298611696207,0.27825736785799798,252,0,False,0,0,0,0,0
20251110,0.00078378888568328355,1,4021.746931821398,0.65000000000000002,-0.0039415744379656115,False,0.57447049610411527,300,platt,300,0,0.0028167767549762473,0.27825736785799798,252,0,False,20251106,0.50342725669857202,0.52974689888405846,0.5165870777913153,400
20251111,-0.00094407571162206125,0,3998.9786937703293,0.64166666666666672,-0.00065404909855149018,True,0.57506100772545909,300,platt,300,0,-0.0033928147847062501,0.27825736785799798,252,0,False,0,0,0,0,0
20251112,0.0010984955413515505,1,4004.5337355153838,0.64166666666666672,0.0073401438289804055,True,0.57509639530396539,300,platt,300,0,0.0039477680314727245,0.27825736785799798,252,0,False,20251106,0.48101854033420671,0.408356471730422,0.44468750603231433,400
20251113,0.00097856874084904376,1,4033.4443439155339,0.64166666666666672,-0.0096808756379077598,False,0.57843598020285847,300,platt,300,0,0.0035167756684467487,0.27825736785799798,252,0,False,20251106,0.50298569973966079,0.37135343610793325,0.43716956792379702,400
20251114,0.0012160018392595225,1,3995.3445457331504,0.6333333333333333,-0.0046253192682677025,False,0.57580610693116618,300,platt,300,0,0.0043700616038317448,0.27825736785799798,252,0,False,20251106,0.57882170574611336,0.48365276884513669,0.531237237295625,400
20251117,-0.00086807870839486869,0,3968.5867611611166,0.59999999999999998,-0.0081121394001885117,True,0.57882685316136673,300,platt,300,0,-0.0033556962129425065,0.258688109205713,252,0,False,0,0,0,0,0
20251118,-0.0010553741742551498,0,3935.6551230028676,0.59999999999999998,0.0017587890146362195,False,0.57881205470344588,300,platt,300,0,-0.004079716603502247,0.258688109205713,252,0,False,0,0,0,0,0
20251119,0.00084281112085936565,1,3950.0687583858871,0.64166666666666672,-0.0039757345196890226,False,0.57180599933990617,300,platt,300,0,0.0030288905819359085,0.27825736785799798,252,0,False,20251114,0.46601277399523355,0.44834712642402641,0.45717995020962998,404
20251120,-0.0010867958451275463,0,3926.7789498888565,0.59999999999999998,-0.024461752113531299,True,0.57205014208778104,300,platt,300,0,-0.0042011820661741681,0.258688109205713,252,0,False,0,0,0,0,0
20251121,-0.0016886835203341125,0,3828.4148831037592,0.59999999999999998,0.00048885355483907489,False,0.57548983097249751,300,platt,300,0,-0.0082234844793306408,0.2053489034458012,252,0,False,0,0,0,0,0
20251124,-0.00082483799588859927,0,3833.6007900342852,0.59999999999999998,0.008668056465791274,False,0.57551638315884646,300,platt,300,0,-0.0040167635767595078,0.2053489034458012,252,0,False,0,0,0,0,0
20251125,-0.00075382554339625634,0,3867.1054779598344,0.65000000000000002,-0.0015086216029528421,True,0.56777695154440755,300,platt,300,0,-0.0038911979103988894,0.19372582961707571,252,0,False,0,0,0,0,0
20251126,0.00051239423565505558,1,3866.1643858120683,0.65000000000000002,0.0028660640522226721,True,0.56794587721900225,300,platt,300,0,0.0019807413538578665,0.258688109205713,252,0,False,20251119,0.37692522175122017,0.42299814647576145,0.39996168411349081,404
20251127,0.0006808971762967982,1,3877.8980531828774,0.65000000000000002,0.0034415244564016678,True,0.56813591666629282,300,platt,300,0,0.003315806244256429,0.2053489034458012,252,0,False,20251119,0.36000779106310915,0.33811169543577607,0.34905974324944261,404
20251128,0.00069363480116167513,1,3891.2934656519851,0.65000000000000002,0.0065344660883019934,True,0.5683450881814206,300,platt,300,0,0.0034226414064077956,0.20266067016634198,252,0,False,20251119,0.35550931021363624,0.40314063508694176,0.37932497265028897,404
20251201,0.00049781756609944467,1,3915.9545609904003,0.65000000000000002,-0.0041631258571620533,False,0.56850435096802676,300,platt,300,0,0.0024564093550605583,0.20266067016634198,252,0,False,20251119,0.54988054755538962,0.47133704348761157,0.51060879552150062,404
20251202,-0.00044092261490424222,0,3895.9930108091853,0.56542637041206945,-0.0050573264579144572,True,0.57037243146974681,300,platt,300,0,-0.0021471875793123833,0.2053489034458012,252,0,True,20251119,0.56178892934107483,0.56906381148306417,0.56542637041206945,404
20251203,0.00093252566632678381,1,3881.6159341610055,0.64166666666666672,-0.00056892734078684004,False,0.56565807022273784,300,platt,300,0,0.0033513062870726071,0.27825736785799798,252,0,False,20251202,0.35284841211024437,0.39415310930405328,0.37350076070714883,407
20251204,0.00093164670873142539,1,3879.4041700716684,0.6333333333333333,0.0069700053405841178,True,0.56612516651601108,300,platt,300,0,0.003223562440029908,0.2890115287243456,252,0,False,20251202,0.41566483737338294,0.60402801985796906,0.50984642861567597,407
20251205,0.001329512366453535,1,3907.9964309680895,0.6333333333333333,0.0054499740135793839,True,0.56617054838214342,300,platt,300,0,0.0047779951944777249,0.27825736785799798,252,0,False,20251202,0.34357164481129177,0.38698573177217904,0.36527868829173538,407
20251208,0.00097515834114462801,1,3927.9043971979704,0.64166666666666672,-0.0037094575443942235,False,0.56565260115047311,300,platt,300,0,0.003374115715898371,0.2890115287243456,252,0,False,20251202,0.42363604680613165,0.46113444649900442,0.44238524665256806,407
20251209,0.00081941208777987088,1,3912.7251092564761,0.6333333333333333,-0.002308620062362654,False,0.566166426618948,300,platt,300,0,0.0023334224920078081,0.35116319080082348,252,0,False,20251202,0.40454512496031325,0.5212265753986669,0.46288585017949008,407
20251210,0.0011179715850734291,1,3904.8566436956921,0.6333333333333333,-0.0069679343345052658,False,0.56285275632290621,300,platt,300,0,0.0031836240652783347,0.35116319080082348,252,0,False,20251209,0.36037461863233844,0.52188293643005579,0.44112877753119711,411
20251211,0.0013191817155441331,1,3878.4272097564153,0.625,0.0041380804920310155,True,0.56007594543414529,300,platt,300,0,0.0045644605298854586,0.2890115287243456,252,0,False,20251209,0.36447374717415898,0.33629233703722439,0.35038304210569171,411
20251212,0.0012842919681666917,1,3894.3407554439332,0.6333333333333333,-0.005508587215582228,False,0.55953820485630956,300,platt,300,0,0.0044437395761870386,0.2890115287243456,252,0,False,20251209,0.38571432303068864,0.51119244982951328,0.44845338643010096,411
20251215,-0.001045330497301938,0,3863.8776443220786,0.6333333333333333,-0.011145264113337938,True,0.55952505351433746,300,platt,300,0,-0.0036169162590706096,0.2890115287243456,252,0,False,0,0,0,0,0
20251216,0.0014766756172571998,1,3830.4599064733256,0.6333333333333333,0.011887015934038514,True,0.56284647451831193,300,platt,300,0,0.005109400388887699,0.2890115287243456,252,0,False,20251209,0.41907574679126536,0.52315456319789722,0.47111515499458129,411
20251217,0.0020448206501063066,1,3878.1915233536415,0.6333333333333333,0.0015743057183883469,True,0.56615285680661309,300,platt,300,0,0.007075221736419458,0.2890115287243456,252,0,False,20251216,0.37362632071650193,0.69757773836948778,0.53560202954299485,413
20251218,-0.0010202973212539092,0,3872.4154495626626,0.6333333333333333,0.0036314898176013077,False,0.56947114966726575,300,platt,300,0,-0.0035302997280328282,0.2890115287243456,252,0,False,0,0,0,0,0
20251219,0.00096484875102105299,1,3894.2011934112879,0.625,0.0069185614251316974,True,0.57011862099817656,300,platt,300,0,0.0033384438166870144,0.2890115287243456,252,0,False,20251216,0.35113900130276182,0.48797533137021554,0.41955716633648865,413
20251222,0.00060570345182076382,1,3919.7365607756979,0.6333333333333333,0.00066748970315178013,True,0.56945723418371075,300,platt,300,0,0.002095776090643338,0.2890115287243456,252,0,False,20251216,0.45310706668610823,0.60408220594993378,0.52859463631802095,413
20251223,0.0008177280892016453,1,3923.1840766102891,0.6333333333333333,0.0053491108344316807,True,0.56948383955263304,300,platt,300,0,0.0028293960895296351,0.2890115287243456,252,0,False,20251216,0.42789242730265931,0.2794466049817696,0.35366951614221442,413
20251224,0.0013060677960001655,1,3946.0941439624435,0.6333333333333333,0.0047384803703272027,True,0.56950126417234026,300,platt,300,0,0.0037192616715370805,0.35116319080082348,252,0,False,20251223,0.39916121901525015,0.44674037882544082,0.42295079892034548,415
20251225,0.0010470647072794953,1,3963.7670795080094,0.64166666666666672,0.001024795023948144,True,0.56889633848683685,300,platt,300,0,0.002981704047316795,0.35116319080082348,252,0,False,0,0,0,0,0
20251226,0.0011771071097580476,1,3968.3445746139882,0.64166666666666672,0.00040384199638365814,True,0.5689417216190763,300,platt,300,0,0.0034248654133478161,0.34369441355869862,252,0,False,0,0,0,0,0
20251229,0.0010101879847388151,1,3969.2852778080501,0.64166666666666672,-4.1283343550357898e-05,False,0.57228340954089385,300,platt,300,0,0.0028766909835711806,0.35116319080082348,252,0,False,20251223,0.51596037879779011,0.48821118596598756,0.50208578238188883,415
20251230,0.0011909396470705642,1,3969.83811373054,0.6333333333333333,0.00093924114551113824,True,0.57293335047143534,300,platt,300,0,0.0034651120300131589,0.34369441355869862,252,0,False,20251223,0.54021781152171144,0.50789582158126412,0.52405681655148784,415
20251231,0.00067755688396624303,1,3971.5292149311163,0.6333333333333333,0.013751272065609443,True,0.57626351419309374,300,platt,300,0,0.0023443939657247568,0.2890115287243456,252,0,False,20251230,0.45382575534225283,0.51955501237288138,0.48669038385756713,417
20260105,-0.0012658630328070753,0,4018.3236055338916,0.64166666666666672,0.014974958969574237,False,0.57576138819976674,300,platt,300,0,-0.004379974177481461,0.2890115287243456,252,0,False,0,0,0,0,0
20260106,0.0017942132955246623,1,4090.9941699847377,0.6333333333333333,0.00051549254552374357,True,0.57625972814208326,300,platt,300,0,0.0062081028512739819,0.2890115287243456,252,0,False,20251230,0.38601858299485764,0.49818598314254242,0.44210228306870003,417
20260107,-0.00087879645433860411,0,4082.181737789525,0.6333333333333333,-0.00068371406796219336,True,0.57627553025272771,300,platt,300,0,-0.0030406968822921441,0.2890115287243456,252,0,False,0,0,0,0,0
20260108,0.00080173900429712059,1,4086.2522833576782,0.6333333333333333,0.009171539171352272,True,0.57961039756234933,300,platt,300,0,0.002774072743173529,0.2890115287243456,252,0,False,20251230,0.37971652633976816,0.45308060614256684,0.4163985662411675,417
20260109,0.0011355564253125779,1,4125.1049762193252,0.64166666666666672,0.010887466490115294,True,0.57911254135788925,300,platt,300,0,0.003929104248279496,0.2890115287243456,252,0,False,20260108,0.40935247837036226,0.46166489475897299,0.43550868656466762,419
20260112,0.0015784140186076161,1,4171.8615473923246,0.65000000000000002,-0.0063689488863553079,False,0.57864044947792281,300,platt,300,0,0.0049558852304601103,0.31849285147006406,252,0,False,20260108,0.48715763364769132,0.4342950344878389,0.46072633406776509,419
20260113,-0.0015925571380376925,0,4132.1672906082104,0.65000000000000002,-0.0030601688888104439,True,0.57524382683548958,300,platt,300,0,-0.0055103585143021997,0.2890115287243456,252,0,False,0,0,0,0,0
20260114,0.0030927236716853427,1,4138.8540661112202,0.65000000000000002,-0.0032699212901928787,False,0.57534719792625177,300,platt,300,0,0.0089984694242263123,0.34369441355869862,252,0,False,20260108,0.38816365768253913,0.42411889354596854,0.40614127561425384,419
20260115,0.0010832934937352182,1,4117.0563541222882,0.64166666666666672,-0.0025989634005845197,False,0.57578014434071023,300,platt,300,0,0.0037482708683515722,0.2890115287243456,252,0,False,20260108,0.42754630628978851,0.4848109805953239,0.45617864344255621,419
20260116,0.0014492188562987519,1,4107.8572692317312,0.64166666666666672,0.0029467716365587648,True,0.57245348645489769,300,platt,300,0,0.0050143980854168374,0.2890115287243456,252,0,False,20260115,0.38282748945388845,0.52442570644726683,0.45362659795057764,423
20260119,0.0010477033661593458,1,4118.3103517531499,0.64166666666666672,-8.5342730059667637e-05,False,0.57248123402384998,300,platt,300,0,0.0037652313547866813,0.27825736785799798,252,0,False,20260115,0.33475044052774794,0.3987948523531577,0.36677264644045282,423
20260120,0.0014517134924740501,1,4119.6208397566024,0.6333333333333333,0.00080001964192844,True,0.57299307929187893,300,platt,300,0,0.0050230297001704399,0.2890115287243456,252,0,False,20260115,0.45626601498316244,0.52073833466592101,0.48850217482454172,423
20260121,0.0009671844692586293,1,4120.9218404288695,0.6333333333333333,0.0013689779302104021,True,0.57633354542675252,300,platt,300,0,0.0033465255643179335,0.2890115287243456,252,0,False,20260115,0.52648925670919611,0.53569969469966805,0.53109447570443202,423
20260122,0.0009207461237895041,1,4126.3718458720277,0.6333333333333333,0.0032960459673758713,True,0.57634064938356755,300,platt,300,0,0.0031858456576232172,0.2890115287243456,252,0,False,20260115,0.34359935337545161,0.30114551442161286,0.32237243389853221,423
20260123,0.00069783938641041735,1,4139.0505782874206,0.6333333333333333,-0.00086045906978260422,False,0.57968027843585146,300,platt,300,0,0.0024145728355217449,0.2890115287243456,252,0,False,20260122,0.41779460871218954,0.26128298935353356,0.33953879903286155,424
20260126,0.001036268076556876,1,4136.8876868417728,0.625,0.0017661740347225674,True,0.57684827567327257,300,platt,300,0,0.0037241352656139219,0.27825736785799798,252,0,False,20260122,0.40293263321761774,0.47304524063924719,0.43798893692843244,424
20260127,0.0016242111530089072,1,4146.6281784116072,0.6333333333333333,0.0027376721117766678,True,0.57635461438692126,300,platt,300,0,0.005837082286488761,0.27825736785799798,252,0,False,20260122,0.43325601694485538,0.46529115065780802,0.4492735838013317,424
20260128,-0.00094554900654851711,0,4147.3126012222629,0.64166666666666672,0.001625226095214316,False,0.57921338553155599,300,platt,300,0,-0.0032716653578562468,0.2890115287243456,252,0,False,0,0,0,0,0
20260129,-0.00090285084493950331,0,4154.2304601809292,0.6333333333333333,-0.0096289199731262043,True,0.57635606220970759,300,platt,300,0,-0.0032446610556607137,0.27825736785799798,252,0,False,0,0,0,0,0
20260130,0.0025157786621868589,1,4128.3074447040835,0.6333333333333333,-0.024818479963173989,False,0.57641245636402905,300,platt,300,0,0.0090411933439646652,0.27825736785799798,252,0,False,20260127,0.53593550314647853,0.55616460331666984,0.54605005323157418,423
20260202,0.0025609349470881934,1,4026.0304652944033,0.625,0.012946908201175278,True,0.5768305818477516,300,platt,300,0,0.0094479746076362413,0.27105650188965796,252,0,False,20260127,0.44499735393882783,0.35238286560653104,0.39869010977267944,423
20260203,0.0020046493143979481,1,4075.8922879923857,0.625,0.0084725468668962467,True,0.57683538668803269,300,platt,300,0,0.0069362261195813719,0.2890115287243456,252,0,False,20260127,0.27266368399671465,0.36419297477681017,0.31842832938676241,423
20260204,0.0012513836279574684,1,4107.3354284213747,0.6333333333333333,-0.0064076074264505234,False,0.57969430431872215,300,platt,300,0,0.0043298744291651332,0.2890115287243456,252,0,False,20260127,0.4434122422643576,0.40383405681069529,0.42362314953752644,423
20260205,0.0012004869817853231,1,4080.809784937192,0.625,-0.0025352088279920748,False,0.57683817510429691,300,platt,300,0,0.0041537684918110229,0.2890115287243456,252,0,False,20260127,0.40620834579198739,0.44486891983483606,0.42553863281341175,423
20260206,0.0019587103471211233,1,4073.5467002726637,0.64166666666666672,0.014144661255750091,True,0.57247127442640477,300,platt,300,0,0.0067772740961808088,0.2890115287243456,252,0,False,20260205,0.36611822332929878,0.47435652848015092,0.42023737590472487,427
20260209,0.00089331470042382222,1,4126.7729166401759,0.64166666666666672,0.0012814176708304537,True,0.57248789621308604,300,platt,300,0,0.0030909310239864199,0.2890115287243456,252,0,False,20260205,0.2542004815101046,0.26343081808684582,0.25881564979847521,427
20260210,-0.0005912298935259689,0,4125.9322824116516,0.64166666666666672,0.00087489669962237393,False,0.57579674276395865,300,platt,300,0,-0.0017202196783015049,0.34369441355869862,252,0,False,0,0,0,0,0
20260211,0.00070897049607079746,1,4134.9144554552067,0.65000000000000002,0.00049196693598840824,True,0.57541102930630184,300,platt,300,0,0.002062793190991783,0.34369441355869862,252,0,False,20260205,0.40967138201225428,0.51936278469043096,0.46451708335134262,427
20260212,0.00048641621860298385,1,4136.0286533059125,0.65000000000000002,-0.01256530632258035,False,0.57888076361916452,300,platt,300,0,0.0016830339632123103,0.2890115287243456,252,0,False,20260205,0.40944442174790913,0.5689977674541763,0.48922109460104268,427
20260213,0.0014533731340375727,1,4088.0053746480307,0.625,0.0086564604460979133,True,0.57683047677125843,300,platt,300,0,0.0045632833745851871,0.31849285147006406,252,0,False,20260212,0.4676753665374942,0.43351067632090773,0.45059302142920099,431
20260224,0.00076113151908520653,1,4120.5427896907522,0.65000000000000002,0.0072428074850665602,True,0.57876040217937641,300,platt,300,0,0.0026335680187040606,0.2890115287243456,252,0,False,20260212,0.33644397653553287,0.57394750597694377,0.4551957412562383,431
20260225,-0.0014677774923051422,0,4141.1432884166989,0.64166666666666672,-0.00014453018707305532,True,0.57924781091304423,300,platt,300,0,-0.0046085100043229766,0.31849285147006406,252,0,False,0,0,0,0,0
20260226,-0.00081393927623508587,0,4143.2559940836518,0.65000000000000002,0.0039189403658310695,False,0.58207908753205517,300,platt,300,0,-0.0025555966875808831,0.31849285147006406,252,0,False,0,0,0,0,0
20260227,0.0011109526939171123,1,4167.5062644168829,0.64166666666666672,0.0047345570610164422,True,0.57914492712156329,300,platt,300,0,0.0038439736256221128,0.2890115287243456,252,0,False,20260212,0.4657263584298697,0.55704642598283005,0.51138639220634985,431
20260302,0.0016758302633294556,1,4189.6002124093466,0.64166666666666672,-0.014324829138799955,False,0.58244943479260503,300,platt,300,0,0.0057984893222990932,0.2890115287243456,252,0,False,20260227,0.42884448168147077,0.42550883420608032,0.42717665794377557,433
20260303,-0.0024091151889007083,0,4112.7439986294839,0.625,-0.009751433292356726,True,0.58019929907035495,300,platt,300,0,-0.0083357061897640847,0.2890115287243456,252,0,False,0,0,0,0,0
20260304,0.0015467926230095786,1,4088.7887406668278,0.625,0.0063914675267986443,True,0.58020070120237777,300,platt,300,0,0.0053520101078212822,0.2890115287243456,252,0,False,20260227,0.453569500283941,0.4312445444529503,0.44240702236844565,433
20260305,0.0012597596648343057,1,4113.7428069868693,0.625,0.0038035159217313375,True,0.58020165922061351,300,platt,300,0,0.0036653480974288659,0.34369441355869862,252,0,False,20260227,0.25041098915419302,0.36947189251880502,0.30994144083649899,433
20260306,-0.0015960343538568575,0,4117.6116446940296,0.6333333333333333,-0.0066902041950501756,True,0.58305379759101561,300,platt,300,0,-0.0045449933127020524,0.35116319080082348,252,0,False,0,0,0,0,0
20260309,-0.002198709862071292,0,4087.5950601220056,0.6333333333333333,0.0064774898944914838,False,0.58642071813488728,300,platt,300,0,-0.0056711472274553398,0.38770107244383062,252,0,False,0,0,0,0,0
20260310,0.0010482144003763736,1,4127.4599326263387,0.65000000000000002,0.0024969089077300222,True,0.58555956001518927,300,platt,300,0,0.0027036664968942969,0.38770107244383062,252,0,False,20260305,0.34006578926693709,0.40126140479139966,0.3706635970291684,433
20260311,-0.00094870111094472285,0,4129.5117074260143,0.65833333333333333,-0.001047676325038438,True,0.58837213503588726,300,platt,300,0,-0.0024469911959868742,0.38770107244383062,252,0,False,0,0,0,0,0
20260312,0.0016379996598417188,1,4135.8660686542516,0.65833333333333333,-0.0081504634929633335,False,0.59183704601303033,300,platt,300,0,0.0040041607793939431,0.40907439787910843,252,0,False,20260305,0.40160614861181937,0.46644548370995853,0.43402581616088898,433
20260313,0.0020711612820045367,1,4103.9308343656448,0.6333333333333333,-0.0026035487932517531,False,0.58973485786346913,300,platt,300,0,0.0050630430375078516,0.40907439787910843,252,0,False,20260305,0.37201671557362409,0.39531711984593626,0.38366691770978018,433
20260316,0.0017747570278034883,1,4092.0353023056223,0.625,-0.0085386362242054759,False,0.58685209523223592,300,platt,300,0,0.0051637645471953025,0.34369441355869862,252,0,False,20260305,0.34496517603887528,0.43957733128685594,0.39227125366286564,433
20260317,0.0024685889565621011,1,4059.90485643588,0.625,0.0032289874881827885,True,0.58685573247074752,300,platt,300,0,0.0063672482023369829,0.38770107244383062,252,0,False,20260316,0.26012318818225327,0.32547655474879056,0.29279987146552189,434
20260318,0.001869048540919074,1,4070.5783150645971,0.625,-0.013889322341478882,False,0.58685542968375393,300,platt,300,0,0.0045689697292457393,0.40907439787910843,252,0,False,20260316,0.2824490802705148,0.41611008168570579,0.34927958097811029,434
20260319,-0.0021401774196012397,0,3997.9775672370884,0.625,-0.012354662136820127,True,0.58352435563227389,300,platt,300,0,-0.0052317559610115588,0.40907439787910843,252,0,False,0,0,0,0,0
20260320,0.0031292090636741909,1,3969.4351451742764,0.625,-0.036332546190249171,False,0.58351950190019763,300,platt,300,0,0.0074152181597698678,0.42199824688250392,252,0,False,20260316,0.24734247323494135,0.35191812393122324,0.29963029858308232,434
20260323,0.0052611139822431796,1,3833.3450159834388,0.6166666666666667,0.017831564503121511,True,0.58391247976804328,300,platt,300,0,0.012861019925764135,0.40907439787910843,252,0,False,20260316,0.30868662197102981,0.61303908912046667,0.46086285554574824,434
20260324,0.0035055018323384229,1,3894.8855331001682,0.6166666666666667,0.01302606457349631,True,0.58729594347476821,300,platt,300,0,0.008455685148460625,0.41457336345791052,252,0,False,20260323,0.17188633458786312,0.4182776728181814,0.29508200370302229,435
20260325,-0.0019757449197450499,0,3924.0691920341119,0.65000000000000002,-0.010873796284815884,True,0.58560479057362735,300,platt,300,0,-0.0046818794493597793,0.42199824688250392,252,0,False,0,0,0,0,0
20260326,-0.0027447019739068835,0,3878.4091248408618,0.65833333333333333,0.0063357600833204852,False,0.58503472253410471,300,platt,300,0,-0.0065040601333850685,0.42199824688250392,252,0,False,0,0,0,0,0
20260327,0.0034711806373014975,1,3927.3090422743066,0.65000000000000002,0.0024434785101594692,True,0.58556412247693146,300,platt,300,0,0.0082255807054761789,0.42199824688250392,252,0,False,20260323,0.2810294732507348,0.42859802476970127,0.354813749010218,435
20260330,-0.0024334054765456606,0,3913.7399521714801,0.65833333333333333,-0.0080102222450263438,True,0.58845239388912107,300,platt,300,0,-0.0058696619007282454,0.41457336345791052,252,0,False,0,0,0,0,0
20260331,0.0027671506616230969,1,3902.6298643575196,0.66666666666666663,0.014566709161338176,True,0.59116048104741481,300,platt,300,0,0.0065572562968337373,0.42199824688250392,252,0,False,20260327,0.27404814953490186,0.39456321673956601,0.33430568313723397,434
20260401,0.0012459183919097216,1,3953.4716736828041,0.67500000000000004,-0.0074120587138764016,False,0.59122401989028039,300,platt,300,0,0.0029524255162524881,0.42199824688250392,252,0,False,20260327,0.10306315808283865,0.36518691140033271,0.23412503474158569,434
20260402,-0.0025311259252885454,0,3909.36499562168,0.66666666666666663,-0.0099988895934390865,True,0.58817345340986749,300,platt,300,0,-0.0059979536502512568,0.42199824688250392,252,0,False,0,0,0,0,0
20260403,0.0028378202731731391,1,3891.1077170771323,0.66666666666666663,0.0025947291468275679,True,0.5884414759588662,300,platt,300,0,0.0067247205270103104,0.42199824688250392,252,0,False,20260327,0.26706205945416406,0.55967725414222991,0.41336965679819698,434
20260407,0.0013049941573454365,1,3895.241141943613,0.66666666666666663,0.026948217742463143,True,0.58862406205895013,300,platt,300,0,0.0030924160633036546,0.42199824688250392,252,0,False,20260327,0.22870606316895645,0.45450353439231539,0.34160479878063593,434
20260408,-0.0032541844368329273,0,3981.9970413103138,0.67500000000000004,-0.0072155990085099875,True,0.59134397402295502,300,platt,300,0,-0.0077113695634356107,0.42199824688250392,252,0,False,0,0,0,0,0
20260409,-0.0011678259533354851,0,3961.5394023372683,0.67500000000000004,0.0050561357512757255,False,0.59450137514307899,300,platt,300,0,-0.0027041888859589201,0.43185812921547001,252,0,False,0,0,0,0,0
20260410,0.001518905642200378,1,3992.2793991879089,0.66666666666666663,0.00058534081131944582,True,0.59135019958332757,300,platt,300,0,0.0035171403279120393,0.43185812921547001,252,0,False,20260407,0.20271993803352834,0.38287269549490893,0.29279631676421863,435
20260413,-0.0012195957436259906,0,3983.6935716399948,0.67500000000000004,0.0095442011874968813,False,0.5911424125053788,300,platt,300,0,-0.0028240657315900361,0.43185812921547001,252,0,False,0,0,0,0,0
20260414,0.001649299072596367,1,4033.266709867773,0.64166666666666672,0.00014500975705322716,True,0.5894583736225063,300,platt,300,0,0.0038190761294514628,0.43185812921547001,252,0,False,20260407,0.28026523092920747,0.48617964997530616,0.38322244045225684,435
20260415,-0.0014176415844221449,0,4021.5003603436198,0.64166666666666672,0.0070364603579724516,False,0.5927543562319546,300,platt,300,0,-0.0033110956058099335,0.42814879218063923,252,0,False,0,0,0,0,0
20260416,0.0013754283742695838,1,4061.124914141898,0.6333333333333333,-0.0010162378103983905,False,0.58991135492307323,300,platt,300,0,0.0032125008861154983,0.42814879218063923,252,0,False,20260407,0.17752074435412005,0.46400745238033397,0.32076409836722702,435
20260417,-0.00095805846162219687,0,4047.5438976138989,0.625,0.0075779995850349113,False,0.58704096614753798,300,platt,300,0,-0.0022376764319306658,0.42814879218063923,252,0,False,0,0,0,0,0
20260420,-0.0014670965780418771,0,4076.1382253004581,0.59166666666666667,0.00072253997186910723,False,0.58890608746362594,300,platt,300,0,-0.0034765466180961594,0.42199824688250392,252,0,False,0,0,0,0,0
20260421,-0.0011374589270268607,0,4080.4299931537412,0.6166666666666667,0.0051850924900649353,False,0.58411609512422391,300,platt,300,0,-0.0026954114985780048,0.42199824688250392,252,0,False,0,0,0,0,0
20260422,-0.0013693907097429331,0,4100.6350283060528,0.55959113636417801,-0.0031678476323735438,True,0.58339086085006064,300,platt,300,0,-0.0035320787252692671,0.38770107244383062,252,0,True,20260416,0.41886528444842358,0.70031698827993238,0.55959113636417801,435
20260423,-0.0018956574712321818,0,4085.4906998663132,0.59999999999999998,-0.0032613936783388864,True,0.58512450986256503,300,platt,300,0,-0.0048894821447955138,0.38770107244383062,252,0,False,0,0,0,0,0
20260424,-0.0013372653470468284,0,4074.4444905756777,0.59999999999999998,0.0015794013010710373,False,0.5851463323102214,300,platt,300,0,-0.0034657704987591073,0.38584936524955304,252,0,False,0,0,0,0,0
20260427,-0.00082054500900792526,0,4082.9911706616012,0.59999999999999998,-0.0018859889482633063,True,0.58507651643180347,300,platt,300,0,-0.0023874260873541567,0.34369441355869862,252,0,False,0,0,0,0,0
20260428,-0.00095534516600835205,0,4074.7408934760092,0.66666666666666674,0.0070800606104381991,False,0.58138527500003345,300,platt,300,0,-0.0029995811887104391,0.31849285147006406,252,0,False,0,0,0,0,0
20260429,-0.0016309197104198622,0,4100.8153738042065,0.66666666666666674,0.0011308298760925872,False,0.5811151865377574,300,platt,300,0,-0.0054902310973608251,0.29705848105444077,252,0,False,0,0,0,0,0
20260430,-0.00057479220324827592,0,4109.7956628958455,0.625,0.011676201357277094,False,0.58045473798383607,300,platt,300,0,-0.0019349462813113083,0.29705848105444077,252,0,False,0,0,0,0,0
20260506,0.0011583621491222205,1,4164.9926877478538,0.65000000000000002,0.0047879010436511216,True,0.5787824976528485,300,platt,300,0,0.0038994414332507539,0.29705848105444077,252,0,False,20260422,0.42974260458771357,0.51110125150484753,0.47042192804628058,433
20260507,-0.00054393637345349552,0,4177.818495808031,0.59999999999999998,-3.3444238383029123e-05,True,0.5820450227377304,300,platt,300,0,-0.0018310750513593666,0.29705848105444077,252,0,False,0,0,0,0,0
20260508,-0.00090014664783486453,0,4176.1898298590304,0.60833333333333328,0.010782012732967861,False,0.5849405863816638,300,platt,300,0,-0.0030302001297512126,0.29705848105444077,252,0,False,0,0,0,0,0
20260511,-0.0013445250044873817,0,4219.3400540243738,0.54545454545454541,-0.0024926741779041084,True,0.588625921943846,300,platt,300,0,-0.0045261289955932137,0.29705848105444077,252,0,False,0,0,0,0,0
20260512,0.00095406510289358084,1,4218.5099969768353,0.54545454545454541,0.0066634173997508483,True,0.58915987619491772,300,platt,300,0,0.003211708009503802,0.29705848105444077,252,0,False,20260422,0.3644126378956633,0.49246562765092305,0.42843913277329315,433
20260513,-0.0017406497268457721,0,4235.1871682070769,0.59090909090909083,-0.015239458517144922,True,0.5863435465987078,300,platt,300,0,-0.0054652709434810662,0.31849285147006406,252,0,False,0,0,0,0,0
20260514,0.0029233311529751863,1,4190.1309363823102,0.59090909090909083,-0.010179257967635635,False,0.58981327584347598,300,platt,300,0,0.0085056114898880032,0.34369441355869862,252,0,False,20260512,0.31412475561491654,0.39516889467310029,0.35464682514400842,432
20260515,-0.0026857632640430625,0,4124.2827230669673,0.54545454545454541,-0.00093384192550272083,True,0.5898632857107009,300,platt,300,0,-0.0084327269878944327,0.31849285147006406,252,0,False,0,0,0,0,0
20260518,0.0011938357765774075,1,4136.4599654607973,0.59090909090909083,0.0092000353573820082,True,0.59009821866641354,300,platt,300,0,0.0040188577425554727,0.29705848105444077,252,0,False,20260512,0.38045716759777987,0.44821610577724863,0.41433663668751425,432
20260519,-0.0019886013457638689,0,4161.2462515197067,0.59090909090909083,-0.0017635767686288162,True,0.59033706126270491,300,platt,300,0,-0.0066943092777729026,0.29705848105444077,252,0,False,0,0,0,0,0
20260520,-0.0009552919602815261,0,4158.2083986099415,0.63636363636363635,-0.020399864542285484,True,0.58939722603719513,300,platt,300,0,-0.0032158380292345648,0.29705848105444077,252,0,False,0,0,0,0,0
20260521,0.0040907561634945947,1,4093.9556439726471,0.59166666666666667,0.0087369841118207781,True,0.59370094961224995,300,platt,300,0,0.013770878208809319,0.29705848105444077,252,0,False,20260518,0.22234861683428861,0.27030665098328327,0.24632763390878593,432
20260522,0.0019173755609902038,1,4120.7855731778463,0.59999999999999998,0.0096450202674531749,True,0.59306396008306161,300,platt,300,0,0.0055787219266592485,0.34369441355869862,252,0,False,20260518,0.27370949721747045,0.39940225893158482,0.33655587807452764,432
20260525,-0.0012389301957824626,0,4147.423857371401,0.625,-0.0017328070149160713,True,0.59381707274187445,300,platt,300,0,-0.0036047434782377373,0.34369441355869862,252,0,False,0,0,0,0,0
20260526,-0.0018737044319584531,0,4137.605796237779,0.60833333333333328,-0.012458806481346674,True,0.5989173340652999,300,platt,300,0,-0.0048560516116091332,0.38584936524955304,252,0,False,0,0,0,0,0
20260527,0.0031468789775090868,1,4106.60906217721,0.6166666666666667,0.0011992007477978905,True,0.59802436122242653,300,platt,300,0,0.0081557189435151785,0.38584936524955304,252,0,False,20260518,0.31416013677417709,0.43442125062256437,0.37429069369837076,432
20260528,0.0022711801536531647,1,4107.9445402860129,0.6166666666666667,-0.0073357823107873532,False,0.5980113577373587,300,platt,300,0,0.0058861834648457944,0.38584936524955304,252,0,False,20260527,0.33680892024201742,0.28645924932860328,0.31163408478531035,431
20260529,0.0021167187946570989,1,4077.1811166813313,0.6166666666666667,-0.0026616482930080787,False,0.59794218240704977,300,platt,300,0,0.0061587233052177327,0.34369441355869862,252,0,False,20260527,0.30770714638239355,0.31072518905422608,0.30921616771830984,431
20260601,0.0015213518924480306,1,4063.9132504280615,0.6166666666666667,0.0042786378624555255,True,0.59784168274913529,300,platt,300,0,0.0051213885126182215,0.29705848105444077,252,0,False,20260527,0.17808017140817303,0.33287303241313199,0.25547660191065252,431
20260602,0.0021068153832237207,1,4083.6870867390794,0.6166666666666667,0.0021772217900040136,True,0.60110753739557454,300,platt,300,0,0.0061299087215565219,0.34369441355869862,252,0,False,20260527,0.33801202883980358,0.59350855822124871,0.46576029353052617,431
20260603,-0.00179263675430467,0,4076.6529181039755,0.6166666666666667,-0.0064135814772572353,True,0.60114713365173555,300,platt,300,0,-0.0050471200156299717,0.35518013218493211,252,0,False,0,0,0,0,0
20260604,0.0014297539798928966,1,4063.5827286772592,0.625,-0.0074042683081155802,False,0.60036820912377853,300,platt,300,0,0.0040254334359796475,0.35518013218493211,252,0,False,20260602,0.36484770099913139,0.51050263052830291,0.43767516576371712,432
20260605,0.0024674423487225658,1,4037.6744068693624,0.6166666666666667,-0.016981847023645691,False,0.6010690063652413,300,platt,300,0,0.0069470168095940666,0.35518013218493211,252,0,False,20260602,0.2174899535491823,0.30702649340753191,0.26225822347835709,432
20260608,0.0030283755597236661,1,3971.3281618262095,0.6166666666666667,0.01280337838312251,True,0.59780112691774712,300,platt,300,0,0.0088112446413286215,0.34369441355869862,252,0,False,20260602,0.36931564373273412,0.47456780062907372,0.42194172218090392,432
20260609,0.0021741626618291409,1,4018.7491590207287,0.6166666666666667,-0.0041907160461388537,False,0.59783384795809469,300,platt,300,0,0.0061212958293993666,0.35518013218493211,252,0,False,20260602,0.25071097749258181,0.41259591891978981,0.33165344820618581,432
20260610,-0.0016461301557308249,0,3986.6524305919779,0.60833333333333328,-0.0015554091631883038,True,0.59857125478312723,300,platt,300,0,-0.0047895167648678901,0.34369441355869862,252,0,False,0,0,0,0,0
20260611,0.0015013884551811412,1,3993.0007578412174,0.60833333333333328,0.011160781524081065,True,0.60200269841762677,300,platt,300,0,0.0043683818995932655,0.34369441355869862,252,0,False,20260609,0.39714993091143186,0.5766390311779076,0.4868944810446697,433
20260612,0.0020496789263243689,1,4039.7762070323356,0.6333333333333333,0.016112760050947639,True,0.59939205286661645,300,platt,300,0,0.0057708152584873742,0.35518013218493211,252,0,False,20260609,0.17525215913170128,0.32659109624725119,0.25092162768947623,433
20260615,-0.0017850976128315895,0,4089.1590981472978,0.64166666666666672,-0.0011180353082873573,True,0.59861228749414386,300,platt,300,0,-0.0050258937679040572,0.35518013218493211,252,0,False,0,0,0,0,0
20260616,-0.0010089722718092796,0,4087.7630947354537,0.6166666666666667,0.0039552610837672031,False,0.60110320907651305,300,platt,300,0,-0.0028407339836337936,0.35518013218493211,252,0,False,0,0,0,0,0
20260617,0.0013969063454684657,1,4113.8147977114486,0.6166666666666667,-0.0042830023454775157,False,0.59774757547944757,300,platt,300,0,0.0039329518148305005,0.35518013218493211,252,0,False,20260609,0.44865336971313469,0.5716339506326803,0.51014366017290746,433
20260618,-0.0013940751697849025,0,4084.7788615872,0.56795617487907779,0.017752238593536696,False,0.60263962493384249,300,platt,300,0,-0.0040561473064118113,0.34369441355869862,252,0,True,20260617,0.51660693615708597,0.61930541360106961,0.56795617487907779,432
20260622,-0.0034759133830872648,0,4148.6259371605656,0.55643754071812035,-0.013654451680377822,True,0.60048066363310026,300,platt,300,0,-0.010113383418417487,0.34369441355869862,252,0,True,20260617,0.44066742016684801,0.67220766126939269,0.55643754071812035,432
20260623,-0.0034683489569110135,0,4092.0097861994905,0.64166666666666672,0.0011109158262265773,False,0.59180502365051968,300,platt,300,0,-0.009765042136718232,0.35518013218493211,252,0,False,0,0,0,0,0
20260624,-0.0015755629992435648,0,4104.3365545101651,0.6333333333333333,0.0023029992069210081,False,0.59266032819486214,300,platt,300,0,-0.0044359547634359635,0.35518013218493211,252,0,False,0,0,0,0,0
20260625,0.001507854270469704,1,4126.4933826982433,0.625,-0.022575112966820798,False,0.59360499346783147,300,platt,300,0,0.0042453226794921277,0.35518013218493211,252,0,False,20260617,0.36296868906629698,0.4603583561035488,0.41166352258492289,432
20260626,0.0036104140723635003,1,4041.8048935070537,0.59999999999999998,0.011580291417639055,True,0.59300516311183182,300,platt,300,0,0.010165022604596761,0.35518013218493211,252,0,False,20260625,0.36429622864906974,0.42634165902150534,0.39531894383528754,432
20260629,0.0032142648576916652,1,4086.9962990680001,0.59999999999999998,0.0050309264948635857,True,0.59631160192415678,300,platt,300,0,0.0090496752673600838,0.35518013218493211,252,0,False,20260625,0.35294039293311302,0.56408555164734209,0.45851297229022758,432
20260630,0.001898914947055203,1,4102.1721120422617,0.59999999999999998,0.0044079993020706976,True,0.59940538307851376,300,platt,300,0,0.0049213893246320495,0.38584936524955304,252,0,False,20260625,0.32256167773004568,0.50524190985527573,0.41390179379266068,432
20260701,-0.0023307112591808205,0,4102.8603774365247,0.66666666666666674,-0.020314312752074848,True,0.59250699114436467,300,platt,300,0,-0.0060404693361965313,0.38584936524955304,252,0,False,0,0,0,0,0
20260702,-0.0031958572139366703,0,4016.027998726513,0.66666666666666674,0.0036584144798890161,False,0.59250699114436467,300,platt,300,0,-0.0082430961405186211,0.38770107244383062,252,0,False,0,0,0,0,0
20260703,-0.0019399462368879981,0,4035.7987495908424,0.66666666666666674,-0.00059476068511687963,True,0.589142325433753,300,platt,300,0,-0.0050277295017274754,0.38584936524955304,252,0,False,0,0,0,0,0
20260706,-0.0022754162338130997,0,4032.042700995014,0.73333333333333339,-0.012620612167825174,True,0.58288902001212028,300,platt,300,0,-0.0058971620501214123,0.38584936524955304,252,0,False,0,0,0,0,0
20260707,-0.0023949937123657864,0,3980.67871154564,0.80000000000000004,-0.0048507415089029671,True,0.5786575466083782,300,platt,300,0,-0.0062070692038505579,0.38584936524955304,252,0,False,0,0,0,0,0
20260708,-0.002038562009276336,0,3962.7848155001734,0.8666666666666667,0.016547517166032533,False,0.57770209766245262,300,platt,300,0,-0.005283310516677589,0.38584936524955304,252,0,False,0,0,0,0,0
20260709,-0.0042453228555993337,0,4019.4512811294944,0.70659380494538582,-0.010014968335013807,True,0.58274440204243894,300,platt,300,0,-0.01100253943103837,0.38584936524955304,252,0,True,20260630,0.59936571426684082,0.81382189562393081,0.70659380494538582,431
20260710,-0.00335283538826917,0,3982.7631279702778,0.73333333333333339,-0.020611678967136893,True,0.58118544475111655,300,platt,300,0,-0.0086479910079560653,0.38770107244383062,252,0,False,0,0,0,0,0
20260713,-0.0037782316581326425,0,3899.0067796057901,0.80000000000000004,0.013626726393877631,False,0.57733968324908158,300,platt,300,0,-0.0092360501603652133,0.40907439787910843,252,0,False,0,0,0,0,0
20260714,0.0041878107853208484,1,3983.7397738870891,0.625,-0.0029109484845730726,False,0.59063340833154787,300,platt,300,0,0.010853486262993662,0.38584936524955304,252,0,False,20260630,0.2505970160117717,0.40962509370322864,0.33011105485750014,431
20260715,0.0014925564117402484,1,3961.4820234552944,0.6166666666666667,-0.018496790646100547,False,0.59152210727769439,300,platt,300,0,0.0042022519743956767,0.35518013218493211,252,0,False,20260630,0.18347583475344018,0.19346696331263907,0.18847139903303961,431
20260716,-0.0029296261480590952,0,3871.0385825294857,0.73333333333333339,-0.030459900114686467,True,0.57623761538373675,300,platt,300,0,-0.0082482827235779137,0.35518013218493211,252,0,False,0,0,0,0,0
20260717,-0.0055892473268461017,0,3743.1159084051901,0.73333333333333339,0.0085349042641631456,False,0.57748511445289941,300,platt,300,0,-0.014485568281889447,0.38584936524955304,252,0,False,0,0,0,0,0
20260720,-0.003617456922506008,0,3782.5485155697888,0.66666666666666674,0.01793484013066049,False,0.58294331424222545,300,platt,300,0,-0.010525213037506042,0.34369441355869862,252,0,False,0,0,0,0,0
20260721,0.0044827539866394255,1,3881.6901070233635,0.59999999999999998,0.00069002243601556934,True,0.58688102799505593,300,platt,300,0,0.013803586785986184,0.32475283823987344,252,0,False,20260715,0.32375715183199077,0.38560786455063545,0.35468250819131308,431
20260722,0.0016222991399962839,1,3873.3070852836172,0.59999999999999998,0.0025197091641508962,True,0.58691347792407167,300,platt,300,0,0.0050936752034096058,0.31849285147006406,252,0,False,20260715,0.26761493407618198,0.30027485231917783,0.2839448931976799,431
20260723,-0.00097341465061457082,0,3873.0036880816683,0.59999999999999998,-0.016142170040508441,True,0.59035832319966552,300,platt,300,0,-0.0030563155377635359,0.31849285147006406,252,0,False,0,0,0,0,0
20260724,0.0019530914669142728,1,3821.6472771763033,0.66666666666666674,0.011548221227540845,True,0.5857574850446462,300,platt,300,0,0.0060140859045291952,0.32475283823987344,252,0,False,0,0,0,0,0
20260727,-0.002590406306309205,0,3848.2505778207137,0.66666666666666674,-0.011645294687092078,True,0.58602193676378322,300,platt,300,0,-0.0075369462060424115,0.34369441355869862,252,0,False,0,0,0,0,0
20260728,-0.0021189153725969805,0,3805.2345090735116,0.66666666666666674,0.0039740754670489764,False,0.58625534204779006,300,platt,300,0,-0.0054915611205594303,0.38584936524955304,252,0,False,0,0,0,0,0
20260729,-0.0026308638362952893,0,3818.3968193595224,0.59999999999999998,-0.0062104198832484414,True,0.59035636867278141,300,platt,300,0,-0.0074071255622076126,0.35518013218493211,252,0,False,0,0,0,0,0
20260730,-0.0032577149599420413,0,3792.2979959989989,0.66666666666666674,0.0072462621553184281,False,0.58598915938609986,300,platt,300,0,-0.0084429708931491234,0.38584936524955304,252,0,False,0,0,0,0,0
20260731,-0.0010006106168118666,0,3828.4277975561508,0.66666666666666674,-0.0058971692543809962,True,0.58239306688816395,300,platt,300,0,-0.0028171919714554232,0.35518013218493211,252,0,False,0,0,0,0,0
20260803,-0.0012212931187865971,0,3805.0101849153334,0.66666666666666674,0.0033130752854799717,False,0.58609119652409414,300,platt,300,0,-0.0034385175524139534,0.35518013218493211,252,0,False,0,0,0,0,0
20260804,-0.001315589780346988,0,3817.2560414426625,0.66666666666666663,0.014688859118444419,False,0.5862899276921778,300,platt,300,0,-0.0037040072378316424,0.35518013218493211,252,0,False,0,0,0,0,0
20260805,0.0027708471974840828,1,3889.1761357877995,0.66666666666666674,0.0056524682051726227,True,0.5862899276921778,300,platt,300,0,0.0078012449075878553,0.35518013218493211,252,0,False,20260722,0.39761453228237059,0.4004287971114614,0.39902166469691602,430
20260806,-0.0016324016894395691,0,3893.9853583160707,0.66666666666666674,0.010174670631676097,False,0.5864359955743601,300,platt,300,0,-0.0042306709209792076,0.38584936524955304,252,0,False,0,0,0,0,0
20260807,0.0023718366524916198,1,3949.382224405957,0.59999999999999998,0.0067401395788886376,True,0.59029601382283348,300,platt,300,0,0.0061470533998613779,0.38584936524955304,252,0,False,20260722,0.47356014430390231,0.449095854420754,0.46132799936232816,430
20260810,-0.0012416458481969946,0,3961.6683956492398,0.66666666666666674,-0.0081935797051045922,True,0.58627268671286958,300,platt,300,0,-0.0032025855393445729,0.38770107244383062,252,0,False,0,0,0,0,0
20260811,-0.0015592497544068267,0,3927.9586666118616,0.73333333333333339,0.0031982722116197237,False,0.58247576268263956,300,platt,300,0,-0.0040217834440804331,0.38770107244383062,252,0,False,0,0,0,0,0
20260812,-0.00099605793383060058,0,3942.7440828547874,0.66666666666666674,-0.004994178390965609,True,0.58934904572931979,300,platt,300,0,-0.0025691389697533209,0.38770107244383062,252,0,False,0,0,0,0,0
20260813,-0.0020086382509521042,0,3919.0769482925775,0.66666666666666674,5.3883854522762675e-05,False,0.58951203346464554,300,platt,300,0,-0.0049102027928565363,0.40907439787910843,252,0,False,0,0,0,0,0
20260814,-0.0012505950578701438,0,3922.2650926027754,0.59999999999999998,0.014126459916595557,False,0.59385959219410633,300,platt,300,0,-0.003241148413089407,0.38584936524955304,252,0,False,0,0,0,0,0
20260817,0.0025158455951297862,1,3992.673241264903,0.59999999999999998,0.0019208801368233441,True,0.5903091113337553,300,platt,300,0,0.006520279211817883,0.38584936524955304,252,0,False,20260807,0.34269543207615261,0.47247694858446432,0.40758619033030846,428
20260818,-0.0015068816965211564,0,3984.2907843909093,0.59999999999999998,-0.024028572060818321,True,0.59029497375637052,300,platt,300,0,-0.0042425844239974723,0.35518013218493211,252,0,False,0,0,0,0,0
20260819,0.0032688875858315146,1,3907.1528290373444,0.59999999999999998,0.0023876711473311829,True,0.59029497375637041,300,platt,300,0,0.0092034640725047606,0.35518013218493211,252,0,False,20260807,0.40683821371842199,0.26349458415372162,0.33516639893607181,428
20260820,0.0014748532862541089,1,3909.4784157454692,0.60833333333333328,0.00037953532027512615,True,0.59263998381554306,300,platt,300,0,0.004152409306177619,0.35518013218493211,252,0,False,20260807,0.41329401539934524,0.32222358240064491,0.36775879889999508,428
20260821,0.001092346937378294,1,3909.4684360999518,0.60833333333333328,-0.0059394357670456976,False,0.59602703035629212,300,platt,300,0,0.0031782504873089394,0.34369441355869862,252,0,False,20260807,0.32079864896715621,0.43041199851984191,0.37560532374349909,428
20260824,0.002127893931382976,1,3890.2684010519906,0.625,0.0019157611709135214,True,0.59084977031103514,300,platt,300,0,0.0061912380517047854,0.34369441355869862,252,0,False,20260821,0.34754314028835581,0.62823259228885053,0.48788786628860314,429
20260825,0.0016488571453993485,1,3895.8580390150023,0.60833333333333328,0.0059336487836605389,True,0.59594956300654112,300,platt,300,0,0.0050772678518715419,0.32475283823987344,252,0,False,20260821,0.35981696842602273,0.5161041274484155,0.43796054793721911,429
20260826,0.0017147762696141224,1,3919.2326024521076,0.6166666666666667,0.011258079344443672,True,0.59506709440632821,300,platt,300,0,0.0049892468482652845,0.34369441355869862,252,0,False,20260821,0.25486358275186116,0.55429637458719827,0.40457997866952972,429
20260827,0.0018425545884184354,1,3963.8611980504534,0.6166666666666667,-0.0011100521133071695,False,0.59861965804069839,300,platt,300,0,0.0053610257127550045,0.34369441355869862,252,0,False,20260821,0.35267180556431854,0.66389454609346688,0.50828317582889271,429
20260828,0.0008032906859118421,1,3955.3537485797565,0.6333333333333333,0.0086329591853000487,True,0.59670237616584443,300,platt,300,0,0.0024735447741291313,0.32475283823987344,252,0,False,20260821,0.2408313033480653,0.51394147664861312,0.37738638999833918,429
20260831,0.0022421616103689896,1,3995.2359243430901,0.6166666666666667,-0.0016080834899948604,False,0.60204922660838034,300,platt,300,0,0.0065237068800539496,0.34369441355869862,252,0,False,20260828,0.4295423623564989,0.5812150790522651,0.50537872070438206,433
20260901,0.00066227545439591742,1,3982.5234819349625,0.64166666666666672,-0.0096740166814255346,False,0.59898926381534501,300,platt,300,0,0.0020393215282901956,0.32475283823987344,252,0,False,20260828,0.35170199905258426,0.41620149343625179,0.38395174624441802,433
20260902,0.001202496718053375,1,3946.1257039700804,0.64166666666666672,0.00017803380952630121,True,0.59904568538597702,300,platt,300,0,0.003702805877142697,0.32475283823987344,252,0,False,20260828,0.43522837199719971,0.58919664534967198,0.51221250867343582,433
20260903,0.0013234724903620908,1,3947.3051448902393,0.65000000000000002,-0.0030368424813662642,False,0.59792646024530949,300,platt,300,0,0.0041554229058936576,0.31849285147006406,252,0,False,20260828,0.43679753736915555,0.54005669033478787,0.48842711385197168,433
20260904,0.0023317776834898278,1,3939.2805577150375,0.64166666666666672,0.00065718155319771654,True,0.59563171649708724,300,platt,300,0,0.0071801610607248887,0.32475283823987344,252,0,False,20260828,0.27621022326687256,0.39964258135410274,0.33792640231048765,433
20260907,0.0010899873879789621,1,3936.9857925287151,0.65000000000000002,0.0019965167943687412,True,0.59455605604973771,300,platt,300,0,0.0035225535911220761,0.30943103058135646,252,0,False,20260904,0.45979103506246632,0.45688052347180985,0.45833577926713809,434
20260908,0.00087226323174300496,1,3943.988097662882,0.65000000000000002,0.0027802965316345851,True,0.59459536110437339,300,platt,300,0,0.0028189261759048664,0.30943103058135646,252,0,False,20260904,0.43009763912443816,0.55634649767260724,0.49322206839852267,434
20260909,-0.00083579483017503706,0,3948.2041510451586,0.65000000000000002,-0.0043282729514726448,True,0.5945773164388749,300,platt,300,0,-0.0027010698591047985,0.30943103058135646,252,0,False,0,0,0,0,0
20260910,0.00074799848029701531,1,3937.3465279136749,0.65000000000000002,-0.011766205175290145,False,0.59793711667596838,300,platt,300,0,0.002417335064591557,0.30943103058135646,252,0,False,20260904,0.53446398042183896,0.56010990646802972,0.54728694344493434,434
20260911,-0.0020119047710989925,0,3880.2880917332991,0.61755144023998276,-0.00071443440935037295,True,0.59888738808274478,300,platt,300,0,-0.0067727565426091247,0.29705848105444077,252,0,True,20260904,0.63899423911065678,0.59610864136930874,0.61755144023998276,434
20260914,0.00093774608411229747,1,3888.9762556186729,0.65000000000000002,-0.005418686399270678,False,0.59464508644506497,300,platt,300,0,0.0031831066296060884,0.29460090195858257,252,0,False,20260911,0.50625015925735051,0.38677991713608711,0.44651503819671878,434
20260915,0.0011112851208642618,1,3868.5737162000823,0.64166666666666672,0.007070166820753121,True,0.59572064791839785,300,platt,300,0,0.0037721714817441241,0.29460090195858257,252,0,False,20260911,0.44817780743665353,0.45137331109177142,0.44977555926421248,434
20260916,-0.0016853793295819755,0,3885.0416769583089,0.65000000000000002,-0.0041104167809619119,True,0.59466545462403364,300,platt,300,0,-0.0057208899170950941,0.29460090195858257,252,0,False,0,0,0,0,0
20260917,0.0010377953254999861,1,3879.6264841298075,0.65000000000000002,0.0093577662364094927,True,0.59800241707294477,300,platt,300,0,0.0035227160494094075,0.29460090195858257,252,0,False,20260911,0.2875774803559259,0.40246254711685947,0.34502001373639268,434
20260918,-0.0010146321091208516,0,3907.9022896708084,0.65000000000000002,0.0097230701397801322,False,0.59808893465496094,300,platt,300,0,-0.0034155971764189552,0.29705848105444077,252,0,False,0,0,0,0,0
20260921,-0.0010489122732399254,0,3945.7636942793265,0.60833333333333328,,,0.60008634393182247,300,platt,300,0,-0.0035604516695858257,0.29460090195858257,252,0,False,0,0,0,0,0
