trade_date,source_rows,excluded_exchange_rows,all_active_rows,all_up_fraction,all_down_fraction,all_median_return,all_mean_return,all_down_amount_fraction,all_large_down_fraction,shanghai_active_rows,shanghai_up_fraction,shanghai_down_fraction,shanghai_median_return,shanghai_mean_return,shanghai_down_amount_fraction,shanghai_large_down_fraction
20201117,4141,78,4063,0.32045286733940437,0.6470588235294118,-0.0076339999999999993,-0.0062696187546148171,0.58481339593162207,0.23381737632291411,1754,0.3671607753705815,0.59350057012542756,-0.0049525000000000003,-0.0036690946408209804,0.50567988142253961,0.17844925883694412
20201118,4147,80,4067,0.57634620113105484,0.37693631669535282,0.0028649999999999999,0.0063401453159577081,0.42408677741140421,0.095647897713302191,1755,0.58575498575498575,0.36125356125356123,0.003058,0.0062913515669515679,0.39871796347498423,0.086039886039886035
20201119,4141,75,4066,0.5135268076733891,0.43925233644859812,0.0011095,0.0030186603541564193,0.40176881466676112,0.10132808657156911,1755,0.48205128205128206,0.46438746438746437,0,0.0014178894586894582,0.41629864595958821,0.1037037037037037
20201120,4139,73,4066,0.53516969995081165,0.41170683718642398,0.001536,0.0054244717166748646,0.35019968889186759,0.059026069847515988,1755,0.57037037037037042,0.36752136752136755,0.0027620000000000001,0.0074609732193732193,0.31458703955273487,0.030769230769230771
20201123,4145,78,4067,0.50799114826653557,0.45143840668797641,0.00084099999999999995,0.0040284123432505533,0.30577797537851892,0.10523727563314482,1756,0.55751708428246016,0.40489749430523919,0.0027794999999999999,0.0057031281321184516,0.24387740337120342,0.078018223234624151
20201124,4143,77,4066,0.38858829316281357,0.5713231677324152,-0.0029255000000000001,0.00016326610919822906,0.51903409195077621,0.11239547466797836,1756,0.37585421412300685,0.58314350797266512,-0.0032079999999999999,0.00077448690205011376,0.51476924204282715,0.099088838268792709
20201125,4140,75,4065,0.1918819188191882,0.78720787207872078,-0.013828,-0.012886224846248462,0.72700582265381086,0.34514145141451413,1755,0.18176638176638177,0.79715099715099713,-0.012802000000000001,-0.012273842735042735,0.72016727251196166,0.32763532763532766
20201126,4146,76,4070,0.36683046683046683,0.59533169533169528,-0.0046874999999999998,-0.0041373127764127767,0.53742552347629347,0.18968058968058968,1757,0.40011383039271486,0.55549231644849173,-0.0030630000000000002,-0.0026706277746158225,0.47344164257689025,0.15480933409220263
20201127,4151,81,4070,0.45970515970515968,0.49926289926289924,0,6.6868796068795814e-05,0.3999821311476025,0.13538083538083537,1756,0.51708428246013671,0.43451025056947606,0.0011800000000000001,0.0020262608200455581,0.32353660917601512,0.096810933940774488
20201130,4147,79,4068,0.37413962635201575,0.57841691248770899,-0.0032034999999999998,-0.0024274205998033429,0.49475823610960995,0.15412979351032449,1755,0.37037037037037035,0.57264957264957261,-0.0030299999999999997,-0.0024259566951566956,0.51934004559918745,0.13390313390313391
20201201,4150,80,4070,0.80515970515970514,0.15380835380835381,0.0090735,0.013018565356265357,0.14286077547777914,0.027272727272727271,1757,0.78087649402390436,0.16789982925441094,0.0076339999999999993,0.011472266932270917,0.13850846064815842,0.027888446215139442
20201202,4144,74,4070,0.48648648648648651,0.47002457002457004,0,0.0034917282555282552,0.45802894907312547,0.094348894348894347,1756,0.49544419134396356,0.45558086560364464,0,0.0038932209567198168,0.46684414341426744,0.080296127562642372
20201203,4152,79,4073,0.4065799165234471,0.56101153940584336,-0.0026570000000000001,-0.001488032163024797,0.52706574686526531,0.15099435305671496,1759,0.40420693575895394,0.56395679363274587,-0.0026919999999999999,-0.0017182353610005687,0.54489376407423185,0.14098919840818647
20201204,4146,72,4074,0.47299950908198329,0.48748159057437407,0,0.002367399852724595,0.43350660620678522,0.081983308787432499,1759,0.45252984650369527,0.50653780557134731,-0.00074300000000000006,0.0020609528140989198,0.46023815149881131,0.080159181353041495
20201207,4157,82,4075,0.31190184049079756,0.66650306748466259,-0.0082989999999999991,-0.0031835597546012264,0.56139055088127932,0.190920245398773,1759,0.3075611142694713,0.67254121660034105,-0.0081849999999999996,-0.0036084303581580446,0.59065277387224868,0.16998294485503126
20201208,4159,79,4080,0.35808823529411765,0.60171568627450978,-0.0038760000000000001,-0.0017344551470588239,0.47715626406175804,0.1321078431372549,1763,0.34316505955757232,0.61542824730572887,-0.0041840000000000002,-0.0016324946114577423,0.49847797465221294,0.12705615428247305
20201209,4156,76,4080,0.14019607843137255,0.84607843137254901,-0.020902999999999998,-0.018425480147058824,0.74855142413479869,0.52328431372549022,1762,0.14982973893303064,0.83371169125993194,-0.018234500000000001,-0.016049527241770715,0.72067002183858164,0.46538024971623154
20201210,4156,75,4081,0.44596912521440824,0.51114922813036023,-0.001034,-0.00033597402597402605,0.48501839793817719,0.14947316834109287,1763,0.43675553034600112,0.5150311968235961,-0.0010939999999999999,0.00054415995462280215,0.48160081369026525,0.1344299489506523
20201211,4165,81,4084,0.18511263467189029,0.80019588638589623,-0.018470500000000001,-0.015699625122428989,0.68298360021340643,0.46008814887365329,1764,0.20294784580498867,0.77891156462585032,-0.015799000000000001,-0.013162032879818595,0.64388643155011649,0.38435374149659862
20201214,4162,75,4087,0.61903596770247127,0.34548568632248594,0.0046210000000000001,0.0070134722290188392,0.30365636459684836,0.092977734279422561,1766,0.57814269535673835,0.38731596828992071,0.0031799999999999997,0.0059745656851642121,0.33102730614790327,0.099660249150622882
20201215,4163,73,4090,0.42689486552567235,0.53716381418092907,-0.0019750000000000002,-0.00078652713936430327,0.45820210359791674,0.14743276283618581,1768,0.43438914027149322,0.52714932126696834,-0.001622,1.956900452488695e-05,0.51187915902633352,0.13178733031674209
20201216,4174,80,4094,0.24645823155837812,0.73082559843673667,-0.012888,-0.010103349780166098,0.53919875761433533,0.36077186126038102,1771,0.27667984189723321,0.69282891022021453,-0.0086150000000000011,-0.0058343743647656689,0.50621082011911644,0.27442123094297005
20201217,4169,76,4093,0.68360615685316395,0.28487661861715124,0.0075449999999999996,0.0088607314927925743,0.28835825533617154,0.078670901539213287,1771,0.67814793901750425,0.29023150762281197,0.0067840000000000001,0.008249499717673631,0.27783372624125036,0.080745341614906832
20201218,4180,84,4096,0.3369140625,0.633056640625,-0.0068564999999999997,-0.0035511914062500002,0.50821968510193916,0.20947265625,1772,0.37076749435665912,0.59762979683972917,-0.0044979999999999994,-0.0009050146726862306,0.50254902423544123,0.16478555304740405
20201221,4177,79,4098,0.648365056124939,0.30673499267935578,0.0054520000000000002,0.010679898975109811,0.23320032825442705,0.051488530990727185,1773,0.62944162436548223,0.32148900169204736,0.0047169999999999998,0.010044272983643542,0.27713278411050768,0.055837563451776651
20201222,4179,82,4097,0.15133024164022454,0.83744203075421042,-0.023723999999999999,-0.019502135709055405,0.70227974636391832,0.57798389065169631,1772,0.15462753950338601,0.83126410835214448,-0.021697000000000001,-0.018751643905191875,0.68224001524556732,0.54119638826185101
20201223,4180,80,4100,0.50804878048780489,0.44463414634146342,0.00088600000000000007,0.0044854563414634153,0.29543365510760472,0.12731707317073171,1774,0.51972942502818487,0.43235625704622321,0.0013785,0.0048693759864712515,0.2930043136377663,0.12119503945885006
20201224,4186,84,4102,0.19624573378839591,0.79083373963920034,-0.021528499999999999,-0.018172045587518282,0.62742496428447803,0.53047294002925405,1775,0.20619718309859156,0.77802816901408456,-0.018506999999999999,-0.015578924507042255,0.61426137104390999,0.4636619718309859
20201225,4183,78,4105,0.65091352009744219,0.31084043848964676,0.0067450000000000001,0.010156323264311814,0.32353255548480131,0.091108404384896466,1777,0.65278559369724254,0.2999437253798537,0.0063560000000000005,0.010445002250984806,0.31602243844167721,0.08384918401800788
20201228,4184,76,4108,0.26630963972736127,0.71397273612463485,-0.014908000000000001,-0.010811316699123661,0.50115482871665873,0.40530671859785783,1778,0.28290213723284591,0.69066366704161974,-0.011405,-0.0085374482564679419,0.47641522651304186,0.34926884139482567
20201229,4194,80,4114,0.50559066601847347,0.45721925133689839,0.00075250000000000013,-0.0023554739912493923,0.6036980875692326,0.2292173067574137,1781,0.47389107243121842,0.48006737787759685,0,-0.0045211089275687816,0.61649250540709277,0.25659741718135881
20201230,4203,87,4116,0.48760932944606417,0.45602526724975706,0,0.0056602223032069963,0.26339403586218646,0.084305150631681244,1784,0.51457399103139012,0.42040358744394618,0.00095649999999999989,0.0078200257847533625,0.22397072803432458,0.06614349775784753
20201231,4201,83,4118,0.76323457989315202,0.19426906265177271,0.010470999999999999,0.014937065322972317,0.18267934558432822,0.040310830500242839,1786,0.72676371780515114,0.21612541993281076,0.0088575000000000008,0.013943577827547593,0.18021252201890015,0.04647256438969765
20210104,4208,87,4121,0.68308662945886922,0.28318369327833048,0.0094470000000000005,0.014828967726280028,0.2732869205319271,0.068187333171560296,1785,0.64929971988795521,0.30644257703081235,0.0070750000000000006,0.013133732773109245,0.34129817424135256,0.071708683473389351
20210105,4207,85,4122,0.39640950994662782,0.57860262008733621,-0.0048509999999999994,-0.00056822464822901516,0.39630466594008229,0.21130519165453662,1786,0.41433370660694291,0.55935050391937291,-0.0037055,0.00054034994400895865,0.42477291038048692,0.18421052631578946
20210106,4211,87,4124,0.26042677012609117,0.72284190106692536,-0.016863,-0.012097676042677013,0.51201832268688996,0.44010669253152279,1785,0.28179271708683473,0.69523809523809521,-0.013859,-0.01008542969187675,0.47860340832228732,0.38375350140056025
20210107,4206,77,4129,0.18987648341002664,0.79849842576895136,-0.030849999999999999,-0.02405895156212158,0.42893067478808711,0.64252845725357233,1787,0.20145495243424735,0.78567431449356462,-0.026483,-0.020215685506435363,0.4076392436444779,0.58925573587017344
20210108,4206,76,4130,0.49031476997578693,0.47893462469733655,0,-0.00093498353510895879,0.51805331849371117,0.21113801452784503,1788,0.46532438478747201,0.49608501118568232,0,-0.0024434189038031319,0.54427345032032826,0.21252796420581654
20210111,4208,82,4126,0.18783325254483763,0.80271449345613188,-0.026389000000000003,-0.022618937227338827,0.61740864995578038,0.60857973824527389,1788,0.18176733780760626,0.8092841163310962,-0.024819500000000001,-0.021879836689038031,0.62884302466108521,0.59004474272930652
20210112,4210,83,4127,0.60988611582263141,0.33535255633632177,0.0043600000000000002,0.0079387065665132046,0.21037817305904588,0.091834262175914713,1788,0.61465324384787468,0.31375838926174499,0.0043540000000000002,0.0085311616331096209,0.16637590165129479,0.084451901565995524
20210113,4221,92,4129,0.26253330104141437,0.72414628239283119,-0.019608,-0.014888643012836038,0.53684142794140355,0.49333979171712278,1790,0.28100558659217878,0.70335195530726258,-0.017083500000000001,-0.012467498324022348,0.57283342446602603,0.45530726256983239
20210114,4218,92,4126,0.60494425593795442,0.36791080950072708,0.0056540000000000002,0.0043305797382452741,0.62318513379501128,0.19243819680077556,1789,0.61766349916154273,0.35382895472330911,0.0058189999999999995,0.0047639234209055333,0.61164595667967436,0.18725544997205143
20210115,4212,89,4123,0.7157409653165171,0.25830705796749942,0.011738,0.013677212466650499,0.47995964154796589,0.097016735386854236,1787,0.68718522663682147,0.27644096250699496,0.0097280000000000005,0.010354174594292108,0.48441521269281967,0.10072747621712368
20210118,4211,85,4126,0.7174018419777024,0.23242850218128938,0.0090545,0.015546898933591855,0.24536878974067883,0.039263208919049927,1787,0.6726357022943481,0.2697257974258534,0.0070420000000000005,0.013496602686066032,0.26077526153164365,0.035814213766088419
20210119,4215,85,4130,0.56368038740920101,0.40968523002421309,0.0034724999999999999,0.0043672089588377722,0.62374498161625391,0.16731234866828087,1789,0.56847400782560087,0.40190050307434322,0.0032890000000000003,0.0031530391280044714,0.6221930453449489,0.1660145332588038
20210120,4216,86,4130,0.43075060532687653,0.537046004842615,-0.0022750000000000001,0.0046436619854721547,0.34514859063229908,0.10677966101694915,1787,0.41857862339115837,0.54672635702294348,-0.0022680000000000001,0.0041090464465584776,0.37355275922344044,0.082260772243984329
20210121,4217,84,4133,0.53568836196467462,0.41737236873941447,0.0019120000000000001,0.0077668323251875154,0.2840434635804378,0.081780788773288163,1789,0.5148127445500279,0.42481833426495247,0.0010059999999999999,0.0068078194522079383,0.29625678933279376,0.076020122973728343
20210122,4215,77,4138,0.27307878202029967,0.71314644755920731,-0.015594,-0.00821777742870952,0.49849747484614626,0.40043499275012084,1792,0.27176339285714285,0.7142857142857143,-0.014212000000000001,-0.0072830876116071431,0.5267178389499424,0.37109375
20210125,4225,88,4137,0.23664491177181532,0.7510273144790911,-0.019802,-0.013933716702924825,0.49065115236947004,0.49649504471839495,1791,0.25851479620323842,0.72529313232830817,-0.015991999999999999,-0.009724659966499162,0.48908417159886014,0.42657733109994417
20210126,4226,87,4139,0.35588306354191834,0.60352742208262866,-0.0064520000000000003,-0.0079586288958685674,0.70109215465332608,0.29064991543851171,1791,0.35790061418202124,0.59910664433277494,-0.0051719999999999995,-0.0074520145170295935,0.69173770846440763,0.27694025683975432
20210127,4226,83,4143,0.47815592565773596,0.48322471638909004,0,0.0024996724595703593,0.46146467337946767,0.17113202993000243,1793,0.48298940323480199,0.4757389849414389,0,0.0022449988845510316,0.46399143633348927,0.15895147796988288
20210128,4228,79,4149,0.25379609544468545,0.71511207519884312,-0.011904999999999999,-0.01228608845504941,0.80722578832736924,0.35574837310195229,1796,0.24053452115812918,0.72717149220489974,-0.011581500000000002,-0.013194035077951003,0.82211936065688485,0.33908685968819602
20210129,4231,80,4151,0.25560105998554566,0.72560828715972059,-0.016913000000000001,-0.014058536015417969,0.63505403616688738,0.45218019754276079,1797,0.25375626043405675,0.72899276572064553,-0.015625,-0.013965588202559822,0.63537157948765222,0.42960489705063998
20210201,4232,78,4154,0.56138661531054401,0.41333654309099666,0.0041949999999999999,0.0067826519017814158,0.3658868995806881,0.18704862782859893,1803,0.57737104825291186,0.39434276206322794,0.0048430000000000001,0.0087954542429284511,0.39420669257281099,0.16139767054908485
20210202,4240,85,4155,0.48158844765342962,0.48014440433212996,0,0.0022346577617328518,0.32580443196880154,0.16197352587244285,1802,0.50055493895671477,0.45726970033296338,0.00016100000000000001,0.0029313229744728081,0.3580930315014868,0.14705882352941177
20210203,4244,88,4156,0.22906641000962463,0.74975938402309916,-0.0182895,-0.013337463907603465,0.59808541940361526,0.47016361886429259,1803,0.23128119800332778,0.74542429284525791,-0.016544,-0.013731518025513034,0.58578019125620895,0.43205768164170827
20210204,4245,88,4157,0.20904498436372385,0.77748376232860239,-0.022088,-0.018100184508058698,0.61881018721169379,0.5345200866009141,1802,0.21198668146503885,0.77247502774694787,-0.020312,-0.016582960044395117,0.59800949492533029,0.5049944506104328
20210205,4246,89,4157,0.30117873466442147,0.66730815491941309,-0.010273000000000001,-0.012492949723358193,0.61921710186765677,0.35722877074813569,1804,0.33259423503325941,0.6324833702882483,-0.007724,-0.01038753824833703,0.5774417637951762,0.31984478935698446
20210208,4246,87,4159,0.48352969463813417,0.4765568646309209,0,0.0025499533541716761,0.33040385610547562,0.19764366434239,1807,0.51189817376867741,0.44106253458771444,0.001258,0.0038795439955727727,0.33150357074424042,0.16380741560597675
20210209,4257,91,4166,0.80964954392702837,0.16298607777244359,0.014085,0.019806050648103694,0.15247466652162886,0.033845415266442629,1810,0.79723756906077348,0.16629834254143647,0.0126395,0.017963089502762434,0.15660801336186655,0.029281767955801105
20210210,4264,90,4174,0.60757067561092482,0.34906564446574029,0.0045009999999999998,0.0092466940584571174,0.29506897317866493,0.081217057977958793,1811,0.61347321921590281,0.34456101601325234,0.0043669999999999994,0.0080511546107123137,0.32109594817292142,0.076753175041413588
20210218,4257,88,4169,0.86495562485008393,0.12473015111537539,0.025811999999999998,0.02601845238666347,0.38980149718487633,0.065483329335572077,1808,0.85398230088495575,0.13384955752212391,0.022869500000000001,0.022966557522123895,0.30330193245461939,0.075221238938053103
20210219,4259,86,4173,0.87203450754852629,0.12101605559549485,0.026065999999999999,0.026718101845195304,0.36872077743124509,0.052959501557632398,1811,0.85974599668691332,0.13252346769740475,0.024316000000000001,0.024598317504141359,0.35568266121115832,0.061292103810049695
20210222,4268,95,4173,0.62616822429906538,0.34938892882818118,0.0070750000000000006,0.00862838030194105,0.5489159948075204,0.12748622094416487,1811,0.61512976256212037,0.3605742683600221,0.0066369999999999997,0.0073668685808945325,0.55785722934854076,0.14135836554389841
20210223,4268,95,4173,0.30146177809729213,0.67553318955188113,-0.0087980000000000003,-0.0055105909417685122,0.55749196789668909,0.25856697819314639,1811,0.33738266151297625,0.63611264494754283,-0.0065120000000000004,-0.0023671286581998892,0.52477683103880923,0.20872446162341249
20210224,4268,92,4176,0.49592911877394635,0.46623563218390807,0,-0.00049493151340996189,0.70072913121532654,0.17696360153256704,1814,0.42337375964718854,0.5303197353914002,-0.0019425,-0.0039387067254685777,0.76509768589683824,0.20121278941565601
20210225,4264,87,4177,0.3064400287287527,0.66507062485037105,-0.0096850000000000009,-0.0047726614795307633,0.52409154855051809,0.27220493176921234,1814,0.36549062844542446,0.59702315325248068,-0.0057075000000000008,-0.0025072695700110257,0.43647713390562498,0.2105843439911797
20210226,4268,90,4178,0.42556247008137865,0.53901388224030633,-0.0028324999999999999,-0.0033077996649114407,0.74040530605409616,0.23671613212063189,1815,0.38071625344352616,0.58567493112947655,-0.0048570000000000002,-0.0057948269972451782,0.78247243195998439,0.26391184573002757
20210301,4269,90,4179,0.86216798277099782,0.11581718114381431,0.018255999999999998,0.022237138071308928,0.1669953080004227,0.027039961713328547,1815,0.83471074380165289,0.13719008264462809,0.015625,0.020513543250688705,0.22252469809401945,0.026997245179063361
20210302,4273,93,4180,0.29880382775119618,0.67870813397129182,-0.0082640000000000005,-0.0052613777511961723,0.62278539355535445,0.21698564593301436,1816,0.29460352422907488,0.68226872246696035,-0.0076614999999999999,-0.0049949730176211448,0.67083230781845926,0.19988986784140969
20210303,4280,99,4181,0.76393207366658689,0.2040181774695049,0.0082640000000000005,0.015151509208323368,0.22022034419385042,0.02822291317866539,1815,0.78236914600550966,0.18567493112947658,0.0094160000000000008,0.015552904683195591,0.20410662439454089,0.030303030303030304
20210304,4275,94,4181,0.29705812006696963,0.67184883999043288,-0.0081430000000000009,-0.008736217890456829,0.74454337988460539,0.27553216933747909,1817,0.31755641166758392,0.64336818932305995,-0.0066860000000000001,-0.0084635200880572373,0.73576605555109376,0.2619702806824436
20210305,4278,96,4182,0.69273075083692015,0.28048780487804881,0.0077689999999999999,0.0082254390243902444,0.45942836897291872,0.10066953610712577,1818,0.65511551155115511,0.31793179317931791,0.0059090000000000002,0.0055787018701870189,0.51906160849328031,0.11331133113311331
20210308,4281,97,4184,0.24665391969407266,0.7299235181644359,-0.01167,-0.011768000239005736,0.75386358395712227,0.3283938814531549,1817,0.25426527242707758,0.71766648321408921,-0.010460000000000001,-0.011955902036323612,0.7558483894144381,0.29994496422674738
20210309,4278,93,4185,0.14814814814814814,0.83870967741935487,-0.026114999999999999,-0.024620260454002386,0.77817084252184565,0.6074074074074074,1819,0.15557998900494777,0.82572842221000553,-0.023719999999999998,-0.021726655854865311,0.75535742203732015,0.56349642660802635
20210310,4272,86,4186,0.24390826564739609,0.73674151935021504,-0.013871,-0.011247810559006212,0.49646852011986997,0.37099856665074055,1820,0.27307692307692305,0.70769230769230773,-0.0110765,-0.0082690769230769241,0.48290523575650152,0.30219780219780218
20210311,4284,98,4186,0.87935977066411852,0.10391782130912566,0.015674,0.021299100812231249,0.11168566034490074,0.023650262780697564,1820,0.87967032967032965,0.1043956043956044,0.014331,0.019509442307692307,0.074639208814547039,0.019780219780219779
20210312,4278,91,4187,0.45521853355624553,0.5122999761165512,-0.0012199999999999999,0.0011622956770957725,0.44921290923947943,0.16312395509911631,1821,0.50466776496430532,0.4585392641405821,0.00048200000000000001,0.0033661801208127399,0.42360304816551425,0.12630422844590883
20210315,4286,98,4188,0.42979942693409739,0.53915950334288443,-0.0026220000000000002,-0.002817997134670487,0.62277945383351685,0.21466093600764088,1822,0.45828759604829855,0.50823271130625691,-0.00098999999999999999,-0.0022750998902305157,0.60177076949720443,0.20636663007683864
20210316,4286,96,4190,0.73484486873508348,0.23484486873508353,0.010745000000000001,0.01317556754176611,0.36721613582518137,0.061336515513126494,1824,0.70723684210526316,0.2505482456140351,0.0090280000000000013,0.010346191885964912,0.38682649382829287,0.066337719298245612
20210317,4283,92,4191,0.55499880696731085,0.40586972083035078,0.0027169999999999998,0.0066079224528752083,0.36844315645171172,0.087329992841803872,1825,0.52767123287671236,0.43287671232876712,0.0016000000000000001,0.0051863079452054784,0.44535081285330075,0.089315068493150684
20210318,4285,92,4193,0.42022418316241356,0.54424040066777968,-0.0023419999999999999,0.0023187925113284046,0.38582065844308633,0.13164798473646555,1825,0.44931506849315067,0.51013698630136983,-0.00094299999999999994,0.0034705265753424658,0.3651204413869355,0.093698630136986302
20210319,4282,90,4192,0.41483778625954199,0.54770992366412219,-0.0029445000000000001,-0.0020194649332061069,0.66977008186886056,0.17628816793893129,1826,0.40963855421686746,0.54874041621029568,-0.0029589999999999998,-0.0020903313253012048,0.68123766556232102,0.1796276013143483
20210322,4297,95,4202,0.81699190861494531,0.15730604474059973,0.011900999999999998,0.01751798238933841,0.22341581296812285,0.028081865778200855,1830,0.81967213114754101,0.15464480874316941,0.0122915,0.016614446448087433,0.22354456938359943,0.027868852459016394
20210323,4302,98,4204,0.2785442435775452,0.70218839200761185,-0.011443,-0.010490093482397716,0.67185271992794549,0.33158896289248335,1832,0.27510917030567683,0.70360262008733621,-0.0104555,-0.0093448957423580802,0.69432665606822952,0.29639737991266374
20210324,4301,96,4205,0.31510107015457789,0.6525564803804994,-0.0081169999999999992,-0.0073254054696789547,0.66590068694580296,0.27633769322235435,1833,0.31533006001091107,0.64975450081833064,-0.007561,-0.0082855919258046917,0.67397495208507974,0.27495908346972175
20210325,4295,87,4208,0.39424904942965777,0.57390684410646386,-0.0035950000000000001,-0.0027451100285171108,0.50191592667865714,0.19320342205323193,1835,0.36948228882833789,0.59182561307901904,-0.0040000000000000001,-0.0039863825613079022,0.51379535076536964,0.20108991825613079
20210326,4301,90,4211,0.75540251721681306,0.19900261220612681,0.0086479999999999994,0.013761343386369033,0.15836307094390953,0.030396580384706721,1837,0.75122482308111049,0.19869352204681545,0.0082640000000000005,0.013106702231899837,0.15792806288909503,0.02558519324986391
20210329,4317,102,4215,0.44246737841043893,0.52858837485172006,-0.0018979999999999999,0.0035480925266903919,0.42677079859207134,0.13523131672597866,1839,0.4660141381185427,0.50462207721587815,-0.00069000000000000008,0.0028868031538879825,0.3770495754255539,0.11691136487221315
20210330,4310,92,4218,0.30986249407302041,0.6709340919867236,-0.010204,-0.0061367458511142718,0.4045279750631931,0.30559506875296349,1840,0.33152173913043476,0.64456521739130435,-0.0078130000000000005,-0.0043972489130434788,0.39056115761892823,0.24293478260869567
20210331,4303,87,4216,0.54245730550284632,0.41911764705882354,0.0022129999999999997,0.0029006907020872868,0.569702542769428,0.14112903225806453,1840,0.52228260869565213,0.43858695652173912,0.0013035,0.0030359657608695651,0.57939190500446902,0.13641304347826086
20210401,4305,84,4221,0.48637763563136699,0.48282397536128879,0,0.0034799263207770672,0.32872865567117748,0.1156124141198768,1843,0.52197504069451983,0.44709712425393383,0.001176,0.0057317276180141067,0.30323190643968645,0.090613130765056976
20210402,4303,82,4221,0.52594171997157069,0.42738687514806917,0.0015870000000000001,0.0050927825159914723,0.36349094946188026,0.10992655768775171,1841,0.50570342205323193,0.45464421510048886,0.00076599999999999997,0.0046681026615969581,0.40155293613057247,0.11569799022270505
20210406,4314,86,4228,0.67502365184484392,0.28240302743614004,0.0067664999999999999,0.011140335146641438,0.36438837616931447,0.050614947965941341,1845,0.63035230352303528,0.32845528455284551,0.0045729999999999998,0.0089500081300813005,0.38368716009430509,0.060162601626016263
20210407,4327,101,4226,0.61878845243729297,0.34690014197822999,0.0040920000000000002,0.0074182879791765263,0.42037086859512551,0.073355418835778508,1846,0.62080173347778977,0.34452871072589381,0.0039069999999999999,0.0073962183098591544,0.40590951271232023,0.074214517876489708
20210408,4327,98,4229,0.29179475053204068,0.68905178529203126,-0.0091739999999999999,-0.0058843641522818638,0.54280515904520965,0.22913218254906598,1847,0.31348132106118032,0.66648619382782892,-0.0075760000000000003,-0.0037916951813752025,0.50801004169403696,0.18841364374661612
20210409,4328,95,4233,0.46255610678006143,0.48736120954405859,0,0.005490337821875739,0.57231517047987224,0.13134892511221355,1849,0.42563547863710116,0.51811790156841531,-0.0011659999999999999,0.00054479069767441864,0.61970040055765896,0.14061654948620878
20210412,4335,98,4237,0.25348123672409723,0.72055699787585559,-0.013467,-0.011665999527967902,0.69477997239615819,0.37691763039886711,1852,0.29319654427645786,0.67278617710583155,-0.0110425,-0.009327967062634987,0.66044231810587595,0.32883369330453566
20210413,4329,89,4240,0.3108490566037736,0.66415094339622638,-0.0085719999999999998,-0.0057039778301886789,0.539805099993374,0.26344339622641511,1854,0.26806903991370012,0.70819848975188782,-0.0097605000000000001,-0.008579844660194175,0.60126401768162008,0.27508090614886732
20210414,4336,94,4242,0.74422442244224418,0.2263083451202263,0.0086899999999999998,0.011477207920792081,0.24735466946202758,0.054926921263554924,1853,0.74042093901780892,0.22396114409066378,0.0076049999999999998,0.010907364274150028,0.26720310338012204,0.042633567188343227
20210415,4339,98,4241,0.4182975713275171,0.55057769394010847,-0.0028739999999999998,-0.0017544234850271165,0.54797303449446777,0.17991039849092194,1851,0.43544030253916804,0.52566180443003785,-0.0014399999999999999,-0.0014766769313884387,0.56662191355515823,0.13560237709346298
20210416,4343,98,4245,0.80047114252061247,0.18303886925795054,0.013635999999999999,0.016156234864546527,0.33000702871751231,0.051118963486454651,1855,0.7983827493261455,0.18490566037735848,0.013196000000000001,0.016159069541778974,0.32051855329467932,0.050673854447439354
20210419,4348,99,4249,0.71687455871969874,0.24264532831254412,0.0089689999999999995,0.014897134384561073,0.17650965283500494,0.045422452341727468,1857,0.70974690360796988,0.25040387722132473,0.0087159999999999998,0.015831116855142706,0.17272344755591676,0.044695745826602046
20210420,4346,94,4252,0.31961429915333961,0.65098777046095957,-0.0069440000000000005,-0.0035755101128880527,0.53046815270627556,0.17285983066792099,1857,0.33010231556273562,0.63758750673128706,-0.0057720000000000002,-0.0024057571351642436,0.53567002314543055,0.15831987075928919
20210421,4356,96,4260,0.35117370892018779,0.61713615023474178,-0.0053235000000000001,-0.0014855269953051641,0.47604499832866437,0.16079812206572769,1862,0.3576799140708915,0.60311493018259932,-0.0044330000000000003,-0.0014145542427497315,0.4696768310187493,0.13963480128893663
20210422,4363,103,4260,0.49929577464788732,0.4516431924882629,0,0.0042128676056338021,0.41116809365637613,0.072300469483568081,1863,0.47611379495437467,0.47074610842726783,0,0.0037831545893719809,0.48494945044339038,0.073000536768652716
20210423,4349,97,4252,0.27822201317027279,0.7031984948259643,-0.0103725,-0.008059871825023518,0.46215296313612997,0.2815145813734713,1860,0.28548387096774192,0.6913978494623656,-0.0089860000000000009,-0.0066379177419354837,0.47621105503757871,0.24193548387096775
20210426,4356,98,4258,0.36871770784405822,0.60497886331611084,-0.0056100000000000004,-0.0027919344762799437,0.56131251396790871,0.22945044621888211,1860,0.37849462365591396,0.58978494623655919,-0.0052370000000000003,-0.0027734994623655916,0.58444219710607459,0.20645161290322581
20210427,4347,100,4247,0.3454202966800094,0.63079821050153051,-0.0085900000000000004,-0.0066861031316223212,0.50071186432202097,0.28631975512126207,1858,0.3471474703982777,0.62863293864370295,-0.0078934999999999995,-0.0064625898815931105,0.49611387662794415,0.25780409041980623
20210428,4358,98,4260,0.52042253521126758,0.4431924882629108,0.00166,0.0036955016431924883,0.36401186322429258,0.15422535211267605,1862,0.5569280343716434,0.40171858216971001,0.0029304999999999999,0.0073901552094522019,0.37071646685670623,0.13480128893662729
20210429,4343,98,4245,0.42944640753828034,0.53828032979976448,-0.0027320000000000001,-0.0026509736160188458,0.46953686840015535,0.21201413427561838,1855,0.46415094339622642,0.49973045822102424,0,-0.0012301239892183291,0.44661638785246549,0.18975741239892183
20210430,4340,100,4240,0.33820754716981133,0.63466981132075473,-0.0092370000000000004,-0.0071044320754716974,0.49718050006748005,0.30353773584905658,1849,0.34505137912385075,0.62790697674418605,-0.0088070000000000006,-0.0075316955110870743,0.54727258295838854,0.3012439156300703
20210506,4358,91,4267,0.57722052964612136,0.39137567377548627,0.0039509999999999997,0.0050440644480899931,0.49172288739061348,0.16709632059995314,1866,0.57020364415862812,0.39603429796355843,0.0038855000000000001,0.0059069174705251868,0.43898721101324162,0.17738478027867097
20210507,4366,100,4266,0.41678387248007503,0.5522737927801219,-0.0034499999999999999,-0.0040557255039849974,0.57479167343275994,0.24988279418659165,1865,0.43324396782841823,0.53726541554959784,-0.002392,-0.0033384069705093829,0.49712911949321342,0.23324396782841822
20210510,4355,88,4267,0.51745957347082261,0.45160534333255214,0.0015659999999999999,0.0053313648933677052,0.34773630517849241,0.16264354347316615,1866,0.50321543408360125,0.46034297963558413,0.00052599999999999999,0.0044990112540192924,0.35763525058731721,0.16666666666666666
20210511,4362,92,4270,0.59742388758782206,0.37330210772833722,0.0046115000000000001,0.0066599093676814984,0.47545299575539302,0.14332552693208431,1868,0.59582441113490359,0.37205567451820126,0.0045230000000000001,0.0057100770877944323,0.4847022358543327,0.13972162740899358
20210512,4371,95,4276,0.6681478016838166,0.2970065481758653,0.0062345000000000005,0.0111204055191768,0.28423986689428604,0.057530402245088867,1870,0.66096256684491983,0.29839572192513369,0.0056365,0.010343123529411764,0.28348190643211629,0.058823529411764705
20210513,4377,94,4283,0.33831426570161099,0.63133317767919683,-0.0060609999999999995,-0.0029919638104132619,0.61772365268052498,0.21153397151529302,1874,0.31590181430096054,0.65581643543223056,-0.0067194999999999998,-0.0031523879402347928,0.66722617616359303,0.21718249733191036
20210514,4372,91,4281,0.74632095304835322,0.2235459004905396,0.009297999999999999,0.013109916841859378,0.25607656980104448,0.059098341508993228,1873,0.73518419647624134,0.22530699412706887,0.008463,0.012923339562199682,0.24140975873288648,0.057127602776294716
20210517,4377,93,4284,0.30718954248366015,0.67507002801120453,-0.010024499999999999,-0.0064562740429505144,0.39689030033998984,0.30859010270774978,1875,0.34079999999999999,0.63626666666666665,-0.0070520000000000001,-4.907893333333343e-05,0.37840333006501331,0.23680000000000001
20210518,4371,91,4280,0.57219626168224302,0.38644859813084115,0.0026915000000000003,0.0070119453271028035,0.37612924275564302,0.085981308411214957,1871,0.58738642437199362,0.36504543025120256,0.0028470000000000001,0.0094583463388562272,0.36083994231837041,0.068412613575628001
20210519,4371,90,4281,0.36346647979444058,0.60499883204858673,-0.0049020000000000001,-0.0003788177995795375,0.45240387705767965,0.15276804484933426,1872,0.34989316239316237,0.61912393162393164,-0.0051365000000000004,-0.00031897115384615384,0.51206049184628921,0.13995726495726496
20210520,4385,90,4295,0.35785797438882422,0.61280558789289874,-0.0053620000000000004,-0.0017331613504074502,0.52334927668057718,0.19976717112922002,1884,0.35828025477707004,0.61146496815286622,-0.0047469999999999995,-0.0012943566878980885,0.54313444317677473,0.19214437367303611
20210521,4387,91,4296,0.4750931098696462,0.48463687150837986,0,0.0031820749534450647,0.5249331114762249,0.14338919925512103,1885,0.45888594164456231,0.50769230769230766,-0.00091200000000000005,0.0048490360742705569,0.55358395870554944,0.14164456233421752
20210524,4385,91,4294,0.60735910572892404,0.35235211923614346,0.0041460000000000004,0.0067750843036795527,0.40014333600393809,0.10270144387517466,1885,0.58567639257294435,0.3724137931034483,0.0033,0.0056339952254641909,0.42657662505835614,0.10610079575596817
20210525,4393,93,4300,0.65372093023255817,0.29999999999999999,0.0045950000000000001,0.010350153720930231,0.19594934685025953,0.047906976744186043,1889,0.69137109581789302,0.2678665960825834,0.0057220000000000005,0.010326064055055586,0.16116296903131158,0.044997353096876656
20210526,4395,90,4305,0.60232288037166082,0.3533101045296167,0.0037880000000000001,0.0077561823461091764,0.4301410455031664,0.071080139372822301,1890,0.57883597883597881,0.3746031746031746,0.0030834999999999999,0.0062312121693121683,0.38418498348383423,0.075661375661375666
20210527,4400,93,4307,0.60111446482470399,0.34618063617367079,0.0038240000000000001,0.0086777234734153712,0.34330868514207752,0.050383097283491989,1891,0.60285563194077207,0.34690639873083023,0.0035690000000000001,0.0095598873611845575,0.34790436398743924,0.042305658381808567
20210528,4403,93,4310,0.3125290023201856,0.65870069605568449,-0.0074250000000000002,-0.0026177032482598609,0.50753351281486048,0.18770301624129931,1894,0.31837381203801479,0.64519535374868009,-0.006319,-0.0022166193241816255,0.49370671393084986,0.16578669482576558
20210531,4405,93,4312,0.65213358070500926,0.31563079777365494,0.0065854999999999993,0.012796723562152135,0.28049405498293373,0.046846011131725415,1894,0.64413938753959876,0.32470960929250264,0.0067255000000000006,0.01440266842661035,0.3143978883530632,0.044350580781414996
20210601,4411,98,4313,0.63436123348017626,0.32668676095525156,0.0049880000000000002,0.0088649016925573827,0.41215171684164154,0.076281010897287269,1893,0.61701003697834123,0.33491811938721605,0.0041320000000000003,0.0089406027469624925,0.40748714032287964,0.073428420496566296
20210602,4402,86,4316,0.31997219647822056,0.65291936978683962,-0.0081665000000000001,-0.0036069946709916586,0.65859365472530274,0.26784059314179798,1894,0.35110876451953538,0.61879619852164736,-0.0062074999999999995,-0.0043647338965153108,0.64771119550173906,0.2365364308342133
20210603,4419,100,4319,0.42787682333873583,0.53276221347534147,-0.0019840000000000001,0.0008513037740217643,0.53432940170219556,0.16276915952766843,1894,0.4313621964097149,0.52639915522703273,-0.00164,0.0017309957761351643,0.54222471024058827,0.1700105596620908
20210604,4416,96,4320,0.41759259259259257,0.55000000000000004,-0.0027425000000000001,-0.00029854907407407386,0.39603743576130979,0.15300925925925926,1895,0.39894459102902374,0.5693931398416886,-0.003215,-0.0011463398416886544,0.41562931367266454,0.15989445910290237
20210607,4414,94,4320,0.58912037037037035,0.37430555555555556,0.0043664999999999997,0.0099975888888888895,0.3914606063856651,0.084259259259259256,1896,0.560126582278481,0.40137130801687765,0.0031085000000000002,0.0080826787974683546,0.39708096715144275,0.089662447257383968
20210608,4423,99,4324,0.45120259019426456,0.51595744680851063,-0.0013335,0.00084910638297872325,0.5620618085007878,0.16905642923219241,1898,0.43677555321390937,0.52792413066385668,-0.0016259999999999998,0.0010767455216016862,0.53226405893492712,0.18861959957850369
20210609,4418,93,4325,0.48809248554913293,0.47190751445086704,0,0.0037118272832369933,0.46023735782636938,0.12023121387283237,1901,0.47396107311941083,0.48185165702261967,0,0.0037022830089426619,0.4468276503200187,0.1262493424513414
20210610,4423,97,4326,0.4986130374479889,0.46740638002773927,0,0.0054665161812297736,0.34397356104567056,0.11234396671289876,1901,0.47553918990005262,0.48237769594950025,0,0.0044581451867438194,0.39638119339591366,0.10889005786428195
20210611,4418,86,4332,0.34025854108956605,0.63042474607571564,-0.0074770000000000001,-0.0053803845798707289,0.55167099764769545,0.28162511542012925,1903,0.33210719915922227,0.63321071991592226,-0.0070199999999999993,-0.0057400520231213866,0.5692062611726052,0.27640567524960591
20210615,4420,91,4329,0.31231231231231232,0.67313467313467312,-0.012102999999999999,-0.0073608385308385309,0.59385632071186845,0.3425733425733426,1904,0.26785714285714285,0.71796218487394958,-0.012642499999999999,-0.0080704133403361345,0.61799215491321258,0.34033613445378152
20210616,4421,91,4330,0.28845265588914548,0.67205542725173206,-0.0095569999999999995,-0.0091250752886836047,0.69215544000454943,0.31616628175519629,1904,0.29044117647058826,0.67121848739495793,-0.0086580000000000008,-0.0089680756302521012,0.64905508723712013,0.29621848739495799
20210617,4423,88,4335,0.52825836216839672,0.43183391003460209,0.001763,0.008542438523644752,0.29199051860823744,0.078200692041522496,1907,0.51809124278972207,0.43733613004719457,0.0013910000000000001,0.0082871363398007332,0.32006286980846876,0.06502359727320399
20210618,4424,88,4336,0.61416051660516602,0.34524907749077488,0.0051609999999999998,0.0097324960793357933,0.33492165462932105,0.098708487084870844,1908,0.57809224318658281,0.36635220125786161,0.0036319999999999998,0.0077395267295597486,0.37173789766457288,0.098008385744234802
20210621,4428,96,4332,0.62996306555863346,0.33125577100646353,0.0058764999999999998,0.012758082640812558,0.38021254498694751,0.062788550323176359,1906,0.61437565582371456,0.34417628541448059,0.0050489999999999997,0.013104381951731376,0.43722590845489834,0.06348373557187828
20210622,4436,96,4340,0.57649769585253452,0.38847926267281108,0.0033944999999999999,0.0078211682027649783,0.40366411957334536,0.11013824884792627,1912,0.59675732217573219,0.36872384937238495,0.0037829999999999999,0.007616486401673641,0.34271936858648494,0.086820083682008373
20210623,4444,103,4341,0.47039852568532597,0.48882745911080394,0,0.0078192414190278725,0.3647231437575813,0.092605390463026946,1913,0.46105593308938841,0.4903293256664924,0,0.012252171981181391,0.39089298749323259,0.075797177208572916
20210624,4446,102,4344,0.34714548802946593,0.62016574585635365,-0.0069849999999999999,-0.0054933980202578276,0.5748456962717905,0.26519337016574585,1912,0.35983263598326359,0.60198744769874479,-0.0053759999999999988,-0.005095257322175732,0.54926978399990678,0.22175732217573221
20210625,4449,100,4349,0.50632329271096799,0.45481719935617382,0.00062,0.0040338461715336863,0.31712939155835784,0.13290411588871004,1915,0.52637075718015669,0.42924281984334206,0.0014599999999999999,0.0054481984334203652,0.28974704526513151,0.090861618798955615
20210628,4454,101,4353,0.52308752584424534,0.45095336549506088,0.001493,0.0069124773719274075,0.37090955167704664,0.10912014702504021,1917,0.50756390193009915,0.46844027125717269,0.00089800000000000004,0.0077994324465310363,0.45559961800406112,0.10745957224830464
20210629,4449,92,4357,0.26095937571723665,0.72113839798026169,-0.011765000000000001,-0.0074571388570117041,0.61329427778475354,0.30479687858618315,1918,0.26173096976016685,0.71480709071949944,-0.010576499999999999,-0.0069116564129301349,0.58885377156928942,0.25808133472367051
20210630,4460,101,4359,0.57352603808212888,0.3812801101169993,0.0031330000000000004,0.0095661894930029832,0.31887642015702156,0.087175957788483596,1919,0.55184992183428871,0.40020844189682125,0.0022529999999999998,0.0074666717040125065,0.34240532557532632,0.085982282438770194
20210701,4459,98,4361,0.25223572575097453,0.72620958495757859,-0.014151,-0.01268771405640908,0.63647852926426873,0.40403577161201559,1921,0.27850078084331076,0.69130661114003122,-0.010596000000000001,-0.0077017777199375323,0.5898685560911332,0.32795419052576785
20210702,4466,103,4363,0.36305294522117809,0.60027504011001609,-0.0056599999999999992,-0.0046283137749255094,0.61454186261232968,0.24020169608067843,1923,0.312532501300052,0.64898595943837756,-0.007711,-0.0075527743109724387,0.669625452838016,0.26365054602184085
20210705,4460,95,4365,0.69484536082474224,0.27651775486827035,0.0097850000000000003,0.014498020618556701,0.32071146785036581,0.078121420389461627,1924,0.66476091476091481,0.30457380457380456,0.0078729999999999998,0.012081591995841995,0.373232282596826,0.084719334719334724
20210706,4462,92,4370,0.51372997711670476,0.44736842105263158,0.0012335,0.0019919613272311215,0.48155743541128621,0.15652173913043479,1925,0.51168831168831164,0.4425974025974026,0.001134,-0.0010124514285714285,0.48558777456719809,0.16623376623376623
20210707,4471,96,4375,0.52868571428571431,0.4224,0.001529,0.0094527060571428581,0.28762895304377833,0.058742857142857145,1928,0.53163900414937759,0.41960580912863071,0.0015885000000000001,0.0096520835062240649,0.32809721882169873,0.050311203319502076
20210708,4472,93,4379,0.32153459693994063,0.65722767755195255,-0.0092879999999999994,-0.00284876844028317,0.48072477335442387,0.25188399177894494,1930,0.29637305699481864,0.67875647668393779,-0.0090254999999999988,-0.0026152782383419694,0.49992937823745059,0.23730569948186528
20210709,4476,96,4380,0.60091324200913243,0.36141552511415526,0.0043439999999999998,0.008889836301369863,0.40494570929834428,0.12191780821917808,1931,0.58622475401346452,0.368720870015536,0.003699,0.011237134645261522,0.41198469829004597,0.12377006732263077
20210712,4479,99,4380,0.64977168949771691,0.30799086757990868,0.0059845000000000002,0.012593505479452054,0.26850151864015853,0.066894977168949765,1932,0.62525879917184268,0.32194616977225671,0.0047619999999999997,0.010925530020703934,0.3262178258886414,0.063146997929606624
20210713,4484,102,4382,0.56686444545869463,0.39228662711090828,0.0029629999999999999,0.0064361068005476946,0.40829541623274157,0.11889548151528982,1935,0.56072351421188626,0.39276485788113696,0.002663,0.0065527260981912147,0.39222979891193255,0.11679586563307494
20210714,4481,101,4380,0.28173515981735159,0.69771689497716893,-0.0095720000000000006,-0.0075368413242009142,0.62211944107953787,0.27694063926940637,1934,0.2730093071354705,0.70165460186142714,-0.0085214999999999996,-0.0064885961737331955,0.64959849611817166,0.23216132368148915
20210715,4477,97,4380,0.33196347031963469,0.64566210045662098,-0.0088694999999999989,-0.0038364890410958904,0.38648342109718725,0.27808219178082194,1933,0.35592343507501295,0.61665804449042938,-0.0063090000000000004,-0.00018957320227625484,0.31436844903093814,0.21055354371443352
20210716,4490,106,4384,0.3966697080291971,0.55132299270072993,-0.0027285,0.00010773152372262782,0.50256359188493493,0.17974452554744524,1934,0.40330920372285417,0.53257497414684596,-0.0018480000000000003,0.00035993433298862459,0.48681862173543206,0.16132368148914167
20210719,4479,96,4383,0.40885238421172715,0.56559434177503998,-0.0046449999999999998,0.0027935747205110658,0.51337025542975978,0.21446497832534794,1933,0.37196068287635797,0.60010346611484744,-0.0053759999999999997,-0.0023940884635281941,0.53696325620524721,0.20279358510087947
20210720,4480,94,4386,0.48632010943912446,0.47469220246238031,0,0.0036161383948928407,0.40920372713350489,0.11354309165526676,1935,0.47751937984496123,0.47803617571059431,0,0.0025807338501291988,0.41879787253307993,0.10904392764857881
20210721,4481,96,4385,0.64834663625997724,0.31265678449258838,0.0056369999999999996,0.012279916989737743,0.25968834606926722,0.038312428734321551,1934,0.62461220268872808,0.33195449844881075,0.0045675000000000004,0.011439031540847983,0.27993183810117517,0.041365046535677352
20210722,4491,100,4391,0.51901616943748574,0.44500113869278068,0.0014099999999999998,0.0077844361193350024,0.36126395184202076,0.14324755181052151,1938,0.52631578947368418,0.43756449948400411,0.0017645,0.0076167936016511865,0.36548713130093441,0.14396284829721362
20210723,4494,101,4393,0.27361711814249945,0.70931026633280214,-0.014220999999999999,-0.0090986446619622137,0.55581973789081984,0.39153198269974959,1940,0.29175257731958765,0.68762886597938144,-0.011355500000000001,-0.008717178865979381,0.51323659940046673,0.33453608247422678
20210726,4499,102,4397,0.24562201501023426,0.74255173982260636,-0.017422,-0.012861733454628156,0.65238969404913549,0.44666818285194448,1942,0.23480947476828012,0.74922760041194647,-0.0173285,-0.013432754376930998,0.68190427712737989,0.44078269824922761
20210727,4496,98,4398,0.21896316507503411,0.76193724420191,-0.017340999999999999,-0.018648885857207823,0.7214012235343592,0.45975443383356068,1943,0.22285126093669583,0.75913535769428719,-0.015152000000000001,-0.016962146680391151,0.72601568071914069,0.42665980442614515
20210728,4502,100,4402,0.20945024988641528,0.77987278509768287,-0.026824500000000001,-0.021693094275329394,0.61386545388428582,0.59745570195365738,1944,0.21244855967078188,0.77366255144032925,-0.0230555,-0.017859205761316874,0.6087543625337144,0.55041152263374482
20210729,4503,99,4404,0.83174386920980925,0.14168937329700274,0.015887999999999999,0.026480496821071755,0.11882911086566127,0.022025431425976384,1945,0.79228791773778917,0.17172236503856042,0.012552000000000001,0.023229762467866323,0.15042915045644112,0.024678663239074552
20210730,4505,98,4407,0.5976855003403676,0.37122759246653053,0.0057999999999999996,0.010618394599500794,0.39898814308607389,0.15066938960744269,1947,0.54442732408834105,0.42424242424242425,0.0029689999999999999,0.0084589322033898299,0.47429950910495383,0.16486902927580893
20210802,4506,98,4408,0.79582577132486387,0.18693284936479129,0.015891000000000002,0.019402313067150637,0.27334744180771303,0.066923774954627951,1948,0.78490759753593431,0.19455852156057496,0.014500000000000001,0.0183092931211499,0.26443023781960634,0.063655030800821355
20210803,4505,95,4410,0.46190476190476193,0.5052154195011338,-0.00091749999999999991,-0.0020479723356009068,0.5878964459552104,0.22607709750566893,1949,0.44946126218573629,0.50897896357106209,-0.0011200000000000001,-0.0037522852744997439,0.58577085891436786,0.20779887121600821
20210804,4525,109,4416,0.58922101449275366,0.3704710144927536,0.0040529999999999993,0.014599697690217394,0.22370251039531561,0.061367753623188408,1952,0.56864754098360659,0.39190573770491804,0.0030379999999999999,0.01466128125,0.23345484824779594,0.059426229508196718
20210805,4523,103,4420,0.30723981900452491,0.66832579185520358,-0.010158,-0.0050273497737556563,0.54512904779993399,0.29411764705882354,1952,0.31096311475409838,0.65676229508196726,-0.0084240000000000009,-0.0033611675204918037,0.53549214932513001,0.25512295081967212
20210806,4522,100,4422,0.41429217548620534,0.55088195386702854,-0.0032209999999999999,0.0016356960651289004,0.42849886009958932,0.17706919945725916,1953,0.39580133128520223,0.56221198156682028,-0.0034879999999999998,0.0028363927291346633,0.45475467017518945,0.16794674859190989
20210809,4529,108,4421,0.70436552816104958,0.27595566613888262,0.010676000000000001,0.011859927391992762,0.42314173485966677,0.10947749377968785,1952,0.72899590163934425,0.24590163934426229,0.011688,0.012671824282786882,0.41750987344783136,0.091700819672131145
20210810,4532,107,4425,0.67751412429378532,0.28112994350282489,0.006424,0.011126307344632767,0.3776092272716618,0.071638418079096045,1955,0.66649616368286446,0.28797953964194373,0.0057889999999999999,0.0092541652173913063,0.38315433919362829,0.072122762148337599
20210811,4530,105,4425,0.51209039548022595,0.4463276836158192,0.0012389999999999999,0.0081785220338983049,0.39610771189957816,0.10824858757062147,1955,0.51150895140664965,0.44961636828644502,0.0011490000000000001,0.0065269677749360605,0.40870966978542905,0.11355498721227622
20210812,4531,102,4429,0.46421314066380676,0.49717769248137278,0,0.0042915877173176787,0.45381868750990373,0.14066380672838114,1956,0.47239263803680981,0.48466257668711654,0,0.0040403471370143154,0.41625655706069564,0.11298568507157464
20210813,4536,102,4434,0.41587731168245379,0.54578258908434818,-0.002745,0.0011069605322507894,0.49993124019524671,0.16801984663960307,1959,0.41909137314956613,0.53496681980602345,-0.0022859999999999998,0.0016979351710056151,0.51435866392679852,0.14446145992853496
20210816,4540,104,4436,0.51465284039675385,0.45266005410279531,0.001456,0.0019614041929666361,0.54156188634899116,0.18890892696122633,1960,0.54438775510204085,0.42193877551020409,0.0024405,0.003193815306122449,0.50284391219764846,0.1653061224489796
20210817,4545,106,4439,0.13516557783284525,0.85627393557107456,-0.024943,-0.022045630547420592,0.7663936199380933,0.60036044154088763,1962,0.13965341488277269,0.84964322120285418,-0.0219905,-0.020192961773700304,0.75911670231313388,0.54179408766564729
20210818,4545,106,4439,0.66884433430952916,0.30502365397612075,0.0069750000000000003,0.010139076368551474,0.35224217182079154,0.10565442667267402,1961,0.66241713411524727,0.30851606323304437,0.0062549999999999993,0.0087342712901580816,0.35040204333731723,0.096379398266190713
20210819,4548,106,4442,0.3759567762269248,0.59095002251238182,-0.0049750000000000003,-0.0019511199909950476,0.46238833744497898,0.19653309320126069,1964,0.39613034623217924,0.56670061099796332,-0.0038760000000000001,-0.0010850458248472508,0.49699080542651369,0.17464358452138493
20210820,4550,105,4445,0.34195725534308213,0.62947131608548934,-0.0071279999999999998,-0.0059095707536557926,0.54145973861982044,0.25556805399325083,1966,0.32655137334689727,0.6464903357070193,-0.0067834999999999996,-0.006374892166836215,0.58112088854678379,0.24109867751780265
20210823,4552,107,4445,0.82182227221597304,0.15478065241844768,0.018636,0.025649678740157479,0.19361848857737796,0.035545556805399323,1967,0.78342653787493644,0.18251143873919676,0.015727000000000001,0.023622377224199288,0.2427592443839762,0.043213014743263854
20210824,4560,111,4449,0.53719937064508883,0.41986963362553381,0.0019650000000000002,0.0068608006293549104,0.34258058396690411,0.11216003596313778,1968,0.58536585365853655,0.36432926829268292,0.0029544999999999997,0.0080145289634146327,0.27031880125828273,0.088922764227642281
20210825,4558,110,4448,0.59937050359712229,0.36825539568345322,0.0046350000000000002,0.0077037272931654681,0.39456268199147199,0.11285971223021583,1968,0.63871951219512191,0.33028455284552843,0.0055025000000000004,0.0097829593495934973,0.36211121470891655,0.091971544715447148
20210826,4563,113,4450,0.34719101123595508,0.62696629213483146,-0.0080859999999999994,-0.00509262404494382,0.59316934067636828,0.30269662921348317,1969,0.37227018791264599,0.59878110716099542,-0.0056179999999999997,-0.0018943463687150839,0.55527317109536711,0.26510919248349418
20210827,4563,112,4451,0.40215681869242864,0.56638957537631995,-0.0044169999999999999,-0.0017041941136823184,0.39020224461040431,0.22174792181532241,1968,0.40752032520325204,0.55335365853658536,-0.0033649999999999999,-0.00089504573170731704,0.33604872329441032,0.18902439024390244
20210830,4560,109,4451,0.43518310492024265,0.54190069647270278,-0.0031949999999999999,0.0019188928330712202,0.4016143247112674,0.22691529993259943,1968,0.42022357723577236,0.55792682926829273,-0.0034750000000000002,0.00068591158536585354,0.39797278028383626,0.2225609756097561
20210831,4561,111,4450,0.46898876404494383,0.5092134831460674,-0.0011225,-0.0005218229213483145,0.44575126252236941,0.23483146067415731,1969,0.52310817673946164,0.45810055865921789,0.0017649999999999999,0.0026344946673438297,0.38656502106966556,0.20467242254951754
20210901,4565,114,4451,0.49943832846551339,0.48011682767917324,0,-0.0026916708604807914,0.53610271418432276,0.28622781397438779,1970,0.52081218274111674,0.45837563451776647,0.0018535000000000001,-0.0013488979695431471,0.47811304961038659,0.26446700507614213
20210902,4561,112,4449,0.59361654304338052,0.37514048100696784,0.0044540000000000005,0.01080295886716116,0.2922725041876989,0.09440323668240054,1969,0.58963941086846117,0.37582529202640935,0.0042920000000000007,0.010911482986287455,0.27926837181480424,0.093448450990350429
20210903,4575,126,4449,0.5506855473140031,0.42481456507080245,0.0029149999999999996,0.0014901469993256911,0.55843393071285452,0.19105416947628681,1969,0.52767902488572882,0.44540375825292028,0.0019120000000000001,-9.2392585068562722e-05,0.5848462041105803,0.19400711020822753
20210906,4596,145,4451,0.69332734217029879,0.27319703437429793,0.0077849999999999994,0.012614658054369803,0.308968617843905,0.074140642552235458,1970,0.70964467005076137,0.2512690355329949,0.0085360000000000002,0.013080983248730964,0.30139674170821906,0.065482233502538068
20210907,4590,135,4455,0.65432098765432101,0.31088664421997753,0.0053620000000000004,0.012154212345679011,0.22576041335760449,0.052525252525252523,1971,0.67174023338406896,0.29325215626585488,0.0063690000000000005,0.012653918822932523,0.17179112811640004,0.049213597158802636
20210908,4588,131,4457,0.61431456136414631,0.36751177922369305,0.0056520000000000008,0.0083562346870091984,0.42289103365137382,0.13080547453444022,1972,0.60699797160243407,0.36916835699797163,0.0049419999999999993,0.0072149056795131851,0.43453974398047762,0.12170385395537525
20210909,4594,132,4462,0.43747198565665618,0.53115194979829672,-0.0020020000000000003,0.0014338749439713131,0.42842656931189543,0.18646346929627969,1974,0.47771023302938198,0.49341438703140833,0,0.0029320086119554219,0.40206227703411207,0.16109422492401215
20210910,4592,129,4463,0.3275823437149899,0.65561281649114944,-0.0085339999999999999,-0.0036770506385839122,0.44664263730839487,0.25095227425498545,1975,0.33670886075949369,0.64658227848101268,-0.0080040000000000007,-0.0018158384810126585,0.43944271229168785,0.23848101265822785
20210913,4599,130,4469,0.55426269859028865,0.42313716715148803,0.0031849999999999999,0.0068138874468561192,0.40062168349537997,0.17811590959946297,1976,0.55161943319838058,0.43016194331983804,0.0031465,0.0061999559716599192,0.39561617775079205,0.17661943319838055
20210914,4600,127,4473,0.25799239883746927,0.7306058573664207,-0.015343000000000001,-0.0077084527162977852,0.60237018545123222,0.39660183322155151,1977,0.22357106727364695,0.76631259484066772,-0.016878000000000001,-0.011151797167425393,0.67702937430655086,0.42134547293879615
20210915,4601,128,4473,0.56561591772859376,0.40956852224457857,0.0033,0.0061853677621283255,0.43966989552584118,0.14017437961099932,1978,0.55915065722952473,0.41456016177957533,0.0026670000000000001,0.0056261996966632958,0.44647613763765442,0.1385237613751264
20210916,4597,124,4473,0.2376481108875475,0.7458081824279007,-0.014697,-0.013473927565392353,0.71852921250345969,0.40263805052537449,1979,0.22637695805962607,0.75290550783223853,-0.013547,-0.012951933299646286,0.70295157678024578,0.37796867104598281
20210917,4593,119,4474,0.39673670093875729,0.58314707197139026,-0.0058945000000000004,-0.0026661660706303082,0.4998100302937904,0.24944121591417076,1980,0.4116161616161616,0.56565656565656564,-0.0039900000000000005,-0.00049374444444444442,0.49485664110612237,0.21262626262626264
20210922,4606,135,4471,0.4828897338403042,0.49183627823753073,0,0.0045614909416237985,0.41390384801461599,0.17401028852605682,1979,0.50227387569479531,0.47599797877716016,0.000513,0.0054067104598281958,0.35125931719695225,0.15866599292572006
20210923,4615,144,4471,0.65421605904719304,0.32364124356967122,0.0070860000000000003,0.0075694806530977408,0.43388107880697147,0.14046074703645717,1979,0.64022233451237998,0.33804951995957555,0.0060829999999999999,0.0065343501768569982,0.4503094360905211,0.13744315310763011
20210924,4613,141,4472,0.2204830053667263,0.77079606440071557,-0.0186435,-0.013782953711985686,0.64116389421340958,0.47383720930232559,1977,0.21901871522508851,0.77035912999494183,-0.017295999999999999,-0.015895310065756195,0.65677658213300139,0.44764795144157815
20210927,4608,138,4470,0.19261744966442954,0.80290827740492166,-0.029821500000000001,-0.026266919463087249,0.66237346798432795,0.63445190156599551,1975,0.20962025316455696,0.78379746835443043,-0.027140000000000001,-0.024776127594936709,0.66668683986574695,0.59443037974683544
20210928,4603,129,4474,0.5525257040679481,0.42042914617791688,0.0023535000000000001,0.0039348871256146625,0.45525599278853157,0.151318730442557,1978,0.5556117290192113,0.42315470171890801,0.0024419999999999997,0.0044523827098078865,0.40413782245604063,0.15166835187057634
20210929,4611,132,4479,0.10605045769144898,0.88635856217905784,-0.028062999999999998,-0.028241242911364144,0.7890903692285326,0.65684304532261661,1978,0.11122345803842265,0.87967644084934282,-0.025792499999999999,-0.027638259858442867,0.78589449232171282,0.61223458038422651
20210930,4617,136,4481,0.84177638919883957,0.13925463066279847,0.015765999999999999,0.021572854943093061,0.19587627998272658,0.024548091943762552,1978,0.80080889787664311,0.17290192113245703,0.013772,0.019356043478260868,0.26224331601565182,0.028311425682507583
20211008,4616,133,4483,0.7660049074280616,0.22462636627258531,0.016393000000000001,0.01475225050189605,0.42863465941366574,0.1126477805041267,1978,0.73205257836198179,0.25379170879676438,0.014047500000000001,0.011915910515672395,0.46071260863054508,0.12386248736097068
20211011,4620,136,4484,0.45405887600356826,0.50735950044603029,-0.00097400000000000004,-0.0015304502676181976,0.51965324847543759,0.18666369313113293,1977,0.46181082448153771,0.49822964087000504,0,-0.0013042387455741021,0.50435219506542983,0.18816388467374812
20211012,4614,127,4487,0.1753955872520615,0.80900378872297751,-0.016729000000000001,-0.015895818587029192,0.72739334726443683,0.42099398261644749,1977,0.17096611026808295,0.81335356600910469,-0.016129000000000001,-0.015828891249367733,0.72827610914580165,0.4076884167931209
20211013,4611,123,4488,0.57308377896613194,0.39327094474153296,0.0034234999999999999,0.0038040697415329771,0.36349410873850257,0.13302139037433156,1978,0.56016177957532864,0.40394337714863499,0.0027235000000000002,0.0028358549039433777,0.41354561987644195,0.14155712841253792
20211014,4613,124,4489,0.52951659612385837,0.42503898418355979,0.0015629999999999999,0.006572512586322121,0.40790946713135545,0.095121407885943421,1978,0.51820020222446916,0.43174924165824063,0.0012275000000000001,0.0050535778564206272,0.45863305974421625,0.084934277047522752
20211015,4618,127,4491,0.28835448675128034,0.69182810064573597,-0.0096020000000000012,-0.0068170175907370295,0.44943359375347741,0.26029837452683147,1979,0.30520464881253156,0.67003537139969682,-0.0077720000000000003,-0.0030330192016169784,0.40233348263655189,0.18443658413340069
20211018,4632,136,4496,0.60653914590747326,0.36988434163701067,0.0050740000000000004,0.0075974152580071171,0.33324437364603243,0.11854982206405694,1982,0.59132189707366301,0.38345105953582242,0.0041460000000000004,0.0067714364278506564,0.34087292636398936,0.11856710393541876
20211019,4630,132,4498,0.50955980435749226,0.44864384170742549,0.00074750000000000001,0.0058466329479768785,0.33295700318705967,0.081591818586038242,1983,0.52344931921331317,0.43721633888048411,0.001155,0.0066988860312657593,0.34693928625502141,0.065052950075642962
20211020,4625,125,4500,0.35555555555555557,0.61822222222222223,-0.0054735000000000001,-0.0015628899999999999,0.43029328611051171,0.15644444444444444,1985,0.35869017632241812,0.61309823677581865,-0.0048939999999999999,-0.0017184871536523932,0.45329548521959628,0.14911838790931989
20211021,4627,123,4504,0.2975133214920071,0.67451154529307278,-0.0081460000000000005,-0.0048538281527531089,0.49056671092352011,0.22535523978685612,1986,0.31570996978851962,0.65659617321248742,-0.0069415000000000006,-0.0042141037260825772,0.46429799019481593,0.19889224572004027
20211022,4634,129,4505,0.30344062153163154,0.66304106548279684,-0.0087980000000000003,-0.0084920506104328511,0.56769066265528922,0.29611542730299667,1988,0.29124748490945673,0.67404426559356134,-0.0084764999999999997,-0.0091975472837022131,0.5837828930646074,0.28822937625754524
20211025,4630,125,4505,0.55849056603773584,0.41265260821309657,0.002918,0.0070490153163152054,0.28429469713267425,0.11254162042175361,1989,0.56259426847662142,0.40774258421317244,0.0032049999999999999,0.0075757878330819503,0.27562554074970697,0.10005027652086476
20211026,4629,121,4508,0.35492457852706299,0.61779059449866902,-0.0063249999999999999,-0.0037350803016858924,0.50836695020507594,0.20031055900621117,1991,0.33751883475640382,0.63335007533902565,-0.0060729999999999994,-0.004287530889000502,0.51015758392433097,0.17780010045203415
20211027,4638,124,4514,0.19982277359326539,0.7842268498006203,-0.0201865,-0.016524056933983164,0.57706790751914283,0.50575985821887459,1996,0.19338677354709419,0.79058116232464926,-0.0191985,-0.015348750000000001,0.58744470916515235,0.4819639278557114
20211028,4637,117,4520,0.22853982300884956,0.7530973451327434,-0.0176785,-0.018171904203539826,0.69411312208042508,0.4652654867256637,1998,0.22822822822822822,0.75275275275275277,-0.017142999999999999,-0.017896302302302301,0.6849568990988828,0.45395395395395394
20211029,4640,119,4521,0.77438619774386197,0.20990931209909311,0.013812,0.015464107498341075,0.28924501880662723,0.075646980756469806,1998,0.73723723723723722,0.24574574574574576,0.011887,0.013044325825825827,0.33274904390046361,0.090090090090090086
20211101,4647,125,4522,0.6881910659000442,0.28062804068996017,0.008598999999999999,0.012718119637328615,0.39447409422643692,0.094206103494029192,1997,0.62794191286930401,0.33850776164246371,0.0061180000000000002,0.010582229344016023,0.43006269541372844,0.12368552829243866
20211102,4650,125,4525,0.24574585635359117,0.74342541436464094,-0.016298,-0.012255860331491713,0.61786595148511814,0.4152486187845304,1997,0.25187781672508763,0.74011016524787177,-0.015406,-0.011754895843765647,0.63047809909789043,0.40010015022533801
20211103,4645,120,4525,0.65370165745856357,0.31160220994475141,0.0057999999999999996,0.0070878503867403322,0.45682640870443431,0.090386740331491716,1996,0.64679358717434865,0.31412825651302606,0.0050865000000000007,0.0059427690380761521,0.48427972336798081,0.08617234468937876
20211104,4659,133,4526,0.73177198409191335,0.23265576668139637,0.0083774999999999995,0.014178317277949624,0.26816828520520414,0.041537781705700397,1996,0.71743486973947901,0.24448897795591182,0.0078189999999999996,0.01430759619238477,0.28131503871141006,0.038577154308617231
20211105,4654,128,4526,0.39615554573574902,0.57666813963764918,-0.0043480000000000003,-0.0041082845779938136,0.60534712934508039,0.23773751657092354,1996,0.34969939879759521,0.62174348697394788,-0.0058479999999999999,-0.006891987975951904,0.67771552448291617,0.25150300601202402
20211108,4663,136,4527,0.57234371548486862,0.39606803622708198,0.0037169999999999998,0.005974525955378839,0.38117321938397025,0.12259774685222001,1996,0.55611222444889774,0.40831663326653306,0.0029814999999999998,0.0046884824649298601,0.39558895607162631,0.12424849699398798
20211109,4654,131,4523,0.68516471368560694,0.27083793942073847,0.0066469999999999993,0.011251877072739332,0.32051659925473575,0.045544992261773158,1994,0.6840521564694082,0.26930792377131396,0.006149,0.011010786860581745,0.32817259735625637,0.04212637913741224
20211110,4652,126,4526,0.60273972602739723,0.35174547061422889,0.0038925000000000001,0.0068450934600088383,0.49316687186903158,0.087494476358815729,1995,0.55739348370927322,0.38095238095238093,0.0024329999999999998,0.0049894791979949882,0.52800498421380182,0.093734335839599003
20211111,4655,130,4525,0.66607734806629837,0.303646408839779,0.0068929999999999998,0.01045327955801105,0.32234736761142402,0.066740331491712712,1994,0.67652958876629887,0.29438314944834504,0.0073604999999999999,0.010092266298896689,0.30485017312877194,0.06318956870611836
20211112,4664,134,4530,0.59845474613686533,0.358719646799117,0.0042255000000000001,0.010962741721854305,0.39150421259595641,0.070419426048565117,1997,0.55332999499248869,0.39909864797195793,0.0024550000000000002,0.0099443605408112163,0.4070755859532732,0.063595393089634453
20211115,4685,153,4532,0.66681376875551635,0.30891438658428949,0.0086770000000000007,0.0092799291703442206,0.499303210577972,0.12135922330097088,2000,0.64049999999999996,0.32750000000000001,0.0066409999999999993,0.0075030755000000003,0.54815467208361146,0.123
20211116,4681,146,4535,0.27122381477398017,0.70606394707828002,-0.010178,-0.007357126350606394,0.60116205808098078,0.29525909592061744,2002,0.28071928071928071,0.69130869130869133,-0.0085684999999999997,-0.0055915164835164842,0.60960927601251946,0.25674325674325676
20211117,4682,146,4536,0.72376543209876543,0.24184303350970018,0.0092239999999999996,0.014430466049382714,0.26277570280562124,0.043209876543209874,2002,0.70029970029970035,0.26023976023976025,0.0071260000000000004,0.013184188311688312,0.27451673047429376,0.036463536463536464
20211118,4690,148,4542,0.28137384412153238,0.69374724790841036,-0.010404999999999999,-0.0064634161162483491,0.53066946870057097,0.28203434610303829,2005,0.28877805486284291,0.68029925187032414,-0.0083160000000000005,-0.0052015376558603495,0.51656900441075293,0.22842892768079801
20211119,4692,148,4544,0.72535211267605637,0.24559859154929578,0.0081300000000000001,0.012283939920774648,0.28794283169307017,0.052376760563380281,2006,0.74327018943170486,0.226321036889332,0.0082100000000000003,0.011871292123629112,0.26276162419862448,0.045363908275174475
20211122,4691,144,4547,0.53155926984825164,0.42973389047723776,0.001686,0.00963264196173301,0.24951110473166319,0.058939960413459426,2007,0.50772296960637764,0.44693572496263079,0.00061499999999999999,0.0083497643248629794,0.27678236868385908,0.054309915296462383
20211123,4700,152,4548,0.52704485488126651,0.42788038698328934,0.001372,0.0041642656112576958,0.45688176667201374,0.10664028144239227,2008,0.53237051792828682,0.41982071713147412,0.0014329999999999998,0.0041231020916334656,0.42022881220482583,0.10258964143426295
20211124,4692,145,4547,0.50670771937541237,0.45326588959753683,0.00062500000000000001,0.0047344308335166042,0.47761998344695999,0.11678029469980207,2007,0.51469855505729945,0.43647234678624813,0.00090700000000000004,0.0042920363726955653,0.4818578914214956,0.099152964623816647
20211125,4694,146,4548,0.43469656992084432,0.53122251539138088,-0.0018700000000000001,0.00038312335092348295,0.54484720831720557,0.14489885664028143,2009,0.43205574912891986,0.53160776505724239,-0.001789,0.00061860577401692373,0.53162705737623428,0.13140866102538576
20211126,4699,150,4549,0.33963508463398551,0.63904154759287757,-0.0066490000000000004,-0.0011212530226423387,0.49863028637533191,0.18355682567597273,2011,0.32471407260069618,0.65440079562406761,-0.0069220000000000002,-0.0016703505718547985,0.54190120201261693,0.16260566882148186
20211129,4707,157,4550,0.35516483516483516,0.62351648351648348,-0.0074225000000000003,-2.8710329670329736e-05,0.44020665407690929,0.18791208791208791,2011,0.3336648433615117,0.64196916956737937,-0.0077520000000000002,-0.00080952660367976154,0.48053264672447821,0.18647439085032322
20211130,4706,155,4551,0.63392660953636559,0.33509118874972532,0.0061729999999999997,0.0081521962206108547,0.42140120348162469,0.1026148099318831,2011,0.61959224266534063,0.34112381899552463,0.0053530000000000001,0.0077221889607160619,0.42820052826977512,0.092491297861760316
20211201,4703,151,4552,0.70738137082601049,0.27482425307557118,0.0097295000000000003,0.010440860720562391,0.41122335730611415,0.098637961335676622,2013,0.69796323894684553,0.2836562344759066,0.008742999999999999,0.0091860879284649775,0.40808865971489444,0.097367113760556387
20211202,4704,150,4554,0.24088713219148003,0.73649538866930175,-0.012550499999999999,-0.010981472551602986,0.58591938028006652,0.35002195871761088,2011,0.26653406265539531,0.7056190949776231,-0.0097230000000000007,-0.0087764942814520137,0.51983760362668163,0.2943809050223769
20211203,4704,150,4554,0.58036890645586303,0.37681159420289856,0.0027285,0.0042053950373298205,0.34308502895535031,0.10737812911725955,2011,0.60914967677772247,0.35206364992541023,0.0030719999999999996,0.0053548672302337142,0.29222745357733343,0.097463948284435609
20211206,4708,149,4559,0.21013380127220882,0.77407326168019297,-0.016501999999999999,-0.014372588944944066,0.61516299030146759,0.42684799298091686,2012,0.22316103379721669,0.75497017892644136,-0.013412,-0.012091088966202783,0.5735262538469631,0.36182902584493043
20211207,4699,138,4561,0.37601403201052402,0.59570269677702259,-0.0060240000000000007,-0.005701461521596141,0.56062872274486131,0.28239421179565882,2012,0.3951292246520875,0.57107355864811138,-0.0048535000000000002,-0.0060824910536779325,0.48809817075324707,0.27236580516898606
20211208,4700,138,4562,0.71021481806225339,0.24616396317404646,0.0070000000000000001,0.012002389522139412,0.19289855419270563,0.044717229285401137,2012,0.68588469184890655,0.26888667992047716,0.0060470000000000003,0.011588592445328033,0.21857903905787412,0.038767395626242547
20211209,4711,147,4564,0.58304119193689741,0.38540753724802806,0.0034394999999999998,0.0049501982909728312,0.36393695328541681,0.11415425065731814,2013,0.5986090412319921,0.36959761549925485,0.0038309999999999998,0.0052694699453551914,0.33862528477818415,0.11028315946348734
20211210,4712,145,4567,0.48981826144077073,0.47624261002846507,0,0.004060381432012262,0.47611821105952562,0.11057587037442522,2015,0.45856079404466499,0.50769230769230766,-0.000843,0.0027246977667493796,0.52319175583987565,0.11315136476426799
20211213,4706,139,4567,0.49682504926647691,0.46835997372454563,0,0.004124254871907161,0.35341267349990158,0.097657105320779508,2016,0.48214285714285715,0.47966269841269843,0,0.0033896889880952381,0.36634586706248568,0.1001984126984127
20211214,4712,145,4567,0.54477775344865342,0.42610028465075545,0.0024599999999999999,0.005689712502737026,0.509419814979991,0.11802058243923801,2015,0.49032258064516127,0.47940446650124069,0,0.0032849002481389581,0.5773877705433369,0.12853598014888337
20211215,4712,144,4568,0.45862521891418562,0.50415936952714535,-0.00055800000000000001,0.0023914325744308225,0.52734746584425196,0.14995621716287216,2015,0.44367245657568238,0.51265508684863526,-0.00095399999999999999,0.0014209498759305207,0.5312197152821706,0.15434243176178661
20211216,4718,148,4570,0.65164113785557987,0.31575492341356676,0.0050760000000000007,0.0091699814004376351,0.33056821474834081,0.067833698030634576,2017,0.66782350024789294,0.29548834903321763,0.0054000000000000003,0.0088430495785820525,0.28183186822726858,0.06296479920674268
20211217,4712,142,4570,0.29562363238512035,0.67505470459518602,-0.0089814999999999999,-0.0074770783369803064,0.66712049673198925,0.29321663019693656,2017,0.29201784828953892,0.6707982151710461,-0.0082640000000000005,-0.0069945483391175012,0.66756066071348141,0.27565691621219635
20211220,4711,138,4573,0.30898753553465996,0.67133172971790944,-0.010938000000000002,-0.0099932836212551935,0.67680030656095658,0.35643997375902031,2019,0.32887568103021297,0.64933135215453197,-0.0089680000000000003,-0.008078238732045568,0.65168502048487009,0.32441802872709263
20211221,4713,141,4572,0.79286964129483817,0.19597550306211722,0.01248,0.015741356517935259,0.28118544541564006,0.054680664916885391,2018,0.78245787908820619,0.20664023785926661,0.011006,0.014324650644202182,0.27951193636398014,0.05550049554013875
20211222,4718,142,4576,0.50983391608391604,0.46437937062937062,0.00088149999999999991,0.0051007878059440553,0.425310129465785,0.11669580419580419,2021,0.49876298861949531,0.47451756556160318,0,0.0043340554181098469,0.50323659634426121,0.11825828797624938
20211223,4722,139,4583,0.32860571677940215,0.65350207287802753,-0.0088780000000000005,-0.0046970778965742957,0.44514044131573416,0.2559458869735981,2023,0.35343549184379636,0.62333168561542263,-0.0068640000000000003,-0.0030532842313395949,0.3950079619248264,0.21453287197231835
20211224,4728,142,4586,0.22459659834278239,0.76122982991713917,-0.018381999999999999,-0.016403151112080246,0.66399569108201639,0.47710423026602705,2025,0.23407407407407407,0.7491358024691358,-0.015582,-0.013671250864197529,0.64531461948612145,0.41629629629629628
20211227,4732,145,4587,0.59407019838674513,0.3764988009592326,0.0040980000000000001,0.0045738282101591447,0.45347767098002661,0.13385655112273817,2024,0.5805335968379447,0.38537549407114624,0.0032840000000000005,0.0038624930830039525,0.48971637818339819,0.12994071146245059
20211228,4730,140,4590,0.59978213507625278,0.3738562091503268,0.0045924999999999994,0.0063514366013071883,0.36290655937739097,0.10675381263616558,2027,0.56832757770103604,0.40453872718302913,0.00313,0.0045208544647261963,0.39652105727875708,0.11149481993093241
20211229,4737,146,4591,0.41254628621215422,0.54824656937486382,-0.0024879999999999998,-0.00081857133522108487,0.57278774404393829,0.15160095839686344,2028,0.40532544378698226,0.55719921104536485,-0.0026880000000000003,-0.0016800596646942799,0.59865861533491926,0.16124260355029585
20211230,4742,149,4593,0.63705639015893756,0.32026997605051166,0.0046889999999999996,0.0099475834966252993,0.32040350202050566,0.057914217287176141,2030,0.62660098522167484,0.32118226600985222,0.0042965,0.0092788507389162563,0.32636085374862323,0.054187192118226604
20211231,4738,146,4592,0.59451219512195119,0.36824912891986061,0.0033685,0.0061079960801393735,0.36823409791104378,0.082534843205574915,2031,0.62383062530773015,0.34022648941408173,0.0041010000000000005,0.0068705401280157547,0.34988500182760368,0.079763663220088626
20220104,4737,144,4593,0.7182669279338123,0.27084694099716961,0.012987,0.011066505769649466,0.40476008477074688,0.13607663836272588,2029,0.68013799901429273,0.30606209955643177,0.010447999999999999,0.0077010059142434703,0.45360251341082136,0.15968457368161657
20220105,4731,137,4594,0.24161950370047888,0.74031345232912493,-0.013447000000000001,-0.013999190901175445,0.66813063308755083,0.38245537657814543,2030,0.23251231527093597,0.75123152709359609,-0.012866499999999999,-0.014324166502463053,0.67947071401353876,0.36995073891625618
20220106,4735,139,4596,0.64534377719756308,0.32223672758920802,0.0059045,0.0088454179721496971,0.42886524960676631,0.086379460400348135,2030,0.63497536945812805,0.32807881773399017,0.0055700000000000003,0.0090688788177339906,0.43509390099096223,0.082266009852216743
20220107,4739,140,4599,0.21330724070450097,0.77147205914329198,-0.018290000000000001,-0.015622163078930202,0.65357838331500284,0.46836268754076971,2031,0.24421467257508617,0.73510585918266869,-0.014201999999999999,-0.01255461496799606,0.57666467797340326,0.3948793697685869
20220110,4747,149,4598,0.66637668551544149,0.30317529360591561,0.0070575000000000004,0.0089535084819486726,0.37212930198729149,0.095476294040887338,2031,0.64254062038404725,0.32102412604628261,0.0057999999999999996,0.0079243919251600192,0.38382238758633969,0.10044313146233383
20220111,4745,144,4601,0.3668767659204521,0.59834818517713539,-0.0050000000000000001,-0.0041634016518148232,0.60821750339699243,0.21495327102803738,2031,0.35942885278188086,0.59822747415066468,-0.0047530000000000003,-0.0047323515509601179,0.59865602109804628,0.21221073362875431
20220112,4744,141,4603,0.72908972409298278,0.24049532913317401,0.0096419999999999995,0.013767125570280253,0.27074772038467043,0.045839669780577887,2033,0.69503197245450077,0.26561731431382196,0.0073750000000000005,0.012781893261190358,0.30357171352573475,0.050172159370388589
20220113,4746,142,4604,0.26933101650738489,0.69939183318853171,-0.0095689999999999994,-0.0088493599044309288,0.67693947239311114,0.28801042571676805,2032,0.27116141732283466,0.69242125984251968,-0.0086844999999999995,-0.0091815521653543317,0.67225617591822162,0.27263779527559057
20220114,4748,144,4604,0.33210251954821896,0.658123370981755,-0.011304499999999999,-0.0044655740660295394,0.50304954872346574,0.32797567332754129,2034,0.3225172074729597,0.66863323500491645,-0.012583,-0.0055209587020648961,0.56700666350282325,0.3470993117010816
20220117,4753,148,4605,0.71574375678610203,0.25580890336590661,0.011110999999999999,0.016041565472312704,0.28021310623940571,0.07600434310532031,2034,0.67699115044247793,0.29154375614552608,0.0077305000000000004,0.012086022123893807,0.3563504160067183,0.073746312684365781
20220118,4755,146,4609,0.29073551746582771,0.69017140377522235,-0.013278000000000002,-0.012462358212193533,0.51537392887990852,0.39292688218702537,2037,0.32744231713303878,0.64850270004909183,-0.010081,-0.0099223868433971543,0.42511327929778514,0.33676975945017185
20220119,4752,144,4608,0.50954861111111116,0.46332465277777779,0.001072,0.00086611848958333322,0.53956127540291643,0.19053819444444445,2036,0.48772102161100195,0.48182711198428291,0,-0.000504246561886051,0.52702837903897948,0.19646365422396855
20220120,4753,144,4609,0.16164026903883705,0.83098285962247775,-0.027587999999999998,-0.023660543935777826,0.61443192841440941,0.62334562811889782,2038,0.18155053974484789,0.8076545632973503,-0.023384000000000002,-0.02093951766437684,0.55914723508527187,0.55495583905789991
20220121,4751,141,4610,0.29848156182212582,0.67396963123644249,-0.0096485000000000008,-0.011592602386117135,0.66178418247666793,0.31648590021691975,2039,0.28984796468857282,0.68317802844531628,-0.0093600000000000003,-0.010179060323688083,0.64546868759449683,0.29426189308484552
20220124,4758,145,4613,0.3865163667895079,0.5863862995881205,-0.004509,-0.0027202100585302404,0.44781544196973716,0.20095382614350749,2040,0.37009803921568629,0.59999999999999998,-0.0047620000000000006,-0.0033545455882352943,0.45886979508452863,0.18970588235294117
20220125,4754,141,4613,0.058096683286364623,0.93951875135486673,-0.042179000000000001,-0.040350880554953387,0.88140490469473609,0.84045089963147623,2041,0.06124448799608035,0.93483586477217051,-0.038969000000000004,-0.036882262126408633,0.88802218068185212,0.81038706516413528
20220126,4759,145,4614,0.66948417858690945,0.30472475075856092,0.0069259999999999999,0.0066216601647160808,0.37643659000324015,0.10099696575639358,2042,0.66552399608227231,0.30460333006856022,0.0064590000000000003,0.0072059005876591578,0.31324748624792337,0.084231145935357493
20220127,4769,149,4620,0.05735930735930736,0.93722943722943719,-0.030996000000000003,-0.032262817748917746,0.85773843127313221,0.72922077922077921,2045,0.07090464547677261,0.92224938875305629,-0.027858999999999998,-0.027788815158924205,0.8446307640010754,0.66748166259168706
20220128,4771,146,4625,0.71243243243243248,0.27200000000000002,0.012500000000000001,0.012188891675675677,0.51717536336229042,0.11545945945945946,2045,0.6611246943765281,0.31638141809290954,0.0083890000000000006,0.007729103667481663,0.58861611653145041,0.13838630806845967
20220207,4772,147,4625,0.74572972972972973,0.23999999999999999,0.014375000000000001,0.013822090378378379,0.29935888793763149,0.10702702702702703,2044,0.76467710371819964,0.22309197651663404,0.0154795,0.014895892857142856,0.21409809478679098,0.095890410958904104
20220208,4766,142,4624,0.78525086505190311,0.20523356401384082,0.014699,0.013902952638408303,0.35207224959663563,0.092344290657439446,2043,0.75721977484092018,0.23299069995105237,0.013757999999999999,0.012421252569750367,0.31062862250563472,0.109642682329907
20220209,4777,151,4626,0.75680933852140075,0.20946822308690013,0.0091739999999999999,0.014600362300043235,0.21320270603824895,0.026156506701253784,2045,0.69339853300733501,0.26601466992665035,0.0066080000000000002,0.01120019706601467,0.29489889942840714,0.033740831295843522
20220210,4770,141,4629,0.36724994599265498,0.5988334413480233,-0.0039629999999999995,-0.0031152231583495356,0.48009865869551749,0.16353424065672931,2046,0.40664711632453571,0.55278592375366564,-0.002428,-0.0024931280547409577,0.41070636020149148,0.16617790811339198
20220211,4774,145,4629,0.1289695398574206,0.85655649168286885,-0.021537999999999998,-0.019996868438107582,0.67020987151657718,0.53877727370922446,2046,0.13440860215053763,0.84750733137829914,-0.019271499999999997,-0.019015464320625612,0.66194001631592247,0.48533724340175954
20220214,4775,145,4630,0.47084233261339092,0.49697624190064793,0,0.00015794535637149039,0.5478457928119822,0.15572354211663067,2045,0.42249388753056233,0.54425427872860632,-0.0028249999999999998,-0.0018117437652811737,0.58164015033468397,0.17114914425427874
20220215,4783,151,4632,0.51424870466321249,0.44948186528497408,0.0010525000000000001,0.0053409699913644212,0.35442893691669813,0.087435233160621767,2047,0.51343429408891061,0.45236932095749877,0.0010499999999999999,0.0061651905227161708,0.38860988737811297,0.085490962383976549
20220216,4782,148,4634,0.76025032369443246,0.21558049201553733,0.009836000000000001,0.012691060638757013,0.29708672736979569,0.049417350021579626,2049,0.76866764275256227,0.20839433870180576,0.0093930000000000003,0.012159737432894094,0.26804884476598223,0.044411908247925819
20220217,4780,146,4634,0.34095813552006904,0.63595166163141992,-0.0060699999999999999,-0.0023152391022874409,0.43896772576687476,0.146741476046612,2049,0.34504636408003903,0.63055148853099074,-0.0051859999999999996,-0.001764942410932162,0.43891019079765198,0.12640312347486579
20220218,4776,139,4637,0.66012508087125299,0.31227086478326505,0.0053839999999999999,0.0074652458486090152,0.34902793916490821,0.072891956006038386,2050,0.65756097560975613,0.31560975609756098,0.0051964999999999997,0.0067970492682926835,0.31878619739452002,0.076097560975609754
20220221,4783,146,4637,0.73107612680612466,0.24541729566530085,0.0097090000000000006,0.013668155057149018,0.32084641751611381,0.047228811731723094,2049,0.67398731088335773,0.29819424109321618,0.0070260000000000001,0.0097856832601268904,0.42475219186624591,0.057589067837969743
20220222,4783,145,4638,0.19124622682190601,0.79754204398447603,-0.013685000000000001,-0.010363298835705047,0.62235407880780991,0.31371280724450196,2051,0.18625060945880059,0.80204778156996592,-0.013164,-0.010461288639687956,0.63373741703321529,0.28327645051194539
20220223,4795,156,4639,0.76395774951498163,0.20715671480922612,0.011952000000000001,0.016966517999568869,0.24388083213234929,0.051304160379392109,2051,0.74597757191613845,0.2189176011701609,0.011445,0.0173423939541687,0.25900734931347347,0.04778156996587031
20220224,4786,146,4640,0.14073275862068965,0.85150862068965516,-0.026914500000000001,-0.023408029956896552,0.73987030890347416,0.65754310344827582,2051,0.15163334958556801,0.84202827888834719,-0.025316000000000002,-0.021226378352023404,0.7038834650892829,0.62506094588005856
20220225,4789,149,4640,0.71896551724137936,0.25,0.0083099999999999997,0.010170003448275863,0.31374466396002915,0.067672413793103445,2050,0.71073170731707314,0.25707317073170732,0.0085000000000000006,0.01083544,0.35564185133055315,0.063902439024390245
20220228,4795,154,4641,0.4249084249084249,0.54492566257272135,-0.0028739999999999998,0.00035796013790131439,0.37646553282207668,0.11226028873087697,2049,0.44021473889702295,0.52855051244509521,-0.001944,0.00097433577354807228,0.36933225881453668,0.10444119082479258
20220301,4786,144,4642,0.68224903059026287,0.29017664799655318,0.0062835000000000009,0.0084376872037914691,0.37165268842801635,0.057302886686772941,2048,0.677734375,0.2958984375,0.0058444999999999999,0.0080382583007812501,0.32942934495937104,0.056640625
20220302,4783,142,4641,0.55893126481361777,0.40810170221934927,0.0021429999999999999,0.0042974296487825895,0.4618845962665642,0.071105365223012279,2048,0.560546875,0.40234375,0.0021539999999999997,0.0042928256835937494,0.43858659993010962,0.06591796875
20220303,4782,141,4641,0.398620986856281,0.57638439991381163,-0.0047320000000000001,-0.002289436974789916,0.51347830113244697,0.2087912087912088,2047,0.45725451880801171,0.51929653150952615,-0.0015329999999999999,-0.00036652515876893038,0.45368874666294673,0.19931607230092818
20220304,4792,150,4642,0.21951744937526929,0.76432572167169321,-0.012692,-0.011147606419646704,0.68843030448047282,0.31559672554933216,2048,0.22412109375,0.75634765625,-0.011873,-0.01032260302734375,0.68023095836949377,0.28076171875
20220307,4791,148,4643,0.17897910833512815,0.80680594443247899,-0.016381,-0.014884353866034893,0.71129545569479502,0.41955632134395865,2049,0.16642264519277697,0.81649585163494387,-0.016513,-0.016096827232796488,0.71494050638793361,0.41971693509028796
20220308,4788,147,4641,0.095884507649213538,0.90002154708037063,-0.033073999999999999,-0.031186780650721831,0.76736111934169871,0.74789915966386555,2047,0.094284318514899851,0.90131900341963844,-0.031874,-0.030591332681973619,0.74662393374254965,0.73717635564240347
20220309,4787,147,4640,0.23211206896551725,0.75991379310344831,-0.019231000000000002,-0.013556780172413792,0.59904366154652744,0.48491379310344829,2045,0.22444987775061126,0.76528117359413206,-0.019715,-0.014255475305623473,0.59266476921758648,0.49388753056234719
20220310,4786,144,4642,0.76884963377854376,0.2091770788453253,0.013413,0.017552647134855666,0.25657592481576452,0.051055579491598446,2047,0.74890083048363454,0.22374206155349291,0.012907999999999999,0.016638138739618953,0.28659072018963083,0.054714215925744991
20220311,4790,145,4645,0.62346609257265873,0.34402583423035521,0.0054749999999999998,0.0073478331539289562,0.39593350152194257,0.10204520990312163,2049,0.61688628599316742,0.3528550512445095,0.0050570000000000007,0.0073709658369936551,0.42144169213506216,0.092728160078086874
20220314,4795,145,4650,0.092688172043010747,0.90279569892473122,-0.028933,-0.026457707526881716,0.77388596198957804,0.6967741935483871,2052,0.085282651072124752,0.91033138401559455,-0.027907000000000001,-0.026354671052631579,0.83437426012278282,0.6778752436647173
20220315,4802,148,4654,0.052857756768371296,0.94606789858186502,-0.054607000000000003,-0.050352155994843148,0.84633378492834044,0.90159003008165017,2055,0.053527980535279802,0.94501216545012168,-0.054404000000000001,-0.050430733819951334,0.87846366140163601,0.89927007299270068
20220316,4801,146,4655,0.91428571428571426,0.080128893662728254,0.028603999999999997,0.030729158109559611,0.11712716155205892,0.034156820622986035,2056,0.9056420233463035,0.089980544747081712,0.026785000000000003,0.029020790369649805,0.11443446814091164,0.036478599221789886
20220317,4805,148,4657,0.79278505475628092,0.18101782263259608,0.014126000000000001,0.018977670818123252,0.26204967798012785,0.036289456731801589,2057,0.77199805542051536,0.19931939718035974,0.012903,0.018191679144385024,0.3006344153218819,0.037919299951385516
20220318,4805,146,4659,0.74672676540030047,0.23889246619446233,0.011011999999999999,0.01322218609143593,0.34971387611865351,0.074694140373470705,2058,0.73906705539358597,0.24829931972789115,0.011553999999999998,0.01303193440233236,0.31463746924029384,0.076287657920310975
20220321,4800,140,4660,0.6851931330472103,0.28240343347639485,0.0082135000000000003,0.013525171244635191,0.32151697868917828,0.043776824034334763,2058,0.67103984450923226,0.29397473275024294,0.0076165,0.01278942954324587,0.35822937498131963,0.047133138969873666
20220322,4801,135,4666,0.41834547792541793,0.5486498071153022,-0.0029000000000000002,-0.0012663257608229743,0.5259965089431371,0.17273896270895842,2061,0.42891800097040272,0.54099951479864139,-0.0024490000000000002,-0.0010990815138282389,0.52888678396817812,0.16351285783600195
20220323,4808,139,4669,0.48682801456414648,0.47569072606553864,0,0.0030013152709359608,0.43428139631495816,0.098736346112657955,2063,0.49878817256422686,0.46582646631119728,0,0.0036356354823073194,0.43742579677393933,0.083858458555501697
20220324,4806,138,4668,0.20179948586118251,0.78384747215081407,-0.01508,-0.011268306555269923,0.57971501091029631,0.36075407026563838,2062,0.20417070805043647,0.77691561590688651,-0.013258499999999999,-0.0098067555771096035,0.57935744018325031,0.30552861299709022
20220325,4810,142,4668,0.37382176520994004,0.58933161953727509,-0.0044755000000000003,-0.0042861692373607537,0.64637246580453933,0.2294344473007712,2063,0.35773145904023268,0.59912748424624329,-0.0047169999999999998,-0.0050751638390693164,0.66386318445654768,0.23218613669413476
20220328,4806,136,4670,0.38158458244111348,0.58779443254817987,-0.0047760000000000007,-0.0042687376873661665,0.54953224337229822,0.20963597430406852,2065,0.39709443099273606,0.57094430992736078,-0.0040109999999999998,-0.0036029312348668284,0.51420627846369238,0.20193704600484261
20220329,4817,144,4673,0.24160068478493474,0.73999572009415793,-0.013375,-0.0091389353734217856,0.55426229033433649,0.32805478279477851,2065,0.24455205811138014,0.73510895883777239,-0.011640999999999999,-0.0089820547215496375,0.54219493279637365,0.28910411622276028
20220330,4817,143,4674,0.80979888746255879,0.16923406076166025,0.013143500000000001,0.015963926615318789,0.20102077922756587,0.05412922550278134,2067,0.81857764876632799,0.16061925495887761,0.013685000000000001,0.016603284470246737,0.21361143183021392,0.050798258345428157
20220331,4807,137,4670,0.4417558886509636,0.53104925053533192,-0.0025600000000000002,-0.0021753137044967881,0.56056755211083775,0.21563169164882226,2065,0.45278450363196127,0.52300242130750607,-0.0021510000000000001,-0.0026226847457627117,0.56869759099346384,0.2009685230024213
20220401,4812,142,4670,0.41927194860813705,0.55481798715203423,-0.0032155,-0.0019711021413276234,0.41918263276933204,0.19271948608137046,2065,0.47167070217917678,0.49927360774818402,0,0.00077049830508474587,0.37226708287437699,0.14285714285714285
20220406,4810,141,4669,0.69072606553865923,0.29449560933818802,0.010204,0.0097597288498607829,0.42098892199231192,0.1246519597344185,2066,0.65053242981606973,0.3330106485963214,0.0086829999999999997,0.0076669157792836392,0.4265899997004452,0.14956437560503388
20220407,4802,132,4670,0.123982869379015,0.8683083511777302,-0.0251165,-0.022730338758029978,0.73776069569074787,0.63147751605995717,2066,0.12052274927395934,0.87076476282671833,-0.023029000000000001,-0.021396349951597289,0.74642427490306018,0.57938044530493704
20220408,4809,138,4671,0.33269107257546565,0.64825519160779277,-0.0099290000000000003,-0.0069172815242988647,0.48102489626769562,0.30464568614857634,2066,0.37173281703775413,0.60116166505324298,-0.0068644999999999999,-0.0037845169409486934,0.41165983156857944,0.2536302032913843
20220411,4809,138,4671,0.11946050096339114,0.87561549989295651,-0.032641000000000003,-0.029299584029115824,0.7747995085985383,0.70862770284735599,2066,0.12149080348499516,0.87415295256534364,-0.030328500000000001,-0.027744172797676672,0.78078746394810827,0.68925459825750246
20220412,4820,144,4676,0.80282292557741664,0.18413173652694612,0.016885499999999998,0.017039973695466209,0.29869939299042808,0.066295979469632157,2069,0.78250362493958436,0.20251329144514257,0.015306,0.016256313678105365,0.30276598056859672,0.066698888351860802
20220413,4814,134,4680,0.17948717948717949,0.80833333333333335,-0.020997000000000002,-0.019227924145299145,0.66219023894783224,0.51773504273504278,2069,0.21024649589173514,0.77380376993716771,-0.017415,-0.015572348960850651,0.61932813608252646,0.44997583373610439
20220414,4820,139,4681,0.67485580004272594,0.28818628498184151,0.0060169999999999998,0.0087974249092074349,0.26284518859695633,0.074129459517197183,2069,0.69067182213629774,0.27404543257612374,0.0064959999999999992,0.0095793315611406478,0.23228563629477794,0.07153214113098115
20220415,4815,137,4678,0.2159042325780248,0.77212483967507484,-0.019259999999999999,-0.017014423685335612,0.64946532908632182,0.48567764001710134,2067,0.24383164005805516,0.74213836477987416,-0.016316999999999998,-0.01402773923560716,0.61778338145544653,0.42622157716497339
20220418,4811,136,4675,0.6034224598930481,0.37176470588235294,0.0063690000000000005,0.0072234072727272733,0.48191616473472709,0.13989304812834225,2066,0.58615682478218778,0.39399806389157793,0.0054619999999999998,0.0075812836398838346,0.52436141735632158,0.14714424007744434
20220419,4820,139,4681,0.57380901516769922,0.39948728904080327,0.0034009999999999999,0.0042127654347361683,0.45749271273876596,0.12091433454390088,2070,0.5357487922705314,0.44106280193236713,0.0019705,0.0027344806763285024,0.48007732053899627,0.14154589371980678
20220420,4817,133,4684,0.27625960717335613,0.7081554227156277,-0.010791499999999999,-0.010034940435525193,0.69626166913217724,0.30828351836037576,2071,0.27619507484307099,0.70787059391598262,-0.010784,-0.010512323998068566,0.68560743643595956,0.3133751810719459
20220421,4831,142,4689,0.071017274472168906,0.92557048411175091,-0.040426000000000004,-0.037319647472808699,0.81730610306543527,0.81637875879718491,2072,0.07480694980694981,0.91988416988416988,-0.036612499999999999,-0.034447519787644792,0.81978804613973344,0.78426640926640923
20220422,4822,130,4692,0.34441602728047743,0.63682864450127874,-0.0099915000000000004,-0.008938256820119353,0.55239749611741629,0.33759590792838873,2076,0.37909441233140656,0.6054913294797688,-0.0074200000000000004,-0.0072434132947976878,0.50772848163123174,0.30346820809248554
20220425,4836,143,4693,0.031323247389729386,0.96761133603238869,-0.082748000000000002,-0.075088890475175793,0.92672058467317264,0.94246750479437458,2073,0.027978774722624215,0.97057404727448138,-0.076997999999999997,-0.070727681138446699,0.92108084901833831,0.94307766521948866
20220426,4827,136,4691,0.15860157748880835,0.83287145597953527,-0.037442000000000003,-0.034313661053080362,0.67675230596815972,0.69793221061607336,2071,0.16272332206663448,0.82906808305166591,-0.036835,-0.03442260936745533,0.68150735225358972,0.69000482858522449
20220427,4827,140,4687,0.83827608278216348,0.15190953701728185,0.029762,0.029983080008534238,0.1497187758430229,0.087049285257094086,2069,0.82841952634122762,0.15998066698888352,0.027344,0.028392483808603191,0.16493439828708129,0.086031899468342193
20220428,4806,126,4680,0.258974358974359,0.72713675213675211,-0.019838000000000001,-0.016686974786324787,0.50331137667722137,0.49679487179487181,2070,0.31497584541062801,0.66714975845410629,-0.014959999999999999,-0.011630916908212561,0.44318542468097366,0.42270531400966183
20220429,4827,147,4680,0.94273504273504272,0.054059829059829062,0.042735000000000002,0.044271532478632483,0.12793514556810692,0.024786324786324785,2068,0.92649903288201163,0.069148936170212769,0.040124,0.041604808994197294,0.1474631719193395,0.029013539651837523
20220505,4771,144,4627,0.75059433758374761,0.22519991355089691,0.013906,0.017759209206829482,0.32381585653938272,0.068727036956991575,2051,0.70989761092150172,0.26279863481228671,0.012698000000000001,0.017081012189176015,0.33673824656251949,0.084349098000975134
20220506,4807,145,4662,0.26898326898326896,0.7140712140712141,-0.012892499999999999,-0.010204389532389531,0.68655457219055538,0.35070785070785071,2064,0.25193798449612403,0.73352713178294571,-0.014824500000000001,-0.01212503003875969,0.7422381691466754,0.38856589147286824
20220509,4795,134,4661,0.78245011800042907,0.19909890581420295,0.014253999999999999,0.016529331044840164,0.33005313010381004,0.056854752199098905,2062,0.74151309408341415,0.24005819592628516,0.012072000000000001,0.014057950048496606,0.35944312018596236,0.069835111542192047
20220510,4807,143,4664,0.79481132075471694,0.17560034305317324,0.012873500000000001,0.017258563464837052,0.22753089894001571,0.041809605488850772,2065,0.78547215496368039,0.18450363196125907,0.011792,0.01660527651331719,0.2412470860607433,0.040193704600484263
20220511,4806,142,4664,0.44961406518010294,0.51543739279588341,-0.0012125,0.0036865797598627788,0.3694387867459637,0.12414236706689537,2065,0.48668280871670705,0.47893462469733655,0,0.0055489520581113796,0.3604617579814135,0.11331719128329298
20220512,4809,144,4665,0.66773847802786712,0.29817792068595927,0.0072170000000000003,0.0080304681672025719,0.45957913611181384,0.0767416934619507,2067,0.62989840348330917,0.33430091920657956,0.0059170000000000004,0.0071357755200774069,0.49720414598477963,0.078374455732946297
20220513,4803,136,4667,0.58195843154060423,0.37861581315620313,0.003156,0.0065748920077137347,0.38227758542374624,0.073494750374973217,2068,0.60686653771760157,0.3583172147001934,0.0042094999999999997,0.0072017577369439065,0.32795324074707355,0.070599613152804636
20220516,4802,136,4666,0.45820831547363911,0.502571795970853,-0.00043100000000000007,0.0022590825117873984,0.48836908371724813,0.11508786969567081,2068,0.47001934235976789,0.49129593810444872,0,0.0027026542553191487,0.49063920349699586,0.11266924564796905
20220517,4808,140,4668,0.41580976863753211,0.55441302485004285,-0.0029409999999999996,-0.0011465284918594689,0.393501175872491,0.16152527849185946,2071,0.43505552873008208,0.53259295026557218,-0.0022030000000000001,-0.00079862143891839675,0.35244066991609874,0.15354901014002897
20220518,4807,140,4667,0.60017141632740523,0.36854510392114848,0.0046250000000000006,0.0074651004928219418,0.48531929779407268,0.081208485108206552,2067,0.55829704886308662,0.40783744557329465,0.0028289999999999999,0.0058350295113691339,0.51435846243068084,0.085631349782293184
20220519,4797,132,4665,0.58435155412647377,0.37770632368703111,0.0032819999999999998,0.0075746964630225072,0.35124005140759146,0.057877813504823149,2067,0.5650701499758104,0.39622641509433965,0.002627,0.0065607866473149498,0.372265209776729,0.063860667634252535
20220520,4808,138,4670,0.74839400428265523,0.22312633832976445,0.0091739999999999999,0.012452643040685224,0.24491970225929557,0.044753747323340469,2071,0.75181071945919842,0.21873491067117334,0.0095689999999999994,0.01296728923225495,0.21644905478524307,0.038145823273780785
20220523,4815,146,4669,0.74234311415720711,0.23345470122081816,0.011332999999999999,0.013409887984579138,0.33297859349534481,0.053973013493253376,2070,0.70628019323671498,0.26521739130434785,0.0094764999999999988,0.011888165217391305,0.3858955437576404,0.056038647342995171
20220524,4813,143,4670,0.059957173447537475,0.93832976445396143,-0.045557,-0.041509235331905779,0.85601597075073943,0.86766595289079229,2069,0.059449009183180281,0.93716771387143549,-0.043029000000000005,-0.039256760270662161,0.85569380688042063,0.84533591106814887
20220525,4810,136,4674,0.85537013264869488,0.13350449293966624,0.018012,0.019218918913136502,0.22972372079197739,0.031664527171587506,2075,0.82216867469879518,0.16433734939759037,0.016233999999999998,0.016837386987951806,0.20810869368905921,0.033734939759036145
20220526,4820,140,4680,0.58205128205128209,0.38974358974358975,0.0036719999999999999,0.0044122764957264951,0.39595293473301596,0.10064102564102564,2077,0.60519980741454016,0.37120847376023108,0.0047279999999999996,0.0051068459316321617,0.37614473609254101,0.094366875300914782
20220527,4821,142,4679,0.40008548835221203,0.56080359051079287,-0.0026279999999999997,0.00065685573840564221,0.47103563062264264,0.107715323787134,2077,0.4121328839672605,0.54597977852672119,-0.0020369999999999997,0.0016704395763119883,0.44308262662722847,0.090033702455464618
20220530,4821,139,4682,0.63370354549337893,0.33169585647159333,0.005764,0.0099174585647159325,0.35036120001932514,0.073472874839812047,2077,0.67164179104477617,0.29754453538757825,0.0076629999999999997,0.012000578237843042,0.34726000801608559,0.06259027443428021
20220531,4829,141,4688,0.70776450511945388,0.25725255972696248,0.0085929999999999999,0.012001129266211606,0.26855732568867124,0.062073378839590444,2078,0.71270452358036573,0.24687199230028875,0.0095265000000000002,0.014385616939364774,0.2649829563377547,0.065928777670837338
20220601,4828,139,4689,0.58690552356579229,0.37875879718490085,0.0042759999999999994,0.0070698912348048622,0.46332176907509276,0.087651951375559825,2079,0.58585858585858586,0.37566137566137564,0.0047689999999999998,0.0089952202982202991,0.49415510575610649,0.087542087542087546
20220602,4831,142,4689,0.62230752825762425,0.3523139262102794,0.0066340000000000001,0.010627637449349541,0.37267993403641864,0.1000213265088505,2081,0.62758289283998081,0.34839019702066315,0.0072779999999999997,0.014409000480538203,0.36691302258550973,0.10379625180201826
20220606,4845,142,4703,0.78609398256432061,0.18413778439294068,0.014041,0.017726115245587922,0.18011763836341801,0.044227089092068891,2085,0.74292565947242206,0.22110311750599521,0.013258000000000001,0.018420730455635487,0.21061095456888546,0.047961630695443645
20220607,4846,141,4705,0.328586609989373,0.64952178533475025,-0.0081300000000000001,-0.0052413713071200844,0.4784427976185554,0.2201912858660999,2086,0.33509108341323107,0.6356663470757431,-0.0071640000000000002,-0.0058194664429530212,0.45965844669751299,0.23921380632790029
20220608,4852,143,4709,0.35761308133361647,0.60883414737736252,-0.005078,-0.0014825207050329157,0.39411762057342498,0.1552346570397112,2086,0.36625119846596355,0.59635666347075744,-0.004777,-0.0010797080536912756,0.37099075140714294,0.17114093959731544
20220609,4853,145,4708,0.15293118096856415,0.83305012744265083,-0.022337500000000003,-0.019630866822429906,0.66112612965342576,0.55607476635514019,2085,0.17170263788968826,0.81103117505995204,-0.019811000000000002,-0.018269497841726618,0.60875637234658753,0.49688249400479617
20220610,4855,142,4713,0.83768300445576072,0.13218756630596223,0.012397,0.017034173562486737,0.1533289651485511,0.026098026734563972,2088,0.83093869731800762,0.1388888888888889,0.012,0.016957358237547893,0.14920986011149404,0.022030651340996167
20220613,4858,141,4717,0.50773796904812385,0.46894212423150305,0.00095100000000000002,0.0037395634937460254,0.44387968804916195,0.13546745813016747,2089,0.43178554332216373,0.54954523695548108,-0.0028289999999999999,0.0012293633317376734,0.50759312712994786,0.15605552896122546
20220614,4849,134,4715,0.42693531283138919,0.53255567338282084,-0.002114,0.00084213510074231178,0.42622155208972251,0.15270413573700956,2087,0.46142788691902253,0.5026353617632966,-0.00059800000000000001,0.0011525294681360796,0.34979176239028514,0.16147580258744609
20220615,4855,138,4717,0.43481026075895696,0.52830188679245282,-0.0017439999999999999,-0.0012081615433538265,0.44545316399116675,0.17744329022683908,2089,0.44231689803733842,0.52608903781713734,-0.0014829999999999999,-0.00080594973671613214,0.43685426485107626,0.17472474868358065
20220616,4850,137,4713,0.62592828347124974,0.34330575005304476,0.0056759999999999996,0.0081758514746445993,0.46302609396990685,0.087417780606832168,2084,0.59165067178502884,0.3843570057581574,0.0045979999999999997,0.006061986564299425,0.53982792234940391,0.10652591170825336
20220617,4851,141,4710,0.4940552016985138,0.47261146496815287,0,0.0053598787685774953,0.32539002801733291,0.090021231422505302,2083,0.4843975036005761,0.47863658185309649,0,0.0046684719155064809,0.34651179753839428,0.082573211713874217
20220620,4854,142,4712,0.67763157894736847,0.29074702886247877,0.0087480000000000006,0.011513071731748727,0.35150529499416538,0.079159592529711373,2083,0.61977916466634664,0.34805568891022565,0.0056499999999999996,0.008640861257801247,0.44741943811333601,0.09697551608257321
20220621,4853,139,4714,0.35956724649978788,0.60436996181586766,-0.0054454999999999998,-0.0040219927874416634,0.56878996194211684,0.21340687314382689,2082,0.30451488952929873,0.6556195965417867,-0.0069930000000000001,-0.0065498741594620562,0.5887681201547138,0.23054755043227665
20220622,4851,141,4710,0.19787685774946923,0.78917197452229304,-0.017069000000000001,-0.011960599787685775,0.64881849072875108,0.42080679405520172,2083,0.19107057129140662,0.79788766202592409,-0.016129000000000001,-0.011743143062890062,0.65654269534735055,0.38742198751800289
20220623,4839,126,4713,0.83683428813918947,0.14470613197538723,0.014475999999999999,0.019767338213452154,0.17696637700182169,0.032463399108847865,2084,0.83301343570057584,0.14491362763915547,0.013240500000000001,0.019132915547024953,0.18008328803049731,0.030230326295585412
20220624,4849,138,4711,0.63468478030142217,0.32455954149862026,0.0058740000000000007,0.011083063043939715,0.31956237725029613,0.064317554659307996,2081,0.6295050456511293,0.32580490148966845,0.0057140000000000003,0.010998854877462759,0.31678031671527879,0.056703507928880348
20220627,4834,124,4710,0.56539278131634818,0.38704883227176223,0.0025709999999999999,0.0084973673036093413,0.31740104022350885,0.070063694267515922,2082,0.52977905859750241,0.42219020172910665,0.0012505000000000001,0.0065543011527377524,0.32222039573455713,0.079731027857829012
20220628,4837,129,4708,0.74723874256584533,0.23088360237892949,0.011212,0.014338271665250637,0.26610424162755802,0.06117247238742566,2083,0.72971675468074892,0.24291886701872301,0.009783,0.012733608257321172,0.26130582593110363,0.0643302928468555
20220629,4830,123,4707,0.16167410240067984,0.82749097089441259,-0.021455000000000002,-0.02078037518589335,0.76138379245630672,0.52899936265137026,2083,0.15506481036965913,0.83485357657225157,-0.020811000000000003,-0.021100475276044167,0.77110598844696232,0.51752280364858372
20220630,4826,118,4708,0.58772302463891246,0.36406117247238745,0.0033100000000000004,0.0088158392098555641,0.26504597756540565,0.064783347493627866,2086,0.59300095877277081,0.3523489932885906,0.0034219999999999997,0.0095262372962607866,0.2339807638107152,0.054170661553211888
20220701,4829,116,4713,0.402503713133885,0.56779121578612346,-0.0037000000000000002,-0.0013235894334818587,0.50305070641416805,0.16571186081052408,2086,0.40076701821668265,0.56567593480345157,-0.0034840000000000001,-0.0012767219558964522,0.51416662249157297,0.16203259827420902
20220704,4819,112,4707,0.5357977480348417,0.43254727002336946,0.002398,0.0066110237943488416,0.3714183329437194,0.11047376248141066,2084,0.5374280230326296,0.43090211132437622,0.0024670000000000004,0.0066517173704414576,0.40223006338260986,0.10940499040307101
20220705,4823,112,4711,0.26321375504139249,0.71938017406070898,-0.011814999999999999,-0.007834106983655274,0.54006534308116416,0.28889832307365737,2085,0.29592326139088732,0.68585131894484408,-0.010168999999999999,-0.0067106412470023993,0.49127188168970704,0.25323741007194245
20220706,4827,112,4715,0.27550371155885472,0.70562036055143162,-0.011380999999999999,-0.0079864290562036058,0.65970168588293032,0.28419936373276777,2086,0.27756471716203263,0.71332694151486098,-0.011726,-0.0085306006711409407,0.71157182840624256,0.29530201342281881
20220707,4829,113,4716,0.54156064461407971,0.41369804919423242,0.0021654999999999999,0.0069441395250212047,0.3564161463942509,0.093299406276505514,2086,0.53211888782358585,0.42233940556088206,0.0018315,0.0060604554170661552,0.40507350976167483,0.088686481303930975
20220708,4831,112,4719,0.53379953379953382,0.42784488239033691,0.0019040000000000001,0.0022249499894045344,0.53322952310354077,0.14431023521932612,2087,0.50215620507906089,0.45184475323430762,0.00040200000000000001,0.00054018064206995679,0.53562730862824626,0.15141351221849544
20220711,4829,111,4718,0.301398897838067,0.6742263671047054,-0.010662000000000001,-0.0079712272149215762,0.65157690614994968,0.31008902077151335,2086,0.30297219558964528,0.6682646212847555,-0.0091389999999999996,-0.0075568518696069028,0.66132946289937089,0.28523489932885904
20220712,4831,114,4717,0.21093915624337503,0.76892092431630277,-0.018605,-0.015666283230867075,0.6620836670194028,0.47445410218359124,2086,0.2233940556088207,0.7468839884947267,-0.016344000000000001,-0.014703640939597315,0.6233515011789883,0.42569511025886864
20220713,4832,115,4717,0.70934916260334957,0.26287894848420607,0.0094120000000000002,0.012315951452194192,0.35457685705091257,0.059995760016959936,2085,0.67002398081534775,0.29976019184652281,0.0068310000000000003,0.0093641573141486807,0.39888692901590878,0.066187050359712229
20220714,4839,118,4721,0.54543528913365813,0.42851090870578268,0.002761,0.0072662692226223256,0.41736271783992135,0.12412624443973734,2088,0.53544061302681989,0.44013409961685823,0.0022484999999999996,0.0072234061302681998,0.44174480809408578,0.12021072796934866
20220715,4838,113,4725,0.21206349206349207,0.7803174603174603,-0.020833000000000001,-0.016496743915343913,0.6481270206618861,0.51470899470899467,2091,0.21329507412721185,0.77953132472501196,-0.018692,-0.01539762075561932,0.66465767100691253,0.47680535628885701
20220718,4844,117,4727,0.85804950285593395,0.13348847048868204,0.022856999999999999,0.024816757562936321,0.24716682692637962,0.036809815950920248,2091,0.84313725490196079,0.14729794356767098,0.020243000000000001,0.021992277857484456,0.22967936632819605,0.042563366810138691
20220719,4847,121,4726,0.69297503173931441,0.27930596699111299,0.008149,0.010313280998730428,0.4280808614195496,0.076385950063478633,2090,0.66650717703349283,0.30574162679425837,0.0069649999999999998,0.0088352368421052638,0.46088469350192118,0.080382775119617222
20220720,4845,119,4726,0.64769360981802793,0.31104528142192128,0.0050150000000000004,0.0095551421921286506,0.30365478189576406,0.048243757934828609,2090,0.64593301435406703,0.30813397129186604,0.0046534999999999997,0.0096159315789473686,0.29403502065175585,0.034449760765550237
20220721,4842,116,4726,0.33389758781210327,0.63288192975031743,-0.0057385000000000005,-0.0029293082945408377,0.59595015903848902,0.18260685569191706,2090,0.33157894736842103,0.63157894736842102,-0.0056635000000000001,-0.0027538641148325358,0.60613297360782903,0.17799043062200956
20220722,4845,117,4728,0.3936125211505922,0.57212351945854489,-0.0038909999999999999,-0.0021103735194585452,0.51621640852774719,0.17026226734348562,2092,0.39866156787762907,0.5621414913957935,-0.0033180000000000002,-0.0025452934990439773,0.5110718416478448,0.17304015296367112
20220725,4840,114,4726,0.30744815911976303,0.66991112991959378,-0.0086695000000000001,-0.007756492170969108,0.63570043939214083,0.26301311891663143,2092,0.32791586998087952,0.6443594646271511,-0.0067285000000000001,-0.0064550219885277241,0.62993001883282718,0.23518164435946462
20220726,4849,119,4730,0.73403805496828756,0.23932346723044398,0.0078015000000000003,0.011043534672304438,0.2602357521584206,0.045877378435517972,2094,0.73113658070678123,0.24259789875835722,0.0071540000000000006,0.0099774937917860539,0.23782956648984524,0.042024832855778411
20220727,4844,113,4731,0.58042697104206298,0.38131473261466919,0.0039290000000000002,0.0092207579792855637,0.37629641289541771,0.056436271401395052,2093,0.55518394648829428,0.40324892498805542,0.0027029999999999997,0.0082762274247491652,0.41269681447628337,0.048733874820831344
20220728,4847,115,4732,0.6092561284868977,0.34721048182586645,0.0042625000000000007,0.0085196472950126792,0.3913596632852322,0.066779374471682168,2094,0.61843361986628465,0.33333333333333331,0.0042104999999999998,0.0085567841451766949,0.39051096354677761,0.059216809933142309
20220729,4850,116,4734,0.28918462188424165,0.68779045204900713,-0.0090740000000000005,-0.004915484368398817,0.59550854515909701,0.22475707646810308,2095,0.29069212410501194,0.6878281622911695,-0.0087639999999999992,-0.0050699054892601432,0.59966356985966518,0.2224343675417661
20220801,4855,119,4736,0.5278716216216216,0.44045608108108109,0.0017225000000000001,0.0060280221706081076,0.36086792907536369,0.088048986486486486,2095,0.50167064439140807,0.46252983293556088,0.00027,0.0054028362768496424,0.41051209640729103,0.075417661097852029
20220802,4859,119,4740,0.084177215189873422,0.91392405063291138,-0.043338500000000002,-0.038259970675105483,0.78989274708302126,0.82911392405063289,2098,0.086749285033365112,0.91039084842707341,-0.038633000000000001,-0.034063641563393705,0.81735533149728423,0.79504289799809347
20220803,4861,120,4741,0.35625395486184347,0.62096604091963725,-0.0063290000000000004,-0.0040125397595443995,0.5921628030163365,0.20839485340645433,2099,0.33730347784659359,0.64363982848975698,-0.0071940000000000007,-0.003897367317770367,0.57487948494928987,0.20581229156741304
20220804,4861,119,4742,0.78658793757908052,0.19654154365246732,0.013561500000000001,0.014607310628426823,0.35459970093391019,0.074441164065795026,2099,0.77227251071939018,0.20485945688423057,0.011188999999999999,0.012215515007146261,0.36720949713195011,0.072415435921867555
20220805,4865,119,4746,0.71807838179519601,0.2608512431521281,0.010131999999999999,0.01348343152128108,0.30159502828909968,0.088916982722292454,2101,0.76249405045216567,0.21846739647786767,0.011011,0.015927333174678725,0.26441164266752093,0.066158971918134218
20220808,4870,120,4750,0.72799999999999998,0.23684210526315788,0.0088034999999999988,0.014056926736842106,0.30286705908540545,0.043368421052631577,2101,0.68967158495954306,0.26844359828653025,0.0070520000000000001,0.011645547358400761,0.35229399284668012,0.055687767729652546
20220809,4869,118,4751,0.4523258261418649,0.51020837718375078,-0.00084900000000000004,0.003944242264786361,0.40693848187525927,0.077036413386655442,2102,0.45528068506184588,0.51141769743101806,-0.00083099999999999992,0.0045287878211227404,0.37708653514059942,0.070884871550903908
20220810,4869,118,4751,0.46284992633129868,0.50410439907387916,-0.00067699999999999998,0.0034154074931593355,0.49623901898263179,0.093454009682172171,2102,0.43101807802093245,0.53472882968601332,-0.0019120000000000001,0.0020377583254043768,0.54326092330150599,0.1027592768791627
20220811,4873,122,4751,0.75457798358240369,0.2268996000841928,0.012072000000000001,0.01311859271732267,0.26597142257597906,0.067354241212376348,2101,0.77106139933365059,0.21418372203712518,0.011904999999999999,0.012741386958591146,0.23850313580353422,0.061399333650642554
20220812,4876,122,4754,0.40849810685738325,0.55679427850231389,-0.003124,-0.0040959665544804376,0.56180186176749569,0.23790492217080353,2103,0.40751307655729907,0.55349500713266764,-0.0030669999999999998,-0.0056020085592011415,0.54269020672804236,0.24916785544460296
20220815,4871,119,4752,0.47264309764309764,0.49158249158249157,0,0.0046988777356902359,0.37598939283070926,0.077651515151515152,2100,0.43904761904761902,0.52000000000000002,-0.001325,0.0030139566666666667,0.4155478259901158,0.080476190476190479
20220816,4879,121,4758,0.58575031525851196,0.37831021437578816,0.0035190000000000004,0.0080127551492223635,0.38663105592009589,0.06031946195880622,2105,0.58194774346793354,0.38052256532066508,0.0030359999999999996,0.0070856000000000001,0.40785616774224831,0.057007125890736345
20220817,4881,122,4759,0.51481403656230296,0.44799327589829796,0.0010920000000000001,0.0031077963857953353,0.39471648830547595,0.10989703719268754,2105,0.55534441805225654,0.40617577197149646,0.002183,0.0037455638954869354,0.37476653987631259,0.093111638954869361
20220818,4885,119,4766,0.4093579521611414,0.57259756609315993,-0.0046230000000000004,0.0027891968107427605,0.47854610953208221,0.12757028955098615,2108,0.38946869070208728,0.59297912713472489,-0.0055375000000000008,0.0026704392789373812,0.50549711357271854,0.11385199240986717
20220819,4889,120,4769,0.25099601593625498,0.71880897462780458,-0.011719,-0.012490864122457538,0.67855342977213651,0.36548542671419587,2108,0.26280834914611007,0.69829222011385195,-0.0093849999999999992,-0.012060192125237191,0.62580520893578884,0.33491461100569259
20220822,4891,122,4769,0.60012581253931641,0.36905011532816107,0.0043750000000000004,0.0068111247641014887,0.35673817206510033,0.10903753407422939,2109,0.5969653864390706,0.37031768610715982,0.0041139999999999996,0.0054340706495969657,0.36130087668525013,0.10241820768136557
20220823,4888,118,4770,0.49245283018867925,0.47442348008385743,0,0.0041015490566037732,0.4298238952316194,0.10020964360587002,2109,0.49786628733997157,0.46609767662399243,0,0.0038849577999051687,0.43130443886207137,0.091986723565670933
20220824,4894,124,4770,0.087421383647798737,0.90670859538784065,-0.030113999999999998,-0.030138393291404608,0.8373835191002339,0.68343815513626838,2110,0.079620853080568724,0.91279620853080567,-0.027473000000000001,-0.029024182938388626,0.83672803389627493,0.64549763033175356
20220825,4895,121,4774,0.42919983242563886,0.54859656472559704,-0.0035750000000000001,-0.0039042589023879342,0.51413250814705835,0.2469627147046502,2113,0.49597728348319925,0.48130619971604355,0,-0.00083658968291528584,0.40267174168183634,0.19403691433980122
20220826,4895,119,4776,0.35510887772194305,0.61746231155778897,-0.0059845000000000002,-0.0055425536013400337,0.5485456924377875,0.22654941373534337,2114,0.36754966887417218,0.60737937559129607,-0.00511,-0.0047860690633869446,0.54851934264606228,0.21097445600756859
20220829,4901,121,4780,0.62531380753138077,0.34602510460251046,0.0059230000000000003,0.0080429146443514645,0.40404557452416756,0.084100418410041844,2116,0.62003780718336488,0.34593572778827975,0.0053949999999999996,0.0079523265595463147,0.39224197576472658,0.071833648393194713
20220830,4902,122,4780,0.45502092050209203,0.52029288702928866,-0.0015969999999999999,-0.0031284470711297071,0.59895019362893909,0.20523012552301256,2116,0.43761814744801514,0.5363894139886578,-0.0021995000000000001,-0.0043481091682419665,0.62793562506138279,0.20557655954631379
20220831,4908,122,4786,0.14145424153781863,0.85102381947346428,-0.026596000000000002,-0.02643262787296281,0.73156490266927909,0.61303802758044301,2118,0.15297450424929179,0.83616619452313501,-0.024309999999999998,-0.025006908876298393,0.70132012724534487,0.57034938621340892
20220901,4909,125,4784,0.36308528428093645,0.60723244147157196,-0.0047425000000000002,-0.0039186396321070236,0.58667849864488986,0.18770903010033446,2117,0.37128011336797356,0.59518186112423244,-0.0040610000000000004,-0.0031680987246102978,0.56244778453286826,0.17241379310344829
20220902,4911,122,4789,0.73961160993944453,0.23261641261223637,0.011672999999999999,0.013780933180204635,0.40015458549683219,0.053038212570474003,2119,0.71165644171779141,0.25011798017932985,0.0093259999999999992,0.012095823029731006,0.4307162948208188,0.051911278905143937
20220905,4912,122,4790,0.51983298538622125,0.45845511482254697,0.0016125,0.0028072200417536535,0.43462689013547512,0.13674321503131523,2119,0.55025955639452573,0.42661632845681924,0.0032329999999999998,0.0038370443605474278,0.4030627010222218,0.13402548371873524
20220906,4916,127,4789,0.74963457924410104,0.21841720609730633,0.0088939999999999991,0.013193225725621214,0.18499541951722828,0.029024848611401127,2118,0.76864966949952784,0.19357884796978281,0.0092715000000000002,0.013711739848914072,0.13410804080263256,0.024551463644948063
20220907,4915,126,4789,0.47254124034245143,0.4969722280225517,0,0.0039263604092712465,0.39093596229691946,0.090415535602422215,2118,0.47780925401322,0.48914069877242683,0,0.0046579716713881017,0.38768355366780405,0.076015108593012276
20220908,4922,129,4793,0.23450865846025454,0.7400375547673691,-0.011583000000000001,-0.0093578234925933666,0.6400540304346225,0.2893803463384102,2119,0.25483718735252475,0.7126002831524304,-0.0092630000000000004,-0.0080249754601227005,0.62134275085253143,0.23690420009438415
20220909,4922,124,4798,0.48853689037098791,0.47707378074197582,0,-0.00028415193830762822,0.39366924420365695,0.13755731554814507,2121,0.49363507779349364,0.46723243752946725,0,0.00021519660537482339,0.35448812495367416,0.11928335690711929
20220913,4927,129,4798,0.52667778240933727,0.43684868695289703,0.0014099999999999998,0.0031624416423509803,0.43523224268248611,0.08649437265527303,2121,0.49787835926449786,0.46911834040546913,0,0.0024979335219236206,0.47809730030106307,0.090994813767090996
20220914,4924,125,4799,0.23900812669306107,0.7389039383204834,-0.0096410000000000003,-0.0073028360075015628,0.68949842447568155,0.21150239633256929,2121,0.26025459688826025,0.71475719000471472,-0.0081469999999999997,-0.0057896449787835924,0.68500042813158779,0.17586044318717586
20220915,4919,122,4797,0.1398790910986033,0.85074004586199703,-0.023408999999999999,-0.023592712945590996,0.76708824541013199,0.56931415468000834,2120,0.15754716981132075,0.82924528301886791,-0.021261500000000003,-0.022087189622641508,0.74320558163239581,0.51886792452830188
20220916,4923,125,4798,0.11900791996665278,0.87432263443101288,-0.026172500000000001,-0.023850647978324303,0.79938049686445323,0.63463943309712378,2122,0.12770970782280866,0.86757775683317628,-0.025534500000000002,-0.022835404335532515,0.82623573489992075,0.61828463713477855
20220919,4925,122,4803,0.22902352696231523,0.75307099729335836,-0.014493000000000001,-0.013000797418280242,0.60200558055441244,0.36706225275869248,2123,0.23174752708431465,0.74752708431464909,-0.013761000000000001,-0.012745650494583137,0.58855560873719659,0.36316533207724916
20220920,4927,122,4805,0.78022892819979184,0.19542143600416234,0.012048000000000001,0.014780712799167532,0.25843214929020608,0.035379812695109258,2123,0.73528026377767308,0.23645784267545925,0.0094710000000000003,0.011980695713612811,0.3163735979512835,0.036740461610927935
20220921,4932,121,4811,0.59821242984826439,0.36956973602161713,0.003895,0.003124020162128456,0.46888194346748979,0.10766992309291208,2126,0.57431796801505175,0.39134524929444969,0.0029874999999999997,0.0017214049858889932,0.4796380264595515,0.11900282220131703
20220922,4931,121,4810,0.32328482328482328,0.65051975051975053,-0.0064710000000000002,-0.0034326074844074845,0.52490736008334549,0.15488565488565489,2126,0.33443085606773282,0.63499529633113827,-0.0059059999999999998,-0.0031085244590780812,0.48746679494752654,0.15004703668861713
20220923,4932,120,4812,0.11928512053200332,0.8651288445552785,-0.021794000000000001,-0.02041114505403159,0.73909476657752737,0.54551122194513713,2127,0.1311706629055007,0.84720263281617303,-0.019014,-0.018660762106252938,0.69913451369427448,0.48048895157498822
20220926,4938,122,4816,0.18978405315614619,0.80253322259136217,-0.0227715,-0.017922784053156147,0.60542891215573991,0.55336378737541525,2130,0.19389671361502347,0.79765258215962442,-0.022109999999999998,-0.017693137558685446,0.63257896289718241,0.54460093896713613
20220927,4942,124,4818,0.89580738895807388,0.09402241594022416,0.022284000000000002,0.024264460772104608,0.20768654230354386,0.023038605230386051,2132,0.89493433395872424,0.094277673545966223,0.021357000000000001,0.023801934803001881,0.20865283934840329,0.019699812382739212
20220928,4944,123,4821,0.086704003318813519,0.90707322132337687,-0.027087,-0.026279314042729728,0.83986105512653952,0.64592408214063468,2132,0.085365853658536592,0.90478424015009384,-0.0240965,-0.024122734990619135,0.83278776520867037,0.58911819887429639
20220929,4945,123,4822,0.33596018249688925,0.63873911240149317,-0.006803,-0.0051427725010369137,0.50916291444567852,0.1909995852343426,2132,0.36163227016885552,0.61397748592870549,-0.0052305000000000008,-0.0030354774859287057,0.50688368318127586,0.1571294559099437
20220930,4946,123,4823,0.25979680696661828,0.7012233049968899,-0.010502000000000001,-0.012322365332780427,0.67740718501132458,0.33070702882023639,2132,0.27157598499061913,0.68198874296435275,-0.0096854999999999997,-0.012009334896810506,0.64856042538108971,0.30628517823639773
20221010,4948,122,4826,0.17115623704931621,0.80770824699544141,-0.018231499999999998,-0.017872883547451306,0.70965107397030891,0.46332366348943227,2133,0.17862165963431786,0.79418659165494609,-0.016996000000000001,-0.017759758556024376,0.68890521501032431,0.43647444913267697
20221011,4949,122,4827,0.60886679096747465,0.36254402320281748,0.0051809999999999998,0.005584151854153719,0.38117815083396489,0.1054485187487052,2134,0.57216494845360821,0.39128397375820057,0.0035590000000000001,0.0038975679475164015,0.40377888769409243,0.11152764761012184
20221012,4950,121,4829,0.92337958169393253,0.069579623110374814,0.025156999999999999,0.028151615034168562,0.14703493909726281,0.018430316835783805,2135,0.9091334894613583,0.081967213114754092,0.022113000000000001,0.026104622014051521,0.18494850610808036,0.021077283372365339
20221013,4955,125,4830,0.65134575569358177,0.31097308488612835,0.0072665000000000004,0.010799295238095238,0.45672665067545365,0.060455486542443065,2136,0.6165730337078652,0.34316479400749061,0.0061890000000000001,0.0092466423220973794,0.48651109077595867,0.062265917602996254
20221014,4959,127,4832,0.91266556291390732,0.074089403973509937,0.017577000000000002,0.023080078435430466,0.12463236903074273,0.019246688741721855,2137,0.90687880205896121,0.080954609265325217,0.016680999999999998,0.022758605989705194,0.13301152326347881,0.020589611605053813
20221017,4956,127,4829,0.80120107682750052,0.17912611306688755,0.012722000000000001,0.016334241872023193,0.34817536160745188,0.046800579830192583,2135,0.77611241217798599,0.20327868852459016,0.010880000000000001,0.014695826229508196,0.36945069791747098,0.057611241217798592
20221018,4961,130,4831,0.43634858207410476,0.52038915338439251,-0.001351,0.0037898904988615196,0.443328680539814,0.068722831711860902,2137,0.42161909218530652,0.53532990173139916,-0.0016919999999999999,0.0031891623771642496,0.51451935186399267,0.07346747777257838
20221019,4966,129,4837,0.21232168699607196,0.76597064296051276,-0.0099880000000000004,-0.0078714579284680578,0.66578312900247594,0.22513954930742194,2140,0.2088785046728972,0.77149532710280377,-0.010359,-0.0084489214953271021,0.69391514257052278,0.21869158878504674
20221020,4963,126,4837,0.36551581558817448,0.59230928261319005,-0.0036229999999999999,-0.0025757118048377091,0.57960437445327162,0.16063675832127353,2141,0.36711816907986922,0.5931807566557683,-0.0035349999999999999,-0.0021584722092480154,0.55744727192254329,0.14666043904717421
20221021,4965,127,4838,0.44563869367507236,0.50392724266225708,-0.00062150000000000009,0.001035291649441918,0.4899590199265022,0.11740388590326581,2141,0.4852872489490892,0.45819710415693599,0,0.0029783068659504901,0.44036673566070217,0.098552078468005608
20221024,4965,127,4838,0.20690367920628358,0.78048780487804881,-0.016148500000000003,-0.013153264365440264,0.66040328207440713,0.40926002480363788,2142,0.20168067226890757,0.78898225957049484,-0.016459000000000001,-0.013389113912231559,0.68128512633916194,0.42156862745098039
20221025,4965,126,4839,0.38313701177929327,0.58875800785286214,-0.0053100000000000005,-0.00331474540194255,0.52274599876806838,0.20520768753874769,2142,0.38748832866479926,0.57983193277310929,-0.0049665000000000004,-0.0031353879551820731,0.50042007678501677,0.1858076563958917
20221026,4969,128,4841,0.81904565172485022,0.15967775253046892,0.018156000000000002,0.021151308613922743,0.27088758299816751,0.046271431522412726,2142,0.80112044817927175,0.17366946778711484,0.01585,0.020108406162464992,0.32071492578335647,0.041083099906629318
20221027,4969,127,4842,0.45518380834365962,0.50929368029739774,-0.0011259999999999998,-0.0027735309789343248,0.54567680847540356,0.20776538620404791,2142,0.45891690009337066,0.50140056022408963,-0.00040099999999999999,-0.0033175985060690943,0.56443157769535102,0.19374416433239963
20221028,4974,129,4845,0.078844169246646029,0.91640866873065019,-0.038353999999999999,-0.035280257585139321,0.81930272654181846,0.79422084623323008,2145,0.082983682983682985,0.91142191142191142,-0.034752999999999999,-0.031610905361305369,0.81154150036999217,0.75990675990675993
20221031,4974,128,4846,0.66487825010317791,0.3155179529508873,0.011377000000000002,0.011571976269087908,0.42378974113019979,0.13867106892282294,2144,0.60587686567164178,0.36940298507462688,0.0082260000000000007,0.0089453418843283596,0.51436503463525074,0.17117537313432835
20221101,4978,129,4849,0.89688595586718911,0.09692720148484224,0.022842999999999999,0.025611392658280063,0.17170144827413497,0.031552897504640132,2145,0.88717948717948714,0.10582750582750583,0.021048000000000001,0.02389107226107226,0.18723741905966013,0.034965034965034968
20221102,4976,128,4848,0.73617986798679869,0.22112211221122113,0.0088414999999999987,0.013623428011551156,0.24372203422484565,0.039191419141914194,2144,0.73087686567164178,0.22201492537313433,0.008774500000000001,0.013785569029850748,0.24268920223863366,0.043843283582089554
20221103,4977,128,4849,0.52072592287069497,0.4413281088884306,0.0013389999999999999,0.004567008661579706,0.46593229074333825,0.080222726335326872,2143,0.54083061129258048,0.41997200186654221,0.002343,0.0065514759682687822,0.46123119461780682,0.063929071395240317
20221104,4980,129,4851,0.84250669964955682,0.13749742321170894,0.013423000000000001,0.017162640280354569,0.12827167718686019,0.020820449391877962,2145,0.81911421911421911,0.1585081585081585,0.013313999999999999,0.016626083449883453,0.12843491708408356,0.025174825174825177
20221107,4983,129,4854,0.62113720642768855,0.34713638236505973,0.0049615000000000006,0.0071435028842192008,0.4049664843537632,0.081582200247218795,2146,0.58201304753028893,0.38070829450139793,0.0033630000000000005,0.0047815270270270263,0.4600155277182762,0.09552656104380243
20221108,4979,126,4853,0.3968679167525242,0.5610962291366165,-0.0025640000000000003,-0.00040109169585823211,0.54502356452137457,0.095404904182979602,2146,0.38630009319664493,0.56803355079217144,-0.0025479999999999999,-0.0010678886300093196,0.5780680862552342,0.095992544268406338
20221109,4983,129,4854,0.41058920477956323,0.53790688092295014,-0.001841,0.00094393386897404202,0.52723959552502375,0.099711578079934068,2146,0.38210624417520972,0.55684995340167753,-0.0024425000000000002,-0.00095650232991612298,0.57069853289913808,0.10717614165890028
20221110,4986,128,4858,0.3600247015232606,0.60580485796624128,-0.0055344999999999995,-0.0043897076986414169,0.59360697336401458,0.22128447920955124,2149,0.36435551419264772,0.59748720335039551,-0.0048149999999999998,-0.0047980046533271283,0.59887637464415111,0.22429036761284318
20221111,4992,132,4860,0.56378600823045266,0.40123456790123457,0.0028405000000000001,0.0043751012345679017,0.37426484546557259,0.1191358024691358,2149,0.62028850628199161,0.34946486738017685,0.004594,0.0063516593764541647,0.30892526898927947,0.1037691949744067
20221114,4990,131,4859,0.40440419839473141,0.56287301913974064,-0.0035970000000000004,-0.00097883309322905937,0.47590872146910712,0.19077999588392675,2147,0.39683278993945037,0.567768979972054,-0.0036099999999999999,-0.0019737727061015374,0.47953503331969655,0.18723800652072659
20221115,4993,134,4859,0.85881868697262809,0.12307059065651368,0.014894000000000001,0.019934489606915001,0.15743877634946621,0.026754476229676888,2148,0.86173184357541899,0.12150837988826815,0.014243499999999999,0.020824715083798882,0.15419018744010932,0.0223463687150838
20221116,4995,133,4862,0.40065816536404769,0.56458247634718228,-0.0033830000000000002,-0.0017008492389962979,0.58116913917828139,0.15590292060880295,2149,0.39041414611447184,0.56491391344811537,-0.0032400000000000003,-0.0019208766868310844,0.56877161310871638,0.14751046998604
20221117,4994,133,4861,0.56202427484056783,0.40279777823493107,0.0029070000000000003,0.0049898257560172807,0.42226302407649519,0.079407529314955774,2148,0.55307262569832405,0.41014897579143389,0.0025145000000000002,0.0045042150837988825,0.46332827913931024,0.088919925512104286
20221118,5000,137,4863,0.26259510590170676,0.71314003701418882,-0.010438000000000001,-0.0070504780999383091,0.58289540349945757,0.2473781616286243,2150,0.25023255813953488,0.72232558139534886,-0.0099090000000000011,-0.0068409395348837205,0.59883293663382653,0.22744186046511627
20221121,5002,137,4865,0.50215827338129493,0.46988694758478933,0.000357,0.0032927786228160328,0.44849357740631191,0.11572456320657759,2149,0.48348068869241506,0.48534201954397393,0,0.0027121535597952533,0.4722866973926918,0.10981852024197301
20221122,5004,135,4869,0.2363935099609776,0.74039843910453895,-0.01291,-0.011863145204354076,0.65756225853130279,0.35140685972478947,2151,0.2821943282194328,0.68944676894467694,-0.010246999999999999,-0.01020097489539749,0.5800005428987014,0.32078103207810321
20221123,5002,132,4870,0.33511293634496919,0.63696098562628334,-0.0074890000000000009,-0.0066036207392197125,0.5170918494613771,0.25236139630390142,2151,0.38028823802882378,0.58623895862389586,-0.0046080000000000001,-0.0047709516503951646,0.45149280101495587,0.21199442119944212
20221124,5006,134,4872,0.53284072249589487,0.43041871921182268,0.001637,0.0036465205254515602,0.42836153649100461,0.084770114942528729,2152,0.51347583643122674,0.44702602230483274,0.00076650000000000004,0.0026371789033457246,0.46199808208937693,0.090148698884758363
20221125,5008,135,4873,0.30658731787399957,0.6689924071413913,-0.010033,-0.0083804939462343523,0.57860780639232412,0.30330391955674124,2153,0.36878773803994425,0.60891778913144445,-0.0065790000000000006,-0.0063089786344635379,0.47991281675530056,0.26521133302368788
20221128,5009,135,4874,0.30201066885514977,0.66721378744357818,-0.007463,-0.0042182679524004922,0.59116351826438474,0.16639310627821091,2154,0.3022284122562674,0.66388115134633241,-0.0071850000000000004,-0.0048409814298978641,0.63789808819445992,0.1713091922005571
20221129,5014,138,4876,0.83839212469237079,0.14786710418375718,0.016834500000000002,0.018686986669401152,0.1671882667844431,0.044298605414273995,2154,0.81987000928505105,0.16341689879294335,0.016369000000000002,0.017660591457753019,0.16890359597133983,0.052924791086350974
20221130,5015,138,4877,0.38220217346729546,0.57678900963707203,-0.0032469999999999999,-0.00065741644453557509,0.45961719512329469,0.11441459913881484,2153,0.38968880631676728,0.56572224802601023,-0.0028990000000000001,-0.0010071054342777519,0.45960830688401166,0.112401300510915
20221201,5019,141,4878,0.64555145551455517,0.32308323083230833,0.0056639999999999989,0.0086160496104961039,0.34443961263292355,0.06744567445674457,2154,0.628133704735376,0.33890436397400187,0.0053919999999999992,0.0083867000928505107,0.36078169735515592,0.064995357474466109
20221202,5020,142,4878,0.6070110701107011,0.35936859368593688,0.0042520000000000006,0.0067674001640016402,0.46577227934282933,0.069905699056990567,2154,0.54038997214484674,0.41643454038997213,0.0021995000000000001,0.0049843871866295259,0.50849085838849462,0.071494893221912714
20221205,5017,141,4876,0.68027071369975389,0.29942575881870387,0.0071809999999999999,0.0079011275635767018,0.31008417799192978,0.09885151763740771,2153,0.69623780771017185,0.28518346493265212,0.0091739999999999999,0.0087437389688806311,0.25095412889624524,0.099860659544821179
20221206,5018,142,4876,0.33675143560295323,0.63884331419196061,-0.0062950000000000002,-0.0040350084085315832,0.47563741465196657,0.17411812961443807,2153,0.35764050162563865,0.61681374825824431,-0.00545,-0.003133397584765444,0.47944190053508062,0.15141662796098468
20221207,5019,143,4876,0.40730106644790814,0.56070549630844957,-0.0027404999999999999,0.00093387346185397856,0.45929089236496462,0.09885151763740771,2153,0.38968880631676728,0.5717603344170924,-0.0030080000000000003,-0.00016568276823037626,0.53054973977249542,0.10450534138411519
20221208,5023,144,4879,0.33715925394548063,0.63558106169296991,-0.0055800000000000008,-0.003244838901414224,0.4943860330071615,0.16253330600532895,2154,0.36536675951717734,0.6044568245125348,-0.0042620000000000002,-0.0026679076137418752,0.47046929013386563,0.15181058495821728
20221209,5027,148,4879,0.38552982168477146,0.58311129329780698,-0.0041310000000000001,-0.0013678050830088135,0.43160758748016564,0.15167042426726787,2156,0.39981447124304265,0.57003710575139144,-0.0036259999999999999,-0.0013691219851576996,0.44179799493798255,0.150278293135436
20221212,5031,147,4884,0.40561015561015562,0.57637182637182638,-0.0054640000000000001,-0.0021015018427518427,0.51939757491236316,0.23034398034398035,2158,0.38832252085264135,0.59175162187210384,-0.0065059999999999996,-0.0026098109360518998,0.55458174378395642,0.2344763670064875
20221213,5032,148,4884,0.40233415233415232,0.57063882063882065,-0.0043385000000000003,-0.0036216085176085178,0.53142555465446473,0.23157248157248156,2158,0.42400370713623725,0.54448563484708068,-0.0031964999999999997,-0.0039390699721964777,0.51524496245525864,0.20852641334569044
20221214,5034,151,4883,0.38419004710219129,0.58386237968462007,-0.003552,-0.0028096625025599013,0.50414087455224577,0.1527749334425558,2157,0.38479369494668519,0.57858136300417251,-0.0033110000000000001,-0.0024262763096893833,0.46013558140750999,0.1358368103847937
20221215,5037,152,4885,0.56008188331627429,0.40716479017400203,0.0030420000000000004,0.0037093651995905837,0.42205342326155487,0.10010235414534288,2157,0.50347705146036159,0.46546128882707466,0.00042000000000000002,0.0019804455261937873,0.47483315014510752,0.095966620305980535
20221216,5041,153,4888,0.26595744680851063,0.71276595744680848,-0.013435000000000001,-0.011261562397708673,0.54350721367040733,0.37909165302782322,2159,0.29133858267716534,0.68087077350625291,-0.010289,-0.0099735326540064829,0.50589621630751702,0.32515053265400651
20221219,5038,154,4884,0.10974610974610975,0.88595413595413597,-0.023917999999999998,-0.022545544430794429,0.7625251794937159,0.60831285831285831,2159,0.093561834182491893,0.90088003705419173,-0.023857,-0.022994499305233902,0.81856606995331516,0.61602593793422877
20221220,5039,155,4884,0.44000819000819003,0.52108927108927106,-0.001469,-0.0042141269451269458,0.66217145679516309,0.18877968877968879,2159,0.40111162575266329,0.55766558591940718,-0.0030170000000000002,-0.0046849411764705888,0.70186234842844908,0.17415470125057897
20221221,5036,156,4880,0.26229508196721313,0.71127049180327873,-0.0093204999999999989,-0.0076044323770491796,0.56019043636740906,0.22315573770491803,2158,0.29008341056533826,0.67840593141797956,-0.0074350000000000006,-0.0069554620018535676,0.53506549315371255,0.19647822057460612
20221222,5045,157,4888,0.17000818330605566,0.81382978723404253,-0.016319999999999998,-0.014435338993453357,0.63535325540854759,0.40302782324058922,2161,0.17630726515502082,0.80055529847292917,-0.015217000000000001,-0.014014170754280424,0.63642305357190454,0.37158722813512263
20221223,5051,160,4891,0.41463913310161521,0.54222040482518907,-0.002183,-0.0027432257207115106,0.54584619082546704,0.15988550398691473,2164,0.37153419593345655,0.58040665434380778,-0.0032360000000000002,-0.0042214764325323477,0.58076807138486186,0.16635859519408502
20221226,5050,159,4891,0.74667757104886523,0.22612962584338581,0.013507999999999999,0.016645300143120014,0.2903189240672896,0.054998977714168881,2162,0.71554116558741909,0.25115633672525439,0.011580499999999999,0.015914888991674373,0.30051957472462693,0.055504162812210912
20221227,5056,161,4895,0.59897854954034724,0.36220633299284982,0.003741,0.0055317299284984682,0.33333760533877121,0.080694586312563835,2164,0.65573012939001851,0.3091497227356747,0.0054865000000000001,0.0071515924214417747,0.2673443779626532,0.061460258780036969
20221228,5055,160,4895,0.18835546475995915,0.78978549540347298,-0.014054000000000001,-0.011338748110316651,0.61444264739912446,0.32563840653728293,2164,0.20471349353049909,0.77033271719038821,-0.011884,-0.0099076783733826248,0.5820711891335133,0.27818853974121999
20221229,5060,162,4898,0.31461821151490404,0.65863617803184971,-0.006267,-0.0036875332788893424,0.58971201809633933,0.143527970600245,2166,0.33102493074792244,0.64035087719298245,-0.0059775000000000002,-0.0026597465373961221,0.5825138984998538,0.12142197599261312
20221230,5063,164,4899,0.65890998162890391,0.30638905899163094,0.0054050000000000001,0.0067078422126964684,0.37974784450924037,0.064911206368646668,2168,0.65452029520295207,0.31457564575645758,0.0049700000000000005,0.0058671757380073797,0.35521025175218629,0.058579335793357931
20230103,5062,162,4900,0.8487755102040816,0.1357142857142857,0.021021499999999999,0.023316798979591834,0.23802147899722731,0.043265306122448978,2168,0.82057195571955721,0.15913284132841329,0.016892000000000001,0.020767093634686346,0.25581423143024096,0.049815498154981548
20230104,5064,162,4902,0.57486740106079148,0.38168094655242757,0.002787,0.0043304153406772752,0.43945344460272223,0.091595267237862099,2168,0.55673431734317347,0.39575645756457567,0.0022114999999999999,0.0033282315498154983,0.45161289026210405,0.093634686346863463
20230105,5064,162,4902,0.5981232150142799,0.35210118319053446,0.0032179999999999999,0.006206667686658506,0.27118254867741237,0.050183598531211751,2168,0.61254612546125464,0.33394833948339481,0.0033,0.006395315498154982,0.2569087794123428,0.044280442804428041
20230106,5064,162,4902,0.36882904936760508,0.59526723786209712,-0.0037155000000000001,-0.001823220522235822,0.46447275665209625,0.13749490004079967,2168,0.36439114391143912,0.59916974169741699,-0.0035649999999999996,-0.0013599926199261993,0.44267312213272531,0.12915129151291513
20230109,5061,162,4899,0.59093692590324554,0.35150030618493572,0.0029370000000000004,0.0059968679322310679,0.32317855214733265,0.048173096550316388,2167,0.5828334102445778,0.35809875403784031,0.002676,0.0055314134748500228,0.32572948292226073,0.050761421319796954
20230110,5065,162,4903,0.35345706710177444,0.61962064042423004,-0.0045500000000000002,-0.0011591032021211504,0.44809596219781,0.083826228839486025,2168,0.33994464944649444,0.63238007380073802,-0.0048309999999999994,-0.0013585954797047963,0.49883518344387712,0.079797047970479706
20230111,5066,163,4903,0.20069345298796656,0.77503569243320414,-0.010762000000000001,-0.0087529575769936772,0.62283724075662383,0.22068121558229656,2168,0.19926199261992619,0.77075645756457567,-0.009809,-0.0087262596863468649,0.60735881686077842,0.21771217712177121
20230112,5062,163,4899,0.45233721167585222,0.4994896917738314,0,0.00033973606858542568,0.44688942775894008,0.0785874668299653,2167,0.41855099215505309,0.53484079372404247,-0.0014610000000000001,-0.00028720027688048001,0.45630866773679479,0.067374250115366865
20230113,5063,163,4900,0.58040816326530609,0.38265306122448978,0.0029694999999999999,0.0041069487755102038,0.37217327551023471,0.070816326530612247,2168,0.6342250922509225,0.32979704797047971,0.0040119999999999999,0.0057006637453874539,0.31722931206870558,0.06273062730627306
20230116,5064,163,4901,0.77106712915731479,0.20301979187920832,0.0099010000000000001,0.011345304835747808,0.2542783096080834,0.042848398286064071,2169,0.76625172890733062,0.20608575380359612,0.009587,0.012099129091747348,0.25105284906276681,0.039649608114338403
20230117,5062,163,4899,0.38599714227393345,0.57338232292304547,-0.0030399999999999997,-0.0010336754439681569,0.4801424866855053,0.10859359052867933,2169,0.41217150760719223,0.54264638082065464,-0.001879,0.00033169156293222683,0.48516336812207211,0.088059013370216696
20230118,5064,164,4900,0.60346938775510206,0.34653061224489795,0.0031960000000000001,0.004428971224489796,0.42727150126289837,0.057142857142857141,2170,0.59078341013824887,0.35529953917050694,0.0027190000000000001,0.0041813258064516134,0.43119573790844706,0.050230414746543779
20230119,5065,165,4900,0.67551020408163265,0.28204081632653061,0.0050390000000000001,0.0068841065306122443,0.3342296008865478,0.055102040816326532,2171,0.70520497466605248,0.24965453707968677,0.005594,0.0088269543988945195,0.28485103177034105,0.040534315983417779
20230120,5066,165,4901,0.74678637012854521,0.22974903081003878,0.0071699999999999993,0.0080260375433584986,0.27312835859894452,0.037951438481942462,2172,0.72421731123388577,0.2550644567219153,0.0068129999999999996,0.0070978706261510122,0.25978659736038551,0.046040515653775323
20230130,5066,166,4900,0.75142857142857145,0.22387755102040816,0.0110315,0.013473009795918367,0.31224694020953342,0.055918367346938773,2172,0.67771639042357279,0.29189686924493552,0.0076435000000000001,0.0098335400552486182,0.42412538990534909,0.075966850828729282
20230131,5065,166,4899,0.57440293937538278,0.38905899163094509,0.0028899999999999998,0.0030276009389671363,0.45531221092299773,0.1094100836905491,2173,0.53290381960423383,0.43120110446387483,0.001686,0.0010867814081914405,0.49003283228764893,0.12839392544868844
20230201,5067,166,4901,0.87267904509283822,0.11038563558457458,0.012835000000000001,0.017023413589063455,0.15048447526803502,0.015302999387880024,2173,0.86470317533364016,0.11412793373216751,0.011726,0.015866662218131614,0.16849208186570547,0.014726184997699034
20230202,5071,167,4904,0.46982055464926592,0.49306688417618272,0,0.0031800140701468186,0.50751586021351669,0.074429037520391511,2173,0.48596410492406811,0.47261849976990333,0,0.0042175278416935113,0.49625404376312887,0.06258628624022089
20230203,5068,167,4901,0.37278106508875741,0.5955927361762906,-0.0036540000000000001,0.00010999734748010626,0.57185079448042997,0.079983676800652923,2172,0.34668508287292815,0.62062615101289131,-0.0042369999999999994,-0.00056443416206261522,0.63082278511690215,0.080110497237569064
20230206,5070,168,4902,0.37209302325581395,0.5854753161974704,-0.003509,-0.0017880803753569971,0.59248907322036148,0.12362301101591187,2171,0.36250575771533855,0.59097190234914787,-0.0035310000000000003,-0.002572252418240442,0.66027987188886672,0.12851220635651772
20230207,5072,168,4904,0.66782218597063625,0.2964926590538336,0.0051149999999999998,0.0070878900897226749,0.36399871188048855,0.062805872756933112,2171,0.64900967296176881,0.30861354214647629,0.0042550000000000001,0.0059035430677107327,0.35050361507340677,0.059419622293873792
20230208,5072,168,4904,0.27589722675367045,0.6961663947797716,-0.0068120000000000003,-0.0045935642332789565,0.63182778450053456,0.14274061990212072,2170,0.25161290322580643,0.71889400921658986,-0.0067854999999999999,-0.0053597663594470053,0.67405868132227742,0.12903225806451613
20230209,5076,169,4907,0.83431832076625234,0.13939270429997963,0.0094920000000000004,0.01411027756266558,0.14577117984783897,0.020175259832891788,2170,0.83640552995391704,0.13502304147465438,0.0089899999999999997,0.013728628571428571,0.12602605550708473,0.014285714285714285
20230210,5077,169,4908,0.43643031784841074,0.52057864710676449,-0.0012335,-0.00078487897310513459,0.56539137047288401,0.11226568867155665,2171,0.43390142791340397,0.51220635651773372,-0.00088699999999999998,-0.0010426517733763243,0.57416168214441055,0.117918010133579
20230213,5078,169,4909,0.6840497046241597,0.27194948054593604,0.0056740000000000002,0.010327224485638624,0.26938086018345048,0.028519046649012017,2172,0.67357274401473299,0.27578268876611417,0.0050224999999999992,0.0096182177716390409,0.30363549318639022,0.032688766114180479
20230214,5078,169,4909,0.45060093705438992,0.50417600325931966,-0.00052400000000000005,0.00095931045019352222,0.47231747287333947,0.085353432470971685,2172,0.47651933701657456,0.46685082872928174,0,0.0019072269797421734,0.422600868706282,0.070441988950276244
20230215,5079,169,4910,0.43034623217922607,0.53991853360488795,-0.0020305000000000002,0.0024102226069246434,0.45675720051698254,0.070875763747454176,2173,0.37643810400368155,0.59318913943856422,-0.0033189999999999999,0.00027301518637827863,0.54819416120862652,0.080073630924988495
20230216,5084,170,4914,0.098697598697598699,0.89377289377289382,-0.024437,-0.022303211029711032,0.768530437145579,0.60500610500610497,2175,0.10206896551724139,0.88873563218390805,-0.021551999999999998,-0.02007275908045977,0.7520939250490879,0.54482758620689653
20230217,5086,171,4915,0.37355035605289927,0.58250254323499495,-0.003519,-0.0051561609359104784,0.65456633433885814,0.20000000000000001,2176,0.35845588235294118,0.58915441176470584,-0.0034510000000000001,-0.0051402284007352949,0.64657707545041332,0.18244485294117646
20230220,5089,171,4918,0.7881252541683611,0.19113460756405043,0.010101000000000001,0.01250028954859699,0.18392115327312408,0.038836925579503863,2178,0.80670339761248855,0.17722681359044995,0.010559499999999999,0.01319458448117539,0.14203955437367866,0.033516988062442611
20230221,5090,172,4918,0.58824725498169983,0.36945912972753153,0.0028010000000000001,0.0040521496543310291,0.37225962232297172,0.055713704758031724,2179,0.61266636071592473,0.34924277191372188,0.003235,0.0046855672326755393,0.30466966567683251,0.052317576870123908
20230222,5092,173,4919,0.44907501524700144,0.50518398048383817,-0.00054900000000000001,0.0018776493189672696,0.52426332312611734,0.047773937792234197,2179,0.45020651675080314,0.49701698026617713,0,0.0020896369894446995,0.54112974320605756,0.045433685176686556
20230223,5092,174,4918,0.37047580317202117,0.58621390809272067,-0.0030165000000000001,-0.0019697936152907685,0.54083820453765219,0.10939406262708418,2178,0.39485766758494029,0.55096418732782371,-0.0019689999999999998,-0.00098096326905417809,0.48480767323608753,0.084022038567493115
20230224,5091,174,4917,0.34980679275981291,0.60626398210290833,-0.0034580000000000001,-0.0024715338621110433,0.57922987798760917,0.090705714866788689,2178,0.34664830119375573,0.60835629017447201,-0.0032185,-0.0017748044077134986,0.59727821718904361,0.082644628099173556
20230227,5091,174,4917,0.20988407565588774,0.7685580638600773,-0.010933999999999999,-0.0086339916615822652,0.64180536292576562,0.21395159650193207,2178,0.22727272727272727,0.74426078971533516,-0.0092654999999999994,-0.007347977961432506,0.59829754702236893,0.18778696051423324
20230228,5093,175,4918,0.75965839772265153,0.21777145180967872,0.0084030000000000007,0.0094359678731191551,0.25126170185601704,0.031110207401382674,2177,0.73541570969223702,0.24115755627009647,0.0074750000000000007,0.008232752411575563,0.26972311691850109,0.033991731740927886
20230301,5095,175,4920,0.68617886178861787,0.27134146341463417,0.005202,0.0091045207317073159,0.22538526911859025,0.034756097560975613,2178,0.65335169880624422,0.29476584022038566,0.0042209999999999999,0.0079053792470156099,0.24006602229444057,0.04178145087235996
20230302,5097,175,4922,0.3354327509142625,0.62799674928890692,-0.0049965000000000001,-0.0037911613165379924,0.51638363049849934,0.14607882974400649,2179,0.3510784763653052,0.6089949518127582,-0.0040080000000000003,-0.0034066704910509405,0.50843599692000951,0.14226709499770537
20230303,5098,175,4923,0.44078813731464556,0.51757058704042247,-0.0010280000000000001,0.00010488360755636831,0.44218362820114998,0.08957952468007313,2179,0.49885268471776045,0.45846718678292797,0,0.0017562184488297387,0.35782496456295426,0.080770995869664977
20230306,5099,175,4924,0.45999187652315193,0.50446791226645005,-0.00052599999999999999,0.0016624352152721366,0.48083540614825165,0.095044679122664497,2179,0.49242771913721889,0.47590637907296923,0,0.0031839265718219367,0.48188406076968454,0.083983478659935745
20230307,5100,175,4925,0.08751269035532995,0.90456852791878173,-0.021686999999999998,-0.020052292385786805,0.78724150481933208,0.55573604060913706,2179,0.095915557595227172,0.89490592014685633,-0.019427,-0.018363780174391921,0.7590288085117014,0.4823313446535108
20230308,5101,176,4925,0.70984771573604066,0.25604060913705584,0.0065649999999999997,0.0091529451776649739,0.36488843481599975,0.033705583756345178,2178,0.65013774104683197,0.310376492194674,0.0045715,0.0062993636363636359,0.43104380978955403,0.043617998163452708
20230309,5102,176,4926,0.46528623629719856,0.49898497766950872,0,0.0027908520097442145,0.53518771667542475,0.076735688185140066,2178,0.42516069788797062,0.52984389348025707,-0.0013875000000000001,0.0016655431588613403,0.54966371116911672,0.076216712580348941
20230310,5104,177,4927,0.14613354982748122,0.84168865435356199,-0.014924999999999999,-0.013011711183275826,0.76034613913400639,0.32250862593870511,2179,0.13354749885268472,0.85727397888939882,-0.014995000000000001,-0.013302746672785682,0.79781143364321883,0.32033042680128498
20230313,5109,178,4931,0.46481443926181304,0.50070979517339287,-0.00030499999999999999,0.0023963804502129386,0.33214413962237521,0.098154532549178664,2181,0.48647409445208623,0.47959651535992665,0,0.0032920032095369095,0.2890125082348397,0.090784044016506193
20230314,5111,179,4932,0.19140308191403083,0.79521492295214924,-0.014921500000000001,-0.011577940389294404,0.6316148923383621,0.34103811841038117,2182,0.21769019248395968,0.76810265811182399,-0.013183500000000001,-0.0095398675527039421,0.5706026482953771,0.29193400549954168
20230315,5114,181,4933,0.7036286235556457,0.27549158726941009,0.0089009999999999992,0.0084291372390026351,0.41667801869527837,0.076018649908777616,2183,0.71919377004122764,0.26523133302794322,0.0099710000000000007,0.0093218653229500681,0.37097591920347067,0.070087036188731106
20230316,5114,181,4933,0.13683356983579972,0.85080072977903909,-0.017276,-0.01548855949726333,0.7122531623894347,0.40928441110885871,2183,0.14567109482363719,0.83967017865322946,-0.016420000000000001,-0.014720881355932202,0.69176047947081354,0.38570774163994503
20230317,5115,182,4933,0.63288060004054325,0.3322521792012974,0.0046509999999999998,0.0074882264342185289,0.30693028423520052,0.073180620312183253,2183,0.62207970682546954,0.34310581768208886,0.0038909999999999999,0.0061318163078332572,0.30488117123589287,0.085661933119560232
20230320,5115,182,4933,0.37583620514899657,0.60510845327386986,-0.0054739999999999997,-0.0035253555645651737,0.53391381951562544,0.18568822217717412,2183,0.36280348144754926,0.61566651397159877,-0.0053190000000000008,-0.0034740164910673382,0.57719700643432514,0.16582684379294549
20230321,5118,182,4936,0.81685575364667751,0.16045380875202594,0.0140205,0.015253440842787683,0.26020766392873013,0.034440842787682335,2184,0.76556776556776551,0.20375457875457875,0.0109065,0.013062147893772892,0.3363862991419258,0.034340659340659344
20230322,5117,182,4935,0.6125633232016211,0.34731509625126644,0.0036700000000000001,0.0058958788247213782,0.34189576796136445,0.064842958459979741,2184,0.59478021978021978,0.36492673992673991,0.0031819999999999999,0.0041088351648351654,0.40274939551503575,0.072344322344322351
20230323,5120,183,4937,0.40550941867530887,0.55175207615961108,-0.0023709999999999998,0.00076591796637634198,0.3294104722541385,0.081020862872189583,2185,0.40823798627002289,0.54874141876430205,-0.0023709999999999998,0.0005876205949656751,0.30729763831017787,0.085125858123569792
20230324,5121,183,4938,0.45565006075334141,0.50769542324827865,-0.00068950000000000001,0.00079772660996354811,0.41938642403340959,0.11198865937626569,2185,0.38215102974828374,0.57437070938215107,-0.0027169999999999998,-0.0021727194508009153,0.54926233854223694,0.13592677345537757
20230327,5123,183,4940,0.3923076923076923,0.58380566801619438,-0.0042645000000000001,-6.2114979757084933e-05,0.45981435024185258,0.12712550607287448,2186,0.36001829826166515,0.61253430924062213,-0.0053804999999999999,-0.0013195590118938705,0.53844271626643192,0.14226898444647759
20230328,5124,183,4941,0.27605747824327059,0.69965594009309862,-0.0089289999999999994,-0.0082290730621331718,0.62514097070594654,0.25925925925925924,2186,0.29322964318389755,0.67932296431838979,-0.0071915,-0.0070342140896614818,0.58981893123398799,0.21363220494053065
20230329,5127,183,4944,0.30805016181229772,0.66788025889967639,-0.0070229999999999997,-0.0040282680016181229,0.51460864774146142,0.14805825242718446,2188,0.30393053016453381,0.67321755027422303,-0.0070359999999999997,-0.0034379021937842777,0.5018378535413508,0.12979890310786105
20230330,5127,184,4943,0.3847865668622294,0.58749747117135342,-0.0041840000000000002,-0.0033911043900465309,0.47173125738037158,0.17398341088407848,2187,0.43895747599451301,0.52857796067672613,-0.001812,-0.00089691495198902609,0.38110263337478351,0.13260173754000915
20230331,5127,184,4943,0.69532672466113699,0.269471980578596,0.0064790000000000004,0.0093796485939712741,0.29887862453046343,0.044911996763099329,2187,0.65112025605852764,0.30727023319615915,0.0048089999999999999,0.0077256899862825799,0.32082557951144475,0.046181984453589391
20230403,5129,185,4944,0.66464401294498376,0.30319579288025889,0.0065664999999999994,0.010120287823624596,0.21946959160711665,0.066545307443365689,2188,0.64213893967093238,0.32221206581352835,0.005666,0.0092660182815356498,0.24737954749829125,0.079981718464351009
20230404,5134,185,4949,0.27055970903212773,0.70842594463527986,-0.011758999999999999,-0.0079950691048696707,0.50864650834845171,0.31076985249545364,2190,0.31141552511415527,0.66164383561643836,-0.0091789999999999997,-0.0049133456621004564,0.43921603457659608,0.26118721461187216
20230406,5134,186,4948,0.40198059822150362,0.57457558609539205,-0.0041580000000000002,-0.00032754324979789826,0.45452402011038162,0.1608730800323363,2190,0.41872146118721459,0.56210045662100461,-0.0034809999999999997,0.0012487926940639269,0.43308399632110561,0.12602739726027398
20230407,5133,186,4947,0.67818880129371339,0.28805336567616735,0.0061409999999999998,0.010128619163129168,0.34793411089889498,0.050737820901556499,2190,0.66027397260273968,0.29497716894977166,0.0053509999999999999,0.0097734287671232874,0.35133500752190006,0.047945205479452052
20230410,5143,186,4957,0.25075650595118015,0.73249949566269923,-0.012862999999999999,-0.010168838410328828,0.6517003006337162,0.34436150897720397,2195,0.27061503416856492,0.70933940774487469,-0.010076,-0.0076073612756264236,0.60206384759825571,0.28519362186788155
20230411,5144,186,4958,0.46329164985881405,0.50161355385235984,-0.00049350000000000002,0.0013539592577652281,0.4267897283774143,0.099031867688584102,2196,0.45992714025500908,0.50227686703096541,-0.00056150000000000004,0.00066768533697632055,0.4783923476847684,0.1111111111111111
20230412,5143,186,4957,0.62557998789590474,0.34395803913657452,0.0051549999999999999,0.0084739293927778899,0.3200133781673678,0.072624571313294334,2196,0.58788706739526408,0.3797814207650273,0.0037239999999999999,0.006707072859744991,0.3448336541962676,0.087887067395264112
20230413,5145,187,4958,0.3688987494957644,0.59903186768858407,-0.0051809999999999998,-0.0045545770471964505,0.62989667466421351,0.22166196046793063,2196,0.40118397085610202,0.56147540983606559,-0.0033909999999999999,-0.0035074175774134782,0.58355587866817527,0.19444444444444445
20230414,5143,187,4956,0.5359160613397902,0.4241323648103309,0.0016925,0.0043673297013720747,0.38433371805026995,0.08736884584342211,2196,0.56238615664845171,0.39162112932604737,0.0021589999999999999,0.0059949398907103825,0.3302605010989122,0.079690346083788707
20230417,5145,187,4958,0.54094392900363053,0.42658329971762809,0.0020030000000000004,0.00052337858007260986,0.42171805634638243,0.16922146026623638,2195,0.60774487471526195,0.36127562642369021,0.0040000000000000001,0.0037347708428246014,0.30855366584887245,0.1348519362186788
20230418,5152,188,4964,0.29089443996776793,0.68372280419016918,-0.0071579999999999994,-0.0054647749798549554,0.49023356615869562,0.17929089443996776,2200,0.32045454545454544,0.64954545454545454,-0.0054859999999999996,-0.0048027604545454539,0.49266413487359789,0.1690909090909091
20230419,5152,189,4963,0.31069917388676205,0.66089059036872855,-0.006868,-0.0037381748942172076,0.54470945084887101,0.15817046141446706,2200,0.27772727272727271,0.69409090909090909,-0.0073295000000000001,-0.0044485777272727269,0.5770011335552151,0.16136363636363638
20230420,5155,189,4966,0.31594844945630285,0.6637132501006846,-0.0087045000000000004,-0.0047781377366089405,0.42058518340702078,0.22996375352396295,2202,0.31380563124432337,0.66621253405994552,-0.0081814999999999995,-0.0044178564940962756,0.43428987541912728,0.20799273387829245
20230421,5154,189,4965,0.11218529707955689,0.88036253776435047,-0.023965,-0.026964941389728103,0.81280693915347813,0.58831822759315211,2202,0.11444141689373297,0.88101725703905542,-0.021408,-0.024696140781108083,0.8298072041638922,0.53542234332425065
20230424,5155,190,4965,0.39536757301107756,0.57260825780463243,-0.00445,-0.0050679417925478349,0.54689866039832291,0.23182275931520643,2201,0.33530213539300319,0.62925942753293962,-0.0072330000000000007,-0.0076565897319400269,0.59949929894984788,0.25851885506587913
20230425,5156,191,4965,0.16676737160120847,0.81993957703927489,-0.022014999999999996,-0.021474204632426989,0.64307930517970158,0.54360523665659621,2201,0.18718764198091775,0.79418446160835987,-0.018568000000000001,-0.018160128123580192,0.61767757254762623,0.47387551113130394
20230426,5148,191,4957,0.68105709098244904,0.3028041153923744,0.010433,0.0087253203550534588,0.47983308456063789,0.15109945531571514,2197,0.65953573054164771,0.31952662721893493,0.0094120000000000002,0.0077566304050978602,0.5076984077996155,0.14929449248975876
20230427,5144,191,4953,0.51524328689683019,0.44922269331718151,0.001206,0.00057714274177266336,0.50551806429612123,0.15081768625075712,2197,0.57532999544833863,0.38416021847974513,0.0037169999999999998,0.0044996413290851163,0.43175946730864723,0.10923987255348203
20230428,5131,191,4940,0.78319838056680158,0.20364372469635628,0.018009000000000001,0.019059758704453443,0.24315233369556921,0.079149797570850208,2191,0.75171154723870381,0.23322683706070288,0.015283,0.015484171154723872,0.24785416033675556,0.091738931994523043
20230504,5095,191,4904,0.59033442088091359,0.39049755301794453,0.0051974999999999999,0.0049866761827079943,0.40168572439974704,0.16802610114192496,2183,0.56756756756756754,0.41456710948236369,0.0045700000000000003,0.0034659161704076952,0.37725224271824964,0.20293174530462665
20230505,5135,191,4944,0.28074433656957931,0.69478155339805825,-0.0098824999999999989,-0.0082872906553398042,0.57703055157333949,0.2688106796116505,2193,0.30779753761969902,0.66849065207478342,-0.0086210000000000002,-0.0078740547195622432,0.54014061076423647,0.26219790241678065
20230508,5136,191,4945,0.57168857431749243,0.38786653185035391,0.0032360000000000002,0.0051403749241658242,0.31946915625823202,0.10232558139534884,2193,0.57683538531691747,0.38258093935248516,0.0034069999999999999,0.0055099544003647969,0.27269893614968249,0.11171910624715002
20230509,5134,192,4942,0.16491299069202753,0.81707810602994735,-0.015910000000000001,-0.015442141845406718,0.62585707132600032,0.3943747470659652,2190,0.18767123287671234,0.78995433789954339,-0.0142115,-0.013853212328767125,0.60087911733660726,0.36073059360730592
20230510,5136,192,4944,0.58838996763754048,0.37722491909385114,0.0034199999999999999,0.0045335910194174754,0.52732809045923035,0.10538025889967638,2193,0.52758777929776557,0.43730050159598721,0.0017360000000000001,0.0022221217510259919,0.63321543453538465,0.12767897856817145
20230511,5139,192,4947,0.61976955730745908,0.35051546391752575,0.0045149999999999999,0.0055664509803921569,0.491383700850336,0.084495653931675768,2195,0.59498861047835994,0.37357630979498863,0.0035149999999999999,0.0046120063781321186,0.52639194804709133,0.082915717539863321
20230512,5142,193,4949,0.22691452818751262,0.74863608809860582,-0.010195000000000001,-0.0095443216811477057,0.71229079143640894,0.24025055566781167,2195,0.23416856492027335,0.73394077448747153,-0.0090399999999999994,-0.0093245626423690206,0.72608655379959575,0.23280182232346242
20230515,5143,194,4949,0.68963426954940388,0.2760153566377046,0.007528,0.0086457169125075777,0.30168578996318679,0.072944029096787225,2195,0.70432801822323465,0.26195899772209569,0.0077759999999999999,0.0088516892938496593,0.28756885182488495,0.062414578587699318
20230516,5148,194,4954,0.28603148970528863,0.69257165926524022,-0.007817000000000001,-0.0069638833266047629,0.62207119467408811,0.20629794105773114,2198,0.27434030937215653,0.70655141037306646,-0.0074035000000000004,-0.0067666765241128305,0.63590136483663284,0.18471337579617833
20230517,5151,194,4957,0.70183578777486388,0.27032479322170666,0.0076920000000000001,0.010023944724631834,0.37861182943209382,0.047407706273956018,2200,0.64954545454545454,0.31681818181818183,0.0054004999999999999,0.007385101363636363,0.44012272660954505,0.051818181818181819
20230518,5154,195,4959,0.49364791288566245,0.46380318612623511,0,0.0048626555757209115,0.37998256368606981,0.076023391812865493,2201,0.46933212176283506,0.48705134029986369,0,0.0031203571104043617,0.40373571986220486,0.072239890958655156
20230519,5157,195,4962,0.48589278516727125,0.48548972188633616,0,0.0019421813784764206,0.5245473697130707,0.11043933897621927,2203,0.47662278710848843,0.49750340444847935,0,0.0024287153881071256,0.54072003266462931,0.10031774852473899
20230522,5158,195,4963,0.56981664315937941,0.39572839008664112,0.0028739999999999998,0.0043787165021156559,0.46793969146025666,0.088253072738263147,2204,0.56896551724137934,0.39019963702359345,0.0029190000000000002,0.0047146252268602537,0.44223998993634761,0.076678765880217784
20230523,5160,195,4965,0.22940584088620342,0.75025176233635449,-0.0096499999999999989,-0.0085497778449144003,0.72219147563485209,0.21570996978851964,2204,0.2132486388384755,0.76451905626134298,-0.0099134999999999987,-0.0089604832123411984,0.7748052035048717,0.2132486388384755
20230524,5162,195,4967,0.39520837527682706,0.56734447352526673,-0.002882,-0.00034067062613247438,0.53819590070641588,0.11938796053956111,2206,0.3467815049864007,0.62783318223028106,-0.0046565,-0.0024356291931097005,0.63542981194267623,0.13871260199456029
20230525,5163,196,4967,0.40910006039863095,0.55143950070465064,-0.0023310000000000002,-0.00024883772901147577,0.49008914579477625,0.10851620696597544,2205,0.418140589569161,0.53877551020408165,-0.0017780000000000001,-0.00045141678004535134,0.46592576891157073,0.085714285714285715
20230526,5163,197,4966,0.56906967378171569,0.39488521949254934,0.0029480000000000001,0.0044996474023358841,0.3644206929633319,0.09947643979057591,2205,0.56145124716553285,0.40181405895691608,0.0024940000000000001,0.0042980897959183674,0.36885491715327356,0.08662131519274377
20230529,5159,197,4962,0.3270858524788392,0.65114873035066501,-0.0068754999999999997,-0.004138328093510682,0.50807797609657834,0.18762595727529222,2203,0.34498411257376305,0.62914207898320473,-0.0056289999999999995,-0.0035246291420789827,0.49747690081364981,0.16795279164775306
20230530,5161,197,4964,0.56285253827558424,0.3998791297340854,0.0025079999999999998,0.0042216160354552786,0.33601600334745646,0.073529411764705885,2204,0.5303992740471869,0.43194192377495461,0.0013090000000000001,0.002862526769509982,0.38896841974220131,0.069419237749546281
20230531,5164,198,4966,0.36548530004027385,0.6043093032621828,-0.0046099999999999995,-0.0019484844945630289,0.50862426172200836,0.1343133306484092,2206,0.35448776065276516,0.61287398005439708,-0.0042450000000000005,-0.0026116953762466001,0.5688776773186881,0.13191296464188576
20230601,5166,199,4967,0.51701228105496277,0.44594322528689351,0.0010399999999999999,0.0033053118582645463,0.38892624984982749,0.095832494463458831,2208,0.48686594202898553,0.47599637681159418,0,0.0022648374094202898,0.42753283651065066,0.11141304347826086
20230602,5168,199,4969,0.65888508754276509,0.31112899979875225,0.0066930000000000002,0.0082536357415979068,0.3628099747717437,0.078889112497484398,2208,0.66123188405797106,0.30887681159420288,0.0062890000000000003,0.007743501358695652,0.36099350111220563,0.07880434782608696
20230605,5168,199,4969,0.52505534312738977,0.4348963574159791,0.0014790000000000001,0.0038848436305091564,0.41619350844721803,0.090762728919299651,2208,0.50271739130434778,0.45652173913043476,0.00054500000000000002,0.0030505276268115939,0.44535118407139396,0.1082427536231884
20230606,5169,199,4970,0.11267605633802817,0.87847082494969819,-0.022036500000000001,-0.01961694024144869,0.73627586786613453,0.55694164989939643,2209,0.11272068809416025,0.87686736079674066,-0.020354999999999998,-0.018848167496604801,0.71667293134357135,0.5101856043458578
20230607,5169,199,4970,0.54285714285714282,0.42474849094567402,0.0021895,0.0047643987927565388,0.40025546039170778,0.081488933601609664,2209,0.54051607062019014,0.42779538252602989,0.0022260000000000001,0.0045144680851063835,0.42957094250164524,0.077410593028519686
20230608,5171,200,4971,0.34821967410983706,0.62220881110440551,-0.0058199999999999997,-0.0052552160531080267,0.53875144636614547,0.18929792798229733,2211,0.38082315694255992,0.59113523292627768,-0.004444,-0.0055182930800542753,0.48952226664649667,0.19086386250565354
20230609,5175,200,4975,0.5392964824120603,0.42592964824120605,0.0019139999999999999,0.005730095477386934,0.31134007434440558,0.080804020100502513,2213,0.53682783551739721,0.43289652056032535,0.0015210000000000002,0.0059337302304563935,0.31647761464362634,0.070492544057840043
20230612,5177,200,4977,0.58569419328912997,0.38416716897729558,0.0048920000000000005,0.0068887602973678914,0.42795656767830237,0.097649186256781192,2213,0.53863533664708541,0.43380027112516945,0.0021279999999999997,0.0051611771351107085,0.48141514623585485,0.11025756891098057
20230613,5177,200,4977,0.51959011452682335,0.4354028531243721,0.001111,0.0041825059272654211,0.33654820056565532,0.06268836648583484,2213,0.50971531857207408,0.44871215544509713,0.00076399999999999992,0.00430652417532761,0.36151083090260433,0.061455038409399004
20230614,5175,200,4975,0.42532663316582914,0.53628140703517591,-0.0018890000000000001,0.0010372309547738692,0.42006891538025254,0.097487437185929643,2212,0.43716094032549729,0.52938517179023503,-0.0015785,0.0016851627486437614,0.4369239296514667,0.085443037974683542
20230615,5178,200,4978,0.53033346725592612,0.43330654881478503,0.001774,0.003743329047810366,0.38093067153879689,0.11450381679389313,2212,0.54656419529837252,0.41320072332730562,0.0022915000000000001,0.0039300949367088618,0.34074032832153717,0.10714285714285714
20230616,5176,200,4976,0.59827170418006426,0.35530546623794212,0.0033479999999999998,0.0071780472266881022,0.24041075216354449,0.048030546623794211,2211,0.56173677069199457,0.39258254183627317,0.002281,0.006030762550881954,0.26989622786037021,0.057440072365445502
20230619,5182,200,4982,0.39000401445202731,0.58972300281011647,-0.0049540000000000001,0.00045608590927338419,0.40227722711525643,0.13247691690084304,2211,0.37675260063319765,0.60651289009497966,-0.0052190000000000005,0.00084516372682044314,0.46531460198064228,0.13342379014020805
20230620,5184,200,4984,0.295545746388443,0.6853932584269663,-0.0076400000000000001,-0.0043313864365971113,0.48331630280996624,0.16613162118780098,2210,0.28823529411764703,0.68914027149321266,-0.0070860000000000003,-0.0035451615384615386,0.57807809310616043,0.15610859728506787
20230621,5189,201,4988,0.16379310344827586,0.8179631114675221,-0.013972499999999999,-0.014956954089815558,0.80158356843731771,0.35064153969526862,2209,0.16794929832503394,0.81258488003621543,-0.01315,-0.014274153010411952,0.78107637547454689,0.32684472612041648
20230626,5189,201,4988,0.17822774659182036,0.81034482758620685,-0.016231499999999999,-0.017288890336808339,0.75082838519354489,0.40116279069767441,2210,0.19773755656108596,0.78823529411764703,-0.014961,-0.015395229411764706,0.72331272877926645,0.36470588235294116
20230627,5192,202,4990,0.84428857715430861,0.1466933867735471,0.017481,0.019127495791583165,0.28135585907441879,0.036072144288577156,2213,0.82467239042024398,0.16538635336647087,0.015823,0.017455837324898329,0.26723057889096086,0.04202440126525079
20230628,5198,202,4996,0.42093674939951964,0.54123298638911133,-0.0020924999999999997,-0.002627789631705364,0.56467552906143126,0.1565252201761409,2214,0.4706413730803975,0.49141824751580848,0,-0.00048802619692863574,0.51392406065655616,0.11878952122854562
20230629,5200,203,4997,0.63838302981789075,0.32679607764658797,0.006515,0.0094882727636581947,0.39164002811281184,0.066039623774264561,2215,0.58510158013544022,0.37697516930022573,0.0037090000000000001,0.0072611268623024834,0.45227465788083698,0.073137697516930028
20230630,5205,204,5001,0.76464707058588277,0.20955808838232354,0.0099450000000000007,0.012066872425514897,0.27027924932046038,0.042191561687662464,2216,0.75722021660649819,0.22021660649819494,0.0095189999999999997,0.011493004512635381,0.26950319156755576,0.039259927797833938
20230703,5206,205,5001,0.61387722455508897,0.35732853429314138,0.0043099999999999996,0.0042834273145370937,0.38341323311676107,0.10437912417516497,2215,0.66185101580135441,0.31106094808126411,0.0061250000000000002,0.0057411218961625279,0.32111878123010085,0.092099322799097064
20230704,5207,205,5002,0.57756897241103555,0.37504998000799677,0.002637,0.0067468804478208709,0.36065951294642429,0.046581367453018795,2215,0.5557562076749436,0.40135440180586907,0.0020210000000000002,0.0060812275395033862,0.39856790752762156,0.048758465011286681
20230705,5208,205,5003,0.25804517289626222,0.70137917249650206,-0.0068789999999999997,-0.0059894683190085951,0.65581824799362565,0.17529482310613631,2217,0.26883175462336489,0.68470906630581863,-0.0063029999999999996,-0.0062909873703202524,0.64110593021016604,0.17591339648173207
20230706,5206,205,5001,0.39632073585282945,0.55428914217156566,-0.0019880000000000002,-0.00075492561487702466,0.47993137309957745,0.080583883223355329,2217,0.36039693279206136,0.58908434821831301,-0.002581,-0.0017038646820027063,0.56015727436049723,0.071718538565629222
20230707,5209,205,5004,0.34572342126298961,0.61231015187849724,-0.0043689999999999996,-0.0050422585931254992,0.64150915505570771,0.17326139088729017,2217,0.38881371222372574,0.56021650879566987,-0.0024849999999999998,-0.0039574357239512848,0.59772021510154516,0.14433919711321605
20230710,5210,206,5004,0.49020783373301358,0.46282973621103118,0,0.0011597352118305354,0.45050396561001022,0.098721023181454842,2217,0.49977447000451058,0.44970681100586379,0,0.0013281853856562924,0.42698116946651354,0.092918358141632837
20230711,5209,206,5003,0.70137917249650206,0.25844493304017591,0.0060000000000000001,0.0084177367579452329,0.29655495286197764,0.042774335398760743,2216,0.68772563176895307,0.2694043321299639,0.0053629999999999997,0.008251039259927798,0.32213215656708949,0.039711191335740074
20230712,5212,207,5005,0.17482517482517482,0.80899100899100895,-0.011944999999999999,-0.011138017582417581,0.68021372289613391,0.28511488511488514,2218,0.16501352569882777,0.81514878268710556,-0.011453999999999999,-0.011188276375112716,0.67352761667031547,0.27141568981064024
20230713,5211,207,5004,0.75459632294164669,0.21642685851318944,0.0080914999999999997,0.010129440847322143,0.22851519690831337,0.052557953637090329,2218,0.75202885482416593,0.21596032461677186,0.0077520000000000002,0.009507541929666366,0.20263376755271145,0.050495942290351668
20230714,5212,207,5005,0.40539460539460537,0.5528471528471528,-0.002225,0.00022419260739260749,0.44273045857577181,0.11508491508491508,2217,0.37663509246729815,0.5773567884528642,-0.0026979999999999999,-0.0015923270184934597,0.44807942729575867,0.11953089760938204
20230717,5215,207,5008,0.40295527156549521,0.55591054313099042,-0.0028029999999999999,-0.0023335075878594246,0.53387101048337582,0.14337060702875398,2218,0.39990982867448149,0.55996393146979262,-0.0025209999999999998,-0.0028481947700631197,0.53656177573915942,0.14156898106402163
20230718,5215,207,5008,0.49760383386581469,0.46285942492012777,0,0.00018129932108626185,0.5521314005607626,0.11681309904153354,2219,0.52185669220369535,0.43082469580892296,0.0011379999999999999,0.0012479139251915278,0.53340851813670298,0.099143758449752137
20230719,5220,208,5012,0.42378292098962489,0.5357142857142857,-0.0016554999999999999,-0.0012361217079010379,0.52858782860070552,0.10514764565043895,2221,0.43628995947771276,0.52003601981089598,-0.0012019999999999999,-0.0017196884286357498,0.5045662812290308,0.098153984691580376
20230720,5223,209,5014,0.19325887514958118,0.78061428001595534,-0.010596999999999999,-0.010579860789788592,0.70226606353436327,0.26007179896290389,2222,0.18676867686768678,0.78487848784878489,-0.010062999999999999,-0.011069484248424842,0.71034088241910254,0.24482448244824481
20230721,5223,209,5014,0.41503789389708817,0.54128440366972475,-0.002104,-0.0031606232548863178,0.55612362355622991,0.14260071798962903,2222,0.44149414941494147,0.50450045004500454,-0.000531,-0.0016721647164716473,0.53283152215759388,0.10711071107110712
20230724,5224,209,5015,0.47657028913260219,0.48474576271186443,0,-0.00033907836490528425,0.50714068393698464,0.10588235294117647,2223,0.47143499775078723,0.48627980206927574,0,-5.5784525416104382e-05,0.5030869379053089,0.09041835357624832
20230725,5227,209,5018,0.84635312873654844,0.13909924272618573,0.013866,0.016569474691111995,0.15237505517722413,0.031287365484256674,2224,0.83992805755395683,0.14478417266187049,0.0135195,0.016091555755395684,0.14101680669160166,0.03012589928057554
20230726,5231,210,5021,0.40828520215096592,0.56542521410077673,-0.0034599999999999995,-0.003737653853813981,0.55089957159739145,0.20533758215494921,2225,0.44629213483146069,0.52629213483146065,-0.001727,-0.00210216404494382,0.46993255934221639,0.15505617977528091
20230727,5231,210,5021,0.25094602668791077,0.71121290579565821,-0.0072899999999999996,-0.0065040472017526387,0.60698652327113944,0.16650069707229637,2225,0.25573033707865167,0.70202247191011236,-0.0067250000000000001,-0.0067714202247191012,0.59056648122115707,0.15955056179775282
20230728,5233,210,5023,0.69918375472825001,0.27433804499303205,0.006483,0.00739601513040016,0.24732473808751643,0.062512442763288878,2226,0.73719676549865232,0.23989218328840969,0.0076030000000000004,0.0087870822102425871,0.18470430655760961,0.056603773584905662
20230731,5233,210,5023,0.69878558630300613,0.28031057137169024,0.0069470000000000001,0.0082753716902249641,0.29390905891070696,0.066295042803105719,2226,0.68104222821203952,0.29784366576819404,0.0062369999999999995,0.0070868355795148255,0.29846716315873456,0.073674752920035932
20230801,5234,210,5024,0.37320859872611467,0.58877388535031849,-0.0034464999999999999,-0.0023998216560509556,0.53708618341840875,0.12360668789808917,2226,0.40386343216531895,0.55166217430368369,-0.0020210000000000002,-0.00037823225516621741,0.49815167854020476,0.10197663971248877
20230802,5233,209,5024,0.40087579617834396,0.55632961783439494,-0.0022205000000000003,-0.0012475224920382169,0.51780675294473932,0.088176751592356689,2226,0.37646001796945194,0.58400718778077265,-0.0027260000000000001,-0.0018823661275831085,0.54300670811368046,0.089847259658580411
20230803,5236,209,5027,0.39944300775810621,0.5613686095086533,-0.0022550000000000001,-0.00066625502287646703,0.37808632560985173,0.094489755321265162,2227,0.4315222272114953,0.5217781769196228,-0.0011379999999999999,0.00015677413560844189,0.31392166808237448,0.080377189043556355
20230804,5237,209,5028,0.43635640413683374,0.52883850437549718,-0.0017079999999999999,0.0009359994033412885,0.3425531978378179,0.092879872712808273,2227,0.38931297709923662,0.56937584193982937,-0.0027700000000000003,-0.00064590749887741381,0.362503919369702,0.096093399191737761
20230807,5238,209,5029,0.28673692583018495,0.68502684430304239,-0.0068969999999999995,-0.0057332069994034595,0.56361631012379088,0.16544044541658381,2228,0.24281867145421904,0.73025134649910228,-0.0084615000000000003,-0.0080900008976660682,0.61751440287091097,0.19030520646319568
20230808,5240,210,5030,0.38866799204771374,0.57236580516898605,-0.0028180000000000002,-0.0015759499005964215,0.59719846978602398,0.093240556660039761,2229,0.36653207716464781,0.58950201884253028,-0.0030299999999999997,-0.002935162853297443,0.60682470033136571,0.094661283086585918
20230809,5244,211,5033,0.22849195310947745,0.74587721041128552,-0.008685,-0.0030714245976554734,0.64057857984460087,0.17464732763759189,2230,0.21883408071748878,0.75067264573991033,-0.0075880000000000001,-0.006573447085201794,0.65610997901609913,0.14708520179372198
20230810,5247,212,5035,0.58788480635551144,0.36782522343594837,0.0026059999999999998,0.0037703894736842102,0.39589339960014736,0.051241310824230391,2231,0.61452263558942177,0.34155087404751233,0.0031150000000000001,0.004241,0.32726712145784675,0.038995965934558494
20230811,5248,212,5036,0.1062351072279587,0.88641779189833203,-0.017497499999999999,-0.015770211675933284,0.81888312931462515,0.40687053216838759,2231,0.09054235768713581,0.9036306588973555,-0.017113,-0.016574406544150606,0.88018981535449514,0.38951142985208426
20230814,5247,212,5035,0.57596822244289969,0.38788480635551142,0.0030599999999999998,0.0038696393247269114,0.45914380914102004,0.07428003972194637,2231,0.53160017929179737,0.43209323173464814,0.0014599999999999999,0.0017177960555804573,0.5101855061867967,0.084715374271627078
20230815,5249,212,5037,0.28310502283105021,0.68592416120706767,-0.0071740000000000007,-0.0051338618225134011,0.59420532386911051,0.16775858646019456,2232,0.30017921146953402,0.66353046594982079,-0.0061710000000000003,-0.0060118001792114698,0.53747107713188702,0.15994623655913978
20230816,5252,213,5039,0.20837467751538002,0.76364358007541178,-0.0098809999999999992,-0.009276984520738241,0.6489944934494003,0.23655487199841238,2233,0.20107478728168382,0.76533811016569642,-0.0090399999999999994,-0.0091428813255709802,0.60740826001803183,0.206448723690103
20230817,5254,214,5040,0.77261904761904765,0.2009920634920635,0.010949500000000001,0.013243987896825396,0.31049063767064866,0.034126984126984124,2234,0.76589077887197854,0.20188003581020592,0.0099214999999999998,0.012696811548791405,0.318635791939402,0.021933751119068933
20230818,5257,215,5042,0.20368901229670766,0.77965093216977388,-0.013802499999999999,-0.012213947044823483,0.73630522505333384,0.3389527965093217,2234,0.22694717994628469,0.75290957923008062,-0.011576999999999999,-0.0098217775290957918,0.70547423224090178,0.27573858549686658
20230821,5257,215,5042,0.26596588655295517,0.70230067433558108,-0.0070320000000000001,-0.006384461919873065,0.66135980227363711,0.17334391114637049,2234,0.23813786929274844,0.73142345568487022,-0.0081094999999999987,-0.0083975716204118152,0.73646778986545114,0.19203222918531782
20230822,5258,215,5043,0.4963315486813405,0.47114812611540752,0,0.0020733148919294072,0.3351850987117258,0.12254610350981558,2234,0.50447627573858544,0.46016114592658908,0.00043849999999999998,0.0020071589077887198,0.32743245611030403,0.096239928379588183
20230823,5262,216,5046,0.11632976615140705,0.86979785969084422,-0.017825000000000001,-0.016994041815299246,0.7655931775100554,0.43915973047958778,2236,0.11001788908765653,0.8734347048300537,-0.017609,-0.017148759391771018,0.76821610214630709,0.42576028622540252
20230824,5262,216,5046,0.43896155370590567,0.52695204122076889,-0.0016679999999999998,-0.00084290368608799034,0.43299531089025634,0.13198573127229488,2236,0.46466905187835422,0.50402504472271914,-0.00055699999999999999,0.00027218738819320204,0.42445048413038028,0.10688729874776387
20230825,5263,216,5047,0.17020011888250447,0.80741034277788781,-0.017677000000000002,-0.019002808599167823,0.71600173411746093,0.45234792946304736,2237,0.19445686186857397,0.77872150201162271,-0.015325999999999999,-0.016701789003129189,0.65504567359959864,0.40590075994635672
20230828,5264,216,5048,0.687797147385103,0.2900158478605388,0.0089979999999999991,0.0091642327654516634,0.25526355458551492,0.094690966719492869,2236,0.68783542039355994,0.28980322003577819,0.008933,0.0089667227191413245,0.21110967061078426,0.092128801431127019
20230829,5263,216,5047,0.90370517138894391,0.085991678224687937,0.033058000000000004,0.03601213711115514,0.17150539190748371,0.017436100653853776,2235,0.88053691275167789,0.10559284116331097,0.030114999999999999,0.034041572259507824,0.24108261865483677,0.015659955257270694
20230830,5265,216,5049,0.60764507823331348,0.37116260645672411,0.0058279999999999998,0.007638925529807882,0.37856478475716171,0.10635769459298872,2235,0.59060402684563762,0.39105145413870246,0.0049569999999999996,0.0081092648769574976,0.42459619191321191,0.10604026845637583
20230831,5265,216,5049,0.3343236284412755,0.63616557734204793,-0.0058379999999999994,-0.0048339366211130911,0.58639309518686566,0.1556743909685086,2235,0.32572706935123041,0.64205816554809847,-0.0059109999999999996,-0.0047746724832214765,0.58060881214822568,0.15615212527964206
20230901,5266,217,5049,0.50128738364032477,0.46642899584076053,0.00028800000000000001,0.00088222677757971856,0.45076258970939115,0.11447811447811448,2236,0.51699463327370299,0.45035778175313057,0.001108,0.00106423747763864,0.41730565807567344,0.12164579606440072
20230904,5265,217,5048,0.78783676703645011,0.19611727416798733,0.012137,0.013362768621236131,0.20275437558976986,0.039619651347068144,2237,0.74921770227983908,0.23334823424228879,0.010839000000000001,0.011710978095663837,0.21386185592030671,0.050961108627626282
20230905,5268,217,5051,0.31102751930310829,0.65868144921797667,-0.005006,-0.0042658325084141751,0.62289821382188182,0.13522074836666007,2237,0.28341528833258828,0.68663388466696473,-0.0056420000000000003,-0.0055464349575324104,0.64449462456838047,0.13634331694233348
20230906,5269,217,5052,0.54334916864608074,0.42042755344418054,0.0020080000000000002,0.0053726512272367381,0.41448883644075185,0.0613618368962787,2237,0.53911488600804647,0.42378185069289226,0.0017639999999999999,0.0049758828788556099,0.41241761486874934,0.053196244970943225
20230907,5270,218,5052,0.090459224069675381,0.89825811559778301,-0.017142999999999999,-0.016891555621536027,0.77798477055481918,0.39707046714172606,2237,0.086723290120697363,0.89897183728207419,-0.016212999999999998,-0.017042588734912833,0.79217414626395355,0.37326776933392936
20230908,5271,218,5053,0.52226400158321784,0.42548980803483077,0.001176,0.0030860441321986939,0.43591338308531902,0.071640609538887789,2238,0.5210008936550492,0.42001787310098304,0.0011454999999999998,0.003573533512064343,0.43516011066391908,0.060321715817694369
20230911,5272,218,5054,0.72022160664819945,0.25049465769687379,0.0083020000000000004,0.0091892125049465763,0.28387272357923338,0.061535417491096159,2238,0.75201072386058976,0.21983914209115282,0.0091835000000000007,0.010217685880250222,0.24148406362108371,0.055853440571939229
20230912,5273,218,5055,0.39149357072205737,0.55548961424332344,-0.0018879999999999999,-0.00090929000989119679,0.49441302573853863,0.070425321463897128,2239,0.37427422956677087,0.56945064761054043,-0.0020230000000000001,-0.0013683765073693613,0.54567843258838389,0.064314426083072807
20230913,5273,218,5055,0.16340257171117706,0.80692383778437193,-0.011538,-0.010814362017804155,0.69211964786973068,0.24352126607319485,2239,0.17463153193389908,0.78383206788744975,-0.0093279999999999995,-0.0095911594461813316,0.64455513452406588,0.20544886109870478
20230914,5274,218,5056,0.232001582278481,0.73931962025316456,-0.0085240000000000003,-0.0078699471914556954,0.59705660140415473,0.17325949367088608,2240,0.25491071428571427,0.71071428571428574,-0.0075139999999999998,-0.0069435647321428578,0.54479329160306433,0.16517857142857142
20230915,5275,219,5056,0.50870253164556967,0.44679588607594939,0.00069550000000000005,0.0017791251977848101,0.50906655421977343,0.081289556962025319,2239,0.56275122822688706,0.3974988834301027,0.002392,0.0037330317105850825,0.44453283918225844,0.06163465832961143
20230918,5276,220,5056,0.65407436708860756,0.31111550632911394,0.0059855000000000004,0.006900747033227848,0.37572446910053031,0.064675632911392403,2240,0.6116071428571429,0.35044642857142855,0.0046705000000000002,0.0055355808035714282,0.39254383910622948,0.073214285714285718
20230919,5276,220,5056,0.20530063291139242,0.76265822784810122,-0.0108255,-0.0098603314873417728,0.64698035963899003,0.24347310126582278,2240,0.24196428571428572,0.71964285714285714,-0.0082880000000000002,-0.0076194303571428569,0.57037593671496478,0.18080357142857142
20230920,5278,220,5058,0.21035982601818901,0.75464610517991304,-0.0069359999999999995,-0.0069955454725187816,0.64915563613828964,0.12356662712534598,2241,0.20481927710843373,0.76126729138777327,-0.0069830000000000005,-0.0077491128960285585,0.67694343561049397,0.13342257920571174
20230921,5279,220,5059,0.19944653093496739,0.76615932002372011,-0.0076080000000000002,-0.006898940699743031,0.63456776028216588,0.11998418659814193,2241,0.17849174475680499,0.78625613565372598,-0.0077920000000000003,-0.0075313132530120492,0.70282738620299956,0.1249442213297635
20230922,5280,220,5060,0.87766798418972336,0.10810276679841897,0.017044999999999998,0.018696239723320161,0.1562939729502564,0.022134387351778657,2242,0.85414808206958071,0.12934879571810884,0.01541,0.01714445762711864,0.18236691733696314,0.020071364852809991
20230925,5281,220,5061,0.31535269709543567,0.659355858525983,-0.0066049999999999998,-0.0042909029836000791,0.53603650931666857,0.13653428176249752,2243,0.31431119037004013,0.65581810075791347,-0.0063690000000000005,-0.0046573807400802497,0.56731792107790413,0.14177440927329468
20230926,5282,221,5061,0.29401304090100772,0.66548113021142064,-0.0055210000000000007,-0.0040387913455838765,0.5336609015861894,0.11302114206678522,2243,0.28666963887650471,0.67588051716451181,-0.0055889999999999994,-0.0042282523406152479,0.54955455066055936,0.10254123941150245
20230927,5282,221,5061,0.5633274056510571,0.38826318909306462,0.0024039999999999999,0.0042407156688401499,0.41857113640728688,0.065994862675360602,2243,0.56531431119037001,0.38831921533660274,0.0023470000000000001,0.004445893446277307,0.40779158398601156,0.056620597414177444
20230928,5282,222,5060,0.7177865612648221,0.25,0.0081969999999999994,0.010055783003952568,0.33170248407584507,0.039328063241106721,2243,0.69326794471689701,0.26705305394560858,0.0069479999999999993,0.0083527066428889882,0.38057144478747379,0.037004012483281321
20231009,5282,222,5060,0.32509881422924902,0.65316205533596838,-0.0071029999999999999,-0.0047389181818181811,0.48588688356857695,0.19604743083003953,2243,0.25635309852875615,0.71466785555060186,-0.0091120000000000003,-0.0077851145786892563,0.58978087282420544,0.22603655818100757
20231010,5285,222,5063,0.36282836263085128,0.59391665020738693,-0.0039950000000000003,-0.0026030819672131153,0.51044729550298129,0.13174007505431562,2244,0.3057040998217469,0.65017825311942956,-0.0054535,-0.0049236283422459896,0.60032945675565197,0.14304812834224598
20231011,5284,222,5062,0.48261556696957725,0.48004741209008295,0,0.0025869535756617937,0.41756650041256294,0.07625444488344528,2244,0.47549019607843135,0.48306595365418897,0,0.0027295155971479501,0.45515739542698352,0.07130124777183601
20231012,5285,222,5063,0.63420896701560336,0.33754690894726447,0.0051019999999999998,0.0054164487458028838,0.33853888019057093,0.071499111198893933,2244,0.65418894830659535,0.3146167557932264,0.005566999999999999,0.0055340098039215685,0.30135471356251559,0.06684491978609626
20231013,5286,223,5063,0.24985186648232274,0.72526170254789646,-0.0099010000000000001,-0.0065329259332411625,0.5368471647597769,0.20442425439462769,2244,0.23351158645276293,0.74019607843137258,-0.0098169999999999993,-0.0071828533868092707,0.55052750008062212,0.20409982174688057
20231016,5286,222,5064,0.29383886255924169,0.67022116903633489,-0.0075760000000000003,-0.0060077182069510271,0.60649633522558044,0.21800947867298578,2245,0.3126948775055679,0.64899777282850779,-0.0067939999999999997,-0.0052289291759465475,0.57640575913051029,0.20712694877505569
20231017,5288,222,5066,0.42163442558231345,0.53237268061587051,-0.0016000000000000001,-0.0011483247137781287,0.46328216990796833,0.10185550730359258,2246,0.44612644701691895,0.50845948352626891,-0.00062699999999999995,-0.00098963490650044511,0.39225955256105827,0.095280498664292071
20231018,5287,222,5065,0.096150049358341566,0.89733464955577491,-0.020318999999999997,-0.018013173543928923,0.64986104356510244,0.51293188548864754,2246,0.11041852181656278,0.88156723063223508,-0.018598999999999997,-0.01630443588601959,0.61307170563036373,0.44701691896705253
20231019,5290,223,5067,0.22399842115650287,0.74343793171501871,-0.0074070000000000004,-0.0088700209196763361,0.71164363430432831,0.18650088809946713,2246,0.2439893143365984,0.72261798753339268,-0.0070930000000000003,-0.0073565062333036503,0.68937605501093657,0.16696349065004451
20231020,5291,223,5068,0.25276243093922651,0.70402525651144432,-0.0072339999999999991,-0.0091126140489344917,0.66010632787299317,0.23914759273875297,2246,0.25868210151380233,0.69590382902938552,-0.0065090000000000009,-0.0085783348174532491,0.60474291209911146,0.21104185218165628
20231023,5292,223,5069,0.091142237127638581,0.90392582363385288,-0.025992000000000001,-0.023785665219964489,0.71102898646585477,0.67685934109291779,2247,0.084557187360925684,0.9101023587004895,-0.025144000000000003,-0.022647487761459726,0.74071365156580016,0.65109034267912769
20231024,5291,223,5068,0.88871349644830311,0.10260457774269929,0.0241695,0.024474048145224945,0.27743162877677097,0.029202841357537489,2247,0.87939474855362709,0.10992434356920339,0.022905999999999999,0.023064337338673788,0.28675096646561221,0.028482421005785491
20231025,5293,223,5070,0.75759368836291918,0.22149901380670611,0.012608499999999998,0.013990087968441816,0.3087111192635516,0.052465483234714005,2247,0.74543836226079219,0.23319982198486872,0.011611,0.012801797952825988,0.30699421547038286,0.054294615042278595
20231026,5293,223,5070,0.54694280078895463,0.4143984220907298,0.0019684999999999998,0.003255745956607495,0.39541254468918552,0.088165680473372782,2247,0.54383622607921678,0.41655540720961282,0.001923,0.00247363595905652,0.41981827576977354,0.080996884735202487
20231027,5294,224,5070,0.75779092702169626,0.22090729783037474,0.013158000000000001,0.014904885009861934,0.31768055023310288,0.076528599605522676,2247,0.79172229639519354,0.18469069870939031,0.013726,0.016348910992434355,0.31998561393514346,0.054739652870493989
20231030,5294,225,5069,0.70053264943775895,0.27224304596567372,0.0091409999999999998,0.01291556303018347,0.271518786772599,0.072992700729927001,2247,0.66444147752558969,0.30930129060970185,0.0084510000000000002,0.012264295505117937,0.33771532633275142,0.088562527814864261
20231031,5297,225,5072,0.38899842271293378,0.5723580441640379,-0.0033195,-0.0033415076892744479,0.57886127426195733,0.15930599369085174,2247,0.40053404539385845,0.56030262572318645,-0.0029260000000000002,-0.0037862358700489541,0.54496301605797981,0.16644414775255897
20231101,5300,226,5074,0.53783996846669291,0.42234923137564051,0.0016605000000000001,0.0023076379582183679,0.49328066783032803,0.08592826172644856,2248,0.51334519572953741,0.44306049822064059,0.00085199999999999989,0.0020855391459074736,0.46272132694315449,0.083185053380782914
20231102,5300,227,5073,0.1687364478612261,0.80406071358170705,-0.010543,-0.010023640646560221,0.67733905687420815,0.21959392864182931,2248,0.17215302491103202,0.79359430604982206,-0.009954000000000001,-0.010319038256227759,0.69249382064554998,0.21352313167259787
20231103,5302,227,5075,0.72729064039408864,0.23251231527093597,0.0095650000000000006,0.014080313694581282,0.23355148287085012,0.028768472906403941,2248,0.70106761565836295,0.2566725978647687,0.0086029999999999995,0.012352382117437723,0.25331378987279396,0.026245551601423486
20231106,5296,227,5069,0.88104162556717303,0.10278161373051883,0.016454,0.020159866837640563,0.11131835777900795,0.01814953639771158,2244,0.84803921568627449,0.12967914438502673,0.015158000000000001,0.019318549019607844,0.16907740259397075,0.021836007130124777
20231107,5299,227,5072,0.53726340694006314,0.40398264984227128,0.0015120000000000001,0.0053649063485804414,0.34486994860892783,0.030559936908517351,2246,0.49866429207479962,0.43766696349065004,0,0.0041808272484416742,0.3875427457998325,0.036954585930543189
20231108,5302,228,5074,0.42530547891210091,0.53724871895940085,-0.0015355,0.0021617721718565231,0.42048755698850038,0.048482459597950334,2247,0.40453938584779708,0.55807743658210951,-0.002235,0.0016154129951045835,0.48469636595245996,0.051179350244770806
20231109,5301,228,5073,0.27045140942243251,0.69091267494579145,-0.0054259999999999994,-0.0060417417701557263,0.59901000979012131,0.14192785334121821,2247,0.30930129060970185,0.6479750778816199,-0.0041840000000000002,-0.0047934236760124602,0.56684016898572209,0.12372051624388072
20231110,5302,229,5073,0.40883106643012024,0.54109994086339441,-0.001572,-0.0014878424995071948,0.56773894877033904,0.087522176227084567,2247,0.42545616377392076,0.52202937249666226,-0.001021,-0.00099335959056519796,0.55791251939108044,0.074321317311971516
20231113,5304,229,5075,0.74049261083743845,0.2317241379310345,0.0088030000000000001,0.010465317044334975,0.29630585500203632,0.035665024630541872,2249,0.70342374388617168,0.26722987994664293,0.0069699999999999996,0.0088344793241440633,0.36573250711126154,0.043130280124499779
20231114,5304,229,5075,0.55802955665024634,0.38857142857142857,0.0018140000000000001,0.0054212971428571431,0.29036553095371936,0.024433497536945813,2249,0.56469542018674967,0.3766118274788795,0.002065,0.0053908674966651844,0.298660162020217,0.026233881725211204
20231115,5303,229,5074,0.62633031139140716,0.32676389436342135,0.0036695,0.0062252136381553014,0.36130449816622523,0.039416633819471816,2249,0.62205424633170303,0.32814584259670965,0.0035049999999999999,0.0057319706536238324,0.32978904939470699,0.039128501556247218
20231116,5304,231,5073,0.18470333136211314,0.78296865759905376,-0.0085760000000000003,-0.0071823031736644978,0.6578110035477982,0.15000985610092649,2248,0.18638790035587188,0.77980427046263345,-0.0084749999999999999,-0.0076108269572953734,0.65103673590054267,0.15302491103202848
20231117,5305,231,5074,0.7002364998029168,0.25758770201024833,0.0053714999999999995,0.0079581614111154907,0.34797964058567521,0.030744974379188016,2248,0.68816725978647686,0.26556939501779359,0.0048719999999999996,0.0083797108540925262,0.37828419432576843,0.026245551601423486
20231120,5307,231,5076,0.72872340425531912,0.23286052009456265,0.0070695000000000003,0.0098012870370370372,0.3017525334953583,0.035460992907801421,2249,0.70208981769675416,0.24766562916851934,0.0060609999999999995,0.0088478995108937294,0.32623152785096998,0.044464206313917294
20231121,5309,231,5078,0.29736116581331234,0.66167782591571489,-0.0062109999999999995,-0.0051630273729814892,0.58158395818581232,0.16758566364710517,2251,0.33185250999555754,0.61705908485117722,-0.0043709999999999999,-0.0042471848067525539,0.55090142996951996,0.15104398045313194
20231122,5308,231,5077,0.18534567658065787,0.78747291707701395,-0.010452999999999999,-0.0096398605475674602,0.70336502645867116,0.23596612172542841,2250,0.19688888888888889,0.77066666666666672,-0.009497499999999999,-0.0090737999999999999,0.69383654252786375,0.22088888888888888
20231123,5310,232,5078,0.81213076014178809,0.16364710515951161,0.0088790000000000015,0.0094201646317447797,0.28845962292986976,0.042733359590389916,2250,0.81955555555555559,0.15777777777777777,0.008480999999999999,0.0095290831111111123,0.27586224133828535,0.034222222222222223
20231124,5310,232,5078,0.18077983458054353,0.79361953525009843,-0.012476000000000001,-0.011965459235919653,0.67124438967761779,0.30326900354470265,2249,0.18986216096042685,0.77767896843041351,-0.010522999999999999,-0.010642169853268119,0.68848362759053761,0.25166740773677188
20231127,5312,232,5080,0.45531496062992127,0.50669291338582678,-0.00069950000000000003,-2.5955708661417422e-05,0.51355090660389036,0.10925196850393701,2251,0.44913371834740118,0.5157707685473123,-0.0010460000000000001,0.00031552243447356763,0.51060782823310913,0.099067081297201237
20231128,5310,230,5080,0.72381889763779528,0.23897637795275589,0.006914,0.0083327305118110224,0.33230819498513031,0.034448818897637797,2251,0.69702354509107067,0.26121723678365172,0.0060419999999999996,0.0074245095513105269,0.36353390269257824,0.034207019102621056
20231129,5312,230,5082,0.23711137347500985,0.73514364423455336,-0.0073705000000000003,-0.0055773780007870909,0.63725855186500968,0.12396694214876033,2252,0.24644760213143871,0.7251332149200711,-0.0069420000000000003,-0.004491744227353464,0.62677505588600169,0.10657193605683836
20231130,5312,231,5081,0.29324936036213345,0.67053729580791188,-0.0062109999999999995,-0.005333555796103129,0.55338861670027772,0.14347569376107067,2252,0.34191829484902309,0.61589698046181174,-0.0044450000000000002,-0.0037153823268206041,0.46950155703856999,0.12211367673179396
20231201,5315,233,5082,0.58539944903581265,0.37642660369933095,0.0032335000000000003,0.0062492459661550575,0.36355710380291811,0.055096418732782371,2252,0.5830373001776199,0.37566607460035523,0.0030349999999999999,0.0049785150976909415,0.37180828960289053,0.055062166962699825
20231204,5313,232,5081,0.43810273568195235,0.51761464278685299,-0.001152,0.00010706317654005128,0.48792504553231253,0.089549301318638058,2252,0.4178507992895204,0.54218472468916523,-0.002049,-0.00038741696269982228,0.50001510897479795,0.10568383658969804
20231205,5315,233,5082,0.082251082251082255,0.90791027154663517,-0.018049999999999997,-0.017760048012593465,0.79301699747230303,0.43880362062180245,2253,0.098091433644030182,0.89214380825565909,-0.016064000000000002,-0.015301148690634711,0.79943055818001452,0.36750998668442075
20231206,5316,233,5083,0.6240409207161125,0.33130041314184538,0.0037040000000000003,0.0051052868384812121,0.38742457554089732,0.048790084595711193,2254,0.59139307897071869,0.36202307009760426,0.0030075000000000002,0.0047881814551907721,0.44683108892176754,0.051020408163265307
20231207,5314,233,5081,0.33950009840582562,0.62369612281047038,-0.0046250000000000006,-0.0030376349143869321,0.50047932936514439,0.1082464081873647,2253,0.35952063914780291,0.59653794940079896,-0.0036720000000000004,-0.0022810901020861073,0.50366038998601381,0.11273857079449623
20231208,5317,233,5084,0.2590479937057435,0.72187254130605827,-0.011387500000000002,-0.0083798910306844988,0.5145685957224404,0.2922895357985838,2253,0.29072347980470487,0.69241011984021306,-0.0095949999999999994,-0.0072395530403905903,0.51716135412880027,0.26719928983577451
20231211,5318,234,5084,0.769669551534225,0.20633359559402045,0.0096529999999999984,0.010660213414634146,0.24126238838471264,0.037765538945712038,2253,0.76076342654238793,0.21438082556591212,0.0097330000000000003,0.011063524633821572,0.25702641005832955,0.041278295605858856
20231212,5319,235,5084,0.57435090479937057,0.38355625491738787,0.0023864999999999997,0.0045814079464988194,0.4103760049207742,0.039142407553107786,2253,0.55703506435863293,0.40213049267643142,0.001908,0.0041045707944962276,0.37655310612238929,0.047492232578783843
20231213,5321,235,5086,0.26740070782540309,0.70330318521431379,-0.0070400000000000003,-0.0059336767597325995,0.68452071403920978,0.17223751474636256,2253,0.27341322680869951,0.69196626719928989,-0.006803,-0.0051361469152241459,0.65662429455545757,0.16067465601420328
20231214,5323,236,5087,0.37487713780224102,0.57735403970906229,-0.002532,-0.0025441262040495375,0.61926373135098478,0.096520542559465308,2254,0.40017746228926354,0.54835847382431235,-0.0018129999999999999,-0.0015250000000000001,0.5782164073384275,0.095385980479148175
20231215,5323,236,5087,0.29467269510517002,0.66719087871043836,-0.0048079999999999998,-0.0041256013367407121,0.56504249322541122,0.1136229604875172,2255,0.2869179600886918,0.67450110864745016,-0.0050560000000000006,-0.0045273560975609764,0.58468957367205776,0.12416851441241686
20231218,5323,236,5087,0.12718694712011008,0.86101828189502649,-0.014705999999999999,-0.013359412620404952,0.69568215803539624,0.32003145272262629,2254,0.15128660159716059,0.83496007098491576,-0.013493,-0.012563544365572315,0.62676417712170984,0.3101153504880213
20231219,5321,237,5084,0.52399685287175457,0.43450039339103069,0.0011150000000000001,0.0019049258457907161,0.44275079470968337,0.063926042486231308,2253,0.47891699955614736,0.47669773635153129,0,0.00019317931646693306,0.47731875607239782,0.07456724367509987
20231220,5324,237,5087,0.19363082366817377,0.78042068016512678,-0.010022,-0.0097545075683113814,0.7425247088049689,0.22645960290937683,2254,0.17480035492457852,0.79813664596273293,-0.010293,-0.010274990239574089,0.74267639056964019,0.2391304347826087
20231221,5325,238,5087,0.69471201100845292,0.26361313151169646,0.0058819999999999992,0.0069861128366424221,0.2792533625352247,0.040888539414193042,2254,0.6681455190771961,0.2852706299911269,0.0054070000000000003,0.0062121251109139315,0.31739613118833138,0.047471162377994675
20231222,5325,238,5087,0.18655396107725575,0.7928051896992333,-0.013021,-0.012882268331039906,0.6502974324034404,0.30745036367210538,2255,0.21773835920177384,0.75565410199556537,-0.011168000000000001,-0.010000824833702881,0.58128711898864749,0.27760532150776052
20231225,5325,238,5087,0.35580892471004522,0.61411440927855321,-0.0044219999999999997,-0.003382601140161195,0.45488562267421467,0.12384509534106546,2253,0.36617842876165113,0.60008877052818466,-0.0039629999999999995,-0.0037433333333333338,0.46207234744077602,0.13182423435419441
20231226,5327,238,5089,0.13008449597170368,0.85144429160935353,-0.014368000000000001,-0.012857781685989389,0.70517618133048787,0.32717626252701903,2255,0.14988913525498893,0.82971175166297118,-0.012704,-0.012125392904656319,0.6781340361123771,0.28913525498891351
20231227,5328,238,5090,0.72062868369351674,0.24715127701375245,0.007319,0.0077860375245579578,0.36761413018376554,0.053438113948919452,2256,0.70301418439716312,0.25842198581560283,0.0066394999999999996,0.0075694414893617019,0.3499781200076571,0.049645390070921988
20231228,5326,239,5087,0.84195006880283074,0.14428936504816198,0.017441999999999999,0.019372721839984272,0.21251318019356019,0.035777471987418909,2255,0.80620842572062079,0.1778270509977827,0.016319,0.018131871396895784,0.27340323306934561,0.039911308203991129
20231229,5329,239,5090,0.80589390962671903,0.16168958742632614,0.012465,0.015474196070726916,0.22260290589117002,0.01905697445972495,2256,0.76507092198581561,0.1976950354609929,0.010862500000000001,0.014150612145390071,0.26204928191968874,0.023936170212765957
20240102,5329,239,5090,0.52043222003929268,0.45127701375245577,0.0014169999999999999,0.0014857015717092339,0.55687520393588485,0.14223968565815323,2255,0.51263858093126391,0.45365853658536587,0.0011100000000000001,0.0011183649667405766,0.51902573442798505,0.16407982261640799
20240103,5330,239,5091,0.36652916912197997,0.59457866823806715,-0.0036509999999999997,-0.0042248921626399528,0.56551270394859343,0.1473187978786093,2256,0.40913120567375888,0.55496453900709219,-0.0025409999999999999,-0.0032286440602836879,0.50364410239953428,0.14937943262411346
20240104,5330,239,5091,0.34983303869573756,0.60872127283441368,-0.003676,-0.0033149890001964253,0.62083542869690955,0.10508740915340797,2256,0.34707446808510639,0.61480496453900713,-0.0041495000000000004,-0.0035135110815602841,0.60297543000808296,0.11524822695035461
20240105,5332,240,5092,0.094854673998428909,0.89238020424194819,-0.016816000000000001,-0.016662922230950509,0.76969618807113449,0.38000785545954441,2256,0.10372340425531915,0.87765957446808507,-0.015925500000000002,-0.01628013874113475,0.75863615609700863,0.35992907801418439
20240108,5332,240,5092,0.072270227808326787,0.91889238020424191,-0.019714499999999999,-0.019418124312647288,0.78966426674935242,0.48998428908091124,2256,0.070921985815602842,0.91843971631205679,-0.019220000000000001,-0.019519967641843973,0.80385558181964734,0.46719858156028371
20240109,5332,240,5092,0.67183817753338571,0.28829536527886879,0.0053425,0.0055399471720345645,0.3765915080914361,0.055773762765121762,2257,0.6548515728843598,0.30482941958351795,0.0052849999999999998,0.0055064767390341158,0.39916921927246629,0.057598582188746125
20240110,5334,240,5094,0.22025912838633688,0.74028268551236753,-0.0087264999999999999,-0.0088411081664703569,0.64690793453980255,0.21338829996073813,2258,0.25110717449069975,0.70593445527015053,-0.0073679999999999995,-0.0068457391496899904,0.61472531575297973,0.1682905225863596
20240111,5336,241,5095,0.85122669283611385,0.13012757605495584,0.014961,0.016992302649656527,0.19691085324734184,0.021786064769381747,2259,0.80433820274457724,0.16954404603806994,0.012102999999999999,0.013611106241699868,0.28087145254812751,0.026117751217352811
20240112,5333,241,5092,0.2751374705420267,0.68990573448546744,-0.0078289999999999992,-0.0074043181461115474,0.64845305824618105,0.20129615082482324,2256,0.29343971631205673,0.66932624113475181,-0.0067355000000000002,-0.0067845602836879432,0.59036749576446546,0.19193262411347517
20240115,5334,241,5093,0.38719811505988611,0.56881994894953858,-0.0026950000000000003,-0.0018061284115452583,0.50339031816300894,0.11074023169055566,2257,0.43686309260079753,0.51705804164820557,-0.00098700000000000003,-0.00033333495790872832,0.45966735125210972,0.099246787771377937
20240116,5336,241,5095,0.27340529931305202,0.6906771344455348,-0.0058309999999999994,-0.0038845917566241411,0.50465568947289574,0.098135426889106966,2258,0.3100088573959256,0.65367581930912311,-0.0048155000000000003,-0.0036877050487156776,0.45931498721671338,0.10053144375553587
20240117,5336,241,5095,0.046908734052993131,0.94955839057899905,-0.025663000000000002,-0.025017937193326789,0.86878417856022905,0.7002944062806673,2258,0.047387068201948629,0.94862710363153235,-0.024934999999999999,-0.024686335252435784,0.88717141397952914,0.66209034543844114
20240118,5339,242,5097,0.28212674122032566,0.69295664116146749,-0.0098259999999999997,-0.0067898936629389823,0.42812424130325522,0.24465371787325879,2260,0.3101769911504425,0.66150442477876104,-0.0083890000000000006,-0.0049537141592920358,0.41756281604028156,0.21415929203539824
20240119,5339,242,5097,0.16107514224053365,0.81577398469688056,-0.012891,-0.012815728271532273,0.67504135078408001,0.29546792230723956,2260,0.17787610619469027,0.80000000000000004,-0.011471,-0.011709543362831858,0.65313872171223564,0.26327433628318586
20240122,5339,242,5097,0.024524229939179909,0.97429860702373949,-0.061275000000000003,-0.057337557582891899,0.87645920251643938,0.93859132823229352,2260,0.024778761061946902,0.97256637168141591,-0.058680999999999997,-0.05471528805309734,0.85057559992686849,0.92212389380530968
20240123,5339,242,5097,0.54679223072395522,0.42260153031194819,0.0027169999999999998,0.0027956291936433197,0.30557226376678015,0.12968412791838335,2260,0.57964601769911506,0.39115044247787611,0.003908,0.00413663407079646,0.33669909510095569,0.1168141592920354
20240124,5340,242,5098,0.77128285602196944,0.21204393879952924,0.013571,0.015248305021577089,0.28231662700491178,0.042173401333856414,2261,0.73595754091110133,0.24900486510393632,0.013554,0.015014384785493145,0.22904050920123828,0.056169836355594867
20240125,5341,242,5099,0.94842125907040598,0.04608746813100608,0.035118000000000003,0.036260444596979795,0.099785495107841654,0.01490488331045303,2261,0.94559929234851836,0.050862450243255197,0.036429999999999997,0.037323495798319326,0.10029779189358536,0.021229544449358692
20240126,5342,243,5099,0.41106099235144145,0.55697195528535004,-0.003271,-0.0036428097666209068,0.55993739023098388,0.21043341831731713,2262,0.42396109637488949,0.55305039787798405,-0.0037140000000000003,-0.0047158656056587103,0.49774176868568348,0.25066312997347479
20240129,5343,243,5100,0.092941176470588235,0.9003921568627451,-0.031518999999999998,-0.030195592352941177,0.74045076637120444,0.71039215686274515,2262,0.1237842617152962,0.865605658709107,-0.027925999999999999,-0.026410997347480106,0.65883388144419386,0.6427939876215738
20240130,5343,243,5100,0.044705882352941179,0.95156862745098036,-0.032462999999999999,-0.031883488039215688,0.86458044971753367,0.78411764705882347,2263,0.050375607600530267,0.94476358815731332,-0.030581000000000001,-0.029977516570923558,0.85757087984820268,0.73221387538665483
20240131,5344,243,5101,0.060184277592628899,0.93413056263477745,-0.050846999999999996,-0.047359656930013719,0.80589202407005212,0.83787492648500295,2263,0.074237737516570923,0.91736632788334072,-0.045582999999999999,-0.041774207247017234,0.77538080556951683,0.78965974370304903
20240201,5344,243,5101,0.21152715153891394,0.77376984904920609,-0.015738000000000002,-0.014736946873162123,0.59360561459558614,0.40227406390903742,2263,0.22889969067609367,0.75475033141847103,-0.014151,-0.01357920503756076,0.6248081115062678,0.36986301369863012
20240202,5345,244,5101,0.072142717114291322,0.92236816310527348,-0.048442999999999993,-0.042646926877082922,0.80289362380747475,0.83101352675945894,2262,0.087975243147656937,0.90362511052166228,-0.044468000000000001,-0.039517623342175068,0.74237737784602698,0.78514588859416445
20240205,5344,244,5100,0.074117647058823524,0.92254901960784319,-0.098395999999999997,-0.082432813333333327,0.73259135915983542,0.87352941176470589,2261,0.099071207430340563,0.8956214064573198,-0.085020000000000012,-0.07007991640866873,0.67169523316762569,0.82485625829279086
20240206,5345,244,5101,0.70319545187218191,0.28700254851989804,0.032915,0.025754775926288963,0.17870103107993943,0.20270535189178593,2262,0.72679045092838201,0.26392572944297082,0.035784499999999997,0.026481685676392572,0.18892980289182518,0.1914235190097259
20240207,5346,244,5102,0.41807134457075656,0.57467659741277932,-0.013393,-0.01373867855742846,0.35075339993105881,0.46275970207761663,2263,0.47370746796288116,0.51922227132125498,-0.0037040000000000003,-0.0049934392399469726,0.31725764749174318,0.39549270879363674
20240208,5348,244,5104,0.91516457680250785,0.078369905956112859,0.071733500000000006,0.069262226293103454,0.19369912651136467,0.020963949843260186,2264,0.89001766784452296,0.10070671378091872,0.060213000000000003,0.061411638692579512,0.25355650869159246,0.023851590106007067
20240219,5348,244,5104,0.79016457680250785,0.20023510971786834,0.031007,0.032936532719435731,0.25402434301875348,0.063283699059561133,2264,0.74425795053003529,0.24293286219081273,0.023449000000000001,0.026673632508833922,0.30065410534263076,0.083922261484098939
20240220,5348,244,5104,0.65595611285266453,0.30505485893416928,0.0071595000000000001,0.012673324843260189,0.34157683170039926,0.039772727272727272,2264,0.61086572438162545,0.35379858657243818,0.0049864999999999996,0.0099816687279151942,0.34880462596966499,0.048586572438162542
20240221,5348,244,5104,0.78095611285266453,0.19435736677115986,0.012757999999999999,0.016713639106583071,0.30837067354787956,0.029192789968652037,2264,0.7667844522968198,0.2058303886925795,0.011982999999999999,0.015071196554770318,0.29346754181839785,0.031360424028268552
20240222,5348,244,5104,0.88107366771159878,0.091105015673981188,0.0175055,0.022959885188087774,0.096650016006841852,0.0074451410658307208,2264,0.857773851590106,0.10644876325088339,0.013180000000000001,0.018703542844522966,0.092859269524416907,0.0070671378091872791
20240223,5347,244,5103,0.85479129923574371,0.12208504801097393,0.023591000000000001,0.027344629041740155,0.21573828572132001,0.010973936899862825,2264,0.82287985865724378,0.14752650176678445,0.018794999999999999,0.022795711572438166,0.27687192233104496,0.013692579505300354
20240226,5346,244,5102,0.69972559780478238,0.27342218737749902,0.010909,0.014692953743629947,0.40134524666281024,0.057232457859662876,2264,0.65768551236749118,0.31802120141342755,0.0092040000000000004,0.012300676236749117,0.48355106992455921,0.074204946996466431
20240227,5347,244,5103,0.9386635312561239,0.05388986870468352,0.023438000000000001,0.02737297668038409,0.084579849584046504,0.0070546737213403876,2264,0.93021201413427557,0.060954063604240286,0.020667500000000002,0.024743218639575973,0.10943656357404204,0.0057420494699646643
20240228,5347,244,5103,0.046443268665490887,0.95042132079169117,-0.063655000000000003,-0.060324153831079745,0.89486822948101485,0.84558103076621594,2263,0.05700397702165267,0.93725143614670792,-0.054930000000000007,-0.054026556341140085,0.84834323159733516,0.79363676535572247
20240229,5347,244,5103,0.97785616304134826,0.018616500097981579,0.034425999999999998,0.037581766803840885,0.029556353231633383,0.0054869684499314125,2263,0.9699513919575784,0.026071586389748123,0.030426000000000002,0.033731546619531594,0.051538516051207066,0.0075121520106053909
20240301,5348,244,5104,0.66849529780564265,0.2960423197492163,0.0074714999999999998,0.011615332484326018,0.25357011556518982,0.049764890282131664,2264,0.61749116607773846,0.34540636042402828,0.0044135000000000008,0.009069071554770318,0.30458455911681964,0.056537102473498232
20240304,5348,244,5104,0.40066614420062696,0.58091692789968652,-0.0042090000000000001,0.0020133287617554864,0.41603887764177355,0.1195141065830721,2264,0.38913427561837455,0.58922261484098937,-0.0044475000000000001,0.001572029151943463,0.42239700961989496,0.11351590106007067
20240305,5348,244,5104,0.17770376175548588,0.80936520376175547,-0.019458,-0.015243576410658306,0.59660239817540051,0.4890282131661442,2264,0.19434628975265017,0.78931095406360419,-0.016962000000000001,-0.013849360424028267,0.55773648748785387,0.43330388692579508
20240306,5346,244,5102,0.63367306938455503,0.33437867502940022,0.0065525000000000002,0.0099990064680517445,0.44421749000059524,0.051548412387299097,2264,0.58833922261484095,0.38030035335689044,0.0041755000000000004,0.0070985534452296826,0.47784583952813409,0.057420494699646642
20240307,5346,244,5102,0.29282634261074086,0.67483339866718939,-0.0100745,-0.0080681760094080748,0.67112818772707383,0.31007448059584475,2264,0.30123674911660775,0.65856890459363959,-0.0086425000000000009,-0.006995351148409895,0.61883430525405381,0.27915194346289751
20240308,5347,245,5102,0.69090552724421794,0.26813014504116034,0.0070920000000000002,0.010645635437083497,0.26757917490907446,0.0448843590748726,2263,0.67255855059655323,0.28281042863455591,0.0064099999999999999,0.0095564471939902779,0.32565971689742068,0.045072912063632349
20240311,5346,245,5101,0.8417957263281709,0.14350127425994902,0.016175999999999999,0.019504576945696923,0.22955197982153211,0.027053518917859242,2263,0.82545293857711,0.15466195315952275,0.015054000000000001,0.018080013698630139,0.25297755293414176,0.032258064516129031
20240312,5348,245,5103,0.70331177738585149,0.274936311973349,0.011181000000000002,0.012253474034881442,0.40584702330138706,0.074857926709778561,2264,0.67800353356890464,0.30123674911660775,0.0096949999999999988,0.01011087102473498,0.45226912030900651,0.091431095406360421
20240313,5350,245,5105,0.43271302644466209,0.53222331047992166,-0.0018420000000000001,0.0021376227228207642,0.48991136466157098,0.084035259549461311,2265,0.42075055187637966,0.54172185430463571,-0.0022729999999999998,0.0021201823399558499,0.53354246705104724,0.08211920529801324
20240314,5350,245,5105,0.29285014691478944,0.66816846229187077,-0.0070920000000000002,-0.0054081618021547505,0.61656591240554415,0.20744368266405486,2265,0.32273730684326712,0.6322295805739514,-0.0052910000000000006,-0.004244991169977925,0.58385566689372026,0.19337748344370861
20240315,5349,245,5104,0.8132836990595611,0.1679075235109718,0.011280500000000001,0.01408235697492163,0.27904309210918632,0.028800940438871474,2264,0.78621908127208484,0.19390459363957596,0.010061499999999999,0.012421169169611307,0.32079273169931388,0.02959363957597173
20240318,5348,245,5103,0.87125220458553787,0.10954340583970214,0.016393000000000001,0.019944418185381146,0.13343852598757211,0.016656868508720359,2263,0.84931506849315064,0.12903225806451613,0.014614,0.01867871586389748,0.16856346665342364,0.022536456031816175
20240319,5350,245,5105,0.3316356513222331,0.63780607247796273,-0.0054469999999999996,-0.0026943022526934378,0.62273575521281099,0.13692458374142996,2264,0.31492932862190814,0.6590106007067138,-0.0061370000000000001,-0.0035143515901060072,0.65908718710915815,0.13825088339222616
20240320,5351,245,5106,0.73364669016842932,0.227183705444575,0.0071385000000000007,0.011833155307481394,0.30034328609624522,0.029377203290246769,2264,0.70008833922261482,0.25353356890459366,0.0056695000000000001,0.010362217314487632,0.33273279286439217,0.028710247349823321
20240321,5351,245,5106,0.42596944770857814,0.52976889933411675,-0.0018224999999999999,0.0010582311006658834,0.48933022703041679,0.11084998041519781,2264,0.41828621908127206,0.53312720848056538,-0.0018794999999999999,0.0005767265901060072,0.48804323936326438,0.11130742049469965
20240322,5351,245,5106,0.17410889150019584,0.81903642773207985,-0.018450000000000001,-0.014089997258127691,0.64421914839166328,0.45142969056012533,2264,0.18418727915194347,0.80830388692579502,-0.017181999999999999,-0.013535741166077739,0.66776221022901594,0.4121024734982332
20240325,5352,246,5106,0.14003133568350959,0.84684684684684686,-0.025818500000000001,-0.024326782608695651,0.74652573198964034,0.60654132393262827,2264,0.16431095406360424,0.81890459363957602,-0.022478999999999999,-0.022460141342756184,0.6970371676589292,0.54991166077738518
20240326,5353,246,5107,0.48325827295868418,0.47973369884472294,0,-0.00011711787742314469,0.53416837990012311,0.17172508321911104,2265,0.47902869757174393,0.48300220750551875,0,-0.00061334260485651233,0.52459957979304173,0.1686534216335541
20240327,5355,246,5109,0.090820121354472497,0.90369935408103352,-0.032490999999999999,-0.032236072029751421,0.82281257077703795,0.70033274613427288,2267,0.10189677988531098,0.89060432289369207,-0.027532999999999998,-0.028074545213939126,0.78954643068069341,0.63564181737979708
20240328,5356,246,5110,0.86144814090019572,0.11604696673189824,0.019355000000000001,0.023401664579256361,0.14765659563863326,0.017612524461839529,2267,0.82487869430966032,0.14556682840758711,0.014933,0.018367595500661669,0.21138858066836319,0.019850022055580063
20240329,5356,247,5109,0.74143668036797805,0.23683695439420629,0.011407,0.012448258759052653,0.35354847261253158,0.067332158935212369,2266,0.73654015887025592,0.24227714033539277,0.0106605,0.011795755957634598,0.35242361556486829,0.066637246248896734
20240401,5358,247,5111,0.87693210721972215,0.1097632557229505,0.020348999999999999,0.022338023870084132,0.16569441614591143,0.027000586969281939,2267,0.85399205999117778,0.12968681076312308,0.019,0.020331957212174678,0.20024928020483546,0.037053374503749452
20240402,5359,247,5112,0.43525039123630671,0.53149452269170583,-0.0024115,-0.0011002316118935839,0.58610604032219338,0.20500782472613457,2267,0.44419938244375828,0.51786501985002209,-0.001727,-0.0012010564622849582,0.56259497631330668,0.18306131451257168
20240403,5358,247,5111,0.33300723928781062,0.64136176873410289,-0.0083819999999999988,-0.0079772625709254551,0.57964057629025867,0.29857170808061045,2266,0.37202118270079437,0.59752868490732569,-0.0052350000000000001,-0.0048940851721094442,0.51673040390066383,0.23742277140335394
20240408,5361,248,5113,0.15294347741052219,0.83864658713084295,-0.027273000000000002,-0.023841642088793268,0.67761060849310273,0.62702914140426369,2267,0.1799735333039259,0.81032201146890159,-0.022821999999999999,-0.02134336744596383,0.65801287652796014,0.55844728716365244
20240409,5362,248,5114,0.77454047712162688,0.20629644114196324,0.012893499999999999,0.014278651935862341,0.38512614210806367,0.062964411419632382,2267,0.75209528010586679,0.22584913983237759,0.011850000000000001,0.013277751654168503,0.43049295065454662,0.063520070577856191
20240410,5362,248,5114,0.13668361360969886,0.85373484552209622,-0.024365999999999999,-0.021022076456785298,0.6998921811902592,0.60031286664059447,2267,0.15791795324217026,0.8297309219232466,-0.021598000000000003,-0.019102747684164097,0.650027411165224,0.53286281429201587
20240411,5363,248,5115,0.51534701857282506,0.44516129032258067,0.0011490000000000001,0.0023865925708699905,0.43827468983797857,0.10459433040078202,2268,0.52248677248677244,0.43694885361552027,0.001356,0.003282887566137566,0.39630389864921883,0.097883597883597878
20240412,5363,248,5115,0.28406647116324535,0.69736070381231674,-0.0099119999999999989,-0.0072935573802541537,0.58125034864912017,0.26392961876832843,2268,0.29629629629629628,0.68474426807760136,-0.0087154999999999993,-0.0065239166666666666,0.56022420141677898,0.23236331569664903
20240415,5363,248,5115,0.23460410557184752,0.75835777126099702,-0.036451999999999998,-0.033342075855327467,0.5030771784164334,0.62404692082111435,2268,0.29365079365079366,0.69753086419753085,-0.027466499999999998,-0.026352931657848327,0.42006788803494255,0.55026455026455023
20240416,5363,248,5115,0.050439882697947212,0.9464320625610948,-0.067055000000000003,-0.064041689736070384,0.82832891509251927,0.86177908113391988,2268,0.052910052910052907,0.94223985890652562,-0.054971999999999993,-0.054564916666666664,0.79593509521692229,0.82539682539682535
20240417,5362,248,5114,0.95795854517012125,0.039108330074305829,0.057883000000000004,0.059193244818146265,0.054870747863194541,0.016816581931951506,2268,0.95370370370370372,0.044091710758377423,0.046619000000000001,0.048692478835978839,0.061875405677241695,0.015432098765432098
20240418,5361,248,5113,0.39037746919616662,0.5875220027381185,-0.0048659999999999997,-0.0018383174261685899,0.48435065630512475,0.18951691766086445,2268,0.43430335097001765,0.5414462081128748,-0.0024275,0.00026113712522045867,0.4343819248792084,0.15079365079365079
20240419,5359,248,5111,0.31657209939346509,0.65838387791038933,-0.009868,-0.0062232480923498333,0.56554801060018833,0.29113676384269221,2267,0.31848257609175123,0.65813850904278781,-0.0094040000000000009,-0.0075161279223643586,0.54453958733123475,0.30172033524481695
20240422,5358,248,5110,0.35655577299412916,0.62309197651663406,-0.0075399999999999998,-0.0064211381604696669,0.63540164229219476,0.2802348336594912,2266,0.39276257722859664,0.58340688437775812,-0.0054560000000000008,-0.0037951160635481024,0.61125894133526359,0.23345101500441306
20240423,5357,248,5109,0.59796437659033075,0.37835192797024858,0.0060640000000000008,0.0065088719906048155,0.5586866523057713,0.14210217263652378,2266,0.53442188879082086,0.44130626654898497,0.0021080000000000001,0.0023443128861429831,0.65002473402660121,0.1588702559576346
20240424,5358,248,5110,0.79001956947162422,0.18590998043052837,0.016949000000000002,0.018854583757338554,0.24220805894888425,0.045205479452054796,2266,0.77228596646072378,0.2030008826125331,0.012961,0.015674070167696383,0.2655023286686638,0.043689320388349516
20240425,5355,248,5107,0.56451928725279032,0.40101821029958878,0.0035709999999999995,0.0042811405913452125,0.46273992481345139,0.11219894262776581,2265,0.5682119205298013,0.39690949227373068,0.003333,0.0038628326710816777,0.46070446231439227,0.094039735099337746
20240426,5346,248,5098,0.73813260102000788,0.23950568850529619,0.012623000000000001,0.014318556885052963,0.22786019028217966,0.08199293840721851,2262,0.76304155614500446,0.22015915119363394,0.013383000000000001,0.016018339080459767,0.23188017672954819,0.067639257294429711
20240429,5337,248,5089,0.85223030064845751,0.13892709766162312,0.027421000000000001,0.0280037245038318,0.22054587489357641,0.05109058754175673,2259,0.81894643647631693,0.16821602478972997,0.025554999999999998,0.025581052235502433,0.27866751022904973,0.06595838866755202
20240430,5301,248,5053,0.35721353651296261,0.61963190184049077,-0.0066119999999999998,-0.0061940096972095786,0.6313037886145263,0.24797150207797347,2237,0.36522127849798836,0.6128743853375056,-0.0060000000000000001,-0.0060960795708538225,0.59871498277809776,0.2561466249441216
20240506,5342,248,5094,0.84825284648606203,0.13604240282685512,0.019634499999999999,0.021476057714958776,0.19439436767005874,0.036120926580290535,2260,0.84690265486725669,0.14203539823008848,0.019557499999999998,0.021084643805309736,0.23000564586709588,0.033185840707964605
20240507,5342,248,5094,0.57734589713388296,0.37926972909305062,0.0031849999999999999,0.0065249473890851978,0.41692749954356079,0.062033765213977229,2261,0.54754533392304294,0.4086687306501548,0.0021619999999999999,0.0053974847412649272,0.41534585105218785,0.062361786819991154
20240508,5340,248,5092,0.17615868028279655,0.81048703849175174,-0.016636999999999999,-0.013162493715632365,0.68686526399927061,0.41142969363707776,2259,0.18016821602478972,0.80610889774236383,-0.014414,-0.012045197875166001,0.69432886262698146,0.36122177954847279
20240509,5341,248,5093,0.81523659925387792,0.16591399960730413,0.011929,0.013766980365207146,0.22045215693014578,0.045552719418810131,2262,0.8297966401414677,0.15030946065428824,0.012204999999999999,0.014708323165340407,0.18600774939224338,0.035366931918656058
20240510,5341,248,5093,0.26094639701551148,0.72040054977419987,-0.012853000000000002,-0.010745844885136462,0.56972406187271973,0.34086000392695859,2262,0.28293545534924847,0.6954022988505747,-0.010096000000000001,-0.0094234093722369589,0.49740552969472607,0.30592396109637487
20240513,5340,248,5092,0.21190102120974078,0.77278083267871167,-0.019554500000000002,-0.016069133739198743,0.57046364664724247,0.49135899450117831,2263,0.24922669023420238,0.73309765797613791,-0.016064000000000002,-0.013312904109589041,0.4870533408347511,0.42730888201502432
20240514,5343,248,5095,0.65966633954857701,0.30539744847890088,0.006744,0.0083756557409224736,0.42347270310567819,0.07634936211972522,2263,0.60760053026955374,0.34821034025629694,0.0043099999999999996,0.0061531179849756961,0.45886552704062983,0.075121520106053913
20240515,5344,248,5096,0.25255102040816324,0.72174254317111464,-0.0089855000000000004,-0.00686344603610675,0.65099290489161998,0.19623233908948196,2264,0.23851590106007067,0.73498233215547704,-0.0090275000000000008,-0.0073500605123674916,0.7165803142181576,0.19699646643109542
20240516,5343,248,5095,0.54229636898920508,0.42630029440628064,0.0021689999999999999,0.0050267472031403342,0.43927456230656942,0.077919528949950939,2263,0.50905877154220058,0.45558992487847988,0.00072800000000000002,0.0027783155103844456,0.47961965308724547,0.085726911179849763
20240517,5343,248,5095,0.77193326790971539,0.20647693817468105,0.010526000000000001,0.013337496172718351,0.23275618146599347,0.046712463199214918,2263,0.76668139637649135,0.21431727794962438,0.010061,0.012736101193106496,0.24813874503760092,0.040212107821475919
20240520,5339,248,5091,0.52445492044784914,0.44549204478491455,0.0014599999999999999,0.0034344339029660186,0.36138527770253764,0.10862306030249459,2262,0.5473032714412025,0.41777188328912468,0.0022675,0.003844755083996463,0.35519729884607787,0.10035366931918656
20240521,5342,248,5094,0.21633294071456616,0.76541028661170007,-0.011696,-0.0099721270121711815,0.63731852522863031,0.25775422065174713,2262,0.22148541114058357,0.76083112290008836,-0.010995999999999999,-0.0096786706454465073,0.64371050685080178,0.24756852343059241
20240522,5343,248,5095,0.57095191364082432,0.38783120706575075,0.0027320000000000001,0.0049602812561334638,0.40375784910279588,0.076153091265947007,2263,0.52894387980556778,0.4277507733097658,0.001266,0.0028554401237295629,0.43046257241079899,0.080866106937693333
20240523,5343,248,5095,0.097154072620215901,0.89715407262021585,-0.023826,-0.02086621393523062,0.77874515199740868,0.62963689892051034,2263,0.085285019885108268,0.90720282810428632,-0.022991999999999999,-0.020659163057887762,0.83251717874778619,0.59301811754308442
20240524,5343,248,5095,0.25044160942100097,0.71521099116781162,-0.0094750000000000008,-0.0097032561334641811,0.68983102263495844,0.28635917566241414,2263,0.24790101634997791,0.71763146266018563,-0.0087290000000000006,-0.0098908753866548821,0.67795196151354542,0.27662395050817501
20240527,5341,248,5093,0.64657372864716278,0.31886903593167093,0.0057720000000000002,0.0060221981150598855,0.30585353872890653,0.08737482819556254,2262,0.6618037135278515,0.3041556145004421,0.0064700000000000001,0.0064715490716180371,0.26302767613160816,0.076923076923076927
20240528,5341,248,5093,0.20557628117023366,0.78126840761829963,-0.01278,-0.010215025721578638,0.64070078228115179,0.27508344786962496,2262,0.21396993810786913,0.76878868258178601,-0.011077,-0.0091764496021220152,0.60983451040175629,0.22811671087533156
20240529,5341,248,5093,0.52424896917337527,0.424307873551934,0.0012770000000000001,0.0022751301786766149,0.42366693440857006,0.079913606911447083,2262,0.48054818744473915,0.46065428824049515,0,0.00074181564986737416,0.43777784000556469,0.064102564102564097
20240530,5342,249,5093,0.32436677793049284,0.64696642450422148,-0.0057140000000000003,-0.0061874099744747705,0.58886486597268739,0.19516984095817788,2262,0.35632183908045978,0.61892130857648098,-0.0047264999999999998,-0.0045881229000884179,0.61369665751996294,0.16312997347480107
20240531,5341,249,5092,0.62058130400628442,0.33385703063629224,0.0056120000000000007,0.0068819467792615866,0.44156847818379702,0.075019638648860965,2261,0.58292790800530736,0.36576735957540912,0.0036229999999999999,0.0048511185316231758,0.51481461721093758,0.067669172932330823
20240603,5341,249,5092,0.17301649646504322,0.82109190887666927,-0.020965499999999998,-0.018726683032207384,0.58203781946543842,0.51865671641791045,2260,0.18008849557522125,0.81283185840707961,-0.019102500000000001,-0.016916596460176989,0.59433406813470746,0.48141592920353982
20240604,5340,249,5091,0.38401099980357495,0.59143586721665686,-0.0066140000000000001,-0.0074713510115890789,0.39159679424908528,0.30897662541740328,2259,0.42363877822045154,0.54537405931828242,-0.0033610000000000003,-0.0047630934041611329,0.34421966409349281,0.24258521469676847
20240605,5345,249,5096,0.12696232339089483,0.86087127158555732,-0.019531,-0.017261027472527474,0.70979720331524865,0.48763736263736263,2264,0.13957597173144876,0.84452296819787986,-0.016890500000000003,-0.017168938604240288,0.69797776993469729,0.42137809187279152
20240606,5347,249,5098,0.096312279325225583,0.89819537073362099,-0.037310499999999996,-0.035923550804236953,0.6825318398367678,0.72754021184778339,2264,0.11130742049469965,0.87941696113074208,-0.031317999999999999,-0.030659361307420498,0.63570012061232317,0.65945229681978801
20240607,5344,249,5095,0.76702649656526001,0.22100098135426888,0.017240999999999999,0.01886385966633955,0.4362169468962564,0.071442590775269876,2261,0.74391862007961074,0.24369747899159663,0.013746000000000001,0.014924663865546218,0.41921185256581173,0.072091994692613889
20240611,5344,249,5095,0.56054955839057896,0.41059862610402353,0.0035839999999999999,0.0062933758586849846,0.45068748168452616,0.095191364082433755,2265,0.5139072847682119,0.4573951434878587,0.001212,0.0050922830022075063,0.55667697342385614,0.1196467991169978
20240612,5348,249,5099,0.75151990586389483,0.21494410668758579,0.011407,0.013519226318886055,0.32371869529703623,0.03079035104922534,2266,0.70079435127978817,0.2616946160635481,0.0083330000000000001,0.010842484995586937,0.35775973138664957,0.03265666372462489
20240613,5349,249,5100,0.33117647058823529,0.6470588235294118,-0.0073759999999999997,-0.0031284592156862745,0.58386425458439073,0.19274509803921569,2265,0.38631346578366443,0.59249448123620307,-0.0057250000000000001,0.00040375761589403936,0.55835669754568229,0.16688741721854305
20240614,5350,249,5101,0.49206038031758481,0.45932170162713193,0,0.0005926330131346795,0.43485553896280521,0.11291903548323858,2266,0.48323036187113855,0.47969991173874671,0,-0.00062400088261253285,0.47327433089161935,0.13857016769638128
20240617,5349,249,5100,0.30588235294117649,0.66607843137254907,-0.0075330000000000006,-0.0044308252941176471,0.47439241425444317,0.19666666666666666,2266,0.29258605472197707,0.68270079435127984,-0.0078040000000000002,-0.0052567294792586058,0.54493747544087978,0.19858781994704325
20240618,5347,249,5098,0.75441349548842684,0.21930168693605334,0.010548499999999999,0.012889046488819144,0.27396893091343438,0.040015692428403297,2265,0.71567328918322293,0.24768211920529801,0.0078510000000000003,0.0094661289183222957,0.30819987241640012,0.044150110375275942
20240619,5346,249,5097,0.27133608004708654,0.6976652933097901,-0.0079439999999999997,-0.0057097775161859916,0.6192936625548765,0.18363743378457917,2265,0.25121412803532006,0.71876379690949233,-0.0080809999999999996,-0.0067597845474613684,0.61192633202375823,0.18233995584988963
20240620,5345,249,5096,0.15227629513343799,0.84065934065934067,-0.023081000000000001,-0.018966680337519623,0.72670517568489856,0.57476452119309263,2263,0.24480777728678746,0.74679628811312415,-0.016473000000000002,-0.011790672558550595,0.61080872462964819,0.41714538223596997
20240621,5345,249,5096,0.4240580847723705,0.52256671899529039,-0.0013635000000000001,-0.0017429805729984298,0.5171009980542618,0.12696232339089483,2263,0.4290764471939903,0.51789659743703054,-0.001122,-0.002324363234644277,0.52409271885293118,0.13079982324348211
20240624,5343,249,5094,0.061248527679623084,0.93482528464860626,-0.040099999999999997,-0.036310023360816644,0.78461182358514325,0.82155477031802115,2262,0.059239610963748898,0.93412908930150307,-0.036983000000000002,-0.035105438549955792,0.75375494593019865,0.79089301503094611
20240625,5338,249,5089,0.52584004716054233,0.44232658675574771,0.0019380000000000001,-0.0002888235409707213,0.59718256516545198,0.18097858125368441,2257,0.49933540097474521,0.47319450598139123,0,-0.0022548914488258747,0.60412571170628038,0.20159503766061143
20240626,5345,249,5096,0.90149136577708011,0.087323390894819469,0.026859000000000001,0.028465226844583989,0.16610236126921876,0.023940345368916798,2263,0.88466637207247012,0.10163499779054352,0.023082999999999999,0.024569399027839153,0.19858913926987196,0.02209456473707468
20240627,5339,249,5090,0.099214145383104121,0.88742632612966599,-0.019773499999999999,-0.018254047347740669,0.75357143253668379,0.49371316306483298,2259,0.083665338645418322,0.90349712262062865,-0.020101000000000001,-0.019063317397078353,0.74470454518118789,0.50376272687029655
20240628,5338,249,5089,0.56730202397327567,0.39005698565533503,0.0031319999999999998,0.0045969426213401457,0.3442020925215995,0.089212025938298287,2260,0.56238938053097343,0.3991150442477876,0.002849,0.0038790584070796459,0.33671925338790287,0.08185840707964602
20240701,5336,249,5087,0.67643011598191471,0.29958718301552978,0.0082640000000000005,0.0081852276390800074,0.32544456437578922,0.089247100452132883,2259,0.66401062416998669,0.3147410358565737,0.0077520000000000002,0.0068543315626383352,0.30180936062556013,0.10934041611332448
20240702,5336,249,5087,0.46353449970513072,0.50265382347159426,-0.00054900000000000001,0.00033961706310202492,0.56175972684006981,0.16001572636131314,2259,0.42319610447100486,0.53784860557768921,-0.0023089999999999999,-0.0022728384240814519,0.56122588035506904,0.17352810978308986
20240703,5335,249,5086,0.25776641761698782,0.69956744003145888,-0.008761999999999999,-0.0079871968147856871,0.61972440906515747,0.24478961856075501,2260,0.28672566371681418,0.66371681415929207,-0.0067454999999999998,-0.0053547504424778765,0.56820815555063098,0.18849557522123894
20240704,5336,249,5087,0.076076272852368787,0.92018871633575783,-0.028481999999999997,-0.026369784155690978,0.76700926220354215,0.70945547473953219,2261,0.080053073861123397,0.91463954002653691,-0.026581,-0.024858596638655462,0.74172320703324768,0.65900044228217602
20240705,5335,249,5086,0.749705072748722,0.21883602044828943,0.0095795000000000012,0.011248398741643727,0.40123211231160011,0.046795123869445537,2261,0.73153471915081825,0.23264042459088899,0.0082640000000000005,0.010381793454223794,0.43325006530738425,0.040689960194604156
20240708,5334,249,5085,0.087118977384464114,0.90757128810226151,-0.029624000000000001,-0.02650494552605703,0.70355076503828173,0.72979351032448381,2260,0.094690265486725669,0.89867256637168147,-0.027911000000000002,-0.025111988495575222,0.67147907108654148,0.69026548672566368
20240709,5340,249,5091,0.79689648399135726,0.17658613239049303,0.015361,0.017630234531526224,0.16038643704684483,0.048713415831860146,2261,0.80053073861123392,0.17381689517912427,0.014691000000000001,0.016177526758071648,0.16512431445766074,0.046439628482972138
20240710,5342,249,5093,0.28882780286667975,0.68623601021009228,-0.0086920000000000001,-0.0071492234439426662,0.54007812353543283,0.2395444728058119,2261,0.29279080053073864,0.67978770455550641,-0.0086289999999999995,-0.0077807868199911553,0.59140578629557838,0.24413976116762495
20240711,5342,249,5093,0.93304535637149033,0.059689770272923617,0.030283999999999998,0.030761197133320248,0.16878519828723562,0.014529746711172197,2261,0.9230429013710747,0.069438301636444058,0.028424000000000001,0.028621462627156126,0.19262373367793906,0.013268465280849183
20240712,5342,249,5093,0.37149028077753782,0.58276065187512271,-0.003676,-0.0025271606126055371,0.54903898020767539,0.14019242096995876,2261,0.38080495356037153,0.56612118531623179,-0.003055,-0.0018070583812472359,0.51258065108907092,0.12251216275984078
20240715,5343,249,5094,0.1662740478994896,0.8180212014134276,-0.017500000000000002,-0.014617452493129169,0.61048474896063354,0.42952493129171576,2262,0.18081343943412909,0.79929266136162691,-0.015442999999999998,-0.013855383731211318,0.56724744558157569,0.39610963748894784
20240716,5343,249,5094,0.43561052218296037,0.50961915979583827,-0.0010865,0.0013134575971731448,0.32842128703773138,0.078523753435414206,2262,0.45181255526083114,0.49867374005305037,0,0.0018059173297966401,0.32224505392257186,0.07161803713527852
20240717,5340,249,5091,0.27067373796896482,0.69396975054016896,-0.010417000000000001,-0.010741737772539776,0.63424938066692205,0.31506580239638576,2260,0.3269911504424779,0.63230088495575221,-0.0071124999999999999,-0.0068008283185840715,0.5539210802529505,0.23716814159292035
20240718,5337,249,5088,0.419811320754717,0.52830188679245282,-0.0018619999999999999,-0.00022982173742138359,0.44257332976259184,0.12087264150943396,2260,0.47035398230088493,0.47610619469026549,0,0.0015427048672566372,0.37544176253522898,0.084070796460176997
20240719,5336,249,5087,0.5985846274818164,0.35344997051307253,0.0043860000000000001,0.0066051161784942006,0.3885862457721514,0.065264399449577348,2259,0.58831341301460827,0.37051792828685259,0.0040879999999999996,0.0067220486941124398,0.38785119421877001,0.067286409915891993
20240722,5335,249,5086,0.55918206842312235,0.39441604404246955,0.0027394999999999997,0.0052172567833267793,0.46052117520741609,0.061934722768383799,2258,0.52125775022143495,0.43046944198405668,0.0012574999999999999,0.0025541930912311777,0.48477157397693821,0.071302037201062887
20240723,5335,249,5086,0.10460086511993708,0.87731026346834451,-0.022170999999999996,-0.020106698387731027,0.80993619482726231,0.55151395988989382,2258,0.098317094774136402,0.88308237378210808,-0.022317,-0.02175372497785651,0.80647963364443842,0.55225863596102742
20240724,5335,249,5086,0.15080613448682659,0.8318914667715297,-0.017441999999999999,-0.015348878293354304,0.69552951302892763,0.42882422335823828,2258,0.16076173604960142,0.81930912311780335,-0.017162999999999998,-0.01536878432240921,0.64444249899472528,0.42072630646589904
20240725,5333,249,5084,0.63158929976396538,0.32435090479937057,0.0051000000000000004,0.0049197224626278515,0.50238923881899533,0.073760818253343824,2257,0.62383695170580411,0.33008418254319893,0.0046300000000000004,0.0043705175011076649,0.5273305896204723,0.073992024811696949
20240726,5335,249,5086,0.84329532048761302,0.13782933543059378,0.0147365,0.016378233582383016,0.23829772335076108,0.034998033818324815,2258,0.83259521700620021,0.14924712134632417,0.013212,0.014456545172719224,0.30927790841520075,0.033658104517271921
20240729,5333,249,5084,0.44885916601101494,0.50491738788355622,-0.00065899999999999997,0.0012548302517702598,0.45081701108334404,0.11073957513768685,2257,0.39743021710234827,0.55959237926451044,-0.0028870000000000002,-0.0016694368630926005,0.45471499767761248,0.1382365972529907
20240730,5334,249,5085,0.62989183874139631,0.33254670599803343,0.0043860000000000001,0.0056194967551622425,0.45431418941908719,0.067453294001966563,2258,0.63817537643932687,0.3232949512843224,0.0045250000000000004,0.0061587927369353406,0.44943160130616011,0.062001771479185119
20240731,5334,249,5085,0.94906588003933134,0.046214355948869225,0.032017000000000004,0.033847032055063911,0.13076121429728654,0.016715830875122909,2258,0.93622674933569527,0.058458813108945969,0.033603999999999995,0.034808024357838793,0.1892922614242846,0.019486271036315322
20240801,5334,249,5085,0.41612586037364796,0.52507374631268433,-0.0013619999999999999,0.0011372943952802359,0.49218683276481762,0.079646017699115043,2257,0.42312804607886573,0.52193176783340722,-0.0011749999999999998,8.5290651307044611e-05,0.46931265288970775,0.093043863535666821
20240802,5336,249,5087,0.18969923333988598,0.78218989581285625,-0.013158000000000001,-0.012544432474936111,0.70357040985750829,0.34853548260271278,2258,0.18777679362267494,0.77635075287865363,-0.0116805,-0.012009929140832595,0.68652195272190575,0.31133746678476526
20240805,5334,249,5085,0.09714847590953786,0.88888888888888884,-0.024457,-0.024596297148475908,0.80950964834803008,0.58525073746312684,2257,0.096145325653522379,0.88524590163934425,-0.021297999999999997,-0.022901665485157287,0.79607249784084511,0.5214887018165707
20240806,5335,249,5086,0.89186000786472674,0.093590247738891075,0.018158500000000001,0.019168349980338183,0.26265239970130994,0.027329925285096344,2258,0.86802480070859167,0.11514614703277236,0.016694500000000001,0.017398287865367585,0.3332853933609447,0.029229406554472984
20240807,5336,249,5087,0.40672301946137213,0.55002948692746212,-0.0022829999999999999,0.00028562138785138594,0.4908126200522851,0.084332612541773141,2259,0.38556883576803896,0.57459052678176181,-0.0028630000000000001,-0.00021830677290836649,0.48759765107847319,0.069057104913678613
20240808,5337,249,5088,0.44575471698113206,0.51513364779874216,-0.0012339999999999999,-0.0020380112028301881,0.54542921833556224,0.16588050314465408,2260,0.47743362831858405,0.48097345132743363,0,-0.00072168628318584069,0.51234738638032196,0.12389380530973451
20240809,5337,249,5088,0.23565251572327045,0.71973270440251569,-0.0079369999999999996,-0.0072930112028301896,0.61403239784723418,0.17472484276729561,2260,0.21637168141592919,0.73849557522123899,-0.0083330000000000001,-0.0077153438053097342,0.6112587038174585,0.16592920353982302
20240812,5338,249,5089,0.27785419532324623,0.69090194537237182,-0.0076449999999999999,-0.0070994961682059347,0.61398954663776706,0.19532324621733149,2261,0.3056169836355595,0.65811587793011939,-0.0057609999999999996,-0.0058252025652366212,0.58481449849798095,0.16320212295444494
20240813,5338,249,5089,0.70465710355669087,0.25250540381214381,0.0067420000000000006,0.0069254372175280013,0.3095397696090621,0.048339555904892903,2261,0.67005749668288372,0.28394515701017248,0.0053480000000000003,0.0047695670057496687,0.33539125590556929,0.045555064130915521
20240814,5339,249,5090,0.25638506876227896,0.70176817288801574,-0.0074654999999999999,-0.0049652776031434186,0.61086318003510365,0.13732809430255402,2262,0.19982316534040673,0.75862068965517238,-0.0089625,-0.007962436339522547,0.62965441509180253,0.16445623342175067
20240815,5339,249,5090,0.72946954813359532,0.23614931237721021,0.0067629999999999999,0.0084200277013752444,0.23156068165812868,0.040275049115913557,2263,0.71586389748121959,0.25099425541316839,0.0062109999999999995,0.0065295448519664167,0.23446746774651178,0.040212107821475919
20240816,5339,249,5090,0.30962671905697448,0.66640471512770139,-0.0074789999999999995,-0.0039521430255402747,0.52807596335137186,0.17897838899803536,2262,0.27453580901856767,0.69717064544650753,-0.0076445000000000003,-0.0060817882404951371,0.55168230804671325,0.16401414677276746
20240819,5338,249,5089,0.36608370996266459,0.58754175673020237,-0.004065,-0.0038644488111613286,0.4832471440043275,0.17095696600510907,2261,0.36267138434321095,0.58337019018133573,-0.0034720000000000003,-0.0030939721362229105,0.44146223187958028,0.13312693498452013
20240820,5339,249,5090,0.10353634577603144,0.88467583497053048,-0.018519000000000001,-0.016993106679764242,0.74687731689464731,0.4451866404715128,2262,0.087091069849690533,0.89876215738284704,-0.017764000000000002,-0.017302454465075157,0.76100531604495458,0.41954022988505746
20240821,5340,249,5091,0.35140443920644276,0.60047142015321153,-0.0038069999999999996,-0.0021830216067570221,0.55089080471985918,0.11628363779218229,2262,0.3129973474801061,0.62776304155614504,-0.0042424999999999997,-0.0035159734748010612,0.58265954461382052,0.098585322723253752
20240822,5340,250,5090,0.14950884086444008,0.83261296660117878,-0.015560000000000001,-0.014763503732809432,0.70998125940165491,0.36876227897838898,2262,0.16710875331564987,0.81388152077807252,-0.012962999999999999,-0.012771127320954907,0.66628798524748223,0.28779840848806365
20240823,5338,250,5088,0.35102201257861637,0.60829402515723274,-0.0048770000000000003,-0.0046362551100628917,0.46550737987004098,0.18022798742138366,2261,0.33613445378151263,0.61831048208757189,-0.0045450000000000004,-0.0053738973905351614,0.48334945440747823,0.15789473684210525
20240826,5340,250,5090,0.7225933202357564,0.25088408644400784,0.0102705,0.011038837328094301,0.39216672480857417,0.063850687622789781,2263,0.70349094122845779,0.26734423331860363,0.0084969999999999993,0.0094913795846221834,0.42725971433890991,0.0618647812638091
20240827,5339,250,5089,0.19787777559441933,0.78129298486932597,-0.014799,-0.013280015327176263,0.69694840292243743,0.37237178227549617,2262,0.21662245800176835,0.75817860300618922,-0.012393,-0.010744296640141466,0.65216479247984105,0.30106100795755969
20240828,5339,250,5089,0.64079386912949499,0.3169581450186677,0.0050800000000000003,0.0051481184908626449,0.476239704350156,0.075063863234427194,2262,0.61671087533156499,0.33510167992926615,0.0041554999999999995,0.0038438956675508396,0.53966933760803515,0.0614500442086649
20240829,5339,251,5088,0.79166666666666663,0.17413522012578617,0.0137395,0.014587656446540878,0.29370575454665432,0.048742138364779877,2261,0.76160990712074306,0.20168067226890757,0.012800000000000001,0.013201710747456876,0.39122211617919045,0.060592658115877933
20240830,5339,251,5088,0.87441037735849059,0.10750786163522012,0.016524999999999998,0.019450205188679247,0.16476035422110538,0.017295597484276729,2261,0.84741264927023441,0.13356921716054843,0.016036999999999999,0.017578486510393631,0.25437682374649845,0.027863777089783281
20240902,5337,251,5086,0.15867086118757373,0.82265041289815177,-0.017320500000000003,-0.016341501376327172,0.75338519854789654,0.4388517499016909,2260,0.17610619469026548,0.80353982300884952,-0.017638000000000001,-0.017181309292035395,0.7271954151168506,0.4486725663716814
20240903,5338,251,5087,0.74346373107922159,0.21250245724395517,0.0079520000000000007,0.0099592180066837045,0.28595799755754403,0.029683506978572832,2260,0.71725663716814159,0.23805309734513275,0.0068479999999999999,0.0088170097345132738,0.35916411550158145,0.034070796460176994
20240904,5338,251,5087,0.24592097503440141,0.7220365637900531,-0.0074070000000000004,-0.0060120294869274622,0.64718874224432865,0.15608413603302537,2259,0.27091633466135456,0.69588313413014613,-0.0058570000000000002,-0.0048063027888446217,0.62877040020754449,0.11775121735281098
20240905,5338,251,5087,0.74385689011205036,0.21761352467072931,0.0076780000000000008,0.0090396724985256534,0.32862067884638252,0.037546687635148415,2258,0.73870682019486267,0.22187776793622674,0.0075525000000000002,0.008418727192205492,0.32137723774475518,0.032329495128432244
20240906,5338,251,5087,0.10025555337133871,0.88421466483192457,-0.020039999999999999,-0.018272429722822885,0.70209474161375041,0.50147434637310795,2257,0.10988037217545414,0.86752326096588395,-0.018293,-0.017045027027027027,0.64909028542428915,0.44838280903854677
20240909,5336,251,5085,0.36951819075712883,0.57404129793510328,-0.0030159999999999996,-0.0024513984267453288,0.63416639192592017,0.11071779744346116,2258,0.32816651904340122,0.60938883968113378,-0.0041434999999999996,-0.0040226682905225861,0.67498974748365104,0.12488928255093003
20240910,5336,251,5085,0.62733529990167158,0.32841691248770893,0.0050309999999999999,0.0053536446411012783,0.41721489869605316,0.065486725663716813,2257,0.59149313247673907,0.36552946389011964,0.003774,0.0034200239255649093,0.47579683064676537,0.066902968542312799
20240911,5340,251,5089,0.29966594615838082,0.66732167419925326,-0.0063570000000000007,-0.0044515745726075853,0.54117065437524836,0.13617606602475929,2258,0.3308237378210806,0.6328609388839681,-0.0047039999999999998,-0.0036573241806908772,0.57717480886363737,0.12400354295837024
20240912,5340,251,5089,0.36490469640400863,0.57889565730005899,-0.0034480000000000001,-0.0024355616034584401,0.56247249871188032,0.10964826095500098,2258,0.38086802480070858,0.56155890168290523,-0.0027780000000000001,-0.0025913542958370243,0.54721272978554136,0.0912311780336581
20240913,5341,252,5089,0.17174297504421301,0.79799567695028495,-0.015101999999999999,-0.013237800550206326,0.656889465990386,0.36176066024759285,2258,0.19264836138175376,0.77147918511957481,-0.013257999999999999,-0.011993941541186891,0.6066144335242506,0.32949512843224094
20240918,5337,252,5085,0.29065880039331365,0.67807276302851527,-0.0083130000000000009,-0.0068028548672566377,0.50836183472379715,0.21435594886922321,2258,0.34676705048715678,0.61647475642161209,-0.0061005,-0.0045412307351638615,0.42308631028960653,0.18290522586359612
20240919,5342,252,5090,0.89960707269155205,0.091159135559921417,0.022360999999999999,0.022564045972495089,0.18561488859146147,0.018271119842829076,2260,0.87743362831858407,0.11061946902654868,0.020514499999999998,0.020561134955752212,0.2104022561670188,0.020353982300884955
20240920,5342,252,5090,0.30785854616895875,0.65147347740667971,-0.0062129999999999998,-0.0031946946954813358,0.45868151216974662,0.12357563850687622,2260,0.3070796460176991,0.64911504424778765,-0.0057109999999999999,-0.0036799048672566379,0.4588859172047085,0.12123893805309735
20240923,5343,252,5091,0.49577686112747987,0.45511687291298369,0,0.0019492895305440975,0.41226549552344066,0.073855824003142806,2261,0.48341441839893851,0.47147279964617428,0,0.00082513622291021651,0.44688921885679994,0.08845643520566121
20240924,5344,252,5092,0.96641791044776115,0.030636292223095052,0.033078999999999997,0.03521566496465043,0.063810830431860324,0.0092301649646504315,2261,0.96904024767801855,0.028748341441839895,0.035088000000000001,0.037016601503759398,0.054937081025748798,0.0097302078726227339
20240925,5347,253,5094,0.77581468394189246,0.19257950530035337,0.0098899999999999995,0.012344034746760896,0.22503572971784808,0.021986650961915981,2262,0.75243147656940756,0.21706454465075153,0.0092475000000000005,0.011030397435897437,0.22312616022324808,0.025198938992042442
20240926,5348,253,5095,0.96251226692836112,0.032580961727183513,0.029851000000000003,0.035041734445534836,0.054493215195425118,0.008832188420019628,2263,0.96730004418912952,0.028281042863455591,0.033098000000000002,0.037092584180291648,0.051308257486750553,0.0079540433053468841
20240927,5348,253,5095,0.97625122669283615,0.018842001962708538,0.045575999999999998,0.049464966830225714,0.048245437611450566,0.0060843964671246321,2263,0.96641626159964644,0.026071586389748123,0.041666999999999996,0.044969413168360582,0.097063240548827048,0.0070702607158638978
20240930,5345,253,5092,0.99842890809112328,0.0015710919088766694,0.099451499999999998,0.11388282560879812,0.00049011154955833818,0.001178318931657502,2261,0.99911543564794336,0.00088456435205661217,0.092199000000000003,0.10245256346749226,0.00023873764726312931,0.00088456435205661217
20241008,5341,253,5088,0.93887578616352196,0.057193396226415096,0.073258500000000004,0.082139585298742129,0.1022886109673458,0.020833333333333332,2260,0.92389380530973453,0.073451327433628325,0.054282000000000004,0.069896758849557525,0.17080299640563645,0.02831858407079646
20241009,5341,253,5088,0.055031446540880505,0.94477201257861632,-0.096229499999999996,-0.089302206564465414,0.79188354208311462,0.92669025157232709,2259,0.051792828685258967,0.94820717131474108,-0.089412000000000005,-0.079846934926958824,0.80013960654070015,0.92828685258964139
20241010,5343,253,5090,0.57190569744597253,0.40687622789783889,0.0042494999999999998,0.001235255599214146,0.5401416529188986,0.20923379174852652,2261,0.55108359133126938,0.42724458204334365,0.0032029999999999997,-0.00043759354268023024,0.49870191425740557,0.22644847412649272
20241011,5344,254,5090,0.085265225933202363,0.90707269155206283,-0.041038499999999999,-0.035566614145383105,0.78939600191386239,0.80451866404715122,2260,0.08628318584070796,0.90486725663716816,-0.036998000000000003,-0.03669150132743363,0.82040875879066588,0.76946902654867255
20241014,5345,254,5091,0.93714397957179341,0.055195442938518954,0.025906999999999999,0.031304638577882536,0.099306921238030144,0.013160479277155765,2260,0.91769911504424784,0.073008849557522126,0.021700500000000001,0.026441336725663719,0.1560521291691209,0.016371681415929203
20241015,5346,254,5092,0.14709347996857816,0.84151610369206598,-0.0196355,-0.01545952120974077,0.72836330498052659,0.4925373134328358,2261,0.11853162317558602,0.87350729765590451,-0.021765,-0.018412002653693055,0.82662867581537225,0.55992923485183543
20241016,5349,254,5095,0.49793915603532873,0.4708537782139352,0,0.0059592486751717374,0.48762216981905276,0.1169774288518155,2262,0.49823165340406722,0.46993810786914236,0,0.0030302696728558803,0.47211193425174158,0.11140583554376658
20241017,5352,254,5098,0.30423695566888975,0.6755590427618674,-0.0090334999999999999,-0.0033833360141231855,0.52357700155222486,0.20910160847391135,2263,0.27220503756076003,0.71056120194432171,-0.010417000000000001,-0.006424875828546177,0.61500033874759719,0.21961997348652232
20241018,5351,254,5097,0.95016676476358641,0.038846380223660978,0.026065999999999999,0.033033047282715319,0.053177381668800323,0.0080439474200510105,2262,0.94562334217506627,0.041114058355437667,0.024767999999999998,0.033775567197170647,0.053940214761156194,0.010167992926613616
20241021,5351,254,5097,0.6906023150873063,0.28271532273886602,0.011672999999999999,0.017840291740239361,0.27563772600931158,0.046497939964685112,2263,0.63411400795404327,0.33406981882456915,0.007528,0.013805980114891736,0.35759343671572136,0.060539107379584622
20241022,5350,253,5097,0.69609574259368256,0.28958210712183635,0.011153999999999999,0.010916582891897194,0.39714754572549982,0.12458308809103394,2262,0.70114942528735635,0.28249336870026526,0.0099030000000000003,0.010923681255526084,0.37430419308710516,0.10389036251105217
20241023,5347,253,5094,0.49784059678052611,0.46878680800942285,0,0.0036853129171574403,0.48507030116778266,0.13604240282685512,2260,0.56592920353982301,0.3991150442477876,0.0027860000000000003,0.0061384137168141607,0.42708711321880916,0.093805309734513273
20241024,5349,253,5096,0.37617739403453687,0.59301412872841441,-0.0045494999999999997,-0.00081439952904238612,0.56067790791845495,0.20270800627943486,2260,0.39690265486725662,0.56548672566371683,-0.0032624999999999998,-0.0014444030973451327,0.54891727732253581,0.16946902654867257
20241025,5349,253,5096,0.82672684458398749,0.1609105180533752,0.0164855,0.022830171114599687,0.25586189006108501,0.032182103610675042,2260,0.81769911504424775,0.17123893805309734,0.015628999999999997,0.021172096017699111,0.30547913897100321,0.030530973451327433
20241028,5346,254,5092,0.7937941869599372,0.19658287509819325,0.020720500000000003,0.024654640809112335,0.26844887066238204,0.045758051846032995,2258,0.78033658104517267,0.20992028343666963,0.019806999999999998,0.02353452657218778,0.28901243550269845,0.044286979627989373
20241029,5348,255,5093,0.16571765167877478,0.82682112703710975,-0.025958999999999999,-0.018834492440604752,0.64868287965953353,0.62183388965246411,2258,0.15721877767936226,0.83658104517271925,-0.024660500000000002,-0.018433166519043403,0.65732362048228377,0.60141718334809569
20241030,5346,255,5091,0.43213514044392065,0.54665095266155961,-0.0032629999999999998,0.0014242967982714594,0.44240298173737336,0.18935376153997249,2257,0.42578644217988482,0.55250332299512628,-0.0033219999999999999,0.00037432166592822299,0.46982745841690776,0.20381036774479397
20241031,5349,256,5093,0.68113096406832907,0.29628902415079522,0.0096839999999999999,0.015858658747300216,0.28559871850831126,0.078146475554682904,2257,0.67390341160832967,0.30837394771821003,0.010026999999999999,0.015303843154630039,0.30606535781230698,0.081524147097917596
20241101,5349,256,5093,0.18476340074612213,0.80640094247005689,-0.032037000000000003,-0.030456709994109564,0.68834638271896087,0.63675633222069505,2258,0.23914968999114261,0.7506643046944198,-0.024201,-0.022445805580159437,0.61823485736216544,0.55270150575730737
20241104,5350,256,5094,0.8354927365528072,0.14860620337652139,0.018974999999999999,0.02059884864546525,0.22486004345357705,0.059285433843737731,2258,0.82063773250664307,0.16076173604960142,0.016903000000000001,0.018620593002657219,0.21817840716690198,0.058901682905225863
20241105,5353,256,5097,0.94526191877575039,0.046105552285658227,0.023467999999999999,0.030104877771237985,0.079049339865230411,0.0082401412595644492,2260,0.93097345132743359,0.05663716814159292,0.021113,0.028110146460176993,0.079003601879938823,0.008407079646017699
20241106,5354,256,5098,0.51078854452726563,0.46057277363672028,0.00087800000000000009,0.0070810817967830531,0.45536253931808124,0.096116123970184389,2262,0.48629531388152075,0.48364279398762156,0,0.0057962484526967286,0.45073199857288659,0.093722369584438553
20241107,5354,256,5098,0.85151039623381719,0.14240878775990584,0.022086500000000002,0.025583401726167129,0.2231758550103155,0.052569635151039622,2263,0.85815289438798059,0.13698630136986301,0.021930000000000002,0.025253022536456032,0.18176261458009041,0.049049933716305789
20241108,5356,256,5100,0.42470588235294116,0.55823529411764705,-0.0036785000000000003,0.0026647670588235291,0.51442728358691103,0.16921568627450981,2263,0.42819266460450728,0.55766681396376494,-0.0039750000000000002,0.0030768223596995136,0.53267714891291229,0.16570923552806011
20241111,5352,257,5095,0.75603532875368007,0.22845927379784103,0.018600000000000002,0.02325672836113837,0.24728600767968106,0.064180569185475961,2261,0.71693940734188411,0.26536930561698363,0.017301999999999998,0.024436419283502875,0.30495316087568042,0.063246351172047771
20241112,5353,257,5096,0.27452904238618525,0.70761381475667195,-0.011124500000000001,-0.0094747949372056533,0.65809006727638442,0.33575353218210363,2261,0.25210084033613445,0.73153471915081825,-0.011493999999999999,-0.010616646616541353,0.70602578917162839,0.34144183989385229
20241113,5353,257,5096,0.47704081632653061,0.49372056514913659,0,0.0015938850078492937,0.47943351328027972,0.14423076923076922,2260,0.50176991150442474,0.47123893805309736,0.00039400000000000004,0.0023917269911504424,0.44789019732699448,0.12920353982300886
20241114,5354,257,5097,0.084559544830292335,0.91210515989797925,-0.030762000000000001,-0.028719522268000782,0.84167578539985966,0.74435942711398861,2262,0.080459770114942528,0.91556145004420864,-0.029054,-0.028021251547303269,0.84202212273798305,0.71794871794871795
20241115,5355,257,5098,0.15358964299725383,0.83562181247548062,-0.021194499999999998,-0.019958221655551195,0.73999854532619225,0.52491173009023151,2263,0.15377817057003976,0.83340698188245688,-0.020030000000000003,-0.020035756959787893,0.75428178413489866,0.50022094564737074
20241118,5352,257,5095,0.20549558390578998,0.78213935230618248,-0.022884999999999999,-0.022770179980372916,0.68962922778604696,0.54092247301275764,2261,0.25696594427244585,0.72888102609464833,-0.016739,-0.016651533392304293,0.61308550014355312,0.45157010172490047
20241119,5355,258,5097,0.87443594271139891,0.11379242691779479,0.023569,0.025045158328428487,0.21025793446928587,0.040808318618795372,2261,0.84741264927023441,0.13754975674480319,0.019701,0.02112735161432994,0.2740402078274557,0.041574524546660767
20241120,5359,258,5101,0.84826504606939812,0.13742403450303861,0.016354999999999998,0.022193267202509314,0.19248809152460084,0.010978239560870417,2264,0.81404593639575973,0.1687279151943463,0.0138015,0.019941829505300351,0.2430491254270378,0.016342756183745585
20241121,5359,258,5101,0.46049794158008234,0.51068417957263279,-0.00093499999999999996,0.0030997537737698492,0.44112485217523689,0.092726916290923347,2263,0.44454264250994258,0.5236411842686699,-0.0014039999999999999,0.0022775298276623951,0.42374948190905598,0.082191780821917804
20241122,5361,258,5103,0.076229668822261412,0.92122281011169904,-0.040201000000000001,-0.03512532353517539,0.82562167112538865,0.84166176758769351,2264,0.069787985865724378,0.92800353356890464,-0.038462000000000003,-0.035029447879858656,0.8341372324168721,0.84231448763250882
20241125,5360,258,5102,0.70991767934143468,0.27303018424147391,0.0125215,0.013617007840062719,0.45875437908904315,0.09506076048608389,2263,0.68404772425983207,0.29562527618205919,0.0097090000000000006,0.011283361025187804,0.49730048550173611,0.098099867432611579
20241126,5361,257,5104,0.29310344827586204,0.68416927899686519,-0.0093589999999999993,-0.0049829602272727265,0.64798139009029154,0.27644984326018807,2265,0.3086092715231788,0.66534216335540841,-0.0077349999999999997,0.0013898348785871964,0.60290156055600252,0.23002207505518762
20241127,5360,257,5103,0.81089555163629234,0.16715657456398197,0.013441000000000002,0.01654573701744072,0.16414901705991886,0.047031158142269255,2265,0.81192052980132445,0.16821192052980133,0.012484,0.014553925386313466,0.16038768632608244,0.04856512141280353
20241128,5358,257,5101,0.46775142128994313,0.50813565967457364,-0.001036,0.0020136526171338951,0.56725914519149112,0.13820819447167221,2263,0.45293857711003094,0.51745470614228894,-0.001387,0.0014778532920901458,0.56877231416885266,0.11842686699072029
20241129,5364,258,5106,0.80415197806502159,0.16862514688601646,0.011730000000000001,0.015944626713670192,0.18488523836870352,0.040932236584410496,2267,0.80811645346272609,0.15659461843846492,0.011551000000000001,0.016338406704896339,0.1624537100803003,0.030436700485222762
20241202,5362,258,5104,0.86775078369905956,0.12127742946708464,0.017054,0.021594806230407521,0.17859322689255444,0.024882445141065832,2267,0.84781649757388622,0.13850904278782533,0.015384999999999999,0.019525876047640053,0.22428461988146828,0.027348919276576972
20241203,5362,258,5104,0.4539576802507837,0.50901253918495293,-0.00083500000000000002,0.0022867337382445141,0.49842310114102339,0.11579153605015674,2267,0.44419938244375828,0.50904278782531975,-0.00073099999999999999,0.0013468442876047645,0.4449734921772292,0.11601235112483459
20241204,5362,258,5104,0.18260188087774296,0.80936520376175547,-0.017308,-0.013138051136363637,0.64215884279848434,0.42789968652037619,2266,0.1884377758164166,0.80361871138570162,-0.015822000000000003,-0.012777951456310681,0.62679708309821336,0.37378640776699029
20241205,5366,259,5107,0.7205795966320736,0.25337771685921284,0.0089370000000000005,0.013547602702173487,0.29066501274326223,0.041120031329547682,2269,0.68444248567650945,0.28823270163067433,0.0070540000000000004,0.012330590127809606,0.35705051251235265,0.039665050683120318
20241206,5364,259,5105,0.69931439764936332,0.28521057786483839,0.0081720000000000004,0.010648309108716943,0.30095591527909682,0.065230166503428014,2268,0.74470899470899465,0.24162257495590828,0.0089905000000000002,0.011834161375661376,0.26346091730322735,0.052028218694885359
20241209,5362,259,5103,0.39702135998432297,0.58259847148736033,-0.0043169999999999997,-0.00081788144228884976,0.5424447927808963,0.17832647462277093,2268,0.38095238095238093,0.59656084656084651,-0.0047089999999999996,-0.0022569695767195763,0.54423586694665227,0.18121693121693122
20241210,5365,260,5105,0.54084231145935358,0.42193927522037217,0.001758,0.0075075823702252693,0.33855138947509472,0.055631733594515183,2269,0.5442926399294844,0.41516086381665934,0.0018079999999999999,0.00687715601586602,0.35338684689513905,0.052446011458792421
20241211,5366,260,5106,0.74402663533098312,0.23854289071680376,0.0095914999999999993,0.014287505483744615,0.3277980465308431,0.059537798668233451,2269,0.75143234905244605,0.22961657117672984,0.010484,0.014760578669017189,0.32775019326994892,0.055971793741736449
20241212,5367,260,5107,0.66555707851967882,0.31251223810456236,0.00662,0.01139270667710985,0.31186911224824804,0.074016056393185828,2269,0.66416923754958135,0.31070956368444247,0.0062500000000000003,0.011753639929484354,0.31563503886736655,0.072719259585720578
20241213,5366,260,5106,0.15569917743830788,0.83822953388170784,-0.02307,-0.017512427927927929,0.71633462916688662,0.58284371327849593,2267,0.14159682399647111,0.85399205999117778,-0.022818999999999999,-0.018609750330833702,0.75335322057496468,0.57697397441552711
20241216,5370,260,5110,0.33757338551859101,0.63874755381604698,-0.0076279999999999994,-0.0056324009784735818,0.61103313944232651,0.27103718199608612,2268,0.34788359788359791,0.62698412698412698,-0.0073109999999999998,-0.0052343968253968261,0.55597952668300499,0.26014109347442682
20241217,5367,260,5107,0.10358331701586058,0.8926962991971803,-0.036019000000000002,-0.03473825494419424,0.72434515391484611,0.69159976502839238,2266,0.1209179170344219,0.87378640776699024,-0.029973,-0.030692954545454544,0.71072773066984529,0.62577228596646073
20241218,5369,261,5108,0.5407204385277995,0.4187548942834769,0.0020119999999999999,0.0059613678543461229,0.32657272400238735,0.071456538762725133,2266,0.53486319505736979,0.42321270962047663,0.0016225000000000002,0.0053223530450132398,0.32786234508448237,0.067519858781994707
20241219,5368,261,5107,0.4341100450362248,0.53808498139808103,-0.0019270000000000001,0.00042310319169766954,0.45858931344111842,0.13393381633052673,2266,0.38834951456310679,0.58208296557811123,-0.0034480000000000001,-0.0019708164165931157,0.50690631582437895,0.14210061782877317
20241220,5373,261,5112,0.6770344287949922,0.29362284820031298,0.0083079999999999994,0.011843682707355243,0.33102517710025608,0.056142410015649451,2267,0.63740626378473753,0.33348037053374502,0.0059740000000000001,0.010188370533745036,0.37595303812312159,0.058226731363034849
20241223,5371,261,5110,0.10313111545988259,0.89295499021526414,-0.0419075,-0.040101197847358119,0.73614366881807725,0.75596868884540114,2267,0.12924569916188797,0.86634318482576089,-0.035477000000000002,-0.034560866343184823,0.6723594031752127,0.6982796647551831
20241224,5371,261,5110,0.73346379647749516,0.24598825831702545,0.0093565000000000002,0.0097482718199608607,0.26049331971409584,0.083365949119373783,2267,0.76621085134539035,0.21570357300397,0.0097800000000000005,0.010720976621085135,0.17181422571556648,0.059550066166740183
20241225,5368,261,5107,0.17446641864108087,0.81456823967103975,-0.020369999999999999,-0.018975017427060897,0.63504495327812416,0.50636381437242994,2264,0.20848056537102475,0.77473498233215543,-0.016691000000000001,-0.015116617491166077,0.56367247350423222,0.42800353356890458
20241226,5372,262,5110,0.68806262230919768,0.27397260273972601,0.0083800000000000003,0.012415093737769081,0.27114561580251484,0.034050880626223093,2267,0.64181737979708864,0.31318923687692984,0.0061250000000000002,0.010680063961182181,0.33829155866415472,0.037494486104984563
20241227,5370,262,5108,0.6687548942834769,0.3140172278778387,0.0074210000000000005,0.0070177609631949878,0.45050596395335152,0.10062646828504307,2267,0.64975738861932064,0.3325981473312748,0.0066579999999999999,0.0054228676665196299,0.46039831503945322,0.10719011910013233
20241230,5367,262,5105,0.25602350636630755,0.72693437806072481,-0.010596000000000001,-0.0087883970617042111,0.5323386026993121,0.2752203721841332,2267,0.26599029554477283,0.71504190560211733,-0.0097419999999999989,-0.0082772655491839438,0.51640640008243421,0.24878694309660343
20241231,5370,262,5108,0.11139389193422083,0.88116679718089275,-0.025167999999999999,-0.024697534455755676,0.84028721352944435,0.62646828504306973,2269,0.12208021154693698,0.8677831643895989,-0.021739000000000001,-0.021588381225209344,0.81730719921997563,0.54605553107095639
20250102,5369,263,5106,0.16255385820603213,0.82706619663141401,-0.021739000000000001,-0.018568443595769684,0.771301297692914,0.54661182922052487,2269,0.15821947994711327,0.83252534156015867,-0.021644999999999998,-0.019046335390039665,0.80583823058131154,0.5438519171441164
20250103,5372,263,5109,0.09610491289880603,0.89880602857702097,-0.038008,-0.035432889410843611,0.81340186172047446,0.73204149540027408,2270,0.10616740088105726,0.88898678414096921,-0.031495999999999996,-0.030412089427312782,0.81435554349242267,0.67268722466960351
20250106,5370,263,5107,0.42862737419228508,0.54356765224202075,-0.0026989999999999996,-0.004656074211866066,0.56089742657919606,0.20794987272371254,2270,0.43127753303964755,0.53700440528634363,-0.0023055000000000003,-0.0040814735682819384,0.54411021031004836,0.19955947136563876
20250107,5373,263,5110,0.81409001956947158,0.17103718199608611,0.020386000000000001,0.021920011545988258,0.18144369330195514,0.039726027397260277,2270,0.76387665198237886,0.22026431718061673,0.014855,0.016475016740088107,0.2344642134262335,0.047577092511013219
20250108,5373,263,5110,0.35322896281800392,0.61898238747553813,-0.0052674999999999996,-0.0010237704500978475,0.51530151330819307,0.12994129158512721,2270,0.35374449339207048,0.61629955947136561,-0.0051295000000000004,-0.001310181497797357,0.49523502319515722,0.12995594713656389
20250109,5374,263,5111,0.48914106828409315,0.47466249266288396,0,0.0030387233418117791,0.41522476250016327,0.08374095089023674,2270,0.42599118942731279,0.53788546255506609,-0.0017645,0.0011058691629955949,0.50919408354126705,0.093832599118942733
20250110,5375,263,5112,0.10113458528951487,0.89162754303599379,-0.027870499999999999,-0.025446441510172141,0.77835401651624403,0.65982003129890454,2271,0.11184500220167327,0.88110964332892994,-0.023029000000000001,-0.021035224130339057,0.74313417337741905,0.57243505063848521
20250113,5374,263,5111,0.58090393269418905,0.38309528468010173,0.0033279999999999998,0.0021206804930541971,0.48650497062168963,0.11758951281549598,2269,0.55795504627589243,0.40326134861172325,0.0023779999999999999,0.0016411696782723667,0.52586107718717434,0.11458792419568092
20250114,5377,263,5114,0.99159170903402427,0.0074305827141181073,0.043351000000000001,0.045678268674227612,0.015137838389645544,0.0025420414548298787,2270,0.99251101321585899,0.0074889867841409687,0.038688500000000001,0.041181995594713652,0.026766246217083078,0.0026431718061674008
20250115,5379,263,5116,0.30355746677091477,0.6675136825645035,-0.0065760000000000002,-0.0031241475762314309,0.57933644449417598,0.14249413604378422,2272,0.31602112676056338,0.653169014084507,-0.0060590000000000001,-0.0029099242957746482,0.57253703939292899,0.13688380281690141
20250116,5379,263,5116,0.61610633307271301,0.34675527756059421,0.0035709999999999995,0.0061277073885848323,0.38128754873431875,0.054143862392494135,2271,0.60810215763980624,0.35006605019815057,0.0034629999999999999,0.0052670841039189785,0.38760935089240384,0.058124174372523117
20250117,5378,263,5115,0.50166177908113396,0.45513196480938417,0.00041199999999999999,0.0012723608993157384,0.42460215120516537,0.10654936461388075,2269,0.53724107536359633,0.41427941824592329,0.00165,0.0029911943587483474,0.38117739435597886,0.089907448215072724
20250120,5377,263,5114,0.68732890105592492,0.28079780993351583,0.0076454999999999995,0.0094839763394603035,0.33495556865073806,0.061791161517403208,2268,0.64373897707231043,0.32319223985890655,0.0056589999999999991,0.007175849647266315,0.3938047974793909,0.068783068783068779
20250121,5379,263,5116,0.37099296325254105,0.60301016419077402,-0.0043290000000000004,-0.0010411765050820955,0.37228637444985285,0.13467552775605943,2268,0.38447971781305113,0.58906525573192237,-0.0038795000000000001,-0.00039859964726631419,0.40221288961557078,0.12213403880070546
20250122,5383,263,5120,0.19570312500000001,0.78691406249999996,-0.010703499999999999,-0.0092409568359374996,0.61585105410160312,0.24824218749999999,2271,0.21620431527961251,0.76001761338617346,-0.0093430000000000006,-0.0081627529722589163,0.62973908972671599,0.22369000440334655
20250123,5384,263,5121,0.43311853153680924,0.51825815270454989,-0.0011849999999999999,-0.0009919853544229642,0.56496770928438278,0.11931263425112283,2271,0.47291941875825627,0.47291941875825627,0,5.0419198590929176e-05,0.50579505900698185,0.09863496257155438
20250124,5381,263,5118,0.73935130910511915,0.22411098085189526,0.0083879999999999996,0.011556954083626416,0.19699131675837042,0.050410316529894493,2270,0.73524229074889869,0.22555066079295155,0.0078919999999999997,0.011144856387665198,0.21461939642595762,0.044933920704845816
20250127,5382,263,5119,0.34831021683922642,0.6247313928501661,-0.0078279999999999999,-0.0092574692322719299,0.6749443448375656,0.30611447548349285,2271,0.39145750770585647,0.5803610744165566,-0.005032,-0.0067162923822104807,0.59490136061081322,0.27212681638044917
20250205,5384,263,5121,0.64518648701425507,0.33567662565905099,0.0089549999999999994,0.01004601171646163,0.32945602537719365,0.11325912907635227,2272,0.570862676056338,0.40757042253521125,0.0042699999999999995,0.0068156998239436621,0.40813585295993432,0.144806338028169
20250206,5385,264,5121,0.88615504784221832,0.091974223784417108,0.016597999999999998,0.022150809412224172,0.099108211656753722,0.015621948838117555,2271,0.87802730074856894,0.09863496257155438,0.014866999999999998,0.021167140907089387,0.13732176538174767,0.017173051519154558
20250207,5386,264,5122,0.76317844591956263,0.21183131589222959,0.009218500000000001,0.01303495216712222,0.22289461894432794,0.023233112065599377,2272,0.75132042253521125,0.22183098591549297,0.0085579999999999996,0.011945334066901406,0.23119339981693957,0.025528169014084508
20250210,5387,264,5123,0.75912551239508097,0.21569392933827836,0.011850000000000001,0.01744800507515128,0.24757895043816866,0.030646105797384346,2274,0.7198768689533861,0.24758135444151275,0.010045000000000002,0.015844774846086193,0.26802999653205672,0.033861037818821459
20250211,5386,264,5122,0.31706364701288559,0.6571651698555252,-0.0064450000000000002,-0.0031303088637251075,0.56878085208445162,0.15970324092151503,2272,0.32790492957746481,0.64348591549295775,-0.0059290000000000002,-0.0030948072183098595,0.57896437900357223,0.16373239436619719
20250212,5386,264,5122,0.65950800468566961,0.29109722764545098,0.0046550000000000003,0.010221949629051151,0.20692273634045866,0.026552128074970715,2272,0.65404929577464788,0.29313380281690143,0.0047039999999999998,0.01081134463028169,0.22921664807756761,0.026408450704225352
20250213,5387,264,5123,0.21784110872535623,0.75834471989068908,-0.011607000000000001,-0.0094529129416357598,0.59811884515146807,0.29845793480382588,2273,0.21997360316761988,0.75186977562692481,-0.010345,-0.0092490351957765053,0.59652091998320544,0.27760668719753628
20250214,5386,264,5122,0.45021475985942994,0.51386177274502143,-0.00092850000000000007,0.0029388537680593513,0.42019085438796183,0.1202655212807497,2272,0.44058098591549294,0.51672535211267601,-0.00090149999999999996,0.0025544414612676055,0.43812178982281519,0.11311619718309859
20250217,5389,264,5125,0.67590243902439029,0.30263414634146341,0.0083099999999999997,0.012267526634146342,0.34348304966790788,0.064780487804878051,2273,0.61768587769467664,0.35503739551253849,0.0060460000000000002,0.0097948468983721938,0.38576736293396841,0.071711394632644088
20250218,5388,264,5124,0.13563622170179548,0.85831381733021073,-0.0248325,-0.023001899297423887,0.73898723567550317,0.60206869633099136,2272,0.14568661971830985,0.84507042253521125,-0.021340499999999998,-0.019680908450704224,0.71504188152202763,0.53345070422535212
20250219,5388,264,5124,0.85636221701795467,0.11436377829820453,0.01575,0.021470643247462923,0.11964281148281283,0.0097580015612802502,2272,0.81602112676056338,0.1505281690140845,0.012843500000000001,0.01913662411971831,0.18149442488746279,0.011003521126760563
20250220,5387,264,5123,0.61858286160452858,0.34881905133710717,0.0051649999999999995,0.0092867833300800309,0.40725750541150202,0.058169041577200861,2272,0.58010563380281688,0.37896126760563381,0.003673,0.0076360836267605628,0.47224725578442833,0.058978873239436617
20250221,5389,264,5125,0.52507317073170734,0.44409756097560976,0.001488,0.0087605902439024403,0.23266137484531588,0.059121951219512192,2273,0.51209854817421907,0.45446546414430267,0.001044,0.0082498367795864509,0.27414022015563477,0.068631764188297403
20250224,5386,264,5122,0.51913315111284652,0.45411948457633738,0.0011670000000000001,0.0034111827411167513,0.47357318286697958,0.12436548223350254,2271,0.49273447820343463,0.47512109202994274,0,0.0017262122413033904,0.49748532580832255,0.12813738441215325
20250225,5384,264,5120,0.28769531250000002,0.6904296875,-0.0081849999999999996,-0.0037286392578125003,0.59821783025887076,0.1669921875,2270,0.27885462555066082,0.70220264317180614,-0.0083330000000000001,-0.0036289471365638765,0.62869027893279028,0.15859030837004406
20250226,5385,264,5121,0.78949423940636598,0.1948838117555165,0.010101000000000001,0.014179089240382737,0.27240258772948184,0.036516305409099788,2270,0.80352422907488985,0.18105726872246697,0.010787000000000001,0.014929742731277536,0.26029280666743543,0.031718061674008813
20250227,5383,264,5119,0.38425473725336978,0.58624731392850171,-0.004202,-0.001147609494041805,0.56449250322465738,0.1783551474897441,2268,0.41887125220458554,0.54629629629629628,-0.002679,9.7623015873015911e-05,0.53272714387473086,0.15828924162257496
20250228,5383,264,5119,0.10060558702871654,0.89236178941199451,-0.028871000000000001,-0.030867960539167807,0.85110377882402655,0.64250830240281309,2268,0.10493827160493827,0.8871252204585538,-0.023526999999999999,-0.027376563932980599,0.83683073352178305,0.56525573192239864
20250303,5381,264,5117,0.58432675395739686,0.37815126050420167,0.0037059999999999997,0.0047497369552472147,0.47695559201058563,0.10631229235880399,2267,0.55050727834142033,0.40273489192765771,0.0025080000000000002,0.0032911676224084696,0.51413550331233981,0.10322011468901632
20250304,5383,264,5119,0.74682555186559874,0.22211369408087517,0.010126999999999999,0.013124810314514552,0.2845296087092995,0.051767923422543466,2267,0.72915747684164089,0.2368769298632554,0.0084030000000000007,0.012516116894574329,0.2996097149016525,0.044993383325981476
20250305,5382,264,5118,0.42379835873388044,0.55001953888237598,-0.0024759999999999999,0.0024073614693239545,0.34515570370114296,0.080695584212583035,2267,0.38817820908689898,0.58403176003528889,-0.0034009999999999999,0.00069326951918835457,0.36005902131094619,0.086016762240846936
20250306,5380,264,5116,0.82369038311180609,0.15109460516028148,0.011374500000000001,0.017305144448788116,0.13275224636248648,0.018569194683346363,2266,0.80803177405119153,0.1650485436893204,0.010283,0.016422122683142103,0.160070825284643,0.023389232127096204
20250307,5381,264,5117,0.30857924565174905,0.6703146374829001,-0.0079640000000000006,-0.0046037672464334569,0.60023589202726335,0.21946452999804572,2267,0.3211292456991619,0.65505072783414209,-0.0069010000000000009,-0.0041384292015880014,0.57284316137124114,0.19629466254962505
20250310,5381,264,5117,0.60074262263044753,0.37013875317568889,0.0041489999999999999,0.0055814776236075827,0.45825260090552405,0.088137580613640812,2267,0.59020732245258045,0.38023820026466698,0.0037910000000000001,0.0055285932951036612,0.45819700547575787,0.078958976621085128
20250311,5384,264,5120,0.53789062499999996,0.41972656250000001,0.0017049999999999999,0.0050354564453125002,0.40693055932847738,0.072460937500000003,2270,0.56255506607929517,0.39559471365638765,0.0024115,0.0048710185022026427,0.39772672054858571,0.079295154185022032
20250312,5383,264,5119,0.48837663606173082,0.47352998632545418,0,0.0045663465520609497,0.4325547683671821,0.073647196718109001,2270,0.45594713656387664,0.50308370044052864,-0.00050949999999999997,0.0030246066079295158,0.48062566784944605,0.078854625550660792
20250313,5385,264,5121,0.26986916617848078,0.70786955672720175,-0.010404999999999999,-0.011020783831282951,0.64881689102907103,0.33216168717047451,2272,0.28829225352112675,0.68573943661971826,-0.0085920000000000007,-0.010488455985915492,0.6130934264604897,0.30589788732394368
20250314,5385,264,5121,0.83362624487404802,0.14684631907830503,0.014388000000000001,0.016874956453817612,0.16927696931512992,0.034368287443858621,2272,0.82878521126760563,0.15096830985915494,0.014115500000000001,0.015986197183098589,0.16518133726376702,0.03125
20250317,5380,264,5116,0.57486317435496481,0.39171227521501173,0.0026284999999999998,0.0057515504300234555,0.42490628452844115,0.061962470680218922,2269,0.56368444248567651,0.4010577346848832,0.0020660000000000001,0.005014630674305862,0.44712547531553948,0.060379021595416485
20250318,5387,264,5123,0.55533866874878002,0.40503611165332815,0.0019740000000000001,0.0059921979308998636,0.37848251099361341,0.055241069685731017,2272,0.53829225352112675,0.4203345070422535,0.0016424999999999999,0.0048103780809859156,0.42971442216539013,0.051056338028169015
20250319,5384,264,5120,0.2880859375,0.685546875,-0.0067464999999999999,-0.0045120849609375001,0.58658930509396212,0.15976562499999999,2269,0.30101366240634642,0.66989863375936531,-0.0059409999999999992,-0.0044199907448215078,0.54246019358228514,0.14455707360070516
20250320,5386,264,5122,0.3805154236626318,0.58356110894181956,-0.0033100000000000004,0.00053062221788363899,0.57216017235909655,0.11030847325263569,2270,0.37488986784140971,0.58810572687224671,-0.0032979999999999997,0.0016929277533039644,0.57048555956539604,0.096916299559471369
20250321,5387,264,5123,0.18641421042357995,0.79387077884052315,-0.015819,-0.015423247511223891,0.73669682450327079,0.41167284794065978,2271,0.18141787758696609,0.79480405107881991,-0.014683999999999999,-0.015701531483927788,0.73043630581481611,0.38529282254513431
20250324,5387,264,5123,0.24653523326176069,0.73960569978528201,-0.016730000000000002,-0.015418136248292016,0.58722507906978405,0.45598282256490336,2273,0.30356357237131543,0.67707875054993405,-0.011192000000000001,-0.011411802023757148,0.4955211684245352,0.3695556533216014
20250325,5390,264,5126,0.44245025360905188,0.52906749902458061,-0.0018779999999999999,-0.0034556498244245021,0.57672770382228478,0.19157237612173234,2274,0.47449428320140719,0.49604221635883905,0,-0.00078023922603342132,0.52509530949038141,0.15039577836411611
20250326,5391,264,5127,0.67817437097717959,0.2884727911059099,0.0069560000000000004,0.0097758133411351665,0.37349593937481101,0.048761458942851568,2274,0.64687774846086188,0.31222515391380828,0.0055735000000000003,0.0081061719437115227,0.44187745566039599,0.050571679859278802
20250327,5392,264,5128,0.34750390015600624,0.62851014040561626,-0.0057745000000000001,-0.0036287215288611542,0.54468392168626145,0.1858424336973479,2272,0.36839788732394368,0.60563380281690138,-0.0046829999999999997,-0.0032311597711267609,0.52048431262853312,0.15448943661971831
20250328,5391,265,5126,0.17674600078033553,0.80433086227077644,-0.013734,-0.013322472493172064,0.67355782671951847,0.33203277409285992,2270,0.19911894273127753,0.78149779735682823,-0.011858,-0.011456577092511014,0.67616584189187845,0.27885462555066082
20250331,5393,265,5128,0.24336973478939158,0.7429797191887676,-0.012215999999999999,-0.010620903471138846,0.62422341994223995,0.30889235569422779,2271,0.2562747688243065,0.72875385292822548,-0.010943000000000001,-0.0091172976662263309,0.5830973570798913,0.28577719066490531
20250401,5392,265,5127,0.71211234640140431,0.26253169494831285,0.0099260000000000008,0.011144980885508094,0.40192472873433804,0.068851180027306419,2271,0.73844121532364593,0.23249669749009247,0.010768999999999999,0.012195791721708499,0.36124225198884213,0.055922501100836637
20250402,5394,265,5129,0.51335542990836425,0.44706570481575358,0.00085800000000000004,0.0027144277636966269,0.43147246698192543,0.071553909144082661,2271,0.49801849405548215,0.46191105239982388,0,0.0018138960810215763,0.47287824276599233,0.064729194187582564
20250403,5393,265,5128,0.37382995319812795,0.5955538221528861,-0.0054025000000000002,-0.0064795817082683302,0.60251818603202001,0.2357644305772231,2270,0.39911894273127752,0.56784140969162999,-0.0038855000000000001,-0.0060239365638766517,0.54539846175358142,0.22158590308370044
20250407,5391,265,5126,0.017947717518532968,0.981857198595396,-0.10008850000000001,-0.11805317986734294,0.93880959262516772,0.9746390948107686,2269,0.017628911414720141,0.98237108858527988,-0.099949999999999997,-0.10431670868223887,0.93937375877636797,0.97179374173644772
20250408,5392,265,5127,0.59235420323776089,0.39886873415252583,0.013279000000000001,0.0050277294714257846,0.37693865711183761,0.30173590793836552,2272,0.56382042253521125,0.42385563380281688,0.0092835000000000001,0.0024938789612676052,0.34679646330961861,0.31382042253521125
20250409,5395,265,5130,0.83313840155945418,0.15009746588693956,0.021920500000000002,0.024866053996101364,0.21706857505877808,0.041130604288499024,2275,0.81186813186813189,0.16791208791208792,0.019531,0.023503786813186812,0.2178493009629712,0.040439560439560443
20250410,5395,265,5130,0.91539961013645221,0.073294346978557509,0.023591500000000001,0.027421514814814814,0.14237615383060526,0.011111111111111112,2276,0.89411247803163441,0.093145869947275917,0.0216575,0.025312257908611604,0.18239664236534864,0.014499121265377855
20250411,5394,265,5129,0.61045038019107034,0.35348021056736206,0.0051619999999999999,0.0092021425229089487,0.34081665466596051,0.076818093195554688,2275,0.61010989010989014,0.35516483516483516,0.0055360000000000001,0.010286569670329671,0.36723338543590284,0.071208791208791214
20250414,5393,265,5128,0.84360374414976602,0.14040561622464898,0.015244500000000001,0.018286845358814353,0.22239133593799376,0.020670826833073322,2276,0.78646748681898071,0.19551845342706503,0.011908999999999999,0.015351337873462214,0.27599492197877012,0.025922671353251318
20250415,5391,265,5126,0.45142411236831836,0.51833788529067504,-0.0012960000000000003,0.00096973624658603221,0.54947330854571708,0.10846664065548185,2275,0.43472527472527472,0.53626373626373625,-0.0016659999999999999,-0.00020032307692307682,0.54953317631610499,0.10681318681318681
20250416,5395,265,5130,0.18596491228070175,0.80038986354775832,-0.016881,-0.013589593762183237,0.62601476743637108,0.41734892787524369,2277,0.22924901185770752,0.75362318840579712,-0.013306,-0.01052148924022837,0.51462206440167435,0.34475186649099693
20250417,5395,265,5130,0.57095516569200777,0.38460038986354778,0.003039,0.0062234434697855745,0.46928740125262036,0.061013645224171541,2276,0.59007029876977157,0.36511423550087874,0.0034680000000000002,0.006683800087873463,0.43757725195185093,0.048769771528998244
20250418,5394,265,5129,0.42912848508481183,0.52017937219730936,-0.0010580000000000001,-0.0019508851627997661,0.49626312428503772,0.1409631507116397,2275,0.39516483516483514,0.55296703296703298,-0.0021050000000000001,-0.0027598681318681318,0.54850654973158597,0.14373626373626375
20250421,5394,265,5129,0.81087931370637556,0.15948527978163385,0.013889,0.017531286410606358,0.19361078661754169,0.030025346071358941,2276,0.76977152899824253,0.19244288224956063,0.011165499999999998,0.015524128295254833,0.24930910661800251,0.025483304042179262
20250422,5392,265,5127,0.4805929393407451,0.48312853520577337,0,0.0016769555295494439,0.52092099890096932,0.1150770431051297,2273,0.50857897052353718,0.451385833699956,0.00072300000000000001,0.0027381878574571049,0.49350613764938706,0.099428068631764191
20250423,5394,265,5129,0.59095340222265547,0.37843634236693313,0.0043860000000000001,0.0066449953207252891,0.37111807282729503,0.113862351335543,2276,0.53031634446397191,0.44024604569420034,0.002029,0.0033819885764499124,0.4524164255037913,0.1234622144112478
20250424,5394,265,5129,0.29381945798401249,0.67615519594462858,-0.0086020000000000003,-0.0074032663287190489,0.62756573757623801,0.27061805420159873,2277,0.31796223100570925,0.64382960035133951,-0.0064870000000000006,-0.0061753961352657002,0.58130781908310403,0.22310057092665789
20250425,5393,265,5128,0.53217628705148201,0.43174726989079565,0.0015089999999999999,0.0024319286271450857,0.40509884504963178,0.10861934477379095,2276,0.52943760984182775,0.43277680140597541,0.0015055000000000001,0.0020601779437609846,0.42121578028725754,0.10105448154657294
20250428,5387,265,5122,0.23115970324092153,0.75693088637251071,-0.01336,-0.01299361187036314,0.61860838393813511,0.34010152284263961,2270,0.25242290748898677,0.73392070484581495,-0.012633,-0.011773150660792953,0.5744591932653661,0.3383259911894273
20250429,5361,265,5096,0.66346153846153844,0.31161695447409732,0.0076969999999999998,0.0082013993328100467,0.38980629003226641,0.089285714285714288,2267,0.62770180855756508,0.34980149977944419,0.0061860000000000005,0.0067903268636965147,0.42920700883502011,0.095280105866784301
20250430,5360,263,5097,0.62880125564057288,0.34275063762997843,0.0068820000000000001,0.0087808748283303897,0.34543282693726812,0.096527369040612127,2250,0.57066666666666666,0.40355555555555556,0.0039750000000000002,0.0075863088888888895,0.41005423553441211,0.10622222222222222
20250506,5386,265,5121,0.91818004296035927,0.073032610818199575,0.024712000000000001,0.027175777582503419,0.092044833495140491,0.01698886936145284,2272,0.88468309859154926,0.10299295774647887,0.0204715,0.023446654049295773,0.14585166811651668,0.021126760563380281
20250507,5388,265,5123,0.61350771032598084,0.34764786258051922,0.0038540000000000002,0.0073808399375366006,0.3950925046239559,0.050556314659379271,2272,0.63292253521126762,0.33582746478873238,0.0043320000000000008,0.0068062288732394375,0.35973650121430589,0.054577464788732391
20250508,5389,265,5124,0.7177985948477752,0.24746291959406713,0.0081110000000000002,0.010714724238875879,0.31040227140335941,0.043520686963309914,2272,0.66241197183098588,0.29137323943661969,0.00545,0.0076318573943661965,0.35556848347640363,0.047535211267605633
20250509,5389,265,5124,0.21838407494145198,0.76073380171740823,-0.011628000000000001,-0.010277801912568307,0.69475820812141953,0.29137392661982825,2272,0.24075704225352113,0.73635563380281688,-0.010052,-0.0098265105633802818,0.66558448558935557,0.26892605633802819
20250512,5389,265,5124,0.75507416081186574,0.2105776736924278,0.0099925000000000014,0.013348102849336456,0.16378028146702231,0.027907884465261514,2272,0.71875,0.24119718309859156,0.0084545000000000002,0.011699126320422536,0.21299833781275104,0.030809859154929578
20250513,5391,266,5125,0.36702439024390243,0.59102439024390241,-0.003356,-0.0013878343414634145,0.55772360647635055,0.1024390243902439,2273,0.38891333040035198,0.57237131544214692,-0.0025979999999999996,-0.0011892331720193574,0.51421910363536172,0.088869335679718428
20250514,5391,266,5125,0.41970731707317072,0.53248780487804881,-0.0015629999999999999,0.0014077777560975611,0.36066508639491984,0.073560975609756094,2273,0.4280686317641883,0.52001759788825341,-0.0012019999999999999,0.0010092820061592604,0.34139442084432597,0.085349758029036521
20250515,5390,266,5124,0.24902419984387197,0.72716627634660425,-0.0097005000000000008,-0.0085821522248243562,0.71839589332005394,0.26561280249804842,2272,0.25176056338028169,0.72095070422535212,-0.008480999999999999,-0.0076030061619718325,0.69050959608766249,0.22755281690140844
20250516,5391,266,5125,0.56019512195121957,0.40078048780487807,0.002183,0.0055719145365853654,0.40753061326934659,0.0575609756097561,2273,0.53321601407831065,0.4324681038275407,0.0014480000000000001,0.0048933277606687201,0.46402381440869389,0.052793664760228773
20250519,5388,266,5122,0.66341272940257712,0.31179226864506054,0.0062890000000000003,0.0096086216321749317,0.40964385980462609,0.069894572432643493,2271,0.65301629238221048,0.32056362835755176,0.0058279999999999998,0.0089584698370761776,0.40569679831894984,0.062527520915896084
20250520,5394,266,5128,0.70202808112324488,0.26345553822152884,0.0063175000000000002,0.0097395635725429034,0.31006318946190764,0.041341653666146644,2274,0.65963060686015829,0.29463500439753737,0.0047974999999999997,0.0078716820580474935,0.31902025003713391,0.043535620052770452
20250521,5390,266,5124,0.30347384855581577,0.6633489461358314,-0.0062890000000000003,-0.0039597213114754099,0.52793204667302907,0.15768930523028885,2273,0.32820061592608885,0.62912450505939288,-0.0045269999999999998,-0.0027305710514738232,0.49226965806527284,0.12626484821821382
20250522,5386,266,5120,0.16914062499999999,0.82148437500000004,-0.013473499999999999,-0.011394611328125002,0.68280764888886214,0.27812500000000001,2273,0.18917729872415309,0.79762428508578975,-0.011792,-0.009675111306643204,0.63104675335649563,0.23713154421469423
20250523,5388,266,5122,0.20499804763764154,0.78016399843811013,-0.0119925,-0.0099046557985162046,0.6864853423058801,0.27352596641936744,2273,0.20809502859656842,0.7787065552133744,-0.010801,-0.0095329872415310171,0.69101389682856085,0.2424109106907171
20250526,5385,265,5120,0.69355468750000004,0.27617187500000001,0.0075760000000000003,0.0089593708984374992,0.35077213056523704,0.055859375000000003,2271,0.65169528841919855,0.3139586085424923,0.005202,0.0069779731395860859,0.41905000755637939,0.059445178335535004
20250527,5385,265,5120,0.49589843750000001,0.470703125,0,0.0025730822265625001,0.49989093803850421,0.099218749999999994,2271,0.49757815940114486,0.46191105239982388,0,0.0023655874064288859,0.50481911361856857,0.09951563188022898
20250528,5383,265,5118,0.33118405627198122,0.63950762016412666,-0.0053809999999999995,-0.0026520912465806952,0.54277081429375262,0.1283704572098476,2271,0.36459709379128136,0.60546014971378248,-0.0041190000000000003,-0.0013395288419198591,0.51419504456425769,0.10215763980625275
20250529,5386,265,5121,0.82522944737355985,0.1585627807068932,0.013019000000000001,0.016683196836555361,0.22280663646847582,0.038664323374340948,2272,0.81470070422535212,0.16813380281690141,0.0117275,0.01481584815140845,0.23309480135186997,0.034771126760563383
20250530,5384,265,5119,0.21019730416096893,0.76948622777886311,-0.013514,-0.012483278765383863,0.67388465499712935,0.34987302207462395,2271,0.2285336856010568,0.74680757375605455,-0.011057999999999998,-0.0108484464993395,0.65445870595391908,0.28974020255394101
20250603,5380,265,5115,0.62365591397849462,0.33704789833822091,0.0044200000000000003,0.0081713937438905176,0.33369795116003903,0.054349951124144674,2268,0.62654320987654322,0.3306878306878307,0.004444,0.0075546150793650785,0.33096653476088816,0.058641975308641972
20250604,5386,265,5121,0.73911345440343679,0.22593243507127514,0.0075900000000000004,0.010439144112478031,0.27776077351386641,0.038078500292911543,2270,0.72775330396475768,0.23612334801762114,0.0068199999999999997,0.0095572515418502202,0.28972196602024991,0.033039647577092511
20250605,5388,265,5123,0.50107358969353899,0.46671871950029281,0.00025499999999999996,0.0036251856334179188,0.36151519848471381,0.099355846183876634,2271,0.47644209599295467,0.48877146631439894,0,0.0029216332012329369,0.40202273990066811,0.085865257595772793
20250606,5391,265,5126,0.48439328911431917,0.48049161139289892,0,0.001033917479516192,0.50787081034760473,0.092469761997658995,2271,0.5085865257595773,0.45354469396741526,0.00063700000000000009,0.0018724442976662265,0.47515589864899971,0.078379568472038752
20250609,5387,265,5122,0.76259273721202658,0.20402186645841469,0.0079784999999999995,0.012628045880515424,0.23220049549598021,0.024209293244826239,2270,0.72511013215859033,0.23876651982378855,0.0061285000000000003,0.010904562995594714,0.2854815211577813,0.02643171806167401
20250610,5395,267,5128,0.22913416536661466,0.75214508580343209,-0.010419000000000001,-0.0075039654836193438,0.62351300434371237,0.23907956318252729,2272,0.22403169014084506,0.7557218309859155,-0.0094559999999999991,-0.0080018732394366195,0.61840584851198332,0.22315140845070422
20250611,5398,267,5131,0.62931202494640426,0.32371857337750926,0.0035590000000000001,0.0064042030793217694,0.32539438968902185,0.048723445722081468,2273,0.6168059832820062,0.33040035195776507,0.0031949999999999999,0.0064459318081830173,0.30457726632152704,0.043554773427188741
20250612,5398,267,5131,0.42798674722276359,0.53420385889690114,-0.0015870000000000001,0.0029553626973299555,0.44181927490484513,0.069966868056908979,2273,0.40211174659040916,0.55785305763308402,-0.0020280000000000003,0.0028689472063352403,0.46818225755346343,0.071711394632644088
20250613,5398,267,5131,0.15494055739621906,0.83102709023582144,-0.01975,-0.017065452348470084,0.6955335080150955,0.49405573962190608,2274,0.16754617414248021,0.8148636763412489,-0.017264000000000002,-0.015480687774846088,0.69274101653609566,0.43931398416886541
20250616,5400,266,5134,0.6577717179587067,0.3044409816906895,0.0051874999999999994,0.0085638615114920144,0.29570740200802903,0.04518893650175302,2276,0.61379613356766261,0.343585237258348,0.003777,0.0061808453427065028,0.35206544591974998,0.047451669595782071
20250617,5406,267,5139,0.41934228449114613,0.53551274567036389,-0.00158,-0.0010274461957579294,0.49428608415048619,0.1105273399494065,2279,0.42781921895568231,0.52523036419482227,-0.001227,-0.0017823874506362439,0.5063611776686695,0.10881965774462483
20250618,5406,267,5139,0.33644677952909124,0.64136991632613349,-0.0059409999999999992,-0.0030798509437633781,0.48009420221093724,0.14068884997081144,2279,0.32558139534883723,0.65028521281263707,-0.0056860000000000001,-0.0029037569109258443,0.51882168592510391,0.11935059236507239
20250619,5405,267,5138,0.13429349941611521,0.85733748540288046,-0.018433999999999999,-0.016829888283378745,0.72236821602535661,0.45114830673413781,2278,0.14705882352941177,0.84196663740122912,-0.016008500000000002,-0.015042639157155402,0.70873270539382049,0.38542581211589111
20250620,5407,267,5140,0.28540856031128403,0.67256809338521406,-0.0059930000000000001,-0.0059420852140077826,0.60097844977895798,0.19883268482490271,2278,0.32221246707638279,0.63432835820895528,-0.0044790000000000003,-0.0043840877963125541,0.54009824552813457,0.15935030728709393
20250623,5402,267,5135,0.82044790652385591,0.15813047711781889,0.012945,0.015798509250243425,0.21233015438790148,0.022200584225900682,2277,0.77953447518664909,0.19411506368028106,0.010965000000000001,0.013200323232323233,0.24782863384476231,0.025472112428634168
20250624,5406,267,5139,0.88149445417396377,0.10741389375364857,0.018334,0.019390126678342088,0.19381972417297672,0.036582992800155673,2279,0.87055726195699867,0.11496270293988592,0.016364,0.017635412022817022,0.19009831433949109,0.031592803861342694
20250625,5407,267,5140,0.72665369649805445,0.23540856031128404,0.0060179999999999999,0.0093361675097276258,0.18642754370554393,0.037159533073929961,2279,0.7441860465116279,0.22114962702939886,0.0063370000000000006,0.010068096533567354,0.17159723409404351,0.032909170688898641
20250626,5410,268,5142,0.29560482302605989,0.67016725009723843,-0.0054964999999999996,-0.0021289583819525475,0.54451119467972797,0.090431738623103844,2280,0.27807017543859647,0.68201754385964908,-0.0055219999999999991,-0.003106117543859649,0.5561259612545234,0.095614035087719304
20250627,5405,267,5138,0.62845465161541458,0.32366679641884,0.0034559999999999999,0.0053553476060724014,0.42232149946857456,0.061307901907356951,2278,0.63301141352063217,0.32133450395083407,0.0034749999999999998,0.0051590869183494288,0.43809249294210167,0.061018437225636525
20250630,5405,267,5138,0.75398987933047878,0.20358115998442974,0.0088020000000000008,0.01320799649669132,0.21873096255548213,0.020825223822499028,2277,0.70838823012736052,0.23671497584541062,0.0075599999999999999,0.012168137900746594,0.27097949589948933,0.023715415019762844
20250701,5404,267,5137,0.48978002725326064,0.46642008954642789,0,0.0044727817792485887,0.45767865251703038,0.073389137628966317,2275,0.51692307692307693,0.43736263736263736,0.00093899999999999995,0.0046140800000000004,0.42427446191997092,0.060219780219780222
20250702,5403,267,5136,0.36156542056074764,0.60475077881619943,-0.0051945000000000003,-0.0044265383566978187,0.60294845781798001,0.20093457943925233,2274,0.3940193491644679,0.56904133685136327,-0.0031830000000000001,-0.0034749234828496036,0.54146536592813099,0.18909410729991205
20250703,5403,267,5136,0.60883956386292837,0.33995327102803741,0.0027829999999999999,0.0060427813473520244,0.32328482243430101,0.051207165109034267,2273,0.56489221293444791,0.37659480862296524,0.0019470000000000002,0.0049111566212054559,0.38079249400563309,0.050153981522217332
20250704,5405,268,5137,0.22250340665758225,0.75549931866848352,-0.0098040000000000002,-0.007983521705275453,0.56566902353908688,0.20303679190188825,2275,0.26021978021978021,0.71252747252747251,-0.0076629999999999997,-0.0059764474725274722,0.49891602324802159,0.1657142857142857
20250707,5403,266,5137,0.61319836480436052,0.35429238855363054,0.0038860000000000001,0.0064243233404710932,0.40953234870353755,0.064434494841347084,2275,0.60659340659340655,0.35868131868131869,0.003676,0.0054907200000000001,0.37956676937118727,0.067252747252747255
20250708,5403,266,5137,0.79034455908117573,0.18279151255596651,0.0084030000000000007,0.01203318162351567,0.19734177271403544,0.027253260657971578,2275,0.7613186813186813,0.21274725274725276,0.0071269999999999997,0.011025952087912088,0.23608049729044325,0.02989010989010989
20250709,5406,266,5140,0.3521400778210117,0.60486381322957194,-0.0035595000000000002,-0.0011384729571984435,0.5414800346397195,0.090077821011673151,2277,0.35880544576196749,0.59903381642512077,-0.0033,-0.0013761725955204215,0.55001745130405189,0.082564778216952128
20250710,5406,266,5140,0.54260700389105054,0.42315175097276264,0.0016410000000000001,0.0026140953307392995,0.42561499700180566,0.090466926070038908,2276,0.58172231985940248,0.38400702987697716,0.0025565000000000002,0.0035348242530755716,0.37595915097434029,0.075131810193321616
20250711,5409,266,5143,0.53840171106358159,0.41512735757340075,0.0014660000000000001,0.0038762951584678206,0.3396797755780816,0.066498152829088081,2279,0.55770074594120234,0.39359368143922774,0.0019870000000000001,0.005388847740236946,0.34941352590612273,0.055287406757349715
20250714,5408,268,5140,0.58735408560311286,0.38268482490272371,0.0033465000000000001,0.0053191752918287935,0.44707307311199146,0.075291828793774315,2278,0.57769973661106233,0.38981562774363476,0.0030784999999999996,0.0053311808604038632,0.43378133679324477,0.068920105355575065
20250715,5408,268,5140,0.24747081712062258,0.74163424124513622,-0.010432,-0.0078033138132295714,0.55557031877584317,0.23521400778210116,2276,0.2601054481546573,0.72495606326889284,-0.0096755000000000001,-0.0073429165202108966,0.60511207215038953,0.22407732864674867
20250716,5407,268,5139,0.61432185250048643,0.34851138353765326,0.0036099999999999999,0.0059837976259972765,0.43188296580062352,0.054679898812998638,2276,0.61335676625659052,0.3466608084358524,0.0034784999999999998,0.0063733835676625661,0.42137842923135838,0.050527240773286471
20250717,5407,267,5140,0.66070038910505835,0.29066147859922181,0.0043560000000000005,0.0091417439688715948,0.22681737822476239,0.024513618677042801,2276,0.63488576449912126,0.31678383128295257,0.0037339999999999999,0.00892461467486819,0.26660159884041879,0.023286467486818979
20250718,5406,267,5139,0.49211908931698772,0.463125121618992,0,0.0024463471492508272,0.4231325299588139,0.062074333527923721,2276,0.52943760984182775,0.4187170474516696,0.0012205,0.0035102034270650269,0.34979333923007855,0.058435852372583481
20250721,5404,267,5137,0.73914736227370059,0.24041269223282072,0.0085889999999999994,0.012859072999805337,0.29931974467467071,0.039517227954058792,2277,0.74352217830478695,0.23583662714097497,0.0086070000000000001,0.012687690821256039,0.25489919403931516,0.036012296881862096
20250722,5402,267,5135,0.46173320350535541,0.51178188899707888,-0.00080000000000000004,0.0031465589094449853,0.42230660724570079,0.10691333982473222,2277,0.52217830478700045,0.45103205972771188,0.0011250000000000001,0.0048930351339481785,0.37386151002000961,0.094861660079051377
20250723,5406,267,5139,0.23798404358824674,0.74119478497762215,-0.0083750000000000005,-0.0051743370305506915,0.5990736728002608,0.17727184277096711,2278,0.28094820017559263,0.69183494293239689,-0.0067004999999999999,-0.003202230465320457,0.54655798488923935,0.14881474978050921
20250724,5405,267,5138,0.80984818995718177,0.17088361230050603,0.0094850000000000004,0.01225283417672246,0.2145618114542974,0.03250291942390035,2277,0.79797979797979801,0.17654808959156784,0.0093169999999999989,0.01190117039964866,0.21885370875345236,0.03689064558629776
20250725,5407,267,5140,0.47723735408560314,0.4945525291828794,0,0.0021023834630350203,0.49091565101094553,0.095719844357976661,2277,0.4707949055775143,0.50065876152832678,-0.00035499999999999996,0.0023460118577075095,0.50313078386430654,0.097935880544576193
20250728,5408,267,5141,0.5203267846722428,0.44446605718731763,0.001065,0.0049350097257342936,0.38840848084030849,0.065551449134409648,2276,0.47275922671353249,0.4907732864674868,0,0.0033403449033391924,0.42582260053700366,0.076010544815465736
20250729,5412,267,5145,0.41632653061224489,0.5519922254616132,-0.0019629999999999999,0.002561025461613217,0.39004976807766273,0.063362487852283766,2280,0.46359649122807017,0.50701754385964914,-0.00065700000000000003,0.0041751017543859648,0.37116451183812421,0.059649122807017542
20250730,5412,267,5145,0.317201166180758,0.6561710398445092,-0.0070150000000000004,-0.0040065591836734703,0.58957965841266247,0.18231292517006803,2280,0.34517543859649125,0.62456140350877198,-0.00562,-0.0040473960526315796,0.53650892188305366,0.16885964912280702
20250731,5409,269,5140,0.19766536964980544,0.79066147859922176,-0.014249999999999999,-0.010374650972762647,0.63719728570870982,0.31731517509727625,2278,0.18656716417910449,0.80245829675153646,-0.015028,-0.010984309043020193,0.69171920371381346,0.33669885864793681
20250801,5410,269,5141,0.61252674576930555,0.35090449328924334,0.0036900000000000001,0.0048899198599494254,0.49379406272324655,0.086170005835440572,2278,0.59306409130816506,0.3678665496049166,0.0031654999999999999,0.0047640478489903429,0.52781526085558716,0.080772607550482878
20250804,5407,269,5138,0.72382249902685869,0.23452705332814325,0.0071940000000000007,0.011962645971195018,0.30002450138385756,0.031140521603736863,2277,0.70267896354852877,0.25208607817303469,0.0064720000000000003,0.011743410188844972,0.31787631805445155,0.035573122529644272
20250805,5408,269,5139,0.73302198871375757,0.23487059739248881,0.0065359999999999993,0.0090966312512161893,0.28100581880200748,0.043199065966141273,2277,0.70882740447957837,0.25340360122968819,0.0057989999999999995,0.0079776873078612216,0.28525229952982573,0.047430830039525688
20250806,5410,269,5141,0.61447189262789337,0.34020618556701032,0.00365,0.0083595765415288847,0.2936763519943375,0.048823186150554365,2277,0.59859464207290292,0.34694773825208608,0.0031059999999999998,0.0076855498462889771,0.31302538208751751,0.041721563460693896
20250807,5409,269,5140,0.3896887159533074,0.57159533073929958,-0.0027415,0.00049184669260700386,0.49068126368217896,0.095330739299610889,2276,0.38444639718804918,0.57644991212653773,-0.0026710000000000002,-0.00010421441124780331,0.47222109626567338,0.10193321616871705
20250808,5411,270,5141,0.45963820268430267,0.50612721260455162,-0.00060999999999999997,0.0004539824936782727,0.51675602669267107,0.14510795565065163,2277,0.4743083003952569,0.49055775142731667,0,0.0015691176987263941,0.49517764510579643,0.1339481774264383
20250811,5413,270,5143,0.77756173439626675,0.19288353101302741,0.010204,0.014529249854170716,0.2153132360066593,0.029554734590705813,2276,0.74956063268892792,0.21704745166959577,0.0088079999999999999,0.013363010544815465,0.27556133505273234,0.03031634446397188
20250812,5416,270,5146,0.39253789350952195,0.57636999611348616,-0.0029385000000000001,0.0011004191605130196,0.42417778380744792,0.099106101826661491,2277,0.39964866051822573,0.56741326306543693,-0.0025580000000000004,0.00026760781730346937,0.42864046943991357,0.10144927536231885
20250813,5412,270,5142,0.5140023337222871,0.44418514196810577,0.00076849999999999987,0.0069879502139245427,0.25652380986615064,0.038311940879035396,2275,0.52000000000000002,0.43780219780219781,0.00092100000000000005,0.0076570905494505494,0.28158819669875101,0.036923076923076927
20250814,5413,271,5142,0.13807856865033061,0.85628160248930374,-0.0201455,-0.017218072928821469,0.65735191768421175,0.5050563982886036,2275,0.13626373626373625,0.85494505494505491,-0.018349000000000001,-0.016331808791208793,0.64093919718639769,0.45582417582417584
20250815,5412,271,5141,0.8484730597160085,0.12371134020618557,0.012139,0.017649935421124297,0.16653850448444524,0.019256953900019452,2274,0.83641160949868076,0.13544415127528583,0.011238000000000001,0.01725339929639402,0.19892930376556081,0.024626209322779244
20250818,5410,271,5139,0.73380035026269708,0.23681650126483753,0.0085430000000000002,0.015347832846857364,0.19304357312475373,0.036388402412920802,2273,0.6977562692476903,0.26572811262648482,0.0064659999999999995,0.013435659040915092,0.25857796400120936,0.03915530136383634
20250819,5413,271,5142,0.54375729288214703,0.42337611824192922,0.0021069999999999999,0.0051686509140412285,0.45690312804008387,0.09354336833916764,2276,0.50966608084358522,0.45166959578207383,0.00067400000000000001,0.0040790891915641475,0.49741067661373783,0.093585237258347984
20250820,5411,272,5139,0.68242848803269118,0.28955049620548745,0.0058140000000000006,0.0077369021210352213,0.33072474881876979,0.072582214438606726,2275,0.72043956043956048,0.24747252747252746,0.0065359999999999993,0.0092159463736263738,0.2720867532797992,0.064615384615384616
20250821,5414,272,5142,0.40820692337611825,0.5632049786075457,-0.0031374999999999997,-0.0024943588098016336,0.57604981454117798,0.15810968494749125,2276,0.43409490333919154,0.53383128295254834,-0.0020920000000000001,-0.0022352956942003513,0.54984645713535973,0.15333919156414763
20250822,5415,273,5142,0.52897705173084408,0.42979385453131075,0.0014970000000000001,0.0069799373784519645,0.21250350264295656,0.052703228315830415,2277,0.5766359244620114,0.38515590689503731,0.0029270000000000003,0.0092392564778216967,0.19177141619667865,0.04787000439174352
20250825,5415,273,5142,0.62816024893037725,0.3415013613380008,0.0049364999999999999,0.010677718203033839,0.23766284190093079,0.046091015169194866,2277,0.64602547211242867,0.32674571805006586,0.0057189999999999993,0.010624028546332893,0.21998121326609893,0.050944224857268336
20250826,5416,273,5143,0.5302352712424655,0.44273770173050747,0.001585,0.0028706101497180635,0.48039542154787446,0.13182967139801671,2277,0.50021958717610893,0.46728151075977165,0.00012400000000000001,0.0020383052261747914,0.51501626452590199,0.13833992094861661
20250827,5417,273,5144,0.11644634525660964,0.87986003110419908,-0.028102000000000002,-0.023539556181959562,0.71411008461587999,0.68584758942457236,2276,0.12609841827768015,0.86775043936731111,-0.024908,-0.020535671792618629,0.70697317557594119,0.62741652021089633
20250828,5417,273,5144,0.52799377916018664,0.44479004665629862,0.0017595,0.0065235937013996895,0.26650049442213763,0.10050544323483671,2277,0.54369784804567411,0.42731664470794906,0.0025460000000000001,0.0070878010540184446,0.2696906232135185,0.09969257795344752
20250829,5414,273,5141,0.35985216883874732,0.61972378914608051,-0.0062420000000000002,-0.0023186905271347985,0.49198340888378944,0.20579653763859171,2275,0.38549450549450548,0.59076923076923082,-0.0045789999999999997,-0.00087275824175824174,0.49339216553625787,0.19076923076923077
20250901,5414,273,5141,0.59502042404201516,0.38202684302664852,0.0051409999999999997,0.0096762830188679254,0.37655601297464264,0.083057770861700062,2276,0.57601054481546576,0.40114235500878737,0.0045729999999999998,0.0095722961335676631,0.39967226480560791,0.085237258347978906
20250902,5415,273,5142,0.20672889926098795,0.77460132244262936,-0.015556,-0.016471308051341893,0.68615860929556194,0.41540256709451573,2276,0.23022847100175747,0.74648506151142358,-0.013441999999999999,-0.014956992091388399,0.62907366852622726,0.37961335676625657
20250903,5417,273,5144,0.15104976671850701,0.84253499222395023,-0.020928499999999999,-0.018323913491446343,0.66154962690906527,0.52216174183514774,2278,0.17251975417032483,0.8191395961369623,-0.017448999999999999,-0.015283875768217737,0.66516401970903438,0.43459174714661986
20250904,5416,273,5143,0.40948862531596347,0.56542873809060856,-0.0041929999999999997,-0.0088173672953529066,0.71577495403513169,0.28096441765506514,2277,0.38866930171277997,0.58322353974527885,-0.0053569999999999998,-0.010778624505928853,0.72080844799432153,0.30522617479139219
20250905,5417,273,5144,0.89521772939346811,0.088063763608087098,0.0181955,0.024097901827371697,0.095772547734840813,0.016135303265940901,2278,0.8590869183494293,0.11808604038630377,0.016240499999999998,0.023206076382791922,0.14451164054351417,0.016681299385425813
20250908,5419,274,5145,0.7434402332361516,0.2347910592808552,0.010616,0.013515845092322643,0.35169869993175068,0.053838678328474249,2278,0.73266022827041266,0.24934152765583845,0.010207999999999998,0.013681863915715541,0.37583217446910006,0.055750658472344158
20250909,5420,274,5146,0.24349008938981734,0.73513408472600072,-0.011218499999999999,-0.009300667703070347,0.62736819733620475,0.30334240186552663,2281,0.26918018412976763,0.71021481806225339,-0.0093959999999999998,-0.0086783257343270477,0.59068331689412612,0.28671635247698379
20250910,5422,274,5148,0.46114996114996115,0.49961149961149959,0,0.0024395118492618493,0.43713032323351658,0.083139083139083136,2282,0.42725679228746716,0.52936021034180547,-0.0012845000000000001,0.00088134794040315519,0.48040318466929155,0.084136722173531991
20250911,5421,275,5146,0.78293820443062578,0.18810726778080061,0.0097070000000000004,0.015390986980178781,0.13832268997905439,0.027205596579867857,2280,0.77719298245614032,0.18728070175438596,0.0088800000000000007,0.015594489473684211,0.15866737410581697,0.022807017543859651
20250912,5424,275,5149,0.36220625364148379,0.61390561274033795,-0.0048040000000000001,-0.00019658419110506892,0.48750658019730875,0.11206059429015343,2282,0.38036809815950923,0.59158632778264675,-0.0039955000000000008,0.0010416748466257667,0.45599740439776243,0.10429447852760736
20250915,5422,274,5148,0.34712509712509715,0.6276223776223776,-0.0050474999999999999,-0.00095106099456099432,0.48276920789068456,0.12606837606837606,2282,0.33304119193689746,0.63847502191060468,-0.0054260000000000003,-0.0015526441717791408,0.52325218477211888,0.13847502191060473
20250916,5422,273,5149,0.68110312682074192,0.29928141386677026,0.0076220000000000003,0.010945036706156534,0.35146084990771909,0.051272091668285107,2282,0.63935144609991235,0.33829973707274319,0.0051719999999999995,0.0088599224364592465,0.39989069688994056,0.053461875547765117
20250917,5421,273,5148,0.45784770784770784,0.51204351204351206,-0.00091250000000000001,0.003566722610722611,0.39019324145475215,0.078865578865578864,2281,0.47523016220955722,0.48969750109601051,0,0.0042744182376150807,0.39209782732060433,0.078912757562472596
20250918,5420,273,5147,0.18418496211385274,0.80784923256265784,-0.018506000000000002,-0.013424516417330485,0.59676112170378914,0.45035943267923062,2280,0.20307017543859648,0.78859649122807018,-0.016723000000000002,-0.011032039912280701,0.56944199442730692,0.39605263157894738
20250919,5422,274,5148,0.35858585858585856,0.62140637140637145,-0.0064364999999999995,-0.004800631701631702,0.56786299525075756,0.22299922299922301,2281,0.40201665935992986,0.57343270495396759,-0.0043020000000000003,-0.0035926220955721181,0.56186963996843153,0.20429636124506795
20250922,5418,274,5144,0.40902021772939345,0.57367807153965789,-0.0038939999999999999,0.0013968950233281495,0.37389376779188888,0.12947122861586313,2278,0.39991220368744512,0.58516242317822653,-0.0044764999999999996,0.00087163871817383615,0.37933866745709244,0.13301141352063214
20250923,5424,275,5149,0.21149737813167604,0.77898621091474074,-0.015390999999999998,-0.011798446882889882,0.61579749183907806,0.38046222567488835,2282,0.24802804557405783,0.74145486415425066,-0.013091500000000001,-0.0093724202453987736,0.60608845757304686,0.33742331288343558
20250924,5422,275,5147,0.82028366038469014,0.15834466679619197,0.012478,0.015648317272197395,0.22713306342142811,0.039440450748008546,2281,0.80359491451117926,0.16659359929855327,0.012174000000000001,0.016058703200350723,0.24419391968131401,0.036387549320473479
20250925,5426,276,5150,0.27902912621359222,0.70718446601941742,-0.0087080000000000005,-0.0038989423300970875,0.46887954723560232,0.1792233009708738,2282,0.29447852760736198,0.68711656441717794,-0.0076500000000000005,-0.0042238461875547762,0.47051277530339469,0.16170026292725678
20250926,5426,276,5150,0.33495145631067963,0.62543689320388351,-0.0057824999999999994,-0.007711932427184467,0.69176785675921326,0.27825242718446602,2281,0.367382726874178,0.58965366067514247,-0.0038649999999999999,-0.0062143366944322669,0.62833088003797977,0.24769837790442789
20250929,5420,276,5144,0.66290824261275272,0.30171073094867806,0.0058045000000000006,0.0092214010497667174,0.25066249461994311,0.057153965785381025,2279,0.6546731022378236,0.31197893813075911,0.0055369999999999994,0.0093872874067573494,0.27907700737324936,0.054409828872312417
20250930,5423,276,5147,0.49523994559937828,0.46939965028171748,0,0.0053357823975131143,0.38235801147674436,0.069166504760054398,2280,0.51622807017543859,0.44824561403508772,0.0010189999999999999,0.0058740921052631576,0.3463737320502715,0.063596491228070179
20251009,5419,276,5143,0.58137273964612091,0.39587789228076997,0.0046880000000000003,0.0076466813144079326,0.31184777133648067,0.1137468403655454,2277,0.58058849363197185,0.39877031181379008,0.0047619999999999997,0.0076213311374615711,0.31018871533858372,0.12296881862099253
20251010,5422,277,5145,0.5035957240038873,0.47580174927113705,0.000602,-0.0035964182701652093,0.63663746725594605,0.24606413994169096,2277,0.51734738691260429,0.46420729029424679,0.001224,-0.0041431220904699171,0.61147462530515395,0.25955204216073779
20251013,5424,277,5147,0.31299786283271808,0.66718476782591796,-0.0076730000000000001,-0.0031740363318437923,0.52469476689050709,0.19817369341363902,2279,0.32821412900394908,0.64765247915752522,-0.0069689999999999995,-0.0020048543220710841,0.46548934388052254,0.18824045634050021
20251014,5424,277,5147,0.3133864387021566,0.66174470565377885,-0.009724,-0.011307961336700992,0.69358305580464641,0.33631241499902859,2279,0.35190873189995614,0.62088635366388767,-0.0079550000000000003,-0.011327613865730585,0.64692777230284393,0.33084686265906099
20251015,5424,277,5147,0.80046629104332623,0.1733048377695745,0.010724000000000001,0.014229376918593358,0.23157720651109603,0.035360404118904218,2279,0.77709521720052654,0.193505923650724,0.0095919999999999998,0.013396604212373849,0.26215652325082062,0.03334795963141729
20251016,5428,278,5150,0.22019417475728156,0.76466019417475728,-0.012500000000000001,-0.0096233844660194162,0.57849878809086897,0.28601941747572818,2281,0.24419114423498467,0.74046470846120127,-0.010938000000000002,-0.0091486194651468657,0.57297490310708965,0.27707145988601489
20251017,5431,278,5153,0.11274985445371628,0.87871143023481468,-0.021368000000000002,-0.021618024645837376,0.83686155182772748,0.52435474480884925,2282,0.11218229623137599,0.87730061349693256,-0.019778999999999998,-0.020971155127081507,0.85801061935389644,0.49693251533742333
20251020,5430,278,5152,0.75252329192546585,0.2267080745341615,0.010735999999999999,0.012684327639751554,0.3052211430450843,0.046001552795031056,2281,0.70320035072336695,0.26742656729504605,0.0075680000000000001,0.010765471284524332,0.34293448198971282,0.049101271372205171
20251021,5429,278,5151,0.84818481848184824,0.13783731314307901,0.013313999999999999,0.016405528246942341,0.15490426762984805,0.024072995534847604,2281,0.83165278386672514,0.14993423936869793,0.012421999999999999,0.015786987724682157,0.15822199506827078,0.024112231477422183
20251022,5429,278,5151,0.41021160939623375,0.55464958260531938,-0.002385,-0.0012858611920015532,0.56575869572388626,0.1292952824694234,2281,0.39544059622972383,0.57562472599736958,-0.002859,-0.0022164392810170978,0.5746774273574573,0.1302060499780798
20251023,5431,278,5153,0.56666019794294586,0.40772365612264699,0.0024940000000000001,0.0021652647001746553,0.47433854302199824,0.11236173103046769,2282,0.55433829973707271,0.41980718667835232,0.0020969999999999999,0.0010741682734443472,0.45598215356692384,0.11481156879929887
20251024,5432,278,5154,0.55723709740007765,0.41967403958090804,0.0029005000000000003,0.0074919480015521933,0.26986211025217738,0.093325572370973997,2283,0.54226894437144113,0.43626806833114323,0.0025540000000000003,0.0085148528252299606,0.28158418476721159,0.090232150678931228
20251027,5431,278,5153,0.62895400737434504,0.33165146516592275,0.0044000000000000003,0.0079416254608965665,0.22511900769525381,0.06598098195226082,2283,0.63644327639071396,0.32544897065265005,0.0045050000000000003,0.0079744507227332458,0.21612480365776432,0.057818659658344283
20251028,5432,279,5153,0.44323694934989327,0.52668348534834075,-0.00156,0.0014255266834853483,0.5061770174864032,0.1174073355326994,2285,0.42582056892778991,0.5466083150984683,-0.0021029999999999998,0.0019857829321663014,0.51821972949975947,0.11597374179431072
20251029,5432,279,5153,0.46497186105181448,0.50805356103240829,-0.00071699999999999997,0.0028951548612458763,0.28906959463269577,0.11837764409082088,2284,0.489492119089317,0.48686514886164622,0,0.0037794640980735547,0.30293735482235934,0.10989492119089317
20251030,5431,279,5152,0.22845496894409939,0.75465838509316774,-0.012348999999999999,-0.010824859277950311,0.64587254210830669,0.31327639751552794,2284,0.260507880910683,0.71978984238178634,-0.010333,-0.009100271891418564,0.6217510117335262,0.28108581436077057
20251031,5432,279,5153,0.68717252086163405,0.29070444401319617,0.0083260000000000001,0.0085434257713953056,0.52402042920227632,0.10343489229575005,2285,0.62975929978118161,0.34398249452954049,0.0063829999999999998,0.0066014249452954043,0.56663192262301276,0.13085339168490154
20251103,5434,280,5154,0.66647264260768335,0.31606519208381839,0.0065835000000000008,0.0080163387660069849,0.38012637453509474,0.086728754365541325,2285,0.61181619256017505,0.36761487964989059,0.0049189999999999998,0.0059737277899343539,0.41423771370973977,0.10590809628008753
20251104,5434,280,5154,0.30966239813736901,0.66123399301513386,-0.0076849999999999991,-0.0070346208769887465,0.64661163985121262,0.24582848273185876,2285,0.30284463894967178,0.66783369803063453,-0.0081169999999999992,-0.0076519286652078772,0.62380453684447312,0.25689277899343543
20251105,5434,280,5154,0.62048894062863791,0.35137757081878151,0.0040980000000000001,0.0072609070624757464,0.38437724596500622,0.058401241753977491,2286,0.60323709536307957,0.36876640419947504,0.0034619999999999998,0.0068645131233595795,0.38252769448232654,0.061679790026246718
20251106,5434,280,5154,0.5485060147458285,0.41948001552192471,0.0017875,0.005759460225067908,0.28661425410627722,0.075475358944509116,2286,0.58530183727034124,0.38057742782152232,0.0031114999999999997,0.0082791010498687641,0.26172263260610157,0.069553805774278221
20251107,5436,281,5155,0.39437439379243455,0.57284190106692534,-0.0033769999999999998,-0.0013207390882638216,0.50725634604948633,0.15266731328806984,2286,0.39763779527559057,0.5673665791776028,-0.0031025000000000002,-0.0011451027996500437,0.50330592495233561,0.13954505686789151
20251110,5439,281,5158,0.62989530825901507,0.35129895308259013,0.0052549999999999993,0.0069619478480031031,0.40411495796071645,0.095385808452888715,2288,0.63417832167832167,0.34484265734265734,0.0053214999999999998,0.0073766988636363639,0.39354802362776836,0.085664335664335664
20251111,5439,281,5158,0.51008142690965486,0.46141915471112832,0.0007490000000000001,0.0023248227995347035,0.55655442951032985,0.10818146568437378,2288,0.48994755244755245,0.47814685314685312,0,0.0016491228146853147,0.5723636820505168,0.1131993006993007
20251112,5441,281,5160,0.31589147286821706,0.66201550387596897,-0.0067074999999999999,-0.0046376044573643409,0.59030264874355998,0.1883720930232558,2289,0.30843162953254699,0.66797728265618173,-0.0064139999999999996,-0.005837069025775448,0.61201124560443876,0.19309742245522063
20251113,5440,281,5159,0.72184531886024428,0.25082380306260904,0.0059589999999999999,0.011026408412483039,0.2041170292579769,0.033339794533824386,2289,0.7155963302752294,0.25338575797291396,0.0055289999999999992,0.010241981214504151,0.20564409011732637,0.028833551769331587
20251114,5438,281,5157,0.37056428155904597,0.60015512895094048,-0.004437,-0.0036582738025984101,0.63649434559196771,0.20321892573201475,2289,0.36347750109217997,0.60943643512450851,-0.0044209999999999996,-0.004038900830056793,0.62270857165754767,0.18829183049366535
20251117,5437,281,5156,0.48681148176881306,0.48894491854150507,0,0.0024308772304111712,0.43408868371974396,0.14003103180760279,2288,0.4187062937062937,0.55769230769230771,-0.0028795000000000001,-0.00043592438811188814,0.50630284479100851,0.15777972027972029
20251118,5440,282,5158,0.24156649864288485,0.74796432725862738,-0.011405000000000002,-0.0098579984490112446,0.6533848350736452,0.2970143466459868,2290,0.22663755458515283,0.76288209606986901,-0.011246000000000001,-0.009943817903930131,0.67805039275031143,0.29956331877729259
20251119,5442,282,5160,0.22248062015503875,0.76453488372093026,-0.014774000000000001,-0.011615386821705426,0.54513813269033162,0.36143410852713176,2290,0.23449781659388647,0.74978165938864627,-0.0132625,-0.011366917467248909,0.53532670756956013,0.34235807860262008
20251120,5441,282,5159,0.26981973250629965,0.70401240550494282,-0.0078549999999999991,-0.0073020554371002119,0.59993280522021075,0.20934289591006008,2288,0.25393356643356646,0.71853146853146854,-0.0084054999999999998,-0.007916399475524475,0.61304104198656506,0.20498251748251747
20251121,5444,283,5161,0.064328618484789768,0.93237744623135055,-0.038827,-0.037266388490602598,0.85401002217389321,0.80217012206936644,2288,0.05944055944055944,0.93837412587412583,-0.037354999999999999,-0.036259367569930069,0.87994413313784958,0.78059440559440563
20251124,5440,283,5157,0.77719604421175104,0.20321892573201475,0.01355,0.014864280783401202,0.34147379787200344,0.051968198565057203,2285,0.73741794310722097,0.24201312910284464,0.010775,0.013457630196936542,0.38779989447732827,0.049890590809628009
20251125,5438,283,5155,0.78894277400581958,0.18331716779825413,0.0097090000000000006,0.01388445916585839,0.19533969822620267,0.023472356935014548,2284,0.76751313485113837,0.20096322241681261,0.0086960000000000006,0.012643607705779334,0.23303280052909847,0.022329246935201399
20251126,5434,283,5151,0.31663754610755196,0.6552125800815376,-0.0061919999999999996,-0.0032724323432343234,0.46017661282327632,0.14851485148514851,2282,0.31551270815074495,0.6546888694127958,-0.0054184999999999997,-0.002787511831726556,0.48464374520619918,0.12094653812445223
20251127,5434,284,5150,0.53048543689320393,0.43242718446601941,0.0014015,0.0031588174757281556,0.48588215956333874,0.087378640776699032,2282,0.52673093777388258,0.43120070113935144,0.0012099999999999999,0.0037900021910604732,0.44138518622953615,0.069237510955302367
20251128,5433,284,5149,0.77335404932996699,0.20586521654690232,0.0093460000000000001,0.012082697999611576,0.26809351677477855,0.033792969508642454,2281,0.76413853572994306,0.21350284962735641,0.0087980000000000003,0.012053745725558965,0.2894850849210287,0.02367382726874178
20251201,5432,284,5148,0.6087801087801088,0.35994560994560992,0.0039594999999999995,0.006223192501942503,0.325379100358899,0.080225330225330224,2283,0.59088918090232145,0.37363118703460357,0.0034009999999999999,0.0047537630310994314,0.3322156316182282,0.089794130530004374
20251202,5436,285,5151,0.29295282469423412,0.67812075325179577,-0.0074270000000000004,-0.0051032483013007191,0.58362663616237331,0.17045233935158222,2282,0.29842243645924627,0.66608238387379493,-0.0066154999999999999,-0.0049866345311130591,0.60806063676230004,0.15863277826468011
20251203,5442,285,5157,0.27147566414582119,0.70603063796781074,-0.0088970000000000004,-0.0070513424471591998,0.63361681267722869,0.23346907116540624,2284,0.29991243432574433,0.67381786339754812,-0.0069550000000000002,-0.0060861961471103329,0.6019762429414659,0.19001751313485113
20251204,5440,285,5155,0.27352085354025218,0.70630455868089237,-0.0089170000000000013,-0.0075894995150339473,0.50357929874977714,0.23006789524733268,2284,0.29159369527145357,0.68213660245183882,-0.007241,-0.0061739737302977235,0.50379864962024667,0.18957968476357268
20251205,5438,285,5153,0.80147486900834464,0.1843586260430817,0.011479999999999999,0.014717960411410826,0.2339098065307032,0.036677663496992044,2285,0.78293216630196938,0.20043763676148796,0.010043,0.014607556236323854,0.25535937161698724,0.031947483588621442
20251208,5440,285,5155,0.6178467507274491,0.35111542192046558,0.004398,0.0091596993210475257,0.23031683727729377,0.038991270611057227,2285,0.58599562363238511,0.37986870897155361,0.0032469999999999999,0.0083485820568927789,0.26536713563377173,0.040700218818380741
20251209,5441,285,5156,0.2482544608223429,0.73719937936384794,-0.009500999999999999,-0.0066587565942591159,0.5315020684336369,0.19647013188518231,2288,0.25349650349650349,0.73557692307692313,-0.0090559999999999998,-0.0065774624125874131,0.56710954164703009,0.18050699300699299
20251210,5438,285,5153,0.45429846691247816,0.51581602949738015,-0.0010759999999999999,0.0011019388705608381,0.43602867191576933,0.11061517562584902,2288,0.47421328671328672,0.49344405594405594,0,0.001870318618881119,0.44254760832492918,0.099650349650349648
20251211,5442,286,5156,0.14584949573312644,0.8483320403413499,-0.017626500000000003,-0.016259226920093097,0.70095791398263674,0.43502715283165244,2290,0.16768558951965065,0.82314410480349343,-0.0150195,-0.013681403930131003,0.64634634515096079,0.36506550218340611
20251212,5444,286,5158,0.49243892981775883,0.47944939899185729,0,0.0027611312524234198,0.35282855573328126,0.1182628925940287,2290,0.51048034934497821,0.4615720524017467,0.00068150000000000003,0.0038923165938864633,0.35070334262306652,0.10524017467248908
20251215,5443,286,5157,0.4250533255768858,0.54489044017839827,-0.0027289999999999997,-0.002153080860965678,0.56032230294535523,0.18886949777002132,2288,0.43312937062937062,0.53277972027972031,-0.0022529999999999998,-0.0025002416958041962,0.55480670789355135,0.1875
20251216,5445,286,5159,0.16902500484590036,0.82147703043225428,-0.017641,-0.016148977515022291,0.72085856091136957,0.43341732893971702,2290,0.17423580786026202,0.81659388646288211,-0.0158925,-0.014854183842794759,0.72143956574447488,0.3930131004366812
20251217,5446,286,5160,0.67441860465116277,0.29108527131782946,0.0060960000000000007,0.0091717961240310088,0.25318190181026162,0.068410852713178288,2291,0.68354430379746833,0.27979048450458316,0.0060980000000000001,0.011107168485377563,0.24432328412660856,0.060672195547795724
20251218,5449,286,5163,0.5322486926205694,0.43230679837303893,0.0017160000000000001,0.0029081865194654269,0.52136588906477199,0.11834204919620375,2293,0.5263846489315307,0.43436546009594418,0.001361,0.0025415529873528127,0.48810292350809509,0.11949411251635413
20251219,5448,286,5162,0.8211933359163115,0.16621464548624565,0.0123055,0.015115519566059665,0.28671889158973413,0.036032545524990314,2292,0.78752181500872598,0.19720767888307156,0.0104455,0.013801311954624782,0.29531873018669402,0.041012216404886559
20251222,5444,286,5158,0.5498255137650252,0.41353237689026756,0.0018549999999999999,0.0066022382706475372,0.28396739868267251,0.057774331136099262,2292,0.53446771378708546,0.42670157068062825,0.0015180000000000003,0.0060894179755671901,0.30081866529784529,0.050174520069808028
20251223,5449,286,5163,0.28646135967460779,0.69785008715862873,-0.0075900000000000004,-0.0035295041642455938,0.51381011395318221,0.17625411582413325,2295,0.289760348583878,0.69193899782135071,-0.0072989999999999999,-0.0040845738562091498,0.54654483117636421,0.16252723311546841
20251224,5451,286,5165,0.77231364956437565,0.19438528557599224,0.0084939999999999998,0.012792530880929331,0.22748370131777346,0.030977734753146177,2296,0.75130662020905925,0.20949477351916376,0.0070950000000000006,0.011918204268292683,0.24946001939273471,0.030052264808362369
20251225,5454,287,5167,0.69866460228372362,0.2632088252370815,0.0056169999999999996,0.0099672094058447843,0.32981434525508213,0.045287400812850785,2296,0.69599303135888502,0.26480836236933797,0.0050650000000000001,0.0096080148083623682,0.32803147666581017,0.047038327526132406
20251226,5453,287,5166,0.34572202864885793,0.62175764614789009,-0.004692,-0.00012613530778164925,0.40651680036942872,0.10143244289585752,2296,0.35104529616724739,0.61367595818815335,-0.0039635,-0.00031443118466898957,0.39711030136408798,0.10452961672473868
20251229,5455,287,5168,0.37809597523219812,0.5975232198142415,-0.0043639999999999998,-0.0014817033668730649,0.51608288033798921,0.14976780185758515,2295,0.36732026143790852,0.60827886710239654,-0.0047169999999999998,-0.0014430122004357303,0.52511163789539461,0.13638344226579521
20251230,5457,287,5170,0.33539651837524176,0.63945841392649905,-0.0051549999999999999,-0.0015549671179883946,0.49140740681760575,0.13326885880077369,2294,0.33086312118570183,0.64734088927637312,-0.0052754999999999998,-0.002020734960767219,0.51695685291122728,0.13339145597210114
20251231,5458,287,5171,0.45639141365306518,0.50435118932508216,-0.00051999999999999995,0.0018223771030748406,0.4680200409350152,0.11139044672210405,2293,0.45573484518098561,0.50545137374618399,-0.00051999999999999995,0.001376733100741387,0.47374233199007709,0.096380287832533801
20260105,5457,286,5171,0.76561593502223946,0.2148520595629472,0.011826000000000001,0.01682662270353897,0.20980022549371713,0.053954747631019144,2294,0.76111595466434179,0.21403661726242371,0.011185999999999998,0.016895145597210112,0.21491884410751086,0.047951176983435047
20260106,5459,286,5173,0.74308911656678911,0.23216702107094531,0.0078620000000000009,0.012743065919195823,0.22192370736043832,0.045234873381016817,2295,0.75816993464052285,0.22091503267973855,0.0082730000000000008,0.013232383877995644,0.19708416263818035,0.037037037037037035
20260107,5460,286,5174,0.40162350212601466,0.58040201005025127,-0.0038829999999999997,0.0026251049478160033,0.44282467755283639,0.12176265945110167,2296,0.43945993031358888,0.53963414634146345,-0.0022470000000000003,0.00549438806620209,0.42559404556889735,0.097125435540069679
20260108,5459,286,5173,0.68296926348347187,0.2926734970036729,0.0068389999999999996,0.010671161608351054,0.38618289256305327,0.075584767059733229,2296,0.6350174216027874,0.32970383275261322,0.0051564999999999996,0.0091094921602787454,0.40717991092120853,0.078832752613240423
20260109,5459,287,5172,0.71887084300077342,0.24593967517401391,0.007084,0.013672043696829079,0.25393054817473715,0.041183294663573088,2296,0.70121951219512191,0.25740418118466901,0.006206999999999999,0.01306594425087108,0.24186765836730223,0.041376306620209059
20260112,5459,287,5172,0.74864655839133798,0.22563805104408352,0.011814999999999999,0.021045418793503481,0.21301801024868369,0.056457849961330242,2297,0.71049194601654331,0.26077492381367001,0.0086670000000000011,0.017508991728341312,0.25816555340361885,0.061384414453635176
20260113,5452,287,5165,0.29428848015488868,0.68673765730880931,-0.010438000000000001,-0.011378926234269119,0.64579252430168854,0.35295256534365926,2294,0.30863121185701831,0.66913687881429817,-0.0086014999999999998,-0.010668846992153444,0.60610616893786917,0.30688753269398433
20260114,5454,287,5167,0.4958389781304432,0.48267853686858914,0,0.0065076078962647563,0.40348552136322757,0.093671376040255466,2295,0.44923747276688453,0.52854030501089322,-0.0018940000000000001,0.0041785193899782132,0.4682885841357276,0.10065359477124183
20260115,5457,287,5170,0.41953578336557062,0.56054158607350102,-0.0032560000000000002,-0.0034731700193423596,0.52272448597424337,0.20773694390715666,2296,0.45644599303135891,0.52264808362369342,-0.0015215000000000001,-0.0004884351045296168,0.50416090352839693,0.17508710801393729
20260116,5460,288,5172,0.43522815158546019,0.54292343387470998,-0.0029729999999999999,-0.00031896481051817463,0.50329667719542748,0.19199535962877029,2296,0.44033101045296169,0.53484320557491294,-0.0025379999999999999,0.001426588414634147,0.48478065767818906,0.16898954703832753
20260119,5461,288,5173,0.65899864682002707,0.32186352213415814,0.0083590000000000001,0.0098817173786970806,0.40600899510684396,0.10632128358786004,2298,0.65796344647519578,0.31897302001740646,0.008035500000000001,0.0092064912967798097,0.40306183072646001,0.1174934725848564
20260120,5467,288,5179,0.4130140953852095,0.56342923344274953,-0.0038500000000000001,-0.0043938165669048079,0.57947076893437444,0.24232477312222436,2299,0.47107438016528924,0.5054371465854719,-0.00056700000000000001,-0.0022898473249238801,0.50908103843322006,0.21400608960417572
20260121,5465,289,5176,0.5722565687789799,0.3952859350850077,0.003431,0.0077101315687789799,0.37972738789792637,0.078245749613601243,2297,0.5476708750544188,0.42011319111885065,0.0027039999999999998,0.0072638219416630376,0.38291173463480416,0.083587287766652155
20260122,5466,290,5176,0.65166151468315303,0.32766615146831529,0.0060534999999999999,0.0084881489567233386,0.38028786479631943,0.08075734157650695,2297,0.62559860687853719,0.35306922072268176,0.0049459999999999999,0.0069564993469743153,0.43253822782531487,0.097953852851545495
20260123,5467,290,5177,0.71605176743287613,0.25806451612903225,0.0086629999999999988,0.014689310604597257,0.29432178047960228,0.050222136372416459,2298,0.68711923411662312,0.28154917319408179,0.0075589999999999997,0.013532456048738034,0.35424399616058139,0.048302872062663184
20260126,5463,290,5173,0.29731297119659772,0.68567562342934463,-0.013055000000000001,-0.010889979315677556,0.58814649432604138,0.38256330949159095,2296,0.31925087108013939,0.66245644599303133,-0.011221,-0.010544495644599302,0.54339504428089358,0.3584494773519164
20260127,5463,290,5173,0.35878600425285134,0.62574908177073263,-0.0063039999999999997,-0.0012944009278948387,0.46552536204612777,0.17745988787937367,2296,0.37587108013937282,0.61019163763066198,-0.0059640000000000006,-0.00016702395470383262,0.4541871932331496,0.17639372822299651
20260128,5464,291,5173,0.31529093369418132,0.66885752947999222,-0.010638000000000002,-0.0047618762806881888,0.49573806048478208,0.29479992267543009,2297,0.34828036569438398,0.63212886373530697,-0.0077780000000000002,-0.0014831963430561603,0.47130867425494549,0.25424466695690029
20260129,5465,291,5174,0.33204483958252801,0.64998067259373793,-0.0093064999999999988,-0.0070197363741785852,0.52649730123310545,0.31522999613451874,2298,0.35378590078328981,0.62315056570931249,-0.0075500000000000003,-0.0062768772845952997,0.48650075747763111,0.30722367275892082
20260130,5462,291,5171,0.45639141365306518,0.52272287758654035,-0.0018599999999999999,-0.0024919671243473214,0.58418644054156388,0.22200734867530458,2298,0.46127067014795475,0.5191470844212358,-0.001818,-0.0010690757180156659,0.6041974764882595,0.20234986945169714
20260202,5464,291,5173,0.14266383143243766,0.84960371157935433,-0.020941999999999999,-0.023672306785231009,0.76205028554770704,0.52213415812874542,2297,0.12668698302133216,0.86504135829342621,-0.022623999999999998,-0.026203263822377011,0.79481019155457167,0.55420113191118847
20260203,5465,291,5174,0.88577502899110938,0.099342868187089289,0.019056,0.022789529764205643,0.14422191634657222,0.018554310011596443,2297,0.85938180235089245,0.12276882890727035,0.017426000000000001,0.021300668262951673,0.17930251613255488,0.022202873313016978
20260204,5468,291,5177,0.60672203979138495,0.37859764342283175,0.0049499999999999995,0.0049649041916167659,0.4441457885928205,0.11647672397141201,2297,0.62168045276447537,0.36438833260774922,0.0056179999999999997,0.0051752607749238136,0.3944890357678183,0.12581628210709622
20260205,5467,290,5177,0.30674135599768204,0.66872706200502219,-0.007724,-0.0077495026076878498,0.66504392329766882,0.25497392312149891,2298,0.33724978241949521,0.63620539599651871,-0.0058554999999999996,-0.0062211048738033065,0.64381360054986936,0.23846823324630112
20260206,5466,291,5175,0.49739130434782608,0.4722705314009662,0,0.0021376438647342996,0.51909773764154277,0.10106280193236715,2298,0.45735422106179285,0.51131418624891212,-0.00093300000000000002,0.00066139556135770224,0.54386338120563271,0.10182767624020887
20260209,5465,291,5174,0.84499420177812135,0.13857750289911094,0.0132745,0.017585662930034791,0.14825816156337859,0.024739080015461924,2300,0.83304347826086955,0.15347826086956523,0.011743,0.016242010000000001,0.14202120325573467,0.02782608695652174
20260210,5470,292,5178,0.41541135573580534,0.55697180378524525,-0.0022114999999999999,0.0016952730784086517,0.48224459166057443,0.10911548860563924,2304,0.3927951388888889,0.57986111111111116,-0.0027489999999999997,0.0023981085069444434,0.45664124528180255,0.11328125
20260211,5470,292,5178,0.38180764774044035,0.5851680185399768,-0.0029289999999999997,-0.0015934575125531093,0.55201138576623099,0.12070297412128235,2305,0.40694143167028202,0.5605206073752711,-0.0020690000000000001,-0.00049509761388286339,0.50815242176486342,0.10889370932754881
20260212,5476,294,5182,0.38498649170204552,0.59996140486298721,-0.0052350000000000001,-0.00039841393284446153,0.39087679831460548,0.13952142030104206,2305,0.37613882863340564,0.60780911062906728,-0.0053190000000000008,-0.00039501171366594325,0.39300074031615645,0.12711496746203904
20260213,5474,294,5180,0.27606177606177607,0.70521235521235526,-0.0074205,-0.0067516550193050199,0.66699733374318981,0.19343629343629343,2304,0.26258680555555558,0.71875,-0.0078040000000000002,-0.0070904531250000008,0.71042123757797759,0.1970486111111111
20260224,5474,294,5180,0.72664092664092661,0.25945945945945947,0.0122165,0.013017375482625484,0.31897337200201936,0.094787644787644787,2303,0.7021276595744681,0.28006947459834997,0.010666999999999999,0.011975446374294398,0.33213589157639029,0.10073816760746852
20260225,5471,294,5177,0.68379370291674713,0.29534479428240296,0.0063870000000000003,0.010653358315626809,0.28126599165020005,0.045779408924087307,2301,0.67622772707518475,0.30378096479791394,0.0057330000000000002,0.010108479791395045,0.30487425673382668,0.046501521077792263
20260226,5471,295,5176,0.46251931993817619,0.51584234930448225,-0.0012290000000000001,0.0034103753863987635,0.39649660892490862,0.11398763523956723,2301,0.46414602346805739,0.51499348109517606,-0.001173,0.0031044476314645805,0.40068393289150472,0.121251629726206
20260227,5471,295,5176,0.61128284389489951,0.36398763523956723,0.0039450000000000006,0.007475637364760433,0.34591762660486836,0.065494590417310664,2301,0.59278574532811823,0.37722729248152975,0.0033479999999999998,0.0072456375488917871,0.33245258057395299,0.066927422859626245
20260302,5470,295,5175,0.21314009661835748,0.77797101449275363,-0.024,-0.01644916850241546,0.54080040066265933,0.56714975845410631,2300,0.25130434782608696,0.73652173913043473,-0.019692000000000001,-0.012772457391304348,0.47780280305121797,0.4956521739130435
20260303,5472,295,5177,0.10604597257098705,0.89028394823256707,-0.034908000000000002,-0.033333741935483871,0.78722889494045389,0.71180220204751787,2301,0.12603215993046502,0.87005649717514122,-0.032605000000000002,-0.031488560625814857,0.75828965246443458,0.66536288570186874
20260304,5474,296,5178,0.31421398223252223,0.6689841637697953,-0.0076115000000000002,-0.0050863653920432605,0.54232673526091901,0.19582850521436848,2301,0.26032159930465015,0.7231638418079096,-0.01073,-0.0080952403302911764,0.57370675594178999,0.24293785310734464
20260305,5476,297,5179,0.74608997876037841,0.23691832400077234,0.010034000000000001,0.012235843792237884,0.3335848417595263,0.062560339833944781,2301,0.73489787049109079,0.24293785310734464,0.0086580000000000008,0.011046191655801826,0.34343528944368562,0.061712299000434595
20260306,5477,297,5180,0.78552123552123554,0.2028957528957529,0.014810500000000001,0.016267123745173744,0.37216292901674219,0.05675675675675676,2301,0.77531508039982622,0.20990873533246415,0.014048,0.015143039982616254,0.40845906570848672,0.061277705345501955
20260309,5481,298,5183,0.26529037237121356,0.7167663515338607,-0.009554,-0.0073090206444144318,0.56262544662922154,0.25564344973953307,2303,0.24663482414242294,0.73816760746851928,-0.010417000000000001,-0.0086051966999565795,0.59270754483513599,0.26964828484585324
20260310,5479,298,5181,0.83034163288940355,0.15248021617448368,0.015872999999999998,0.018095955220999806,0.24272359296191914,0.048060220034742328,2302,0.81972198088618597,0.16159860990443092,0.0152055,0.017617219374456993,0.27790283159464441,0.052562988705473504
20260311,5482,298,5184,0.37152777777777779,0.6030092592592593,-0.0043825000000000001,-0.00053140354938271603,0.46672049695306139,0.12770061728395063,2304,0.375,0.59461805555555558,-0.0042314999999999992,-0.00068432465277777827,0.47627905188179165,0.1306423611111111
20260312,5482,298,5184,0.28125,0.70081018518518523,-0.010638000000000002,-0.006963714699074074,0.57116636507132934,0.27160493827160492,2304,0.3298611111111111,0.65277777777777779,-0.007803,-0.0038075737847222215,0.51903203843861367,0.21744791666666666
20260313,5481,298,5183,0.27705961798186379,0.69573606019679723,-0.0082989999999999991,-0.0087202261238664858,0.65997458531170983,0.26490449546594635,2304,0.27083333333333331,0.70008680555555558,-0.0083594999999999989,-0.0087877330729166682,0.70339863519747414,0.26215277777777779
20260316,5480,298,5182,0.53010420686993442,0.44403705133153221,0.0018955,0.0015739050559629485,0.52647441300017161,0.15592435353145503,2304,0.50086805555555558,0.46918402777777779,0.00025800000000000004,5.7763888888889221e-05,0.57962982519457829,0.1657986111111111
20260317,5478,298,5180,0.15868725868725869,0.82799227799227804,-0.019014999999999997,-0.018513431081081083,0.73935439148388848,0.47953667953667956,2303,0.17976552323056882,0.80460269214068603,-0.016594999999999999,-0.016748484151107253,0.72395956137367801,0.43768996960486323
20260318,5479,299,5180,0.66274131274131276,0.32007722007722006,0.0089165000000000008,0.010699702702702702,0.33307689448165612,0.066795366795366795,2303,0.62092922275293094,0.35735996526270081,0.0061500000000000001,0.0089467859313938341,0.36107426567927842,0.069040382110290927
20260319,5479,299,5180,0.094980694980694974,0.90135135135135136,-0.026222000000000002,-0.023735466602316603,0.75408366247671976,0.6604247104247104,2302,0.10947002606429192,0.8866203301476977,-0.024731500000000003,-0.022291172893136403,0.75054424789693541,0.61902693310165069
20260320,5481,300,5181,0.11966801775718973,0.87454159428681721,-0.025225000000000001,-0.022934735379270411,0.68191246426206542,0.61493920092646204,2301,0.13385484571925249,0.85962624945675792,-0.022370999999999999,-0.02012415167318557,0.74343063648152163,0.56019122120817033
20260323,5483,300,5183,0.056145089716380478,0.9426972795678179,-0.056157000000000006,-0.051184615666602346,0.83975642375163773,0.89658498938838516,2301,0.061277705345501955,0.93741851368970008,-0.054421999999999998,-0.049424925249891352,0.84266041162406613,0.88483268144285099
20260324,5481,300,5181,0.93920092646207298,0.057710866628064079,0.033286999999999997,0.034431487936691756,0.16351151679006837,0.020073344914109247,2301,0.93524554541503691,0.062581486310299875,0.031139,0.033003840504128634,0.13810844850769632,0.020425901781833986
20260325,5482,300,5182,0.89058278656889234,0.10054033191817831,0.016986000000000001,0.020173000578927052,0.144707534860127,0.022578155152450791,2302,0.88488271068635971,0.10642919200695047,0.017240999999999999,0.020303469591659427,0.15438785801496224,0.026498696785403997
20260326,5481,300,5181,0.16927234124686355,0.81740976645435248,-0.016129000000000001,-0.014636935533680756,0.71155463667099661,0.39953676896352058,2301,0.17818339852238158,0.80399826162538024,-0.014945999999999999,-0.01361750760538896,0.72793985763813773,0.36810082572794439
20260327,5478,301,5177,0.80278153370677996,0.18504925632605757,0.012416,0.014626123044234111,0.31060052073155603,0.044427274483291479,2300,0.78521739130434787,0.20043478260869566,0.011676499999999999,0.014107448695652173,0.32145918706683763,0.044347826086956518
20260330,5476,302,5174,0.54232701971395436,0.43100115964437574,0.0022114999999999999,0.0032845168148434478,0.46702362287665061,0.10881329725550831,2299,0.52283601565898219,0.44454110482818615,0.0014189999999999999,0.002739729882557634,0.47140668147993786,0.12570682905611136
20260331,5482,303,5179,0.17435798416682757,0.80942266846881639,-0.014729000000000001,-0.014315130527128787,0.72440020287957219,0.37806526356439468,2301,0.19252498913515861,0.79139504563233376,-0.013564,-0.01413966362451108,0.70257150481690656,0.36071273359408951
20260401,5485,303,5182,0.81590119644924741,0.16460825935932072,0.0150045,0.016887426283288307,0.24957863319566015,0.051717483597066773,2301,0.80356366797044765,0.17122990004345937,0.014650000000000002,0.017848391568883095,0.2272529556521366,0.050412863972186008
20260402,5485,303,5182,0.17252026244693169,0.81763797761482049,-0.018532,-0.016111417792358165,0.6935240473060873,0.46101891161713626,2302,0.19026933101650739,0.79713292788879231,-0.017358499999999999,-0.014758145091225023,0.68825692360956792,0.43266724587315381
20260403,5486,303,5183,0.13467103993825968,0.86069843719853367,-0.022942000000000001,-0.020795352112676059,0.63872136204576746,0.57013312753231715,2302,0.15030408340573415,0.84404865334491741,-0.019594500000000001,-0.017721383145091224,0.63253295002258347,0.49131190269331015
20260407,5484,303,5181,0.73422119281991893,0.25130283729009845,0.012081999999999999,0.013917178729974909,0.33075869827849269,0.06292221578845783,2301,0.6814428509343764,0.30160799652325077,0.0084480000000000006,0.011122818339852236,0.37335591559426351,0.07735767057800956
20260408,5490,304,5186,0.9406093328191284,0.056498264558426534,0.036638499999999997,0.039171991901272657,0.092159974214466256,0.026610104126494408,2304,0.9296875,0.067274305555555552,0.033520000000000001,0.038015395833333326,0.11984483884205439,0.031684027777777776
20260409,5491,304,5187,0.21496047811837285,0.77501445922498557,-0.015544000000000001,-0.010698508193560824,0.52716711474996159,0.36880663196452668,2305,0.21908893709327548,0.76919739696312361,-0.01464,-0.0099469570498915399,0.55464740978561411,0.34360086767895881
20260410,5495,305,5190,0.71464354527938345,0.26242774566473986,0.0079690000000000004,0.0098542177263969168,0.33831095059994531,0.061849710982658956,2307,0.69700910273081929,0.28175119202427396,0.0073729999999999993,0.009065178153446032,0.38928333995003661,0.063285652362375377
20260413,5494,306,5188,0.4466075558982267,0.52428681572860447,-0.0014320000000000001,0.0020051383962991515,0.38457015007981438,0.11680801850424055,2307,0.42219332466406589,0.54876462938881665,-0.002336,0.0011040212397052452,0.43805289652105439,0.12483745123537061
20260414,5496,306,5190,0.67745664739884393,0.28998073217726394,0.0063829999999999998,0.0099536215799614636,0.25136490370754566,0.049325626204238922,2308,0.65294627383015602,0.3128249566724437,0.0054199999999999995,0.0091078895147313696,0.28507904480545887,0.053292894280762566
20260415,5494,306,5188,0.32806476484194297,0.65285273708558211,-0.0069855000000000004,-0.0036272372783346181,0.58498414002094956,0.17983808789514263,2307,0.36844386649328131,0.60858257477243172,-0.0054050000000000001,-0.0019524334633723446,0.52509609667872137,0.1599479843953186
20260416,5498,307,5191,0.78308611057599686,0.19341167405124254,0.011037999999999999,0.015672872856867654,0.20591755759119632,0.02966673088036987,2308,0.74913344887348354,0.22357019064124783,0.0091325,0.013208719237435008,0.24259037027969171,0.028162911611785094
20260417,5497,307,5190,0.40289017341040462,0.57495183044315989,-0.0035110000000000002,0.0018381483622350676,0.42344335165668567,0.12312138728323699,2305,0.40954446854663773,0.56919739696312366,-0.003509,0.0017854763557483729,0.43579127792873484,0.11019522776572668
20260420,5493,308,5185,0.61658630665380909,0.35139826422372228,0.0044580000000000002,0.0073855236258437802,0.337227940807522,0.075795564127290257,2303,0.58315240990013029,0.38471558836300479,0.0034599999999999995,0.0061708910117238384,0.34168410215191469,0.085974815458098139
20260421,5498,308,5190,0.36917148362235069,0.60828516377649322,-0.0050224999999999992,-0.0013552184971098262,0.50574165192771514,0.15529865125240847,2307,0.41525791070654527,0.56090160381447762,-0.0030399999999999997,0.00076428912006935433,0.49413739488794284,0.13654096228868662
20260422,5497,308,5189,0.51223742532279826,0.46058970899980728,0.00089099999999999997,0.0049744779340913474,0.29679529858350834,0.084409327423395644,2306,0.51517779705117084,0.45273200346921078,0.0010995,0.005730351257588898,0.30238848458059225,0.078924544666088461
20260423,5494,307,5187,0.25139772508193559,0.73202236360131101,-0.013051,-0.011260058415268942,0.63295433600693773,0.34817813765182187,2305,0.28980477223427331,0.68850325379609545,-0.010043,-0.0092850832971800423,0.59917244875361164,0.30629067245119307
20260424,5496,309,5187,0.38461538461538464,0.59475612107191056,-0.0051900000000000002,-0.0026235220744168118,0.56277862683333812,0.2271062271062271,2306,0.37510841283607982,0.60104076322636601,-0.0052944999999999997,-0.00038550737207285386,0.53233889112403188,0.22029488291413704
20260427,5495,310,5185,0.61369334619093541,0.36644165863066536,0.0068010000000000006,0.008130968756027002,0.38828480932764864,0.12324011571841852,2304,0.58376736111111116,0.39409722222222221,0.004777,0.007401907118055555,0.38219171020686254,0.1271701388888889
20260428,5488,310,5178,0.32078022402471995,0.65836230204712243,-0.011174999999999999,-0.0097430755117806113,0.60479158065905303,0.35766705291618384,2300,0.34130434782608693,0.63391304347826083,-0.0089529999999999992,-0.0081383604347826082,0.56627213090032325,0.32565217391304346
20260429,5462,310,5152,0.72418478260869568,0.25970496894409939,0.011148999999999999,0.012535245729813665,0.29580039174104145,0.084239130434782608,2294,0.71142109851787272,0.27070619006102875,0.0098220000000000009,0.011377615954664341,0.3392824844808725,0.08413251961639058
20260430,5460,309,5151,0.51854008930304796,0.45855173752669387,0.0013569999999999999,0.0046368687633469227,0.45024934766539576,0.15065035915356242,2285,0.50240700218818379,0.47352297592997811,0.000417,0.0038480914660831522,0.46702904080307422,0.17505470459518599
20260506,5490,310,5180,0.70405405405405408,0.27490347490347489,0.010135,0.014405604633204635,0.19515107839815471,0.068339768339768334,2300,0.67478260869565221,0.30913043478260871,0.008654499999999999,0.012715173913043479,0.21815334614749315,0.077391304347826081
20260507,5493,311,5182,0.62639907371671166,0.34754920879969126,0.0063119999999999999,0.011310866460825936,0.26080801601091191,0.081242763411810109,2301,0.61712299000434589,0.35723598435462844,0.0056599999999999992,0.01071113820078227,0.27385604511561151,0.083876575401999137
20260508,5491,311,5180,0.65154440154440152,0.32471042471042472,0.006711,0.0093924144787644794,0.45123750689969133,0.091312741312741308,2300,0.61956521739130432,0.35652173913043478,0.0052820000000000002,0.0084489552173913057,0.43855324209145197,0.098695652173913045
20260511,5491,311,5180,0.58494208494208499,0.39073359073359071,0.0039994999999999996,0.012401034362934363,0.27463029813800904,0.084169884169884177,2299,0.58634188777729446,0.38929969551979121,0.0038309999999999998,0.012933255328403653,0.26504394819985366,0.09569377990430622
20260512,5490,311,5179,0.24637960996331337,0.74261440432515935,-0.014913000000000001,-0.009330063139602239,0.56320217816174156,0.36590075304112762,2301,0.2664059104737071,0.72142546718817901,-0.012345999999999999,-0.0076123798348544103,0.52117936395987097,0.31725336810082572
20260513,5493,310,5183,0.58576114219563957,0.38742041288828866,0.0036329999999999999,0.0092587688597337448,0.27532366002736486,0.074088365811306192,2302,0.55734144222415294,0.41442224152910512,0.0022859999999999998,0.0081842189400521282,0.29468366301733917,0.076455256298870553
20260514,5493,310,5183,0.19486783715994599,0.7939417325873046,-0.019948999999999998,-0.017107526721975689,0.73517959790726584,0.49893883851051513,2302,0.20112945264986967,0.787141615986099,-0.018343000000000002,-0.015679320590790618,0.7468629961090939,0.46264118158123368
20260515,5495,311,5184,0.32658179012345678,0.65663580246913578,-0.0086840000000000007,-0.0050013667052469131,0.62411502050963019,0.26523919753086422,2303,0.31871471993052541,0.66348241424229271,-0.0090910000000000001,-0.0059229661311333047,0.63533986224443317,0.27746417716022581
20260518,5499,312,5187,0.44553691922112976,0.53190668980142664,-0.0025950000000000001,0.001148167148640833,0.42886197162422141,0.19992288413341044,2304,0.43402777777777779,0.53993055555555558,-0.0033699999999999997,0.00087158072916666677,0.40851814503723505,0.20789930555555555
20260519,5494,312,5182,0.64762639907371666,0.33076032419915091,0.0065684999999999997,0.0094910943651099963,0.37493655412633708,0.092242377460439978,2303,0.66739036039947897,0.31437255753365173,0.0073329999999999992,0.010136435953104645,0.33376236534936227,0.096830221450282236
20260520,5498,312,5186,0.30833011955264172,0.68106440416505976,-0.011155,-0.0058230703817971456,0.44386400943213228,0.30138835325877361,2305,0.33535791757049893,0.65249457700650759,-0.0093939999999999996,-0.0035345045553145339,0.40914148949710588,0.26160520607375271
20260521,5501,312,5189,0.12854114472923492,0.86529196376951245,-0.030623000000000001,-0.028734756407785698,0.77450464052280532,0.66467527461938714,2305,0.14316702819956617,0.84902386117136663,-0.027915000000000002,-0.02738628373101952,0.76249843935508621,0.62429501084598693
20260522,5504,313,5191,0.71989982662300134,0.25813908688114046,0.012613000000000001,0.018944895781159699,0.20761376955164595,0.060296667308803696,2306,0.68169991326973112,0.29444926279271466,0.0099144999999999997,0.018577189505637467,0.2412142574119491,0.065915004336513441
20260525,5504,313,5191,0.40859179348873048,0.57329994220766711,-0.0050170000000000006,0.00055904353689077235,0.34539555854650705,0.24446156809863226,2306,0.43972246313963576,0.54379878577623586,-0.0029569999999999996,0.0024657775368603645,0.31708474728654928,0.21899392888117952
20260526,5504,313,5191,0.25313041803120784,0.73415526873434789,-0.015896999999999998,-0.012724132537083413,0.55686077101093701,0.42496628780581774,2306,0.27233304423243709,0.7120555073720729,-0.013517000000000001,-0.011248908499566349,0.55452594385829956,0.38334778837814398
20260527,5506,315,5191,0.18011943748795994,0.81159699479869007,-0.022688,-0.016122767867462917,0.63504397872424967,0.554035831246388,2307,0.19115734720416125,0.79757260511486783,-0.020619000000000002,-0.011390645860424795,0.64674426081080705,0.51452102297355873
20260528,5506,315,5191,0.5293777692159507,0.44712001541128876,0.0019919999999999998,0.0061963527258717009,0.38720485159212331,0.12984010787902139,2307,0.47941048981361073,0.49674902470741222,0,0.0037793680104031206,0.41256818463785061,0.15041179020372777
20260529,5506,316,5190,0.27861271676300581,0.707514450867052,-0.022969999999999997,-0.021871551637764931,0.6816573443857874,0.52967244701348748,2307,0.32336367576939751,0.6623320329432163,-0.018494999999999998,-0.019185811009969658,0.64403759044186693,0.48157780667533595
20260601,5508,316,5192,0.67661787365177195,0.31375192604006163,0.012328,0.0095229137134052368,0.58339651509894352,0.16583204930662557,2310,0.66017316017316019,0.32987012987012987,0.010893,0.0070265614718614715,0.57513282417763734,0.18225108225108225
20260602,5507,316,5191,0.26449624349836254,0.72086303217106529,-0.014587000000000001,-0.0084610412251974586,0.39260794245176245,0.38219996147177809,2311,0.27650367806144527,0.70964950237992208,-0.013528999999999999,-0.0080157775854608395,0.39695264959864718,0.35655560363479011
20260603,5511,316,5195,0.31645813282001922,0.67064485081809433,-0.0099609999999999994,-0.0039581435996150147,0.38073858596261778,0.2494706448508181,2311,0.34314149718736475,0.64647338814366073,-0.0091559999999999992,-0.002195139333621809,0.34998620249335388,0.22890523582864561
20260604,5511,316,5195,0.24908565928777671,0.74205967276227136,-0.016251000000000002,-0.0096671212704523557,0.47936155377822226,0.40654475457170358,2311,0.24707918649935093,0.74340112505408917,-0.015924000000000001,-0.0091336979662483778,0.48676935837665031,0.39073993942016444
20260605,5514,317,5197,0.57379257263806038,0.40234750817779485,0.0040879999999999996,0.0025929669039830672,0.60390776999395934,0.17702520685010584,2311,0.54478580700995238,0.43098225876244051,0.0029149999999999996,0.00068386109909130246,0.61682614145442549,0.19731717871051493
20260608,5515,317,5198,0.12793382070026935,0.86821854559445943,-0.0310805,-0.02912837649095806,0.78321694564975453,0.70411696806464019,2313,0.13272805879809771,0.86381322957198448,-0.028322,-0.027795296584522265,0.75963307835807237,0.65585819282317337
20260609,5515,317,5198,0.61869949980761829,0.35436706425548287,0.0061130000000000004,0.01405651981531358,0.19122943865221226,0.092150827241246638,2312,0.57179930795847755,0.40224913494809689,0.0035869999999999999,0.011161316608996538,0.22892457030074573,0.10164359861591696
20260610,5512,317,5195,0.29239653512993263,0.69335899903753606,-0.013557999999999999,-0.012145464100096247,0.65231832123179045,0.3994225216554379,2311,0.35006490696668108,0.63522284725227174,-0.0095560000000000003,-0.0087993552574643016,0.55680922881957207,0.35049762007788837
20260611,5511,318,5193,0.25958020412093202,0.7265549778548045,-0.013972,-0.0097213558636626233,0.53588947441504942,0.36164067013287116,2312,0.29238754325259514,0.69290657439446368,-0.011619000000000001,-0.0069603326124567481,0.49570717025521577,0.31487889273356401
20260612,5512,318,5194,0.71390065460146324,0.27204466692337315,0.01319,0.011556526761648056,0.4435018910297685,0.12591451675009627,2311,0.72219818260493296,0.26655127650367805,0.013729999999999999,0.011765202509736044,0.45206836911382992,0.12721765469493726
20260615,5508,319,5189,0.70687993833108498,0.26999421853921757,0.013016000000000002,0.020460717286567742,0.14097456092308755,0.079206012719213723,2307,0.68140442132639789,0.29562201993931514,0.011342000000000001,0.018610650195058517,0.16949393608922964,0.091027308192457732
20260616,5513,319,5194,0.5055833654216404,0.47516365036580671,0.00074050000000000006,0.0072087058144012332,0.3047965356531146,0.14728532922603005,2309,0.46470333477695974,0.52057167605023824,-0.0019959999999999999,0.0050402282373321781,0.35973083876506101,0.17063663923776526
20260617,5509,319,5190,0.30751445086705204,0.68400770712909442,-0.0125465,-0.0048473354527938358,0.3380404318708915,0.35452793834296725,2306,0.33391153512575888,0.65568083261058108,-0.010649499999999999,-0.0029395307892454469,0.32046028509753643,0.31526452732003468
20260618,5507,319,5188,0.37798766383962989,0.60562837316885121,-0.0069800000000000001,-0.0021561453353893599,0.38250013876941646,0.26927525057825752,2306,0.38768430182133562,0.59800520381613187,-0.0068485000000000004,-0.0016335437987857761,0.40566907172605593,0.28490893321769295
20260622,5510,319,5191,0.51839722596802162,0.45771527643999227,0.001933,0.0058413078404931616,0.32047141218674108,0.2053554228472356,2305,0.5136659436008677,0.46203904555314534,0.0015199999999999999,0.0053677566160520605,0.27854179803470935,0.20954446854663775
20260623,5513,320,5193,0.49085307144232621,0.49066050452532256,0,-0.0021007875986905448,0.68097642569429218,0.26131330637396494,2304,0.49913194444444442,0.48177083333333331,0,-0.0014335312499999999,0.65382697630716402,0.2634548611111111
20260624,5512,320,5192,0.26617873651771956,0.72573189522342063,-0.019695999999999998,-0.008554656394453004,0.33932948084978648,0.49364406779661019,2304,0.26605902777777779,0.72309027777777779,-0.0189205,-0.0050609127604166661,0.34815179967492271,0.47526041666666669
20260625,5511,320,5191,0.23097669042573685,0.759005971874398,-0.018867999999999999,-0.012903956077827008,0.38346342414936385,0.47794259294933539,2305,0.25422993492407808,0.7344902386117137,-0.015747999999999998,-0.010033244685466377,0.38571044238981572,0.41431670281995664
20260626,5513,320,5193,0.14558058925476602,0.84613903331407669,-0.028395,-0.024638490082803773,0.69420339686461507,0.65299441555940685,2305,0.15878524945770064,0.83123644251626894,-0.026764,-0.023190242516268979,0.67574276769522013,0.62776572668112796
20260629,5510,321,5189,0.46116785507804969,0.51821160146463674,-0.0021570000000000001,0.0011225205241857776,0.46036871414941227,0.24744652148776258,2303,0.53148067737733395,0.4455058619192358,0.0025380000000000003,0.0063650699088145888,0.37812809258324159,0.20060790273556231
20260630,5508,322,5186,0.55958349402236796,0.42421905129193982,0.0053670000000000002,0.012967558040879292,0.25064216386429733,0.16910913999228694,2297,0.50326512842838489,0.48410970831519373,0.00074700000000000005,0.010869427949499348,0.31330604518972355,0.19721375707444494
20260701,5511,322,5189,0.77914819811138947,0.21391404894970129,0.020884999999999997,0.020820788783966083,0.46952829924192607,0.11370206205434573,2302,0.76542137271937449,0.22675933970460468,0.019831000000000001,0.019039487402258908,0.48717862254605449,0.12206776715899217
20260702,5517,323,5194,0.40681555641124373,0.56892568348093953,-0.0045775,-0.006941647477859067,0.73639594774904338,0.29187524066230264,2304,0.42578125,0.54947916666666663,-0.003869,-0.007707924045138888,0.75852201634180538,0.2912326388888889
20260703,5516,323,5193,0.67918351627190454,0.30502599653379547,0.011792,0.010670737531292124,0.47634434760613248,0.16021567494704408,2303,0.66869300911854102,0.31437255753365173,0.010808,0.0087947729049066437,0.48469245159576607,0.16673903603994789
20260706,5517,323,5194,0.34982672314208701,0.63111282248748557,-0.011765000000000001,-0.011672082595302271,0.61793447140260593,0.39468617635733538,2303,0.39947894051237515,0.58271819366044286,-0.0073939999999999995,-0.0087147116804168461,0.57158805254504963,0.34563612679114197
20260707,5517,323,5194,0.12302656911821332,0.87312283403927604,-0.029521499999999999,-0.026870213515594921,0.65630958974584153,0.70504428186368884,2303,0.13113330438558402,0.86409031697785499,-0.028153999999999998,-0.025775652192792011,0.65243434310780635,0.67477203647416417
20260708,5518,324,5194,0.29514824797843664,0.68001540238737002,-0.013417500000000001,-0.014518217943781286,0.66416983815509856,0.40392760877936079,2303,0.32392531480677378,0.64871906209292229,-0.010936,-0.012635049500651325,0.64680025245656125,0.37082066869300911
20260709,5520,326,5194,0.45860608394301117,0.51482479784366575,-0.0015084999999999999,0.0062152562572198693,0.21459699740629606,0.12013862148633038,2303,0.46504559270516715,0.50976986539296565,-0.0014189999999999999,0.0079544459400781586,0.20032021029539587,0.10942249240121581
20260710,5521,327,5194,0.67616480554485947,0.31035810550635351,0.011703,0.0097340462071621101,0.61166904248099985,0.16961879091259144,2304,0.65928819444444442,0.3263888888888889,0.010644000000000001,0.0059236471354166664,0.64584924199475846,0.18055555555555555
20260713,5524,327,5197,0.15008658841639408,0.84221666345968826,-0.040746999999999998,-0.040164489705599382,0.81050775718100543,0.71522031941504716,2307,0.18899003034243606,0.80147377546597309,-0.034796999999999995,-0.035493778066753356,0.77160624313748627,0.65322930212397057
20260714,5524,327,5197,0.7540888974408313,0.23378872426399847,0.015066,0.015112949971137194,0.28722432644456652,0.091783721377717911,2308,0.74003466204506063,0.24350086655112652,0.0140225,0.014402286828422877,0.31090895335441171,0.09618717504332755
20260715,5525,327,5198,0.61523662947287416,0.37129665255867639,0.0082420000000000011,0.0025951465948441704,0.5878942861909503,0.2152751058099269,2308,0.62175043327556323,0.36481802426343152,0.0091389999999999996,0.0021947586655112644,0.58793577078097858,0.22357019064124783
20260716,5524,327,5197,0.45102944006157397,0.51856840484895128,-0.001905,-0.0066965389647873769,0.69394261736666196,0.26611506638445259,2306,0.40372940156114484,0.57068516912402434,-0.0047904999999999996,-0.010317526452732002,0.74725255265369861,0.29531656548135299
20260717,5522,327,5195,0.07795957651588066,0.91588065447545719,-0.042899,-0.047312054667949945,0.87611987609074971,0.77536092396535128,2306,0.086730268863833476,0.90416305290546406,-0.0405885,-0.045907628360797918,0.8509468080361039,0.73200346921075454
20260720,5524,327,5197,0.32884356359438138,0.65710987107946894,-0.019168000000000001,-0.023579882432172405,0.57165536691270014,0.4922070425245334,2306,0.38594969644405897,0.60190806591500434,-0.013223,-0.019779922376409371,0.52998335420482168,0.44882914137033825
20260721,5525,327,5198,0.5523278183916891,0.42689495959984608,0.0052084999999999996,0.01475506579453636,0.18182502411169832,0.16852635629088111,2307,0.52449068053749459,0.45253576072821844,0.0030959999999999998,0.014935834416991766,0.21881883914877523,0.17641959254442999
20260722,5526,328,5198,0.2754905732974221,0.70219315121200465,-0.012726999999999999,-0.0092909486340900325,0.56394456619523614,0.35725278953443634,2307,0.31122670134373648,0.66319895968790632,-0.01039,-0.0079718500216731675,0.55570415260198314,0.31902904204594712
20260723,5526,328,5198,0.76894959599846091,0.21989226625625241,0.018065999999999999,0.018353587148903425,0.45143640993795753,0.091381300500192386,2308,0.74090121317157709,0.24653379549393414,0.015193,0.014832838388214906,0.44765151413883814,0.11048526863084922
20260724,5526,329,5197,0.10275158745430056,0.89128343274966326,-0.028054000000000003,-0.025718495093323072,0.75366541039134272,0.69039830671541269,2308,0.10701906412478336,0.88518197573656843,-0.027009999999999999,-0.025007557192374352,0.72419004774277118,0.66074523396880414
20260727,5523,330,5193,0.94068938956287307,0.051607933756980549,0.027816999999999998,0.03162568187945311,0.13350797089400904,0.012131715771230503,2308,0.91551126516464476,0.072790294627383012,0.024175500000000003,0.02913476473136915,0.20448730682553048,0.013864818024263431
20260728,5524,330,5194,0.45687331536388143,0.51463226800154027,-0.0013849999999999999,-0.008057591836734693,0.75852177810206267,0.26184058529072007,2309,0.45647466435686446,0.5140753572975314,-0.001358,-0.0094962893027284549,0.74535871004025112,0.26375054135989606
20260729,5524,331,5193,0.76410552667051801,0.22588099364529174,0.015538000000000001,0.012427618524937414,0.42223245663189174,0.10860774119006354,2309,0.76959722823733223,0.22174101342572541,0.015845000000000001,0.012613739281074059,0.41975292518210577,0.11303594629709832
20260730,5528,331,5197,0.31479699826823165,0.66326726957860305,-0.011993999999999999,-0.018487391379642101,0.68513747578854034,0.40484895131806814,2310,0.37705627705627703,0.59999999999999998,-0.0081329999999999996,-0.016799783116883116,0.63798883491238545,0.37792207792207794
20260731,5528,331,5197,0.8456802001154512,0.13373099865306909,0.020327000000000001,0.025875680584952855,0.19180814622880527,0.028285549355397344,2308,0.80502599653379547,0.16767764298093588,0.016184999999999998,0.022753006499133449,0.22621643052767512,0.03292894280762565
20260803,5529,332,5197,0.74389070617664033,0.2461035212622667,0.014388000000000001,0.012664676544160093,0.51665025720460245,0.12064652684240908,2308,0.70580589254766035,0.28466204506065856,0.012264499999999999,0.009473187175043328,0.5536856673508469,0.14038128249566725
20260804,5529,332,5197,0.65537810275158748,0.32018472195497405,0.010059999999999999,0.019214495670579181,0.17388896006001434,0.059264960554165864,2309,0.59289735816370726,0.38155045474231269,0.0068189999999999995,0.016701008661758339,0.24093289574186214,0.084885231702035518
20260805,5532,333,5199,0.65916522408155409,0.30755914598961337,0.0085979999999999997,0.017468773417964992,0.18937083566911564,0.019426812848624735,2309,0.63230835859679513,0.33477695972282373,0.0072309999999999996,0.017428708098744042,0.1843225150248714,0.02252057167605024
20260806,5533,333,5200,0.50749999999999995,0.4646153846153846,0.00072550000000000002,0.0056868003846153843,0.39034922951532591,0.092115384615384613,2311,0.51709216789268719,0.45651233232366939,0.0011440000000000001,0.0068703807875378619,0.35946485865939692,0.075724794461272171
20260807,5535,333,5202,0.51345636293733177,0.46116878123798538,0.001091,0.0098788514033064205,0.21876320217737305,0.07477893118031527,2311,0.51709216789268719,0.45521419299004762,0.001374,0.010299535698831675,0.19329267822697901,0.063176114236261363
20260810,5538,333,5205,0.74505283381364074,0.24073006724303556,0.013359000000000001,0.014334361767531221,0.42606070097665194,0.075888568683957727,2311,0.730419731717871,0.25183903072263092,0.011517999999999999,0.01317903202077023,0.42249427422711938,0.077022933794893986
20260811,5539,334,5205,0.29971181556195964,0.67358309317963494,-0.0064029999999999998,-0.0017010806916426516,0.61726827613748636,0.15619596541786743,2310,0.30779220779220778,0.66926406926406923,-0.0065080000000000008,-0.0023475913419913428,0.68814893556444101,0.15930735930735931
20260812,5539,335,5204,0.74173712528823976,0.23385857033051499,0.0082640000000000005,0.012004953112990008,0.24600894289922837,0.032859338970023057,2309,0.71026418362927679,0.26288436552620181,0.006803,0.011043382849718493,0.26381315178695058,0.035946297098310959
20260813,5540,335,5205,0.20845341018251681,0.77636887608069161,-0.014539999999999999,-0.010326849183477425,0.65223444063990899,0.32987512007684916,2310,0.22510822510822512,0.75757575757575757,-0.013212499999999999,-0.0094463692640692643,0.66880036038822543,0.30476190476190479
20260814,5540,335,5205,0.44610951008645533,0.52257444764649374,-0.0013760000000000001,0.0018492511047070125,0.37060600134916494,0.11661863592699327,2310,0.43073593073593075,0.53593073593073592,-0.0019989999999999999,0.0013566658008658007,0.37982196065505153,0.11082251082251082
20260817,5539,336,5203,0.7816644243705555,0.19219680953296175,0.013812,0.018102211608687298,0.14159234878379862,0.034595425715933117,2310,0.76233766233766231,0.20432900432900433,0.012923,0.018334945887445886,0.15503578107977811,0.031168831168831169
20260818,5540,336,5204,0.35376633358954651,0.62259800153727907,-0.0056410000000000002,-0.00091869504227517303,0.56508885863987879,0.16986933128362797,2312,0.39143598615916952,0.58347750865051906,-0.00398,0.0018809697231833911,0.52361597074179911,0.14230103806228372
20260819,5541,337,5204,0.080899308224442731,0.91468101460415063,-0.039094999999999998,-0.040360437740199838,0.87510971710407515,0.76152959262106068,2313,0.10203199308257674,0.89191526156506706,-0.035278999999999998,-0.036175520968439255,0.83238089576864727,0.7029831387808041
20260820,5541,337,5204,0.75249807840122984,0.23136049192928518,0.012465500000000001,0.014626066871637205,0.3914853338296842,0.069369715603382009,2313,0.72676178123648938,0.25335062689148291,0.011221000000000002,0.013439118028534373,0.41366492184295606,0.070903588413316038
20260821,5543,338,5205,0.46243996157540829,0.50470701248799232,-0.00054900000000000001,-0.00034026167146974055,0.38603384620209846,0.15292987512007686,2313,0.43450064850843062,0.53134457414613057,-0.0018340000000000001,-0.0015775559878945095,0.40639239961235868,0.16385646346735841
20260824,5545,338,5207,0.2657960437872095,0.71154215479162664,-0.012,-0.011527597464951028,0.70541584137026758,0.33320530055694259,2313,0.29139645482057935,0.6830955469087765,-0.010417000000000001,-0.011114001297016861,0.68820685042175067,0.32771292693471682
20260825,5546,338,5208,0.76171274961597546,0.22599846390168971,0.0151325,0.015622852150537632,0.44426064995615744,0.071428571428571425,2313,0.72157371379161261,0.26070038910505838,0.011560999999999998,0.013116355382619974,0.45162212603373353,0.079550367488110674
20260826,5547,338,5209,0.52985217892109815,0.44346323670570165,0.0016180000000000001,0.0026190011518525628,0.41818621877041823,0.098099443271261272,2315,0.55982721382289413,0.41727861771058317,0.0026459999999999999,0.0037169995680345577,0.40247069437406036,0.093304535637149022
20260827,5547,338,5209,0.61259358802073338,0.34958725283163755,0.0053790000000000001,0.012049240929161067,0.1673954527796761,0.047993856786331349,2314,0.5842696629213483,0.38418323249783926,0.0043235000000000001,0.011396611495246326,0.17935131720321582,0.052290406222990492
20260828,5547,339,5208,0.53686635944700456,0.43586789554531491,0.0020035000000000001,0.0021250725806451617,0.58085193688662107,0.14573732718894009,2315,0.54773218142548596,0.42634989200863932,0.0024510000000000001,0.0022428267818574519,0.55537341468352686,0.14730021598272139
20260831,5545,339,5206,0.57625816365731852,0.3978102189781022,0.0047520000000000001,0.007882715712639262,0.38094311743311671,0.12812139838647715,2313,0.54474708171206221,0.42844790315607434,0.0027860000000000003,0.0062189753566796371,0.41356225728501667,0.14007782101167315
20260901,5546,339,5207,0.59439216439408493,0.38313808334933741,0.0049090000000000002,0.0041026014979834834,0.54982743518708399,0.16573842903783367,2314,0.58815903197925667,0.38764044943820225,0.0049259999999999998,0.002985092048401037,0.56964379000250753,0.18280034572169404
20260902,5547,339,5208,0.23943932411674348,0.74078341013824889,-0.010591999999999999,-0.008463458717357911,0.7233490854396587,0.25076804915514594,2314,0.22558340535868626,0.7584269662921348,-0.011394999999999999,-0.0091869407951598956,0.70452829320944355,0.26534140017286084
20260903,5549,340,5209,0.34651564599731233,0.62871952390094066,-0.006071,-0.00305434497984258,0.48638100090484665,0.16010750623920139,2314,0.38720829732065687,0.5842696629213483,-0.0040014999999999998,-0.0014662307692307694,0.4641595115327144,0.13223854796888504
20260904,5548,341,5207,0.4319185711542155,0.53255233339734975,-0.0020460000000000001,-0.0033559746495102748,0.60842087735992101,0.20837334357595544,2314,0.44079515989628348,0.52463267070008646,-0.0015244999999999998,-0.0037608418323249776,0.60690684006141826,0.21132238547968885
20260907,5549,342,5207,0.58382946034184746,0.38160169003264838,0.0039439999999999996,0.0099990067217207608,0.29702783661295923,0.069905895909352797,2314,0.54753673292999139,0.41789109766637855,0.002836,0.0089973910976663789,0.33109655591527759,0.081676750216076052
20260908,5549,342,5207,0.62550412905703856,0.35701939696562318,0.0058170000000000001,0.0069830503168811214,0.46597521827502281,0.10217015555982331,2313,0.63207955036748809,0.34976221357544313,0.0061500000000000001,0.0073575659316904452,0.42813567475262998,0.1028966709900562
20260909,5550,343,5207,0.3320530055694258,0.64701363549068558,-0.0062700000000000004,-0.0038967055886306896,0.47497715139250124,0.18206260802765509,2312,0.37283737024221453,0.6046712802768166,-0.0045659999999999997,-0.0024615371972318339,0.44147489103501975,0.1583044982698962
20260910,5549,343,5206,0.1790242028428736,0.80522474068382632,-0.014085,-0.012168639838647712,0.64816316009286934,0.32750672301190936,2311,0.19515361315447857,0.78537429684119431,-0.013158000000000001,-0.012180533535266116,0.63324057636154873,0.32020770229337947
20260911,5550,343,5207,0.11618974457461111,0.87708853466487424,-0.021819999999999999,-0.019454828692145189,0.71425718596592558,0.55118110236220474,2311,0.11639982691475552,0.87710947641713544,-0.021573000000000002,-0.018767238424924275,0.72517424244282802,0.54435309389874509
20260914,5550,343,5207,0.56443249471864798,0.40003840983291722,0.0029039999999999999,0.0055650378336854238,0.48161510261960666,0.097176877280583829,2311,0.56771960190393767,0.3954997836434444,0.002892,0.0056314668974469925,0.4926118551157519,0.095629597576806571
20260915,5548,343,5205,0.20249759846301632,0.78828049951969259,-0.014998000000000001,-0.01367595869356388,0.56551851269146358,0.39077809798270896,2308,0.23266897746967072,0.75866551126516468,-0.012611000000000001,-0.011463841854419411,0.54575723583784597,0.34055459272097055
20260916,5550,344,5206,0.74683058009988479,0.21782558586246639,0.0097724999999999999,0.014444840952746828,0.20773739702791191,0.033999231655781788,2309,0.7042009527934171,0.25768731052403637,0.0083109999999999989,0.013259740580337808,0.22011471667296273,0.035080121264616716
