trade_date,predicted_pct_change,predicted_label,predicted_close,confidence,real_pct_change,correct,calibrated_confidence,confidence_calibration_window,confidence_calibration_method,confidence_calibration_rows,confidence_calibration_fallback,uncalibrated_predicted_return,return_calibration_scale,return_calibration_rows,return_calibration_close_fallback,correction_selected,downside_base_probability,downside_extended_probability,downside_last_training_date,downside_probability,downside_training_rows
20201215,-0,0,3367.2325999999998,0.6166666666666667,-7.4066757372093228e-05,True,0.6166666666666667,300,platt,0,1,-0.0030081594396608293,0,0,0,False,0,0,0,0,0
20201216,-0,0,3366.9832000000001,0.6166666666666667,0.011253397403349075,False,0.6166666666666667,300,platt,1,1,-0.002335088051007809,0,1,0,False,0,0,0,0,0
20201217,-0,0,3404.8732,0.6166666666666667,-0.0029302706485515584,True,0.6166666666666667,300,platt,2,1,-0.0061825834036430289,0,2,0,False,0,0,0,0,0
20201218,-0,0,3394.8960000000002,0.625,0.0075623229695400696,False,0.625,300,platt,3,1,-0.0036032009461750359,0,3,0,False,0,0,0,0,0
20201221,0,1,3420.5693000000001,0.60833333333333328,-0.018648094631498968,False,0.60833333333333328,300,platt,4,1,0.0050152172183723625,0,4,0,False,0,0,0,0,0
20201222,-0,0,3356.7822000000001,0.60833333333333328,0.0076076726097986658,False,0.60833333333333328,300,platt,5,1,-0.0074413496414549992,0,5,0,False,0,0,0,0,0
20201223,0,1,3382.3195000000001,0.60833333333333328,-0.0056784109248106951,False,0.60833333333333328,300,platt,6,1,0.0040694440275638863,0,6,0,False,0,0,0,0,0
20201224,-0,0,3363.1133,0.59999999999999998,0.0099459331328504152,False,0.59999999999999998,300,platt,7,1,-0.0049200989254651849,0,7,0,False,0,0,0,0,0
20201225,-0,0,3396.5626000000002,0.60833333333333328,0.00021280337951079531,False,0.60833333333333328,300,platt,8,1,-0.005935950548336167,0,8,0,False,0,0,0,0,0
20201228,-0,0,3397.2854000000002,0.60833333333333328,-0.0053717005936564366,True,0.60833333333333328,300,platt,9,1,-0.0035009530472169641,0,9,0,False,0,0,0,0,0
20201229,0,1,3379.0362,0.69999999999999996,0.010481243142645091,True,0.69999999999999996,300,platt,10,1,0.0037842168324014529,0,10,0,False,0,0,0,0,0
20201230,-0,0,3414.4526999999998,0.72727272727272729,0.017167202228339562,False,0.72727272727272729,300,platt,11,1,-0.004844330078323412,0,11,0,False,0,0,0,0,0
20201231,0,1,3473.0693000000001,0.66666666666666674,0.0086059613034499272,True,0.66666666666666674,300,platt,12,1,0.0065842291752861446,0,12,0,False,0,0,0,0,0
20210104,-0,0,3502.9584,0.59166666666666667,0.0073418799378262012,False,0.59166666666666667,300,platt,13,1,-0.0064589737516738107,0,13,0,False,0,0,0,0,0
20210105,0,1,3528.6767,0.69230769230769229,0.006291310280706508,True,0.69230769230769229,300,platt,14,1,0.0052913496086797315,0,14,0,False,0,0,0,0,0
20210106,-0,0,3550.8766999999998,0.58333333333333337,0.0071328582037220034,False,0.58333333333333337,300,platt,15,1,-0.0052189261901596055,0,15,0,False,0,0,0,0,0
20210107,0,1,3576.2046,0.66666666666666674,-0.0017047123086860738,False,0.66666666666666674,300,platt,16,1,0.0058921475344956642,0,16,0,False,0,0,0,0,0
20210108,-0,0,3570.1082000000001,0.73333333333333339,-0.010814910315603332,True,0.73333333333333339,300,platt,17,1,-0.0051178364521118416,0,17,0,False,0,0,0,0,0
20210111,-0,0,3531.4978000000001,0.75,0.021758784615411697,False,0.75,300,platt,18,1,-0.0096907099100431836,0,18,0,False,0,0,0,0,0
20210112,0,1,3608.3389000000002,0.6166666666666667,-0.0026846425096046511,False,0.6166666666666667,300,platt,19,1,0.010938497670782296,0,19,0,False,0,0,0,0,0
20210113,-0,0,3598.6518000000001,0.59999999999999998,-0.0090998523391455644,True,0.59999999999999998,300,platt,20,1,-0.0054726629624846012,0,20,0,False,0,0,0,0,0
20210114,0,1,3565.9045999999998,0.59999999999999998,0.00013270125061692895,True,0.59999999999999998,300,platt,21,1,0.0047535303186594631,0,21,0,False,0,0,0,0,0
20210115,0,1,3566.3778000000002,0.59999999999999998,0.0083686871312398381,True,0.59999999999999998,300,platt,22,1,0.0067008092528481429,0,22,0,False,0,0,0,0,0
20210118,-0,0,3596.2237,0.59999999999999998,-0.0082982323930516078,True,0.59999999999999998,300,platt,23,1,-0.0077053961574781674,0,23,0,False,0,0,0,0,0
20210119,-0,0,3566.3814000000002,0.59999999999999998,0.0046855897128668111,False,0.59999999999999998,300,platt,24,1,-0.0060940860669484913,0,24,0,False,0,0,0,0,0
20210120,0,1,3583.0920000000001,0.59999999999999998,0.010653396563638173,True,0.59999999999999998,300,platt,25,1,0.0040124390927860102,0,25,0,False,0,0,0,0,0
20210121,-0,0,3621.2640999999999,0.66666666666666674,-0.0040081307519105325,True,0.66666666666666674,300,platt,26,1,-0.0060398743965846911,0,26,0,False,0,0,0,0,0
20210122,0,1,3606.7496000000001,0.66666666666666674,0.0048488256573175903,True,0.66666666666666674,300,platt,27,1,0.0037466552340314103,0,27,0,False,0,0,0,0,0
20210125,0,1,3624.2381,0.73333333333333339,-0.015122930251188493,False,0.73333333333333339,300,platt,28,1,0.0054425102068140661,0,28,0,False,0,0,0,0,0
20210126,-0,0,3569.4290000000001,0.66666666666666674,0.0010960296450777118,False,0.66666666666666674,300,platt,29,1,-0.005554712678098192,0,29,0,False,0,0,0,0,0
20210127,0,1,3573.3411999999998,0.66666666666666674,-0.019076068078805242,False,0.66666666666666674,300,platt,30,1,0.0038547785608936355,0,30,0,False,0,0,0,0,0
20210128,-0,0,3505.1759000000002,0.59166666666666667,-0.0063068732156923435,True,0.59166666666666667,300,platt,31,1,-0.0064443277330058614,0,31,0,False,0,0,0,0,0
20210129,-0,0,3483.0691999999999,0.59999999999999998,0.0063778233289193409,False,0.59999999999999998,300,platt,32,1,-0.010546505412580972,0,32,0,False,0,0,0,0,0
20210201,-0,0,3505.2836000000002,0.59166666666666667,0.0081024257209887374,False,0.59166666666666667,300,platt,33,1,-0.0044300032694859718,0,33,0,False,0,0,0,0,0
20210202,0,1,3533.6849000000002,0.58333333333333337,-0.0046345105643120776,False,0.58333333333333337,300,platt,34,1,0.0048318627300498688,0,34,0,False,0,0,0,0,0
20210203,0,1,3517.308,0.66666666666666674,-0.0043922226884879345,False,0.66666666666666674,300,platt,35,1,0.0043194081814770715,0,35,0,False,0,0,0,0,0
20210204,0,1,3501.8591999999999,0.59999999999999998,-0.0015781045679963412,False,0.59999999999999998,300,platt,36,1,0.0071379622647677072,0,36,0,False,0,0,0,0,0
20210205,-0,0,3496.3328999999999,0.60833333333333328,0.010329050760583991,False,0.60833333333333328,300,platt,37,1,-0.0052278236694575887,0,37,0,False,0,0,0,0,0
20210208,-0,0,3532.4467,0.57499999999999996,0.020111357943489949,False,0.57499999999999996,300,platt,38,1,-0.005987702046067734,0,38,0,False,0,0,0,0,0
20210209,0,1,3603.489,0.6166666666666667,0.014319177885654844,True,0.6166666666666667,300,platt,39,1,0.0088909181710216754,0,39,0,False,0,0,0,0,0
20210210,-0,0,3655.0880000000002,0.6166666666666667,0.0055454478797773987,False,0.6166666666666667,300,platt,40,1,-0.0059713465364067703,0,40,0,False,0,0,0,0,0
20210218,0,1,3675.3571000000002,0.56666666666666665,0.0056622797278664816,True,0.56666666666666665,300,platt,41,1,0.00798934840909255,0,41,0,False,0,0,0,0,0
20210219,0,1,3696.1680000000001,0.59999999999999998,-0.014534810106034191,False,0.59999999999999998,300,platt,42,1,0.0075858795834446392,0,42,0,False,0,0,0,0,0
20210222,0,1,3642.4449,0.6166666666666667,-0.0016712950139615712,False,0.6166666666666667,300,platt,43,1,0.0088594024104382847,0,43,0,False,0,0,0,0,0
20210223,-0,0,3636.3573000000001,0.6166666666666667,-0.019876319634486994,True,0.6166666666666667,300,platt,44,1,-0.0063710681417289972,0,44,0,False,0,0,0,0,0
20210224,0,1,3564.0799000000002,0.59166666666666667,0.0058825561121678138,True,0.59166666666666667,300,platt,45,1,0.013703944847826516,0,45,0,False,0,0,0,0,0
20210225,-0,0,3585.0457999999999,0.57499999999999996,-0.021189520089255232,True,0.57499999999999996,300,platt,46,1,-0.0047189499433674259,0,46,0,False,0,0,0,0,0
20210226,-0,0,3509.0803999999998,0.60833333333333328,0.012059968759906559,False,0.60833333333333328,300,platt,47,1,-0.0060654488756050288,0,47,0,False,0,0,0,0,0
20210301,-0,0,3551.3998000000001,0.60833333333333328,-0.012054007549361367,True,0.60833333333333328,300,platt,48,1,-0.0048818466725612302,0,48,0,False,0,0,0,0,0
20210302,-0,0,3508.5911999999998,0.6166666666666667,0.01947029337587125,False,0.6166666666666667,300,platt,49,1,-0.0099908645740065232,0,49,0,False,0,0,0,0,0
20210303,-0,0,3576.9045000000001,0.60833333333333328,-0.020524143152270469,True,0.60833333333333328,300,platt,50,1,-0.0094613876426268614,0,50,0,False,0,0,0,0,0
20210304,0,1,3503.4915999999998,0.6166666666666667,-0.00042954291655783461,False,0.6166666666666667,300,platt,51,1,0.0080883635788349222,0,51,0,False,0,0,0,0,0
20210305,-0,0,3501.9866999999999,0.60833333333333328,-0.023007683038887561,True,0.60833333333333328,300,platt,52,1,-0.0083253046958837156,0,52,0,False,0,0,0,0,0
20210308,0,1,3421.4141,0.60833333333333328,-0.018156849239617023,False,0.60833333333333328,300,platt,53,1,0.01542561396582624,0,53,0,False,0,0,0,0,0
20210309,-0,0,3359.2919999999999,0.59166666666666667,-0.00046283562131543832,True,0.59166666666666667,300,platt,54,1,-0.013058127637749545,0,54,0,False,0,0,0,0,0
20210310,-0,0,3357.7372,0.59166666666666667,0.023555774406645025,False,0.59166666666666667,300,platt,55,1,-0.0054544584380528342,0,55,0,False,0,0,0,0,0
20210311,-0,0,3436.8312999999998,0.59166666666666667,0.0047271450303656426,False,0.59166666666666667,300,platt,56,1,-0.0084426675078779854,0,56,0,False,0,0,0,0,0
20210312,0,1,3453.0776999999998,0.58333333333333337,-0.0095949477186684229,False,0.58333333333333337,300,platt,57,1,0.0046720811058835483,0,57,0,False,0,0,0,0,0
20210315,-0,0,3419.9456,0.58333333333333337,0.0078328146506190244,False,0.58333333333333337,300,platt,58,1,-0.0082373349885814379,0,58,0,False,0,0,0,0,0
20210316,0,1,3446.7334000000001,0.625,-0.00034307846379988405,False,0.625,300,platt,59,1,0.005366478437956069,0,59,0,False,0,0,0,0,0
20210317,0,1,3445.5509000000002,0.59999999999999998,0.0050840055794849626,True,0.39985714570465575,300,platt,60,0,0.0055075933681240944,0,60,0,False,0,0,0,0,0
20210318,0,1,3463.0681,0.66666666666666674,-0.01686501631313575,False,0.4098723668565582,300,platt,61,0,0.0035960401713793855,0,61,0,False,0,0,0,0,0
20210319,0,1,3404.6633999999999,0.66666666666666674,0.011389026004744007,True,0.40309979343409097,300,platt,62,0,0.0063957636761996861,0,62,0,False,0,0,0,0,0
20210322,0,1,3443.4391999999998,0.66666666666666674,-0.0092728223573687041,False,0.41286166033899691,300,platt,63,0,0.0049587200148405305,0,63,0,False,0,0,0,0,0
20210323,0,1,3411.5088000000001,0.66666666666666674,-0.013028897946855689,False,0.40614607554858112,300,platt,64,0,0.0070444643535776813,0,64,0,False,0,0,0,0,0
20210324,-0,0,3367.0605999999998,0.6333333333333333,-0.0010303051866663582,True,0.39991730974813977,300,platt,65,0,-0.006845205081586302,0,65,0,False,0,0,0,0,0
20210325,-0,0,3363.5915,0.59166666666666667,0.016272844071582471,False,0.4091656075027767,300,platt,66,0,-0.0048014893452251323,0,66,0,False,0,0,0,0,0
20210326,-0,0,3418.3267000000001,0.59166666666666667,0.0049641539528681999,False,0.40290232569908119,300,platt,67,0,-0.0063357590862748456,0,67,0,False,0,0,0,0,0
20210329,0,1,3435.2957999999999,0.59999999999999998,0.0062238599657122862,True,0.39692005684357951,300,platt,68,0,0.0050407736169743251,0,68,0,False,0,0,0,0,0
20210330,0,1,3456.6765999999998,0.59166666666666667,-0.0042714727782169337,False,0.40578914444879333,300,platt,69,0,0.0042999354608458931,0,69,0,False,0,0,0,0,0
20210331,-0,0,3441.9115000000002,0.66666666666666674,0.0070948947990090439,False,0.40009540628515206,300,platt,70,0,-0.0039517647623961202,0,70,0,False,0,0,0,0,0
20210401,0,1,3466.3314999999998,0.59999999999999998,0.0052103787534458768,True,0.39438586263957431,300,platt,71,0,0.0039081505045063091,0,71,0,False,0,0,0,0,0
20210402,0,1,3484.3924000000002,0.59999999999999998,-0.00040896656760014416,False,0.40285717989194736,300,platt,72,0,0.0030835901555054607,0,72,0,False,0,0,0,0,0
20210406,-0,0,3482.9674,0.60833333333333328,-0.00095946921581868683,True,0.39720519658080067,300,platt,73,0,-0.0026813225573023695,0,73,0,False,0,0,0,0,0
20210407,0,1,3479.6255999999998,0.6166666666666667,0.00084181470558220006,True,0.40539175229857727,300,platt,74,0,0.0037719071669965894,0,74,0,False,0,0,0,0,0
20210408,-0,0,3482.5547999999999,0.625,-0.0091535099462037861,True,0.41329712493885462,300,platt,75,0,-0.0045639832800181586,0,75,0,False,0,0,0,0,0
20210409,-0,0,3450.6772000000001,0.72222222222222221,-0.010933940734879521,True,0.42055018236377556,300,platt,76,0,-0.0042064635082047566,0,76,0,False,0,0,0,0,0
20210412,0,1,3412.9477000000002,0.72222222222222221,-0.0048279966317680278,False,0.42939876247395631,300,platt,77,0,0.0066930156526111145,0,77,0,False,0,0,0,0,0
20210413,0,1,3396.4699999999998,0.72222222222222221,0.0059624256949126764,True,0.42294023431400957,300,platt,78,0,0.0048105644843383791,0,78,0,False,0,0,0,0,0
20210414,0,1,3416.7212,0.72222222222222221,-0.0051902683777651504,False,0.43149440806492623,300,platt,79,0,0.0034499665079088413,0,79,0,False,0,0,0,0,0
20210415,-0,0,3398.9875000000002,0.66666666666666674,0.0081289795858325853,False,0.42507670167733513,300,platt,80,0,-0.0046921873856332159,0,80,0,False,0,0,0,0,0
20210416,0,1,3426.6178,0.61111111111111116,0.014863256707532413,True,0.4197820986033165,300,platt,81,0,0.0049393183960817688,0,81,0,False,0,0,0,0,0
20210419,-0,0,3477.5484999999999,0.61111111111111116,-0.0013244387533343227,True,0.42686104887678511,300,platt,82,0,-0.008216625345082048,0,82,0,False,0,0,0,0,0
20210420,-0,0,3472.9427000000001,0.61111111111111116,-3.7144292649449184e-06,True,0.43377395052438711,300,platt,83,0,-0.0039037148925313197,0,83,0,False,0,0,0,0,0
20210421,0,1,3472.9297999999999,0.61111111111111116,-0.0022505493776464602,False,0.44057518043381799,300,platt,84,0,0.003947479299850668,0,84,0,False,0,0,0,0,0
20210422,0,1,3465.1138000000001,0.61111111111111116,0.0026123817347643019,True,0.43533041198261119,300,platt,85,0,0.0036148525244928749,0,85,0,False,0,0,0,0,0
20210423,0,1,3474.1660000000002,0.61111111111111116,-0.0094987401292856433,False,0.44196961067493512,300,platt,86,0,0.0032273728027369429,0,86,0,False,0,0,0,0,0
20210426,-0,0,3441.1658000000002,0.61111111111111116,0.00042000301177003152,False,0.4368206827012408,300,platt,87,0,-0.007344506827495414,0,87,0,False,0,0,0,0,0
20210427,0,1,3442.6111000000001,0.55555555555555558,0.0041994868371857397,True,0.43210422406114263,300,platt,88,0,0.0033274480612509247,0,88,0,False,0,0,0,0,0
20210428,0,1,3457.0682999999999,0.57894736842105265,0.0051583591796553474,True,0.43889813033546821,300,platt,89,0,0.0042005076236680304,0,89,0,False,0,0,0,0,0
20210429,0,1,3474.9011,0.57894736842105265,-0.0080706469602832565,False,0.44535502099551605,300,platt,90,0,0.003860070874161126,0,90,0,False,0,0,0,0,0
20210430,-0,0,3446.8564000000001,0.55000000000000004,-0.00161706765619829,True,0.44076022285897842,300,platt,91,0,-0.0053061807291145896,0,91,0,False,0,0,0,0,0
20210506,0,1,3441.2826,0.55000000000000004,-0.0065116709682605523,False,0.44746808238284375,300,platt,92,0,0.005647062285919051,0,92,0,False,0,0,0,0,0
20210507,0,1,3418.8741,0.6166666666666667,0.0026666088698614754,True,0.44092369668890269,300,platt,93,0,0.0052900199713945863,0,93,0,False,0,0,0,0,0
20210510,-0,0,3427.9908999999998,0.6166666666666667,0.0040415801570536924,False,0.44691681665301058,300,platt,94,0,-0.0035469169194133547,0,94,0,False,0,0,0,0,0
20210511,-0,0,3441.8454000000002,0.60833333333333328,0.0060740380727151155,False,0.4423303881981574,300,platt,95,0,-0.0080093260752704242,0,95,0,False,0,0,0,0,0
20210512,0,1,3462.7512999999999,0.54545454545454541,-0.009592141370360685,False,0.4388093966308555,300,platt,96,0,0.0047424783431215967,0,96,0,False,0,0,0,0,0
20210513,0,1,3429.5360999999998,0.6166666666666667,0.017740037785285434,True,0.43303097763533194,300,platt,97,0,0.0037569278459039642,0,97,0,False,0,0,0,0,0
20210514,-0,0,3490.3762000000002,0.6166666666666667,0.0078042017361910077,False,0.43877457231323846,300,platt,98,0,-0.0085620873401204885,0,98,0,False,0,0,0,0,0
20210517,-0,0,3517.6158,0.59999999999999998,0.0032404334776980903,False,0.43444328412685757,300,platt,99,0,-0.0049650053779921304,0,99,0,False,0,0,0,0,0
20210518,-0,0,3529.0144,0.6166666666666667,-0.005114657508906717,True,0.43002271756445237,300,platt,100,0,-0.0022091375140244891,0,100,0,False,0,0,0,0,0
20210519,-0,0,3510.9647,0.6166666666666667,-0.0011450699005889353,True,0.4356735404545653,300,platt,101,0,-0.0021460333070765529,0,101,0,False,0,0,0,0,0
20210520,0,1,3506.9443999999999,0.625,-0.0058134654202102176,False,0.44108603578256705,300,platt,102,0,0.0039361773286193703,0,102,0,False,0,0,0,0,0
20210521,-0,0,3486.5569,0.625,0.0030761580285696422,False,0.43676787113482407,300,platt,103,0,-0.0048394971290181034,0,103,0,False,0,0,0,0,0
20210524,-0,0,3497.2820999999999,0.625,0.024035721911023433,False,0.43265200884333671,300,platt,104,0,-0.0035435609614006178,0,104,0,False,0,0,0,0,0
20210525,0,1,3581.3418000000001,0.59999999999999998,0.0033549436694368939,True,0.42876150502145266,300,platt,105,0,0.010014326354665815,0,105,0,False,0,0,0,0,0
20210526,-0,0,3593.357,0.59999999999999998,0.0043117619540724572,False,0.43416076144376342,300,platt,106,0,-0.0021504723406623877,0,106,0,False,0,0,0,0,0
20210527,-0,0,3608.8507,0.59999999999999998,-0.0022351437259513496,True,0.43011003590685237,300,platt,107,0,-0.0056884399936159603,0,107,0,False,0,0,0,0,0
20210528,0,1,3600.7844,0.59999999999999998,0.0040804720215961154,True,0.43541571844458726,300,platt,108,0,0.0048081232774614072,0,108,0,False,0,0,0,0,0
20210531,-0,0,3615.4773,0.66666666666666674,0.0025547111027359737,False,0.43955267962631472,300,platt,109,0,-0.0041141697311760355,0,109,0,False,0,0,0,0,0
20210601,-0,0,3624.7138,0.59999999999999998,-0.007607745472207994,True,0.43673498303122904,300,platt,110,0,-0.0051840105286705563,0,110,0,False,0,0,0,0,0
20210602,0,1,3597.1379000000002,0.59999999999999998,-0.0035933568184861597,False,0.442059565605744,300,platt,111,0,0.0052798102519452748,0,111,0,False,0,0,0,0,0
20210603,0,1,3584.2121000000002,0.55555555555555558,0.0021295056729482287,True,0.43882898104685975,300,platt,112,0,0.0041358973181373441,0,112,0,False,0,0,0,0,0
20210604,0,1,3591.8447000000001,0.56756756756756754,0.0021427151346493645,True,0.44403294420869638,300,platt,113,0,0.0068237888338924038,0,113,0,False,0,0,0,0,0
20210607,0,1,3599.5410000000002,0.57894736842105265,-0.0053992161778405601,False,0.44886487755004045,300,platt,114,0,0.0021606849556909413,0,114,0,False,0,0,0,0,0
20210608,0,1,3580.1062999999999,0.5641025641025641,0.0031535935120139413,True,0.44523588764547928,300,platt,115,0,0.0068548730893943271,0,115,0,False,0,0,0,0,0
20210609,0,1,3591.3964999999998,0.57499999999999996,0.0054192011380531646,True,0.44999435281702138,300,platt,116,0,0.0030544224396048328,0,116,0,False,0,0,0,0,0
20210610,0,1,3610.8589999999999,0.58536585365853666,-0.0058465035605101967,False,0.45449005709297663,300,platt,117,0,0.0046883416011357232,0,117,0,False,0,0,0,0,0
20210611,0,1,3589.7480999999998,0.5714285714285714,-0.0092455233836601369,False,0.45104571792069276,300,platt,118,0,0.0032118024446548868,0,118,0,False,0,0,0,0,0
20210615,0,1,3556.5590000000002,0.55813953488372092,-0.010749097653096729,False,0.44748402463500492,300,platt,119,0,0.0054769998651159422,0,119,0,False,0,0,0,0,0
20210616,0,1,3518.3292000000001,0.54545454545454541,0.0020677428365714068,True,0.44384067901780772,300,platt,120,0,0.0058467032287140121,0,120,0,False,0,0,0,0,0
20210617,0,1,3525.6042000000002,0.55555555555555558,-0.0001439185941519705,False,0.44870678559693561,300,platt,121,0,0.0032764820257005275,0,121,0,False,0,0,0,0,0
20210618,0,1,3525.0967999999998,0.54347826086956519,0.0011590603696329804,True,0.44501281792996278,300,platt,122,0,0.0038928271938972483,0,122,0,False,0,0,0,0,0
20210621,-0,0,3529.1826000000001,0.55319148936170215,0.0079988493652891623,False,0.44976826741459225,300,platt,123,0,-0.004370738949434347,0,123,0,False,0,0,0,0,0
20210622,0,1,3557.4119999999998,0.54166666666666674,0.0024759291305027631,True,0.44613538422584148,300,platt,124,0,0.0027986970028279316,0,124,0,False,0,0,0,0,0
20210623,0,1,3566.2199000000001,0.55102040816326525,0.00012169748702262062,True,0.45090975427532543,300,platt,125,0,0.0032982664090357994,0,125,0,False,0,0,0,0,0
20210624,-0,0,3566.6538999999998,0.56000000000000005,0.011469545727439412,False,0.45528990196258451,300,platt,126,0,-0.0025855237217640341,0,126,0,False,0,0,0,0,0
20210625,0,1,3607.5617999999999,0.5490196078431373,-0.00032975180078698152,False,0.45193110920107787,300,platt,127,0,0.0058915537094995718,0,127,0,False,0,0,0,0,0
20210628,0,1,3606.3721999999998,0.60833333333333328,-0.0092043466839056842,False,0.44547431690335254,300,platt,128,0,0.0023763666594497227,0,128,0,False,0,0,0,0,0
20210629,-0,0,3573.1779000000001,0.59999999999999998,0.0050428779378715038,False,0.44238607850271472,300,platt,129,0,-0.0037403374082035246,0,129,0,False,0,0,0,0,0
20210630,0,1,3591.1970000000001,0.55555555555555558,-0.00067258911165279933,False,0.44063920324242317,300,platt,130,0,0.0029313590837417879,0,130,0,False,0,0,0,0,0
20210701,-0,0,3588.7815999999998,0.59999999999999998,-0.019511385145309368,True,0.4355061703318065,300,platt,131,0,-0.0040297666491436049,0,131,0,False,0,0,0,0,0
20210702,0,1,3518.7595000000001,0.66666666666666674,0.0044227802440035546,True,0.43742702161921804,300,platt,132,0,0.0067796096485350874,0,132,0,False,0,0,0,0,0
20210705,-0,0,3534.3222000000001,0.66666666666666674,-0.0011496688106138464,True,0.44221150038624785,300,platt,133,0,-0.0028136323771175823,0,133,0,False,0,0,0,0,0
20210706,0,1,3530.2588999999998,0.66666666666666674,0.0066444418566582453,True,0.44655134952301673,300,platt,134,0,0.0049938116076637916,0,134,0,False,0,0,0,0,0
20210707,-0,0,3553.7154999999998,0.66666666666666674,-0.007938620860336032,True,0.45104660247982648,300,platt,135,0,-0.0062940598176061636,0,135,0,False,0,0,0,0,0
20210708,0,1,3525.5039000000002,0.73333333333333339,-0.00040158798292644349,False,0.45485185302516895,300,platt,136,0,0.0045630351616461565,0,136,0,False,0,0,0,0,0
20210709,0,1,3524.0880999999999,0.66666666666666674,0.0067387929376681033,True,0.4514730509531682,300,platt,137,0,0.0053783432295719273,0,137,0,False,0,0,0,0,0
20210712,-0,0,3547.8362000000002,0.73333333333333339,0.0052669568003167466,False,0.45487690069623482,300,platt,138,0,-0.0045367352486045407,0,138,0,False,0,0,0,0,0
20210713,-0,0,3566.5225,0.66666666666666674,-0.010660636516382604,True,0.45190256342511775,300,platt,139,0,-0.0029619656493045871,0,139,0,False,0,0,0,0,0
20210714,-0,0,3528.5011,0.73333333333333339,0.0102278840156802,False,0.45488061393952772,300,platt,140,0,-0.0043002197203491953,0,140,0,False,0,0,0,0,0
20210715,0,1,3564.5902000000001,0.60833333333333328,-0.0070937747626641512,False,0.45409987664144297,300,platt,141,0,0.006242004731285512,0,141,0,False,0,0,0,0,0
20210716,0,1,3539.3038000000001,0.73333333333333339,-5.1224763469082113e-05,False,0.44704161708742823,300,platt,142,0,0.0034398754834396418,0,142,0,False,0,0,0,0,0
20210719,0,1,3539.1224999999999,0.60833333333333328,-0.00065892039622816867,False,0.44788046253777963,300,platt,143,0,0.0046883630839114621,0,143,0,False,0,0,0,0,0
20210720,-0,0,3536.7905000000001,0.66666666666666674,0.0073147108939586314,False,0.44237012126981262,300,platt,144,0,-0.0035797084826530083,0,144,0,False,0,0,0,0,0
20210721,-0,0,3562.6610999999998,0.59999999999999998,0.0033888432441693261,False,0.4422301385927721,300,platt,145,0,-0.003151601216239914,0,145,0,False,0,0,0,0,0
20210722,-0,0,3574.7343999999998,0.66666666666666674,-0.0068083379844946501,True,0.43613423591681649,300,platt,146,0,-0.0021898499438772938,0,146,0,False,0,0,0,0,0
20210723,0,1,3550.3964000000001,0.66666666666666674,-0.023365137481550002,False,0.44023938793274831,300,platt,147,0,0.0036903068606194403,0,147,0,False,0,0,0,0,0
20210726,-0,0,3467.4409000000001,0.59999999999999998,-0.024876444181067381,True,0.43997633331079716,300,platt,148,0,-0.014142971967900823,0,148,0,False,0,0,0,0,0
20210727,0,1,3381.1833000000001,0.59999999999999998,-0.0057949535004505615,False,0.44380771568564231,300,platt,149,0,0.013248824745193625,0,149,0,False,0,0,0,0,0
20210728,-0,0,3361.5895,0.59999999999999998,0.014913926878936223,False,0.44077121308858908,300,platt,150,0,-0.0093538285812421029,0,150,0,False,0,0,0,0,0
20210729,0,1,3411.7240000000002,0.59166666666666667,-0.0042109502409926058,False,0.43815057328248014,300,platt,151,0,0.0043084497942554173,0,151,0,False,0,0,0,0,0
20210730,-0,0,3397.3573999999999,0.59999999999999998,0.019700017431195205,False,0.43485734754476751,300,platt,152,0,-0.0043763843991355515,0,152,0,False,0,0,0,0,0
20210802,0,1,3464.2854000000002,0.59166666666666667,-0.0047034231071148014,False,0.43231384412594087,300,platt,153,0,0.012063624222080122,0,153,0,False,0,0,0,0,0
20210803,-0,0,3447.9913999999999,0.59999999999999998,0.0084765872675900411,False,0.42913408893295002,300,platt,154,0,-0.0044078632171948356,0,154,0,False,0,0,0,0,0
20210804,-0,0,3477.2186000000002,0.59999999999999998,-0.0030684007039418759,True,0.42642350383227046,300,platt,155,0,-0.0045779839970845832,0,155,0,False,0,0,0,0,0
20210805,0,1,3466.5491000000002,0.59166666666666667,-0.0024004852549183164,False,0.43028751363725132,300,platt,156,0,0.0045920698138016067,0,156,0,False,0,0,0,0,0
20210806,0,1,3458.2276999999999,0.59999999999999998,0.010527675780284795,True,0.42734881462696239,300,platt,157,0,0.00369249354330181,0,157,0,False,0,0,0,0,0
20210809,0,1,3494.6347999999998,0.60833333333333328,0.010100082560844381,True,0.4306375940468426,300,platt,158,0,0.0079825581456103682,0,158,0,False,0,0,0,0,0
20210810,0,1,3529.9308999999998,0.59999999999999998,0.00076216789399463636,True,0.43454572876797631,300,platt,159,0,0.0065013997701231429,0,159,0,False,0,0,0,0,0
20210811,-0,0,3532.6212999999998,0.59999999999999998,-0.0022317421909899826,True,0.43809564158324305,300,platt,160,0,-0.0024571878452055987,0,160,0,False,0,0,0,0,0
20210812,-0,0,3524.7374,0.59999999999999998,-0.0023940790596201911,True,0.44165855699901047,300,platt,161,0,-0.00306837727193154,0,161,0,False,0,0,0,0,0
20210813,0,1,3516.2988999999998,0.59999999999999998,0.00029741498937996269,True,0.44511674104641796,300,platt,162,0,0.0048447836954829794,0,162,0,False,0,0,0,0,0
20210816,0,1,3517.3447000000001,0.59999999999999998,-0.020006199562982885,False,0.44861819503651856,300,platt,163,0,0.0032514879603844937,0,163,0,False,0,0,0,0,0
20210817,-0,0,3446.9760000000001,0.59999999999999998,0.01111406055626718,False,0.44577608177040556,300,platt,164,0,-0.011554723876095047,0,164,0,False,0,0,0,0,0
20210818,0,1,3485.2858999999999,0.59166666666666667,-0.0056613146141037962,False,0.44346134944099963,300,platt,165,0,0.0060824110165805948,0,165,0,False,0,0,0,0,0
20210819,0,1,3465.5545999999999,0.59166666666666667,-0.011028768670965361,False,0.44067482515594486,300,platt,166,0,0.0042153146686993897,0,166,0,False,0,0,0,0,0
20210820,-0,0,3427.3337999999999,0.59166666666666667,0.014529749042827333,False,0.43797320134460405,300,platt,167,0,-0.0072340712955299711,0,167,0,False,0,0,0,0,0
20210823,0,1,3477.1320999999998,0.57499999999999996,0.010738418595025445,True,0.43570313383473336,300,platt,168,0,0.0054534728035111248,0,168,0,False,0,0,0,0,0
20210824,0,1,3514.471,0.59999999999999998,0.0073731437818094214,True,0.4384453869701902,300,platt,169,0,0.0051329614879185061,0,169,0,False,0,0,0,0,0
20210825,0,1,3540.3836999999999,0.59999999999999998,-0.010936498210631806,False,0.44183241708339993,300,platt,170,0,0.003712023150244595,0,170,0,False,0,0,0,0,0
20210826,0,1,3501.6642999999999,0.58333333333333337,0.005852188629275501,True,0.43984782165286535,300,platt,171,0,0.0046953047723003478,0,171,0,False,0,0,0,0,0
20210827,0,1,3522.1567,0.60833333333333328,0.0017019401777325083,True,0.44218943262969257,300,platt,172,0,0.0045505134474893181,0,172,0,False,0,0,0,0,0
20210830,-0,0,3528.1511999999998,0.6166666666666667,0.00447514834398266,False,0.44503863762458501,300,platt,173,0,-0.0032055792051209541,0,173,0,False,0,0,0,0,0
20210831,-0,0,3543.9402,0.6166666666666667,0.006535268286976148,False,0.44248281361217456,300,platt,174,0,-0.0058552195152698971,0,174,0,False,0,0,0,0,0
20210901,0,1,3567.1008000000002,0.6166666666666667,0.0083938754968742035,True,0.43995469951328436,300,platt,175,0,0.008276511514984106,0,175,0,False,0,0,0,0,0
20210902,0,1,3597.0426000000002,0.6166666666666667,-0.0042557738960334879,False,0.44313590878944942,300,platt,176,0,0.0048032336578651986,0,176,0,False,0,0,0,0,0
20210903,0,1,3581.7343999999998,0.59999999999999998,0.01120264528827164,True,0.44137973481767379,300,platt,177,0,0.0054280719670685533,0,177,0,False,0,0,0,0,0
20210906,0,1,3621.8593000000001,0.66666666666666674,0.015110277751540391,True,0.44139695625818109,300,platt,178,0,0.005546351362204844,0,178,0,False,0,0,0,0,0
20210907,0,1,3676.5866000000001,0.66666666666666674,-0.00038081518330079778,False,0.44485986733694294,300,platt,179,0,0.0078874384047563067,0,179,0,False,0,0,0,0,0
20210908,0,1,3675.1864999999998,0.59999999999999998,0.0048822284256868631,True,0.44518379069196984,300,platt,180,0,0.0040465694494539938,0,180,0,False,0,0,0,0,0
20210909,-0,0,3693.1296000000002,0.59999999999999998,0.0027025046724598045,False,0.44827506381639814,300,platt,181,0,-0.0036775100938204008,0,181,0,False,0,0,0,0,0
20210910,0,1,3703.1102999999998,0.60833333333333328,0.0033112705284528143,True,0.44540446632041603,300,platt,182,0,0.0048427613536591941,0,182,0,False,0,0,0,0,0
20210913,-0,0,3715.3723,0.60833333333333328,-0.014203367990873961,True,0.44843684752264085,300,platt,183,0,-0.0028168547915694581,0,183,0,False,0,0,0,0,0
20210914,0,1,3662.6015000000002,0.64166666666666672,-0.0017414670965433254,False,0.44981563093818439,300,platt,184,0,0.0081270652450318673,0,184,0,False,0,0,0,0,0
20210915,0,1,3656.2231999999999,0.64166666666666672,-0.013437636958268828,False,0.44731358587647285,300,platt,185,0,0.0046726948557066555,0,185,0,False,0,0,0,0,0
20210916,0,1,3607.0922,0.6333333333333333,0.0019057178521801887,True,0.44528781593116046,300,platt,186,0,0.0086127961677482483,0,186,0,False,0,0,0,0,0
20210917,0,1,3613.9663,0.6333333333333333,0.0040186871692744486,True,0.44829120665074013,300,platt,187,0,0.0062325430534195007,0,187,0,False,0,0,0,0,0
20210922,0,1,3628.4897000000001,0.6333333333333333,0.0037841364135606792,True,0.4512624174779275,300,platt,188,0,0.0082413134077945743,0,188,0,False,0,0,0,0,0
20210923,-0,0,3642.2204000000002,0.6166666666666667,-0.0080042108379821952,True,0.45499387218797266,300,platt,189,0,-0.0045827936295517631,0,189,0,False,0,0,0,0,0
20210924,-0,0,3613.0673000000002,0.60833333333333328,-0.0083686788784699262,True,0.45825495765284124,300,platt,190,0,-0.0052380312577397269,0,190,0,False,0,0,0,0,0
20210927,0,1,3582.8307,0.6166666666666667,0.0054112799692154212,True,0.46069175306906185,300,platt,191,0,0.0097867985499441486,0,191,0,False,0,0,0,0,0
20210928,-0,0,3602.2184000000002,0.6166666666666667,-0.018300944773365191,True,0.46350259218581308,300,platt,192,0,-0.0050451701592522519,0,192,0,False,0,0,0,0,0
20210929,-0,0,3536.2944000000002,0.625,0.0090129373843987892,False,0.46588193543497647,300,platt,193,0,-0.0067729369224909667,0,193,0,False,0,0,0,0,0
20210930,-0,0,3568.1668,0.625,0.0067260869082690355,False,0.46347021338032779,300,platt,194,0,-0.0036908922065004568,0,194,0,False,0,0,0,0,0
20211008,-0,0,3592.1666,0.625,-0.00012747181603434132,True,0.4610838359605996,300,platt,195,0,-0.0049137650751200123,0,195,0,False,0,0,0,0,0
20211011,-0,0,3591.7087000000001,0.6333333333333333,-0.012465515368771385,True,0.46343368784267752,300,platt,196,0,-0.0033690683531127225,0,196,0,False,0,0,0,0,0
20211012,-0,0,3546.9362000000001,0.6333333333333333,0.0041799736910970164,False,0.46619318546074651,300,platt,197,0,-0.008383328194503584,0,197,0,False,0,0,0,0,0
20211013,-0,0,3561.7622999999999,0.6333333333333333,-0.00097783055315059375,True,0.46380837204229658,300,platt,198,0,-0.0065012286745402713,0,198,0,False,0,0,0,0,0
20211014,-0,0,3558.2795000000001,0.6333333333333333,0.0039588514617807657,False,0.46653806494486566,300,platt,199,0,-0.0027308250335005137,0,199,0,False,0,0,0,0,0
20211015,0,1,3572.3661999999999,0.625,-0.0011836132589093662,False,0.46458228369790783,300,platt,200,0,0.0043592166071257507,0,200,0,False,0,0,0,0,0
20211018,-0,0,3568.1379000000002,0.625,0.0070107716408605025,False,0.46226116022715397,300,platt,201,0,-0.0038188884126330062,0,201,0,False,0,0,0,0,0
20211019,-0,0,3593.1532999999999,0.6166666666666667,-0.0017122564740000845,True,0.46038461047837642,300,platt,202,0,-0.0043651764288017642,0,202,0,False,0,0,0,0,0
20211020,-0,0,3587.0009,0.6166666666666667,0.0021695561882908443,False,0.46304833861003614,300,platt,203,0,-0.0025734235410853649,0,203,0,False,0,0,0,0,0
20211021,-0,0,3594.7831000000001,0.60833333333333328,-0.0033881042781135351,True,0.46119459669564972,300,platt,204,0,-0.0041519081031216269,0,204,0,False,0,0,0,0,0
20211022,0,1,3582.6035999999999,0.60833333333333328,0.0076087122784112005,True,0.4638407726370935,300,platt,205,0,0.0034480788443755892,0,205,0,False,0,0,0,0,0
20211025,-0,0,3609.8625999999999,0.60833333333333328,-0.0033865277864038035,True,0.46646171795466557,300,platt,206,0,-0.0056070099319082221,0,206,0,False,0,0,0,0,0
20211026,0,1,3597.6377000000002,0.60833333333333328,-0.009821027837239038,False,0.46905401321684631,300,platt,207,0,0.0042072326027278555,0,207,0,False,0,0,0,0,0
20211027,0,1,3562.3051999999998,0.60833333333333328,-0.012320280699138264,False,0.46678713585236159,300,platt,208,0,0.004352751127472027,0,208,0,False,0,0,0,0,0
20211028,0,1,3518.4166,0.625,0.0082194644033910524,True,0.46367640867974663,300,platt,209,0,0.0051419420681187685,0,209,0,False,0,0,0,0,0
20211029,0,1,3547.3361,0.6333333333333333,-0.00080528033416404909,False,0.46582052439893556,300,platt,210,0,0.0053471877646918244,0,210,0,False,0,0,0,0,0
20211101,0,1,3544.4794999999999,0.66666666666666663,-0.010961045197186214,False,0.46183547742157555,300,platt,211,0,0.0044711888185759371,0,211,0,False,0,0,0,0,0
20211102,-0,0,3505.6282999999999,0.59999999999999998,-0.0020228898768303027,True,0.46324892359639858,300,platt,212,0,-0.009887815741991806,0,212,0,False,0,0,0,0,0
20211103,-0,0,3498.5367999999999,0.59999999999999998,0.0080973565863307062,False,0.46578170775553451,300,platt,213,0,-0.003900974639780857,0,213,0,False,0,0,0,0,0
20211104,-0,0,3526.8656999999998,0.59999999999999998,-0.010008319851816272,True,0.4635156577850878,300,platt,214,0,-0.0030125674577110031,0,214,0,False,0,0,0,0,0
20211105,0,1,3491.5677000000001,0.59999999999999998,0.0020229022052185019,True,0.46612095682798876,300,platt,215,0,0.0042084693735036163,0,215,0,False,0,0,0,0,0
20211108,0,1,3498.6307999999999,0.59999999999999998,0.0023926502905080582,True,0.46864021622245317,300,platt,216,0,0.002807223279322273,0,216,0,False,0,0,0,0,0
20211109,0,1,3507.0018,0.59999999999999998,-0.0041460486276340136,False,0.47112270422828378,300,platt,217,0,0.0031456010701359049,0,217,0,False,0,0,0,0,0
20211110,0,1,3492.4616000000001,0.59999999999999998,0.011546068251688135,True,0.46892992556569496,300,platt,218,0,0.0061170769501873966,0,218,0,False,0,0,0,0,0
20211111,0,1,3532.7858000000001,0.59999999999999998,0.001787371314728281,True,0.4713914155818808,300,platt,219,0,0.0061915064211588555,0,219,0,False,0,0,0,0,0
20211112,0,1,3539.1001999999999,0.66666666666666674,-0.0016381565009094823,False,0.46937841659312285,300,platt,220,0,0.0019414746470392482,0,220,0,False,0,0,0,0,0
20211115,0,1,3533.3026,0.66666666666666674,-0.0032592453304168822,False,0.46697213553763717,300,platt,221,0,0.0035443450174615725,0,221,0,False,0,0,0,0,0
20211116,0,1,3521.7867000000001,0.5625,0.0044237488885967569,True,0.4726011488270162,300,platt,222,0,0.0038887036996397232,0,222,0,False,0.42408859152762579,0.43717156713023031,20211115,0.43063007932892805,120
20211117,-0,0,3537.3661999999999,0.55524747330204283,-0.0047084749099485235,True,0.47598348665449708,300,platt,223,0,-0.0028988985816113038,0,223,0,True,0.53945498249116408,0.57103996411292157,20211115,0.55524747330204283,120
20211118,-0,0,3520.7105999999999,0.55041205788033509,0.01126556667281875,False,0.47923763882254999,300,platt,224,0,-0.003018043893405761,0,224,0,True,0.55548879058802592,0.54533532517264416,20211115,0.55041205788033509,120
20211119,0,1,3560.3733999999999,0.58823529411764708,0.0060966358191529846,True,0.47342697044520954,300,platt,225,0,0.0053173035698770134,0,225,0,False,0.51876040248333577,0.54866653892521455,20211115,0.53371347070427522,120
20211122,-0,0,3582.0796999999998,0.62504145498640362,0.001956879965568703,False,0.47257546754708918,300,platt,226,0,-0.0026852463551270901,0,226,0,True,0.63024792659852202,0.61983498337428511,20211115,0.62504145498640362,120
20211123,-0,0,3589.0893999999998,0.61111111111111116,0.001006689886298151,False,0.47174821524481386,300,platt,227,0,-0.0025043173131199994,0,227,0,False,0,0,0,0,0
20211124,0,1,3592.7024999999999,0.59459459459459452,-0.0023725037071674615,False,0.47115704890315085,300,platt,228,0,0.0032681143918898044,0,228,0,False,0.4817548441726896,0.48815131420169094,20211122,0.48495307918719027,125
20211125,0,1,3584.1788000000001,0.57894736842105265,-0.0056050217137605385,False,0.47039965682167684,300,platt,229,0,0.0021026410068231039,0,229,0,False,0.35571326411805199,0.3650391275697451,20211122,0.36037619584389857,125
20211126,0,1,3564.0893999999998,0.5641025641025641,-0.00039073093957731064,False,0.46940329574744244,300,platt,230,0,0.0025462544955162651,0,230,0,False,0.44451599087362414,0.46582259949116017,20211122,0.45516929518239213,125
20211129,-0,0,3562.6968000000002,0.55000000000000004,0.00033412891043660409,False,0.46816109592394101,300,platt,231,0,-0.0044724373607307067,0,231,0,False,0,0,0,0,0
20211130,0,1,3563.8872000000001,0.64166666666666672,0.0036471693043482745,True,0.45939328888764841,300,platt,232,0,0.0042871332476163366,0,232,0,False,0.56081531750906155,0.5327185694085953,20211122,0.54676694345882848,125
20211201,0,1,3576.8852999999999,0.6166666666666667,-0.00085255739120293494,False,0.46343284655529898,300,platt,233,0,0.0021758249706083478,0,233,0,False,0.5241508499130636,0.48088776552006379,20211130,0.50251930771656372,129
20211202,-0,0,3573.8357999999998,0.56509411923876496,0.0094006557324206597,False,0.46483443924975426,300,platt,234,0,-0.0023619541126177167,0,234,0,True,0.57860407860277874,0.55158415987475118,20211130,0.56509411923876496,129
20211203,-0,0,3607.4322000000002,0.6823602116362264,-0.0050246543788128317,True,0.45553810589488503,300,platt,235,0,-0.0041955441486337458,0,235,0,True,0.64037373084486526,0.72434669242758742,20211130,0.6823602116362264,129
20211206,-0,0,3589.3060999999998,0.55943484091609941,0.0016109241839252775,False,0.46477428523217168,300,platt,236,0,-0.0046978176978615628,0,236,0,True,0.56678906328070866,0.55208061855149015,20211130,0.55943484091609941,129
20211207,-0,0,3595.0882000000001,0.6166666666666667,0.011815927075168764,False,0.45982189923888306,300,platt,237,0,-0.0049633133045951343,0,237,0,False,0,0,0,0,0
20211208,-0,0,3637.5675000000001,0.65159624960528828,0.0097520389656000628,False,0.45626892508353484,300,platt,238,0,-0.0053910221658845315,0,238,0,True,0.66653800625930826,0.63665449295126841,20211206,0.65159624960528828,133
20211209,0,1,3673.0412000000001,0.59999999999999998,-0.0018222774087042204,False,0.45681035499988937,300,platt,239,0,0.0058080873515002247,0,239,0,False,0.39623403165513793,0.32332621032991671,20211206,0.35978012099252732,133
20211210,-0,0,3666.3479000000002,0.59999999999999998,0.0040187402837574826,False,0.45488604596261889,300,platt,240,0,-0.0019256933877951109,0,240,0,False,0,0,0,0,0
20211213,-0,0,3681.0819999999999,0.56000000000000005,-0.005312758585655053,True,0.45482379145874097,300,platt,241,0,-0.003590244784097041,0,241,0,False,0,0,0,0,0
20211214,-0,0,3661.5252999999998,0.56862745098039214,-0.0037948665819679261,True,0.45701547156528632,300,platt,242,0,-0.001980260357439281,0,242,0,False,0,0,0,0,0
20211215,-0,0,3647.6302999999998,0.57692307692307687,0.0075078058212205701,False,0.45897906448041909,300,platt,243,0,-0.002691950533783077,0,243,0,False,0,0,0,0,0
20211216,-0,0,3675.0160000000001,0.56603773584905659,-0.011605990286845058,True,0.45759840523851669,300,platt,244,0,-0.0035213515789269847,0,244,0,False,0,0,0,0,0
20211217,-0,0,3632.3638000000001,0.57407407407407407,-0.010671260406240113,True,0.45961902363895696,300,platt,245,0,-0.0049567810133444015,0,245,0,False,0,0,0,0,0
20211220,-0,0,3593.6019000000001,0.58181818181818179,0.0087720345428357049,False,0.4614961143424991,300,platt,246,0,-0.0065211111794657804,0,246,0,False,0,0,0,0,0
20211221,-0,0,3625.1251000000002,0.55246066850935804,-0.00069164509660646356,True,0.46134459908663272,300,platt,247,0,-0.0042245622201658182,0,247,0,True,0.55410570568965678,0.5508156313290592,20211209,0.55246066850935804,135
20211222,0,1,3622.6178,0.56140350877192979,0.0057199796235749556,True,0.46335974329617047,300,platt,248,0,0.0022929973033990621,0,248,0,False,0.37915632336819999,0.32965440793176964,20211209,0.35440536564998482,135
20211223,0,1,3643.3391000000001,0.56896551724137934,-0.0069402268924131372,False,0.46525428759381876,300,platt,249,0,0.0030006613774339144,0,249,0,False,0.51647690709639749,0.55281639066026222,20211209,0.53464664887832991,135
20211224,0,1,3618.0535,0.55932203389830515,-0.00057472892537380194,False,0.46388659123585463,300,platt,250,0,0.0043887968158015924,0,250,0,False,0.36486243626901727,0.34112275844230733,20211209,0.3529925973556623,135
20211227,0,1,3615.9740999999999,0.55000000000000004,0.003909707207250257,True,0.46236360317429404,300,platt,251,0,0.0036042039456570694,0,251,0,False,0.37818973600385175,0.39862055177980044,20211209,0.38840514389182612,135
20211228,0,1,3630.1115,0.55737704918032782,-0.009121290076076205,False,0.46441613817848143,300,platt,252,0,0.0028012848628244887,0,252,0,False,0.44340299939290495,0.43979905244634959,20211227,0.44160102591962724,140
20211229,0,1,3597.0001999999999,0.54838709677419351,0.0061685845889027924,True,0.46288546988248835,300,platt,253,0,0.004148100114990819,0,252,0,False,0.28715320395711191,0.26215894472945073,20211227,0.27465607434328132,140
20211230,0,1,3619.1886,0.55555555555555558,0.005688236307994643,True,0.46493517245406235,300,platt,254,0,0.0039988949628489553,0,252,0,False,0.36581260133072629,0.37651550459463917,20211227,0.37116405296268273,140
20211231,-0,0,3639.7754,0.5625,-0.0020458679950416947,True,0.4668450606317654,300,platt,255,0,-0.0021313876606317995,0,252,0,False,0,0,0,0,0
20220104,-0,0,3632.3289,0.56923076923076921,-0.010228368912297503,True,0.46864280873091391,300,platt,256,0,-0.004963766882068078,0,252,0,False,0,0,0,0,0
20220105,-0,0,3595.1761000000001,0.57575757575757569,-0.0025303072080391509,True,0.47033322328531507,300,platt,257,0,-0.0053998562532517301,0,252,0,False,0,0,0,0,0
20220106,-0,0,3586.0792000000001,0.58208955223880599,-0.0018227427882797631,True,0.47189232771138134,300,platt,258,0,-0.0041510948247657949,0,252,0,False,0,0,0,0,0
20220107,-0,0,3579.5427,0.64978749554806492,0.0039044093537423663,False,0.4671344534720307,300,platt,259,0,-0.0036109230607544412,0,252,0,True,0.64422871618946331,0.65534627490666653,20211230,0.64978749554806492,143
20220110,-0,0,3593.5187000000001,0.75065411198191523,-0.0072568983709476731,True,0.45452635839734917,300,platt,260,0,-0.0046796931802979809,0,252,0,True,0.72030403805702725,0.78100418590680332,20211230,0.75065411198191523,143
20220111,0,1,3567.4409000000001,0.57352941176470584,0.0084069227327634444,True,0.47464357840131433,300,platt,261,0,0.0048451702418870566,0,252,0,False,0.58335130256955359,0.51391520211356434,20211230,0.54863325234155891,143
20220112,-0,0,3597.4321,0.57971014492753625,-0.011723251149062697,True,0.47633173425979036,300,platt,262,0,-0.0032922445881925061,0,252,0,False,0,0,0,0,0
20220113,-0,0,3555.2584999999999,0.59420289855072461,-0.0095640302948434286,True,0.47699165962786333,300,platt,263,0,-0.0056193218990115536,0,252,0,False,0,0,0,0,0
20220114,-0,0,3521.2559000000001,0.60869565217391308,0.0057962558188400237,False,0.47761917898820611,300,platt,264,0,-0.0035956699976009685,0,252,0,False,0,0,0,0,0
20220117,-0,0,3541.6660000000002,0.73706616746900888,0.00797602032489797,False,0.46293002702571473,300,platt,265,0,-0.0032760088615612494,0,252,0,True,0.72481755232793954,0.74931478261007811,20220111,0.73706616746900888,146
20220118,-0,0,3569.9144000000001,0.62318840579710144,-0.0032871376411715003,True,0.4724996495345094,300,platt,266,0,-0.0058587343499318144,0,252,0,False,0,0,0,0,0
20220119,-0,0,3558.1795999999999,0.70916379850050826,-0.00087592543108283571,True,0.4649634031235243,300,platt,267,0,-0.004534482554939206,0,252,0,True,0.69728320344008943,0.72104439356092709,20220111,0.70916379850050826,146
20220120,-0,0,3555.0628999999999,0.6376811594202898,-0.0091404852499233913,True,0.47515943452935977,300,platt,268,0,-0.0043707985967076186,0,252,0,False,0,0,0,0,0
20220121,-0,0,3522.5679,0.8003644404414717,0.00043635780590633999,False,0.46148950026494251,300,platt,269,0,-0.0039683285736822841,0,252,0,True,0.7847122687636876,0.8160166121192558,20220111,0.8003644404414717,146
20220124,-0,0,3524.105,0.7247743528409627,-0.025834587788956309,True,0.4649649485264406,300,platt,270,0,-0.0038922886881320551,0,252,0,True,0.74626926165887242,0.70327944402305309,20220121,0.7247743528409627,149
20220125,-0,0,3433.0612000000001,0.6869297850588727,0.0065849976691356726,False,0.47224740942089061,300,platt,271,0,-0.011035206519184751,0,252,0,True,0.72749196535155303,0.64636760476619226,20220121,0.6869297850588727,149
20220126,-0,0,3455.6678999999999,0.60833333333333328,-0.017773843371928111,True,0.47862098070401343,300,platt,272,0,-0.0056049341414549985,0,252,0,False,0,0,0,0,0
20220127,-0,0,3394.2474000000002,0.60150354880397428,-0.0096656772868118912,True,0.48129360036375973,300,platt,273,0,-0.0082762857923411853,0,252,0,True,0.68306384111884222,0.51994325648910633,20220121,0.60150354880397428,149
20220128,0,1,3361.4396999999999,0.58333333333333337,0.020271433100525371,True,0.485192241221575,300,platt,274,0,0.0078608913785517803,0,252,0,False,0.56210247495852528,0.47133359445690426,20220121,0.51671803470771471,149
20220207,0,1,3429.5808999999999,0.59166666666666667,0.0067203255068279955,True,0.48623341881428495,300,platt,275,0,0.0033473334361051412,0,252,0,False,0.62557555239518747,0.36936658552258045,20220128,0.49747106895888393,153
20220208,0,1,3452.6288,0.59166666666666667,0.0079119423437585823,True,0.48817350871915227,300,platt,276,0,0.0079590932659816139,0,252,0,False,0.51542453453389947,0.30201044073163946,20220128,0.40871748763276949,153
20220209,-4.8797172171547912e-06,0,3479.9288188485648,0.59999999999999998,0.0017130439215460314,False,0.48909931384596361,300,platt,277,0,-0.0051283853893045192,0.00095151141084904873,252,0,False,0,0,0,0,0
20220210,0,1,3485.9070999999999,0.59999999999999998,-0.0065862914132163164,False,0.48728794530775327,300,platt,278,0,0.0030912221225922768,0,252,0,False,0.55534596791543889,0.39798466421697981,20220128,0.47666531606620932,153
20220211,0,1,3462.9479000000001,0.59999999999999998,-0.0098372256770020705,False,0.48549578987670777,300,platt,279,0,0.0051742209079632057,0,252,0,False,0.51352031051058078,0.43761407388032619,20220128,0.47556719219545351,153
20220214,-0,0,3428.8820999999998,0.6333333333333333,0.0050180786326832205,False,0.47978367185265491,300,platt,280,0,-0.0053479620176065867,0,252,0,False,0,0,0,0,0
20220215,-0,0,3446.0884999999998,0.6333333333333333,0.0057288139872206933,False,0.478147833782469,300,platt,281,0,-0.0032827655114056518,0,252,0,False,0,0,0,0,0
20220216,-0,0,3465.8305,0.68333333333333335,0.00063618229454687203,False,0.47039545990645776,300,platt,282,0,-0.0026823385497212909,0,252,0,False,0,0,0,0,0
20220217,-0,0,3468.0354000000002,0.59537397409286053,0.0065518074008126259,False,0.47945838476064312,300,platt,283,0,-0.0033646282170011269,0,252,0,True,0.65011524670740894,0.54063270147831211,20220211,0.59537397409286053,157
20220218,-0,0,3490.7573000000002,0.59166666666666667,-4.1538264490714738e-05,True,0.47819676727884108,300,platt,284,0,-0.0054879279708431108,0,252,0,False,0,0,0,0,0
20220221,-0,0,3490.6122999999998,0.6333333333333333,-0.0095875156344346069,True,0.47474688167984508,300,platt,285,0,-0.0025687846290902479,0,252,0,False,0,0,0,0,0
20220222,-0,0,3457.1460000000002,0.66055862755630568,0.0092563345603569047,False,0.47319853559938013,300,platt,286,0,-0.0045264667121664055,0,252,0,True,0.68508368008981924,0.63603357502279212,20220211,0.66055862755630568,157
20220223,-0,0,3489.1464999999998,0.60833333333333328,-0.016964062701293803,True,0.4781548377828605,300,platt,287,0,-0.0041000605575254537,0,252,0,False,0,0,0,0,0
20220224,-0,0,3429.9564,0.66234882974695708,0.0062536363435989895,False,0.47287507092296743,300,platt,288,0,-0.011128303752150723,0,252,0,True,0.62225680408548012,0.70244085540843404,20220222,0.66234882974695708,159
20220225,0,1,3451.4061000000002,0.6166666666666667,0.0031582200657291892,True,0.47722933221124403,300,platt,289,0,0.0049966806442694493,0,252,0,False,0.43285752188127191,0.52031472573606896,20220222,0.47658612380867044,159
20220228,-4.4408845172167004e-06,0,3462.2910242971143,0.6166666666666667,0.0076620312979809313,False,0.47903262413966741,300,platt,290,0,-0.004667189974373538,0.00095151141084904873,252,0,False,0,0,0,0,0
20220301,-3.0463217956066398e-06,0,3488.8240718868119,0.6166666666666667,-0.0013308455112532869,True,0.47738589057428038,300,platt,291,0,-0.0032015609701289433,0.00095151141084904873,252,0,False,0,0,0,0,0
20220302,-2.3572517990410299e-06,0,3484.1833868830827,0.6166666666666667,-0.00088373440771738476,True,0.47917635768253031,300,platt,292,0,-0.0024773762796366432,0.00095151141084904873,252,0,False,0,0,0,0,0
20220303,2.5805025068132423e-05,1,3481.2023301953277,0.59166666666666667,-0.0096128751943524993,False,0.48430399300750571,300,platt,293,0,0.0034092931083186625,0.0075690250876840883,252,0,False,0.3986054904690704,0.37730047634066316,20220225,0.38795298340486678,161
20220304,-0,0,3447.6489999999999,0.65833333333333333,-0.021694145778761054,True,0.47375316108776183,300,platt,294,0,-0.0047554586696078463,0,252,0,False,0,0,0,0,0
20220307,7.7090204993205593e-05,1,3373.1152140987801,0.66666666666666663,-0.023518679366964834,False,0.47450627433549974,300,platt,295,0,0.01018495831367274,0.0075690250876840883,252,0,False,0.52433485502892085,0.53304463334117835,20220225,0.52868974418504955,161
20220308,-9.7869524021774115e-05,0,3293.2077637767616,0.64364090537294438,-0.011277170352868571,True,0.47588353976523351,300,platt,296,0,-0.012930268150520752,0.0075690250876840883,252,0,True,0.65177079473528898,0.63551101601059989,20220225,0.64364090537294438,161
20220309,-0.00016120557712310106,0,3255.8634520286409,0.68584000348760732,0.01219258734615325,False,0.47203773628805851,300,platt,297,0,-0.021298063522791875,0.0075690250876840883,252,0,True,0.6931162204947704,0.67856378648044435,20220225,0.68584000348760732,161
20220310,0,1,3296.0922,0.65833333333333333,0.004142632903290755,True,0.47392741178945236,300,platt,298,0,0.0046711703104353854,0,252,0,False,0.33840022008755188,0.27613384718907685,20220309,0.30726703363831437,165
20220311,-0,0,3309.7467000000001,0.66666666666666663,-0.02604848884659372,True,0.47462603298648709,300,platt,299,0,-0.012861488937327293,0,252,0,False,0,0,0,0,0
20220314,-9.5483761420376023e-06,0,3223.5020204963193,0.66666666666666663,-0.049500845780132807,True,0.47670456148917012,300,platt,300,0,-0.010034957051663138,0.00095151141084904873,252,0,False,0,0,0,0,0
20220315,-1.8077805917828475e-05,0,3063.9098102317757,0.7465956972525214,0.034838874801841779,False,0.46720260291684185,300,platt,300,0,-0.018999042693242492,0.00095151141084904873,252,0,True,0.76342973281126913,0.72976166169377366,20220309,0.7465956972525214,165
20220316,-0,0,3170.7103000000002,0.67500000000000004,0.013982419018224279,False,0.47531479330360837,300,platt,300,0,-0.021377222381812909,0,252,0,False,0,0,0,0,0
20220317,-0,0,3215.0445,0.65000000000000002,0.011206034628758577,False,0.47511290410810442,300,platt,300,0,-0.0078268709442494509,0,252,0,False,0,0,0,0,0
20220318,0,1,3251.0724,0.625,0.00080382706949255756,True,0.4786636724547737,300,platt,300,0,0.0085701929082090313,0,252,0,False,0.40592590042818716,0.3655629536159305,20220315,0.3857444270220588,167
20220321,-0,0,3253.6857,0.625,0.0018982165364036518,False,0.48207992404287037,300,platt,300,0,-0.0059416931156956471,0,252,0,False,0,0,0,0,0
20220322,-0,0,3259.8618999999999,0.59999999999999998,0.0034267095793230062,False,0.4857119587613834,300,platt,300,0,-0.0053078822735064604,0,252,0,False,0,0,0,0,0
20220323,-0,0,3271.0324999999998,0.59999999999999998,-0.0063490961951615521,True,0.4856921882241429,300,platt,300,0,-0.0037197934195706199,0,252,0,False,0,0,0,0,0
20220324,-0,0,3250.2644,0.60833333333333328,-0.011698894403790683,True,0.48784696851837694,300,platt,300,0,-0.0040655790247655704,0,252,0,False,0,0,0,0,0
20220325,0,1,3212.2399,0.6166666666666667,0.00070443057506386353,True,0.4899340555259698,300,platt,300,0,0.0062029081141149241,0,252,0,False,0.39036379465928567,0.43263678613824763,20220318,0.41150029039876668,168
20220328,-0,0,3214.5027,0.65833333333333333,-0.0032861692727773617,True,0.48372155023778657,300,platt,300,0,-0.0095714747509716945,0,252,0,False,0,0,0,0,0
20220329,-4.2372137087196629e-06,0,3203.9257242244762,0.65833333333333333,0.019556113313382584,False,0.48350652158900759,300,platt,300,0,-0.0044531401940190399,0.00095151141084904873,252,0,False,0,0,0,0,0
20220330,-5.0944530074486805e-05,0,3266.4294848069312,0.65000000000000002,-0.0044061158590199545,True,0.4849802350196129,300,platt,300,0,-0.0067306594289641098,0.0075690250876840883,252,0,False,0,0,0,0,0
20220331,-2.6361578038376212e-05,0,3252.1171667994554,0.65833333333333333,0.0093824711859151755,False,0.48366977332606098,300,platt,300,0,-0.0034828234459508343,0.0075690250876840883,252,0,False,0,0,0,0,0
20220401,-6.1417522259195578e-05,0,3282.5149836801493,0.65000000000000002,0.00021613196826075765,False,0.48471443804197506,300,platt,300,0,-0.0081143240440741671,0.0075690250876840883,252,0,False,0,0,0,0,0
20220406,-0,0,3283.4261000000001,0.66666666666666663,-0.014232389758977781,True,0.47808569172001542,300,platt,300,0,-0.0043051383012336301,0,252,0,False,0,0,0,0,0
20220407,6.9111303883392294e-06,1,3236.7174692218637,0.64166666666666672,0.0046822760661020535,True,0.48579366768813997,300,platt,300,0,0.0072633184526629249,0.00095151141084904873,252,0,False,0.34356074622418087,0.24816111808714367,20220325,0.29586093215566228,169
20220408,-0.00016954696608491819,0,3251.2988586644269,0.65000000000000002,-0.026054182938685111,True,0.48800395490018045,300,platt,300,0,-0.0065356718564061611,0.025941780709007135,252,0,False,0,0,0,0,0
20220411,8.6834288587186607e-05,1,3167.4009151243922,0.625,0.014588494887430858,True,0.49175504858794844,300,platt,300,0,0.01147232141276407,0.0075690250876840883,252,0,False,0.47234094688703265,0.41872545948888545,20220325,0.44553320318795908,169
20220412,-0.0003685110246532384,0,3212.1453526534065,0.625,-0.0082484849437319818,True,0.49518707067468004,300,platt,300,0,-0.0099874497305537397,0.036897409708695157,252,0,False,0,0,0,0,0
20220413,0.0005379601008732069,1,3188.5387843756894,0.625,0.012180401279719089,True,0.49862214004930605,300,platt,300,0,0.00573558917879371,0.093793346089398419,252,0,False,0.37486005364411756,0.27141165685118507,20220325,0.32313585524765132,169
20220414,-0.00050407739222980757,0,3224.0152271956349,0.625,-0.0044631126363341433,True,0.49865977013356155,300,platt,300,0,-0.0053743406461834731,0.093793346089398419,252,0,False,0,0,0,0,0
20220415,0.00037740159304159698,1,3212.4567289031665,0.6333333333333333,-0.0048955470476744756,False,0.49748667467299568,300,platt,300,0,0.0040237565752466011,0.093793346089398419,252,0,False,0.40444322620174677,0.44144228323278345,20220413,0.42294275471726511,172
20220418,-0.00047336820432985555,0,3194.0113405422271,0.625,-0.00046793577516557328,True,0.4953408058204255,300,platt,300,0,-0.0050469273574979216,0.093793346089398419,252,0,False,0,0,0,0,0
20220419,-0.00042138070406877042,0,3192.682797937578,0.6333333333333333,-0.013456015595601944,True,0.49418542079194777,300,platt,300,0,-0.0044926502959723238,0.093793346089398419,252,0,False,0,0,0,0,0
20220420,0.00064504220259940467,1,3153.0823601034922,0.6333333333333333,-0.022609004783104347,False,0.49757810610593206,300,platt,300,0,0.0068772703981003899,0.093793346089398419,252,0,False,0.35648106843664801,0.30812393126239596,20220413,0.33230249984952198,172
20220421,0.0012072798796445724,1,3083.5258898693842,0.625,0.0023091052080947971,True,0.4954082242022097,300,platt,300,0,0.01287170071205118,0.093793346089398419,252,0,False,0.4620764281852075,0.47218981100103641,20220413,0.46713311959312198,172
20220422,-0.00074111849149929572,0,3084.6315270250038,0.625,-0.05131572438579779,True,0.49528353222201255,300,platt,300,0,-0.0079016105342153403,0.093793346089398419,252,0,False,0,0,0,0,0
20220425,0.0019377778771665188,1,2934.1866053790613,0.6333333333333333,-0.014371156025391629,False,0.49396488245443348,300,platt,300,0,0.017063226019879779,0.11356456715212471,252,0,False,0.44106874298689935,0.40964998092945143,20220421,0.42535936195817536,175
20220426,0.0011059268477418924,1,2889.6178756756417,0.6333333333333333,0.024894560771129726,True,0.49414933316752813,300,platt,300,0,0.01192798832550266,0.092716962622889504,252,0,False,0.32025003805254187,0.27610447482702022,20220421,0.29817725643978105,175
20220427,-0.0013124456346383909,0,2954.3994157030706,0.6333333333333333,0.0058151318907393446,False,0.49764202935403451,300,platt,300,0,-0.0139929503462585,0.093793346089398419,252,0,False,0,0,0,0,0
20220428,-0.0007383008155661875,0,2973.2879971454554,0.625,0.02405577739802256,False,0.4987772537941354,300,platt,300,0,-0.0079629529988929932,0.092716962622889504,252,0,False,0,0,0,0,0
20220429,-0.0010544932375855724,0,3043.8492933046987,0.6166666666666667,0.0067922140353935401,False,0.49650036189829222,300,platt,300,0,-0.011373250457681023,0.092716962622889504,252,0,False,0,0,0,0,0
20220505,-0.0003464674757137538,0,3066.6958213871121,0.6166666666666667,-0.021578685442241508,True,0.49650719350442785,300,platt,300,0,-0.0056438311359240014,0.061388703412550025,252,0,False,0,0,0,0,0
20220506,0.00033524565201290023,1,3002.566760106879,0.6166666666666667,0.00085968615325260345,True,0.49989347460277428,300,platt,300,0,0.0054610316455122286,0.061388703412550025,252,0,False,0.35753210235666483,0.23447050010675469,20220426,0.29600130123170976,177
20220509,-0.00028500140920318328,0,3003.2847156100552,0.6166666666666667,0.010553200084590042,False,0.50331070628837549,300,platt,300,0,-0.0046425709187550438,0.061388703412550025,252,0,False,0,0,0,0,0
20220510,-0.00075392701372831237,0,3033.5553950481494,0.6333333333333333,0.0075295365947962711,False,0.50107870041604152,300,platt,300,0,-0.01228120113014446,0.061388703412550025,252,0,False,0,0,0,0,0
20220511,0.00034480729240660092,1,3059.7573629962635,0.59999999999999998,-0.0012125075117629391,False,0.50554658290167287,300,platt,300,0,0.0093450270663673288,0.036897409708695157,252,0,False,0.29065564104501507,0.38400614015958723,20220426,0.33733089060230115,177
20220512,4.1862910958516032e-05,1,3055.1218909418008,0.59166666666666667,0.0095877438711826635,True,0.50664003375729405,300,platt,300,0,0.0055308194217288456,0.0075690250876840883,252,0,False,0.20012780870089178,0.31985921203772588,20220426,0.25999351036930884,177
20220513,9.7178320098765633e-05,1,3084.5842255864168,0.59999999999999998,-0.0034159300155353067,False,0.50899354948497988,300,platt,300,0,0.0037460157877683684,0.025941780709007135,252,0,False,0.35537471137298948,0.34844317759093868,20220512,0.35190894448196408,180
20220516,-0.00020265756054884806,0,3073.1258815664519,0.59999999999999998,0.006489697531561589,False,0.5056261157601033,300,platt,300,0,-0.0054924603691377891,0.036897409708695157,252,0,False,0,0,0,0,0
20220517,-0.00013013418656468532,0,3093.2939043224942,0.64166666666666672,-0.0024952997166981516,True,0.49985087544548734,300,platt,300,0,-0.0050163937481555376,0.025941780709007135,252,0,False,0,0,0,0,0
20220518,0.00012479615943371719,1,3086.3619180527417,0.6166666666666667,0.0035606230092204427,True,0.50328475241364234,300,platt,300,0,0.0048106242525744287,0.025941780709007135,252,0,False,0.29725492963580541,0.40262271307007408,20220512,0.34993882135293974,180
20220519,-0.00027825848656714051,0,3096.1030432618004,0.6166666666666667,0.016016488143488106,False,0.50667208674073871,300,platt,300,0,-0.0075414097836132583,0.036897409708695157,252,0,False,0,0,0,0,0
20220520,4.0814642311962521e-05,1,3146.6957260188601,0.60833333333333328,9.2163927337463036e-05,True,0.50777195179589452,300,platt,300,0,0.0053923248818892036,0.0075690250876840883,252,0,False,0.47054072890252063,0.52020333217277737,20220518,0.495372030537649,182
20220523,5.2717019855796752e-05,1,3147.0231929387678,0.60833333333333328,-0.024128866599702481,False,0.50777592965709684,300,platt,300,0,0.003084366151483546,0.017091686676188055,252,0,False,0.33270676749030947,0.43143069236499826,20220518,0.38206872992765384,182
20220524,0.00019665827445351544,1,3071.5311232441245,0.60833333333333328,0.011897677027316034,True,0.50435679794252786,300,platt,300,0,0.011506077672690872,0.017091686676188055,252,0,False,0.23092403859228433,0.25303922191031375,20220518,0.24198163025129904,182
20220525,0.0001351093468913553,1,3107.8839474450392,0.6166666666666667,0.005034265721685971,True,0.50324892583065339,300,platt,300,0,0.005208175506797209,0.025941780709007135,252,0,False,0.33749345758636401,0.39256908632052911,20220518,0.36503127195344653,182
20220526,-0.00045375232125445704,0,3121.6907825408471,0.55079286908160019,0.002283462572650885,False,0.51500620269056252,300,platt,300,0,-0.0073914628593001689,0.061388703412550025,252,0,True,0.56093990652281911,0.54064583164038138,20220518,0.55079286908160019,182
20220527,0.00019457845201486867,1,3130.8484771368876,0.625,0.0060127350003964519,True,0.50226710420223886,300,platt,300,0,0.0052734989678425792,0.036897409708695157,252,0,False,0.29828484161820384,0.3039239701305122,20220526,0.30110440587435805,187
20220530,-0.00023185787956012084,0,3148.3305654634919,0.625,0.011865887500993599,False,0.50562540579399773,300,platt,300,0,-0.0037768818474951025,0.061388703412550025,252,0,False,0,0,0,0,0
20220531,0.00038509480832215308,1,3187.6541765333068,0.625,-0.001340215817270729,False,0.5022846750371357,300,platt,300,0,0.0062730565546270534,0.061388703412550025,252,0,False,0.38245461039836443,0.36890535538371888,20220526,0.37567998289104165,187
20220601,0.00025282463434498872,1,3182.9611275788234,0.625,0.0041799954156875874,True,0.5022799774666733,300,platt,300,0,0.004118422776352406,0.061388703412550025,252,0,False,0.49286624506806775,0.58834626303999704,20220526,0.5406062540540324,187
20220602,0.00027613802055074355,1,3196.3403874468731,0.6333333333333333,0.012803767096923213,True,0.50133863402889633,300,platt,300,0,0.0044981894909070707,0.061388703412550025,252,0,False,0.52563903575702009,0.49782627092059278,20220526,0.51173265333880646,187
20220606,0.00045112754439618222,1,3237.8319165079997,0.64166666666666672,0.0016659395664633259,True,0.50374652755418559,300,platt,300,0,0.0073487061840103269,0.061388703412550025,252,0,False,0.40001158357191363,0.37270819975091352,20220602,0.3863598916614136,191
20220607,0.00037347262999982679,1,3242.9742099401824,0.65000000000000002,0.0067956530450170582,True,0.50309571642370821,300,platt,300,0,0.004028093883088721,0.092716962622889504,252,0,False,0.43874103874813886,0.41313415431194223,20220602,0.42593759653004054,191
20220608,0.00062416591761149621,1,3265.8305486024051,0.65000000000000002,-0.0076105001008949236,False,0.50641116379296591,300,platt,300,0,0.0066546929354303784,0.093793346089398419,252,0,False,0.52503977293014603,0.46694866837751781,20220602,0.49599422065383192,191
20220609,0.00058483877822144167,1,3240.8485660755268,0.65000000000000002,0.014165003810026056,True,0.50620873420399326,300,platt,300,0,0.0062353973134086403,0.093793346089398419,252,0,False,0.51931410237018694,0.5056179547734323,20220602,0.51246602857180967,191
20220610,0.00092910933034229628,1,3287.8860700109367,0.65833333333333333,-0.0089146054590701906,False,0.50858304436531276,300,platt,300,0,0.0099059194397086835,0.093793346089398419,252,0,False,0.51056352221034174,0.48246869707496109,20220602,0.49651610964265142,191
20220613,0.00053428079745629809,1,3257.2904784378675,0.65833333333333333,0.010245730745863435,True,0.50826721713558731,300,platt,300,0,0.005762492453828481,0.092716962622889504,252,0,False,0.3488450247908893,0.42126159628130955,20220610,0.38505331053609942,196
20220614,0.0011334230372721081,1,3292.6343225078763,0.65833333333333333,0.0050168648753965428,True,0.51182989078569008,300,platt,300,0,0.012224548833443927,0.092716962622889504,252,0,False,0.5315251968059802,0.52067195971625924,20220610,0.52609857826111972,196
20220615,0.00084917325151949972,1,3308.2134628701156,0.66666666666666663,-0.0060573788410780427,False,0.51117965740371007,300,platt,300,0,0.0090536619805643426,0.093793346089398419,252,0,False,0.37763216941027938,0.33370247152404586,20220610,0.35566732046716265,196
20220616,0.00051216483260684996,1,3287.0671584024913,0.65833333333333333,0.0095578462733965086,True,0.51212099487170093,300,platt,300,0,0.0055239604287943885,0.092716962622889504,252,0,False,0.29131815516402698,0.33079909220121417,20220610,0.31105862368262061,196
20220617,0.00072849473212817004,1,3319.201960910048,0.65833333333333333,-0.000408678800080442,False,0.51207875687430504,300,platt,300,0,0.0078571893590949331,0.092716962622889504,252,0,False,0.40886148645249965,0.42223306769641161,20220610,0.4155472770744556,196
20220620,0.00049274095006010218,1,3317.0638482266058,0.65833333333333333,-0.0026275926424268459,False,0.51211586825428945,300,platt,300,0,0.0053144638922679368,0.092716962622889504,252,0,False,0.31311912658422314,0.34320081379655865,20220617,0.32815997019039089,201
20220621,0.00039424535067214604,1,3308.0222584340318,0.65000000000000002,-0.011950517954566919,False,0.51308671282570517,300,platt,300,0,0.0064221156134004346,0.061388703412550025,252,0,False,0.27559933870292236,0.29797773119090515,20220617,0.28678853494691375,201
20220622,0.00015171969926482142,1,3267.6972988441894,0.64166666666666672,0.016205642161781553,True,0.51060590757112279,300,platt,300,0,0.0058484689608120644,0.025941780709007135,252,0,False,0.32647408073710565,0.339975201651805,20220617,0.33322464119445533,201
20220623,0.00027694792880586364,1,3321.0682083057927,0.65000000000000002,0.0089147513182163962,True,0.51291178293989603,300,platt,300,0,0.0075058908197720648,0.036897409708695157,252,0,False,0.48576795886593255,0.48344001605417852,20220617,0.48460398746005551,201
20220624,0.00016013568867098344,1,3350.2834140427181,0.65000000000000002,0.0087881860928602507,True,0.51625802935254639,300,platt,300,0,0.0043400252195277067,0.036897409708695157,252,0,False,0.38992630765958958,0.40427113454804658,20220617,0.39709872110381805,201
20220627,0.00022950697461443403,1,3379.9607465719132,0.65833333333333333,0.008885307617942928,True,0.5155209561422972,300,platt,300,0,0.0037385864476087742,0.061388703412550025,252,0,False,0.25270395100570192,0.23221014487601352,20220624,0.24245704794085771,206
20220628,0.00041407110747445345,1,3410.6219554845347,0.65833333333333333,-0.013989339408014945,False,0.51892912953440051,300,platt,300,0,0.00674507009362577,0.061388703412550025,252,0,False,0.33984704739265681,0.31087717731878867,20220624,0.32536211235572277,206
20220629,0.00044348813366730712,1,3363.0084932110622,0.65000000000000002,0.011036205461598669,True,0.51987256103969826,300,platt,300,0,0.007224262918324521,0.061388703412550025,252,0,False,0.27918707814588561,0.27840617356098318,20220624,0.2787966258534344,206
20220630,0.00068491833380289696,1,3400.9438744764479,0.65833333333333333,-0.0032303736806285066,False,0.51919465193752035,300,platt,300,0,0.0073871955511386408,0.092716962622889504,252,0,False,0.48174853521427341,0.50167227091948963,20220624,0.49171040306688152,206
20220701,0.00020091355353204368,1,3388.3179222480207,0.65000000000000002,0.0052512705536689186,True,0.51986668066125274,300,platt,300,0,0.0032728098552895946,0.061388703412550025,252,0,False,0.43062394396045039,0.44999450057767132,20220624,0.44030922226906088,206
20220704,-0.00048763044335219525,0,3403.7661102684756,0.57286748006085908,-0.00041154901381368347,True,0.52819245876974452,300,platt,300,0,-0.0052593444560468322,0.092716962622889504,252,0,True,0.55333779310540887,0.59239716701630929,20220701,0.57286748006085908,211
20220705,-0.00052212812348425978,0,3402.2478627100309,0.56084288452065079,-0.01429939472833508,True,0.52971120309031672,300,platt,300,0,-0.0066724777837428376,0.07825100965587313,252,0,True,0.5540985558374093,0.56758721320389216,20220701,0.56084288452065079,211
20220706,0.00068861329331947529,1,3357.6602384071557,0.65000000000000002,0.0026966786800195486,True,0.51962601682890552,300,platt,300,0,0.0074270475848124242,0.092716962622889504,252,0,False,0.51244479045144475,0.4950517052771165,20220701,0.50374824786428063,211
20220707,0.00051462915547844301,1,3366.1294173014339,0.65000000000000002,-0.0024730130026233699,False,0.51934736314470475,300,platt,300,0,0.005550539415010926,0.092716962622889504,252,0,False,0.50560562472812698,0.48747979263864627,20220701,0.49654270868338662,211
20220708,-0.00038105602080002317,0,3354.7989463480362,0.64166666666666672,-0.012661744611522474,True,0.52055199870418722,300,platt,300,0,-0.0041098846426829557,0.092716962622889504,252,0,False,0,0,0,0,0
20220711,-0.00053521780963752407,0,3311.8105108294699,0.64166666666666672,-0.0096926771737188,True,0.52030894353902568,300,platt,300,0,-0.0057063515905209873,0.093793346089398419,252,0,False,0,0,0,0,0
20220712,-0.00051734490314103395,0,3279.7688500313971,0.65000000000000002,0.00086098700078141022,False,0.52303899809315635,300,platt,300,0,-0.0055157953598108178,0.093793346089398419,252,0,False,0,0,0,0,0
20220713,-0.00037361594575922798,0,3283.0647362129935,0.64166666666666672,-0.00077575323849110589,True,0.5240072376111925,300,platt,300,0,-0.0039833949990772137,0.093793346089398419,252,0,False,0,0,0,0,0
20220714,-0.00055979825997287994,0,3279.9068854191237,0.65000000000000002,-0.016358101058461694,True,0.52321420001334784,300,platt,300,0,-0.004929339088863921,0.11356456715212471,252,0,False,0,0,0,0,0
20220715,0.00091807177337107488,1,3231.0244915950125,0.65000000000000002,0.01550230976125655,True,0.52336352841102052,300,platt,300,0,0.0080841392380889155,0.11356456715212471,252,0,False,0.35969313348738913,0.3665384896467293,20220707,0.36311581156705919,215
20220718,0.00080182260175160037,1,3280.731757316817,0.65000000000000002,0.00040511230991402414,True,0.52354672650345835,300,platt,300,0,0.0068396600273798475,0.11723135339210192,252,0,False,0.49843499291771742,0.39389711769219077,20220707,0.44616605530495412,215
20220719,0.00041412753385602989,1,3280.7894027967195,0.65833333333333333,0.0077126177334465584,True,0.52614975621799231,300,platt,300,0,0.0036466262694532874,0.11356456715212471,252,0,False,0.42672710463342461,0.30679674941805718,20220707,0.3667619270257409,215
20220720,0.00030387443784634353,1,3305.7285212388992,0.66666666666666663,-0.0099019152671827593,False,0.52562700451861244,300,platt,300,0,0.0026757856386604318,0.11356456715212471,252,0,False,0.48814476569815141,0.43866090878921121,20220707,0.46340283724368131,215
20220721,0.00035168573883645493,1,3273.1519161594956,0.65833333333333333,-0.00061959023731417151,False,0.52614974139508808,300,platt,300,0,0.0037495808977882966,0.093793346089398419,252,0,False,0.33974193203266634,0.32486602744187842,20220707,0.33230397973727238,215
20220722,0.00057885223467436624,1,3271.8667316993419,0.65000000000000002,-0.0059896196724995576,False,0.52678801235957606,300,platt,300,0,0.0061715703598274191,0.093793346089398419,252,0,False,0.51434565941548094,0.48741389804767316,20220721,0.50087977873157707,220
20220725,0.00036880663201547262,1,3251.5867646510237,0.6333333333333333,0.0083213450209635997,True,0.52526541298894214,300,platt,300,0,0.0039777687014568297,0.092716962622889504,252,0,False,0.49631919774181354,0.55407715769929045,20220721,0.525198177720552,220
20220726,-0.00044259901086308545,0,3275.9850102452724,0.60569944154465993,-0.00051268741939580753,True,0.52790594590689721,300,platt,300,0,-0.0047736573582903242,0.092716962622889504,252,0,True,0.59242963912853042,0.61896924396078945,20220721,0.60569944154465993,220
20220727,0.00020760878667686931,1,3276.4353755832831,0.6333333333333333,0.0020821152300356527,True,0.5285710645917544,300,platt,300,0,0.0022134703082134265,0.093793346089398419,252,0,False,0.44735999996895243,0.40573077625212317,20220721,0.42654538811053777,220
20220728,-0.00035157983759531855,0,3281.4217125333416,0.64166666666666672,-0.0089373716823234473,True,0.52796405422844661,300,platt,300,0,-0.0037484518065941789,0.093793346089398419,252,0,False,0,0,0,0,0
20220729,-0.0006011463897365128,0,3251.2825276011167,0.65000000000000002,0.0020657263891714628,False,0.53038712297129986,300,platt,300,0,-0.006409264780505161,0.093793346089398419,252,0,False,0,0,0,0,0
20220801,-0.00047970382656962714,0,3258.394685433092,0.65000000000000002,-0.022605226416225865,True,0.52696070821946106,300,platt,300,0,-0.0051144760963363119,0.093793346089398419,252,0,False,0,0,0,0,0
20220802,-0.0011036251032596025,0,3182.7499564152877,0.65000000000000002,-0.0070905245085595148,True,0.53039343937447014,300,platt,300,0,-0.010275906713641902,0.10739929176220253,252,0,False,0,0,0,0,0
20220803,-0.00089706186087588154,0,3160.8360886246492,0.65000000000000002,0.0080175767788470687,False,0.53383239297938656,300,platt,300,0,-0.0078991351208535666,0.11356456715212471,252,0,False,0,0,0,0,0
20220804,-0.00054043574151146152,0,3187.3156292892827,0.64166666666666672,0.011911926699174069,False,0.53435763339961118,300,platt,300,0,-0.0047588412042950355,0.11356456715212471,252,0,False,0,0,0,0,0
20220805,-0.00067417000497332338,0,3224.8511353936119,0.64166666666666672,0.0030700086863242326,False,0.53100228328818755,300,platt,300,0,-0.0059364467446104303,0.11356456715212471,252,0,False,0,0,0,0,0
20220808,-0.00034077517395334384,0,3235.8306333553069,0.64166666666666672,0.0032432236718347163,False,0.5309720390940712,300,platt,300,0,-0.0031729741263831521,0.10739929176220253,252,0,False,0,0,0,0,0
20220809,0.00030207232154798791,1,3248.4127592628943,0.59999999999999998,-0.0053617138318347024,False,0.53575724793271517,300,platt,300,0,0.0028126099957606746,0.10739929176220253,252,0,False,0.49213574848919872,0.41346434443773572,20220727,0.45280004646346722,224
20220810,0.00044190896414955324,1,3231.4473747923826,0.59999999999999998,0.015989188921430753,True,0.53236268249418006,300,platt,300,0,0.0047115172085699028,0.093793346089398419,252,0,False,0.36811647448136237,0.33397790268545102,20220727,0.35104718858340667,224
20220811,-0.00061730124873592845,0,3279.6396238506463,0.6092251969232545,-0.0014558766411711943,True,0.53131034723272741,300,platt,300,0,-0.0057477217829585148,0.10739929176220253,252,0,True,0.60786895195314095,0.61058144189336816,20220727,0.6092251969232545,224
20220812,-0.00023684935824999949,0,3276.1115712511978,0.65833333333333333,-0.00024434770834536046,True,0.5288581165951155,300,platt,300,0,-0.0020203584740492849,0.11723135339210192,252,0,False,0,0,0,0,0
20220815,-0.00038608011454972058,0,3274.8221679557651,0.65833333333333333,0.0005487339011449599,False,0.53239522829141417,300,platt,300,0,-0.0032933178998488938,0.11723135339210192,252,0,False,0,0,0,0,0
20220816,-0.00036078059180070767,0,3276.7021028180798,0.65833333333333333,0.0044666915831419463,False,0.53227888598661199,300,platt,300,0,-0.003077509397968053,0.11723135339210192,252,0,False,0,0,0,0,0
20220817,-0.0006398722241638408,0,3290.4192040652624,0.65833333333333333,-0.0045503664967262436,True,0.52884036674716151,300,platt,300,0,-0.0042542704749532973,0.15040703874637054,252,0,False,0,0,0,0,0
20220818,-0.00036491065336833836,0,3276.3477893504987,0.66666666666666663,-0.0059390205555758246,True,0.53130835610983485,300,platt,300,0,-0.002426154097639556,0.15040703874637054,252,0,False,0,0,0,0,0
20220819,-0.00056141048504272032,0,3256.2492806251485,0.6333333333333333,0.0060513890641797907,False,0.53532411200732333,300,platt,300,0,-0.0037326077936380331,0.15040703874637054,252,0,False,0,0,0,0,0
20220822,-0.0006090651438352201,0,3275.7979097432085,0.66666666666666663,-0.00047925521134750682,True,0.52834360822982385,300,platt,300,0,-0.0040494457500907174,0.15040703874637054,252,0,False,0,0,0,0,0
20220823,-0.00043175833083566184,0,3274.8088632533713,0.67500000000000004,-0.018625134049161551,True,0.53129522490629111,300,platt,300,0,-0.0028705992381362574,0.15040703874637054,252,0,False,0,0,0,0,0
20220824,-0.0010966199003507994,0,3211.6774440775466,0.68333333333333335,0.0096556258199909095,False,0.53100415425310343,300,platt,300,0,-0.0092658414343678528,0.11835081661157464,252,0,False,0,0,0,0,0
20220825,-0.00077166162650707071,0,3243.7430949111081,0.67500000000000004,-0.0030883344991405881,True,0.53123193177712713,300,platt,300,0,-0.0065201208458041402,0.11835081661157464,252,0,False,0,0,0,0,0
20220826,-0.00054437756506890613,0,3234.4608730209911,0.67500000000000004,0.0013920241456815141,False,0.53191096428332663,300,platt,300,0,-0.0045011178296576141,0.12094274926153516,252,0,False,0,0,0,0,0
20220829,-0.00065259418030456224,0,3238.6126200935469,0.66666666666666663,-0.0041679530290652522,True,0.52937705659976564,300,platt,300,0,-0.0055140657157133543,0.11835081661157464,252,0,False,0,0,0,0,0
20220830,-0.00049864948930832573,0,3225.6110482455197,0.66666666666666663,-0.0077721685129459317,True,0.53266667776132914,300,platt,300,0,-0.0041230209529139342,0.12094274926153516,252,0,False,0,0,0,0,0
20220831,-0.0009578291609765396,0,3199.0706990376948,0.66666666666666663,-0.0053583265529671964,True,0.53315606191357945,300,platt,300,0,-0.006368246918229104,0.15040703874637054,252,0,False,0,0,0,0,0
20220901,-0.0007240138277967345,0,3182.673730655948,0.65833333333333333,0.00047045825755187565,False,0.53418962524362179,300,platt,300,0,-0.0044222701480786317,0.16371994553776884,252,0,False,0,0,0,0,0
20220902,-0.00053813225773404795,0,3184.763353345827,0.65000000000000002,0.0042158457012462236,False,0.53457237253136403,300,platt,300,0,-0.0032869071386901071,0.16371994553776884,252,0,False,0,0,0,0,0
20220905,-0.00060994802483110399,0,3197.9600201179564,0.64166666666666672,0.013604999987812283,False,0.535091257374393,300,platt,300,0,-0.003725557218014063,0.16371994553776884,252,0,False,0,0,0,0,0
20220906,-0.0008822000523771267,0,3240.5852312395978,0.64166666666666672,0.00087798578216147227,False,0.53496978988789401,300,platt,300,0,-0.0053884702287151105,0.16371994553776884,252,0,False,0,0,0,0,0
20220907,-0.00053812009279283158,0,3244.547403810051,0.64166666666666672,-0.0032985610700791979,True,0.53178418717032805,300,platt,300,0,-0.0034183298692309501,0.15742193216534042,252,0,False,0,0,0,0,0
20220908,-0.00041436723169991919,0,3234.2454791033797,0.64166666666666672,0.008180279666169854,False,0.53502243444456454,300,platt,300,0,-0.0026322077616523524,0.15742193216534042,252,0,False,0,0,0,0,0
20220909,-0.00061377677777859057,0,3260.0520268841847,0.6333333333333333,0.00053432588581747709,False,0.53262967947001716,300,platt,300,0,-0.0038989279913928393,0.15742193216534042,252,0,False,0,0,0,0,0
20220913,-0.00036522136504265918,0,3262.6051915313933,0.625,-0.0080444030039611425,True,0.53340431682523026,300,platt,300,0,-0.0024282199030493997,0.15040703874637054,252,0,False,0,0,0,0,0
20220914,-0.00057409643474504158,0,3235.6832387378727,0.625,-0.01162091523819353,True,0.53346513193339362,300,platt,300,0,-0.0038169519161475748,0.15040703874637054,252,0,False,0,0,0,0,0
20220915,-0.001682803691978076,0,3194.5338649976106,0.625,-0.022975896231363646,True,0.53342919918596154,300,platt,300,0,-0.010689766469202179,0.15742193216534042,252,0,False,0,0,0,0,0
20220916,-0.0014688339481623443,0,3121.8055409227832,0.625,-0.0034531115475168184,True,0.53678846229139654,300,platt,300,0,-0.0089716249497743487,0.16371994553776884,252,0,False,0,0,0,0,0
20220919,-0.00084722850841366425,0,3112.9622732494522,0.6333333333333333,0.002183815589533511,False,0.53933530125498008,300,platt,300,0,-0.0047227262563822167,0.17939394799110644,252,0,False,0,0,0,0,0
20220920,0.00063975284865170864,1,3124.4033680051966,0.6333333333333333,-0.001674478057912876,False,0.53929745229796133,300,platt,300,0,0.0035661896948910718,0.17939394799110644,252,0,False,0.38925707832499618,0.22737907658462048,20220811,0.30831807745480833,227
20220921,0.00083379612973504002,1,3119.7764904518176,0.64166666666666672,-0.0026523354108752839,False,0.53832829294192341,300,platt,300,0,0.005296569024824972,0.15742193216534042,252,0,False,0.40249619178468615,0.26329891306662062,20220811,0.33289755242565339,227
20220922,-0.00068094907055875993,0,3106.7925908974289,0.59999999999999998,-0.0066068501959658521,True,0.54332169481248549,300,platt,300,0,-0.0045273750233659985,0.15040703874637054,252,0,False,0,0,0,0,0
20220923,-0.0011907720417584978,0,3084.6919559447801,0.66666666666666674,-0.012026896393064312,True,0.53514547702141813,300,platt,300,0,-0.0072732252496614498,0.16371994553776884,252,0,False,0,0,0,0,0
20220926,-0.0012446880265494994,0,3047.4281755315033,0.66666666666666674,0.013973333997547188,False,0.53514547702141813,300,platt,300,0,-0.0076025436147140676,0.16371994553776884,252,0,False,0,0,0,0,0
20220927,-0.0010357533356739796,0,3090.657322320536,0.59999999999999998,-0.015771551269678552,True,0.54021793637846482,300,platt,300,0,-0.0063263723443826823,0.16371994553776884,252,0,False,0,0,0,0,0
20220928,-0.0010193349796438634,0,3041.9628568954076,0.59999999999999998,-0.0012683465597536081,True,0.5403775507902957,300,platt,300,0,-0.0062260891688893901,0.16371994553776884,252,0,False,0,0,0,0,0
20220929,-0.0011682075776780951,0,3037.6518417410107,0.59999999999999998,-0.0055287631749603161,True,0.5405314975540485,300,platt,300,0,-0.0071354016997800633,0.16371994553776884,252,0,False,0,0,0,0,0
20220930,-0.00082915061617274484,0,3021.8828247533779,0.66666666666666674,-0.016613297786777226,True,0.53449359198409785,300,platt,300,0,-0.0046219542267604838,0.17939394799110644,252,0,False,0,0,0,0,0
20221010,-0.0015796799381777523,0,2969.4472021783963,0.66666666666666674,0.0018987639272782797,False,0.53449359198409785,300,platt,300,0,-0.0088056478820348269,0.17939394799110644,252,0,False,0,0,0,0,0
20221011,-0.00086046852968499235,0,2977.228582242712,0.59999999999999998,0.01534096701897969,False,0.54336280932631087,300,platt,300,0,-0.0047965304254726062,0.17939394799110644,252,0,False,0,0,0,0,0
20221012,-0.0021179747724469162,0,3019.0975556771009,0.59999999999999998,-0.0030240896934413675,True,0.53997324479646469,300,platt,300,0,-0.012936571445159179,0.16371994553776884,252,0,False,0,0,0,0,0
20221013,-0.00073713610108955166,0,3014.1326350249483,0.66666666666666674,0.018443014735561203,False,0.53508331771453777,300,platt,300,0,-0.0045024208789484384,0.16371994553776884,252,0,False,0,0,0,0,0
20221014,0.0010803306418121698,1,3075.3055614712825,0.64166666666666672,0.0042173032774750485,True,0.53797852087058129,300,platt,300,0,0.0068626437685791932,0.15742193216534042,252,0,False,0.55581864305340201,0.5252066778351725,20220921,0.54051266044428725,229
20221017,0.00075254769882156941,1,3087.2638662288623,0.59166666666666667,-0.0012917259424918281,False,0.54710030169164758,300,platt,300,0,0.004780450147385866,0.15742193216534042,252,0,False,0.40649952945764251,0.45810935014375798,20220921,0.43230443980070021,229
20221018,0.0005369994178660468,1,3082.6118723302702,0.59166666666666667,-0.011872835372537027,False,0.54705301408211149,300,platt,300,0,0.0035703077618035022,0.15040703874637054,252,0,False,0.45022324948370396,0.44995245030534159,20220921,0.45008784989452277,229
20221019,-0.00062988742606344904,0,3042.460084766582,0.66666666666666674,-0.0030637788471515881,True,0.53915536644521045,300,platt,300,0,-0.0052081454234295266,0.12094274926153516,252,0,False,0,0,0,0,0
20221020,-0.001199851356209509,0,3031.4087906613959,0.66666666666666674,0.0012779688930371069,False,0.54256861926038891,300,platt,300,0,-0.0079773617392521305,0.15040703874637054,252,0,False,0,0,0,0,0
20221021,-0.00060218420063273077,0,3037.0991049091367,0.59999999999999998,-0.020195831485505744,True,0.54612774355382798,300,platt,300,0,-0.0040036969389988875,0.15040703874637054,252,0,False,0,0,0,0,0
20221024,-0.0022458258895788502,0,2970.868328995025,0.59999999999999998,-0.00042733042011589006,True,0.54927904976275943,300,platt,300,0,-0.014266283348752554,0.15742193216534042,252,0,False,0,0,0,0,0
20221025,-0.00097569234208624801,0,2973.3790634690185,0.66666666666666674,0.0078018790551839245,False,0.54225849986916275,300,platt,300,0,-0.0080673901332963902,0.12094274926153516,252,0,False,0,0,0,0,0
20221026,-0.00085561259293548658,0,2996.9371869472843,0.59999999999999998,-0.0055344824390275438,True,0.54955314386356902,300,platt,300,0,-0.0070745257418057313,0.12094274926153516,252,0,False,0,0,0,0,0
20221027,-0.00060241956962374485,0,2981.1059409187528,0.59999999999999998,-0.022453697705010822,True,0.55298579472719167,300,platt,300,0,-0.0049810308869449472,0.12094274926153516,252,0,False,0,0,0,0,0
20221028,0.0014706149746238878,1,2920.2139039993108,0.59999999999999998,-0.0076966295814738794,False,0.5564618658544751,300,platt,300,0,0.0093418684067433453,0.15742193216534042,252,0,False,0.28644956042354103,0.25849035365778983,20221018,0.27246995704066546,232
20221031,-0.00092904053047225185,0,2890.7947371116716,0.60833333333333328,0.026167979081542336,False,0.55541874538411562,300,platt,300,0,-0.0059015952713404613,0.15742193216534042,252,0,False,0,0,0,0,0
20221101,0.0016018480308155403,1,2973.9557063721736,0.59999999999999998,0.011508286997892858,True,0.5565569693826844,300,platt,300,0,0.010175507369158178,0.15742193216534042,252,0,False,0.36692902543850747,0.31485968317153273,20221018,0.34089435430502013,232
20221102,-0.001433057212224133,0,2999.0658991038285,0.66666666666666674,-0.0018526522490620589,True,0.55114773234138903,300,platt,300,0,-0.0091032881664734715,0.15742193216534042,252,0,False,0,0,0,0,0
20221103,-0.00059183133956057607,0,2996.0315046368269,0.66666666666666674,0.024348042303075301,False,0.55144648642626282,300,platt,300,0,-0.0036149006623267259,0.16371994553776884,252,0,False,0,0,0,0,0
20221104,0.0018078442450005178,1,3076.3479215993084,0.66666666666666674,0.0022862473070504041,True,0.55111091614795127,300,platt,300,0,0.011484068453064959,0.15742193216534042,252,0,False,0.37073975536293297,0.31782933333738239,20221101,0.34428454435015765,234
20221107,-0.00074782258408238335,0,3075.5153389377274,0.73333333333333339,-0.0043291072861056934,True,0.54276185783869313,300,platt,300,0,-0.0045676938239016633,0.16371994553776884,252,0,False,0,0,0,0,0
20221108,-0.00068591129234067162,0,3062.3908297831836,0.73333333333333339,-0.0053272110804110095,True,0.54418942598036013,300,platt,300,0,-0.0041895401936988645,0.16371994553776884,252,0,False,0,0,0,0,0
20221109,0.00068036481457361855,1,3050.2414659839637,0.73333333333333339,-0.0039485361631690363,False,0.54567292441025894,300,platt,300,0,0.0037925739535391014,0.17939394799110644,252,0,False,0.41175730275584682,0.37522033158672941,20221101,0.39348881717128814,234
20221110,-0.00061934401856681071,0,3034.2513899300898,0.66666666666666674,0.016850651872227784,False,0.54888673383852749,300,platt,300,0,-0.0034524242623698489,0.17939394799110644,252,0,False,0,0,0,0,0
20221111,-0.0010502431236430001,0,3084.0501921761766,0.67035895310687188,-0.001260424748856126,True,0.54504633884002474,300,platt,300,0,-0.0064148758429724596,0.16371994553776884,252,0,True,0.6636874693680973,0.67703043684564645,20221109,0.67035895310687188,236
20221114,0.0011209517936978028,1,3086.8576442179251,0.59999999999999998,0.016435259335202401,True,0.55298574701758185,300,platt,300,0,0.0062485485505529683,0.17939394799110644,252,0,False,0.36342900642947551,0.36233964792240347,20221109,0.36288432717593949,236
20221115,-0.0014578168552032524,0,3129.5088885576415,0.60833333333333328,-0.0044981014829944543,True,0.5555769463523228,300,platt,300,0,-0.0081263435669274887,0.17939394799110644,252,0,False,0,0,0,0,0
20221116,-0.00072824665103055216,0,3117.7082847224187,0.60833333333333328,-0.0014569642809294514,True,0.5589718884308974,300,platt,300,0,-0.0040594828264031262,0.17939394799110644,252,0,False,0,0,0,0,0
20221117,-0.00072997592254788509,0,3113.1605076807296,0.60833333333333328,-0.0058391530401840086,True,0.56248426520224137,300,platt,300,0,-0.0037789325082468205,0.19316987560768756,252,0,False,0,0,0,0,0
20221118,-0.00077497317449205501,0,3094.842919605122,0.6166666666666667,-0.0039385993324643209,True,0.5648420244487411,300,platt,300,0,-0.0040118738600109834,0.19316987560768756,252,0,False,0,0,0,0,0
20221121,-0.00075879899997849257,0,3082.7034713943913,0.60833333333333328,0.0012635798693851896,False,0.56933978768545845,300,platt,300,0,-0.0039281435451123453,0.19316987560768756,252,0,False,0,0,0,0,0
20221122,-0.0010123994922907969,0,3085.8153560800442,0.59999999999999998,0.0025784551645602338,False,0.56699545150293751,300,platt,300,0,-0.0056434428453572315,0.17939394799110644,252,0,False,0,0,0,0,0
20221123,0.00079308125653577695,1,3099.3633991328588,0.60833333333333328,-0.0024533185090815923,False,0.56242063614050186,300,platt,300,0,0.0044208919276089199,0.17939394799110644,252,0,False,0.56024993540988022,0.53087742010659378,20221114,0.545563677758237,238
20221124,-0.00068446678854504892,0,3087.1950701792666,0.59166666666666667,0.0040085331687054193,False,0.56454586278830887,300,platt,300,0,-0.0038154396857299879,0.17939394799110644,252,0,False,0,0,0,0,0
20221125,0.00073209338332654624,1,3103.9639290688292,0.59166666666666667,-0.0074619565855192915,False,0.560918091231001,300,platt,300,0,0.0044716200028154683,0.16371994553776884,252,0,False,0.53056884913239821,0.43516688525903796,20221114,0.48286786719571806,238
20221128,-0.0010050061551687567,0,3075.4545398085143,0.59166666666666667,0.023127555079934581,False,0.55743885057636611,300,platt,300,0,-0.0061385688339171242,0.16371994553776884,252,0,False,0,0,0,0,0
20221129,-0.0012093628967989065,0,3145.938611876406,0.59166666666666667,0.00050400860665744673,False,0.55720182023458653,300,platt,300,0,-0.0073867780301693081,0.16371994553776884,252,0,False,0,0,0,0,0
20221130,-0.00043987993192616006,0,3149.9490908427597,0.59166666666666667,0.0044856540654369947,False,0.55708553613329126,300,platt,300,0,-0.0027942734908383269,0.15742193216534042,252,0,False,0,0,0,0,0
20221201,-0.00052506270331405312,0,3163.8090291869717,0.59166666666666667,-0.0029464492662719666,True,0.55355766389982186,300,platt,300,0,-0.0044364941311499356,0.11835081661157464,252,0,False,0,0,0,0,0
20221202,-0.00043470994981688039,0,3154.7721927132034,0.59166666666666667,0.017638674430654921,False,0.55704563024462939,300,platt,300,0,-0.0027614319290675715,0.15742193216534042,252,0,False,0,0,0,0,0
20221205,-0.00055629761518737172,0,3210.0276753088556,0.56698606327936352,0.0002238610051688017,False,0.55584447638206824,300,platt,300,0,-0.0047004121400626327,0.11835081661157464,252,0,True,0.58324244408269033,0.5507296824760366,20221125,0.56698606327936352,240
20221206,-0.00045422903544435693,0,3211.0741740523849,0.65421011119986194,-0.0040198803847455444,True,0.54416660523844018,300,platt,300,0,-0.0038379881816542837,0.11835081661157464,252,0,True,0.65250400338179781,0.65591621901792607,20221125,0.65421011119986194,240
20221207,0.00058346985876316158,1,3201.4862814794142,0.66666666666666674,-0.00070930311273897928,False,0.54664334038045848,300,platt,300,0,0.0048243475721014501,0.12094274926153516,252,0,False,0.44038301629844318,0.39988397348680227,20221125,0.42013349489262275,240
20221208,-0.00030920477818657637,0,3196.3612641333862,0.64166666666666672,0.0030025803556876784,False,0.54543612269620212,300,platt,300,0,-0.0025566210465245011,0.12094274926153516,252,0,False,0,0,0,0,0
20221209,-0.00046144816706412929,0,3205.4703587083441,0.78325504505484189,-0.0087025049531482823,True,0.53220769965720427,300,platt,300,0,-0.0038154264714642889,0.12094274926153516,252,0,True,0.79077090425729823,0.77573918585238544,20221125,0.78325504505484189,240
20221212,0.0004192399465534493,1,3180.3744812723994,0.58823529411764708,-0.00085440842125483751,False,0.54967877462105386,300,platt,300,0,0.0026631609762807454,0.15742193216534042,252,0,False,0.40473190092837463,0.40083809178820051,20221209,0.40278499635828757,244
20221213,-0.00032663092156727562,0,3175.2880138747373,0.55555555555555558,6.2902873146919447e-05,False,0.54829055737635513,300,platt,300,0,-0.0020748755721293958,0.15742193216534042,252,0,False,0,0,0,0,0
20221214,-0.00033828733758194053,0,3175.450721713501,0.68831283506590024,-0.0024799109895330407,True,0.53988749367466116,300,platt,300,0,-0.0027970865525010023,0.12094274926153516,252,0,True,0.69455012063487032,0.68207554949693017,20221209,0.68831283506590024,244
20221215,0.00042913423250209273,1,3170.0075752417224,0.66666666666666674,-0.00024938082421166463,False,0.5447792434953117,300,platt,300,0,0.0027260129932300194,0.15742193216534042,252,0,False,0.45679069314518039,0.45727911418537504,20221209,0.45703490366527771,244
20221216,-0.00049365349944723253,0,3166.2937760100094,0.58367787330136967,-0.019174662396441056,True,0.54579173532743341,300,platt,300,0,-0.0031358622820659302,0.15742193216534042,252,0,True,0.57822571024016456,0.58913003636257477,20221209,0.58367787330136967,244
20221219,0.0015743936602868602,1,3112.0068221577817,0.59999999999999998,-0.010733139906311751,False,0.54503284566458932,300,platt,300,0,0.010001107460892254,0.15742193216534042,252,0,False,0.43329103994163365,0.43730269482164513,20221216,0.43529686738163942,248
20221220,-0.0006465634318177703,0,3071.7785153710915,0.625,-0.0017422927360863927,True,0.54018808656690787,300,platt,300,0,-0.0053460288918982298,0.12094274926153516,252,0,False,0,0,0,0,0
20221221,-0.00054171392245033333,0,3066.7482993123572,0.6333333333333333,-0.0045558441414536022,True,0.53971859611481543,300,platt,300,0,-0.0034411591510728674,0.15742193216534042,252,0,False,0,0,0,0,0
20221222,-0.0011581917723080982,0,3050.8936827992598,0.6333333333333333,-0.0028040899135627351,True,0.53973605773015787,300,platt,300,0,-0.0070742252479000052,0.16371994553776884,252,0,False,0,0,0,0,0
20221223,-0.00074647577580804142,0,3043.5927345160526,0.64166666666666672,0.0064665344481296128,False,0.53931474945018343,300,platt,300,0,-0.004161097875191689,0.17939394799110644,252,0,False,0,0,0,0,0
20221226,-0.00059953006014470283,0,3063.7247030700451,0.64166666666666672,0.009787828178749125,False,0.53597816550830724,300,platt,300,0,-0.0033419748372694536,0.17939394799110644,252,0,False,0,0,0,0,0
20221227,-0.00052668599842789043,0,3093.9374077825555,0.6333333333333333,-0.0026386435470739933,True,0.53640856252144775,300,platt,300,0,-0.003216993486638977,0.16371994553776884,252,0,False,0,0,0,0,0
20221228,-0.00046814763526718817,0,3085.9543411313202,0.6333333333333333,-0.004436775711288754,True,0.53974527672418371,300,platt,300,0,-0.0026096066255835836,0.17939394799110644,252,0,False,0,0,0,0,0
20221229,-0.00052763916772125094,0,3072.0797946459525,0.6333333333333333,0.0050610963666739561,False,0.53975076046559123,300,platt,300,0,-0.0029412317061409949,0.17939394799110644,252,0,False,0,0,0,0,0
20221230,-0.00031416435062720459,0,3088.2873652979265,0.6333333333333333,0.0088221834764912188,False,0.53641095634057112,300,platt,300,0,-0.0019189131146805168,0.16371994553776884,252,0,False,0,0,0,0,0
20230103,-0.0010333508887170372,0,3113.2914496584376,0.64166666666666672,0.0022475447631051804,False,0.53595604224281657,300,platt,300,0,-0.0063116982193147124,0.16371994553776884,252,0,False,0,0,0,0,0
20230104,-0.00043233316139371824,0,3122.1660002801232,0.6333333333333333,0.0101487541413261,False,0.53306713964017838,300,platt,300,0,-0.0026406871806220005,0.16371994553776884,252,0,False,0,0,0,0,0
20230105,-0.00061224981159712527,0,3153.2844194760014,0.625,0.0007670789722746818,False,0.53354046808753408,300,platt,300,0,-0.0038892281601148096,0.15742193216534042,252,0,False,0,0,0,0,0
20230106,-0.00030416057884643014,0,3156.676071454373,0.55555555555555558,0.0058423444243820288,False,0.53748244355914443,300,platt,300,0,-0.0025149137149899892,0.12094274926153516,252,0,False,0,0,0,0,0
20230109,-0.00037880140248439868,0,3174.8813947369913,0.67342195160020368,-0.0020708831896631974,True,0.53115477980574732,300,platt,300,0,-0.002406280988131585,0.15742193216534042,252,0,True,0.66289378637272356,0.68395011682768381,20221219,0.67342195160020368,249
20230110,-0.00027245021643850794,0,3168.6436670773564,0.67233097369020434,-0.0024198083538033988,True,0.53147721860681973,300,platt,300,0,-0.0017307004982784304,0.15742193216534042,252,0,True,0.66666684846376201,0.67799509891664655,20221219,0.67233097369020434,249
20230111,-0.00050024326409304489,0,3160.255912038444,0.59999999999999998,0.00051024125970289269,False,0.53778484689189965,300,platt,300,0,-0.0031777228065504805,0.15742193216534042,252,0,False,0,0,0,0,0
20230112,-0.00038045069229180819,0,3162.2473629150641,0.59999999999999998,0.010069699517068598,False,0.53428826018194031,300,platt,300,0,-0.0024167578625081316,0.15742193216534042,252,0,False,0,0,0,0,0
20230113,-0.00044319153684608593,0,3193.8897674674854,0.59090909090909083,0.010104103021873589,False,0.53113817276277031,300,platt,300,0,-0.0036644738072531919,0.12094274926153516,252,0,False,0,0,0,0,0
20230116,0.00083665257829044766,1,3230.2919728338084,0.54545454545454541,-0.0010369341647810115,False,0.52845170859148527,300,platt,300,0,0.0070692590236730449,0.11835081661157464,252,0,False,0.48576094885056864,0.50724543780221099,20230110,0.49650319332638981,251
20230117,-0.00028942595630307254,0,3223.3116198654047,0.75721226894122529,4.9996203762114888e-05,False,0.52484028244831549,300,platt,300,0,-0.0025485586178950852,0.11356456715212471,252,0,True,0.75600380425134117,0.75842073363110951,20230110,0.75721226894122529,251
20230118,0.00020249653951260167,1,3225.058931056984,0.66666666666666674,0.0049228912239960287,True,0.52546556120449839,300,platt,300,0,0.0018854550732136867,0.10739929176220253,252,0,False,0.53887969761260923,0.52545536235575629,20230110,0.53216752998418282,251
20230119,-0.00041696638110221262,0,3238.9283124248218,0.79751506871192279,0.0075716927373608023,False,0.52208576717630206,300,platt,300,0,-0.0038823941411591065,0.10739929176220253,252,0,True,0.77775928425911423,0.81727085316473125,20230110,0.79751506871192279,251
20230120,-0.00024025201116942713,0,3264.0294219184561,0.69958603838685041,0.0013796192603694468,False,0.52342068679446074,300,platt,300,0,-0.0025615037866378362,0.093793346089398419,252,0,True,0.67914055663623618,0.72003152013746452,20230110,0.69958603838685041,251
20230130,-0.00051744140243850797,0,3267.6263195090628,0.80000000000000004,-0.0041748156649186186,True,0.51811500525480225,300,platt,300,0,-0.0055168242099531513,0.093793346089398419,252,0,False,0,0,0,0,0
20230131,-0.00030591200232323279,0,3254.6732517161258,0.80000000000000004,0.0089849730433302355,False,0.52176695569125731,300,platt,300,0,-0.0032615533518940147,0.093793346089398419,252,0,False,0,0,0,0,0
20230201,-0.00046527548847774059,0,3283.3929066375317,0.73333333333333339,0.00022807243509914699,False,0.52135517204113857,300,platt,300,0,-0.0049606449484621944,0.093793346089398419,252,0,False,0,0,0,0,0
20230202,0.00027722103152385186,1,3286.5813569652578,0.66666666666666674,-0.0067762729098976848,False,0.5211975491281956,300,platt,300,0,0.0029899710223619093,0.092716962622889504,252,0,False,0.4836989852977156,0.54439109162112675,20230120,0.51404503845942118,256
20230203,-0.00047226485984312586,0,3261.8647080700257,0.625,-0.0075712616686757217,True,0.52047287090862571,300,platt,300,0,-0.0050936187563001062,0.092716962622889504,252,0,False,0,0,0,0,0
20230206,0.00029108346527305211,1,3239.6405313785958,0.625,0.0029012277712356926,True,0.52037227125370999,300,platt,300,0,0.0031394844809248621,0.092716962622889504,252,0,False,0.42786577340390974,0.47770082602468833,20230120,0.45278329971429904,256
20230207,0.00019292642825640327,1,3248.7206431740606,0.6333333333333333,-0.0049221789763473911,False,0.52321998941261871,300,platt,300,0,0.0020569308623718031,0.093793346089398419,252,0,False,0.47446815784479202,0.5071774563024829,20230120,0.49082280707363746,256
20230208,-0.00031616064643330761,0,3231.0844351828505,0.6333333333333333,0.011842525105068447,False,0.51989468075066125,300,platt,300,0,-0.0034099547427932616,0.092716962622889504,252,0,False,0,0,0,0,0
20230209,0.00044153264773100345,1,3271.826580688471,0.66666666666666663,-0.002968826950094372,False,0.51471906109055876,300,platt,300,0,0.005642516942244517,0.07825100965587313,252,0,False,0.53745687968483191,0.51239964002585348,20230207,0.52492825985534264,259
20230210,0.00022572579716982261,1,3261.4094181025257,0.66666666666666674,0.0072029599775309539,True,0.51471906109055887,300,platt,300,0,0.0028846375038801913,0.07825100965587313,252,0,False,0.44672383031894419,0.40168097516353451,20230207,0.42420240274123933,259
20230213,-0.0003199136013070608,0,3283.1092525791232,0.66666666666666674,0.0027777575629004403,False,0.51829968216177569,300,platt,300,0,-0.0040882999812265003,0.07825100965587313,252,0,False,0,0,0,0,0
20230214,-0.00010821095787998724,0,3292.9261307461056,0.70045389685031489,-0.0038838453731193656,True,0.5135547187075975,300,platt,300,0,-0.0018269653748445905,0.059229889832582143,252,0,True,0.68834356841061284,0.71256422529001706,20230207,0.70045389685031489,259
20230215,-0.00025330153111598929,0,3279.6609463789164,0.65000000000000002,-0.0095907568008322119,True,0.51614765352068936,300,platt,300,0,-0.0027319869412272511,0.092716962622889504,252,0,False,0,0,0,0,0
20230216,-0.00077335556920231331,0,3246.5168449416724,0.55855146279147938,-0.0076962058977919634,True,0.5228268437393867,300,platt,300,0,-0.0098830107445683178,0.07825100965587313,252,0,True,0.52731341534825571,0.58978951023470294,20230214,0.55855146279147938,262
20230217,-0.00046718739960417439,0,3222.5180764710226,0.65000000000000002,0.020568703529933119,False,0.5193083988852687,300,platt,300,0,-0.0050388557431974967,0.092716962622889504,252,0,False,0,0,0,0,0
20230220,-0.00048646861906643087,0,3288.7376536709376,0.62871109231788447,0.0049190382642416708,False,0.52019499310455275,300,platt,300,0,-0.0082132284973257929,0.059229889832582143,252,0,True,0.64130815218199111,0.61611403245377772,20230214,0.62871109231788447,262
20230221,-9.8668978226202527e-05,0,3306.1973486949073,0.65000000000000002,-0.0046501709529609414,True,0.51923039593495279,300,platt,300,0,-0.0032940308829995202,0.029953871633515251,252,0,False,0,0,0,0,0
20230222,7.647680793789911e-05,1,3291.3993964705483,0.65000000000000002,-0.0011153252101083755,False,0.52253115558447416,300,platt,300,0,0.0025531526900292099,0.029953871633515251,252,0,False,0.44301866634418613,0.37459717843717621,20230214,0.4088079223906812,262
20230223,-0.00012081271601788202,0,3287.0798309747834,0.64166666666666672,-0.0061802105383550465,True,0.52287334848089928,300,platt,300,0,-0.00403329217324632,0.029953871633515251,252,0,False,0,0,0,0,0
20230224,-0.00025830235696645696,0,3266.3157849489044,0.64166666666666672,-0.002793037634493345,True,0.52616354921113373,300,platt,300,0,-0.0043610136317418198,0.059229889832582143,252,0,False,0,0,0,0,0
20230227,-0.00024715916666719046,0,3257.2291469327229,0.64384317470746633,0.0066208324872198965,False,0.52928673022736461,300,platt,300,0,-0.0031585428450588682,0.07825100965587313,252,0,True,0.62841877770983268,0.65926757170509998,20230222,0.64384317470746633,265
20230228,-0.00033851066908453749,0,3278.495118615564,0.65000000000000002,0.0099836709008855884,False,0.52546902658241412,300,platt,300,0,-0.0043259591227412433,0.07825100965587313,252,0,False,0,0,0,0,0
20230301,0.00042284946319825378,1,3313.7484244891557,0.65000000000000002,-0.0005114801048368145,False,0.52549171854405263,300,platt,300,0,0.005403757281316009,0.07825100965587313,252,0,False,0.49414977321455611,0.41388629906539975,20230222,0.45401803613997793,265
20230302,-0.0001059010163432244,0,3310.3029984189998,0.64166666666666672,0.0053581866734713213,False,0.52609508272404593,300,platt,300,0,-0.001787965782860002,0.059229889832582143,252,0,False,0,0,0,0,0
20230303,-0.00027252516310638248,0,3327.4856292365503,0.79000581015206417,-0.0019128752445586317,True,0.50865118804915199,300,platt,300,0,-0.0034827047510936249,0.07825100965587313,252,0,True,0.78498304099477945,0.79502857930934878,20230222,0.79000581015206417,265
20230306,-0.00023747806303895053,0,3321.236991723903,0.6333333333333333,-0.011115837477365775,True,0.52680419385561139,300,platt,300,0,-0.0030348242672307373,0.07825100965587313,252,0,False,0,0,0,0,0
20230307,-0.00057676095817110718,0,3283.2040832684256,0.64166666666666672,-0.00056342293266808952,True,0.52944291703391189,300,platt,300,0,-0.007370651966122182,0.07825100965587313,252,0,False,0,0,0,0,0
20230308,-0.00019265723491299473,0,3282.6153585380521,0.64166666666666672,-0.0021790008607025513,True,0.53275662697128867,300,platt,300,0,-0.0024620415220231581,0.07825100965587313,252,0,False,0,0,0,0,0
20230309,0.00028734952803234376,1,3277.0350839784851,0.64166666666666672,-0.014046332069195699,False,0.53608073040127391,300,platt,300,0,0.0036721510597247193,0.07825100965587313,252,0,False,0.46608464115629283,0.41280145974759686,20230303,0.43944305045194487,268
20230310,-0.00038872578462643449,0,3228.8209859392614,0.6333333333333333,0.011956032250133086,False,0.53693530905060982,300,platt,300,0,-0.0041926069796689803,0.092716962622889504,252,0,False,0,0,0,0,0
20230313,-0.00040344908172907637,0,3267.3767478020727,0.69798376355932223,-0.0071536795030310296,True,0.52794773654932858,300,platt,300,0,-0.0051558322825908161,0.07825100965587313,252,0,True,0.70224602419446425,0.69372150292418022,20230303,0.69798376355932223,268
20230314,-0.00053414712446991583,0,3243.5788257669483,0.67500000000000004,0.0055472319258766944,False,0.53048492429364691,300,platt,300,0,-0.0057610507221043088,0.092716962622889504,252,0,False,0,0,0,0,0
20230315,-0.00016176081959152011,0,3262.786923523367,0.59999999999999998,-0.011161534277967955,True,0.53638966383132569,300,platt,300,0,-0.0020672042482633851,0.07825100965587313,252,0,False,0,0,0,0,0
20230316,0.00032917699235223655,1,3227.9534183398637,0.59999999999999998,0.0073305229503863867,True,0.53628322225948666,300,platt,300,0,0.0042066804479567524,0.07825100965587313,252,0,False,0.55477727232968721,0.4850681094518387,20230313,0.51992269089076293,270
20230317,0.00047167348706493356,1,3252.0791963666848,0.66666666666666674,-0.0048101765057315671,False,0.53096546558970514,300,platt,300,0,0.0050872404975493574,0.092716962622889504,252,0,False,0.55420400888231325,0.49254800196656062,20230313,0.52337600542443696,270
20230320,0.00036561796700758587,1,3236.0930413273377,0.66666666666666674,0.0064113678824417875,True,0.53068519377270307,300,platt,300,0,0.0046723737957564413,0.07825100965587313,252,0,False,0.52880049605765755,0.52073516180541835,20230313,0.52476782893153795,270
20230321,-0.00021457566727372797,0,3254.9519166215528,0.73333333333333339,0.0031013771287795588,False,0.52592963140194326,300,platt,300,0,-0.0023143086356967714,0.092716962622889504,252,0,False,0,0,0,0,0
20230322,0.00023569379270358331,1,3266.5172164142868,0.66666666666666674,0.0064002498662252272,True,0.52767411311114976,300,platt,300,0,0.0030120223846324943,0.07825100965587313,252,0,False,0.53595555966363706,0.52492604382983055,20230313,0.5304408017467338,270
20230323,-0.00040014946403247714,0,3285.3339491241722,0.64755874045219164,-0.0063880868815597847,True,0.53251843286373979,300,platt,300,0,-0.0042662883958855431,0.093793346089398419,252,0,True,0.65688024449079885,0.63823723641358454,20230322,0.64755874045219164,274
20230324,-0.00026258848469890478,0,3264.7961769433655,0.625,-0.0043656190489517188,True,0.53790486068669907,300,platt,300,0,-0.00279964939568976,0.093793346089398419,252,0,False,0,0,0,0,0
20230327,-0.00038220670042737127,0,3250.1543942426301,0.65000000000000002,-0.0018518500862290121,True,0.53568476061326975,300,platt,300,0,-0.0041222953126919407,0.092716962622889504,252,0,False,0,0,0,0,0
20230328,-0.00022534250184717521,0,3244.6446788527255,0.63805944054951469,-0.0016390088544441239,True,0.54007483064260065,300,platt,300,0,-0.0028797392243010136,0.07825100965587313,252,0,True,0.6107552791412113,0.66536360195781807,20230322,0.63805944054951469,274
20230329,-0.00030212922458711463,0,3239.0778841513975,0.73627712462862249,0.0065405334869439447,False,0.53166174880057526,300,platt,300,0,-0.003221222370072419,0.093793346089398419,252,0,True,0.72647325979891497,0.74608098945833001,20230322,0.73627712462862249,274
20230330,-0.0006222366107647893,0,3259.2192317864983,0.64166666666666672,0.0035605075786160345,False,0.53650069435358261,300,platt,300,0,-0.0054791439475243729,0.11356456715212471,252,0,False,0,0,0,0,0
20230331,-0.00026660639037959097,0,3271.987634555861,0.67500000000000004,0.007191202361775284,False,0.53049657563640495,300,platt,300,0,-0.0023476194826019992,0.11356456715212471,252,0,False,0,0,0,0,0
20230403,-0.00033652935387111342,0,3295.286665984017,0.61297877974104087,0.0049028696794923832,False,0.53214728295176028,300,platt,300,0,-0.0029633305731735643,0.11356456715212471,252,0,True,0.61053668164438157,0.61542087783770028,20230329,0.61297877974104087,277
20230404,-0.00032285043760156676,0,3311.4883392646893,0.72744361027715088,2.1192083048404697e-05,False,0.5207254404379924,300,platt,300,0,-0.0027279105192924559,0.11835081661157464,252,0,True,0.72161291704451846,0.7332743035097834,20230329,0.72744361027715088,277
20230406,-0.00027628210191338131,0,3311.7127801733031,0.59999999999999998,0.0045334701028911795,False,0.52628492635158663,300,platt,300,0,-0.002334433422797026,0.11835081661157464,252,0,False,0,0,0,0,0
20230407,-0.0002971958558719627,0,3326.6567374881497,0.68909509944445735,-0.0036926707672033654,True,0.52012969341705428,300,platt,300,0,-0.0026169769614307237,0.11356456715212471,252,0,True,0.67364857777286202,0.70454162111605256,20230329,0.68909509944445735,277
20230410,-0.00032667466435494849,0,3314.2747566034686,0.60178154386870419,-0.000539097167732705,True,0.52616174324957288,300,platt,300,0,-0.0028765544795090309,0.11356456715212471,252,0,True,0.59195857806725027,0.61160450967015823,20230329,0.60178154386870419,277
20230411,-0.00028548734363201505,0,3312.6245175600175,0.59999999999999998,0.0041076838413427463,False,0.52618608925251409,300,platt,300,0,-0.0024122127063050157,0.11835081661157464,252,0,False,0,0,0,0,0
20230412,0.00020936656864260425,1,3327.8782005948428,0.65000000000000002,-0.0026502310544155305,False,0.51946101974118475,300,platt,300,0,0.001949422246714363,0.10739929176220253,252,0,False,0.54280419858732942,0.5162184752198351,20230410,0.52951133690358221,281
20230413,-0.00034570184454866724,0,3317.2166355134568,0.59999999999999998,0.0059633907529970109,False,0.51892206056197721,300,platt,300,0,-0.003218846594576255,0.10739929176220253,252,0,False,0,0,0,0,0
20230414,-0.00027396550197530695,0,3337.2379613746675,0.76296801046116225,0.014216546428001742,False,0.51006358663999796,300,platt,300,0,-0.0029548584662939734,0.092716962622889504,252,0,True,0.76391942437732574,0.76201659654499887,20230410,0.76296801046116225,281
20230417,-0.00057167991857477219,0,3383.6740150367141,0.64910788455572832,0.0022807414735810383,False,0.51620327960564383,300,platt,300,0,-0.0061658611585453157,0.092716962622889504,252,0,True,0.66820170492239739,0.63001406418905914,20230410,0.64910788455572832,281
20230418,-0.00023559810575991998,0,3392.531737597064,0.74576681858281013,-0.0068377940826996886,True,0.50748095423248663,300,platt,300,0,-0.0025410464179912284,0.092716962622889504,252,0,True,0.75133663634641834,0.74019700081920203,20230410,0.74576681858281013,281
20230419,0.00035277167147010569,1,3371.3171857934599,0.64166666666666672,-0.00091904512952811768,False,0.51332369706051828,300,platt,300,0,0.0038048234270242928,0.092716962622889504,252,0,False,0.55564028898583095,0.5051328252209949,20230418,0.53038655710341298,285
20230420,-0.00026833056877113983,0,3366.1275226567,0.6809407863311685,-0.019534569179790684,True,0.5079932201749493,300,platt,300,0,-0.0034291004033198476,0.07825100965587313,252,0,True,0.70364887406344645,0.65823269859889044,20230418,0.6809407863311685,285
20230421,-0.00066513683392736009,0,3299.0617120384713,0.66666666666666674,-0.0078286834638013891,True,0.51258308612997139,300,platt,300,0,-0.0085000415566834579,0.07825100965587313,252,0,False,0,0,0,0,0
20230424,-0.00037679141664073414,0,3274.1788524956464,0.66666666666666674,-0.0032183117060351485,True,0.51241073745183952,300,platt,300,0,-0.0048151636419486643,0.07825100965587313,252,0,False,0,0,0,0,0
20230425,-0.00057120906233226602,0,3263.0067756976082,0.57264190380899627,-0.00023618079693599192,True,0.51855929165600312,300,platt,300,0,-0.0074725094671045785,0.076441396942598466,252,0,True,0.59918984595363545,0.54609396166435709,20230418,0.57264190380899627,285
20230426,0.00028446693520802499,1,3265.0291286938927,0.59999999999999998,0.0066737526410796111,True,0.51795918542308117,300,platt,300,0,0.0048027598229895873,0.059229889832582143,252,0,False,0.44324451189238517,0.39957317793154706,20230425,0.42140884491196612,288
20230427,0.00034356630395937618,1,3287.013319158546,0.59999999999999998,0.011379036949687116,True,0.51796576033037856,300,platt,300,0,0.0058005561876021189,0.059229889832582143,252,0,False,0.52140308358259191,0.48270130952149293,20230425,0.50205219655204236,288
20230428,0.00039635722107126233,1,3324.5918038853129,0.66666666666666674,0.0081799138716975861,True,0.5158961637304742,300,platt,300,0,0.0051851122156872107,0.076441396942598466,252,0,False,0.49143456759489468,0.44232682461496314,20230425,0.46688069610492888,288
20230504,-0.00047750052539113035,0,3348.858854210449,0.66666666666666674,-0.0047623031437455943,True,0.5161817514941236,300,platt,300,0,-0.0062466221771129591,0.076441396942598466,252,0,False,0,0,0,0,0
20230505,0.00040548299422223051,1,3335.8548841795864,0.66666666666666674,0.018143874403104387,True,0.51638405204950932,300,platt,300,0,0.0053044948213952269,0.076441396942598466,252,0,False,0.54510277710332378,0.50306648958055722,20230425,0.52408463334194044,288
20230508,-0.00056174163782336502,0,3393.0964851173198,0.73333333333333339,-0.010996424274778316,True,0.51862340171723131,300,platt,300,0,-0.0071787142465477892,0.07825100965587313,252,0,False,0,0,0,0,0
20230509,-0.00058905964698573957,0,3355.6928316827639,0.73333333333333339,-0.011472268558081145,True,0.52237014049093344,300,platt,300,0,-0.0077060293315685665,0.076441396942598466,252,0,False,0,0,0,0,0
20230510,-0.00042173735563478225,0,3317.7507902030025,0.58146590566517653,-0.0028921254733063062,True,0.52707990825062423,300,platt,300,0,-0.0055171330261203121,0.076441396942598466,252,0,True,0.59689548173158069,0.56603632959877237,20230505,0.58146590566517653,292
20230511,0.00038228595899106901,1,3310.8163949543218,0.80000000000000004,-0.011236961676253876,False,0.5279337345314411,300,platt,300,0,0.0032301083333098157,0.11835081661157464,252,0,False,0.47126781873273732,0.44478881298989875,20230505,0.45802831586131804,292
20230512,-0.00047083226921491259,0,3270.8211664209302,0.80000000000000004,0.01172694254874429,False,0.52487172704185914,300,platt,300,0,-0.0060169481682793118,0.07825100965587313,252,0,False,0,0,0,0,0
20230515,-0.0010046495576170413,0,3307.4105698389585,0.59999999999999998,-0.005965228222467811,True,0.53200451199109322,300,platt,300,0,-0.0093543406211791403,0.10739929176220253,252,0,False,0,0,0,0,0
20230516,0.00053697333865862778,1,3292.7545724916617,0.59999999999999998,-0.0020526970112374476,False,0.53577228522803821,300,platt,300,0,0.0044398969093834527,0.12094274926153516,252,0,False,0.37180035754239604,0.3082208791291971,20230505,0.3400106183357966,292
20230517,0.00056637729504734036,1,3286.0921144364675,0.59999999999999998,0.0039850717001721492,True,0.531992885695171,300,platt,300,0,0.0035978296496353107,0.15742193216534042,252,0,False,0.40371325865559732,0.37547462966417655,20230516,0.38959394415988691,295
20230518,-0.00058504540122210401,0,3295.3908181561469,0.60833333333333328,-0.0041786057822292832,True,0.5317266853901238,300,platt,300,0,-0.0037164160874841134,0.15742193216534042,252,0,False,0,0,0,0,0
20230519,0.00080340481613028084,1,3286.1797132157449,0.60833333333333328,0.0039371816109414759,True,0.53510054739014878,300,platt,300,0,0.0042868667487501004,0.18741072751200522,252,0,False,0.47805294256730002,0.47509546136187303,20230516,0.47657420196458655,295
20230522,-0.00077977346364664353,0,3293.8991004822019,0.60833333333333328,-0.015237998857929758,True,0.53510054739014878,300,platt,300,0,-0.0040040383479994579,0.19474675212245221,252,0,False,0,0,0,0,0
20230523,0.0013157094816745572,1,3250.5091061163716,0.60833333333333328,-0.012780517016928394,False,0.5384634924573608,300,platt,300,0,0.006608951579866908,0.19907990938875259,252,0,False,0.46124066186099461,0.43808366151318662,20230516,0.44966216168709061,295
20230524,-0.0008532667930534688,0,3202.0148937569224,0.60833333333333328,-0.0010886654663232465,True,0.53489624844066852,300,platt,300,0,-0.0042860517451173592,0.19907990938875259,252,0,False,0,0,0,0,0
20230525,-0.00098675266649206296,0,3198.1016476654891,0.60833333333333328,0.0035121477930333267,False,0.53845543475374213,300,platt,300,0,-0.0049565657806543663,0.19907990938875259,252,0,False,0,0,0,0,0
20230526,-0.0010457979171860706,0,3209.1441702170077,0.59999999999999998,0.0027843079905462975,False,0.53526463391640311,300,platt,300,0,-0.0052531564857400672,0.19907990938875259,252,0,False,0,0,0,0,0
20230529,-0.00055988650524784562,0,3219.6447545134879,0.59999999999999998,0.0008582785308619556,False,0.53159721290531481,300,platt,300,0,-0.0028123707056472947,0.19907990938875259,252,0,False,0,0,0,0,0
20230530,-0.0011035982472377697,0,3220.655063853399,0.66666666666666663,-0.0060941687697894098,True,0.52907899367109346,300,platt,300,0,-0.0056167143202933215,0.19648466777995865,252,0,False,0,0,0,0,0
20230531,-0.00065660717515458173,0,3202.4602600217154,0.62377563400535885,2.187504797834805e-05,False,0.53071150083006369,300,platt,300,0,-0.003341773088829048,0.19648466777995865,252,0,True,0.61744708598554598,0.63010418202517182,20230523,0.62377563400535885,298
20230601,-0.00089544559164123278,0,3201.7649241641539,0.68333333333333335,0.0079366617316265486,False,0.52867130257415007,300,platt,300,0,-0.0045573306139287872,0.19648466777995865,252,0,False,0,0,0,0,0
20230602,-0.0005547094893406648,0,3228.2768502963586,0.62625435949506403,0.00073447356505051964,False,0.52728560972484018,300,platt,300,0,-0.0028231693373748572,0.19648466777995865,252,0,True,0.61769760935517226,0.63481110963495568,20230523,0.62625435949506403,298
20230605,0.00056741827824196395,1,3234.2751461067387,0.5714285714285714,-0.011477579946548078,False,0.52882966434969292,300,platt,300,0,0.0028502036191604845,0.19907990938875259,252,0,False,0.48673325047260768,0.52490293509765051,20230523,0.50581809278512913,298
20230606,0.0014567043739011274,1,3199.9950663367831,0.5714285714285714,0.00075682077565186745,True,0.5250987908484287,300,platt,300,0,0.0074799931604773856,0.19474675212245221,252,0,False,0.51444512160788269,0.55394696267324517,20230523,0.53419604214056393,298
20230607,-0.0003448891176281934,0,3196.6558278235689,0.59183673469387754,0.0049493415497550153,False,0.52504182236631802,300,platt,300,0,-0.0028516725453493767,0.12094274926153516,252,0,False,0,0,0,0,0
20230608,-0.0010743730851018036,0,3210.1329102321265,0.5714285714285714,0.0055452079927544862,False,0.52218408868057775,300,platt,300,0,-0.0057327192491314627,0.18741072751200522,252,0,False,0,0,0,0,0
20230609,-0.00037854526719435192,0,3230.182266741589,0.55102040816326525,-0.00079590753930447455,True,0.52099735951616666,300,platt,300,0,-0.0031985015231177577,0.11835081661157464,252,0,False,0,0,0,0,0
20230612,-0.00068266709251991596,0,3226.6293815540571,0.5714285714285714,0.0014989313788111858,False,0.52446226003381069,300,platt,300,0,-0.0036426254867197262,0.18741072751200522,252,0,False,0,0,0,0,0
20230613,-0.00047191327869959175,0,3232.1473865835628,0.60872491989612942,-0.0014487239187482848,True,0.52364782390746223,300,platt,300,0,-0.0025180697229264092,0.18741072751200522,252,0,True,0.63474388743563626,0.58270595235662259,20230606,0.60872491989612942,302
20230614,-0.00052062342440945941,0,3227.3076128456264,0.5714285714285714,0.0074284558505888221,False,0.52396250807868749,300,platt,300,0,-0.0027779809156127902,0.18741072751200522,252,0,False,0,0,0,0,0
20230615,-0.00036073157284136959,0,3251.8016491757635,0.59999999999999998,0.0062585784932691624,False,0.52350106857885181,300,platt,300,0,-0.0030479854991223632,0.11835081661157464,252,0,False,0,0,0,0,0
20230616,-0.00028741189629613676,0,3272.3933048391082,0.59183673469387754,-0.0053549070961012024,True,0.52352384404053598,300,platt,300,0,-0.002676106067184391,0.10739929176220253,252,0,False,0,0,0,0,0
20230619,-0.0002660548606953409,0,3254.9394770680356,0.61224489795918369,-0.0047425741652826758,True,0.5234519920381161,300,platt,300,0,-0.0024772496757653169,0.10739929176220253,252,0,False,0,0,0,0,0
20230620,-0.00022882859453185047,0,3239.6233118770451,0.61210198969623986,-0.013104604765488026,True,0.52343470131750569,300,platt,300,0,-0.0019334771071572916,0.11835081661157464,252,0,True,0.59964216386390445,0.62456181552857515,20230613,0.61210198969623986,303
20230621,0.00052998105289912335,1,3199.5959269920454,0.59183673469387754,-0.014785385326644418,False,0.52353386160786164,300,platt,300,0,0.0049346792162519807,0.10739929176220253,252,0,False,0.50673746937936903,0.52121907682446311,20230613,0.51397827310191602,303
20230626,-0.00056728753386260135,0,3148.8315931740781,0.56644676802315796,0.012322594776537521,False,0.51928086289880682,300,platt,300,0,-0.0047932709727253452,0.11835081661157464,252,0,True,0.56133786990076584,0.57155566614555009,20230613,0.56644676802315796,303
20230627,0.00064016548609611046,1,3191.4844711364212,0.5714285714285714,-2.0975451291316283e-05,False,0.51938640622915555,300,platt,300,0,0.0059606118028555427,0.10739929176220253,252,0,False,0.46424314625639584,0.4646409820138106,20230613,0.46444206413510325,303
20230628,-0.00035833965425337522,0,3188.2329201785437,0.5714285714285714,-0.0021930937081795499,True,0.5162038456477801,300,platt,300,0,-0.0045793614143671314,0.07825100965587313,252,0,False,0,0,0,0,0
20230629,-0.00022516695941703557,0,3181.6646329014902,0.59183673469387754,0.0061843942517005868,False,0.51958815757168908,300,platt,300,0,-0.0022254242623747128,0.10117934059762775,252,0,False,0,0,0,0,0
20230630,0.00045318716930156406,1,3203.5134335496646,0.59183673469387754,0.013089283116071826,True,0.51962998747110301,300,platt,300,0,0.0044790484561844385,0.10117934059762775,252,0,False,0.34079338154997818,0.29419348755150626,20230627,0.31749343455074219,307
20230703,-0.00051211685216698158,0,3242.3137057344916,0.59183673469387754,0.00042361608828689334,False,0.51958485783783848,300,platt,300,0,-0.0047683447792270534,0.10739929176220253,252,0,False,0,0,0,0,0
20230704,-0.00017570720826613645,0,3244.7789687522195,0.58000000000000007,-0.0069028935314573436,True,0.51627031669263379,300,platt,300,0,-0.0016360183143030167,0.10739929176220253,252,0,False,0,0,0,0,0
20230705,-0.00035006589721202943,0,3221.818656201785,0.58823529411764708,-0.0053901291392669526,True,0.51629174380591947,300,platt,300,0,-0.0029578663437611905,0.11835081661157464,252,0,False,0,0,0,0,0
20230706,0.00040860942885701879,1,3206.8846280881867,0.59615384615384615,-0.0027968774898030624,False,0.51632947005080987,300,platt,300,0,0.0038045821546173579,0.10739929176220253,252,0,False,0.51352554402411377,0.52240796936689027,20230627,0.51796675669550196,307
20230707,0.00029617432821404585,1,3197.5559535823722,0.58490566037735847,0.002216911594948856,True,0.5130364190233182,300,platt,300,0,0.0029272213721166511,0.10117934059762775,252,0,False,0.5222792178652701,0.49550019829413361,20230706,0.50888970807970191,309
20230710,0.00030899211357148849,1,3204.6857167364819,0.59259259259259256,0.0055157546481161557,True,0.51305882684997506,300,platt,300,0,0.0030539051919728872,0.10117934059762775,252,0,False,0.56219756190139558,0.52136773135158576,20230706,0.54178264662649067,309
20230711,-0.00027490951136377689,0,3220.4810156820704,0.59999999999999998,-0.0078329799532905753,True,0.51308345473081418,300,platt,300,0,-0.0027170518184838066,0.10117934059762775,252,0,False,0,0,0,0,0
20230712,-0.00042667886350797053,0,3194.7699773052641,0.59999999999999998,0.012623470663946312,False,0.51675018712724241,300,platt,300,0,-0.0039728275345865304,0.10739929176220253,252,0,False,0,0,0,0,0
20230713,-0.00046133204884693372,0,3234.9869080505478,0.56130034552456665,0.0003773235119635121,False,0.51285756441315788,300,platt,300,0,-0.0045595478891443785,0.10117934059762775,252,0,True,0.57251143304427476,0.55008925800485864,20230706,0.56130034552456665,309
20230714,-0.00018503118760648679,0,3237.102124301849,0.59999999999999998,-0.0086701638804717041,True,0.50988002661663523,300,platt,300,0,-0.0018287447468384177,0.10117934059762775,252,0,False,0,0,0,0,0
20230717,-0.00030016923191386727,0,3208.6663678882064,0.61818181818181817,-0.0036794586092141479,True,0.51323253392456447,300,platt,300,0,-0.0029667047654282205,0.10117934059762775,252,0,False,0,0,0,0,0
20230718,-0.00027988675103354901,0,3196.9250725218212,0.63636363636363635,0.00031762262048440348,False,0.51333896917866928,300,platt,300,0,-0.0026060390756883064,0.10739929176220253,252,0,False,0,0,0,0,0
20230719,-0.00029688638987226571,0,3197.8861091875438,0.5673168828572781,-0.0091638964400735379,True,0.5097053261697474,300,platt,300,0,-0.0029342589911998942,0.10117934059762775,252,0,True,0.58910162064233118,0.54553214507222514,20230713,0.5673168828572781,312
20230720,0.00057010687554252359,1,3171.3289662843836,0.61818181818181817,-0.00056058926235569295,False,0.51318720095256987,300,platt,300,0,0.0056346174246157356,0.10117934059762775,252,0,False,0.52464424986714731,0.53977609429872719,20230713,0.53221017208293731,312
20230721,0.00037102420796653274,1,3168.9205101538701,0.61818181818181817,-0.0011315304021294326,False,0.50990737377756667,300,platt,300,0,0.0036669957105376883,0.10117934059762775,252,0,False,0.44569484539907472,0.38599595327898845,20230713,0.41584539933903159,312
20230724,-0.0002736744594895205,0,3163.2948500033222,0.59999999999999998,0.021288583058104882,False,0.50983547839927168,300,platt,300,0,-0.0035801865276615589,0.076441396942598466,252,0,False,0,0,0,0,0
20230725,0.00029497844166505858,1,3232.4745291172812,0.58181818181818179,-0.0026282976999099095,False,0.50976913511579225,300,platt,300,0,0.0038588834514178801,0.076441396942598466,252,0,False,0.42521564566706654,0.35867529822489952,20230713,0.39194547194598306,312
20230726,-0.00016646246972764733,0,3222.4913868157651,0.56363636363636371,-0.0019723689019259805,True,0.50970744791266864,300,platt,300,0,-0.0021776481904516695,0.076441396942598466,252,0,False,0,0,0,0,0
20230727,0.00034408056915545153,1,3217.7776939540581,0.56363636363636371,0.01842115710376202,True,0.50967654349333869,300,platt,300,0,0.0045012334012397657,0.076441396942598466,252,0,False,0.47290903931864114,0.42118498805063431,20230725,0.44704701368463773,316
20230728,0.0007634820754631133,1,3278.4268105524989,0.625,0.00461368827748454,True,0.50992131883590763,300,platt,300,0,0.009987809040648863,0.076441396942598466,252,0,False,0.55893347602940791,0.53137207215427429,20230725,0.54515277409184115,316
20230731,0.00039400400384236506,1,3292.3364828580047,0.6333333333333333,-2.7498907791967397e-05,False,0.51325545549277329,300,platt,300,0,0.0051543276235287974,0.076441396942598466,252,0,False,0.4069312064783282,0.40473822591407638,20230725,0.40583471619620226,316
20230801,-0.0002460602332690384,0,3290.1395282475655,0.58320108414827265,-0.008890747724372372,True,0.51295908160606507,300,platt,300,0,-0.0032189395158988324,0.076441396942598466,252,0,True,0.59144043081048836,0.57496173748605695,20230725,0.58320108414827265,316
20230802,-0.00037241860893696879,0,3260.4755858356907,0.625,0.0057553900810263237,False,0.51681348085024037,300,platt,300,0,-0.0048719492818351572,0.076441396942598466,252,0,False,0,0,0,0,0
20230803,-0.00032223977627371717,0,3279.4055044657016,0.63055293351096076,0.0023233308619339255,False,0.51343627225455357,300,platt,300,0,-0.0042155139644516719,0.076441396942598466,252,0,True,0.63414998534096256,0.62695588168095906,20230801,0.63055293351096076,320
20230804,-0.00031884369897949887,0,3287.0358150711158,0.59776593261313438,-0.0058554157463485135,True,0.5137373799320043,300,platt,300,0,-0.0041710867636148207,0.076441396942598466,252,0,True,0.57818528787464052,0.61734657735162823,20230801,0.59776593261313438,320
20230807,-0.00017558059247978623,0,3268.2571566987453,0.66666666666666674,-0.0025120600449499708,True,0.51612925769187923,300,platt,300,0,-0.0022969307142782017,0.076441396942598466,252,0,False,0,0,0,0,0
20230808,-0.00026865776137568494,0,3259.7436092375665,0.64946292510912629,-0.0049478019453725874,True,0.51647898378786916,300,platt,300,0,-0.0035145584999895538,0.076441396942598466,252,0,True,0.63799440468588797,0.6609314455323646,20230801,0.64946292510912629,320
20230809,-0.00016261020837257561,0,3243.9591133416507,0.5984028629452437,0.0031046513459278557,False,0.51714199027278818,300,platt,300,0,-0.0021272532276546859,0.076441396942598466,252,0,True,0.594598688532884,0.60220703735760339,20230801,0.5984028629452437,320
20230810,-0.00022063310201177904,0,3253.8416363977062,0.66257619694974923,-0.020067752943662365,True,0.51648839413445258,300,platt,300,0,-0.0028863038986252083,0.076441396942598466,252,0,True,0.65516409100661455,0.66998830289288391,20230809,0.66257619694974923,324
20230811,-0.00064109913305211393,0,3187.2033758721118,0.625,-0.0033929001444854556,True,0.51674181603534497,300,platt,300,0,-0.008386805562089995,0.076441396942598466,252,0,False,0,0,0,0,0
20230814,-0.00051430288418010306,0,3176.7925257238835,0.60833333333333328,-0.00070833775900236429,True,0.52034697490936399,300,platt,300,0,-0.005083081992255655,0.10117934059762775,252,0,False,0,0,0,0,0
20230815,-0.0005151509583423661,0,3174.5395899927662,0.6333333333333333,-0.0082010888691992356,True,0.52012064805648583,300,platt,300,0,-0.005091463882839777,0.10117934059762775,252,0,False,0,0,0,0,0
20230816,-0.00027148016169926048,0,3149.2725028226305,0.66666666666666663,0.0043209676864846003,False,0.51984876601586527,300,platt,300,0,-0.0035514809063879474,0.076441396942598466,252,0,False,0,0,0,0,0
20230817,-0.0005849534949177224,0,3161.8886596394568,0.65833333333333333,-0.010047066773169355,True,0.51958697749742533,300,platt,300,0,-0.005781353104918706,0.10117934059762775,252,0,False,0,0,0,0,0
20230818,0.00063055411562186621,1,3133.9278658540843,0.65833333333333333,-0.012444407690664572,False,0.51964723883719355,300,platt,300,0,0.0062320441297346249,0.10117934059762775,252,0,False,0.3663905114773241,0.31660576576331256,20230810,0.3414981386203183,325
20230821,-0.00056832470800213363,0,3091.2198843517904,0.625,0.0088445836515407272,False,0.52027113972128747,300,platt,300,0,-0.0056170034776393731,0.10117934059762775,252,0,False,0,0,0,0,0
20230822,-0.00070121000576062046,0,3118.145790718127,0.6166666666666667,-0.013438209719742189,True,0.52044178848621248,300,platt,300,0,-0.0069303674210450536,0.10117934059762775,252,0,False,0,0,0,0,0
20230823,0.00061687482854102453,1,3080.3010887676178,0.625,0.0012479851153948118,True,0.5202940141156629,300,platt,300,0,0.005212256629927592,0.11835081661157464,252,0,False,0.49889193733441134,0.51409704629161757,20230810,0.50649449181301442,325
20230824,-0.00052798015066334231,0,3080.6165364012968,0.65742782979737346,-0.0058947963203040965,True,0.51959315930588867,300,platt,300,0,-0.0044611449737281001,0.11835081661157464,252,0,True,0.67008668251519576,0.64476897707955105,20230810,0.65742782979737346,325
20230825,-0.00051199992802410175,0,3062.5058939741398,0.6166666666666667,0.01127962056538645,False,0.52044489700861152,300,platt,300,0,-0.0043261207880337391,0.11835081661157464,252,0,False,0,0,0,0,0
20230828,-0.0017587417573423105,0,3093.1865989483731,0.74376908491101967,0.012021546381548509,False,0.51459917257542476,300,platt,300,0,-0.017382419641738069,0.10117934059762775,252,0,True,0.75081281408767542,0.73672535573436404,20230824,0.74376908491101967,328
20230829,-0.00056207544224691974,0,3134.124095096261,0.6166666666666667,0.00039886645139319832,False,0.51730107265938374,300,platt,300,0,-0.0073530242084533671,0.076441396942598466,252,0,False,0,0,0,0,0
20230830,-0.00027174101956085948,0,3136.2850110572472,0.60833333333333328,-0.0055021815269492569,True,0.51418743974337089,300,platt,300,0,-0.0035548934272474878,0.076441396942598466,252,0,False,0,0,0,0,0
20230831,-0.00026586045542017686,0,3119.0469482394415,0.60833333333333328,0.0042855223367181949,False,0.51753439998584971,300,platt,300,0,-0.0034779643760280486,0.076441396942598466,252,0,False,0,0,0,0,0
20230901,-0.00020915707148421985,0,3132.5913592959905,0.60833333333333328,0.013983450457316415,False,0.51416918181245952,300,platt,300,0,-0.0027361754213005881,0.076441396942598466,252,0,False,0,0,0,0,0
20230904,-0.00033879836992464524,0,3175.9839171492076,0.60833333333333328,-0.00714213702522426,True,0.5108002545113749,300,platt,300,0,-0.004432132110027456,0.076441396942598466,252,0,False,0,0,0,0,0
20230905,0.00019569173163444989,1,3154.986583990531,0.59999999999999998,0.0011753855200151708,True,0.51435429448638847,300,platt,300,0,0.0025600229648000696,0.076441396942598466,252,0,False,0.48241757301587118,0.54184926309907044,20230828,0.51213341805747081,329
20230906,-0.00025066185041488327,0,3157.2852906004937,0.59166666666666667,-0.011312137459350669,True,0.51485168612923393,300,platt,300,0,-0.0032791374888545117,0.076441396942598466,252,0,False,0,0,0,0,0
20230907,0.00042044272045321497,1,3123.6650702952256,0.59166666666666667,-0.0018041525935430514,False,0.51827973716857911,300,platt,300,0,0.0041554206419000192,0.10117934059762775,252,0,False,0.45800492162250545,0.38704456499759127,20230828,0.42252474331004836,329
20230908,-0.00021508745758666464,0,3116.0487328127688,0.68333333333333335,0.008361324573651796,False,0.51532551386735281,300,platt,300,0,-0.0028137562392819503,0.076441396942598466,252,0,False,0,0,0,0,0
20230911,-0.00041254487015608698,0,3141.4824626455156,0.67500000000000004,-0.0018199497960245115,True,0.5154229643324012,300,platt,300,0,-0.0053968776952869665,0.076441396942598466,252,0,False,0,0,0,0,0
20230912,-0.00013210405706571415,0,3136.6448817392138,0.67500000000000004,-0.0044603555948081741,True,0.51556090759380335,300,platt,300,0,-0.0017281742923263687,0.076441396942598466,252,0,False,0,0,0,0,0
20230913,-0.00037003957314857245,0,3121.9112416574094,0.68333333333333335,0.0011156341223430566,False,0.51544624909086834,300,platt,300,0,-0.0048408269334277521,0.076441396942598466,252,0,False,0,0,0,0,0
20230914,-9.624037882833288e-05,0,3126.2501995377097,0.67630464619852115,-0.0028170657437840418,True,0.51203332218301134,300,platt,300,0,-0.0030449433283407431,0.031606623982974549,252,0,True,0.69776064703323348,0.65484864536380893,20230907,0.67630464619852115,331
20230915,-0.00034778296194700468,0,3116.6591019657571,0.59999999999999998,0.0026264188387024046,False,0.51446772521924777,300,platt,300,0,-0.0045496677959478236,0.076441396942598466,252,0,False,0,0,0,0,0
20230918,-0.00030324523108952729,0,3124.9839760586146,0.66666666666666663,-0.00031197096776158784,True,0.51259843774680613,300,platt,300,0,-0.0039670289034257292,0.076441396942598466,252,0,False,0,0,0,0,0
20230919,-0.00017672780233271064,0,3124.4044332700246,0.66666666666666663,-0.0052444886676350499,True,0.51265213613126615,300,platt,300,0,-0.0023119384182031556,0.076441396942598466,252,0,False,0,0,0,0,0
20230920,-0.00014494030293771761,0,3108.1173432268715,0.66666666666666663,-0.0076777798548328668,True,0.51616012306229531,300,platt,300,0,-0.0018430637156743885,0.078640961625509001,252,0,False,0,0,0,0,0
20230921,0.00029326973414224474,1,3085.6056494421782,0.6333333333333333,0.015473331126744538,True,0.51671356263089496,300,platt,300,0,0.0038365302816544219,0.076441396942598466,252,0,False,0.54008359170313258,0.47257920487002286,20230914,0.50633139828657769,332
20230922,-0.00055471428093829302,0,3130.6939954574173,0.6333333333333333,-0.0053710670011117845,True,0.51678443050632283,300,platt,300,0,-0.0070537576025565627,0.078640961625509001,252,0,False,0,0,0,0,0
20230925,-0.00025394713138317281,0,3114.815900514438,0.59999999999999998,-0.0042799042279754174,True,0.51633204582935621,300,platt,300,0,-0.0025098713816793434,0.10117934059762775,252,0,False,0,0,0,0,0
20230926,-0.00024127569864353836,0,3101.5240970110522,0.59166666666666667,0.0016255824842730249,False,0.51702961659772972,300,platt,300,0,-0.0023846340292238998,0.10117934059762775,252,0,False,0,0,0,0,0
20230927,-0.0002881430280466841,0,3106.4202486739191,0.60833333333333328,0.00101685840987642,False,0.51640486317240752,300,platt,300,0,-0.0028478444941895569,0.10117934059762775,252,0,False,0,0,0,0,0
20230928,-0.00016248717494511856,0,3109.9698876557663,0.59166666666666667,-0.0043571797532037104,True,0.51304039847457739,300,platt,300,0,-0.0021256437145848314,0.076441396942598466,252,0,False,0,0,0,0,0
20231009,-0.00031570016166874071,0,3095.9447010976446,0.59999999999999998,-0.0070025325787949066,True,0.51305932904321427,300,platt,300,0,-0.0041299632698471866,0.076441396942598466,252,0,False,0,0,0,0,0
20231010,-0.00037551189231704196,0,3074.0813122727677,0.59999999999999998,0.0012095006298864508,False,0.51688170380195475,300,platt,300,0,-0.0049124153578593305,0.076441396942598466,252,0,False,0,0,0,0,0
20231011,-0.00024156580728465902,0,3078.211829604892,0.59166666666666667,0.0094009475160994338,False,0.51301879312912313,300,platt,300,0,-0.0031601438088063216,0.076441396942598466,252,0,False,0,0,0,0,0
20231012,-0.00018504899456037207,0,3107.3255861002717,0.59999999999999998,-0.0063713747353640882,True,0.50982033276993333,300,platt,300,0,-0.0023530866196878647,0.078640961625509001,252,0,False,0,0,0,0,0
20231013,-0.00014616729597946769,0,3087.6477209048362,0.59166666666666667,-0.0046261792570062577,True,0.50975194944064495,300,platt,300,0,-0.0019121484146767745,0.076441396942598466,252,0,False,0,0,0,0,0
20231016,-0.00028495019894559097,0,3072.9371163741284,0.59999999999999998,0.0031502892336001675,False,0.51034717462186563,300,platt,300,0,-0.0037276948138397627,0.076441396942598466,252,0,False,0,0,0,0,0
20231017,-0.00019886054888557586,0,3082.8832142134092,0.59999999999999998,-0.0080384721707474904,True,0.50704337090357454,300,platt,300,0,-0.0026014771686459974,0.076441396942598466,252,0,False,0,0,0,0,0
20231018,-0.00020166586001698581,0,3058.0929626576408,0.6166666666666667,-0.017431009636808326,True,0.51025020762150486,300,platt,300,0,-0.0026381760156531566,0.076441396942598466,252,0,False,0,0,0,0,0
20231019,-0.00040493646704325184,0,3004.1764066145288,0.6166666666666667,-0.0074316061251747945,True,0.51355173315147562,300,platt,300,0,-0.0052973451982742748,0.076441396942598466,252,0,False,0,0,0,0,0
20231020,-0.00030901044395119891,0,2982.1367037685827,0.6166666666666667,-0.014671921452428904,True,0.51689242151759174,300,platt,300,0,-0.0040424489388026447,0.076441396942598466,252,0,False,0,0,0,0,0
20231023,0.00054157467454877346,1,2940.8831457292013,0.625,0.0078088211263716012,True,0.51685348218230243,300,platt,300,0,0.0070848348697166511,0.076441396942598466,252,0,False,0.54984989644825211,0.48338562098254789,20230921,0.51661775871539994,333
20231024,-0.00039241794909763013,0,2961.0812624025189,0.57901467615076951,0.0040070302115926548,False,0.51718259972441416,300,platt,300,0,-0.0049899942852471473,0.078640961625509001,252,0,True,0.59366863153518368,0.56436072076635524,20230921,0.57901467615076951,333
20231025,0.00022819815018410244,1,2974.7921871991375,0.625,0.0047697238185429036,True,0.51322613918461946,300,platt,300,0,0.0029017721231689663,0.078640961625509001,252,0,False,0.32440741301885856,0.24872696135623049,20230921,0.28656718718754454,333
20231026,0.00036884140762287633,1,2989.4014084833261,0.60833333333333328,0.0098668165490256587,True,0.51348559545098293,300,platt,300,0,0.0048251526316276964,0.076441396942598466,252,0,False,0.45706786009857769,0.41400608932805127,20230921,0.43553697471331448,333
20231027,0.00059479304836032359,1,3019.5791570636115,0.6333333333333333,0.0012489958692207814,True,0.51668845073103198,300,platt,300,0,0.0075633999898519653,0.078640961625509001,252,0,False,0.4011826790206886,0.40797422865819272,20230921,0.40457845383944069,333
20231030,0.00028101511762130849,1,3022.4025021840998,0.64166666666666672,-0.0009209832267071949,False,0.51666962600701982,300,platt,300,0,0.0035733937100046191,0.078640961625509001,252,0,False,0.38121382630313583,0.4129641008932104,20231027,0.39708896359817314,338
20231031,-0.00017768447850931594,0,3018.2342113201998,0.61098981885805792,0.0014263753595586959,False,0.51360814070541949,300,platt,300,0,-0.002259439290117733,0.078640961625509001,252,0,True,0.57452803323950441,0.64745160447661143,20231027,0.61098981885805792,338
20231101,0.00026407323834452427,1,3023.8748136011186,0.64166666666666672,-0.0045221151366827694,False,0.51332245036744895,300,platt,300,0,0.003357960443083723,0.078640961625509001,252,0,False,0.52630164483754738,0.56357886291730452,20231027,0.54494025387742595,338
20231102,-0.00031200734294465775,0,3008.4668432924996,0.57253092938152506,0.0071083467706483106,False,0.51360752399171283,300,platt,300,0,-0.0040816541222938527,0.076441396942598466,252,0,True,0.57395261341611725,0.57110924534693286,20231027,0.57253092938152506,338
20231103,-0.00030842876922309974,0,3029.8629147956249,0.5746423117509537,0.0091107367542213602,False,0.5129598963920653,300,platt,300,0,-0.0039219862378063013,0.078640961625509001,252,0,True,0.59113886700954921,0.5581457564923582,20231027,0.5746423117509537,338
20231106,0.00022204413656025902,1,3059.0896021187195,0.64166666666666672,-0.00037300421248231963,False,0.5134177411726194,300,platt,300,0,0.0029047629352848808,0.076441396942598466,252,0,False,0.50721978667521095,0.47196083442890041,20231103,0.48959031055205571,343
20231107,0.00023692993190217975,1,3057.9940587018277,0.6333333333333333,-0.0016017886809265303,False,0.51333345444782763,300,platt,300,0,0.003012805629596041,0.078640961625509001,252,0,False,0.47381860073984416,0.44328648611498445,20231103,0.45855254342741431,343
20231108,-0.00035439316701593775,0,3051.2908600073733,0.64166666666666672,0.00029701485329791666,False,0.51007469791152915,300,platt,300,0,-0.0035026238056373228,0.10117934059762775,252,0,False,0,0,0,0,0
20231109,-0.00018381053039172819,0,3052.717975130814,0.625,-0.0046865350538528583,True,0.5066997999808035,300,platt,300,0,-0.0024045940778627526,0.076441396942598466,252,0,False,0,0,0,0,0
20231110,-0.00017667443154743492,0,3038.4329917204277,0.64166666666666672,0.0024886722306791675,False,0.50672761487248352,300,platt,300,0,-0.0023112402260270525,0.076441396942598466,252,0,False,0,0,0,0,0
20231113,-0.00021958159589144813,0,3045.8639374438826,0.625,0.0031305750875034732,False,0.50668822233828459,300,platt,300,0,-0.002792203850928265,0.078640961625509001,252,0,False,0,0,0,0,0
20231114,-0.00016164459011947898,0,3055.57630276898,0.625,0.0054856395155571391,False,0.50655729639791236,300,platt,300,0,-0.0020554757568865467,0.078640961625509001,252,0,False,0,0,0,0,0
20231115,0.00016370370823809273,1,3073.3378344515631,0.60833333333333328,-0.0071299309679779821,False,0.50307312315052288,300,platt,300,0,0.0021415583019894504,0.076441396942598466,252,0,False,0.46835133200560175,0.51113256299347043,20231107,0.48974194749953609,345
20231116,8.8842135881956878e-05,1,3051.1967507556051,0.59999999999999998,0.0011274610850078304,True,0.49962957833689126,300,platt,300,0,0.0028108707823338939,0.031606623982974549,252,0,False,0.42100435345213988,0.42082780690245786,20231107,0.42091608017729887,345
20231117,-0.00023129499683539453,0,3053.6590405413431,0.57548892595540735,0.0045684119991533656,False,0.5032819926551152,300,platt,300,0,-0.003025781920352385,0.076441396942598466,252,0,True,0.58173195526423571,0.56924589664657899,20231107,0.57548892595540735,345
20231120,-0.00012454810812672186,0,3067.9369466609664,0.73333333333333339,-0.00012589955197295222,True,0.50100930423412071,300,platt,300,0,-0.0039405698056778175,0.031606623982974549,252,0,False,0,0,0,0,0
20231121,-0.00011375850421680751,0,3067.5837965536343,0.58360885162713205,-0.0079277486130074903,True,0.49918919436541387,300,platt,300,0,-0.0035991982021896891,0.031606623982974549,252,0,True,0.57749553437060497,0.58972216888365903,20231107,0.58360885162713205,345
20231122,0.00010565430580128966,1,3043.9325706073341,0.73333333333333339,0.0059945899788114154,True,0.50500641735213514,300,platt,300,0,0.0033427899752343738,0.031606623982974549,252,0,False,0.54657232407826084,0.53782506305669175,20231121,0.5421986935674763,349
20231123,-0.00012353185814467326,0,3061.4779632142427,0.57699935848352735,-0.0068208624559180642,True,0.50207961002691148,300,platt,300,0,-0.0039084167360365924,0.031606623982974549,252,0,True,0.60011940243377182,0.55387931453328298,20231121,0.57699935848352735,349
20231124,-0.00010198802354646292,0,3040.6615573066565,0.60168291499300253,-0.0030488609940039213,True,0.50607409707922169,300,platt,300,0,-0.0031921553320085742,0.031949580436704442,252,0,True,0.6001720280722912,0.60319380191371386,20231121,0.60168291499300253,349
20231127,-0.000101968013047784,0,3031.3910635544498,0.625,0.0022608765866756197,False,0.5066367989143904,300,platt,300,0,-0.0032261595892908658,0.031606623982974549,252,0,False,0,0,0,0,0
20231128,8.4849387329658432e-05,1,3038.8123194876925,0.60833333333333328,-0.0055510276350153598,False,0.50309338795345238,300,platt,300,0,0.002684544460533463,0.031606623982974549,252,0,False,0.48531010842335298,0.43169535096518558,20231121,0.45850272969426931,349
20231129,-0,0,3021.6873999999998,0.56502650218009198,0.0026426625070483656,False,0.4992955719192238,300,platt,300,0,-0.0029621450974130761,0,252,0,True,0.56701610680999992,0.56303689755018393,20231128,0.56502650218009198,353
20231130,-0,0,3029.6727000000001,0.74184979228545855,0.00064795778105009028,False,0.50224181882002872,300,platt,300,0,-0.0023757113576341137,0,252,0,True,0.74134648999721908,0.74235309457369802,20231128,0.74184979228545855,353
20231201,-0,0,3031.6358,0.72728853354367096,-0.0028769946574718208,True,0.5010051225450477,300,platt,300,0,-0.0035323800016445702,0,252,0,True,0.72537598287988769,0.72920108420745433,20231128,0.72728853354367096,353
20231204,-0,0,3022.9137999999998,0.55282995419583969,-0.016744738139737758,True,0.50161453573781611,300,platt,300,0,-0.0023042761323589572,0,252,0,True,0.55360646501019095,0.55205344338148854,20231128,0.55282995419583969,353
20231205,-0,0,2972.2959000000001,0.57980379069480459,-0.0011312803681491346,True,0.50598107299417705,300,platt,300,0,-0.006320659786185936,0,252,0,True,0.57216874446886745,0.58743883692074184,20231128,0.57980379069480459,353
20231206,-0,0,2968.9333999999999,0.6166666666666667,-0.00091861272469095923,True,0.50665331177975304,300,platt,300,0,-0.0036362706344657959,0,252,0,False,0,0,0,0,0
20231207,-0.00012030083337656478,0,2965.8492629342031,0.6166666666666667,0.0011305013498557059,False,0.50995003203466283,300,platt,300,0,-0.0038061905454175328,0.031606623982974549,252,0,False,0,0,0,0,0
20231208,-8.2667476142690108e-05,0,2969.3139140191461,0.6166666666666667,0.0073677933500841952,False,0.5099625827095523,300,platt,300,0,-0.0026155111089124976,0.031606623982974549,252,0,False,0,0,0,0,0
20231211,-0.00029058834832683335,0,2990.5692228271637,0.66666666666666663,0.0040112140028951693,False,0.50683869946906623,300,platt,300,0,-0.0091939065837390206,0.031606623982974549,252,0,False,0,0,0,0,0
20231212,-0.00010289766393661002,0,3003.1287532666015,0.66666666666666663,-0.011545835908438051,True,0.5034408051932231,300,platt,300,0,-0.0032555727556362116,0.031606623982974549,252,0,False,0,0,0,0,0
20231213,-0.00012669551164993969,0,2968.3844713568169,0.6333333333333333,-0.0032926198225616821,True,0.50339097116324993,300,platt,300,0,-0.003965482798778442,0.031949580436704442,252,0,False,0,0,0,0,0
20231214,-0.00012473152449215259,0,2958.6165212151618,0.6333333333333333,-0.0055521730149684645,True,0.50338606435557365,300,platt,300,0,-0.0039040113449771013,0.031949580436704442,252,0,False,0,0,0,0,0
20231215,-0.00016230169997088275,0,2942.0792180290991,0.6333333333333333,-0.0039942134676889118,True,0.50671410126426031,300,platt,300,0,-0.0050799321228151926,0.031949580436704442,252,0,False,0,0,0,0,0
20231218,-0.00029359207410225495,0,2929.9431392922897,0.6333333333333333,0.00054155795359323022,False,0.51006126354161685,300,platt,300,0,-0.0038407471062141857,0.076441396942598466,252,0,False,0,0,0,0,0
20231219,-0.00028254676564970813,0,2931.562262463839,0.67726830045028319,-0.010326454441202171,True,0.51074790430080974,300,platt,300,0,-0.0036962532992676563,0.076441396942598466,252,0,True,0.69576991598877336,0.65876668491179302,20231205,0.67726830045028319,358
20231220,-0.00038095165178270071,0,2901.0040365542254,0.6166666666666667,0.0057218032013677256,False,0.50966784420742839,300,platt,300,0,-0.0049835778389655241,0.076441396942598466,252,0,False,0,0,0,0,0
20231221,0.00045662472251964864,1,2920.0476573813266,0.6166666666666667,-0.0013498063822540152,False,0.50640976326018516,300,platt,300,0,0.0059735266594164709,0.076441396942598466,252,0,False,0.56103491212732226,0.44725708749670934,20231205,0.5041459998120158,358
20231222,-0.00031481061965928374,0,2913.8575978131203,0.56279513916440227,0.0013851497021108994,False,0.50486033363305949,300,platt,300,0,-0.0041183263552297712,0.076441396942598466,252,0,True,0.57868460109782216,0.54690567723098238,20231205,0.56279513916440227,358
20231225,-7.4872712429852834e-05,0,2918.5940605835635,0.65742559539069378,-0.0068294552380649964,True,0.50431331419672298,300,platt,300,0,-0.0023434646529454039,0.031949580436704442,252,0,True,0.66955291463529687,0.6452982761460907,20231205,0.65742559539069378,358
20231226,-0.00027304454985478969,0,2898.0871769702753,0.6166666666666667,0.0054279953141882498,False,0.50268567098658445,300,platt,300,0,-0.0035719461021862914,0.076441396942598466,252,0,False,0,0,0,0,0
20231227,-0.00012575552367104687,0,2914.2472712152826,0.57365338972799518,0.013754721122915203,False,0.49716770028468554,300,platt,300,0,-0.0039360618184073526,0.031949580436704442,252,0,True,0.58750272566017303,0.55980405379581732,20231225,0.57365338972799518,362
20231228,-0.00023369368298962919,0,2954.0130044569428,0.55133875337421401,0.0068471506531873061,False,0.49251218350936637,300,platt,300,0,-0.0073144523275540827,0.031949580436704442,252,0,True,0.55841241731020952,0.5442650894382185,20231225,0.55133875337421401,362
20231229,0.00011007751131310124,1,2975.2622734191032,0.66666666666666674,-0.0042550848509352868,False,0.49885978411607512,300,platt,300,0,0.0034827354978626121,0.031606623982974549,252,0,False,0.51013653102204204,0.48240236963701738,20231225,0.49626945032952974,362
20240102,6.1740050760537241e-05,1,2962.4590910829547,0.59999999999999998,0.0016781014545503847,True,0.49495320340116578,300,platt,300,0,0.0019533896057293111,0.031606623982974549,252,0,False,0.29084532516890232,0.31823539770206383,20231225,0.30454036143548308,362
20240103,8.022287695441034e-05,1,2967.4852411070183,0.59999999999999998,-0.0043469920537796414,False,0.49495320340116589,300,platt,300,0,0.0025109211406810334,0.031949580436704442,252,0,False,0.50206183482982858,0.44028764609974497,20231225,0.4711747404647868,362
20240104,-0.00013286397611143638,0,2953.9560734981847,0.55165626427686387,-0.0085180536921064531,True,0.4915925177948352,300,platt,300,0,-0.004203675032898352,0.031606623982974549,252,0,True,0.55045041308304843,0.55286211547067943,20240103,0.55165626427686387,367
20240105,-0.0002290391379805484,0,2928.5124023819812,0.64166666666666672,-0.014217410020055832,True,0.4972266876159584,300,platt,300,0,-0.0072465549659439825,0.031606623982974549,252,0,False,0,0,0,0,0
20240108,-0.00016732643684490555,0,2887.0547385719383,0.65000000000000002,0.0019786406959367842,False,0.50093186531803069,300,platt,300,0,-0.0052940306732866755,0.031606623982974549,252,0,False,0,0,0,0,0
20240109,-0.0001009371879508712,0,2892.9592633497427,0.65000000000000002,-0.0053742307140758339,True,0.50080878541412754,300,platt,300,0,-0.003193545378501758,0.031606623982974549,252,0,False,0,0,0,0,0
20240110,-0.0001503115085462714,0,2877.2697482261397,0.65000000000000002,0.003109390432776804,False,0.50077886993987009,300,platt,300,0,-0.0047046473378282595,0.031949580436704442,252,0,False,0,0,0,0,0
20240111,-0.00013179668272531362,0,2886.2697490794517,0.64166666666666672,-0.0016189353320329447,True,0.50044724398722995,300,platt,300,0,-0.0041699070041871025,0.031606623982974549,252,0,False,0,0,0,0,0
20240112,-0.00011470950589206998,0,2881.6463098538088,0.6166666666666667,0.0014968544681950302,False,0.49927479337947528,300,platt,300,0,-0.0036292868847321441,0.031606623982974549,252,0,False,0,0,0,0,0
20240115,-0.00015954723206957212,0,2885.8303002919124,0.60833333333333328,0.002667021632054567,False,0.49542458907857601,300,platt,300,0,-0.0050479048997929985,0.031606623982974549,252,0,False,0,0,0,0,0
20240116,-0.00016016898685415349,0,2893.5250727779708,0.71866446414020757,-0.020861657851727555,True,0.50186237077367379,300,platt,300,0,-0.0050675765605472847,0.031606623982974549,252,0,True,0.73913227473417364,0.6981966535462415,20240104,0.71866446414020757,368
20240117,-0.00025654829917320655,0,2832.888240839929,0.6333333333333333,0.0042944080762976622,False,0.49675210506795642,300,platt,300,0,-0.0080297861714164406,0.031949580436704442,252,0,False,0,0,0,0,0
20240118,-0.00041251556120454531,0,2844.6099698574244,0.6333333333333333,-0.0047454762815967166,True,0.4934187866309423,300,platt,300,0,-0.013051554048504324,0.031606623982974549,252,0,False,0,0,0,0,0
20240119,-0.00030002134220538358,0,2831.4295557629134,0.6333333333333333,-0.026812115598910058,True,0.49673610271872831,300,platt,300,0,-0.003924854257054934,0.076441396942598466,252,0,False,0,0,0,0,0
20240122,0.0010600251935629619,1,2759.2616897360226,0.6333333333333333,0.0053100853055167985,True,0.50007928865921736,300,platt,300,0,0.013867161459110411,0.076441396942598466,252,0,False,0.54460789967554524,0.45176276104143587,20240104,0.49818533035849055,368
20240123,-0.00090907953540245038,0,2768.4572621525845,0.62965142883904346,0.017970417141424333,False,0.49980540680080404,300,platt,300,0,-0.0089848335641729282,0.10117934059762775,252,0,True,0.64114158058271842,0.6181612770953685,20240122,0.62965142883904346,370
20240124,0.00091427001665056733,1,2823.3508471719811,0.6166666666666667,0.030252995642788383,True,0.4955509102164008,300,platt,300,0,0.011960404351808391,0.076441396942598466,252,0,False,0.40549620408892395,0.3529732139242901,20240122,0.37923470900660705,370
20240125,0.0012462770962108323,1,2909.7305167119089,0.6166666666666667,0.0014156387199142362,True,0.49889566067230323,300,platt,300,0,0.0123175056177432,0.10117934059762775,252,0,False,0.32572422330902939,0.35827360449674273,20240122,0.34199891390288606,370
20240126,0.00056038639178130581,1,2911.8535491981329,0.6166666666666667,-0.0092318364501794425,False,0.49898760477065929,300,platt,300,0,0.0048759351039022545,0.11492900948021714,252,0,False,0.3367665597496951,0.34199553180234632,20240122,0.33938104577602068,370
20240129,0.00067967444399026861,1,2885.3157433861265,0.6166666666666667,-0.018322191224392714,False,0.49578669710122286,300,platt,300,0,0.0059138632366553352,0.11492900948021714,252,0,False,0.31466973659649344,0.25297592288470122,20240122,0.28382282974059736,370
20240130,0.00088824636389141481,1,2833.0408049603484,0.6166666666666667,-0.014830597246462851,False,0.49261937573686099,300,platt,300,0,0.0077286523907987709,0.11492900948021714,252,0,False,0.50756365217112198,0.53401164881196628,20240129,0.52078765049154407,375
20240131,0.00078349943675815623,1,2790.7330259440732,0.60833333333333328,-0.0063860829086620496,False,0.49196988338714764,300,platt,300,0,0.0077436701220854384,0.10117934059762775,252,0,False,0.38879893599555543,0.33551076390193812,20240129,0.3621548499487468,375
20240201,0.00080092646019515085,1,2772.959459220599,0.59999999999999998,-0.014648900873170945,False,0.49126415736708745,300,platt,300,0,0.0079159090725871902,0.10117934059762775,252,0,False,0.40486215257467995,0.34897760612604545,20240129,0.3769198793503627,375
20240202,0.0019495483585832609,1,2735.4745633502826,0.60833333333333328,-0.010243751996225847,False,0.48850814691879857,300,platt,300,0,0.019268245346016517,0.10117934059762775,252,0,False,0.34379082812596429,0.2373863669889005,20240129,0.29058859755743238,375
20240205,0.0012424501896480587,1,2705.5423302657136,0.60833333333333328,0.032307558512833179,True,0.48512442391064931,300,platt,300,0,0.016253630092357443,0.076441396942598466,252,0,False,0.39455619470798164,0.32622023468333206,20240129,0.36038821469565685,375
20240206,0.001565646360250235,1,2793.8533486028691,0.60833333333333328,0.014414698621896704,True,0.48512442391064931,300,platt,300,0,0.019908789616610967,0.078640961625509001,252,0,False,0.29810708872116215,0.23490329066649093,20240205,0.26650518969382653,378
20240207,0.00098706542246469416,1,2832.4886946828601,0.59166666666666667,0.01279558126322855,True,0.48393882978066066,300,platt,300,0,0.0085884793311004643,0.11492900948021714,252,0,False,0.39052619495094593,0.40532900820503098,20240205,0.39792760157798845,378
20240208,0.0006652477894404736,1,2867.8097357685506,0.59166666666666667,0.015576520518906456,True,0.48401243595830723,300,platt,300,0,0.0057883365779375614,0.11492900948021714,252,0,False,0.36632865912141199,0.33879279116327465,20240205,0.35256072514234332,378
20240219,0.00085971437375880649,1,2913.0462365122571,0.59166666666666667,0.0041869148860145255,True,0.48412247122946545,300,platt,300,0,0.0061693713150228245,0.1393520230603312,252,0,False,0.34113327389309384,0.47332530322951649,20240205,0.40722928856130514,378
20240220,0.00079494505375983157,1,2925.0536099159644,0.59999999999999998,0.0096572033915411915,True,0.488103534205719,300,platt,300,0,0.0057045820814217189,0.1393520230603312,252,0,False,0.46200807720509246,0.52315147286602015,20240205,0.49257977503555628,378
20240221,0.0019086725544154453,1,2956.5880079630188,0.59999999999999998,0.01267460615130922,True,0.49171830211727457,300,platt,300,0,0.013696769609072002,0.1393520230603312,252,0,False,0.24709981345667745,0.28540068406009961,20240220,0.26625024875838854,381
20240222,0.00099151085296865439,1,2991.3207891912534,0.59999999999999998,0.0055291906477863417,True,0.49522185126623325,300,platt,300,0,0.0060041777239502013,0.16513682614916514,252,0,False,0.24896783837838851,0.26887515253514288,20240220,0.25892149545676568,381
20240223,0.00071062691707404746,1,3007.016349321204,0.59999999999999998,-0.0092712157320039568,False,0.49876687894042804,300,platt,300,0,0.0039703959373748243,0.17898137321385257,252,0,False,0.30845808629471438,0.34046988959558716,20240220,0.32446398794515074,381
20240226,0.0010476047914983219,1,2980.1408426163562,0.6166666666666667,0.012918479846018016,True,0.49946051883398918,300,platt,300,0,0.0058531498149062174,0.17898137321385257,252,0,False,0.20883170676893556,0.21076487833519197,20240220,0.20979829255206378,381
20240227,0.0013246311153980561,1,3019.4750995631025,0.6166666666666667,-0.019110817058122676,False,0.50294926401622186,300,platt,300,0,0.0074009439731772819,0.17898137321385257,252,0,False,0.25249657888434318,0.24274524261093608,20240220,0.24762091074763964,381
20240228,0.0018302117539597442,1,2963.2658962289579,0.59999999999999998,0.019378519360871316,True,0.50237683797239796,300,platt,300,0,0.010225710760264141,0.17898137321385257,252,0,False,0.2080336915497763,0.242602310730413,20240227,0.22531800114009465,384
20240229,0.0018378387078415736,1,3020.7125983421292,0.6166666666666667,0.0039298597704833238,True,0.50640735142124893,300,platt,300,0,0.0098064755003090462,0.18741072751200522,252,0,False,0.27184750934200924,0.30619987936562126,20240227,0.28902369435381525,384
20240301,0.00092493536317877925,1,3029.8201982130236,0.6166666666666667,0.0040584794208853303,True,0.50635195662081678,300,platt,300,0,0.0038630272264568704,0.23943278391727013,252,0,False,0.27402339606382159,0.33643938811924373,20240227,0.30523139209153266,384
20240304,0.0008289565921773157,1,3041.8249523298655,0.59999999999999998,0.0027926116673693269,True,0.50935323681237776,300,platt,300,0,0.0044232078023613355,0.18741072751200522,252,0,False,0.44698683003837381,0.46431372098887808,20240227,0.45565027551362591,384
20240305,0.0009802869529608061,1,3050.7808118112534,0.60833333333333328,-0.0025796370495096976,False,0.51323682971108542,300,platt,300,0,0.0040942052166904564,0.23943278391727013,252,0,False,0.49315847592582573,0.53500910109403121,20240227,0.51408378850992853,384
20240306,0.00084722995375254115,1,3042.5064205158178,0.6166666666666667,-0.0041216726340720378,False,0.509986183651298,300,platt,300,0,0.0035384876702819435,0.23943278391727013,252,0,False,0.27961387631843015,0.26022130188217474,20240305,0.26991758910030245,386
20240307,0.0013183739728453805,1,3031.3925470792778,0.60833333333333328,0.0061497958661773655,True,0.50963918428193367,300,platt,300,0,0.0055062383324286568,0.23943278391727013,252,0,False,0.26466791330435002,0.30710088063027896,20240305,0.28588439696731449,386
20240308,0.0010826503025233971,1,3049.3169736083723,0.60833333333333328,0.0073657447727182301,True,0.51300133013452553,300,platt,300,0,0.0043508303045490682,0.24883763023150263,252,0,False,0.34244085367301297,0.36969006325676917,20240305,0.35606545846489107,386
20240311,0.0011007122812962046,1,3071.8328865433896,0.625,-0.0040803591279181539,False,0.51325144631164521,300,platt,300,0,0.0044234157039358245,0.24883763023150263,252,0,False,0.25046198250951568,0.23493149953955494,20240305,0.24269674102453531,386
20240312,0.00097477728032625453,1,3058.9138560081542,0.60833333333333328,-0.0039596391938964137,False,0.51352501877951306,300,platt,300,0,0.0040711938623370133,0.23943278391727013,252,0,False,0.15011135791258468,0.12387293238926596,20240305,0.13699214515092531,386
20240313,0.00097021759898755172,1,3046.7877818973275,0.59999999999999998,-0.0018400145658374889,False,0.5137073663494639,300,platt,300,0,0.0040521501822523417,0.23943278391727013,252,0,False,0.34043347401042812,0.33546813773531742,20240312,0.33795080587287274,388
20240314,0.0012743616624159096,1,3042.1057088036127,0.59999999999999998,0.0053985310347568483,True,0.51050449194349024,300,platt,300,0,0.0053224192675980107,0.23943278391727013,252,0,False,0.39627245019330021,0.37973502498688855,20240312,0.38800373759009438,388
20240315,0.0011097570111068811,1,3058.0258036064042,0.59999999999999998,0.0099161736428226011,True,0.51380092320775317,300,platt,300,0,0.0044597636220632467,0.24883763023150263,252,0,False,0.40946726488480728,0.42562296989400317,20240312,0.41754511738940525,388
20240318,0.00098661793213562104,1,3087.969843508235,0.59999999999999998,-0.0071866873184842639,False,0.51369832818538641,300,platt,300,0,0.0039054649665005181,0.25262496030522008,252,0,False,0.34229144696126573,0.35148782774592641,20240312,0.34688963735359607,388
20240319,0.00091410622953427779,1,3065.5554841563226,0.59999999999999998,0.00552773420590702,True,0.5136983281853863,300,platt,300,0,0.0036735048018414732,0.24883763023150263,252,0,False,0.28844829488708668,0.28756346525631737,20240312,0.28800588007170203,388
20240320,-0.00083254624584370594,0,3077.121919065577,0.59999999999999998,-0.00083544234170118692,True,0.51377753188587938,300,platt,300,0,-0.0033457409358430158,0.24883763023150263,252,0,False,0,0,0,0,0
20240321,-0.00069254818977909703,0,3074.9819509621038,0.60833333333333328,-0.0094502216850663734,True,0.51377939084528723,300,platt,300,0,-0.0027734850305404513,0.24970323695749119,252,0,False,0,0,0,0,0
20240322,0.0015308571559753206,1,3052.6997040482133,0.60833333333333328,-0.0071285631496976753,False,0.51387364585627116,300,platt,300,0,0.0061307060918714866,0.24970323695749119,252,0,False,0.53695676235854417,0.55998828615168605,20240319,0.54847252425511517,390
20240325,-0.0013241410641228492,0,3022.2982446148694,0.59999999999999998,0.0017101379883821544,False,0.51388137895301644,300,platt,300,0,-0.0053028590268065588,0.24970323695749119,252,0,False,0,0,0,0,0
20240326,-0.0010240440674799494,0,3028.3765299686766,0.59166666666666667,-0.01264797676937357,True,0.51380008648532205,300,platt,300,0,-0.0041010444236022452,0.24970323695749119,252,0,False,0,0,0,0,0
20240327,-0.0012807281149738825,0,2989.3054029868208,0.59999999999999998,0.0058549907541873836,False,0.51386483630989777,300,platt,300,0,-0.0051290008514863995,0.24970323695749119,252,0,False,0,0,0,0,0
20240328,0.0016805968353095315,1,3015.7233117183414,0.6166666666666667,0.010131753012857514,True,0.51021795021984273,300,platt,300,0,0.0067303766494450044,0.24970323695749119,252,0,False,0.43378953251005536,0.40364858603753739,20240319,0.41871905927379638,390
20240329,0.0011323782919135242,1,3044.6106513796458,0.625,0.011907172868414362,True,0.51339677971883946,300,platt,300,0,0.0044824481735509869,0.25262496030522008,252,0,False,0.42417766722756617,0.40794490400015221,20240328,0.41606128561385919,390
20240401,-0.00099532823869165148,0,3074.3155981782747,0.6333333333333333,-0.00078638357984295304,True,0.51659195202236885,300,platt,300,0,-0.0039399441665981909,0.25262496030522008,252,0,False,0,0,0,0,0
20240402,-0.00072881450313635912,0,3072.7175255757761,0.625,-0.0018415532488794684,True,0.52006243863099355,300,platt,300,0,-0.002884966324213607,0.25262496030522008,252,0,False,0,0,0,0,0
20240403,-0.00073378606915040008,0,3067.0436934264794,0.625,-0.0072470366900760919,True,0.52340196203696876,300,platt,300,0,-0.0029046459552684099,0.25262496030522008,252,0,False,0,0,0,0,0
20240408,-0.0010911972233427392,0,3043.7276646635009,0.625,0.00048712647756721239,False,0.52673991785577412,300,platt,300,0,-0.0043194355063900288,0.25262496030522008,252,0,False,0,0,0,0,0
20240409,-0.00062084640486159725,0,3046.6442268255473,0.625,-0.006954811667196914,True,0.52680314415886986,300,platt,300,0,-0.0024863370312147312,0.24970323695749119,252,0,False,0,0,0,0,0
20240410,0.0012257612276361353,1,3031.0456897434892,0.6333333333333333,0.0022830311902393152,True,0.52658818751725256,300,platt,300,0,0.0049088719977018382,0.24970323695749119,252,0,False,0.53863758762772562,0.54157642730521316,20240329,0.54010700746646934,387
20240411,-0.0013700416760527494,0,3030.0893559765873,0.56207380800706308,-0.0048687212745807118,True,0.52866693525653952,300,platt,300,0,-0.005486679679230516,0.24970323695749119,252,0,True,0.57596259634860647,0.54818501966551958,20240329,0.56207380800706308,387
20240412,-0.00097636263012031198,0,3016.5253989119615,0.625,0.012553214989301953,False,0.53013822159163626,300,platt,300,0,-0.0039100920036792526,0.24970323695749119,252,0,False,0,0,0,0,0
20240415,0.0023915335515597587,1,3064.6894211101871,0.625,-0.016455114997898757,False,0.53015302011956733,300,platt,300,0,0.0096108195104367012,0.24883763023150263,252,0,False,0.51803321783174272,0.49841124235359996,20240329,0.50822223009267131,387
20240416,0.0015432192044497616,1,3011.7086652410085,0.6166666666666667,0.021387111252984203,True,0.53056430792411768,300,platt,300,0,0.0064453128732069598,0.23943278391727013,252,0,False,0.51586738736624171,0.5257079946758163,20240329,0.52078769102102895,387
20240417,0.0023235997017076269,1,3078.5172590459906,0.6166666666666667,0.0009259679506994356,True,0.53403853969750026,300,platt,300,0,0.0093054448553391809,0.24970323695749119,252,0,False,0.53584161359401483,0.48633787419376456,20240416,0.51108974389388973,390
20240418,0.0014921003847790464,1,3078.8116517085568,0.64166666666666672,-0.0029157271072517421,False,0.53608424583290726,300,platt,300,0,0.0059962811227180215,0.24883763023150263,252,0,False,0.39877669367622631,0.40645198445580999,20240416,0.40261433906601818,390
20240419,-0.00084309761926264399,0,3062.6766857484813,0.6166666666666667,-0.0067419381253340793,True,0.53391550698157875,300,platt,300,0,-0.0033881435797241755,0.24883763023150263,252,0,False,0,0,0,0,0
20240422,0.0012139070757394229,1,3048.2910556560423,0.6166666666666667,-0.0074288036715028927,False,0.53710226252703264,300,platt,300,0,0.0048613990372342476,0.24970323695749119,252,0,False,0.42651010601704553,0.42626182917987782,20240416,0.4263859675984617,390
20240423,-0.0009655737804110813,0,3019.0595577610079,0.60833333333333328,0.0075595533057408737,False,0.53706618088589031,300,platt,300,0,-0.0038803366657718659,0.24883763023150263,252,0,False,0,0,0,0,0
20240424,-0.00086282292656038404,0,3042.1951575122575,0.625,0.002652929860635922,False,0.5333989082299001,300,platt,300,0,-0.0036036123059008931,0.23943278391727013,252,0,False,0,0,0,0,0
20240425,-0.00083101049442210859,0,3050.363008061579,0.6166666666666667,0.011705493137672329,False,0.53350610778938357,300,platt,300,0,-0.0034707464902101418,0.23943278391727013,252,0,False,0,0,0,0,0
20240426,-0.0012039350602495696,0,3084.9171831924314,0.59999999999999998,0.0079023563704843092,False,0.53344047127891625,300,platt,300,0,-0.00502827992287622,0.23943278391727013,252,0,False,0,0,0,0,0
20240429,-0.0012493095603782866,0,3109.1540453683697,0.59999999999999998,-0.0026400854315159483,True,0.53327946491090594,300,platt,300,0,-0.0052177882240635586,0.23943278391727013,252,0,False,0,0,0,0,0
20240430,0.00063237599695494689,1,3106.7879164885576,0.59999999999999998,0.011561329794969044,True,0.53335425201692976,300,platt,300,0,0.0025413198010551083,0.24883763023150263,252,0,False,0.37463291571689433,0.35071717334912839,20240422,0.36267504453301136,389
20240506,-0.00051566643120812869,0,3139.1008359199095,0.64654745077621723,0.0022343918293394882,False,0.53333800715223179,300,platt,300,0,-0.0020651171265990212,0.24970323695749119,252,0,True,0.64218972921100947,0.65090517234142486,20240422,0.64654745077621723,389
20240507,-0.00057760254867193458,0,3145.9198585086483,0.63403391315968938,-0.006118107669698003,True,0.53332879524490784,300,platt,300,0,-0.002313156031574649,0.24970323695749119,252,0,True,0.64503070002694096,0.62303712629243779,20240422,0.63403391315968938,389
20240508,0.00062461987749298439,1,3130.4339106694156,0.66666666666666674,0.0082596985283394098,True,0.53673349488381172,300,platt,300,0,0.0025014488602697529,0.24970323695749119,252,0,False,0.53104851859738944,0.53079471618195873,20240422,0.53092161738967403,389
20240509,-0.00098851533033855635,0,3151.202006224355,0.58697973925115388,7.1996497755577593e-05,False,0.53925525162266541,300,platt,300,0,-0.0039129756978258899,0.25262496030522008,252,0,True,0.59837605870654509,0.57558341979576266,20240422,0.58697973925115388,389
20240510,-0.00084096782028708563,0,3151.8943273172231,0.66666666666666674,-0.0020689181635956677,True,0.53730285844464387,300,platt,300,0,-0.003367869117492657,0.24970323695749119,252,0,False,0,0,0,0,0
20240513,-0.0010088229552513205,0,3144.844904454234,0.69268321651095865,-0.00071359124163317134,True,0.54122480840308862,300,platt,300,0,-0.0040541414669187136,0.24883763023150263,252,0,True,0.69581807848772304,0.68954835453419427,20240509,0.69268321651095865,390
20240514,-0.00056742539876725086,0,3143.989307763391,0.5697605577887318,-0.0082244298327442955,True,0.5390022177301611,300,platt,300,0,-0.0023698734546030681,0.23943278391727013,252,0,True,0.58447923755896769,0.55504187801849592,20240509,0.5697605577887318,390
20240515,0.00082243705396187422,1,3122.4680230917729,0.66666666666666674,0.00080095461969786896,True,0.54069381226736302,300,platt,300,0,0.0032936579596758841,0.24970323695749119,252,0,False,0.50665598695678871,0.46608733609239816,20240509,0.48637166152459343,390
20240516,-0.00069394301149837986,0,3120.2342316469544,0.55470556982030683,0.01012851968725359,False,0.53874421104145664,300,platt,300,0,-0.0028536085156051112,0.24318087351629183,252,0,True,0.56590799780349332,0.54350314183712034,20240509,0.55470556982030683,390
20240517,-0.0011600366293577093,0,3150.3675139620423,0.57756532764777524,0.0054276021731334279,False,0.53852791200834704,300,platt,300,0,-0.0048449364802045248,0.23943278391727013,252,0,True,0.59511555221031098,0.56001510308523961,20240509,0.57756532764777524,390
20240520,-0.00047177266103198948,0,3169.6490404376545,0.58210428984322515,-0.0041560381453374928,True,0.53841833341133216,300,platt,300,0,-0.0023636784788470546,0.19959256948606174,252,0,True,0.57632265599473642,0.587885923691714,20240517,0.58210428984322515,392
20240521,-0.00043761115741979136,0,3156.5837389749313,0.66729580906227581,0.00018182591406867843,False,0.54141607949892234,300,platt,300,0,-0.0021925222895151481,0.19959256948606174,252,0,True,0.65988910731394079,0.67470251081061083,20240517,0.66729580906227581,392
20240522,-0.00033611514061218558,0,3157.4782669173828,0.59942177216712289,-0.013345691786258551,True,0.53935339630920631,300,platt,300,0,-0.0018779336339686289,0.17898137321385257,252,0,True,0.61129507543843498,0.58754846889581069,20240517,0.59942177216712289,392
20240523,-0.0009521704081079448,0,3113.4196685183879,0.66666666666666674,-0.0088296158339770114,True,0.54081499294381996,300,platt,300,0,-0.005319941349261309,0.17898137321385257,252,0,False,0,0,0,0,0
20240524,-0.00099810290850516092,0,3085.7874893699541,0.66666666666666674,0.011386751241270865,False,0.54123346413368401,300,platt,300,0,-0.005670543798102088,0.17601537772077921,252,0,False,0,0,0,0,0
20240527,-0.00072695631415419719,0,3121.7716574335477,0.59999999999999998,-0.0046320109517069552,True,0.53960052091676669,300,platt,300,0,-0.0044021453670034238,0.16513682614916514,252,0,False,0,0,0,0,0
20240528,-0.00055615294028058784,0,3107.8427023335703,0.59999999999999998,0.00046485495544557054,False,0.5428946769620554,300,platt,300,0,-0.0031596838155972785,0.17601537772077921,252,0,False,0,0,0,0,0
20240529,-0.00063017618294412673,0,3109.0571108037602,0.6333333333333333,-0.0062165511374799864,True,0.543706552660564,300,platt,300,0,-0.003580233676763188,0.17601537772077921,252,0,False,0,0,0,0,0
20240530,0.00078640956272463584,1,3094.1091249867832,0.64166666666666672,-0.0015733851696965173,False,0.54730286750945423,300,platt,300,0,0.0047621695357901945,0.16513682614916514,252,0,False,0.49643507378347934,0.49421781841163154,20240522,0.49532644609755544,390
20240531,-0.00045616859442477781,0,3085.4052926700706,0.6333333333333333,-0.0026968588383088354,True,0.54349558327414504,300,platt,300,0,-0.0027623674565037896,0.16513682614916514,252,0,False,0,0,0,0,0
20240603,0.00079077880647427377,1,3080.9231036199303,0.59999999999999998,0.004128811647091668,True,0.54284771639806961,300,platt,300,0,0.0047886278603900103,0.16513682614916514,252,0,False,0.53254842304066674,0.50040640432392802,20240522,0.51647741368229738,390
20240604,-0.00069560666027598068,0,3089.0489412482402,0.60833333333333328,-0.0083449167559307424,True,0.54298556245619156,300,platt,300,0,-0.0042123048898108995,0.16513682614916514,252,0,False,0,0,0,0,0
20240605,-0.00061003949489377097,0,3063.5333828582184,0.60833333333333328,-0.0054183733207838758,True,0.54329299726379787,300,platt,300,0,-0.0036941456919048041,0.16513682614916514,252,0,False,0,0,0,0,0
20240606,0.00081992825994910514,1,3051.2936922773702,0.60833333333333328,0.00081501081460433333,True,0.54659354237214564,300,platt,300,0,0.0049651448381869629,0.16513682614916514,252,0,False,0.54819508086738666,0.48958189998933188,20240603,0.51888849042835927,390
20240607,-0.00080428899666532016,0,3048.8245901158307,0.6166666666666667,-0.0076143814722660075,True,0.54994563016593034,300,platt,300,0,-0.004569424598464337,0.17601537772077921,252,0,False,0,0,0,0,0
20240611,-0.00069886034491259343,0,3025.928919357003,0.6166666666666667,0.0031117105884586049,False,0.5500716847600633,300,platt,300,0,-0.0039704505024624939,0.17601537772077921,252,0,False,0,0,0,0,0
20240612,-0.00049298395303093412,0,3035.9700772646474,0.6166666666666667,-0.0028144498665417794,True,0.54997125145082171,300,platt,300,0,-0.0028008004721779244,0.17601537772077921,252,0,False,0,0,0,0,0
20240613,-0.00042623252287042433,0,3027.6276763409296,0.625,0.0012263782451473748,False,0.55002825809588651,300,platt,300,0,-0.0023814350913552791,0.17898137321385257,252,0,False,0,0,0,0,0
20240614,-0.00063754253424758785,0,3030.6998672804743,0.6166666666666667,-0.0055208125558734444,True,0.54647185896140993,300,platt,300,0,-0.0035620608044270169,0.17898137321385257,252,0,False,0,0,0,0,0
20240617,-0.00035500533490318042,0,3014.820042712015,0.6166666666666667,0.0047600199834827439,False,0.54982043198498343,300,platt,300,0,-0.0019834764284605687,0.17898137321385257,252,0,False,0,0,0,0,0
20240618,-0.00047207183036968308,0,3028.815906035481,0.60833333333333328,-0.0040251842226426415,True,0.54631227516639558,300,platt,300,0,-0.0026375472592091291,0.17898137321385257,252,0,False,0,0,0,0,0
20240619,-0.00036297906039075846,0,3016.9536113734689,0.60833333333333328,-0.0041789247232592031,True,0.54970186403961907,300,platt,300,0,-0.0020280270168508523,0.17898137321385257,252,0,False,0,0,0,0,0
20240620,-0.00073029279222661938,0,3003.2420510944385,0.6166666666666667,-0.0024286651967305728,True,0.54985544386172658,300,platt,300,0,-0.0036589177347988314,0.19959256948606174,252,0,False,0,0,0,0,0
20240621,-0.00085319133764092444,0,2995.5797148853053,0.625,-0.011686854809904279,True,0.55002354119562968,300,platt,300,0,-0.0035633856136247526,0.23943278391727013,252,0,False,0,0,0,0,0
20240624,0.0010315401581183991,1,2966.1554555078264,0.625,-0.0044219246276255841,False,0.55002354119562968,300,platt,300,0,0.0042418638571478417,0.24318087351629183,252,0,False,0.46786561973283419,0.46845111070948942,20240606,0.46815836522116183,384
20240625,-0.0012059197190920326,0,2946.4388412905814,0.58659086611557631,0.0076368909344055602,False,0.54587706745317377,300,platt,300,0,-0.0050365689249501746,0.23943278391727013,252,0,True,0.57720633344461825,0.59597539878653427,20240606,0.58659086611557631,384
20240626,0.001433568492542712,1,2976.786418326652,0.6333333333333333,-0.0089730781415435779,False,0.54353053417179453,300,platt,300,0,0.0059873525633734638,0.23943278391727013,252,0,False,0.54065519204538159,0.54986400584850059,20240606,0.54525959894694109,384
20240627,-0.00062071777640849523,0,2944.0238570486445,0.6333333333333333,0.0073155056920026773,False,0.54362312444356531,300,platt,300,0,-0.0025924510681167552,0.23943278391727013,252,0,False,0,0,0,0,0
20240628,0.0015473980042622242,1,2971.9945531705616,0.625,0.0092092317227712162,True,0.54346702463048624,300,platt,300,0,0.0064627657873154408,0.23943278391727013,252,0,False,0.54310428031879898,0.49571169353783451,20240606,0.5194079869283168,384
20240701,0.0011647638766065784,1,2998.2184536736195,0.6333333333333333,0.00076160447570194911,True,0.54711130383063311,300,platt,300,0,0.0048646800055961959,0.23943278391727013,252,0,False,0.50988512680080533,0.50739581665014621,20240628,0.50864047172547577,386
20240702,-0.00052222806903767024,0,2995.4459766803625,0.64166666666666672,-0.004883365296845299,True,0.55074476963773178,300,platt,300,0,-0.00218110511223105,0.23943278391727013,252,0,False,0,0,0,0,0
20240703,-0.00069102424022780948,0,2980.314706166936,0.64166666666666672,-0.0083184022830657955,True,0.55441906277524622,300,platt,300,0,-0.0028860886505273865,0.23943278391727013,252,0,False,0,0,0,0,0
20240704,-0.0013748797637139216,0,2953.5007009818719,0.55691854517376305,-0.002581074241090664,True,0.55345079709262057,300,platt,300,0,-0.0057422368867789475,0.23943278391727013,252,0,True,0.5690665136774874,0.54477057667003859,20240628,0.55691854517376305,386
20240705,-0.0012792660772497784,0,2946.1595503991607,0.68615221975593177,-0.0093166513290318109,True,0.55915640035495551,300,platt,300,0,-0.0052605538369532769,0.24318087351629183,252,0,True,0.68888802336881416,0.68341641614304927,20240628,0.68615221975593177,386
20240708,-0.0010648750670458501,0,2919.3377560732865,0.6333333333333333,0.012634126341537266,False,0.55731413796681606,300,platt,300,0,-0.004378942519813381,0.24318087351629183,252,0,False,0,0,0,0,0
20240709,-0.0020695127870598044,0,2953.2479409765283,0.56117975304963985,-0.0067611632790790521,True,0.55420804212448571,300,platt,300,0,-0.0085101790989378853,0.24318087351629183,252,0,True,0.5691896058273147,0.55316990027196489,20240705,0.56117975304963985,387
20240710,-0.00085318098933388254,0,2936.8557908557405,0.625,0.010554597600650695,False,0.56019158013422399,300,platt,300,0,-0.0033772632296629516,0.25262496030522008,252,0,False,0,0,0,0,0
20240711,-0.0011507302119725569,0,2966.9692854775576,0.6166666666666667,0.00030554937042892583,False,0.55994630087135544,300,platt,300,0,-0.0034123744665118735,0.3372227237266936,252,0,False,0,0,0,0,0
20240712,0.00049777578994842676,1,2972.7740387157951,0.59999999999999998,0.00091397858509489893,True,0.55891754213124301,300,platt,300,0,0.0019704141243486661,0.25262496030522008,252,0,False,0.49104775147058427,0.5337994588999444,20240705,0.51242360518526431,387
20240715,-0.00065326525523258657,0,2972.0678821409997,0.65280946848281607,0.00077121444115846316,False,0.56520473750142963,300,platt,300,0,-0.0025859093829972901,0.25262496030522008,252,0,True,0.66840824234141172,0.63721069462422042,20240705,0.65280946848281607,387
20240716,-0.00062902653778973883,0,2974.4321256107619,0.79174782638238828,-0.0045188255784195386,True,0.56689676965590852,300,platt,300,0,-0.002519096450066535,0.24970323695749119,252,0,True,0.79064057824710421,0.79285507451767245,20240715,0.79174782638238828,388
20240717,-0.00053635654539389008,0,2961.2657533813326,0.61198615920739585,0.0048191695111361454,False,0.5628710283156988,300,platt,300,0,-0.0021231336157197891,0.25262496030522008,252,0,True,0.58959525267229407,0.63437706574249764,20240715,0.61198615920739585,388
20240718,-0.0014490173563770532,0,2972.8194820311505,0.66666666666666674,0.0017383164624062974,False,0.5625616591499385,300,platt,300,0,-0.0057358439745081348,0.25262496030522008,252,0,False,0,0,0,0,0
20240719,-0.0010743331793979306,0,2979.104606919816,0.60791047372528118,-0.0060668101215279879,True,0.55618446346607264,300,platt,300,0,-0.0044178358431875434,0.24318087351629183,252,0,True,0.58895833264050368,0.62686261481005856,20240715,0.60791047372528118,388
20240722,-0.0011850231406043707,0,2960.7028360387617,0.6166666666666667,-0.016478896355544892,True,0.55660495938269594,300,platt,300,0,-0.0046908394925530414,0.25262496030522008,252,0,False,0,0,0,0,0
20240723,0.0016941730007308221,1,2920.3076385998806,0.625,-0.0046020597396179141,False,0.55691970202073071,300,platt,300,0,0.0067062771575854248,0.25262496030522008,252,0,False,0.48379597042120664,0.45541081827265334,20240719,0.46960339434692999,386
20240724,-0.00098236203202095888,0,2899.101032732925,0.6166666666666667,-0.0052413689296976207,True,0.55324513329737934,300,platt,300,0,-0.0040396352633182966,0.24318087351629183,252,0,False,0,0,0,0,0
20240725,-0.0009297855066387065,0,2884.0575494989089,0.625,0.0014395815683676538,False,0.55364048543383326,300,platt,300,0,-0.0037235620890128497,0.24970323695749119,252,0,False,0,0,0,0,0
20240726,-0.0008638710287529694,0,2888.3999375754297,0.60833333333333328,0.00032792586578556104,False,0.54956053108691727,300,platt,300,0,-0.003459590829813842,0.24970323695749119,252,0,False,0,0,0,0,0
20240729,0.00074370968806936467,1,2893.995993366008,0.66666666666666674,-0.0043383026056061924,False,0.54845272642724396,300,platt,300,0,0.0029783742378797109,0.24970323695749119,252,0,False,0.4584357826406662,0.50062874929624246,20240719,0.47953226596845433,386
20240730,0.00071662542495919135,1,2881.3629792994343,0.59999999999999998,0.020647278247807321,True,0.54299197684752132,300,platt,300,0,0.0029468823538508311,0.24318087351629183,252,0,False,0.50361991636483594,0.49971344595927558,20240729,0.50166668116205582,383
20240731,-0.0023057676958388035,0,2931.9732267978911,0.59999999999999998,-0.0021649345862880809,True,0.542916059018686,300,platt,300,0,-0.0094816983856435121,0.24318087351629183,252,0,False,0,0,0,0,0
20240801,0.00065775170834219635,1,2934.3158826245453,0.59999999999999998,-0.009224430157941943,False,0.54340340982115931,300,platt,300,0,0.0027471246734927729,0.23943278391727013,252,0,False,0.41819519957713897,0.45032772387567682,20240729,0.43426146172640789,383
20240802,-0.00099629526258277075,0,2902.4429260125457,0.625,-0.015364720966152823,True,0.54011034881641407,300,platt,300,0,-0.0041610645220873975,0.23943278391727013,252,0,False,0,0,0,0,0
20240805,0.0021050873542681936,1,2866.7198187631629,0.6333333333333333,0.0023022005330308737,True,0.54368419939455803,300,platt,300,0,0.0086564676071334366,0.24318087351629183,252,0,False,0.50048777512770182,0.49524319468350858,20240729,0.49786548490560523,383
20240806,0.0015952344405032774,1,2871.8576897089333,0.625,0.00088937833392632726,True,0.54707417859105445,300,platt,300,0,0.0063146350961358847,0.25262496030522008,252,0,False,0.46050885063842761,0.41108743267803971,20240805,0.43579814165823366,383
20240807,-0.0010737669313121865,0,2866.7522673671979,0.6333333333333333,2.3555371046368734e-05,False,0.5475666155360831,300,platt,300,0,-0.0043001722540544464,0.24970323695749119,252,0,False,0,0,0,0,0
20240808,0.001302613849786005,1,2873.6397733111603,0.625,-0.0026855626468561544,False,0.54705168281055438,300,platt,300,0,0.0052166478322736298,0.24970323695749119,252,0,False,0.38508559688220717,0.35313956005042307,20240805,0.36911257846631512,383
20240809,-0.00091739304828313039,0,2859.5683430298232,0.6166666666666667,-0.0013938607448041873,True,0.54328487223548139,300,platt,300,0,-0.0037724720493763253,0.24318087351629183,252,0,False,0,0,0,0,0
20240812,-0.00064361721554446127,0,2856.3650103138916,0.60833333333333328,0.0034082234700762992,False,0.54285154264619517,300,platt,300,0,-0.0026466605133785011,0.24318087351629183,252,0,False,0,0,0,0,0
20240813,-0.00079444628212267513,0,2865.6675709629712,0.625,-0.0060294370953986043,True,0.54045291207622437,300,platt,300,0,-0.0033180346864996389,0.23943278391727013,252,0,False,0,0,0,0,0
20240814,-0.00056077123514323621,0,2849.0553352915304,0.60833333333333328,0.0093676752551405951,False,0.53945414230401201,300,platt,300,0,-0.002342082090717353,0.23943278391727013,252,0,False,0,0,0,0,0
20240815,0.0017459573902015326,1,2882.3816442897596,0.6166666666666667,0.00072007031172582892,True,0.53992992469158096,300,platt,300,0,0.0072920565080377775,0.23943278391727013,252,0,False,0.46829517048824643,0.39086136072975985,20240808,0.42957826560900314,381
20240816,-0.00054720530921777177,0,2877.8541607259199,0.59999999999999998,0.0049468127335487999,False,0.53898476465380463,300,platt,300,0,-0.0022854234924104817,0.23943278391727013,252,0,False,0,0,0,0,0
20240819,-0.00095494080396118261,0,2890.9105128150268,0.59166666666666667,-0.0093351227080260557,True,0.53854293490147798,300,platt,300,0,-0.0039883460749933807,0.23943278391727013,252,0,False,0,0,0,0,0
20240820,-0.0014547592756556072,0,2862.4906983200899,0.59166666666666667,-0.0035152743906586847,True,0.54193346158587341,300,platt,300,0,-0.0060758566636315856,0.23943278391727013,252,0,False,0,0,0,0,0
20240821,-0.00054433233688165128,0,2855.0289690102145,0.59999999999999998,-0.0027347700167322797,True,0.54579906636568742,300,platt,300,0,-0.0022734244157213298,0.23943278391727013,252,0,False,0,0,0,0,0
20240822,-0.0005594670868548302,0,2847.1780059399398,0.59999999999999998,0.001964249997139067,False,0.54597652631813709,300,platt,300,0,-0.0023366352664894031,0.23943278391727013,252,0,False,0,0,0,0,0
20240823,-0.00074093192405865068,0,2852.2526079962545,0.59166666666666667,0.00040387231146654656,False,0.54558705781776262,300,platt,300,0,-0.0030945299634266492,0.23943278391727013,252,0,False,0,0,0,0,0
20240826,0.00053696195001924824,1,2857.0536057486079,0.59999999999999998,-0.0023775351903468911,False,0.54570640461090258,300,platt,300,0,0.0023517159764992611,0.22832772128314743,252,0,False,0.51236942033266908,0.54184231361595991,20240815,0.5271058669743145,379
20240827,-0.00035135791018073092,0,2847.7302757589018,0.59166666666666667,-0.0039673451816023553,True,0.54519615131991261,300,platt,300,0,-0.0015388315891131533,0.22832772128314743,252,0,False,0,0,0,0,0
20240828,-0.00071730353015603526,0,2835.3940019465413,0.58333333333333337,-0.0050479848079384437,True,0.54826145774545898,300,platt,300,0,-0.0031415525286415517,0.22832772128314743,252,0,False,0,0,0,0,0
20240829,0.00053630945392275703,1,2824.6200584372264,0.57499999999999996,0.0067685024933530347,True,0.54777716658295894,300,platt,300,0,0.0023488582591234459,0.22832772128314743,252,0,False,0.48257024386329916,0.46676580440667331,20240815,0.47466802413498621,379
20240830,-0.0016912816019313548,0,2837.4072154147921,0.59166666666666667,-0.010970038781735747,True,0.55223924623251308,300,platt,300,0,-0.0074072547670810838,0.22832772128314743,252,0,False,0,0,0,0,0
20240902,-0.0010163071513476759,0,2808.1781250268114,0.59999999999999998,-0.0028659550663722166,True,0.55606889095173218,300,platt,300,0,-0.0042446449258963419,0.23943278391727013,252,0,False,0,0,0,0,0
20240903,-0.00071558673636478603,0,2800.9729256199671,0.57732496624976393,-0.0066716168767176898,True,0.55501336037755866,300,platt,300,0,-0.0029426110944405564,0.24318087351629183,252,0,True,0.58480872783203275,0.56984120466749522,20240829,0.57732496624976393,378
20240904,-0.00069085146272037463,0,2782.3547772638244,0.58333333333333337,0.001449495907072329,False,0.5591042485694997,300,platt,300,0,-0.002766690056316664,0.24970323695749119,252,0,False,0,0,0,0,0
20240905,-0.00065535357622922993,0,2786.4867683829148,0.59166666666666667,-0.0080720819795733201,True,0.55575685369985151,300,platt,300,0,-0.0027371087848006253,0.23943278391727013,252,0,False,0,0,0,0,0
20240906,-0.0014303660003665468,0,2761.8504842757707,0.6166666666666667,-0.010600524273823075,True,0.55997897861169188,300,platt,300,0,-0.0057282637493804231,0.24970323695749119,252,0,False,0,0,0,0,0
20240909,-0.0011124254868353437,0,2733.4434614493512,0.6166666666666667,0.0028154704592853186,False,0.56328382436823288,300,platt,300,0,-0.0044549902531889089,0.24970323695749119,252,0,False,0,0,0,0,0
20240910,-0.0011790694541374649,0,2740.9565069186046,0.59999999999999998,-0.0081615641995326227,True,0.55953092836031659,300,platt,300,0,-0.0047218829379379913,0.24970323695749119,252,0,False,0,0,0,0,0
20240911,-0.00088887992705955496,0,2719.3758508811529,0.60833333333333328,-0.0017165508999354984,True,0.55974764166446356,300,platt,300,0,-0.0033422632758633723,0.26595149863828121,252,0,False,0,0,0,0,0
20240912,-0.00092696419915922184,0,2714.6044241615909,0.6166666666666667,-0.0047968014404646819,True,0.55996868952593848,300,platt,300,0,-0.0027488189079170468,0.3372227237266936,252,0,False,0,0,0,0,0
20240913,-0.0013026811744506039,0,2700.5670333840521,0.6166666666666667,0.0048784256261331649,False,0.56326580466658382,300,platt,300,0,-0.0038629697312639534,0.3372227237266936,252,0,False,0,0,0,0,0
20240918,-0.0017584050408951508,0,2712.50321886455,0.59999999999999998,0.0068969303987775898,False,0.56304818872845996,300,platt,300,0,-0.0052143729267790156,0.3372227237266936,252,0,False,0,0,0,0,0
20240919,-0.0020072521426359176,0,2730.5303135767508,0.58333333333333337,0.00028936168719684296,False,0.56290087101429176,300,platt,300,0,-0.0075474368556424911,0.26595149863828121,252,0,False,0,0,0,0,0
20240920,-0.00092716756774232213,0,2734.2764149129735,0.59999999999999998,0.0044225878858623613,False,0.55948497665006769,300,platt,300,0,-0.0034862280246194676,0.26595149863828121,252,0,False,0,0,0,0,0
20240923,-0.0010999875244193768,0,2745.8939248243441,0.58333333333333337,0.041546460266889795,False,0.55903304632058259,300,platt,300,0,-0.0043542313597610387,0.25262496030522008,252,0,False,0,0,0,0,0
20240924,0.0036541535183606316,1,2873.5878001193332,0.59999999999999998,0.011588803913764822,True,0.5562250107523814,300,platt,300,0,0.0146339853775412,0.24970323695749119,252,0,False,0.25354237146150393,0.24970298928540549,20240903,0.2516226803734547,371
20240925,0.0024027554390107135,1,2903.2648142737125,0.60833333333333328,0.036131165297917267,True,0.55971221959342077,300,platt,300,0,0.0090345625097555272,0.26595149863828121,252,0,False,0.28606531888219561,0.33157589850046937,20240903,0.30882060869133249,371
20240926,0.0051975596551479923,1,3016.5502301607712,0.6166666666666667,0.028849505986865642,True,0.55995066132295468,300,platt,300,0,0.015412839317911506,0.3372227237266936,252,0,False,0.29785475974657138,0.28302140428018396,20240903,0.29043808201337767,371
20240927,0.003492107589259896,1,3098.3105820561173,0.6166666666666667,0.080636921063662381,True,0.55996653180359457,300,platt,300,0,0.0096043954789469879,0.36359473086199545,252,0,False,0.35902227885686089,0.36751376394103435,20240903,0.36326802139894765,371
20240930,0.0069543958419516121,1,3359.7007236452423,0.6166666666666667,0.045939703115009056,True,0.5632658694638536,300,platt,300,0,0.019126778392702271,0.36359473086199545,252,0,False,0.079711580355522491,0.078074473116606175,20240903,0.078893026736064326,371
20241008,0.0073619765514685524,1,3515.4667424560985,0.6166666666666667,-0.066169679530351244,False,0.56328327273085133,300,platt,300,0,0.019225626637548621,0.38292518055511593,252,0,False,0.22379096551230482,0.18005606785363851,20240930,0.20192351668297165,374
20241009,-0.0070601122544977366,0,3235.8498981105545,0.73094615619975145,0.013215703980701488,False,0.563048239415326,300,platt,300,0,-0.019417531815601158,0.36359473086199545,252,0,True,0.76072924503302908,0.70116306736647371,20240930,0.73094615619975145,374
20241010,0.0070601122544977366,1,3325.2378675100335,0.6166666666666667,-0.025496695731421437,False,0.55656739739532335,300,platt,300,0,0.019417531815601158,0.36359473086199545,252,0,False,0.21167259344834044,0.16224144042294469,20240930,0.18695701693564257,374
20241011,0.004002933512867032,1,3230.6180900749459,0.6166666666666667,0.020693047789445362,True,0.55655244371290924,300,platt,300,0,0.015051366634001917,0.26595149863828121,252,0,False,0.30698855301273431,0.22605840513026459,20240930,0.26652347907149943,374
20241014,0.0044313717809883286,1,3298.876554046165,0.6166666666666667,-0.025280891264484517,False,0.56001297531818339,300,platt,300,0,0.012187667765378817,0.36359473086199545,252,0,False,0.14287635207034302,0.11212358154068608,20240930,0.12749996680551456,374
20241015,0.0030762792649667511,1,3211.1399678930761,0.6166666666666667,0.00051732239724833207,True,0.55670163019451335,300,platt,300,0,0.011567068735156019,0.26595149863828121,252,0,False,0.2749191066868677,0.24852789652829427,20241014,0.26172350160758096,375
20241016,0.0023992263380578477,1,3210.6325972010295,0.625,-0.010479002468975374,False,0.55680884513876694,300,platt,300,0,0.0094971864029552572,0.25262496030522008,252,0,False,0.3049214210067524,0.26625842340818029,20241014,0.28558992220746637,375
20241017,0.0022888312473542767,1,3176.6384858207143,0.6166666666666667,0.029084197836153791,True,0.5566726821018827,300,platt,300,0,0.010024324836649664,0.22832772128314743,252,0,False,0.39949026478979011,0.4099027645994438,20241014,0.40469651469461698,375
20241018,0.0049158361587280453,1,3277.5966108041202,0.625,0.0020072276383538146,True,0.55675960529390323,300,platt,300,0,0.020214731889260651,0.24318087351629183,252,0,False,0.20497238069133833,0.18209744827786886,20241014,0.19353491448460358,375
20241021,0.0018915452808481738,1,3274.2917780477928,0.625,0.0054333850451788734,True,0.56009267620995884,300,platt,300,0,0.0082843435313861135,0.22832772128314743,252,0,False,0.36107506868999234,0.36151559891614365,20241014,0.361295333803068,375
20241022,0.0011899899361092505,1,3289.7770485423944,0.60833333333333328,0.0051541649480688623,True,0.56295726680447011,300,platt,300,0,0.0052117628530683451,0.22832772128314743,252,0,False,0.37214020273972603,0.35591412810415424,20241021,0.36402716542194014,377
20241023,0.0017097145143678183,1,3308.4496498852545,0.6166666666666667,-0.0068245975811817017,False,0.56666506291238539,300,platt,300,0,0.007030629052548725,0.24318087351629183,252,0,False,0.38706555338788162,0.40879372188879787,20241021,0.39792963763833977,377
20241024,0.0007801158857063717,1,3282.8214848855368,0.60833333333333328,0.005925684301180123,True,0.56661698784363435,300,platt,300,0,0.0034166498983229285,0.22832772128314743,252,0,False,0.40964194500653994,0.42302794904616181,20241021,0.41633494702635088,377
20241025,0.001287832832747396,1,3303.9497623845668,0.625,0.0068179525273857067,True,0.56679207765600581,300,platt,300,0,0.0056402824217317207,0.22832772128314743,252,0,False,0.38293569789978898,0.39139085406263702,20241021,0.38716327598121303,377
20241028,0.001374773181219312,1,3326.7647680257137,0.6333333333333333,-0.010773140368686707,False,0.56700396297588007,300,platt,300,0,0.0055056281927708837,0.24970323695749119,252,0,False,0.32702433318491808,0.31992718391564828,20241021,0.32347575855028321,377
20241029,0.0017925746107932689,1,3292.2981297489332,0.6333333333333333,-0.0061371583008434927,False,0.56364624150427189,300,platt,300,0,0.0073713634829639507,0.24318087351629183,252,0,False,0.29247651697730936,0.28564790538844609,20241028,0.28906221118287773,377
20241030,0.001411195581784642,1,3270.8471003524178,0.625,0.0041597093757228532,True,0.56341201915771066,300,platt,300,0,0.006180570514408232,0.22832772128314743,252,0,False,0.45123669013827405,0.45544309626548135,20241028,0.45333989320187773,377
20241031,0.0013821589477715115,1,3284.3576386415798,0.6333333333333333,-0.0023812860225077559,False,0.56367024581828473,300,platt,300,0,0.0056836663500138065,0.24318087351629183,252,0,False,0.30157774150996547,0.30244421418635259,20241028,0.302010977848159,377
20241101,0.0013977953927233561,1,3276.5878063736855,0.60833333333333328,0.01167262660412649,True,0.56295807944244081,300,platt,300,0,0.0061218821125533021,0.22832772128314743,252,0,False,0.22501825145522658,0.22202367550402921,20241028,0.22352096347962791,377
20241104,0.001372210841507317,1,3314.7495022074754,0.6333333333333333,0.023194832033475166,True,0.56700745258109064,300,platt,300,0,0.0060098302290927212,0.22832772128314743,252,0,False,0.51243604709960633,0.56057253077544622,20241028,0.53650428893752622,377
20241105,0.0025153502245442837,1,3395.5063582594435,0.6333333333333333,-0.00093909427284766256,False,0.56702750577880623,300,platt,300,0,0.011016403134970272,0.22832772128314743,252,0,False,0.26793216776348211,0.26843449011232251,20241104,0.26818332893790231,379
20241106,0.0015610193414655688,1,3389.0883869259706,0.625,0.025667752485352135,True,0.56341238679193006,300,platt,300,0,0.006836749093333966,0.22832772128314743,252,0,False,0.51048844708498586,0.49166433012732846,20241104,0.50107638860615711,379
20241107,0.0033061770517216122,1,3482.1355194218872,0.6333333333333333,-0.0052911536243717139,False,0.56359260975477499,300,platt,300,0,0.014479963418991283,0.22832772128314743,252,0,False,0.49815969715297098,0.49998784113005695,20241104,0.49907376914151397,379
20241108,-0.0014837836182216304,0,3447.1746381177854,0.58721022156488889,0.0051468919056822937,False,0.56294240340273805,300,platt,300,0,-0.0082901566323818465,0.17898137321385257,252,0,True,0.57905350025243307,0.59536694287734471,20241104,0.58721022156488889,379
20241111,-0.0012052198714599498,0,3465.8835078630887,0.65077541462131561,-0.013860141034217288,True,0.56042287756629561,300,platt,300,0,-0.0067337726257129292,0.17898137321385257,252,0,True,0.64329177818531946,0.65825905105731175,20241104,0.65077541462131561,379
20241112,-0.0019633013886766431,0,3415.2517413506603,0.61067470327128159,0.0050578174251141306,False,0.55986779548150489,300,platt,300,0,-0.010969305651325119,0.17898137321385257,252,0,True,0.60862655512509323,0.61272285141747007,20241111,0.61067470327128159,380
20241113,-0.00082944934104211307,0,3436.425093295129,0.67985694205940628,-0.01728237829465229,True,0.55812466323396293,300,platt,300,0,-0.0047123686110988796,0.17601537772077921,252,0,True,0.66027560979529598,0.69943827432351657,20241111,0.67985694205940628,380
20241114,0.0014910292272106848,1,3384.8783385831643,0.625,-0.014531047618867365,False,0.55676878164257004,300,platt,300,0,0.0083306391075073285,0.17898137321385257,252,0,False,0.52857071119043464,0.56661447353618555,20241111,0.54759259236331004,380
20241115,-0.0014286822573647948,0,3325.9677504310516,0.55222043019299971,-0.002064924998490536,True,0.55495842663635808,300,platt,300,0,-0.0079822957646981524,0.17898137321385257,252,0,True,0.54530452881137637,0.55913633157462306,20241111,0.55222043019299971,380
20241118,-0.0017975844973287607,0,3317.8737012851716,0.59999999999999998,0.0066673313579925786,False,0.55611567714234111,300,platt,300,0,-0.010043416613978876,0.17898137321385257,252,0,False,0,0,0,0,0
20241119,-0.0014336611983137052,0,3341.2127555805623,0.67899586322884664,0.0065688689853808935,False,0.55816594136038611,300,platt,300,0,-0.0080101139720317252,0.17898137321385257,252,0,True,0.66263684864823924,0.69535487780945415,20241115,0.67899586322884664,383
20241120,0.00096196170778095353,1,3371.229176738816,0.625,0.00071692626814456872,True,0.55674947112465745,300,platt,300,0,0.0053746470401228371,0.17898137321385257,252,0,False,0.52553673877114138,0.5280046866811694,20241115,0.52677071272615539,383
20241121,-0.00067328476834790344,0,3368.1346583909494,0.61420226385064569,-0.030623125020713293,True,0.55648197031664171,300,platt,300,0,-0.0037617588705358834,0.17898137321385257,252,0,True,0.62448637744710722,0.60391815025418405,20241115,0.61420226385064569,383
20241122,-0.0024602514516127846,0,3259.153487123403,0.58285529592496377,-0.0010504128377410993,True,0.55568583712377373,300,platt,300,0,-0.013745851914283833,0.17898137321385257,252,0,True,0.56197328312094008,0.60373730872898745,20241115,0.58285529592496377,383
20241125,-0.0012140583993215739,0,3259.7973051228478,0.59590923357429237,-0.0012263464126970325,True,0.55645070287928644,300,platt,300,0,-0.0068974564327412748,0.17601537772077921,252,0,True,0.60106043392966735,0.5907580332189174,20241115,0.59590923357429237,383
20241126,-0.00075770148463451367,0,3257.2872771300122,0.59999999999999998,0.015345222644189471,False,0.55992932629446901,300,platt,300,0,-0.0042616123186565479,0.1777969059544523,252,0,False,0,0,0,0,0
20241127,-0.0018803051054715391,0,3303.5555058363479,0.57558706642838153,-0.0042542418770026291,True,0.55883111284788822,300,platt,300,0,-0.010682618358802423,0.17601537772077921,252,0,True,0.56256439761718113,0.58860973523958204,20241125,0.57558706642838153,387
20241128,-0.00066565541532699743,0,3293.5045005793208,0.59999999999999998,0.0093325896973033284,False,0.56275675348286935,300,platt,300,0,-0.0037439088816175678,0.1777969059544523,252,0,False,0,0,0,0,0
20241129,0.0014582938299224127,1,3331.30664982282,0.6166666666666667,0.011281256503731685,True,0.55992789802433918,300,platt,300,0,0.0082020202887894793,0.1777969059544523,252,0,False,0.44510949863977051,0.44618246303547876,20241125,0.44564598083762463,387
20241202,0.0010533239969253672,1,3367.5256632818218,0.60833333333333328,0.0044066819257639889,True,0.56300297931928489,300,platt,300,0,0.0058851040083753442,0.17898137321385257,252,0,False,0.41773122045210997,0.43539050368704663,20241125,0.42656086206957833,387
20241203,-0.00086514791558014417,0,3375.883132772406,0.60259026261864113,-0.0041897933006695975,True,0.56612689215198186,300,platt,300,0,-0.0048337315780142007,0.17898137321385257,252,0,True,0.60693117204089797,0.59824935319638428,20241125,0.60259026261864113,387
20241204,-0.00088568426339294469,0,3361.6697826203117,0.67309507541071911,0.0012499071968796738,False,0.56820457016724801,300,platt,300,0,-0.0044374611022520811,0.19959256948606174,252,0,True,0.65486407463253116,0.69132607618890707,20241203,0.67309507541071911,390
20241205,-0.00060511484668587172,0,3366.8167556416338,0.65204131539602517,0.010454916244102108,False,0.56385725200504366,300,platt,300,0,-0.0030317503714893004,0.19959256948606174,252,0,True,0.64601171969820281,0.65807091109384752,20241203,0.65204131539602517,390
20241206,0.0012096178183423653,1,3408.1940314684384,0.60833333333333328,-0.00045301568437183803,False,0.55987289329725565,300,platt,300,0,0.0067583447183471763,0.17898137321385257,252,0,False,0.45017444895918973,0.47061602430812033,20241203,0.460395236633655,390
20241209,-0.0009085230025399401,0,3399.4430193215185,0.5739618547173635,0.0059151203854139744,False,0.55951997468076953,300,platt,300,0,-0.0050760757179709884,0.17898137321385257,252,0,True,0.5551069829618871,0.59281672647284001,20241203,0.5739618547173635,390
20241210,-0.0017002218170316767,0,3416.841417605563,0.59977587899423623,0.0028718885281266981,False,0.55947681565454754,300,platt,300,0,-0.0095627188105693837,0.1777969059544523,252,0,True,0.57685763752172425,0.6226941204667481,20241203,0.59977587899423623,390
20241211,0.00047286973135268198,1,3434.1133207187449,0.6166666666666667,0.0084514735103977667,True,0.55659431536558912,300,platt,300,0,0.0026865251063621022,0.17601537772077921,252,0,False,0.48986781143826363,0.48613018366570143,20241210,0.48799899755198251,391
20241212,-0.0008249449933015199,0,3458.6442530706759,0.60055594712454785,-0.020113131307995413,True,0.55615626183852029,300,platt,300,0,-0.0046867779621514987,0.17601537772077921,252,0,True,0.59827699421423719,0.60283490003485851,20241210,0.60055594712454785,391
20241213,0.0011646068044056815,1,3395.8284044314355,0.6166666666666667,-0.0016353771193788891,False,0.55993158949684541,300,platt,300,0,0.0065502084985889931,0.1777969059544523,252,0,False,0.46913681802209872,0.47068824532414377,20241210,0.46991253167312125,391
20241216,-0.00056591137938686816,0,3384.414836639547,0.55115265127482116,-0.0073372031654789227,True,0.55493011193478547,300,platt,300,0,-0.0031829090407897334,0.1777969059544523,252,0,True,0.56421759180485032,0.538087710744792,20241210,0.55115265127482116,391
20241217,0.0008630505037811357,1,3364.386131322703,0.60833333333333328,0.0061648646357188586,True,0.55998583965114335,300,platt,300,0,0.0048541367980960842,0.1777969059544523,252,0,False,0.5154656058472592,0.53016512716178843,20241210,0.52281536650452387,391
20241218,0.0005612752271235027,1,3384.1064496195063,0.60833333333333328,-0.003599719366765064,False,0.55999098100501687,300,platt,300,0,0.0031568334899331105,0.1777969059544523,252,0,False,0.52858577379068128,0.54255318400570496,20241217,0.53556947889819306,394
20241219,0.00069533380624364391,1,3372.3763979425903,0.60833333333333328,-0.00058272424683303292,False,0.55669476641398552,300,platt,300,0,0.0039108318702788525,0.1777969059544523,252,0,False,0.48614761647907717,0.47849973302252308,20241217,0.48232367475080012,394
20241220,0.00061639019512860227,1,3370.1453448930338,0.59999999999999998,-0.0049916431351338941,False,0.55344728624989314,300,platt,300,0,0.0035019110438544105,0.17601537772077921,252,0,False,0.39305098819608902,0.42176601610156411,20241217,0.40740850214882657,394
20241223,0.00076339142263596505,1,3353.8154209251875,0.6166666666666667,0.012613475701401811,True,0.55001248000109182,300,platt,300,0,0.0046506732348788283,0.1641464330176392,252,0,False,0.44643055785858599,0.44905064279744566,20241217,0.44774060032801583,394
20241224,-0.0009248944819293352,0,3390.3894445860378,0.69948105828143237,-5.2452785052836681e-05,True,0.54941846042066711,300,platt,300,0,-0.005254623169326348,0.17601537772077921,252,0,True,0.69994230282847947,0.69901981373438538,20241217,0.69948105828143237,394
20241225,-0.00070868381835008062,0,3390.9452876941336,0.62412878532660687,0.0013928418408699628,False,0.55005859211402586,300,platt,300,0,-0.004026260816110603,0.17601537772077921,252,0,True,0.61803617217101203,0.6302213984822016,20241224,0.62412878532660687,394
20241226,-0.00045801086033626947,0,3396.5201440587466,0.71443581266086875,0.00060784387873535906,False,0.54997903213305332,300,platt,300,0,-0.0026021070787509933,0.17601537772077921,252,0,True,0.70775427734856267,0.72111734797317484,20241224,0.71443581266086875,394
20241227,0.00067276929257564268,1,3402.4295111279966,0.6166666666666667,0.0021128235232528159,True,0.55002964071877336,300,platt,300,0,0.0038222188384181158,0.17601537772077921,252,0,False,0.45840662667697418,0.43230579335710961,20241224,0.4453562100170419,394
20241230,-0.00039181438586942348,0,3405.9908606950344,0.54545454545454541,-0.016306893332392991,True,0.55087123448973996,300,platt,300,0,-0.002226023606249765,0.17601537772077921,252,0,False,0,0,0,0,0
20241231,-0.0012818641290776604,0,3347.4664952411299,0.59657553656307616,-0.026613546363510765,True,0.55039149268413001,300,platt,300,0,-0.0078092719135718965,0.1641464330176392,252,0,True,0.59214373767226391,0.6010073354538884,20241224,0.59657553656307616,394
20250102,-0.002509583963005063,0,3254.3730299889494,0.65329652345449674,-0.015671984279097106,True,0.55257396895514188,300,platt,300,0,-0.014257754041161814,0.17601537772077921,252,0,True,0.65281364438714862,0.65377940252184497,20241231,0.65329652345449674,393
20250103,-0.0015913252520789142,0,3206.3194705048486,0.6166666666666667,-0.0014034558250828333,True,0.55672363258929647,300,platt,300,0,-0.0089502415328114714,0.1777969059544523,252,0,False,0,0,0,0,0
20250106,-0.00079077476432271466,0,3204.3868463786284,0.57349659692850485,0.0070850162030717811,False,0.55755402885867966,300,platt,300,0,-0.0044926458958441393,0.17601537772077921,252,0,True,0.57982735645847416,0.56716583739853565,20241231,0.57349659692850485,393
20250107,0.00095503831227345477,1,3232.7283336595001,0.60833333333333328,0.00016224698952105321,True,0.55346716836852838,300,platt,300,0,0.0054258799693540031,0.17601537772077921,252,0,False,0.47992705346505171,0.47097643321793026,20241231,0.47545174334149098,393
20250108,-0.0016257540379486747,0,3224.916441493323,0.6333333333333333,-0.0058122675294989268,True,0.55646074440087634,300,platt,300,0,-0.0092364318334030929,0.17601537772077921,252,0,False,0,0,0,0,0
20250109,-0.00054032650161831073,0,3209.658099092891,0.60833333333333328,-0.013349190209744899,True,0.556789204999103,300,platt,300,0,-0.0030390095863464047,0.1777969059544523,252,0,False,0,0,0,0,0
20250110,-0.0012297760305829924,0,3164.6272253784282,0.59999999999999998,-0.0024518673332988294,True,0.55689114928101435,300,platt,300,0,-0.0069167459578741725,0.1777969059544523,252,0,False,0,0,0,0,0
20250113,-0.00097228933865733144,0,3157.6818316113922,0.59999999999999998,0.025368938750393477,False,0.55697041958692028,300,platt,300,0,-0.0042583061451903293,0.22832772128314743,252,0,False,0,0,0,0,0
20250114,-0.0025712133102137194,0,3232.6068519343962,0.59999999999999998,-0.0042652131788925018,True,0.55356310083870508,300,platt,300,0,-0.011261064997995481,0.22832772128314743,252,0,False,0,0,0,0,0
20250115,0.00075612709461184721,1,3229.5568103743449,0.60833333333333328,0.002762620886936018,True,0.55347183382211884,300,platt,300,0,0.003109319757259572,0.24318087351629183,252,0,False,0.34558838882949833,0.38884107028020171,20250107,0.36721472955485002,389
20250116,-0.0015763165316204483,0,3230.9309892615474,0.60833333333333328,0.0017889810731166467,False,0.55687042720319158,300,platt,300,0,-0.0063127597015844705,0.24970323695749119,252,0,False,0,0,0,0,0
20250117,0.001096838085216672,1,3245.376952957623,0.6333333333333333,0.00078856909196600711,True,0.55312220163937309,300,platt,300,0,0.0048037885152652643,0.22832772128314743,252,0,False,0.51137860262728496,0.51987738333620159,20250107,0.51562799298174333,389
20250120,-0.00089694394575796932,0,3241.4675751539271,0.60833333333333328,-0.00054093580229364058,True,0.5534929980349198,300,platt,300,0,-0.0039283182117237359,0.22832772128314743,252,0,False,0,0,0,0,0
20250121,0.00085843321643428794,1,3245.4061749482007,0.60833333333333328,-0.0089430388846362119,False,0.55360181912892725,300,platt,300,0,0.003759653937814023,0.22832772128314743,252,0,False,0.5140606368524262,0.51320372263600467,20250107,0.51363217974421538,389
20250122,0.0008262687013683948,1,3216.2790166812861,0.60833333333333328,0.005146837820495298,True,0.55355159191183112,300,platt,300,0,0.0041397768639182533,0.19959256948606174,252,0,False,0.4989498769457214,0.52175924634253779,20250121,0.51035456164412962,388
20250123,-0.0012866497396264956,0,3226.0076107164441,0.6166666666666667,0.0069540438461370702,False,0.55671535674557193,300,platt,300,0,-0.0056351008646511706,0.22832772128314743,252,0,False,0,0,0,0,0
20250124,-0.00097460074829484552,0,3249.4563878766367,0.60833333333333328,-0.00062278901751522397,True,0.55685449970984147,300,platt,300,0,-0.004882951057769239,0.19959256948606174,252,0,False,0,0,0,0,0
20250127,0.00060532259905832567,1,3252.5683620642249,0.60833333333333328,-0.0064951379601930759,False,0.56023674457863204,300,platt,300,0,0.0030327912537876189,0.19959256948606174,252,0,False,0.27198261565318255,0.27321659512520186,20250121,0.2725996053891922,388
20250205,0.0011575612029904607,1,3233.2259295512986,0.59999999999999998,0.012748709733395591,True,0.56044252243834769,300,platt,300,0,0.0065105812543611004,0.1777969059544523,252,0,False,0.50580483259107578,0.50230592855246992,20250121,0.5040553805717729,388
20250206,-0.001317233579226603,0,3266.3511776121068,0.60833333333333328,0.01009190990660791,False,0.56355488195146652,300,platt,300,0,-0.0057690479799126617,0.22832772128314743,252,0,False,0,0,0,0,0
20250207,0.0018124912145771022,1,3309.6544666883919,0.60833333333333328,0.0056008072969591094,True,0.56359485061741055,300,platt,300,0,0.0079381128335680538,0.22832772128314743,252,0,False,0.33110365458068691,0.34098496044592919,20250205,0.33604430751330805,391
20250210,0.00074292613826709979,1,3324.6379267801822,0.6166666666666667,-0.0012380161905030107,False,0.56675438636618836,300,platt,300,0,0.003253771088731722,0.22832772128314743,252,0,False,0.50140135828560162,0.51135942434306358,20250205,0.50638039131433255,391
20250211,-0.00056197939733224306,0,3316.1922203830241,0.58204519903566188,0.0085376775787058268,False,0.564047612598509,300,platt,300,0,-0.0024612841321853198,0.22832772128314743,252,0,True,0.59425333088144183,0.56983706718988203,20250205,0.58204519903566188,391
20250212,-0.00088871867563887865,0,3343.4114047991347,0.6166666666666667,-0.0041545722737137414,True,0.56334563314178043,300,platt,300,0,-0.0044526641343777132,0.19959256948606174,252,0,False,0,0,0,0,0
20250213,0.00065975918419493567,1,3334.6812360015201,0.625,0.0042735707007142132,True,0.56660011982041991,300,platt,300,0,0.0033055297894795076,0.19959256948606174,252,0,False,0.45762182574565341,0.46018500122068101,20250205,0.45890341348316721,391
20250214,-0.00058206875162224571,0,3344.7761764228821,0.625,0.0027206902797667354,False,0.56997967368979752,300,platt,300,0,-0.003273784481780347,0.1777969059544523,252,0,False,0,0,0,0,0
20250217,-0.00052303441769341341,0,3354.0743856192857,0.58422241432906807,-0.0093386744070675931,True,0.57034788446082652,300,platt,300,0,-0.002941752078787037,0.1777969059544523,252,0,True,0.56565807735623574,0.6027867513019004,20250213,0.58422241432906807,390
20250218,-0.0011410722822900992,0,3320.6971159236059,0.6166666666666667,0.0081361637779935325,False,0.57003175597969713,300,platt,300,0,-0.0064178410538956012,0.1777969059544523,252,0,False,0,0,0,0,0
20250219,-0.00068906034199650947,0,3349.2297872526333,0.59628390708036727,-0.00022553816467374421,True,0.57036336798991238,300,platt,300,0,-0.0038755474303531004,0.1777969059544523,252,0,True,0.59619175295716231,0.59637606120357223,20250213,0.59628390708036727,390
20250220,-0.00038247999939454707,0,3349.5016924054448,0.65000000000000002,0.0084545903043027337,False,0.56899480083937048,300,platt,300,0,-0.0021512185340982824,0.1777969059544523,252,0,False,0,0,0,0,0
20250221,-0.0009117743692967328,0,3376.0318115579976,0.58922890099427372,-0.0018008277202229417,True,0.56757778180168306,300,platt,300,0,-0.0051281790557722619,0.1777969059544523,252,0,True,0.58361967312804375,0.5948381288605038,20250213,0.58922890099427372,390
20250224,0.00080586598335379586,1,3375.7458082037538,0.65000000000000002,-0.0080010611238401363,False,0.56514085301155137,300,platt,300,0,0.0035294268204711233,0.22832772128314743,252,0,False,0.53096923380114147,0.53878534084706053,20250221,0.534877287324101,390
20250225,-0.00089289486464382809,0,3343.0521382456859,0.59999999999999998,0.010213446953021954,False,0.56416229336643686,300,platt,300,0,-0.0039105845739009328,0.22832772128314743,252,0,False,0,0,0,0,0
20250226,-0.00081049968119673835,0,3377.4747373064233,0.6333333333333333,0.0023216870503834919,False,0.55931093695391432,300,platt,300,0,-0.00354972088646058,0.22832772128314743,252,0,False,0,0,0,0,0
20250227,-0.0010734899307607664,0,3384.425149343509,0.59999999999999998,-0.019823986702487306,True,0.56078095096642511,300,platt,300,0,-0.0042990629350292096,0.24970323695749119,252,0,False,0,0,0,0,0
20250228,-0.0018350429927471777,0,3314.8033106800021,0.59999999999999998,-0.0011960622811191257,True,0.56416495447739368,300,platt,300,0,-0.0080368821728464372,0.22832772128314743,252,0,False,0,0,0,0,0
20250303,-0.00098315604471378216,0,3313.6642448414409,0.5612115637136289,0.0021961905503267154,False,0.56981628767029324,300,platt,300,0,-0.0055296577824905753,0.1777969059544523,252,0,True,0.56344711092867195,0.55897601649858586,20250224,0.5612115637136289,388
20250304,-0.00066033639104981479,0,3322.0148032315419,0.66666666666666674,0.005341118802395739,False,0.56507530904735537,300,platt,300,0,-0.0037515835241244367,0.17601537772077921,252,0,False,0,0,0,0,0
20250305,-0.00057700582825170909,0,3340.0365667748874,0.66666666666666674,0.011709698088091969,False,0.56083173110074946,300,platt,300,0,-0.0035149919001849061,0.16415566369338025,252,0,False,0,0,0,0,0
20250306,-0.00076600634554486015,0,3378.508357247289,0.66666666666666674,-0.0025295035048227277,True,0.55750594614272364,300,platt,300,0,-0.0046666036627341454,0.1641464330176392,252,0,False,0,0,0,0,0
20250307,-0.00053970737608774726,0,3370.7256121555461,0.73333333333333339,-0.0018925762253546585,True,0.55519719092370112,300,platt,300,0,-0.0032879628644123518,0.1641464330176392,252,0,False,0,0,0,0,0
20250310,-0.00054744253259006957,0,3364.320219202169,0.71003369539673433,0.0040596370407492977,False,0.55730465420353992,300,platt,300,0,-0.003491198514727708,0.1568064749915164,252,0,True,0.69793874532990852,0.72212864546356015,20250303,0.71003369539673433,388
20250311,-0.00085611275353815995,0,3376.9348858019894,0.70121585642502859,-0.0023388465520912671,True,0.55655769496751406,300,platt,300,0,-0.0054683431197466272,0.15655798013966385,252,0,True,0.70622719923076105,0.69620451361929625,20250303,0.70121585642502859,388
20250312,-0.00042302483912546061,0,3370.4970926038691,0.66666666666666674,-0.0039131967258450029,True,0.56174682447010327,300,platt,300,0,-0.0026977510919006836,0.1568064749915164,252,0,False,0,0,0,0,0
20250313,-0.00068904933496201446,0,3356.414170360757,0.66666666666666674,0.018111943254716767,False,0.56563186434468471,300,platt,300,0,-0.004394265829898247,0.1568064749915164,252,0,False,0,0,0,0,0
20250314,-0.0011388732562272073,0,3415.6671527457383,0.59999999999999998,0.0019203923684252278,False,0.56393443208843808,300,platt,300,0,-0.0072629223779746531,0.1568064749915164,252,0,False,0,0,0,0,0
20250317,0.00025992041565101758,1,3427.0190207437936,0.60833333333333328,0.0010597384190349501,True,0.56031333277932815,300,platt,300,0,0.001660218248978079,0.15655798013966385,252,0,False,0.36681815913650906,0.36369344849540358,20250311,0.36525580381595635,386
20250318,-0.00024470994234612417,0,3428.920003799436,0.56192250127153209,-0.00097097192797179765,True,0.56194767917666288,300,platt,300,0,-0.0016443165244870424,0.14882167678906186,252,0,True,0.56620474890831851,0.55764025363474556,20250311,0.56192250127153209,386
20250319,-0.00043474016316328153,0,3424.9394936539984,0.56611835161852309,-0.0051017836615968593,True,0.56218096663200123,300,platt,300,0,-0.0029212153265782462,0.14882167678906186,252,0,True,0.56692537513350827,0.5653113281035379,20250311,0.56611835161852309,386
20250320,-0.00039934289540829608,0,3407.5868607555149,0.55444763513599604,-0.01294167508910804,True,0.56619168508906836,300,platt,300,0,-0.0026833651120214169,0.14882167678906186,252,0,True,0.54230609708069233,0.56658917319129976,20250311,0.55444763513599604,386
20250321,-0.0010640686579887423,0,3361.2502891126919,0.59999999999999998,0.0015446839569075443,False,0.56433636135389686,300,platt,300,0,-0.0071499574587977604,0.14882167678906186,252,0,False,0,0,0,0,0
20250324,-0.00060201389212313707,0,3367.9994961465518,0.64300545185662217,-1.5430137485838991e-05,True,0.56191346572912726,300,platt,300,0,-0.0040452029913385845,0.14882167678906186,252,0,True,0.63771648730183483,0.6482944164114095,20250320,0.64300545185662217,386
20250325,-0.00032317352566518218,0,3368.8872128777207,0.57338266538047777,-0.00037952789163531175,True,0.56898838874440971,300,platt,300,0,-0.0022945498102007688,0.14084397916683494,252,0,True,0.574552494023014,0.57221283673794154,20250320,0.57338266538047777,386
20250326,-0.00028366326098172877,0,3367.7417243386217,0.59999999999999998,0.0014995707687954773,False,0.5711112963565641,300,platt,300,0,-0.0020140247574638535,0.14084397916683494,252,0,False,0,0,0,0,0
20250327,0.00072502157160661345,1,3376.1949407296838,0.59999999999999998,-0.0066519769743386137,False,0.56779988595997788,300,platt,300,0,0.0051476930422975223,0.14084397916683494,252,0,False,0.51503245595446423,0.47986282980252287,20250320,0.49744764287849352,386
20250328,-0.00048463916331208503,0,3349.6826254764455,0.55933992818986167,-0.0046431439819236697,True,0.57035012938916196,300,platt,300,0,-0.0034409647198195945,0.14084397916683494,252,0,True,0.55718396129522085,0.56149589508450237,20250320,0.55933992818986167,386
20250331,-0.00079546765695329277,0,3333.0927217860954,0.61258103537154973,0.0038039164970045114,False,0.57032191216391104,300,platt,300,0,-0.005345106130478422,0.14882167678906186,252,0,True,0.61048652409829351,0.61467554664480595,20250328,0.61258103537154973,388
20250401,-0.00032065844268987264,0,3347.3613960153857,0.69999999999999996,0.00050516135134293094,False,0.56311709411863164,300,platt,300,0,-0.002276692582719782,0.14084397916683494,252,0,False,0,0,0,0,0
20250402,-0.00030512108431294654,0,3349.1044057392223,0.63636363636363635,-0.0024234606536959191,True,0.56831430734101229,300,platt,300,0,-0.002166376483523795,0.14084397916683494,252,0,False,0,0,0,0,0
20250403,-0.00065996624579705242,0,3339.8020877248064,0.66666666666666674,-0.073438340671686753,True,0.56586731354563202,300,platt,300,0,-0.0046857966503154377,0.14084397916683494,252,0,False,0,0,0,0,0
20250407,0.0029532713650725555,1,3105.7212298212253,0.58333333333333337,0.015815176774916839,True,0.57607141689540653,300,platt,300,0,0.020968389153321887,0.14084397916683494,252,0,False,0.39471111356754479,0.41609990738961017,20250328,0.40540551047857748,388
20250408,0.0011494406361791511,1,3149.1647219586371,0.58333333333333337,0.013117201063559847,True,0.57598367493843483,300,platt,300,0,0.0077236103031439107,0.14882167678906186,252,0,False,0.43981660643556969,0.51781449695687087,20250407,0.47881555169622025,388
20250409,0.0023034242583605167,1,3194.150475230444,0.59166666666666667,0.011556384332808811,True,0.57545683854039975,300,platt,300,0,0.014712915025511024,0.15655798013966385,252,0,False,0.26277033662629118,0.22770396062020984,20250407,0.24523714862325052,388
20250410,0.00074966516839693566,1,3226.0545490491545,0.59166666666666667,0.0045256013400263306,True,0.57871738111567106,300,platt,300,0,0.0047808304372475331,0.1568064749915164,252,0,False,0.19410058688693535,0.16695497645508675,20250407,0.18052778167101105,388
20250411,0.00078395925873120018,1,3240.765437881731,0.60833333333333328,0.0075907901200742423,True,0.57739178705373417,300,platt,300,0,0.0047759749896420581,0.1641464330176392,252,0,False,0.29612715896969277,0.26209575363824106,20250407,0.27911145630396694,388
20250414,0.00056554900415464911,1,3264.6527775323734,0.60833333333333328,0.0014879210618463645,True,0.58068039494019152,300,platt,300,0,0.0034453932001914118,0.1641464330176392,252,0,False,0.28244425437572485,0.27472063133431263,20250407,0.27858244285501876,388
20250415,0.00045699476843403045,1,3269.1556045761095,0.6166666666666667,0.0025527729716745551,True,0.57997844727486692,300,platt,300,0,0.0027839110643640818,0.16415566369338025,252,0,False,0.46526785679370991,0.43743033742176218,20250414,0.45134909710773607,391
20250416,-0.00084962323374777784,0,3273.2205309727119,0.62034022481895879,0.0013239605728185833,False,0.58304853996426376,300,platt,300,0,-0.0051757168448038132,0.16415566369338025,252,0,True,0.6159022857547537,0.62477816388316387,20250414,0.62034022481895879,391
20250417,0.00055726023637377631,1,3282.1692037124981,0.6166666666666667,-0.0011007391548171208,False,0.58335104812222949,300,platt,300,0,0.0033948970204786175,0.1641464330176392,252,0,False,0.51307640071267224,0.48779804606214228,20250414,0.50043722338740726,391
20250418,0.00039404805572293796,1,3278.0215892432484,0.60833333333333328,0.0044873084462486723,True,0.58076621564492559,300,platt,300,0,0.0025129578083064293,0.1568064749915164,252,0,False,0.40365832184630268,0.38504256813712739,20250414,0.39435044499171501,391
20250421,0.00053815772349294062,1,3293.2054106822825,0.60833333333333328,0.0025286849887105056,True,0.58407502529344135,300,platt,300,0,0.0034319866161270202,0.1568064749915164,252,0,False,0.3766666005797491,0.39664255614854399,20250414,0.38665457836414652,391
20250422,0.00042840824427637237,1,3301.1707431457498,0.59999999999999998,-0.0010309546723907825,False,0.58489615531168249,300,platt,300,0,0.0027320826152080154,0.1568064749915164,252,0,False,0.29939220362043412,0.299236794349587,20250421,0.29931449898501056,393
20250423,0.0003667267967285455,1,3297.5640617833751,0.59166666666666667,0.00028300954945637002,True,0.58236610835472913,300,platt,300,0,0.0023387222801123887,0.1568064749915164,252,0,False,0.29867939375381175,0.29006243985797298,20250421,0.29437091680589234,393
20250424,-0.00052284420755738768,0,3295.5641320162672,0.60833333333333328,-0.00067573713076518604,True,0.58075374231406696,300,platt,300,0,-0.0033343279197219043,0.1568064749915164,252,0,False,0,0,0,0,0
20250425,0.00031408901256038864,1,3296.0949421417272,0.60833333333333328,-0.0020167462807961778,False,0.5840641792824216,300,platt,300,0,0.0020030359880061177,0.1568064749915164,252,0,False,0.42109311955174694,0.43637632398378495,20250421,0.42873472176776595,393
20250428,0.00032362363789508716,1,3289.478908728122,0.59166666666666667,-0.00053518189174861508,False,0.5824663725474678,300,platt,300,0,0.0020671168445478517,0.15655798013966385,252,0,False,0.37845188898658283,0.38300936475530395,20250421,0.38073062687094339,393
20250429,-0.00032292230166810224,0,3285.5934658671954,0.59166666666666667,-0.0023195012752784683,True,0.57904150432556378,300,platt,300,0,-0.0020593684137442227,0.1568064749915164,252,0,False,0,0,0,0,0
20250430,0.00027983687832505222,1,3279.9489939109053,0.59999999999999998,0.011308857853572274,True,0.58152279610196933,300,platt,300,0,0.0017846002745753457,0.1568064749915164,252,0,False,0.27833614577900362,0.28316601198758135,20250428,0.28075107888329248,394
20250506,0.00054534553115241245,1,3317.9219276780191,0.60833333333333328,0.0080068429503392657,True,0.5840345538180215,300,platt,300,0,0.0034778253333092074,0.1568064749915164,252,0,False,0.30741010477332731,0.31523293773349065,20250428,0.31132152125340895,394
20250507,-0.00061528421787122129,0,3340.6084109183412,0.60833333333333328,0.0027913954048224277,False,0.5874201056764452,300,platt,300,0,-0.0037483861608196061,0.1641464330176392,252,0,False,0,0,0,0,0
20250508,-0.0006138387282836477,0,3349.9382151609157,0.66666666666666674,-0.0029823724719464373,True,0.58154717640286147,300,platt,300,0,-0.0037395800627460759,0.1641464330176392,252,0,False,0,0,0,0,0
20250509,-0.00031168726418049226,0,3340.9572415059647,0.69230769230769229,0.0081524862261324049,False,0.58252736580853937,300,platt,300,0,-0.0018988366573095032,0.1641464330176392,252,0,False,0,0,0,0,0
20250512,-0.00054183531071984911,0,3367.418924359451,0.55203614110893606,0.0016698699070369916,False,0.59689031895867706,300,platt,300,0,-0.0033009265005571175,0.1641464330176392,252,0,True,0.59684632982868835,0.50722595238918367,20250506,0.55203614110893606,395
20250513,-0.00030582723757170168,0,3373.8385726166575,0.66666666666666674,0.0086158560089428793,False,0.58162589975531964,300,platt,300,0,-0.0018631366637058596,0.1641464330176392,252,0,False,0,0,0,0,0
20250514,-0.00093758139182250125,0,3400.7566216027103,0.625,-0.0067940812611098078,True,0.58240348094093652,300,platt,300,0,-0.0057115384917438596,0.16415566369338025,252,0,False,0,0,0,0,0
20250515,-0.00048059027455179409,0,3379.1966101151629,0.64705882352941169,-0.003951554495011167,True,0.58016236345980388,300,platt,300,0,-0.0029055527869260669,0.1654040761931003,252,0,False,0,0,0,0,0
20250516,-0.0004884608357071695,0,3365.8170267461137,0.66666666666666674,3.5932106611236136e-05,False,0.57843610894860298,300,platt,300,0,-0.0027751031871887694,0.17601537772077921,252,0,False,0,0,0,0,0
20250519,0.00033039466494243133,1,3368.6955314239112,0.63157894736842102,0.0038291856155938664,True,0.57845822989219098,300,platt,300,0,0.0019975001375220854,0.1654040761931003,252,0,False,0.51978766245630237,0.4383017704121554,20250512,0.47904471643422886,395
20250520,-0.00034299935413320185,0,3379.3184982293387,0.65000000000000002,0.0020989931009756102,False,0.57670212638728324,300,platt,300,0,-0.0020894762106647537,0.16415566369338025,252,0,False,0,0,0,0,0
20250521,-0.00027964170610765782,0,3386.626293138931,0.61904761904761907,-0.0021800559550941845,True,0.57643807344706588,300,platt,300,0,-0.0017035154305122806,0.16415566369338025,252,0,False,0,0,0,0,0
20250522,0.00027582823450227295,1,3381.1208514262403,0.63636363636363635,-0.0094127294971863007,False,0.5747320313246076,300,platt,300,0,0.0016802846048460528,0.16415566369338025,252,0,False,0.56211757249718963,0.52243573634137186,20250512,0.54227665441928075,395
20250523,-0.0008009248246211453,0,3345.6899059834113,0.60869565217391308,-0.00045780460992428385,True,0.57751749466872382,300,platt,300,0,-0.0048790569061154081,0.16415566369338025,252,0,False,0,0,0,0,0
20250526,0.00050443646714294719,1,3348.527067540369,0.625,-0.0018380927100523081,False,0.57587568970460667,300,platt,300,0,0.0030729154011107638,0.16415566369338025,252,0,False,0.45804990322912786,0.37855056256957437,20250522,0.41830023289935114,396
20250527,-0.00037051747809245745,0,3339.4492170776634,0.59999999999999998,-0.00022603135223375759,True,0.57847582556200905,300,platt,300,0,-0.0022572374634095252,0.1641464330176392,252,0,False,0,0,0,0,0
20250528,-0.00022768805727417944,0,3339.1714373942609,0.55646356681270381,0.0070401435430464954,False,0.58308337288124201,300,platt,300,0,-0.0013871032899612995,0.1641464330176392,252,0,True,0.57917404745223899,0.53375308617316852,20250522,0.55646356681270381,396
20250529,0.00057381687569355098,1,3365.375501788375,0.62962962962962965,-0.0047445989536623046,False,0.57213265375419164,300,platt,300,0,0.0036593952878833341,0.1568064749915164,252,0,False,0.47925390774649412,0.47192974632063756,20250522,0.47559182703356584,396
20250530,0.00037131498340701124,1,3348.7302721912547,0.60714285714285721,0.0043280821408941961,True,0.57095817390577752,300,platt,300,0,0.002367982466458099,0.1568064749915164,252,0,False,0.48084959943639133,0.45140142731860566,20250522,0.46612551337749852,396
20250603,-0.00049583424163376758,0,3360.3085174275661,0.62068965517241381,0.0042318571328079368,False,0.56960395662560015,300,platt,300,0,-0.0031620775969907707,0.1568064749915164,252,0,False,0,0,0,0,0
20250604,0.0003053160684587708,1,3377.2337089957473,0.59999999999999998,0.0023386035240950953,True,0.57169563399295831,300,platt,300,0,0.0019470883997315105,0.1568064749915164,252,0,False,0.45688774739500859,0.41978705268947714,20250530,0.43833740004224286,397
20250605,0.0003107831069294536,1,3385.1502206459859,0.61290322580645162,0.00037215228812037537,True,0.57376381783011465,300,platt,300,0,0.0019819532767780647,0.1568064749915164,252,0,False,0.5030633274037376,0.47380601885870116,20250530,0.48843467313121935,397
20250606,0.00022392861500078809,1,3386.1159785058289,0.625,0.0042576591384917428,True,0.57252679296328901,300,platt,300,0,0.0013642003111741373,0.1641464330176392,252,0,False,0.55313050638448069,0.51196181872541779,20250530,0.53254616255494924,397
20250609,0.00037119574037494766,1,3401.0335807361676,0.63636363636363635,-0.0043989131505187684,False,0.57141194837045894,300,platt,300,0,0.0022613695195865687,0.1641464330176392,252,0,False,0.53695814968074151,0.49418215961292028,20250530,0.51557015464683087,397
20250610,0.00074751804242308498,1,3387.3465112545373,0.61764705882352944,0.0051700294636374267,True,0.57329287339246304,300,platt,300,0,0.0047671375972422533,0.1568064749915164,252,0,False,0.54647030600566704,0.50026613850674051,20250530,0.52336822225620372,397
20250611,0.00054792736541116327,1,3404.1801219873837,0.62857142857142856,0.00010054915829527111,True,0.5754640508468355,300,platt,300,0,0.0033380400374114919,0.1641464330176392,252,0,False,0.56958712344094198,0.48898481633977325,20250610,0.52928596989035759,399
20250612,-0.00036013056924892568,0,3401.4325988375008,0.62857142857142856,-0.0075417511839273033,True,0.57880937324718729,300,platt,300,0,-0.0022966562399187253,0.1568064749915164,252,0,False,0,0,0,0,0
20250613,0.00060824000356606304,1,3379.0500240590827,0.62857142857142856,0.0034744785010110135,True,0.57884010412182885,300,platt,300,0,0.0037054719519899739,0.1641464330176392,252,0,False,0.49792602059020902,0.43797634754318265,20250610,0.46795118406669584,399
20250616,-0.00040926264261547041,0,3387.3424196915735,0.56929124781151375,-0.00039082496202924588,True,0.58469740138612791,300,platt,300,0,-0.0024932777099791804,0.1641464330176392,252,0,True,0.6127474637396908,0.52583503188333669,20250610,0.56929124781151375,399
20250617,0.00033124264979729186,1,3388.5269529750121,0.62857142857142856,0.00041438801721049856,True,0.58215131334432613,300,platt,300,0,0.0020179704408300877,0.1641464330176392,252,0,False,0.52302085571214796,0.45959153877047637,20250610,0.49130619724131219,399
20250618,-0.00042447175938233977,0,3387.3701464513479,0.59708326404282075,-0.0078789932249344607,True,0.58539398145699095,300,platt,300,0,-0.002585933495958002,0.1641464330176392,252,0,True,0.61295549644779201,0.58121103163784948,20250617,0.59708326404282075,402
20250619,0.00065230572103708068,1,3364.3013224136057,0.62857142857142856,-0.0006581584733056367,False,0.58217218148879546,300,platt,300,0,0.0039739256531208557,0.1641464330176392,252,0,False,0.50508769704786516,0.45377513344115644,20250617,0.47943141524451083,402
20250620,0.00024672647389336011,1,3360.7243751446927,0.59999999999999998,0.0064544271229396433,True,0.58177653194036105,300,platt,300,0,0.0015734457005471781,0.1568064749915164,252,0,False,0.523232324840325,0.45914328159355794,20250617,0.49118780321694144,402
20250623,0.00078374634566615801,1,3384.231902221572,0.61111111111111116,0.011528451657058847,True,0.5840171070447423,300,platt,300,0,0.0049981759089257035,0.1568064749915164,252,0,False,0.44917466393873745,0.4188807220724059,20250617,0.43402769300557165,402
20250624,-0.00081301949558732281,0,3417.7850131560567,0.6216216216216216,0.01035138629104071,False,0.58618234827087368,300,platt,300,0,-0.0051848592070659651,0.1568064749915164,252,0,False,0,0,0,0,0
20250625,-0.00076566844621045883,0,3453.3274700635434,0.60526315789473684,-0.0021760004185217285,True,0.58467577031633389,300,platt,300,0,-0.0048846011786424113,0.15675147636582745,252,0,False,0,0,0,0,0
20250626,0.0003052897225351098,1,3449.506177381661,0.61538461538461542,-0.0070253812912187685,False,0.58687591390143523,300,platt,300,0,0.001946920384197315,0.1568064749915164,252,0,False,0.50361023947185235,0.48055015760582959,20250623,0.492080198538841,402
20250627,0.00077281901376694689,1,3426.873007501209,0.59999999999999998,0.0058988208929040553,True,0.58533714270782378,300,platt,300,0,0.0049284891699067799,0.1568064749915164,252,0,False,0.37064341157520359,0.32064361082916853,20250623,0.34564351120218606,402
20250630,0.00050622969132689175,1,3446.1692705082869,0.6097560975609756,0.0038676405145752213,True,0.58416927488971582,300,platt,300,0,0.0032283723701733613,0.1568064749915164,252,0,False,0.45613630939414868,0.39161658756360368,20250623,0.42387644847887618,402
20250701,0.00034250328537881457,1,3458.9316898445099,0.61904761904761907,-0.00085460262366199302,False,0.58311140748085366,300,platt,300,0,0.0021842419797865158,0.1568064749915164,252,0,False,0.53538576004541361,0.47782022066618679,20250623,0.50660299035580025,402
20250702,0.0002467735937899374,1,3455.6449515363456,0.60465116279069764,0.0018404000194049974,True,0.58153371306314616,300,platt,300,0,0.0015737461976827705,0.1568064749915164,252,0,False,0.50288324006390839,0.4539808255165132,20250623,0.47843203279021079,402
20250703,0.00030694385940913571,1,3462.2129789231603,0.61363636363636365,0.0032268460089543982,True,0.5803990614084612,300,platt,300,0,0.00195746929089339,0.1568064749915164,252,0,False,0.48022666156116367,0.4432619477684378,20250702,0.46174430466480076,405
20250704,0.00076424234055810563,1,3474.9728933525726,0.62222222222222223,0.00023266870165628006,True,0.58272101629247952,300,platt,300,0,0.0048737932575772334,0.1568064749915164,252,0,False,0.51405405372839574,0.46643699160120788,20250702,0.49024552266480181,405
20250707,-0.00021923905637228678,0,3472.3656548919348,0.63043478260869568,0.0070104546418701119,False,0.58175464876458505,300,platt,300,0,-0.0013986410938843438,0.15675147636582745,252,0,False,0,0,0,0,0
20250708,-0.00045846020586335707,0,3495.8718467539602,0.61702127659574468,-0.001265427092508653,True,0.57999364657386276,300,platt,300,0,-0.0029283732803295571,0.15655798013966385,252,0,False,0,0,0,0,0
20250709,-0.00039178619939895951,0,3491.6809714120827,0.625,0.0047615414553958679,False,0.57916267959010526,300,platt,300,0,-0.0024985332998535685,0.1568064749915164,252,0,False,0,0,0,0,0
20250710,-0.00063687382849165379,0,3507.4465755152464,0.61224489795918369,0.00014115239734846519,False,0.5806460172411656,300,platt,300,0,-0.0040615276156556043,0.1568064749915164,252,0,False,0,0,0,0,0
20250711,-0.00087265847316049245,0,3507.1140141241253,0.59999999999999998,0.0026986102012171997,False,0.58201351015864045,300,platt,300,0,-0.0055651941235698677,0.1568064749915164,252,0,False,0,0,0,0,0
20250714,-0.00033912578466895835,0,3518.456195999815,0.58823529411764708,-0.0041626300434777219,True,0.57988777281811554,300,platt,300,0,-0.002162702686144216,0.1568064749915164,252,0,False,0,0,0,0,0
20250715,-0.0007877467599074257,0,3502.2377485518205,0.59615384615384615,-0.0003486163818372523,True,0.57906611458728652,300,platt,300,0,-0.0050254503381453198,0.15675147636582745,252,0,False,0,0,0,0,0
20250716,0.00040669903674565676,1,3505.2018826902017,0.60377358490566035,0.0037241526422531201,True,0.58152940079135695,300,platt,300,0,0.0025945467703060118,0.15675147636582745,252,0,False,0.47937972628061581,0.39946936678181266,20250704,0.43942454653121421,399
20250717,-0.00032372682583699068,0,3515.6870092438621,0.61111111111111116,0.0050207779714972478,False,0.58071309796022141,300,platt,300,0,-0.0020652234565336739,0.15675147636582745,252,0,False,0,0,0,0,0
20250718,-0.00030047355196583279,0,3533.4206814287691,0.59999999999999998,0.0071604537772953503,False,0.5819649131690372,300,platt,300,0,-0.0020190173800535829,0.14882167678906186,252,0,False,0,0,0,0,0
20250721,0.00030382372860664718,1,3560.8727490354449,0.58181818181818179,0.0061997737395385055,True,0.58397837153226106,300,platt,300,0,0.0020415287286225342,0.14882167678906186,252,0,False,0.46661953600222661,0.44805104806713408,20250704,0.45733529203468037,399
20250722,-0.00062812344103030892,0,3579.6112490805754,0.59999999999999998,0.00012197569581906542,False,0.58522910670658634,300,platt,300,0,-0.0042206448320065895,0.14882167678906186,252,0,False,0,0,0,0,0
20250723,-0.00059249783712242519,0,3580.1754961830716,0.59999999999999998,0.00654018733226569,False,0.58518526715787966,300,platt,300,0,-0.0039812603238050118,0.14882167678906186,252,0,False,0,0,0,0,0
20250724,0.0004971288256552022,1,3607.5194107794305,0.58181818181818179,-0.0033478963700773745,False,0.58722117822574948,300,platt,300,0,0.0035296420095198718,0.14084397916683494,252,0,False,0.41793453041404061,0.33407648805241613,20250721,0.3760055092332284,395
20250725,0.00037427240320945783,1,3595.0003060054373,0.59999999999999998,0.0011914331349476281,True,0.5817523366038474,300,platt,300,0,0.0026573546517463711,0.14084397916683494,252,0,False,0.46906343579152782,0.34189217316164205,20250721,0.40547780447658494,395
20250728,0.00037840900045101581,1,3599.2983917060151,0.66666666666666674,0.0032725421060051385,True,0.57466523217483112,300,platt,300,0,0.002686724719718237,0.14084397916683494,252,0,False,0.57815747414723107,0.44679525257077146,20250721,0.51247636335900126,395
20250729,0.00039774930055229966,1,3611.1470601447704,0.66666666666666674,0.0016636787545862841,True,0.57847835366427147,300,platt,300,0,0.0028240419143593693,0.14084397916683494,252,0,False,0.61674673795005075,0.47992783520049942,20250721,0.54833728657527514,395
20250730,-0.00070126157294408866,0,3613.1811368196381,0.73333333333333339,-0.011756590332422823,True,0.57234203168415121,300,platt,300,0,-0.0047120929428718155,0.14882167678906186,252,0,False,0,0,0,0,0
20250731,-0.0007491149029845574,0,3570.5314564859132,0.57056350494402186,-0.0037099433500684675,True,0.58741170104628404,300,platt,300,0,-0.0050336410605448583,0.14882167678906186,252,0,True,0.62942226194295903,0.5117047479450848,20250729,0.57056350494402186,394
20250801,0.00053213453701924198,1,3561.8461733029039,0.66666666666666674,0.0065610438882908184,True,0.58190669923641891,300,platt,300,0,0.0035756520723354262,0.14882167678906186,252,0,False,0.44013148268379798,0.30682243213997029,20250729,0.37347695741188414,394
20250804,0.00063638412974018326,1,3585.5891608522779,0.66666666666666674,0.0095690329563560272,True,0.58190669923641891,300,platt,300,0,0.0040584046658443994,0.1568064749915164,252,0,False,0.51217532154877254,0.41407207159956227,20250729,0.46312369657416741,394
20250805,-0.00053414245101153219,0,3615.6652875511622,0.73333333333333339,0.0045326489601829056,False,0.57517776118147446,300,platt,300,0,-0.0034063800684278542,0.1568064749915164,252,0,False,0,0,0,0,0
20250806,-0.00033524282291510062,0,3632.7766292912652,0.73333333333333339,0.0015607341661376672,False,0.5706178922815428,300,platt,300,0,-0.0022526478006982139,0.14882167678906186,252,0,False,0,0,0,0,0
20250807,0.00039127995623206019,1,3641.0907285879471,0.6333333333333333,-0.0012469548721852908,False,0.57795350231800013,300,platt,300,0,0.0024961803569804272,0.15675147636582745,252,0,False,0.52534236885775309,0.47382142009675715,20250804,0.4995818944772551,392
20250808,-0.00032776097406849456,0,3633.93664687308,0.73333333333333339,0.0034162757565545654,False,0.56379248483026234,300,platt,300,0,-0.0022023738822205263,0.14882167678906186,252,0,False,0,0,0,0,0
20250811,0.00044715546853463885,1,3649.1777204536402,0.6333333333333333,0.0050365359270108101,True,0.57759148027818374,300,platt,300,0,0.0030046393655974719,0.14882167678906186,252,0,False,0.47196135280153356,0.40480637544747033,20250804,0.43838386412450192,392
20250812,0.000363171443410053,1,3667.2490566225315,0.6333333333333333,0.0047865504454724928,True,0.57769074466215509,300,platt,300,0,0.0023168613899525992,0.15675147636582745,252,0,False,0.55196960481803081,0.43007212839777409,20250804,0.49102086660790245,392
20250813,0.00037880779375032674,1,3684.8601251742452,0.6333333333333333,-0.0046212468217424751,False,0.58112780409099729,300,platt,300,0,0.0024157662734961751,0.1568064749915164,252,0,False,0.55484516909828152,0.50099237982647415,20250804,0.52791877446237789,392
20250814,-0.00072799464539000189,0,3663.7734494195702,0.625,0.0082717509337253414,False,0.57903162800880559,300,platt,300,0,-0.0046442602153934677,0.15675147636582745,252,0,False,0,0,0,0,0
20250815,0.00071273784068994525,1,3699.4053282236964,0.6166666666666667,0.0084551637706480332,True,0.57691366887638762,300,platt,300,0,0.004789207164357997,0.14882167678906186,252,0,False,0.43298178448892816,0.33285261823365175,20250813,0.38291720136128993,390
20250818,0.00070274304907171818,1,3730.6471452718251,0.625,-0.00019833545746850145,False,0.57899052550694474,300,platt,300,0,0.0047220476494682839,0.14882167678906186,252,0,False,0.42225082764991828,0.36138444824532467,20250813,0.39181763794762148,390
20250819,0.00046024739577157453,1,3729.0033745492656,0.6166666666666667,0.01044257944228022,True,0.57689164306774776,300,platt,300,0,0.0030926099322474638,0.14882167678906186,252,0,False,0.44607315048973706,0.34404028708408046,20250813,0.39505671878690873,390
20250820,0.00094367358417791884,1,3769.764473266936,0.6166666666666667,0.0012979890873860978,True,0.58023481724112813,300,platt,300,0,0.0067001343597378931,0.14084397916683494,252,0,False,0.39762970050717977,0.28494370326890378,20250813,0.34128670188804178,390
20250821,0.00047751361763143487,1,3772.8996510781844,0.6166666666666667,0.014494528372088089,True,0.5802286975205756,300,platt,300,0,0.0032086294680596645,0.14882167678906186,252,0,False,0.42468766148104381,0.40183708037985766,20250813,0.41326237093045071,390
20250822,0.0008878966841160211,1,3829.1560789079058,0.6166666666666667,0.015108765862734019,True,0.58354394996403602,300,platt,300,0,0.0056643593074928557,0.15675147636582745,252,0,False,0.43992124037622626,0.35374553359596866,20250821,0.39683338698609749,393
20250825,-0.0007124929938658104,0,3880.7946894975048,0.625,-0.0039087057635778244,True,0.5823030031812283,300,platt,300,0,-0.0045437727868339493,0.1568064749915164,252,0,False,0,0,0,0,0
20250826,-0.00047247463153218269,0,3866.554287639924,0.625,-0.017586706793693008,True,0.58233166523754254,300,platt,300,0,-0.0030131066434453341,0.1568064749915164,252,0,False,0,0,0,0,0
20250827,0.0014519748009261687,1,3805.8679122895019,0.625,0.011379873205885627,True,0.58235061643163843,300,platt,300,0,0.00925966099936067,0.1568064749915164,252,0,False,0.44428004864864384,0.37848796740051727,20250821,0.41138400802458053,393
20250828,0.0014502855638933076,1,3849.1717138226381,0.625,0.0037282780969722928,True,0.58236941318492907,300,platt,300,0,0.0088348189228623728,0.16415566369338025,252,0,False,0.46010006902140133,0.3556201328630027,20250821,0.40786010094220204,393
20250829,0.00052895716164940776,1,3859.9680783273534,0.625,0.0045628126646448663,True,0.58238805410659245,300,platt,300,0,0.0029750639293178427,0.1777969059544523,252,0,False,0.54340319387180325,0.45496660161718744,20250828,0.49918489774449537,393
20250901,0.00046992778687034175,1,3877.3516194238205,0.625,-0.0044889339534015527,False,0.58239733115301795,300,platt,300,0,0.0026430594185408774,0.1777969059544523,252,0,False,0.48979612781122256,0.41458083692771031,20250828,0.4521884823694664,393
20250902,-0.0010531145244119387,0,3854.0703436793415,0.6166666666666667,-0.011553981000242297,True,0.58357281397500393,300,platt,300,0,-0.0059231318945545865,0.1777969059544523,252,0,False,0,0,0,0,0
20250903,0.0013827172416060536,1,3818.8296704626605,0.625,-0.0125029480354375,False,0.58239379951163261,300,platt,300,0,0.0077769477156159044,0.1777969059544523,252,0,False,0.49535908214367802,0.48085073366727521,20250828,0.48810490790547661,393
20250904,0.0013373362666377802,1,3770.9121424167274,0.625,0.012384476078991291,True,0.58239379951163261,300,platt,300,0,0.0080852678931353089,0.1654040761931003,252,0,False,0.42904206437360459,0.30001466309145458,20250828,0.36452836373252961,393
20250905,0.0013830895359869492,1,3817.7873486341305,0.625,0.0037577301677269581,True,0.58240304008017763,300,platt,300,0,0.0077790416462098985,0.1777969059544523,252,0,False,0.34630690851752904,0.26235190583576912,20250904,0.30432940717664908,392
20250908,-0.00059781459480163243,0,3824.5529587775591,0.625,-0.0051082345810736784,True,0.58574373377189326,300,platt,300,0,-0.003183752009310772,0.18777046486451973,252,0,False,0,0,0,0,0
20250909,0.00090131094165527828,1,3810.7238542080704,0.6333333333333333,0.0012945945862889996,True,0.58460738169201121,300,platt,300,0,0.004652507842845926,0.19372582961707571,252,0,False,0.45197536390033638,0.37214252831069,20250904,0.41205894610551319,392
20250910,-0.00069037775751957565,0,3809.5893272767753,0.64166666666666672,0.016548934778496172,False,0.58351757095094547,300,platt,300,0,-0.0035636846097611098,0.19372582961707571,252,0,False,0,0,0,0,0
20250911,-0.0016275411712930224,0,3869.002174400001,0.6333333333333333,-0.0012156448721230007,True,0.58128604299430831,300,platt,300,0,-0.0084012605573044602,0.19372582961707571,252,0,False,0,0,0,0,0
20250912,0.00049594407060705992,1,3872.5180003261812,0.64166666666666672,-0.0026080721781933658,False,0.58014571860101005,300,platt,300,0,0.0027893852704844596,0.1777969059544523,252,0,False,0.5678788181389689,0.49964931573730192,20250909,0.53376406693813538,393
20250915,-0.00044146406020106763,0,3858.799326406323,0.6333333333333333,0.00035267419514894982,False,0.58127720514853132,300,platt,300,0,-0.0024829681812019895,0.1777969059544523,252,0,False,0,0,0,0,0
20250916,0.00065488401096211349,1,3864.3941737064829,0.6333333333333333,0.0037483960793969207,True,0.58120924645091199,300,platt,300,0,0.0039592978966103099,0.1654040761931003,252,0,False,0.43776062065875382,0.41440503514834715,20250909,0.42608282790355045,393
20250917,0.00057837197771414906,1,3878.5828669526272,0.64166666666666672,-0.011527546506552189,False,0.58339873592784075,300,platt,300,0,0.0034967214292768159,0.1654040761931003,252,0,False,0.50764898450809204,0.4770646619738127,20250909,0.49235682324095237,393
20250918,-0.0017146180682520861,0,3825.0863730481497,0.6333333333333333,-0.0030187468280687968,True,0.58458218092342062,300,platt,300,0,-0.010445074081968637,0.16415566369338025,252,0,False,0,0,0,0,0
20250919,0.00058339423351300309,1,3822.3180181274638,0.64166666666666672,0.0022216757544992749,True,0.58339968346504645,300,platt,300,0,0.0032812395152841184,0.1777969059544523,252,0,False,0.33419343042716004,0.32944226120031517,20250917,0.33181784581373763,395
20250922,0.00047202457113813053,1,3830.3835821332791,0.65000000000000002,-0.0017614118918979349,False,0.58222927835398341,300,platt,300,0,0.0026548525611522901,0.1777969059544523,252,0,False,0.46774695840796998,0.45455504553645731,20250917,0.46115100197221365,395
20250923,0.0010980454173836166,1,3826.0292458822419,0.64166666666666672,0.0083231011132434141,True,0.57994433208768736,300,platt,300,0,0.0066890498486522603,0.16415566369338025,252,0,False,0.50065938602892446,0.48314219474986547,20250917,0.49190079038939494,395
20250924,0.00093824333705874296,1,3857.2578541175585,0.64166666666666672,-8.8254171598967091e-05,False,0.57994433208768736,300,platt,300,0,0.0052770509814107818,0.1777969059544523,252,0,False,0.50826962267857234,0.49577965977497629,20250917,0.50202464122677437,395
20250925,-0.00044134249615301874,0,3851.6014740327541,0.64166666666666672,-0.0065388332775672131,True,0.57670974315450718,300,platt,300,0,-0.0026682685597045099,0.1654040761931003,252,0,False,0,0,0,0,0
20250926,0.00049296421735390303,1,3829.9931192782378,0.65000000000000002,0.0089928805524193134,True,0.57532641839677323,300,platt,300,0,0.0030030289924975785,0.16415566369338025,252,0,False,0.37611900884235522,0.36838235073343217,20250924,0.37225067978789372,397
20250929,0.0012380367043714109,1,3867.313656016398,0.65000000000000002,0.0052415621598651541,True,0.57882613291272733,300,platt,300,0,0.0074849225778817578,0.1654040761931003,252,0,False,0.35734042239137881,0.30924255889606728,20250924,0.33329149064372304,397
20250930,-0.00039334121055535013,0,3881.2501436371672,0.65000000000000002,0.013185149372714422,False,0.57912313622172862,300,platt,300,0,-0.0022123062740817077,0.1777969059544523,252,0,False,0,0,0,0,0
20251009,0.00092696194989521383,1,3937.6190427267384,0.64166666666666672,-0.0093910928302395336,False,0.58021272433537741,300,platt,300,0,0.0052136000056867207,0.1777969059544523,252,0,False,0.40369169435823982,0.4304428715963633,20250924,0.41706728297730156,397
20251010,0.00086002703985065345,1,3900.3796495410579,0.6333333333333333,-0.0019311895646839661,False,0.58135625184605944,300,platt,300,0,0.0048371316431736651,0.1777969059544523,252,0,False,0.34947690969621714,0.33927383921378401,20250924,0.34437537445500055,397
20251013,0.0017620224580314487,1,3896.3555902269627,0.6333333333333333,-0.0062407214990133353,False,0.5780367869663311,300,platt,300,0,0.009910310016771836,0.1777969059544523,252,0,False,0.39002571130921393,0.34205619536505899,20251010,0.36604095333713649,401
20251014,0.001218667902514108,1,3869.9393303963002,0.625,0.012154674720557868,True,0.57924686132286718,300,platt,300,0,0.0068542694597076076,0.1777969059544523,252,0,False,0.44154825769501116,0.34533704134455651,20251010,0.3934426495197838,401
20251015,0.00093148116951913664,1,3915.8536494804639,0.6333333333333333,0.0010271689182290711,True,0.57774024467603879,300,platt,300,0,0.0056315490582691738,0.1654040761931003,252,0,False,0.35918418430513671,0.27839571064203444,20251010,0.31878994747358558,401
20251016,-0.00053902175194057858,0,3914.1170679224415,0.6333333333333333,-0.019527131719603741,True,0.58109508778197827,300,platt,300,0,-0.0032836013075211072,0.16415566369338025,252,0,False,0,0,0,0,0
20251017,0.0014150650926214607,1,3845.1888036892378,0.64166666666666672,0.0062861557870628193,True,0.58326994320606618,300,platt,300,0,0.0090242771715773797,0.1568064749915164,252,0,False,0.49348960752562449,0.44052155775741159,20251010,0.46700558264151804,401
20251020,0.00043869813952588483,1,3865.5876824949482,0.64166666666666672,0.013571702277646036,True,0.58335827207315927,300,platt,300,0,0.0027977042373385375,0.1568064749915164,252,0,False,0.50879647425074748,0.46782149251745203,20251017,0.48830898338409978,405
20251021,-0.0008104152263642278,0,3913.1583447536191,0.64166666666666672,-0.0006574008200835868,True,0.58342344816525593,300,platt,300,0,-0.0051700643920754939,0.15675147636582745,252,0,False,0,0,0,0,0
20251022,-0.00040055782581753654,0,3912.1899137649671,0.59919763676892379,0.0022107909800035408,False,0.59284260304399061,300,platt,300,0,-0.0025544724848843626,0.1568064749915164,252,0,True,0.63044252397103373,0.56795274956681385,20251017,0.59919763676892379,405
20251023,0.00081235725986939856,1,3925.5964983209205,0.65000000000000002,0.0071133306535182683,True,0.58239305344623815,300,platt,300,0,0.0049113496992723169,0.1654040761931003,252,0,False,0.53454090099623652,0.52160567816987879,20251017,0.52807328958305766,405
20251024,0.00038959909765826046,1,3951.8505377958691,0.65000000000000002,0.011804891842073895,True,0.58585963133988317,300,platt,300,0,0.0021360132618718879,0.18239544885448727,252,0,False,0.55288283103799207,0.50986820293168889,20251017,0.53137551698484042,405
20251027,0.00064780932158900711,1,3999.5337579049738,0.65833333333333333,-0.0021818166351822432,False,0.58815062998206591,300,platt,300,0,0.0036435354041254339,0.1777969059544523,252,0,False,0.42689729627070705,0.35667693538157125,20251024,0.39178711582613912,409
20251028,-0.00061349008270779174,0,3985.7771641897316,0.65833333333333333,0.0070475230841477998,False,0.58818934143839818,300,platt,300,0,-0.0033635163956159137,0.18239544885448727,252,0,False,0,0,0,0,0
20251029,-0.00052822250357926527,0,4014.2094835839771,0.65833333333333333,-0.0073276331059367594,True,0.58473887932655144,300,platt,300,0,-0.0028960289683580553,0.18239544885448727,252,0,False,0,0,0,0,0
20251030,0.00078674940901647585,1,3990.0374918482075,0.65833333333333333,-0.0080540754864028008,False,0.58497496430259821,300,platt,300,0,0.0040611487408343449,0.19372582961707571,252,0,False,0.50307754733867682,0.46610974023529167,20251024,0.48459364378698422,409
20251031,0.00065362090277122653,1,3957.3749334100708,0.65000000000000002,0.0054947797481028626,True,0.58585800386328679,300,platt,300,0,0.0035835373463330043,0.18239544885448727,252,0,False,0.45950673181747564,0.4121199391106799,20251024,0.43581333546407774,409
20251103,0.00083101094208621392,1,3979.825232213132,0.65000000000000002,-0.0041077869907730769,False,0.58593954017994676,300,platt,300,0,0.0041005042636251422,0.20266067016634198,252,0,False,0.41944942471712227,0.33212265290085491,20251031,0.37578603880898859,412
20251104,0.00093701348750490471,1,3963.8967476950279,0.65000000000000002,0.0022883521127543549,True,0.58244969159566962,300,platt,300,0,0.0048368020379989272,0.19372582961707571,252,0,False,0.44358169647143286,0.38037067865309865,20251031,0.41197618756226573,412
20251105,0.0011284476467993756,1,3973.7273889036978,0.65000000000000002,0.0097024920310477825,True,0.58253205335616665,300,platt,300,0,0.0058249725864119367,0.19372582961707571,252,0,False,0.39018610903302614,0.29955296568557493,20251031,0.34486953735930054,412
20251106,0.00072559421010001018,1,4010.6679073789114,0.65000000000000002,-0.0025461106090711727,False,0.58601675874070192,300,platt,300,0,0.0035803405244068777,0.20266067016634198,252,0,False,0.43044230134524214,0.38386387632768454,20251031,0.40715308883646334,412
20251107,-0.00035925096332176332,0,3996.1195742638424,0.65000000000000002,0.0052635914491447888,False,0.58593016435613066,300,platt,300,0,-0.0018544298611696207,0.19372582961707571,252,0,False,0,0,0,0,0
20251110,0.00054568241370386795,1,4020.7900778197995,0.65000000000000002,-0.0039415744379656115,False,0.58249785896506001,300,platt,300,0,0.0028167767549762473,0.19372582961707571,252,0,False,0.49339962876061588,0.4634414723663321,20251106,0.47842055056347399,414
20251111,-0.0006572758589042984,0,4000.1266840604744,0.64166666666666672,-0.00065404909855149018,True,0.58358143950219932,300,platt,300,0,-0.0033928147847062501,0.19372582961707571,252,0,False,0,0,0,0,0
20251112,0.00076478463703282343,1,4003.1988453120671,0.64166666666666672,0.0073401438289804055,True,0.5836225857117614,300,platt,300,0,0.0039477680314727245,0.19372582961707571,252,0,False,0.47753449948234933,0.40538884263664648,20251106,0.44146167105949791,414
20251113,0.00068129028394699242,1,4032.2464600167132,0.64166666666666672,-0.0096808756379077598,False,0.58698552775934587,300,platt,300,0,0.0035167756684467487,0.19372582961707571,252,0,False,0.4938641601688033,0.55148081928710668,20251106,0.52267248972795499,414
20251114,0.00084659380968003317,1,3993.870425909437,0.6333333333333333,-0.0046253192682677025,False,0.58483667306218479,300,platt,300,0,0.0043700616038317448,0.19372582961707571,252,0,False,0.55953473219520244,0.48475358974106164,20251106,0.5221441609681321,414
20251117,-0.00064689357432098102,0,3969.4653162109003,0.59999999999999998,-0.0081121394001885117,True,0.58984887128971042,300,platt,300,0,-0.0033556962129425065,0.19277477258697978,252,0,False,0,0,0,0,0
20251118,-0.00078646644045947118,0,3936.7145692151676,0.59999999999999998,0.0017587890146362195,False,0.58983717793583867,300,platt,300,0,-0.004079716603502247,0.19277477258697978,252,0,False,0,0,0,0,0
20251119,0.00058677434080488115,1,3949.0582471700864,0.64166666666666672,-0.0039757345196890226,False,0.58033158396366946,300,platt,300,0,0.0030288905819359085,0.19372582961707571,252,0,False,0.45912265207403197,0.47536088080274791,20251114,0.46724176643838994,418
20251120,-0.00080988191740322308,0,3927.8675127167335,0.59999999999999998,-0.024461752113531299,True,0.58311300162795887,300,platt,300,0,-0.0042011820661741681,0.19277477258697978,252,0,False,0,0,0,0,0
20251121,-0.0015931013531014743,0,3828.7814302775241,0.59999999999999998,0.00048885355483907489,False,0.58653788947529806,300,platt,300,0,-0.0082234844793306408,0.19372582961707571,252,0,False,0,0,0,0,0
20251124,-0.00077815085628338808,0,3833.7799176408162,0.59999999999999998,0.008668056465791274,False,0.58656545920902814,300,platt,300,0,-0.0040167635767595078,0.19372582961707571,252,0,False,0,0,0,0,0
20251125,-0.00075382554339625634,0,3867.1054779598344,0.65000000000000002,-0.0015086216029528421,True,0.57894765699563566,300,platt,300,0,-0.0038911979103988894,0.19372582961707571,252,0,False,0,0,0,0,0
20251126,0.00040141837019902276,1,3865.7355546039967,0.65000000000000002,0.0028660640522226721,True,0.57913509924497053,300,platt,300,0,0.0019807413538578665,0.20266067016634198,252,0,False,0.395845048490087,0.38310747014155522,20251119,0.38947625931582108,418
20251127,0.00067198351560274932,1,3877.8635104354848,0.65000000000000002,0.0034415244564016678,True,0.57934663132868203,300,platt,300,0,0.003315806244256429,0.20266067016634198,252,0,False,0.3698753965614428,0.35555519460785329,20251119,0.36271529558464805,418
20251128,0.00088539663391281492,1,3892.0391499861262,0.65000000000000002,0.0065344660883019934,True,0.57958139433819034,300,platt,300,0,0.0034226414064077956,0.258688109205713,252,0,False,0.36889722419487064,0.35562726417932256,20251119,0.36226224418709663,418
20251201,0.00050442096747569342,1,3915.9804067436676,0.65000000000000002,-0.0041631258571620533,False,0.57976284770805486,300,platt,300,0,0.0024564093550605583,0.2053489034458012,252,0,False,0.55946871790838737,0.52195954440892867,20251119,0.54071413115865807,418
20251202,-0.0005974707641168501,0,3895.3828312720407,0.56300215203695791,-0.0050573264579144572,True,0.58767670839018882,300,platt,300,0,-0.0021471875793123833,0.27825736785799798,252,0,True,0.56423380040714,0.56177050366677583,20251119,0.56300215203695791,418
20251203,0.00096856615325036479,1,3881.7556991548786,0.64166666666666672,-0.00056892734078684004,False,0.57745335614348048,300,platt,300,0,0.0033513062870726071,0.2890115287243456,252,0,False,0.37220767840823105,0.30872902518267004,20251202,0.34046835179545054,421
20251204,0.00093164670873142539,1,3879.4041700716684,0.6333333333333333,0.0069700053405841178,True,0.57848744563011545,300,platt,300,0,0.003223562440029908,0.2890115287243456,252,0,False,0.42993459120525834,0.49429352839350871,20251202,0.46211405979938353,421
20251205,0.0013808956953935843,1,3908.1969702147894,0.6333333333333333,0.0054499740135793839,True,0.57855003931932536,300,platt,300,0,0.0047779951944777249,0.2890115287243456,252,0,False,0.34643983377102533,0.34003189790437627,20251202,0.34323586583770083,421
20251208,0.0011848652409260768,1,3928.7273033879096,0.64166666666666672,-0.0037094575443942235,False,0.57746246268106172,300,platt,300,0,0.003374115715898371,0.35116319080082348,252,0,False,0.42733892119321787,0.4003627798723936,20251202,0.41385085053280574,421
20251209,0.00081941208777987088,1,3912.7251092564761,0.6333333333333333,-0.002308620062362654,False,0.57855053824040481,300,platt,300,0,0.0023334224920078081,0.35116319080082348,252,0,False,0.40823661932621574,0.37699684334859929,20251202,0.39261673133740749,421
20251210,0.0011179715850734291,1,3904.8566436956921,0.6333333333333333,-0.0069679343345052658,False,0.57523876583524336,300,platt,300,0,0.0031836240652783347,0.35116319080082348,252,0,False,0.3728971725290639,0.39850531650666826,20251209,0.38570124451786608,425
20251211,0.0013191817155441331,1,3878.4272097564153,0.625,0.0041380804920310155,True,0.57305041492868625,300,platt,300,0,0.0045644605298854586,0.2890115287243456,252,0,False,0.37225902441903752,0.37531656658761736,20251209,0.37378779550332741,425
20251212,0.0015604777686617395,1,3895.41493749949,0.6333333333333333,-0.005508587215582228,False,0.57192695341007105,300,platt,300,0,0.0044437395761870386,0.35116319080082348,252,0,False,0.39821686334222117,0.38096072046966151,20251209,0.38958879190594131,425
20251215,-0.001045330497301938,0,3863.8776443220786,0.6333333333333333,-0.011145264113337938,True,0.57191186633414848,300,platt,300,0,-0.0036169162590706096,0.2890115287243456,252,0,False,0,0,0,0,0
20251216,0.0014766756172571998,1,3830.4599064733256,0.6333333333333333,0.011887015934038514,True,0.57524171759227938,300,platt,300,0,0.005109400388887699,0.2890115287243456,252,0,False,0.42489960388340819,0.39941473255960436,20251209,0.41215716822150628,425
20251217,0.0020448206501063066,1,3878.1915233536415,0.6333333333333333,0.0015743057183883469,True,0.57855581184111371,300,platt,300,0,0.007075221736419458,0.2890115287243456,252,0,False,0.38170898389252905,0.42423830105919969,20251216,0.40297364247586437,427
20251218,-0.0010202973212539092,0,3872.4154495626626,0.6333333333333333,0.0036314898176013077,False,0.58188503617718501,300,platt,300,0,-0.0035302997280328282,0.2890115287243456,252,0,False,0,0,0,0,0
20251219,0.00096484875102105299,1,3894.2011934112879,0.625,0.0069185614251316974,True,0.58311041822611587,300,platt,300,0,0.0033384438166870144,0.2890115287243456,252,0,False,0.34154590576717164,0.26925016986068384,20251216,0.30539803781392771,427
20251222,0.00060570345182076382,1,3919.7365607756979,0.6333333333333333,0.00066748970315178013,True,0.58187877079626416,300,platt,300,0,0.002095776090643338,0.2890115287243456,252,0,False,0.45110586818871873,0.3842171543706101,20251216,0.41766151127966444,427
20251223,0.00090114242849254219,1,3923.5110590352429,0.6333333333333333,0.0053491108344316807,True,0.58191432698818835,300,platt,300,0,0.0028293960895296351,0.31849285147006406,252,0,False,0.42843351694186849,0.42437354185203363,20251216,0.42640352939695103,427
20251224,0.00131841421558222,1,3946.142800547656,0.6333333333333333,0.0047384803703272027,True,0.58193788255723544,300,platt,300,0,0.0037192616715370805,0.35448277965270225,252,0,False,0.39488300429194229,0.42393044421107773,20251223,0.40940672425151003,429
20251225,0.0010569627387945698,1,3963.806271962445,0.64166666666666672,0.001024795023948144,True,0.58075821971316255,300,platt,300,0,0.002981704047316795,0.35448277965270225,252,0,False,0.48638612730291991,0.45699927066178186,20251223,0.47169269898235089,429
20251226,-0.0012026866666146002,0,3958.9118362362283,0.57984531829355945,0.00040384199638365814,False,0.58956805243605259,300,platt,300,0,-0.0034248654133478161,0.35116319080082348,252,0,True,0.58667286429481158,0.57301777229230744,20251223,0.57984531829355945,429
20251229,0.0010101879847388151,1,3969.2852778080501,0.64166666666666672,-4.1283343550357898e-05,False,0.58088472452418183,300,platt,300,0,0.0028766909835711806,0.35116319080082348,252,0,False,0.51280823007446596,0.52678362421479785,20251223,0.51979592714463196,429
20251230,0.0012168197969417397,1,3969.9407315242884,0.6333333333333333,0.00093924114551113824,True,0.58210128686068252,300,platt,300,0,0.0034651120300131589,0.35116319080082348,252,0,False,0.52886237638646127,0.5169440035440489,20251223,0.52290318996525509,429
20251231,0.00074667271911288944,1,3971.8035246291915,0.6333333333333333,0.013751272065609443,True,0.58544310064958882,300,platt,300,0,0.0023443939657247568,0.31849285147006406,252,0,False,0.44052686700434146,0.41632212844639149,20251230,0.4284244977253665,433
20260105,-0.001505372656331734,0,4017.3599585147917,0.64166666666666672,0.014974958969574237,False,0.58443527253913419,300,platt,300,0,-0.004379974177481461,0.34369441355869862,252,0,False,0,0,0,0,0
20260106,0.0021336902687806962,1,4092.380480965579,0.6333333333333333,0.00051549254552374357,True,0.58544319483513207,300,platt,300,0,0.0062081028512739819,0.34369441355869862,252,0,False,0.37086006284891282,0.34720716415437752,20251230,0.3590336135016452,433
20260107,-0.0010450705317691616,0,4081.5023797697513,0.6333333333333333,-0.00068371406796219336,True,0.58546559322931913,300,platt,300,0,-0.0030406968822921441,0.34369441355869862,252,0,False,0,0,0,0,0
20260108,0.00080173900429712059,1,4086.2522833576782,0.6333333333333333,0.009171539171352272,True,0.58881371512411962,300,platt,300,0,0.002774072743173529,0.2890115287243456,252,0,False,0.35563633020595919,0.4006258479746504,20251230,0.37813108909030479,433
20260109,0.0013504111804234127,1,4125.9902693385075,0.64166666666666672,0.010887466490115294,True,0.58781483197839535,300,platt,300,0,0.003929104248279496,0.34369441355869862,252,0,False,0.38217320485600842,0.32907155692976064,20260108,0.35562238089288456,434
20260112,0.0017403244707710468,1,4172.5359508938845,0.65000000000000002,-0.0063689488863553079,False,0.58684111510538328,300,platt,300,0,0.0049558852304601103,0.35116319080082348,252,0,False,0.44637816147875964,0.41965213145174773,20260108,0.43301514646525369,434
20260113,-0.0019350350783388455,0,4130.7498571217266,0.65000000000000002,-0.0030601688888104439,True,0.58341876870109455,300,platt,300,0,-0.0055103585143021997,0.35116319080082348,252,0,False,0,0,0,0,0
20260114,0.0031599312353349607,1,4139.1313707825839,0.65000000000000002,-0.0032699212901928787,False,0.58353899903622586,300,platt,300,0,0.0089984694242263123,0.35116319080082348,252,0,False,0.36603505166177136,0.3627920894432094,20260108,0.36441357055249035,434
20260115,0.0011937974769434653,1,4117.5108129362343,0.64166666666666672,-0.0025989634005845197,False,0.58448182658796788,300,platt,300,0,0.0037482708683515722,0.31849285147006406,252,0,False,0.39965201595967614,0.3684659811082826,20260108,0.3840589985339794,434
20260116,0.0014492188562987519,1,4107.8572692317312,0.64166666666666672,0.0029467716365587648,True,0.58114516762255353,300,platt,300,0,0.0050143980854168374,0.2890115287243456,252,0,False,0.37805204204137954,0.34200089220256513,20260115,0.36002646712197234,438
20260119,0.0010881952698477376,1,4118.4769354489736,0.64166666666666672,-8.5342730059667637e-05,False,0.58118001730629254,300,platt,300,0,0.0037652313547866813,0.2890115287243456,252,0,False,0.32772638772020896,0.28451251039760794,20260115,0.30611944905890842,438
20260120,0.0014517134924740501,1,4119.6208397566024,0.6333333333333333,0.00080001964192844,True,0.58221288591478226,300,platt,300,0,0.0050230297001704399,0.2890115287243456,252,0,False,0.42888325392261273,0.43575532585824683,20260115,0.43231928989042978,438
20260121,0.0009671844692586293,1,4120.9218404288695,0.6333333333333333,0.0013689779302104021,True,0.58556583977568111,300,platt,300,0,0.0033465255643179335,0.2890115287243456,252,0,False,0.48900082041105997,0.45901194933698691,20260115,0.47400638487402347,438
20260122,0.0009207461237895041,1,4126.3718458720277,0.6333333333333333,0.0032960459673758713,True,0.58557639249848215,300,platt,300,0,0.0031858456576232172,0.2890115287243456,252,0,False,0.33192364641411887,0.23618505990659749,20260115,0.28405435316035821,438
20260123,0.00069783938641041735,1,4139.0505782874206,0.6333333333333333,-0.00086045906978260422,False,0.58892878811667804,300,platt,300,0,0.0024145728355217449,0.2890115287243456,252,0,False,0.39310818542527853,0.30619046095619024,20260122,0.34964932319073438,439
20260126,0.0010763180262913265,1,4137.0531974723053,0.625,0.0017661740347225674,True,0.58661040579750812,300,platt,300,0,0.0037241352656139219,0.2890115287243456,252,0,False,0.38417805939992111,0.29533555016370167,20260122,0.33975680478181136,439
20260127,0.0016869840749079155,1,4146.8880522883455,0.6333333333333333,0.0027376721117766678,True,0.58559724242706013,300,platt,300,0,0.005837082286488761,0.2890115287243456,252,0,False,0.42200876675043053,0.39523216854347226,20260122,0.40862046764695137,439
20260128,-0.00094554900654851711,0,4147.3126012222629,0.64166666666666672,0.001625226095214316,False,0.58795820951831124,300,platt,300,0,-0.0032716653578562468,0.2890115287243456,252,0,False,0,0,0,0,0
20260129,-0.00090285084493950331,0,4154.2304601809292,0.6333333333333333,-0.0096289199731262043,True,0.58560112053936697,300,platt,300,0,-0.0032446610556607137,0.27825736785799798,252,0,False,0,0,0,0,0
20260130,0.0025157786621868589,1,4128.3074447040835,0.6333333333333333,-0.024818479963173989,False,0.58895305790897479,300,platt,300,0,0.0090411933439646652,0.27825736785799798,252,0,False,0.51309673823444946,0.56853343535079592,20260127,0.54081508679262269,438
20260202,0.0026289685459100617,1,4026.3036709739513,0.625,0.012946908201175278,True,0.58996151352309778,300,platt,300,0,0.0094479746076362413,0.27825736785799798,252,0,False,0.42980735259966946,0.4448621962310908,20260127,0.43733477441538016,438
20260203,0.0020046493143979481,1,4075.8922879923857,0.625,0.0084725468668962467,True,0.58994928667638624,300,platt,300,0,0.0069362261195813719,0.2890115287243456,252,0,False,0.27390198597621301,0.15450645529177512,20260127,0.21420422063399408,438
20260204,0.0012513836279574684,1,4107.3354284213747,0.6333333333333333,-0.0064076074264505234,False,0.59220884072498425,300,platt,300,0,0.0043298744291651332,0.2890115287243456,252,0,False,0.40253745357892629,0.3929734433912549,20260127,0.39775544848509059,438
20260205,0.0012004869817853231,1,4080.809784937192,0.625,-0.0025352088279920748,False,0.58992993050610454,300,platt,300,0,0.0041537684918110229,0.2890115287243456,252,0,False,0.38314793872558878,0.4564381969898515,20260127,0.41979306785772014,438
20260206,0.0019587103471211233,1,4073.5467002726637,0.64166666666666672,0.014144661255750091,True,0.58766259149363453,300,platt,300,0,0.0067772740961808088,0.2890115287243456,252,0,False,0.34751331692327231,0.29607548023133617,20260205,0.32179439857730424,442
20260209,0.00098443943552671987,1,4127.1486320968943,0.64166666666666672,0.0012814176708304537,True,0.58784202454698098,300,platt,300,0,0.0030909310239864199,0.31849285147006406,252,0,False,0.26104687679845767,0.22206641846318895,20260205,0.2415566476308233,442
20260210,-0.0005912298935259689,0,4125.9322824116516,0.64166666666666672,0.00087489669962237393,False,0.59116716935090463,300,platt,300,0,-0.0017202196783015049,0.34369441355869862,252,0,False,0,0,0,0,0
20260211,0.000724377038910887,1,4134.9781150591243,0.65000000000000002,0.00049196693598840824,True,0.59019684150965046,300,platt,300,0,0.002062793190991783,0.35116319080082348,252,0,False,0.40453891897873917,0.43934486995206101,20260205,0.42194189446540009,442
20260212,0.00053603428606445165,1,4136.2337752800004,0.65000000000000002,-0.01256530632258035,False,0.59026574731901527,300,platt,300,0,0.0016830339632123103,0.31849285147006406,252,0,False,0.40452717555383499,0.46073864060464609,20260205,0.43263290807924054,442
20260213,0.0015683750033302151,1,4088.474820627619,0.625,0.0086564604460979133,True,0.59000202523400391,300,platt,300,0,0.0045632833745851871,0.34369441355869862,252,0,False,0.45146068836396142,0.44261912223316618,20260212,0.4470399052985638,446
20260224,0.00083877258781742332,1,4120.8624697181558,0.65000000000000002,0.0072428074850665602,True,0.58699641963521731,300,platt,300,0,0.0026335680187040606,0.31849285147006406,252,0,False,0.33742966994615781,0.23126895168940606,20260212,0.28434931081778192,446
20260225,-0.0015839191433151812,0,4140.6616222193097,0.64166666666666672,-0.00014453018707305532,True,0.58811010716920897,300,platt,300,0,-0.0046085100043229766,0.34369441355869862,252,0,False,0,0,0,0,0
20260226,-0.00087834430483066438,0,4142.9889301890807,0.65000000000000002,0.0039189403658310695,False,0.59045069036544262,300,platt,300,0,-0.0025555966875808831,0.34369441355869862,252,0,False,0,0,0,0,0
20260227,0.0012242781210001072,1,4167.9780247407662,0.64166666666666672,0.0047345570610164422,True,0.58814518946997818,300,platt,300,0,0.0038439736256221128,0.31849285147006406,252,0,False,0.43886965520324278,0.50459856895031419,20260212,0.47173411207677851,446
20260302,0.0018467773984777575,1,4190.315214341199,0.64166666666666672,-0.014324829138799955,False,0.59146507269161686,300,platt,300,0,0.0057984893222990932,0.31849285147006406,252,0,False,0.40350332459354898,0.44607862532583564,20260227,0.42479097495969231,448
20260303,-0.0024091151889007083,0,4112.7439986294839,0.625,-0.009751433292356726,True,0.5901143264510238,300,platt,300,0,-0.0083357061897640847,0.2890115287243456,252,0,False,0,0,0,0,0
20260304,0.0017045769603366051,1,4089.4328911215725,0.625,0.0063914675267986443,True,0.59011968658398239,300,platt,300,0,0.0053520101078212822,0.31849285147006406,252,0,False,0.42855801430914742,0.48098388197026509,20260227,0.45477094813970625,448
20260305,0.0012871353332888481,1,4113.8552817548843,0.625,0.0038035159217313375,True,0.59012656223014071,300,platt,300,0,0.0036653480974288659,0.35116319080082348,252,0,False,0.24301607305488926,0.2406840052027073,20260227,0.24185003912879827,448
20260306,-0.0017620987815846242,0,4116.9267627775816,0.6333333333333333,-0.0066902041950501756,True,0.59252138729706538,300,platt,300,0,-0.0045449933127020524,0.38770107244383062,252,0,False,0,0,0,0,0
20260309,-0.0023199211373550683,0,4087.0985057328926,0.6333333333333333,0.0064774898944914838,False,0.59587988289197369,300,platt,300,0,-0.0056711472274553398,0.40907439787910843,252,0,False,0,0,0,0,0
20260310,0.001106000744282953,1,4127.6981936967813,0.65000000000000002,0.0024969089077300222,True,0.59405290813974865,300,platt,300,0,0.0027036664968942969,0.40907439787910843,252,0,False,0.32229935966578549,0.33011178576525185,20260305,0.32620557271551864,448
20260311,-0.0010144573704721736,0,4129.2399083263517,0.65833333333333333,-0.001047676325038438,True,0.59635862760972758,300,platt,300,0,-0.0024469911959868742,0.41457336345791052,252,0,False,0,0,0,0,0
20260312,0.0016897488291399245,1,4136.0797462837481,0.65833333333333333,-0.0081504634929633335,False,0.59970368187096024,300,platt,300,0,0.0040041607793939431,0.42199824688250392,252,0,False,0.39303722960794873,0.40784066406354147,20260305,0.4004389468357451,448
20260313,0.0021365952857189808,1,4104.198815958006,0.6333333333333333,-0.0026035487932517531,False,0.5991980417825995,300,platt,300,0,0.0050630430375078516,0.42199824688250392,252,0,False,0.35419350494064999,0.38074873279806443,20260305,0.36747111886935724,448
20260316,0.0021123638729334052,1,4093.4143539525921,0.625,-0.0085386362242054759,False,0.59685356575797566,300,platt,300,0,0.0051637645471953025,0.40907439787910843,252,0,False,0.33071336736595675,0.27653781503988584,20260305,0.30362559120292132,448
20260317,0.0026046782245178371,1,4060.4560053556261,0.625,0.0032289874881827885,True,0.5968584631266407,300,platt,300,0,0.0063672482023369829,0.40907439787910843,252,0,False,0.26567597392252817,0.24365153686720428,20260316,0.25466375539486624,449
20260318,0.0019280972158009307,1,4070.8182289094825,0.625,-0.013889322341478882,False,0.59687606822918238,300,platt,300,0,0.0045689697292457393,0.42199824688250392,252,0,False,0.28450574885633306,0.28210493227147682,20260316,0.28330534056390494,449
20260319,-0.0022077918436639674,0,3997.7066665108468,0.625,-0.012354662136820127,True,0.59354837233855118,300,platt,300,0,-0.0052317559610115588,0.42199824688250392,252,0,False,0,0,0,0,0
20260320,0.0031292090636741909,1,3969.4351451742764,0.625,-0.036332546190249171,False,0.59688971726611817,300,platt,300,0,0.0074152181597698678,0.42199824688250392,252,0,False,0.25876198951134488,0.2962455417102583,20260316,0.27750376561080159,449
20260323,0.0054273278617934162,1,3833.9788365280701,0.6166666666666667,0.017831564503121511,True,0.59784645708476036,300,platt,300,0,0.012861019925764135,0.42199824688250392,252,0,False,0.31592026939622153,0.32165515383458476,20260316,0.31878771161540315,449
20260324,0.0035682843088408085,1,3895.1292094517321,0.6166666666666667,0.01302606457349631,True,0.60122791718257507,300,platt,300,0,0.008455685148460625,0.42199824688250392,252,0,False,0.17690993247186379,0.23758906182184106,20260323,0.20724949714685242,450
20260325,-0.0020024708339716349,0,3923.9641100823342,0.65000000000000002,-0.010873796284815884,True,0.59729731317120116,300,platt,300,0,-0.0046818794493597793,0.42770661988007008,252,0,False,0,0,0,0,0
20260326,-0.0027847054903790643,0,3878.2535478250079,0.65833333333333333,0.0063357600833204852,False,0.59614891960245553,300,platt,300,0,-0.0065040601333850685,0.42814879218063923,252,0,False,0,0,0,0,0
20260327,0.0034711806373014975,1,3927.3090422743066,0.65000000000000002,0.0024434785101594692,True,0.59708054999875992,300,platt,300,0,0.0082255807054761789,0.42199824688250392,252,0,False,0.27423034322129947,0.2928359636186797,20260323,0.28353315341998958,450
20260330,-0.0024769870319003452,0,3913.5689692262754,0.65833333333333333,-0.0080102222450263438,True,0.59977022224232579,300,platt,300,0,-0.0058696619007282454,0.42199824688250392,252,0,False,0,0,0,0,0
20260331,0.0028074813635082557,1,3902.7868258231233,0.66666666666666663,0.014566709161338176,True,0.59899058981972997,300,platt,300,0,0.0065572562968337373,0.42814879218063923,252,0,False,0.28256194103076576,0.26144289374635882,20260327,0.27200241738856229,449
20260401,0.0012750289600968177,1,3953.5866182779514,0.67500000000000004,-0.0074120587138764016,False,0.59863273475778811,300,platt,300,0,0.0029524255162524881,0.43185812921547001,252,0,False,0.12473010421827732,0.13291430224076919,20260327,0.12882220322952326,449
20260402,-0.0025902650425186071,0,3909.1332125547792,0.66666666666666663,-0.0099988895934390865,True,0.59599486989308115,300,platt,300,0,-0.0059979536502512568,0.43185812921547001,252,0,False,0,0,0,0,0
20260403,0.0029041252262915424,1,3891.3649867069207,0.66666666666666663,0.0025947291468275679,True,0.59604769984039552,300,platt,300,0,0.0067247205270103104,0.43185812921547001,252,0,False,0.28809069190822978,0.33176328205429756,20260327,0.30992698698126364,449
20260407,0.0013049941573454365,1,3895.241141943613,0.66666666666666663,0.026948217742463143,True,0.5962427808747961,300,platt,300,0,0.0030924160633036546,0.42199824688250392,252,0,False,0.24833028952080877,0.24783938870080732,20260327,0.24808483911080803,449
20260408,-0.0033302176333544187,0,3981.693288880293,0.67500000000000004,-0.0072155990085099875,True,0.59862437147152969,300,platt,300,0,-0.0077113695634356107,0.43185812921547001,252,0,False,0,0,0,0,0
20260409,-0.0012046666518726629,0,3961.3932858197422,0.67500000000000004,0.0050561357512757255,False,0.59892747100170052,300,platt,300,0,-0.0027041888859589201,0.44548169624086065,252,0,False,0,0,0,0,0
20260410,0.0015668216391953921,1,3992.4704031186552,0.66666666666666663,0.00058534081131944582,True,0.59612844065198656,300,platt,300,0,0.0035171403279120393,0.44548169624086065,252,0,False,0.21227047817847677,0.23159513303420601,20260407,0.22193280560634138,450
20260413,-0.0012580695924044164,0,3983.5401164626587,0.67500000000000004,0.0095442011874968813,False,0.59554761283352464,300,platt,300,0,-0.0028240657315900361,0.44548169624086065,252,0,False,0,0,0,0,0
20260414,0.0017013285122210184,1,4033.4762129413184,0.64166666666666672,0.00014500975705322716,True,0.59540073299229401,300,platt,300,0,0.0038190761294514628,0.44548169624086065,252,0,False,0.28319337847055326,0.29600343675569024,20260407,0.28959840761312172,450
20260415,-0.0014308114725752133,0,4021.4473224449362,0.64166666666666672,0.0070364603579724516,False,0.59871318075029867,300,platt,300,0,-0.0033110956058099335,0.43212629380576878,252,0,False,0,0,0,0,0
20260416,0.0013882061017648384,1,4061.1767348137532,0.6333333333333333,-0.0010162378103983905,False,0.59625394426175538,300,platt,300,0,0.0032125008861154983,0.43212629380576878,252,0,False,0.18472476827946374,0.24452572441155385,20260407,0.21462524634550878,450
20260417,-0.00096695882326671529,0,4047.5078384626631,0.625,0.0075779995850349113,False,0.59377294044644691,300,platt,300,0,-0.0022376764319306658,0.43212629380576878,252,0,False,0,0,0,0,0
20260420,-0.0015013749186213764,0,4075.9982967574356,0.59166666666666667,0.00072253997186910723,False,0.59721198467650194,300,platt,300,0,-0.0034765466180961594,0.43185812921547001,252,0,False,0,0,0,0,0
20260421,-0.0011540371775459796,0,4080.3622697304763,0.6166666666666667,0.0051850924900649353,False,0.59127326203050423,300,platt,300,0,-0.0026954114985780048,0.42814879218063923,252,0,False,0,0,0,0,0
20260422,0.0014643057571330092,1,4112.2709173761041,0.6166666666666667,-0.0031678476323735438,False,0.58795904952129152,300,platt,300,0,0.0035320787252692671,0.41457336345791052,252,0,False,0.39423141989190252,0.50144623008416178,20260416,0.44783882498803218,450
20260423,-0.0018956574712321818,0,4085.4906998663132,0.59999999999999998,-0.0032613936783388864,True,0.58951321651362232,300,platt,300,0,-0.0048894821447955138,0.38770107244383062,252,0,False,0,0,0,0,0
20260424,-0.0013372653470468284,0,4074.4444905756777,0.59999999999999998,0.0015794013010710373,False,0.58950598673913746,300,platt,300,0,-0.0034657704987591073,0.38584936524955304,252,0,False,0,0,0,0,0
20260427,-0.00092118684038582533,0,4082.5799134976733,0.59999999999999998,-0.0018859889482633063,True,0.5894288056502367,300,platt,300,0,-0.0023874260873541567,0.38584936524955304,252,0,False,0,0,0,0,0
20260428,-0.0010309392975755385,0,4074.4325724237788,0.66666666666666674,0.0070800606104381991,False,0.58316817204631777,300,platt,300,0,-0.0029995811887104391,0.34369441355869862,252,0,False,0,0,0,0,0
20260429,-0.001748599357428068,0,4100.3320029595334,0.66666666666666674,0.0011308298760925872,False,0.58283442253681605,300,platt,300,0,-0.0054902310973608251,0.31849285147006406,252,0,False,0,0,0,0,0
20260430,-0.00057479220324827592,0,4109.7956628958455,0.625,0.011676201357277094,False,0.5838185632202928,300,platt,300,0,-0.0019349462813113083,0.29705848105444077,252,0,False,0,0,0,0,0
20260506,0.0011583621491222205,1,4164.9926877478538,0.65000000000000002,0.0047879010436511216,True,0.58120756654463579,300,platt,300,0,0.0038994414332507539,0.29705848105444077,252,0,False,0.40311866142822184,0.49866097948254506,20260422,0.45088982045538345,448
20260507,-0.00062933026595892144,0,4177.4615414640411,0.59999999999999998,-3.3444238383029123e-05,True,0.58643858613955646,300,platt,300,0,-0.0018310750513593666,0.34369441355869862,252,0,False,0,0,0,0,0
20260508,-0.00096509707984942183,0,4175.9183401448508,0.60833333333333328,0.010782012732967861,False,0.58903865120224153,300,platt,300,0,-0.0030302001297512126,0.31849285147006406,252,0,False,0,0,0,0,0
20260511,-0.0013445250044873817,0,4219.3400540243738,0.54545454545454541,-0.0024926741779041084,True,0.59620861937592406,300,platt,300,0,-0.0045261289955932137,0.29705848105444077,252,0,False,0,0,0,0,0
20260512,0.0010229060420361095,1,4218.8001263644855,0.54545454545454541,0.0066634173997508483,True,0.59658594379444774,300,platt,300,0,0.003211708009503802,0.31849285147006406,252,0,False,0.3371339582018863,0.43597522490184476,20260422,0.38655459155186556,448
20260513,-0.0018783830918591205,0,4234.602824489205,0.59090909090909083,-0.015239458517144922,True,0.59149214742838274,300,platt,300,0,-0.0054652709434810662,0.34369441355869862,252,0,False,0,0,0,0,0
20260514,0.003281884794432591,1,4191.6289439156435,0.59090909090909083,-0.010179257967635635,False,0.59495540900916366,300,platt,300,0,0.0085056114898880032,0.38584936524955304,252,0,False,0.30298323198474258,0.36390362352794009,20260512,0.33344342775634134,446
20260515,-0.0028982811568049882,0,4123.4038788259286,0.54545454545454541,-0.00093384192550272083,True,0.59672195547197526,300,platt,300,0,-0.0084327269878944327,0.34369441355869862,252,0,False,0,0,0,0,0
20260518,0.0012799774620790372,1,4136.8158622119581,0.59090909090909083,0.0092000353573820082,True,0.59492660509288631,300,platt,300,0,0.0040188577425554727,0.31849285147006406,252,0,False,0.35295107380706181,0.42237102539758875,20260512,0.38766104960232528,446
20260519,-0.0023007967014047129,0,4159.9445411833776,0.59090909090909083,-0.0017635767686288162,True,0.59494270039910158,300,platt,300,0,-0.0066943092777729026,0.34369441355869862,252,0,False,0,0,0,0,0
20260520,-0.0009552919602815261,0,4158.2083986099415,0.63636363636363635,-0.020399864542285484,True,0.59234704780171366,300,platt,300,0,-0.0032158380292345648,0.29705848105444077,252,0,False,0,0,0,0,0
20260521,0.0040907561634945947,1,4093.9556439726471,0.59166666666666667,0.0087369841118207781,True,0.59802262256332861,300,platt,300,0,0.013770878208809319,0.29705848105444077,252,0,False,0.22730909534704688,0.36145975171041506,20260518,0.29438442352873095,446
20260522,0.0021525463143052346,1,4121.7528068750871,0.59999999999999998,0.0096450202674531749,True,0.60028710385959538,300,platt,300,0,0.0055787219266592485,0.38584936524955304,252,0,False,0.26123980106775929,0.25810449735640961,20260518,0.25967214921208448,446
20260525,-0.0013908879829654969,0,4146.79284223582,0.625,-0.0017328070149160713,True,0.60049517176339362,300,platt,300,0,-0.0036047434782377373,0.38584936524955304,252,0,False,0,0,0,0,0
20260526,-0.0018737044319584531,0,4137.605796237779,0.60833333333333328,-0.012458806481346674,True,0.60610478917387622,300,platt,300,0,-0.0048560516116091332,0.38584936524955304,252,0,False,0,0,0,0,0
20260527,0.0031619809809512998,1,4106.6708856504147,0.6166666666666667,0.0011992007477978905,True,0.60499962233077398,300,platt,300,0,0.0081557189435151785,0.38770107244383062,252,0,False,0.31313323514238794,0.45242272091333852,20260518,0.38277797802786323,446
20260528,0.0022711801536531647,1,4107.9445402860129,0.6166666666666667,-0.0073357823107873532,False,0.60499476349717207,300,platt,300,0,0.0058861834648457944,0.38584936524955304,252,0,False,0.3226397578154106,0.40490865649862046,20260527,0.36377420715701553,445
20260529,0.0023763394780658914,1,4078.2374013715689,0.6166666666666667,-0.0026616482930080787,False,0.60508810726327367,300,platt,300,0,0.0061587233052177327,0.38584936524955304,252,0,False,0.30409871971067637,0.43660733454789308,20260527,0.37035302712928475,445
20260601,0.0016311256308698075,1,4064.3586837174057,0.6166666666666667,0.0042786378624555255,True,0.60500630118383092,300,platt,300,0,0.0051213885126182215,0.31849285147006406,252,0,False,0.18230147726219123,0.24649278983766129,20260527,0.21439713354992626,445
20260602,0.0021068153832237207,1,4083.6870867390794,0.6166666666666667,0.0021772217900040136,True,0.60821741360876935,300,platt,300,0,0.0061299087215565219,0.34369441355869862,252,0,False,0.32047424189688223,0.35208965565417683,20260527,0.33628194877552953,445
20260603,-0.00179263675430467,0,4076.6529181039755,0.6166666666666667,-0.0064135814772572353,True,0.60823680684251502,300,platt,300,0,-0.0050471200156299717,0.35518013218493211,252,0,False,0,0,0,0,0
20260604,0.0014297539798928966,1,4063.5827286772592,0.625,-0.0074042683081155802,False,0.60711481704459525,300,platt,300,0,0.0040254334359796475,0.35518013218493211,252,0,False,0.3488183247122002,0.44621955052331802,20260602,0.39751893761775914,446
20260605,0.0024674423487225658,1,4037.6744068693624,0.6166666666666667,-0.016981847023645691,False,0.60814384554232914,300,platt,300,0,0.0069470168095940666,0.35518013218493211,252,0,False,0.21846182685942775,0.30001132538332448,20260602,0.25923657612137613,446
20260608,0.0030283755597236661,1,3971.3281618262095,0.6166666666666667,0.01280337838312251,True,0.60487566167867823,300,platt,300,0,0.0088112446413286215,0.34369441355869862,252,0,False,0.33718610349027384,0.47614605165823326,20260602,0.40666607757425355,446
20260609,0.002361898110278482,1,4019.5019839324882,0.6166666666666667,-0.0041907160461388537,False,0.60488662462986742,300,platt,300,0,0.0061212958293993666,0.38584936524955304,252,0,False,0.24423097334190039,0.30965361699934707,20260602,0.27694229517062374,446
20260610,-0.0017011411976477256,0,3986.4327590801104,0.60833333333333328,-0.0015554091631883038,True,0.60592807028615348,300,platt,300,0,-0.0047895167648678901,0.35518013218493211,252,0,False,0,0,0,0,0
20260611,0.0015515624605318009,1,3993.2008023381086,0.60833333333333328,0.011160781524081065,True,0.60928615925105656,300,platt,300,0,0.0043683818995932655,0.35518013218493211,252,0,False,0.37846162339370359,0.48987815743296181,20260609,0.4341698904133327,447
20260612,0.0022266654044597886,1,4040.4897303020634,0.6333333333333333,0.016112760050947639,True,0.60583840302051306,300,platt,300,0,0.0057708152584873742,0.38584936524955304,252,0,False,0.18948710438150307,0.30714145656179892,20260609,0.24831428047165099,447
20260615,-0.0019392379201574649,0,4088.5276667405083,0.64166666666666672,-0.0011180353082873573,True,0.60481547390969481,300,platt,300,0,-0.0050258937679040572,0.38584936524955304,252,0,False,0,0,0,0,0
20260616,-0.0010960954044279335,0,4087.4065963122134,0.6166666666666667,0.0039552610837672031,False,0.60809719015775565,300,platt,300,0,-0.0028407339836337936,0.38584936524955304,252,0,False,0,0,0,0,0
20260617,0.0015175269613094263,1,4114.3103163926144,0.6166666666666667,-0.0042830023454775157,False,0.60465313460909087,300,platt,300,0,0.0039329518148305005,0.38584936524955304,252,0,False,0.42344820726378696,0.50915857081298777,20260609,0.46630338903838736,447
20260618,-0.0014406629364529034,0,4084.5882951988356,0.56060569245950576,0.017752238593536696,False,0.61136971091553505,300,platt,300,0,-0.0040561473064118113,0.35518013218493211,252,0,True,0.50458205036408887,0.61662933455492275,20260617,0.56060569245950576,446
20260622,0.0035920728593904234,1,4178.0506459486724,0.67500000000000004,-0.013654451680377822,False,0.59467934590179106,300,platt,300,0,0.010113383418417487,0.35518013218493211,252,0,False,0.42969839312342445,0.54881293827885258,20260617,0.48925566570113854,446
20260623,-0.0033561904305553542,0,4092.470337339008,0.64166666666666672,0.0011109158262265773,False,0.59511320551877911,300,platt,300,0,-0.009765042136718232,0.34369441355869862,252,0,False,0,0,0,0,0
20260624,-0.0014405888997295155,0,4104.8914078471007,0.6333333333333333,0.0023029992069210081,False,0.59605024213942426,300,platt,300,0,-0.0044359547634359635,0.32475283823987344,252,0,False,0,0,0,0,0
20260625,0.0012611091067559,1,4125.4767233870498,0.625,-0.022575112966820798,False,0.59707568799394173,300,platt,300,0,0.0042453226794921277,0.29705848105444077,252,0,False,0.35524797409730519,0.36349804565328592,20260617,0.35937300987529552,446
20260626,0.0030196061748055691,1,4039.425553657657,0.59999999999999998,0.011580291417639055,True,0.5966944644862745,300,platt,300,0,0.010165022604596761,0.29705848105444077,252,0,False,0.35977689793253814,0.42838009578932496,20260625,0.39407849686093155,446
20260629,0.0029389077282243729,1,4085.8745211901569,0.59999999999999998,0.0050309264948635857,True,0.6001448873407349,300,platt,300,0,0.0090496752673600838,0.32475283823987344,252,0,False,0.34604058137241739,0.42087472087459149,20260625,0.38345765112350444,446
20260630,0.0015982351512576719,1,4100.941009528251,0.59999999999999998,0.0044079993020706976,True,0.60322779181157848,300,platt,300,0,0.0049213893246320495,0.32475283823987344,252,0,False,0.30289352097541883,0.41987425193897027,20260625,0.36138388645719455,446
20260701,-0.0020760755661233684,0,4103.907552795652,0.66666666666666674,-0.020314312752074848,True,0.59542222304187864,300,platt,300,0,-0.0060404693361965313,0.34369441355869862,252,0,False,0,0,0,0,0
20260702,-0.0029277839768025076,0,4017.1080400102815,0.66666666666666674,0.0036584144798890161,False,0.59542222304187864,300,platt,300,0,-0.0082430961405186211,0.35518013218493211,252,0,False,0,0,0,0,0
20260703,-0.0017280025426279926,0,4036.6557742689197,0.66666666666666674,-0.00059476068511687963,True,0.5920638952972731,300,platt,300,0,-0.0050277295017274754,0.34369441355869862,252,0,False,0,0,0,0,0
20260706,-0.0020268216524770917,0,4033.0473309134222,0.73333333333333339,-0.012620612167825174,True,0.58487129427141393,300,platt,300,0,-0.0058971620501214123,0.34369441355869862,252,0,False,0,0,0,0,0
20260707,-0.0022046276603046623,0,3981.4383168864956,0.80000000000000004,-0.0048507415089029671,True,0.57967396348463951,300,platt,300,0,-0.0062070692038505579,0.35518013218493211,252,0,False,0,0,0,0,0
20260708,-0.0018765269276875881,0,3963.4282373163419,0.8666666666666667,0.016547517166032533,False,0.57783491189310909,300,platt,300,0,-0.005283310516677589,0.35518013218493211,252,0,False,0,0,0,0,0
20260709,-0.003907883409486136,0,4020.8133851146576,0.63412346877053771,-0.010014968335013807,True,0.59295809507606345,300,platt,300,0,-0.01100253943103837,0.35518013218493211,252,0,True,0.59391716863424304,0.67432976890683227,20260630,0.63412346877053771,445
20260710,-0.0030715945893399397,0,3983.8870116513122,0.73333333333333339,-0.020611678967136893,True,0.58245679878604351,300,platt,300,0,-0.0086479910079560653,0.35518013218493211,252,0,False,0,0,0,0,0
20260713,-0.0035637240917899501,0,3899.8463180318968,0.80000000000000004,0.013626726393877631,False,0.57726992042271796,300,platt,300,0,-0.0092360501603652133,0.38584936524955304,252,0,False,0,0,0,0,0
20260714,0.0038549426855574338,1,3982.4192441273735,0.625,-0.0029109484845730726,False,0.59412345925652565,300,platt,300,0,0.010853486262993662,0.35518013218493211,252,0,False,0.24267540981350522,0.33064355944718377,20260630,0.28665948463034452,445
20260715,0.0013646932556841079,1,3960.9762507554019,0.6166666666666667,-0.018496790646100547,False,0.59512427362376197,300,platt,300,0,0.0042022519743956767,0.32475283823987344,252,0,False,0.18074410184575768,0.25192262184913783,20260630,0.21633336184744775,445
20260716,-0.0026786532250868411,0,3872.0129629678922,0.73333333333333339,-0.030459900114686467,True,0.57825874260115551,300,platt,300,0,-0.0082482827235779137,0.32475283823987344,252,0,False,0,0,0,0,0
20260717,-0.0049786088957084786,0,3745.4144459257573,0.73333333333333339,0.0085349042641631456,False,0.57950981424372339,300,platt,300,0,-0.014485568281889447,0.34369441355869862,252,0,False,0,0,0,0,0
20260720,-0.0031266037976959414,0,3784.4119321576377,0.66666666666666674,0.01793484013066049,False,0.58588431275881003,300,platt,300,0,-0.010525213037506042,0.29705848105444077,252,0,False,0,0,0,0,0
20260721,0.0041004725237482054,1,3880.212831115226,0.59999999999999998,0.00069002243601556934,True,0.59066547336374586,300,platt,300,0,0.013803586785986184,0.29705848105444077,252,0,False,0.29682227153698421,0.30015112432018343,20260715,0.29848669792858384,445
20260722,0.0014721308573627022,1,3872.7263794890182,0.59999999999999998,0.0025197091641508962,True,0.59068691885780988,300,platt,300,0,0.0050936752034096058,0.2890115287243456,252,0,False,0.27404442503034843,0.25292030725899856,20260715,0.26348236614467346,445
20260723,-0.00088331042583300991,0,3873.353002103946,0.59999999999999998,-0.016142170040508441,True,0.59420709433120644,300,platt,300,0,-0.0030563155377635359,0.2890115287243456,252,0,False,0,0,0,0,0
20260724,0.0017865352237303653,1,3821.0119987199746,0.66666666666666674,0.011548221227540845,True,0.58871129300109881,300,platt,300,0,0.0060140859045291952,0.29705848105444077,252,0,False,0.37227188225054247,0.30997691110848408,20260715,0.34112439667951328,445
20260727,-0.0022389137917559888,0,3849.6067220575264,0.66666666666666674,-0.011645294687092078,True,0.58897174843735511,300,platt,300,0,-0.0075369462060424115,0.29705848105444077,252,0,False,0,0,0,0,0
20260728,-0.0017834000602694148,0,3806.513934512534,0.66666666666666674,0.0039740754670489764,False,0.58920144049383405,300,platt,300,0,-0.0054915611205594303,0.32475283823987344,252,0,False,0,0,0,0,0
20260729,-0.0023591165415043041,0,3819.4371954534636,0.59999999999999998,-0.0062104198832484414,True,0.59422015993246236,300,platt,300,0,-0.0074071255622076126,0.31849285147006406,252,0,False,0,0,0,0,0
20260730,-0.0029018019298140498,0,3793.6521356709704,0.66666666666666674,0.0072462621553184281,False,0.58894317304737986,300,platt,300,0,-0.0084429708931491234,0.34369441355869862,252,0,False,0,0,0,0,0
20260731,-0.00091489108859673317,0,3828.7562972810756,0.66666666666666674,-0.0058971692543809962,True,0.58535382885089915,300,platt,300,0,-0.0028171919714554232,0.32475283823987344,252,0,False,0,0,0,0,0
20260803,-0.0011166683344840541,0,3805.4087700745108,0.66666666666666674,0.0033130752854799717,False,0.5890417712021,300,platt,300,0,-0.0034385175524139534,0.32475283823987344,252,0,False,0,0,0,0,0
20260804,-0.0012028868633468597,0,3817.6868240666868,0.66666666666666663,0.014688859118444419,False,0.58858974603708047,300,platt,300,0,-0.0037040072378316424,0.32475283823987344,252,0,False,0,0,0,0,0
20260805,0.0024846407356339723,1,3888.0661041744488,0.66666666666666674,0.0056524682051726227,True,0.58858974603708047,300,platt,300,0,0.0078012449075878553,0.31849285147006406,252,0,False,0.38559701106762478,0.57987736491545672,20260724,0.48273718799154075,445
20260806,-0.0014540579611457881,0,3894.6809616869114,0.66666666666666674,0.010174670631676097,False,0.58873368957712213,300,platt,300,0,-0.0042306709209792076,0.34369441355869862,252,0,False,0,0,0,0,0
20260807,-0.002112707913379361,0,3931.7129524398219,0.58441847547133674,0.0067401395788886376,False,0.5972144641986874,300,platt,300,0,-0.0061470533998613779,0.34369441355869862,252,0,True,0.4395595872088493,0.72927736373382424,20260724,0.58441847547133674,445
20260810,-0.0010400487436081258,0,3962.4680494139211,0.66666666666666674,-0.0081935797051045922,True,0.58553597159456572,300,platt,300,0,-0.0032025855393445729,0.32475283823987344,252,0,False,0,0,0,0,0
20260811,-0.0013060855882512539,0,3928.9546379604685,0.73333333333333339,0.0031982722116197237,False,0.57680395954780028,300,platt,300,0,-0.0040217834440804331,0.32475283823987344,252,0,False,0,0,0,0,0
20260812,-0.00083433517226005535,0,3943.3823500671538,0.66666666666666674,-0.004994178390965609,True,0.58534870890611101,300,platt,300,0,-0.0025691389697533209,0.32475283823987344,252,0,False,0,0,0,0,0
20260813,-0.0015946022933135135,0,3920.7028529241588,0.66666666666666674,5.3883854522762675e-05,False,0.58551267188029765,300,platt,300,0,-0.0049102027928565363,0.32475283823987344,252,0,False,0,0,0,0,0
20260814,-0.00096281062446435038,0,3923.395272837934,0.59999999999999998,0.014126459916595557,False,0.59487456890256263,300,platt,300,0,-0.003241148413089407,0.29705848105444077,252,0,False,0,0,0,0,0
20260817,0.0019369042387134667,1,3990.3675184454764,0.59999999999999998,0.0019208801368233441,True,0.59131972163364266,300,platt,300,0,0.006520279211817883,0.29705848105444077,252,0,False,0.31216327719404158,0.55375627406015127,20260807,0.43295977562709642,443
20260818,-0.0012498691979450889,0,3985.3163423149235,0.59999999999999998,-0.024028572060818321,True,0.59477304062127478,300,platt,300,0,-0.0042425844239974723,0.29460090195858257,252,0,False,0,0,0,0,0
20260819,0.0027113488169033121,1,3904.9815375667613,0.59999999999999998,0.0023876711473311829,True,0.5947730406212749,300,platt,300,0,0.0092034640725047606,0.29460090195858257,252,0,False,0.3757786205329835,0.70681277482666671,20260807,0.54129569767982511,443
20260820,0.0012233035269011386,1,3908.4964356673381,0.60833333333333328,0.00037953532027512615,True,0.59730284265789979,300,platt,300,0,0.004152409306177619,0.29460090195858257,252,0,False,0.39282808693813231,0.57510826812635629,20260807,0.4839681775322443,443
20260821,0.00091855103200605295,1,3908.7897278784226,0.60833333333333328,-0.0059394357670456976,False,0.6008216911144737,300,platt,300,0,0.0031782504873089394,0.2890115287243456,252,0,False,0.28728837770608606,0.45573790422361421,20260807,0.37151314096485011,443
20260824,0.001789339174019539,1,3888.9541288093237,0.625,0.0019157611709135214,True,0.59472752457106093,300,platt,300,0,0.0061912380517047854,0.2890115287243456,252,0,False,0.330133357617173,0.44037337845952773,20260821,0.38525336803835036,444
20260825,0.0014957676886466712,1,3895.2626060081916,0.60833333333333328,0.0059336487836605389,True,0.60075496190234756,300,platt,300,0,0.0050772678518715419,0.29460090195858257,252,0,False,0.32380127669428527,0.47209300394913623,20260821,0.39794714032171075,444
20260826,0.0014698366215929683,1,3918.2742703231434,0.6166666666666667,0.011258079344443672,True,0.59933930282866088,300,platt,300,0,0.0049892468482652845,0.29460090195858257,252,0,False,0.24519184786834328,0.34106679641405774,20260821,0.29312932214120052,444
20260827,0.0015793630104007773,1,3962.8198618854244,0.6166666666666667,-0.0011100521133071695,False,0.5993353263840473,300,platt,300,0,0.0053610257127550045,0.29460090195858257,252,0,False,0.32424418518505183,0.45960047007693128,20260821,0.39192232763099155,444
20260828,0.00072870852149338049,1,3955.0589865157672,0.6333333333333333,0.0086329591853000487,True,0.59348318606020944,300,platt,300,0,0.0024735447741291313,0.29460090195858257,252,0,False,0.24026509425814074,0.44923914969385087,20260821,0.34475212197599581,444
20260831,0.0019379224566332311,1,3994.0231364130318,0.6166666666666667,-0.0016080834899948604,False,0.59927041729853625,300,platt,300,0,0.0065237068800539496,0.29705848105444077,252,0,False,0.38286865919127178,0.41672747484781575,20260828,0.39979806701954379,448
20260901,0.00060078596161784671,1,3982.2787606589764,0.64166666666666672,-0.0096740166814255346,False,0.59227561349081848,300,platt,300,0,0.0020393215282901956,0.29460090195858257,252,0,False,0.33035486321286206,0.46365641703263805,20260828,0.39700564012275008,448
20260902,0.0010908499511837789,1,3945.685660943866,0.64166666666666672,0.00017803380952630121,True,0.58894293153695476,300,platt,300,0,0.003702805877142697,0.29460090195858257,252,0,False,0.40655286223665416,0.42550931237823919,20260828,0.41603108730744665,448
20260903,0.0012009651265284884,1,3946.82221009361,0.65000000000000002,-0.0030368424813662642,False,0.5877582652401081,300,platt,300,0,0.0041554229058936576,0.2890115287243456,252,0,False,0.43488063299535368,0.50597938142194465,20260828,0.47043000720864914,448
20260904,0.002115281924697445,1,3938.4297041828768,0.64166666666666672,0.00065718155319771654,True,0.5856225990469226,300,platt,300,0,0.0071801610607248887,0.29460090195858257,252,0,False,0.28455652820688176,0.39959170234609698,20260828,0.34207411527648934,448
20260907,0.0010180585983836246,1,3936.7029182354167,0.65000000000000002,0.0019965167943687412,True,0.58454277547667532,300,platt,300,0,0.0035225535911220761,0.2890115287243456,252,0,False,0.4378704467306731,0.5131685302763388,20260904,0.47551948850350595,449
20260908,0.00081470216345933899,1,3943.7612753434514,0.65000000000000002,0.0027802965316345851,True,0.58458307890507744,300,platt,300,0,0.0028189261759048664,0.2890115287243456,252,0,False,0.40753255044602832,0.57135803302702104,20260904,0.48944529173652468,449
20260909,-0.00078064032917113065,0,3948.4220944309263,0.65000000000000002,-0.0043282729514726448,True,0.58468075576970513,300,platt,300,0,-0.0027010698591047985,0.2890115287243456,252,0,False,0,0,0,0,0
20260910,-0.00069863770245657056,0,3931.6548773083591,0.5584231898503057,-0.011766205175290145,True,0.60003971309708581,300,platt,300,0,-0.002417335064591557,0.2890115287243456,252,0,True,0.50984750951150215,0.60699887018910925,20260904,0.5584231898503057,449
20260911,-0.0019574047220572766,0,3880.4999939516788,0.65318018148206802,-0.00071443440935037295,True,0.58753052901955061,300,platt,300,0,-0.0067727565426091247,0.2890115287243456,252,0,True,0.60715469358028851,0.69920566938384754,20260904,0.65318018148206802,449
20260914,0.00086280174816280553,1,3888.6850719320346,0.65000000000000002,-0.005418686399270678,False,0.58803748136047473,300,platt,300,0,0.0031831066296060884,0.27105650188965796,252,0,False,0.50126539489745336,0.59774076225083583,20260911,0.5495030785741446,449
20260915,0.00099375659481052065,1,3868.1195531379408,0.64166666666666672,0.007070166820753121,True,0.58912081439751707,300,platt,300,0,0.0037721714817441241,0.26344417257272762,252,0,False,0.43496060228090605,0.53692680367572831,20260911,0.48594370297831718,449
20260916,-0.0015506844086236116,0,3885.565855780058,0.65000000000000002,-0.0041104167809619119,True,0.588059546539626,300,platt,300,0,-0.0057208899170950941,0.27105650188965796,252,0,False,0,0,0,0,0
