trade_date,raw_rows,active_rows,matched_rows,stock_coverage,amount_coverage,large_net_ratio,small_net_ratio,large_selling_fraction,large_selling_amount_fraction,large_net_median,large_small_divergence,shanghai_relative,up_sell_amount_fraction,down_buy_amount_fraction,high_turnover_large_ratio,other_turnover_large_ratio
20201117,4062,4063,4062,0.99975387644597591,0.99987943249070743,-0.024840292036071947,0.023422747459075407,0.71344165435745943,0.69199670490086052,-0.03014664474594806,0.64992614475627775,0.0078276393278207401,0.15613123311031657,0.059098838004326075,-0.023241328452459766,-0.026863892547555057
20201118,4066,4067,4066,0.99975411851487583,0.9998920389105409,-0.011459472261900088,0.01015355178727391,0.62001967535661584,0.61301727503888959,-0.014287473190711639,0.52016724053123464,0.0049301912807112247,0.19984924962293163,0.033939402074911119,-0.0094453341211474442,-0.014102267214191531
20201119,4065,4066,4065,0.999754058042302,0.99972708414113198,-0.010771850566376018,0.010270992881512422,0.62878228782287826,0.57339374539524213,-0.015520013859775321,0.54292742927429272,0.00055279480677729136,0.20029040167889281,0.042692871922658256,-0.0076920568616161873,-0.014451249062822203
20201120,4065,4066,4065,0.999754058042302,0.9997761332642352,-0.0021338882718924587,0.0049725519688861072,0.60664206642066421,0.53281627386663832,-0.013551268156063268,0.52423124231242313,0.0049295359388873018,0.20581614007040086,0.046109598344200524,0.0047298165795018558,-0.010066746465163758
20201123,4066,4067,4066,0.99975411851487583,0.99985135940194481,-0.00089922681419682664,0.0030187817265396872,0.62124938514510575,0.47653110075554528,-0.015422264889183079,0.52434825381210037,0.0073788991976383722,0.18928772921321527,0.031577403635844589,0.0086646429715820927,-0.012580032097140096
20201124,4065,4066,4065,0.999754058042302,0.99983546861311978,-0.020805542602121661,0.018178507683503573,0.6789667896678967,0.67370996652490767,-0.022654077202927295,0.60246002460024606,0.0011991305562012097,0.19828741506678466,0.055150814287850285,-0.020713353570377541,-0.020921551114119523
20201125,4064,4065,4064,0.9997539975399754,0.99987451124154569,-0.0286510074795704,0.025939220002310907,0.72711614173228345,0.71133367726966301,-0.032229876862280682,0.66633858267716539,0.0026465521796324859,0.065663117330136023,0.086086592596686246,-0.024527380359124568,-0.033436866569171789
20201126,4069,4070,4069,0.99975429975429975,0.99985261345554888,-0.023833830986370812,0.022042443265820801,0.71516343081838285,0.6843824665001601,-0.02991152516552411,0.64757925780289993,0.0076022197760441529,0.1725908357269258,0.038639315418176987,-0.021115363756620844,-0.027100445532570981
20201127,4069,4070,4069,0.99975429975429975,0.99977330706969247,-0.010207045601067876,0.011445392717151505,0.68346030965839277,0.57525035018990367,-0.024485458885805601,0.60309658392725485,0.0063144479121594798,0.19360821055825608,0.031167068194033601,-0.00036857174799982451,-0.022468206602912703
20201130,4067,4068,4067,0.99975417895771879,0.9998647783908321,-0.0037108351347880119,0.0051424244606466342,0.6424883206294566,0.54164466374289699,-0.015309746505383953,0.53110400786820755,0.00099674120579941331,0.14256284415307288,0.11318176981149927,0.0034585486267273086,-0.014485388016916559
20201201,4069,4070,4069,0.99975429975429975,0.9998691600863806,0.0067934495510389983,-0.0017662075119455065,0.54411403293192429,0.4575046907801521,-0.0049617930075198068,0.44064880806094864,-0.0016077415505936646,0.31533563667961784,0.01726758222232844,0.014475859419355636,-0.0035363813652743411
20201202,4069,4070,4069,0.99975429975429975,0.99983881014437337,-0.013183349785450795,0.01258117627553261,0.64020643892848361,0.5767117257481722,-0.018561695685087056,0.56377488326370118,0.0018912926654472469,0.15783527046835608,0.049242703122226637,-0.012348809518118255,-0.014255570773705957
20201203,4072,4073,4072,0.999754480726737,0.99987818762366454,-0.021026583733730918,0.018408297759287724,0.66552062868369355,0.6396085383421376,-0.021945835194703868,0.59111001964636545,-0.0016346973080801977,0.14599939910015725,0.041546627563584036,-0.02023462221588182,-0.022028173992691226
20201204,4073,4074,4073,0.99975454099165439,0.99988832405655403,-0.015408241240278111,0.014809181502504433,0.65234470905966113,0.60285519286420963,-0.020672076415193193,0.57034127178983551,-0.0021239983596828844,0.18990378038407715,0.030275255582895802,-0.013243444319924894,-0.018309722170407671
20201207,4074,4075,4074,0.99975460122699389,0.99986985494464176,-0.023169225178053997,0.020199684567147418,0.70373097692685327,0.66419219353271908,-0.027842423353445729,0.62812960235640647,-0.0047967644040497956,0.15194880666177679,0.053263243981095471,-0.019886266965798417,-0.02747510627803686
20201208,4079,4080,4079,0.99975490196078431,0.9999038242606676,-0.023583877120432705,0.020473111180974082,0.70679088011767588,0.69695058525720233,-0.027943274136151393,0.63741113017896545,-0.0014221338495723733,0.23402002456725887,0.032325874338560857,-0.020369233635858616,-0.027896241961915397
20201209,4079,4080,4079,0.99975490196078431,0.999791405546398,-0.035080040365529343,0.032962054572265365,0.76244177494483945,0.73685637573183915,-0.040954745932322754,0.70213287570482963,0.0028884284470058266,0.060547742857913957,0.074784043942637352,-0.031268755246442487,-0.039806332740024562
20201210,4080,4081,4080,0.99975496201911296,0.99983565755836012,-0.02274928677014959,0.020378048316553973,0.6909313725490196,0.67292505446296647,-0.024201236668867858,0.60539215686274506,0.0036737551775927295,0.21721667005688372,0.04161537151838051,-0.020986787062805039,-0.02503857264001413
20201211,4083,4084,4083,0.99975514201762983,0.99987248607271362,-0.030670867153340647,0.028751835128870303,0.78373744795493505,0.71792556669968122,-0.039302372675914091,0.71662992897379374,0.0056886387545876695,0.10939438053175518,0.080551064429637415,-0.024978852055734281,-0.037750387721027436
20201214,4085,4087,4085,0.99951064350379248,0.99988176048090682,-0.0067264462882265369,0.0061691600256781765,0.633047735618115,0.539386252940526,-0.015639853064073644,0.51309669522643819,0.0024893792002912253,0.26428828277087935,0.034658016261155514,-0.0014718459056828643,-0.013941272937387362
20201215,4089,4090,4089,0.9997555012224939,0.99991909914074861,-0.013713029533010701,0.012883484082978965,0.65101491807287848,0.6121141313750289,-0.017219220643100459,0.56077280508681826,-0.0022824973539248925,0.20407424376153732,0.05961489605016243,-0.01170889648170451,-0.01677068286877547
20201216,4092,4094,4092,0.99951148021494873,0.99991604810472623,-0.014308934587374037,0.017633144691725576,0.72018572825024441,0.61925496441033467,-0.030649452143857971,0.64491691104594329,0.0063201243576786158,0.15005810525622951,0.075970707866354306,-0.004106141378197716,-0.028460484765935341
20201217,4092,4093,4092,0.9997556804300024,0.99989648943379783,-0.0046438693280895791,0.0074470247678886485,0.64296187683284456,0.54936774846943126,-0.016562787602302891,0.54252199413489732,0.0048774806915342665,0.28047802976095387,0.032692359050472339,0.0013865873081791086,-0.012897433138870406
20201218,4095,4096,4095,0.999755859375,0.99990335027009158,-0.015120149725350951,0.01371585470282384,0.66153846153846152,0.6216579329184474,-0.019357040498822083,0.57069597069597067,-0.00093262809150741581,0.16395872652262838,0.058237585542310955,-0.012877863786733872,-0.018326138265822436
20201221,4097,4098,4097,0.99975597852611031,0.99990649042762902,-0.0035143646598688764,0.0046692943627477642,0.61947766658530634,0.52888426174949243,-0.014060043111078715,0.50720039052965582,-0.0086359586379415633,0.3081569731353998,0.024204106110835431,0.0014645717806078271,-0.010930772769220727
20201222,4096,4097,4096,0.99975591896509641,0.99990495680603919,-0.035444084789415457,0.031159824896929776,0.763916015625,0.74518150818002549,-0.03837364813764714,0.689453125,-0.006024435079328469,0.12326112614602616,0.086596139412553869,-0.033243476859981837,-0.038584733919481772
20201223,4099,4100,4099,0.99975609756097561,0.99983844640145558,-0.0086437765885287992,0.0094902959119000686,0.675286655281776,0.59356186817050927,-0.02320864469767403,0.58087338375213471,0.0010451389617302225,0.31145999233247845,0.023712006886469138,-0.0027054054232605175,-0.017866797401785352
20201224,4101,4102,4101,0.99975621647976598,0.99974812205086294,-0.027158411822792654,0.025821028268132401,0.7554255059741527,0.70616525469018032,-0.039399890293774033,0.6900755913191905,0.0004256881387874889,0.12648764501809751,0.053178407831369623,-0.020964196394605297,-0.035257035303662178
20201225,4104,4105,4104,0.99975639464068211,0.99985738806739721,-0.0056853762165762706,0.0079383669215024912,0.60745614035087714,0.55213058070723176,-0.01291217467290607,0.50170565302144254,0.0017232026769157492,0.2424365961150764,0.026677583411974043,-0.0018789466279636056,-0.010931139019679509
20201228,4107,4108,4107,0.99975657254138262,0.99988875043524872,-0.019313503587019443,0.016780996548913622,0.7238860482103725,0.66619181471797206,-0.028716883799504454,0.64012661309958607,-0.00046587813157676627,0.21624810954975696,0.059102585281337508,-0.013589336733606405,-0.027036397907543006
20201229,4113,4114,4113,0.99975692756441414,0.99984420275566854,-0.026024637273283045,0.022184432543186396,0.6391928033065889,0.68646390451172368,-0.017522089617719051,0.52637977145635784,-0.001385162802034684,0.14174407990697865,0.066056742350652356,-0.03058081464305086,-0.019452704344725767
20201230,4115,4116,4115,0.99975704567541301,0.99984442674149687,0.0042691599228769465,0.00065979225986342101,0.60388821385176183,0.49376734085945867,-0.012384056383289509,0.47776427703523694,0.0014719671649048027,0.24605080302899715,0.030072671069321641,0.011761077261098464,-0.0078049681412307535
20201231,4117,4118,4117,0.99975716367168532,0.99983484392639765,0.0034990243167656873,0.0010144190621551048,0.54821471945591449,0.48035274017021723,-0.0048210621529226243,0.42530969152295361,0.0024592830714965444,0.31176904797241783,0.023357197230518809,0.0085104065398516355,-0.0046864472156897602
20210104,4120,4121,4120,0.99975734045134679,0.99973587914954365,-0.0069970831728976184,0.0052185353907224889,0.56674757281553401,0.52468864271781201,-0.0079975333866210922,0.46674757281553397,-0.0028692633855462038,0.26867897188512996,0.024719417331084185,-0.0084892265622641943,-0.0045801877011237384
20210105,4121,4122,4121,0.99975739932071805,0.99975810776950813,-0.013361850382063053,0.013270403409248998,0.68648386314001453,0.65123832384255964,-0.022616327031656371,0.60276631885464693,-0.0013573606441736052,0.27789180360977572,0.029648054565850183,-0.010803497526951989,-0.017656196308746826
20210106,4123,4124,4123,0.99975751697381188,0.9996565700864436,-0.018239389290356598,0.01810229466428874,0.72786805723987391,0.65543570968394627,-0.032801221270784865,0.66868784865389275,0.0051963359005679447,0.17910221683767263,0.040737062789563391,-0.013948803734793878,-0.025200478686444355
20210107,4128,4129,4128,0.99975781060789537,0.99977339553858247,-0.018317914405725909,0.01892830141269445,0.7870639534883721,0.65538389703193278,-0.042130443188971065,0.73255813953488369,0.00035011789065693757,0.25030509022878727,0.031812818443087976,-0.0065747301512009667,-0.0364810731490431
20210108,4129,4130,4129,0.99975786924939469,0.99981140397205526,-0.022006484991094467,0.017731314379360534,0.67425526761927823,0.68927197936163909,-0.019772795661697855,0.55848873819326716,0.00092716119186496068,0.2045145782302068,0.04727216855910342,-0.023305413723708483,-0.019652203452874779
20210111,4125,4126,4125,0.99975763451284538,0.99977865805836463,-0.024756783788583384,0.020910304589873974,0.74424242424242426,0.68071085045547985,-0.031698945973318002,0.65672727272727272,-0.001251437556698029,0.11957699690631481,0.058754537085646381,-0.02213461899270034,-0.029856189603647419
20210112,4126,4127,4126,0.99975769323964137,0.99967763232098683,0.0014085075455164743,0.00096835548081049543,0.60809500727096466,0.48749909388814378,-0.011710040446758559,0.4815802229762482,0.0078173065535023113,0.28848342231059287,0.019023366393643371,0.0073724902031491327,-0.010591966066137153
20210113,4128,4129,4128,0.99975781060789537,0.99975923453633042,-0.023407506874096526,0.020329943480543268,0.73958333333333337,0.68205776378156113,-0.033038239952240853,0.67538759689922478,0.0015182796159596973,0.18084049201402486,0.039369538761804011,-0.021061499659641963,-0.028085062652912444
20210114,4125,4126,4125,0.99975763451284538,0.99978025435919127,-0.023093979972881613,0.019232498294256911,0.58933333333333338,0.71228100252057935,-0.0096639705703989078,0.47684848484848485,-0.00096499455140185153,0.13059257929709076,0.058913702986697271,-0.028685324587080323,-0.012097438755861015
20210115,4122,4123,4122,0.99975745816153283,0.9998702252237176,-0.012261294668571928,0.012117775884216543,0.55773896166909265,0.61357160882085848,-0.0062955363816016106,0.43498301795245026,0.0011575725163179909,0.18845651042852674,0.063876170662616735,-0.013485768674989939,-0.0098422025445940101
20210118,4125,4126,4125,0.99975763451284538,0.99980659348269263,-4.1063435719703837e-05,0.00082053785594779288,0.57454545454545458,0.5058427055930198,-0.0072014610799387008,0.44775757575757574,6.0912484702535489e-05,0.28429986601879198,0.035570889256316011,0.0026231822779827388,-0.0047279041710374175
20210119,4129,4130,4129,0.99975786924939469,0.99986786797068461,-0.026102633178347632,0.022258054922570901,0.63114555582465492,0.70747177981745746,-0.015298741932527778,0.53862920804068781,0.00020293760015099513,0.13530866481201254,0.058551528616121964,-0.03315031066258519,-0.014122827161205822
20210120,4129,4130,4129,0.99975786924939469,0.99979089456237535,-0.0052062347078357558,0.0077386294382992835,0.63356744974570112,0.52333202548844582,-0.017155539559714481,0.55412932913538382,-0.002366652097522931,0.21024666792026236,0.037608597347873758,0.00019813417167635901,-0.014437258335117206
20210121,4132,4133,4132,0.9997580450036293,0.9998076342439377,-0.00019516080394528228,0.0033688060334728814,0.61229428848015488,0.47779743375640882,-0.012380940381846712,0.5186350435624395,-0.00011871984124773566,0.21209728734984448,0.025061307609674986,0.0045792698746398314,-0.0085121279618582558
20210122,4136,4138,4136,0.99951667472208794,0.99981270199809458,-0.023725621071973992,0.023402917123295095,0.74927466150870403,0.63501013307516874,-0.037014628729489199,0.69052224371373305,-0.0057721544525326657,0.15532589330650826,0.0211651860603746,-0.017704227931949836,-0.034384778869996475
20210125,4134,4137,4134,0.99927483683828866,0.99979252739283631,-0.016630283609418751,0.016152620011682727,0.74987905176584424,0.63289688939830435,-0.033478966988944737,0.66860183841315912,-0.00065851176005288226,0.17984771633368096,0.039033747338933875,-0.009968211930444058,-0.029534624261809708
20210126,4137,4139,4137,0.9995167914955303,0.99976249943064799,-0.039239245605310551,0.031053200127711032,0.7012327773749093,0.76637844925728182,-0.025878404475299831,0.59076625574087505,-0.0021863722642663508,0.11454346942555062,0.056494960372303303,-0.044420062597977525,-0.029459769519817176
20210127,4141,4143,4141,0.99951725802558533,0.99981302042988596,-0.012141961308654208,0.011175362714381926,0.61772518715286162,0.59659581130562744,-0.014667176041268727,0.51026322144409564,0.0015973193143282299,0.18560732643352407,0.059964342232419914,-0.011544151015251813,-0.013251680921673788
20210128,4147,4149,4147,0.99951795613400818,0.99981439896560109,-0.039061095629476864,0.032653572972044707,0.69785387026766332,0.80717741164594625,-0.025466729097623677,0.61683144441765136,-0.0020512755038476771,0.071692363676830406,0.077439979736839179,-0.045085303993550076,-0.028223441809932755
20210129,4149,4151,4149,0.99951818838834017,0.99992214814828995,-0.031634679660287483,0.026848910374853707,0.73198361050855631,0.74477150663207059,-0.030764064046430933,0.67196914919257655,-0.00097785689137885184,0.13919772516520931,0.035538130623024168,-0.032054810317527091,-0.030899059075649295
20210201,4153,4154,4153,0.99975926817525274,0.99992041250958374,-0.0067930733278703985,0.0065824193137593275,0.62918372261016131,0.56783852050227823,-0.015786116004486917,0.52010594750782568,0.00064925305352817996,0.23618353671215611,0.039637222580278138,-0.0042941168470981726,-0.011011967468235644
20210202,4154,4155,4154,0.99975932611311669,0.99987637906214233,-0.0022241779718228053,0.0047440160566848324,0.61145883485796826,0.50610293949900054,-0.012265203347682463,0.50409244102070294,-0.006195090602638547,0.20795113408666482,0.037058096029684129,0.0024946747276928553,-0.010931991289458867
20210203,4155,4156,4155,0.99975938402309916,0.99987620315334702,-0.018928506039829106,0.017287175564193798,0.68977135980746085,0.6236261518193158,-0.024701340526851835,0.60673886883273165,6.5967461299401564e-07,0.093493680280393635,0.075881134814032192,-0.016069009130242076,-0.024350786846260086
20210204,4155,4157,4155,0.99951888381044018,0.99989320162598905,-0.029984416028544295,0.028328193458074091,0.76149217809867631,0.71268991926111291,-0.03499968768868808,0.7010830324909747,0.0020444561462182355,0.1408340799466741,0.049920012422559189,-0.028332987205340315,-0.033007334659981499
20210205,4156,4157,4156,0.99975944190522015,0.99987248251705485,-0.018053354991577262,0.01804179136563977,0.65327237728585175,0.63275289367993448,-0.01901941829899112,0.56135707410972091,0.0064733424643184465,0.078879922384272799,0.077164659921688042,-0.015708292670769893,-0.022788331014097968
20210208,4158,4159,4158,0.99975955758595814,0.99990409925050849,-0.0020075698017789612,0.0051035220892809933,0.55651755651755652,0.51971491854570484,-0.0062926121740935316,0.45478595478595479,-0.0017987668381282671,0.22124072730266456,0.036957788110632397,0.0011384202416604644,-0.0086110100899749412
20210209,4165,4166,4165,0.99975996159385505,0.99986811194545966,0.01302194859152955,-0.006478872496145093,0.46194477791116445,0.33996479422309578,0.0034084201306243678,0.33949579831932775,0.00057609673712294071,0.20516485032053122,0.026819377553787445,0.016123050434301643,0.0066338884800043671
20210210,4173,4174,4173,0.99976042165788215,0.99991676002845953,-0.00099137557465358607,0.0037787017094392714,0.55188114066618743,0.47782239465307186,-0.005617684763463162,0.44811885933381262,-0.0021417896921547912,0.21493009070371613,0.041534452891074373,0.002967639079529738,-0.0098712616832066225
20210218,4168,4169,4168,0.99976013432477817,0.99991771545109021,-0.011508827513769858,0.0094161491847538897,0.53526871401151632,0.61192340746427787,-0.003667271330283696,0.40810940499040305,0.011028529103432825,0.26598529617809863,0.046744756889792564,-0.016722212958928274,-0.00061259536991697722
20210219,4172,4173,4172,0.99976036424634551,0.99992966852974896,-0.0072647632493087469,0.0070525085437407138,0.44846596356663471,0.57029714443317225,0.0054891174613395221,0.33005752636625119,0.0020205227247341896,0.24468133592414334,0.047475851491567744,-0.014441817966156387,0.0059314792344248145
20210222,4171,4173,4171,0.99952072849269114,0.9998945241568018,-0.018149937021571992,0.017603462739251809,0.62550947015104297,0.65161238800675969,-0.012300422360543366,0.55670103092783507,0.0046155534514079593,0.1743156181786242,0.078146328435902704,-0.022922500791693362,-0.010185936965193741
20210223,4172,4173,4172,0.99976036424634551,0.99989884595912215,-0.019205388676386964,0.018054100406616456,0.6761744966442953,0.67262894097376613,-0.019843665065093153,0.60810162991371042,0.0046693213146613774,0.15974100040188238,0.050948168814109185,-0.018908466051715197,-0.019719152896573444
20210224,4174,4176,4174,0.99952107279693492,0.9999145819729186,-0.035846081982494421,0.02777362332678892,0.67153809295639677,0.79191279426006456,-0.019627760834199929,0.59726880689985629,-0.0010243373330069416,0.13890112096998092,0.054543580326375171,-0.043601937034846612,-0.021064064489856021
20210225,4176,4177,4176,0.99976059372755566,0.99992840943299477,-0.0078018571646401242,0.0097038249605522955,0.64152298850574707,0.59654031259364126,-0.016660701326499182,0.56896551724137934,0.011447959443939839,0.13069399175905436,0.070447053834096274,-0.0033751187424563784,-0.015712466543771446
20210226,4177,4178,4177,0.99976065102920053,0.99993372550707682,-0.031548584582040622,0.025788194986739621,0.70648790998324151,0.78590115427754648,-0.024193570498320653,0.62892027771127601,-0.0053036815998925152,0.11151456367007892,0.071759100892953662,-0.033544543856763358,-0.027971682147283215
20210301,4178,4179,4178,0.9997607083034219,0.99987149468498704,0.0027752401641162341,-0.00091834095212338124,0.52896122546673052,0.43910285548465178,-0.0031921230394655435,0.43585447582575393,-0.0027591081768129255,0.28902419360198467,0.022718817954055462,0.0046824330764125522,-0.00027825933161661507
20210302,4179,4180,4179,0.99976076555023918,0.99991142982939163,-0.023899909123928715,0.019875679421887903,0.69825317061497971,0.67289672561321567,-0.023114315208625461,0.62167982770997843,-0.0031092879691473861,0.13119078832346454,0.08546224795041843,-0.024974973466231443,-0.022086266111947129
20210303,4180,4181,4180,0.99976082276967237,0.99993143200895285,0.0090601054230886168,-0.0034578209259045101,0.54928229665071771,0.43224341461984372,-0.0046861948796577332,0.44856459330143539,0.0041024560047924121,0.24032128888134929,0.03538564415431477,0.014124772653530619,0.0010299693159759565
20210304,4180,4181,4180,0.99976082276967237,0.99990958201328273,-0.043054108599101061,0.034905485688264487,0.71578947368421053,0.79020520958179885,-0.026261350181370761,0.64617224880382773,0.0014798452419111305,0.10838769359057286,0.068201044025793425,-0.052485438983787304,-0.027612362092958625
20210305,4181,4182,4181,0.99976087996174079,0.99993358870354443,-0.01220599567810003,0.010971754635072245,0.57402535278641476,0.61051594281693133,-0.0084848370218327616,0.48385553695288208,-0.0033968351382931642,0.18662199303459162,0.047878253798805094,-0.013568368084072508,-0.010091234691937052
20210308,4183,4184,4183,0.99976099426386233,0.99990012907061165,-0.03196944460582625,0.027305256524100985,0.68276356681807315,0.74396909646425247,-0.02126070955798615,0.61845565383695911,0.00076338301924946603,0.075176224550782683,0.08844952069869283,-0.037573873584076885,-0.023251273703071861
20210309,4184,4185,4184,0.99976105137395455,0.99991972238458682,-0.025069166698037538,0.024801764447171838,0.77437858508604207,0.75549717602446365,-0.030177341820255853,0.72394837476099427,0.00085652539896688418,0.064712827182490856,0.090215649037594603,-0.021942091435975929,-0.029903589290267821
20210310,4185,4186,4185,0.99976110845676058,0.99990896250946915,-0.018836352272359858,0.017956143036198489,0.70083632019115893,0.64776730581344055,-0.022186575459298082,0.62102747909199518,-0.00012614983122435919,0.18945036967973233,0.051646622816523428,-0.015953136453749916,-0.023434954007491304
20210311,4185,4186,4185,0.99976110845676058,0.99993305926322229,0.010824915932720615,-0.0061063255827074623,0.52927120669056149,0.35755722210820257,-0.0027186430706119848,0.404778972520908,0.006418042413192564,0.2575233443432417,0.015791673814240143,0.016443419029706603,0.0011516282022224261
20210312,4186,4187,4186,0.99976116551229999,0.99994426112529955,-0.0064103157711775287,0.0096279616936232812,0.62350692785475392,0.5551744847292035,-0.015044119230133889,0.54252269469660774,0.0029341550999990641,0.16039851582360867,0.06190623592200039,-0.0035711228135370983,-0.011045673123184455
20210315,4186,4188,4186,0.99952244508118437,0.99993313802088846,-0.02758204131679353,0.023257869858770576,0.68490205446727181,0.70616195395351766,-0.022189684081663177,0.59818442427138074,0.0033060431366647679,0.13023794110319906,0.055239271480949953,-0.030474839102342291,-0.02273707758686257
20210316,4188,4190,4188,0.99952267303102627,0.99994289788933199,-0.010589803585803718,0.0096708803714275135,0.57521489971346706,0.58733043383885453,-0.0074692587836199739,0.47588347659980895,-0.0044379033745342335,0.2358521768533102,0.02685874683713857,-0.013002670006804726,-0.0070417231302525897
20210317,4190,4191,4190,0.99976139346218085,0.99990948269184443,-0.0052782649117559463,0.0063553318136115857,0.58400954653937942,0.51623419655739045,-0.0096316930501009063,0.5014319809069212,-0.0081590644481048594,0.17370147830536847,0.035279902649231573,-0.0028090800096326847,-0.0088748368879366622
20210318,4192,4193,4192,0.99976150727402813,0.99982646686666665,-0.0079225343891086864,0.0082386458477594696,0.61879770992366412,0.54038175228223584,-0.013323236414272037,0.53125,-0.0037837533319007924,0.19031933983472074,0.046577334999088248,-0.0049048852113863827,-0.012159034959730926
20210319,4190,4192,4190,0.99952290076335881,0.99982517699274287,-0.028486759026615415,0.025032181178121442,0.67541766109785206,0.71480681516160949,-0.019633367879643655,0.58782816229116941,0.00042689671500857271,0.1043676675476037,0.066446058282223178,-0.035110411430312724,-0.019115484568079495
20210322,4201,4202,4201,0.99976201808662546,0.99985245213060747,0.0037176485917018022,-0.0013920118863504445,0.51963818138538442,0.48273591626688528,-0.0018367486172927799,0.41180671268745539,-0.0012959494875210082,0.27920691774133888,0.030317228557711788,0.0039664939427462281,0.0033941222051662857
20210323,4202,4204,4202,0.99952426260704086,0.99989852618332664,-0.036439805364744185,0.03287904437310759,0.70775821037601139,0.76265672917693872,-0.026645630877518308,0.64231318419800099,-0.0013616690384864114,0.12287788149445807,0.047888031659350856,-0.042951609690571685,-0.028179979105944143
20210324,4201,4205,4201,0.99904875148632577,0.99989922993886926,-0.029919486626557208,0.027126222377074842,0.68745536776957872,0.73519196644044826,-0.023858161828992204,0.61890026184241842,-0.0028521863530155227,0.11762929247266812,0.059268559767201995,-0.033723869845350606,-0.02477562077974161
20210325,4205,4208,4205,0.99928707224334601,0.99990205068539439,-0.020900268087824365,0.020952828166845613,0.64399524375743167,0.64734853278936366,-0.018238018268001567,0.57074910820451841,-0.0060330162356034243,0.18367598010967456,0.047844159618212194,-0.021323626651332531,-0.020344569661732044
20210326,4209,4211,4209,0.99952505343148901,0.99991850522238745,0.012478427175434029,-0.005750673426349143,0.54312188168210973,0.38011155013434483,-0.0047180876327583823,0.44309812306961271,-0.0041195590465929431,0.22158328939981334,0.013927127137004969,0.022242736706079111,-0.0017999663162578665
20210329,4214,4215,4214,0.99976275207591936,0.99985017848222535,-0.013601965409420212,0.011994867612160386,0.66065495965828192,0.60361829188921301,-0.018872053042285564,0.56217370669197908,0.0019755487377003684,0.21870114736399784,0.05104318818247882,-0.010119889012895259,-0.018394326345546122
20210330,4217,4218,4217,0.9997629208155524,0.9998801277692918,-0.0095438453452795138,0.012231010779008906,0.69172397438937638,0.54978519335402443,-0.025551741511397393,0.61678918662556315,0.0042488374905252872,0.18077628067554508,0.042549487139996268,0.001461198470084468,-0.024321129965980383
20210331,4215,4216,4215,0.9997628083491461,0.99989659341411274,-0.019654547784599793,0.018525672886203621,0.63463819691577694,0.63274411457554913,-0.015502307846678703,0.52906287069988134,0.0012451625548118225,0.14290949729977381,0.087603930861346893,-0.023120686098221047,-0.014856210834608613
20210401,4220,4221,4220,0.99976308931532809,0.99992358343709131,-3.0593184327301132e-06,0.0046415795378318362,0.590521327014218,0.4887121400286682,-0.01159284800203185,0.5061611374407583,0.0030588060074393394,0.18632018712432644,0.037280979747679438,0.0079619111401442368,-0.010334248878275691
20210402,4220,4221,4220,0.99976308931532809,0.99993380580533653,0.0015467132814299611,0.0036742111213437295,0.56563981042654032,0.46889690901419373,-0.0082343859728802142,0.45710900473933647,-0.0025026595101497353,0.14784389892034341,0.0546096054423768,0.0088360541010264679,-0.00853960986175256
20210406,4227,4228,4227,0.99976348155156103,0.99990380087207964,-0.010781843804353862,0.010708073479508114,0.61485687248639698,0.58889336181003771,-0.012835525815527334,0.48616039744499645,-0.00073314611399808924,0.27002273574122615,0.062184134653285615,-0.010051434413178822,-0.011717108229227982
20210407,4225,4226,4225,0.99976336961665879,0.99993007191053185,-0.010291335612896685,0.011260780973925801,0.62627218934911244,0.59075061641829441,-0.014064862610146516,0.52639053254437873,0.0045650653054429254,0.21463040421674351,0.053431783643712906,-0.01082199822857065,-0.0095941951044205449
20210408,4228,4229,4228,0.99976353747930957,0.99993398470997874,-0.017518820372388669,0.016701550007521077,0.64853358561967833,0.62037974899472992,-0.01723452258732731,0.56173131504257334,0.002371067829961564,0.13223372138323733,0.063821004093588887,-0.017440618274921927,-0.017617294730912697
20210409,4232,4233,4232,0.99976376092605712,0.99984253994381977,-0.024327336681228957,0.021330746678397745,0.65122873345935728,0.64506708147635172,-0.0199360583425406,0.56498109640831762,-0.0050490868051125022,0.12302813098587968,0.06420666119838743,-0.027595144315882999,-0.019995984384720254
20210412,4236,4237,4236,0.99976398395090871,0.99983867609600152,-0.04025560935871017,0.035076470612720463,0.73016997167138808,0.78286184836540618,-0.031968166662977318,0.65226628895184136,0.00021666695976319678,0.12222413659449852,0.046813615808809758,-0.046736365095796407,-0.031479516209948225
20210413,4239,4240,4239,0.99976415094339621,0.99989547157321523,-0.024312363206132667,0.022145583174921313,0.68742627978296766,0.69454820300652798,-0.02385188387609603,0.59896201934418491,-0.005178212986187581,0.2022103331244603,0.05221800933846809,-0.02295743915410401,-0.026092588081574049
20210414,4241,4242,4241,0.99976426214049974,0.99987336385284786,0.0013731870391373302,0.0010407755343181434,0.56095260551756665,0.47961298332041408,-0.0066400247037089848,0.44376326338127803,-0.0082401527418468311,0.25444122147250403,0.031715493512078231,0.006070099625633458,-0.0051436069689572202
20210415,4240,4241,4240,0.99976420655505782,0.99991878811017676,-0.020755172552592318,0.02144497242266491,0.67617924528301887,0.65031286804477151,-0.022576402502265201,0.5929245283018868,-0.00081626069764777903,0.15141002271474638,0.060055730395767289,-0.018916752447862981,-0.023203835907611541
20210416,4244,4245,4244,0.99976442873969373,0.99990670011566563,-0.0020494374381024058,0.0054595943383538605,0.55772855796418475,0.52793873323406315,-0.0059824792400750264,0.45593779453345901,0.00024704232988773654,0.23856149379410482,0.051474714453568209,-0.00017282051657528151,-0.0042443506925415988
20210419,4248,4249,4248,0.99976465050600138,0.99985312935534287,0.01391534840506372,-0.0058113401602554885,0.56308851224105461,0.40086004627669397,-0.0073902051880891419,0.4705743879472693,-0.0021429300755078096,0.23836078884683812,0.025939625859043827,0.028922846238687933,-0.0056405907574339836
20210420,4251,4252,4251,0.9997648165569144,0.9999123657450637,-0.015308470169507205,0.017016279343847831,0.66737238296871326,0.59617303161729451,-0.020537113236004746,0.5951540813926135,-0.0010162339716653056,0.12770229137611189,0.070191376171216263,-0.011029064615416376,-0.021064030270169818
20210421,4259,4260,4259,0.9997652582159624,0.99992502928991278,-0.01662936964926515,0.017993533137487999,0.68325898098145099,0.60744789907703167,-0.022800223414262639,0.61070673867104952,-0.0029133358839100697,0.17586250860817712,0.053614830774477977,-0.012629209967512005,-0.022074274155581591
20210422,4259,4260,4259,0.9997652582159624,0.99992997773130787,-0.011690134799667179,0.012884599186460189,0.64663066447522888,0.58256673737650033,-0.017604945971973301,0.55576426391171641,-0.0035755304133454294,0.20906156030387613,0.049297388443048797,-0.0083340073205215547,-0.016147976344797817
20210423,4251,4252,4251,0.9997648165569144,0.99989897863914712,-0.015574956967221998,0.017557261321009949,0.71512585274053164,0.57674016303892406,-0.028012502298216578,0.64196659609503648,-0.0026061835474473598,0.14406570288752635,0.034766292751583557,-0.0064423793819607432,-0.02844888199571044
20210426,4257,4258,4257,0.99976514795678717,0.99991255701638526,-0.016872445854231109,0.018065541249322019,0.6579750998355649,0.61660991733056791,-0.019955322416578592,0.56401221517500588,-0.0043772723774193889,0.14225190779321106,0.091745063703780563,-0.014797980914889612,-0.019931956984103306
20210427,4246,4247,4246,0.99976453967506473,0.99992667591443851,-0.024358153019938079,0.024607620941959025,0.72703721149317002,0.67802824358959701,-0.028122819947351347,0.64861045690061236,-0.0022237999237259588,0.20727820611178233,0.03770291475140982,-0.021187047204221088,-0.028619827186786399
20210428,4259,4260,4259,0.9997652582159624,0.99993441310479358,-0.0073753731932424092,0.0095893391661033452,0.61962902089692418,0.53981294538686919,-0.014088181159166418,0.51866635360413238,0.001287419755947144,0.21888476916902455,0.051901845057190497,-0.00088918302292008118,-0.016866868134710451
20210429,4244,4245,4244,0.99976442873969373,0.99995450562087695,-0.0098129219438086914,0.011630804571178158,0.646559849198869,0.57083390420916558,-0.018121942510004051,0.54571159283694626,0.00072736262828967772,0.16225390017708693,0.071200368154077126,-0.0034672898335343602,-0.019470120070994929
20210430,4238,4240,4238,0.99952830188679243,0.99993686367554657,-0.020715970335791804,0.021598198442646023,0.70788107597923544,0.61798127169315431,-0.028614221041363647,0.62081170363378957,-0.0068678030944743784,0.17401460770452643,0.06154426360237461,-0.016023603538609692,-0.028053581665739818
20210506,4265,4267,4265,0.99953128661823298,0.9999560320813049,-0.02099096020434231,0.014545287071609835,0.61570926143024618,0.65535797104885651,-0.013243298162295062,0.50457209847596718,0.0030538397004838368,0.21039517453508166,0.05582440197248574,-0.027537757719947164,-0.010103223138380931
20210507,4265,4266,4265,0.9997655883731833,0.99995311884960258,-0.021625652355713291,0.019309166475390289,0.64759671746776082,0.6573642636989101,-0.018200925346305432,0.54865181711606092,0.0064948825487452684,0.14291519789061705,0.066254390555329751,-0.023226570769222046,-0.019045992699508778
20210510,4266,4267,4266,0.99976564330911644,0.9999551334174045,-0.012402013433661846,0.012048849945107047,0.64721050164088134,0.61722972856759262,-0.017164137785908008,0.54805438349742153,-0.00026028409660272707,0.29756551221685212,0.036142701843472028,-0.0095241737230001705,-0.01675761981091518
20210511,4269,4270,4269,0.99976580796252923,0.99996300943449556,-0.016633151711196271,0.015944633648886018,0.6411337549777465,0.63647767651813791,-0.01627408959501354,0.55563363785429842,-0.00031582665533709531,0.20453584630120761,0.050121416808102386,-0.01843283589685105,-0.013854106984752272
20210512,4275,4276,4275,0.99976613657623947,0.99995355770545769,-0.003742288429446179,0.0067229590455293899,0.60701754385964912,0.55062616376849649,-0.012481734410878824,0.51345029239766082,-0.00139750705212798,0.28689047601591977,0.032050652451001145,0.0011026985437714704,-0.010452983788528838
20210513,4282,4283,4282,0.99976651879523704,0.99996059923604941,-0.026848111476164199,0.024969384676997202,0.67001401214385803,0.69299407966580784,-0.020694120522675444,0.59715086408220452,-0.0030506695639419823,0.13556095732667911,0.06976988691044711,-0.030791943893205869,-0.021384751005267717
20210514,4280,4281,4280,0.99976640971735575,0.999946281299537,0.0035489926536429696,0.00045740947691917975,0.53808411214953267,0.48827423917520285,-0.0042437920854881276,0.45233644859813082,0.0058104675012247082,0.24627057948802761,0.025073087573660162,0.0081902671142977113,-0.0031092420707197056
20210517,4283,4284,4283,0.99976657329598506,0.99995114191933876,-0.012605831418164307,0.013897603470777408,0.6971748774223675,0.58277086591837346,-0.024914946249375302,0.62713051599346248,0.0036698690116834503,0.23122311807797571,0.051220544471174634,-0.0052863758739805687,-0.023276496470669567
20210518,4279,4280,4279,0.99976635514018697,0.99990669311110658,-0.012448517270614237,0.013038294918507699,0.62701565786398694,0.60598247356484058,-0.015220261405640581,0.55082963309184385,0.00070224538016565308,0.2499597220304568,0.033791623457577517,-0.01191749086305741,-0.013193499628739025
20210519,4280,4281,4280,0.99976640971735575,0.99993439658028016,-0.013454392791787813,0.014617272385308674,0.64509345794392525,0.57279367397385317,-0.02163661610993059,0.57967289719626169,-0.0088441627632325822,0.16330703108934441,0.054217850290686063,-0.0087656908345678658,-0.020405465686507158
20210520,4294,4295,4294,0.99976717112921998,0.99994159472991051,-0.019888838934643664,0.019223581929406257,0.66930600838379128,0.63426002675718995,-0.02334192436771923,0.59734513274336287,-0.0013339018511532019,0.15658840105662131,0.054034023294265446,-0.019672140361287432,-0.02021201779904189
20210521,4295,4296,4295,0.99976722532588458,0.99993763932641611,-0.016717910815224668,0.015638571239354915,0.63119906868451692,0.62655334355778558,-0.016586695747001102,0.54388824214202558,-0.0026594029026262324,0.1511623274998305,0.060210108419503375,-0.016375335249739921,-0.017251180471614096
20210524,4293,4294,4293,0.99976711690731257,0.99991639309174052,-0.012679473390959383,0.011395601568063502,0.61891451199627301,0.58764118035122415,-0.013719729344729341,0.52760307477288604,0.00087044917875701323,0.21466861895487302,0.037747178390570048,-0.012692410497748023,-0.012659445343502579
20210525,4299,4300,4299,0.99976744186046507,0.99992970955276361,0.0046222271568785011,-0.0003303992032091652,0.60758315887415681,0.46937512934281728,-0.012741316947749163,0.52267969295184924,0.0048063652116746777,0.27753971780916142,0.017419452728755006,0.012374713201000382,-0.008508871595314365
20210526,4304,4305,4304,0.99976771196283387,0.99985554289657563,-0.011904238977415098,0.011617464745521394,0.61384758364312264,0.63264425723104589,-0.012551293925042362,0.50999070631970256,0.0023427615282616242,0.23037312372704016,0.042114494564237263,-0.012922269213106484,-0.010386154957307837
20210527,4306,4307,4306,0.99976781982818663,0.99992013942511038,-0.0085910814685705283,0.0099852035010664451,0.62447747329307945,0.57236024129726604,-0.014116101283120998,0.54296330701346962,2.5810649413952544e-05,0.25198514989669657,0.03536096924428505,-0.0058912350040730447,-0.012364800183532872
20210528,4309,4310,4309,0.99976798143851509,0.99993570246986219,-0.017346773097369535,0.016481429130441767,0.69830587143188672,0.6110562594938509,-0.025727334718673653,0.62079368763054077,0.004257176424817443,0.15092984678385485,0.053837830144239519,-0.01437457851349442,-0.021751748658697362
20210531,4311,4312,4311,0.99976808905380332,0.99983554455308632,-0.0090103204471034069,0.0099680133608521428,0.61285084667130596,0.56493096422373923,-0.012394411198903011,0.53189515193690562,-0.00054672627538053346,0.30922740779820324,0.032563620698596099,-0.0084001729563169744,-0.0098958681177484312
20210601,4312,4313,4312,0.99976814282402038,0.99991419679920879,-0.01176798837534635,0.011930082047848697,0.60064935064935066,0.59853674112088195,-0.010017964691159276,0.51321892393320967,0.0031711254862688415,0.22707381876351554,0.048691376574303086,-0.012275893135111925,-0.01107766857542924
20210602,4315,4316,4315,0.99976830398517147,0.99993213111456114,-0.026419118569753177,0.023907655677120485,0.67114716106604866,0.69925196477893048,-0.018579584475771571,0.57358053302433376,0.0068356526715002072,0.11040935150200501,0.074475318939782653,-0.02946127285523914,-0.022472985465890081
20210603,4318,4319,4318,0.99976846492243576,0.99986617559260427,-0.013895449796948657,0.013956115633005799,0.59935155164427978,0.6079520591027191,-0.010042704467467512,0.50880037054191751,0.0044119260968963174,0.13508117375459364,0.072476792432892304,-0.015018274246887701,-0.012366567303499408
20210604,4319,4320,4319,0.99976851851851856,0.99978656212158357,-0.014719146681194043,0.014779954137232524,0.65061356795554526,0.62815276809432752,-0.016180168479146134,0.55753646677471635,0.0021213014390283284,0.26150236942947103,0.03998622013591379,-0.012549615046791897,-0.017883262869754918
20210607,4319,4320,4319,0.99976851851851856,0.99979217212224614,-0.011124963926479436,0.012146528649404111,0.61912479740680715,0.58555659308782426,-0.0128595543104931,0.53044686269969898,0.002386600807091202,0.22814314213752501,0.044892190329187988,-0.010105334015974521,-0.012560912218362114
20210608,4323,4324,4323,0.99976873265494914,0.99987848021144299,-0.023085910153914709,0.021242682475306241,0.66111496645847789,0.69026293573609221,-0.016350539252788423,0.57876474670367806,0.0072937698862637866,0.17894322945375118,0.060765213398980271,-0.026583031307903657,-0.017978822280937647
20210609,4324,4325,4324,0.99976878612716757,0.99988142058233953,-0.012099701008705277,0.012441209105402928,0.61239592969472711,0.60659205496404278,-0.012531610521646265,0.51110083256244221,0.0050598173414488834,0.1924449766072697,0.060062785530442662,-0.011943978054297118,-0.012307942831744523
20210610,4325,4326,4325,0.99976883957466478,0.99992827067716206,-0.0059580780691040605,0.00857162166449656,0.6235838150289017,0.53710921443174986,-0.014104737452201461,0.52924855491329481,-0.0022024343850917472,0.21627404654134588,0.032773149570275051,-0.0010845939381193064,-0.012527429881255152
20210611,4331,4332,4331,0.99976915974145886,0.99992367276475691,-0.019724643758219227,0.019092922851256917,0.6428076656661279,0.65300176024669832,-0.015763001648941247,0.55760794273839764,0.004523529982563744,0.15584470288409022,0.066507578596186251,-0.020500507242512189,-0.018627606249417433
20210615,4328,4329,4328,0.9997689997689998,0.99992080744390865,-0.020684838779219214,0.018728704534124504,0.69177449168207028,0.68669949470406977,-0.021205858236678657,0.61298521256931604,0.0062796738209509873,0.16039826730828446,0.071914525008011959,-0.01876093458823332,-0.02339358547381282
20210616,4329,4330,4329,0.99976905311778286,0.99992580313760293,-0.029307650704221963,0.024676365714966696,0.70893970893970892,0.74118830609398456,-0.021442299991991671,0.60960960960960964,0.013013505102842094,0.11857804927966525,0.076406304753564247,-0.033809617591693319,-0.022623092912462773
20210617,4334,4335,4334,0.99976931949250292,0.99986334804505561,-0.0044639907053932362,0.0059481488606900638,0.62621135209967693,0.55243347080723748,-0.013104808878912719,0.50922934933087216,0.0030701609146213437,0.27542036718466212,0.033121889300891855,0.0018760458997791076,-0.014036195208358375
20210618,4335,4336,4335,0.9997693726937269,0.9999105371700141,-0.0045048809990529109,0.0069792023308241878,0.61868512110726648,0.53140203086859794,-0.011530194513768837,0.52502883506343712,-0.0019778191361748878,0.22704728135759672,0.040078599961843951,-0.0013817961235961377,-0.0095244933148256241
20210621,4331,4332,4331,0.99976915974145886,0.99990793422078261,-0.012016597971057566,0.013266918569180133,0.6268760101593166,0.5942569684064346,-0.012294405147450902,0.53867467097667976,-0.0020791343547897408,0.24433229526319875,0.039253779887296086,-0.011533876912281631,-0.012726016636852982
20210622,4339,4340,4339,0.99976958525345627,0.99988968982167892,-0.0099654708462602066,0.0095884437017372936,0.63240377967273564,0.60197897980069548,-0.013173402164307775,0.53514634708458175,0.0086241563494166111,0.24259404348676114,0.05185550219730805,-0.0078127486524867951,-0.012923735488985738
20210623,4340,4341,4340,0.99976963833218158,0.99994905838365267,-0.0068000786898478813,0.0091322051966671279,0.63317972350230411,0.53461247471142403,-0.013704077296911235,0.54723502304147464,0.00016035993836883457,0.20598445609870852,0.047737088963986304,-0.0012336203146932278,-0.014992815744622114
20210624,4343,4344,4343,0.99976979742173111,0.99991910228576897,-0.019431612933967841,0.018801452012966468,0.66451761455215286,0.65140746885578649,-0.01876662784096372,0.58600046051116739,0.0055761381667968467,0.13659514299199205,0.066609374009673261,-0.018465179045825293,-0.020802110133511867
20210625,4348,4349,4348,0.99977006208323749,0.99991932896248747,-0.0042595695772306855,0.0056271241934014319,0.62189512419503223,0.55017338537960681,-0.012911153570515201,0.52138914443422268,0.004171556254362746,0.25687077980403911,0.035899333142887693,0.00182086674793128,-0.013806594339288126
20210628,4352,4353,4352,0.99977027337468416,0.99993488496269445,-0.014853453180938943,0.014256808542383658,0.6537224264705882,0.61844921931494068,-0.01620179886399517,0.55261948529411764,-0.0026016890697887346,0.27935114941685774,0.036953598615934509,-0.013161635286422876,-0.017349438123433869
20210629,4356,4357,4356,0.99977048427817305,0.99992059689432577,-0.027550403901951015,0.023908838682535724,0.6930670339761249,0.70857951091219762,-0.021857172221320768,0.60307621671258038,0.0058030162683169392,0.15597221629538788,0.068729072323754331,-0.028060757416458765,-0.026805102496576336
20210630,4358,4359,4358,0.99977058958476717,0.99994730727443315,-0.008910467461570629,0.0094140094465821646,0.63813675998164299,0.58613078768250981,-0.014804201651345172,0.54681046351537399,0.0048071305503884195,0.28545210598279741,0.029591145975741959,-0.0047545044521757644,-0.014957366267700114
20210701,4360,4361,4360,0.99977069479477187,0.9999045969703908,-0.020651937551818374,0.02070085941822886,0.64495412844036693,0.64387095162887897,-0.017436992556388222,0.56444954128440372,0.010020135793891089,0.085156108656472523,0.080876281075084253,-0.020614499444626237,-0.020705834523370825
20210702,4362,4363,4362,0.99977079990831996,0.9999482499633916,-0.024231972430938557,0.022324745772624669,0.68729940394314537,0.70134803668430978,-0.020054727813592441,0.60545621274644656,-0.0015488914042724074,0.16296074748890069,0.083458818412991201,-0.026437189732240331,-0.020726268794446542
20210705,4364,4365,4364,0.9997709049255441,0.9999282335331684,-0.0071684971423484137,0.0072303988451987615,0.60151237396883594,0.58610014015926848,-0.0097727249553885912,0.50893675527039417,-0.0022736689463725823,0.2890683685298186,0.033489103909113922,-0.0060174153060151177,-0.0090145861365959305
20210706,4369,4370,4369,0.99977116704805491,0.99992791248584045,-0.01819625438642956,0.015222926824862155,0.65873197528038452,0.67539291738998086,-0.015489273123622135,0.56923781185625999,0.0024988581914915861,0.23990729958201318,0.054091857376683421,-0.01886234494625694,-0.017077470139060247
20210707,4374,4375,4374,0.99977142857142853,0.99971374138389946,0.0030216506196397673,0.0010644945154298117,0.60242341106538633,0.47311212132311342,-0.009972620023596902,0.51074531321444905,-0.00056068324477561186,0.21640310377447786,0.043291871222579312,0.010695690277893197,-0.0095323859244451116
20210708,4378,4379,4378,0.99977163736012786,0.99973421592233336,-0.016480233187420892,0.015565024651402724,0.65623572407492003,0.60689644627500172,-0.017659845230932853,0.57606212882594787,-0.0014054048297142477,0.16497632095091985,0.044208678621336144,-0.015294306384129647,-0.018379559628064892
20210709,4379,4380,4379,0.99977168949771689,0.99971486379511787,-0.0073795022597299064,0.0081003285367003634,0.62228819365151866,0.55132320689983672,-0.011782749909779866,0.52934459922356702,0.0016501524888102113,0.19918122606330782,0.061657066169060713,-0.0042119560137727809,-0.012494075718544943
20210712,4379,4380,4379,0.99977168949771689,0.99983451233901344,-0.0040654294314135721,0.0049565454837833716,0.60333409454213294,0.53577671026121798,-0.0093577402454130092,0.50696506051609957,-0.0016633604271723843,0.29747142034675939,0.041255214003814683,-3.1398289477043939e-05,-0.010553894113138056
20210713,4381,4382,4381,0.99977179370150615,0.99984698523081872,-0.013647965358983369,0.011737428649319981,0.61949326637753932,0.59851603725647473,-0.013210349761762928,0.52613558548276651,0.0036661494266547086,0.21726863289801954,0.034705019743781026,-0.014552011068183726,-0.012288647405783556
20210714,4379,4380,4379,0.99977168949771689,0.99985573837585018,-0.024237780092779788,0.021639499711856382,0.67138616122402373,0.70693067138593113,-0.019203966731288848,0.58437999543274721,0.0014818474763145552,0.1475217945926906,0.068395325790962844,-0.025465787387811259,-0.022339270689282018
20210715,4379,4380,4379,0.99977168949771689,0.99990538033413945,-0.0087628852356936085,0.010703844751722447,0.66179493034939485,0.58248335136374318,-0.018123559264825867,0.58460835807261935,0.0076929903621269285,0.2309267816445732,0.040467540231396891,-0.001892366858723247,-0.019351699184023342
20210716,4383,4384,4383,0.99977189781021902,0.9998241307607737,-0.013790140821359627,0.011780214855085111,0.6194387405886379,0.61938668231323601,-0.012584876276498964,0.51106548026465892,0.0017071442858770172,0.177057101722465,0.070056679906628033,-0.014637969921345655,-0.012428704315706911
20210719,4382,4383,4382,0.99977184576773903,0.99980954045787207,-0.017233196556719569,0.015642251110149413,0.66636239160200816,0.65133728941607272,-0.017195818453079208,0.57234139662254679,0.0015542421744583132,0.18082417240505891,0.051323121991942298,-0.017920571727816751,-0.016170532588351827
20210720,4385,4386,4385,0.9997720018239854,0.99975390329606473,-0.010861758100004981,0.011786326594335494,0.64857468643101479,0.59136939301871927,-0.01594244405824571,0.56191562143671603,-0.0010941809510430899,0.21441702401923171,0.041614675578072573,-0.0063183985986928612,-0.017459738499375606
20210721,4384,4385,4384,0.99977194982896234,0.99989418425721188,0.00029090178290792928,0.0036906404398125287,0.61427919708029199,0.48347282669705305,-0.010796016866561908,0.51710766423357668,0.0031660561912456213,0.24590813101551606,0.029241739132705363,0.0075734085967101303,-0.011406863148829976
20210722,4390,4391,4390,0.99977226144386244,0.99991407236149199,-0.010649873550932356,0.0098627051650811582,0.64123006833712981,0.58328255265743523,-0.015049057956924659,0.56127562642369022,0.0038266201796500615,0.24185385622539743,0.027756717853628279,-0.0084156787507661899,-0.014192966211650443
20210723,4392,4393,4392,0.99977236512633738,0.99988990644641162,-0.020933459121093456,0.019005695874373181,0.66734972677595628,0.67181969120915108,-0.019767041378041771,0.57969034608378867,0.0069639444899803633,0.16662698446791332,0.056189649769403799,-0.021107670506988935,-0.020672413138166187
20210726,4396,4397,4396,0.99977257220832383,0.99978548448756499,-0.031211890582482377,0.027322401868130411,0.76205641492265697,0.76185220874538295,-0.028226638698186136,0.6847133757961783,0.0028857101343806139,0.15811247088548075,0.054617946506423883,-0.031910986751633598,-0.030089841670962819
20210727,4397,4398,4397,0.99977262391996358,0.99985488933094835,-0.02286769975659677,0.020931283870745609,0.71389583807141233,0.70401881179702963,-0.021879150020043779,0.63406868319308618,0.0065219769504004099,0.072074956209516303,0.094026149855849381,-0.021690855369551579,-0.024922940445712333
20210728,4401,4402,4401,0.99977283053157651,0.99983251860281841,-0.024197967676760863,0.022392947017169991,0.76505339695523744,0.74672773771813883,-0.026064715414452388,0.69075210179504654,0.0033973529433287894,0.1909511220732438,0.06245430940816675,-0.022038828668055378,-0.027561513868564459
20210729,4403,4404,4403,0.99977293369663944,0.99983677284018413,0.010563578693555793,-0.0032582999221543543,0.58664546899841019,0.39378767513086915,-0.0076195109332790134,0.47717465364524186,0.00046404133057681082,0.28800707493748334,0.018940313574393765,0.019179175427056293,-0.0039464403424532887
20210730,4406,4407,4406,0.99977308826866351,0.99991944341665451,-0.010381664644674332,0.010993733333536522,0.65024965955515202,0.61260755568346148,-0.014753844054161198,0.5714934180662733,-0.0017142390138329307,0.25333099555532296,0.046498652859356532,-0.0084053349223712666,-0.01362078195545104
20210802,4407,4408,4407,0.99977313974591653,0.99984129399716326,-0.001937737137704922,0.0040996327383067376,0.57839800317676426,0.54105655734541325,-0.0070283163754355287,0.47311095983662355,0.0028735921343213057,0.29397126873455437,0.028218808774999934,-0.0010446435350652354,-0.0034248547015426197
20210803,4409,4410,4409,0.99977324263038547,0.99990619045894769,-0.019821354901005988,0.017446258159718776,0.62009525969607626,0.64737951081930734,-0.012205945412299676,0.52801088682240871,0.002376106426341975,0.12359399591713048,0.069359370832122555,-0.023536070991911753,-0.014154722146241534
20210804,4415,4416,4415,0.99977355072463769,0.99983301648390999,0.0094295609424342661,-0.0026323084110396089,0.57327293318233297,0.43117151006499266,-0.0067818376736498882,0.46342015855039637,0.0028902016644150198,0.23518842691313854,0.032575351494657317,0.01868582033650569,-0.0054259029788383843
20210805,4419,4420,4419,0.9997737556561086,0.99982710333903502,-0.016197614785849399,0.0163206468627781,0.68228105906313641,0.64128789627842331,-0.019840420401055572,0.60262502828694275,0.0052136625384929646,0.15784877993490998,0.066492544061992856,-0.012501785614315435,-0.021974388379492407
20210806,4421,4422,4421,0.99977385798281315,0.99970646960266496,-0.011133433564583135,0.011092551737049112,0.64351956570911562,0.60656768398114091,-0.015724491261963788,0.54783985523637191,0.0046353971693674544,0.22352434143885627,0.054814839037816934,-0.0089847646939526116,-0.014643240365668719
20210809,4420,4421,4420,0.99977380683103367,0.9996335580435608,-0.0091573989842984298,0.0086021457075614021,0.6024886877828054,0.59584689572779026,-0.010152749208544231,0.51085972850678729,0.002410547506252479,0.20655133362054487,0.038855657072739865,-0.011213142929644322,-0.0059436990526804409
20210810,4424,4425,4424,0.99977401129943499,0.99957391563520392,-0.01604243737491785,0.013933996049344196,0.61573236889692584,0.62832930996360659,-0.010898421120309115,0.52283001808318263,0.0055285919658660115,0.27179535096577362,0.029831293838270167,-0.020487241465038542,-0.0089881069267344713
20210811,4424,4425,4424,0.99977401129943499,0.99974817102205571,-0.0049872538703711507,0.0063673937145776148,0.61437613019891502,0.52984263046780022,-0.011823785626234181,0.52983725135623871,0.0016656446009186668,0.192157783147589,0.069943289202325801,-0.0027328235598083101,-0.0081434614591904368
20210812,4428,4429,4428,0.99977421539850986,0.99976771436019751,-0.014955609157919082,0.013260963883159699,0.63888888888888884,0.61887875143358551,-0.014186857415616927,0.55578139114724479,0.0059237362387831814,0.20964149649921263,0.048756337360652727,-0.016190196070714247,-0.013165329613045663
20210813,4433,4434,4433,0.99977447000451058,0.99971823188359998,-0.018932579027031674,0.017701584311904862,0.64110083464922174,0.64572741584534288,-0.015870631606504478,0.56350101511391837,0.0022530722773585823,0.18358462533208614,0.048845528771129632,-0.020992453340447224,-0.015895923488511838
20210816,4435,4436,4435,0.99977457168620376,0.99975887368602312,-0.018319984504287842,0.016740727504666441,0.61375422773393462,0.65536263484963031,-0.01113228006526345,0.5294250281848929,0.0068469833911990099,0.16751329461053643,0.062014993948893593,-0.022732502522018527,-0.012147721856191248
20210817,4438,4439,4438,0.99977472403694523,0.99981945189926003,-0.034749613082620028,0.029713727034209644,0.71248310049571884,0.77304533840680323,-0.024799639075592607,0.6257323118521857,0.0050715155839595183,0.085027581558663953,0.081286795185485872,-0.039060495392706611,-0.029058735754608444
20210818,4438,4439,4438,0.99977472403694523,0.99979127143782709,-0.0062425637023208651,0.0071310796499649701,0.60567823343848581,0.56851494293107663,-0.011441491707399304,0.50585849481748535,0.0045442278711893018,0.24403084726317667,0.033499974129113645,-0.0023610493819559842,-0.012008999025414512
20210819,4441,4442,4441,0.99977487618190009,0.99958005743135447,-0.011857590889168275,0.011940509092830258,0.65615852285521281,0.57832858247270602,-0.01713200492886115,0.57554604818734523,-0.0051310366403516938,0.15232164956650179,0.043848383656891671,-0.0073581357414080643,-0.019057231924898558
20210820,4444,4445,4444,0.99977502812148478,0.99974740782281002,-0.022922819017232039,0.019704835639985697,0.71219621962196222,0.69118928365193277,-0.022555886026370785,0.63321332133213326,0.0016019343652347758,0.18572049622887171,0.043412441487681051,-0.023716085123739024,-0.021615381991486774
20210823,4444,4445,4444,0.99977502812148478,0.99971292851630389,0.0071480246066767126,-0.00065586418257522505,0.54275427542754273,0.4368252650862261,-0.0042767695964746558,0.44419441944194421,-0.00019782909145306914,0.2766932197100988,0.037809729780628416,0.011427671538372755,0.00090245919893179583
20210824,4448,4449,4448,0.99977523038885141,0.99972922073346571,-0.0051688816097247604,0.0074814578643141944,0.64028776978417268,0.54728376937329348,-0.014145663172781625,0.55373201438848918,0.0060965664561403697,0.23673906159927899,0.040262983043740298,0.00031073823692383555,-0.013449339188359709
20210825,4447,4448,4447,0.99977517985611508,0.9997442231246999,-0.0085501625737925049,0.0093957815509687001,0.60939959523274112,0.57122764742906129,-0.011610959088520303,0.52957049696424552,0.0053181826946184455,0.21422309907620765,0.042478796653118843,-0.0067722777426516504,-0.011120163511017819
20210826,4449,4450,4449,0.99977528089887635,0.99980473255613977,-0.020404531579049642,0.018654100719577814,0.67790514722409534,0.66517642074936079,-0.019568107674376379,0.60350640593391769,0.0065752922178788989,0.15164924584962097,0.084084392935036584,-0.021420646251676816,-0.019005716433150601
20210827,4450,4451,4450,0.99977533138620533,0.99980425375986703,-0.0092775069621388248,0.010000183892204674,0.62584269662921344,0.56383716189965549,-0.01432364384262708,0.5301123595505618,0.0040626103732600994,0.22094797493103527,0.054093008620920639,-0.0044696465822805101,-0.016224729956773713
20210830,4450,4451,4450,0.99977533138620533,0.9998109476260979,-0.014920692918822455,0.01282530783948756,0.64651685393258429,0.61454217604883388,-0.014884384345639122,0.52112359550561793,0.005550581144777602,0.24685825336423944,0.039678946068592985,-0.013599420227830486,-0.016967967957213281
20210831,4449,4450,4449,0.99977528089887635,0.9998670012311458,-0.015367913708299203,0.013314448503980435,0.63812092605079795,0.61608346046043816,-0.014024564429012593,0.52753427736570013,0.0064740226086282288,0.20937402323117743,0.043452631625946189,-0.014331207747318124,-0.016940587410919333
20210901,4450,4451,4450,0.99977533138620533,0.99977215021379273,-0.013687820365547059,0.011539607970361063,0.60786516853932582,0.64547564638388599,-0.010717312857460706,0.50943820224719105,0.0082527200128940555,0.14749623223471642,0.048390720033554858,-0.015226417089752576,-0.011244956143569877
20210902,4448,4449,4448,0.99977523038885141,0.9998449033548642,-0.0038239792639221406,0.0045007132311370842,0.56722122302158273,0.53427651577969615,-0.0064141462946147344,0.4460431654676259,0.0045295840390161815,0.28128490798426564,0.049461379368409983,-0.0020818131416079399,-0.0064444039219660552
20210903,4448,4449,4448,0.99977523038885141,0.99984781176453241,-0.019933670660782891,0.017167260787900696,0.60454136690647486,0.67302615957938572,-0.0095743427010112278,0.49887589928057552,0.0014133918841175951,0.1747159094276958,0.064928522390961557,-0.026080318346367388,-0.0110574711598448
20210906,4450,4451,4450,0.99977533138620533,0.99990051313924899,-0.00062647642975263999,0.0025186421517367076,0.57056179775280902,0.49396156265940677,-0.0069771004274690514,0.45820224719101121,-0.00026216759381287875,0.2188905369073364,0.043225463379685899,0.0029282716275586839,-0.0058161880988785199
20210907,4454,4455,4454,0.99977553310886647,0.9998859130095259,0.0021541555958056492,0.00073846470801440208,0.60417602155365968,0.4971368512151258,-0.0096157369998938029,0.49775482712168839,0.0035624547991148347,0.29698320071928119,0.037581949615650354,0.0081373134045462439,-0.0062061322880027575
20210908,4456,4457,4456,0.99977563383441781,0.99989139611346478,-0.010957626258707149,0.012088217424555018,0.62567324955116699,0.58194428242258689,-0.011821290715346648,0.55049371633752242,-0.0025560917428352776,0.20959426110481072,0.058433913866996465,-0.010080890380367118,-0.012140473890796845
20210909,4461,4462,4461,0.99977588525324967,0.99988462522137356,-0.014100697984930004,0.013272109555817303,0.66554584173952025,0.60741909154423213,-0.017674157542681954,0.58394978704326383,0.0039921934761973765,0.21276747142433225,0.041648341751089085,-0.011630524401955966,-0.017370546163138545
20210910,4462,4463,4462,0.99977593546941523,0.99988205034334099,-0.0068088013415530781,0.0095008889646676659,0.65486329000448229,0.54754662744255167,-0.016305311702419355,0.57171671896010756,0.0020248273866495794,0.14516340005843176,0.050034513592128349,-5.8771273032859678e-05,-0.016679109393592038
20210913,4468,4469,4468,0.99977623629447299,0.99989500197633119,-0.01479525923806369,0.014031221640551404,0.67502238137869297,0.60844577690110901,-0.018367457774340883,0.58818263205013432,0.0027749976233549956,0.23224618616605994,0.031903846444944421,-0.011429638155910872,-0.019825449626518613
20210914,4472,4473,4472,0.99977643639615466,0.99991830462132025,-0.021559726342608675,0.019945051639073098,0.6753130590339893,0.68776058588319655,-0.018630556182921931,0.57848837209302328,-0.0019388973845766468,0.14686072124091179,0.065211683014548438,-0.021846705271385262,-0.021145378592317913
20210915,4472,4473,4472,0.99977643639615466,0.99988059710038224,-0.01700739788524858,0.015405153730089017,0.67195885509838993,0.65337625611834649,-0.016885831862323709,0.56932021466905192,0.0018343388460325422,0.2388397999189581,0.039064334447870615,-0.019464243582572403,-0.013354349258226683
20210916,4472,4473,4472,0.99977643639615466,0.99992302661350274,-0.033427312225882903,0.027122345317473158,0.68448121645796067,0.74904987319977767,-0.020295658230667785,0.59525939177101972,0.0046700437953523591,0.093965192935619446,0.071022405406932415,-0.041146369700522101,-0.022566246679994288
20210917,4473,4474,4473,0.99977648636566829,0.99991761639134058,-0.014880565904501618,0.014599293500367178,0.64565168790520899,0.64502714436776165,-0.016085502251502227,0.53610552202101502,0.0031131547320601954,0.17971935345176182,0.039007155171632647,-0.013630188410153562,-0.016699403813769682
20210922,4470,4471,4470,0.99977633639006935,0.99991554248936487,-0.010269530265628464,0.010732279679432787,0.64988814317673382,0.59100855022129284,-0.016321499573192889,0.55973154362416111,0.0085385553056925925,0.22711762984614281,0.052756905241533612,-0.0065731334123881185,-0.015597813175410915
20210923,4469,4471,4469,0.99955267278013871,0.99992258575533,-0.0083358020359246381,0.0099499608830488501,0.57238755873797265,0.59739803691281368,-0.0064879487965696959,0.47974938464980982,0.0021526481330461133,0.21297380241037389,0.058825265159684552,-0.0089542518431754668,-0.0074719964559139661
20210924,4471,4472,4471,0.99977638640429334,0.99994675241788311,-0.02169901612615744,0.021993795686914921,0.65667635875643038,0.6645293448109747,-0.018657466525471046,0.56631626034444194,-0.0026127513574328506,0.10377587861087942,0.081902776717658096,-0.020383217077549889,-0.023570353484540292
20210927,4469,4470,4469,0.9997762863534676,0.99992636148971359,-0.026132311095174266,0.025422028288705968,0.73215484448422463,0.70267151259128979,-0.027134832434000073,0.65876034907138059,-0.00065488188791328061,0.1011070076742273,0.061469075693102067,-0.022858072172378605,-0.030755419308179897
20210928,4473,4474,4473,0.99977648636566829,0.99994395625165899,-0.010235205424523221,0.01074633800113064,0.63849765258215962,0.60495302009365137,-0.013608609342372719,0.53364632237871679,0.0058656637370860885,0.2111302069803363,0.068314568257533043,-0.0075285354942392288,-0.014334442284571787
20210929,4478,4479,4478,0.99977673587854432,0.9999268325725178,-0.032146008411821005,0.0287268524625761,0.73447967842786954,0.77981330289812623,-0.025484275635985702,0.63800803930326033,0.0023287618735274955,0.077946831426991478,0.089976343042637436,-0.032536191403566811,-0.031574196460798357
20210930,4480,4481,4480,0.99977683552778396,0.99995408665793828,-0.0016726509364874051,0.0051140169371117648,0.56741071428571432,0.5185804621611031,-0.0065497133110594512,0.47723214285714288,-0.004316753033911074,0.34477267120402821,0.028989701867404766,0.0010798681647289775,-0.005952377648436054
20211008,4482,4483,4482,0.99977693508811061,0.99993354081092922,-0.0066092626523776904,0.0072113990681087177,0.59036144578313254,0.57487538258548132,-0.0078467482730786089,0.49732262382864795,-0.00028281254064571083,0.22475786358844121,0.083581305641799927,-0.0077115102588566709,-0.0049551947459423882
20211011,4483,4484,4483,0.9997769848349688,0.99983005612784737,-0.013441235353425725,0.011970197212075626,0.58576845862145888,0.62825429552390022,-0.0080764198062776293,0.48204327459290652,0.0031553944161141038,0.17312996791556537,0.075799635397277285,-0.016037398912900642,-0.0097046595440633994
20211012,4486,4487,4486,0.99977713394250056,0.99984556693485105,-0.030813272476846645,0.026986416453991986,0.70307623718234502,0.76217016001944271,-0.023101393083236783,0.60410164957646006,0.0029971135091375681,0.1216942987953516,0.090349054143892549,-0.033636605585775275,-0.026841088636259593
20211013,4487,4488,4487,0.99977718360071299,0.9998139616288213,-0.0023065782248664554,0.0045274138717425949,0.56897704479607758,0.50911394403006227,-0.0073451850592521914,0.45999554267885001,-0.0015924824149375206,0.19447393833493948,0.056300805202573495,0.0031162132379900188,-0.010517034332099703
20211014,4488,4489,4488,0.99977723323680112,0.99980717266388741,-0.0062071338201095221,0.0086742672192604217,0.59514260249554363,0.55390362356360767,-0.0092526895325725778,0.50579322638146162,-0.00091693230435388722,0.19841365988653853,0.062438901624425516,-0.0047434388242575667,-0.0083213473148072946
20211015,4490,4491,4490,0.99977733244266309,0.99991112992115483,-0.0082346363560135017,0.0095596722235254325,0.60512249443207122,0.54858488863111654,-0.011239167285899623,0.50890868596881955,0.0080990449262470961,0.17601199364268216,0.080598568779932725,-0.0035558368556843139,-0.015410870655584025
20211018,4495,4496,4495,0.99977758007117434,0.99990337755191327,-0.0073096973796021843,0.0096076822344589499,0.63759733036707456,0.53069524909327526,-0.013374347017895321,0.55928809788654055,-0.00048263901597608763,0.23555779548451189,0.043086529260413182,-0.0029150721797302427,-0.014491257240581711
20211019,4497,4498,4497,0.99977767896843039,0.99992850745822803,-0.0034928057873859128,0.0048922141333846867,0.57927507227040254,0.54809323480218519,-0.0079632348526610473,0.46364242828552366,-0.002350090397633372,0.26227669970905554,0.061829871808375438,-0.001253572719504745,-0.0069484847875607584
20211020,4499,4500,4499,0.99977777777777777,0.99992815106898492,-0.0064445229797449799,0.008725688022634185,0.60924649922204932,0.55523468201374826,-0.011573585461728712,0.50677928428539676,0.0014631907634382766,0.19934422938519766,0.081842023752186979,-0.0023501430250897231,-0.012839947086510709
20211021,4503,4504,4503,0.99977797513321487,0.99992188579210828,-0.012690017091492907,0.012608374636787665,0.61958694203864095,0.62592785419886154,-0.012077566482877613,0.50788363313346663,0.0054437530527640049,0.19625920998071589,0.067473117541060293,-0.011192695910135357,-0.014948671504405755
20211022,4504,4505,4504,0.99977802441731412,0.99993001805785242,-0.017023413617127926,0.016370470559846438,0.60679396092362348,0.62608565215611844,-0.01225353209494689,0.50244227353463589,0.0023424358594045444,0.13069876149897122,0.078579758787037102,-0.018139467666131823,-0.015311711018183377
20211025,4504,4505,4504,0.99977802441731412,0.99986698529305873,-0.0013663708441241306,0.0035339558028970402,0.58503552397868563,0.50961705575314087,-0.0085401371713072216,0.47135879218472471,0.0014473308598281613,0.26588311110529433,0.048914639042623519,0.0033066738387659785,-0.0086840274911783154
20211026,4507,4508,4507,0.99977817213842057,0.99990302133398057,-0.01203954059646129,0.011723811996616196,0.61459951187042383,0.60384470989475691,-0.010710174201628586,0.5029953405813179,0.0059812929146024953,0.17556107278541969,0.085793322398224833,-0.010574364571555096,-0.01436491502621654
20211027,4513,4514,4513,0.99977846699158179,0.99973585333597803,-0.021526109521656085,0.020687857437905896,0.68712608021271881,0.67784739061483734,-0.021644430136793114,0.58940837580323513,0.0068901032982563726,0.16701751149014121,0.074553474974816319,-0.018782058375752839,-0.025668499736572915
20211028,4519,4520,4519,0.99977876106194685,0.99985068085180173,-0.02930354008530579,0.026472709577968531,0.70546581102013717,0.74811697526539733,-0.022849446785016169,0.6184996680681567,0.0052544772124471541,0.12959126368907486,0.079078493425018326,-0.032111238645101049,-0.024875980176798936
20211029,4520,4521,4520,0.99977880999778812,0.99988940823631312,-0.002368771239146898,0.006343416883265663,0.56106194690265487,0.52736491817700859,-0.0052964543092966446,0.46792035398230086,-0.0016642428715787248,0.28227932871543926,0.053312909555118776,-0.00098252685355232111,-0.0047051069953937315
20211101,4521,4522,4521,0.99977885891198581,0.99984263122120098,-0.0084242351287571911,0.0093739384326571046,0.59389515593895159,0.55772350281919514,-0.0082182791522502768,0.51094890510948909,-0.00045530802223715978,0.21861177786861027,0.060966293688498818,-0.010819983483105583,-0.0045627845981493853
20211102,4524,4525,4524,0.99977900552486187,0.99978763518567948,-0.024800974404500346,0.022706131271940752,0.66644562334217505,0.6930895322841405,-0.017663864497741655,0.56852343059239607,0.0018904797493907305,0.13859034098070605,0.069625518515557969,-0.028646901999517409,-0.019334667076674604
20211103,4524,4525,4524,0.99977900552486187,0.99985653257193552,-0.0095232029512883447,0.0087961568693497045,0.57692307692307687,0.59237575484134253,-0.0071824978359917033,0.46905393457117595,-0.0015532314709076015,0.1990794965326918,0.073349666358508314,-0.010832914049896305,-0.0075197673904664917
20211104,4525,4526,4525,0.99977905435262926,0.99983137385848986,0.0044138296033811109,0.0001058300920936073,0.54651933701657462,0.45230380718183361,-0.0042496609347568489,0.44552486187845303,-0.00019022309403384299,0.22072749505776579,0.047299522931492748,0.0082105664758562614,-0.0011378228235525243
20211105,4525,4526,4525,0.99977905435262926,0.99984693598259944,-0.017844832198203951,0.017842158806742628,0.61348066298342541,0.62634567801195318,-0.012400754027943448,0.52353591160220991,-0.0050460692392421125,0.11137168544536692,0.094375869741933821,-0.019914767384583282,-0.01498567890268431
20211108,4526,4527,4526,0.99977910315882479,0.99976176488560953,-0.0041395083009119552,0.0068721461474305235,0.5897039328325232,0.53642521741811466,-0.0086898653445970815,0.48188245691559878,-0.0019382592699352117,0.20826211900083982,0.059663284412760996,-0.00012424004722559446,-0.0099092106484614563
20211109,4522,4523,4522,0.99977890780455447,0.99965197053969224,-0.0081234312931962871,0.0085865538363503937,0.60039805395842549,0.57585069668719813,-0.0093676247428123548,0.50398053958425471,6.590344541944175e-05,0.2910259168043548,0.047713814923714293,-0.0075953746539263439,-0.0088492748833604688
20211110,4525,4526,4525,0.99977905435262926,0.99968280959532085,-0.015925074180114639,0.01569428487412769,0.65458563535911607,0.66162183755814419,-0.014687764117488164,0.5719337016574586,0.0026142951505569861,0.20550622729350307,0.048593887175560214,-0.017897759126633016,-0.01320603049596818
20211111,4524,4525,4524,0.99977900552486187,0.99980474261938668,0.0030332283067120288,0.0014754578265939347,0.54354553492484525,0.48359851122479552,-0.0047278160535919149,0.46993810786914236,0.0025028107429946296,0.20024151789000358,0.048097363529111807,0.0069363385228278125,-0.0020275861868217218
20211112,4529,4530,4529,0.99977924944812357,0.99973940454332599,-0.008990806413132716,0.010923634908055164,0.62000441598586886,0.58949275322642847,-0.012178224103229395,0.53411349083682935,0.0015952578334098612,0.232557361775349,0.041902059033642976,-0.0083751797859843036,-0.0097166305490460642
20211115,4531,4532,4531,0.99977934686672554,0.99978461245324035,-0.015507056135747651,0.014323673554860987,0.61266828514676674,0.6381561986522104,-0.01107015562782283,0.51578018097550205,1.3489168657692188e-05,0.20349200630120129,0.06867480906320754,-0.020695651998503924,-0.0096970263646216984
20211116,4534,4535,4534,0.99977949283351708,0.99978381472206912,-0.018461172244352508,0.01757913746983069,0.65394794883105423,0.65915299602586541,-0.016950632936753977,0.55513895015438908,0.0032207920943880166,0.12237357291636516,0.069839052256339518,-0.019654595412993019,-0.017120886115136982
20211117,4535,4536,4535,0.99977954144620806,0.99985568209398357,0.0019699720118173491,0.0023431336005688484,0.59294377067254689,0.49912526900940091,-0.0083998912244301841,0.4928335170893054,-0.00088216968762293551,0.27268456692477727,0.0479498494006632,0.0096569995172564489,-0.0068411572423384163
20211118,4541,4542,4541,0.99977983267283133,0.9998138076557489,-0.014750978336070582,0.013171471127600349,0.64611319092710862,0.61608939976266719,-0.01583753958282821,0.54635542831975337,0.0065371814306029556,0.15413408771348638,0.075720287483861115,-0.014322876330430521,-0.015246099056605036
20211119,4543,4544,4543,0.99977992957746475,0.99977742056963392,-0.00072615121485007986,0.0052552996626039766,0.59432093330398417,0.49684662827929521,-0.0096080866920803497,0.51199647809817306,0.001878755164839434,0.24722171062960108,0.046162175680573937,0.0037221622214137751,-0.0061062253160710459
20211122,4546,4547,4546,0.99978007477457664,0.99979757049135032,0.0011758654236082979,0.0019373848113686807,0.62516498020237576,0.49080304788637813,-0.011805343539083689,0.51187857457105146,-0.0020261962477260975,0.27178009153929694,0.042488792484895455,0.0096057889828270702,-0.0097182318920917433
20211123,4547,4548,4547,0.99978012313104658,0.99985706377459271,-0.012617233281635852,0.013051186635695641,0.61908950956674735,0.61550048100938437,-0.011876566741209736,0.52650098966351444,0.0067474386808014878,0.20114378850967982,0.05863539381441641,-0.014120998314085583,-0.010799582773616208
20211124,4546,4547,4546,0.99978007477457664,0.99986405198888795,-0.013235720867016703,0.013778168429556094,0.62384513858336998,0.59617695562072892,-0.013544343635127782,0.52969643642762865,0.00096728594038045929,0.16303358527223233,0.055530616188149209,-0.014020237497240526,-0.012283534089585131
20211125,4546,4548,4546,0.99956024626209328,0.99975747224587541,-0.019206777431207977,0.016877557315746194,0.62846458424989005,0.62440987866311259,-0.013448559648624328,0.53079630444346682,0.0021108969770544661,0.14683733679310551,0.072960979995646102,-0.022986380069106378,-0.014964135146600582
20211126,4548,4549,4548,0.99978017146625631,0.99986228309331504,-0.014524502332098487,0.014793958183969108,0.65237467018469653,0.61460846190155971,-0.017316568262202486,0.56354441512752862,-0.00074470531475671203,0.16664068478637797,0.056521570893624647,-0.012419042537322114,-0.016892514169722671
20211129,4549,4550,4549,0.9997802197802198,0.99978401690526697,-0.011647848479260424,0.012980616974269469,0.68168828313915142,0.59924975053395901,-0.018535891897847389,0.59815344031655304,0.00090170892029534967,0.20408106158842348,0.053467575373587518,-0.006762701057379512,-0.017373669175913313
20211130,4550,4551,4550,0.99978026807295095,0.99973939823462032,-0.012462978500116559,0.012694741520715622,0.61516483516483511,0.60760924767329616,-0.01019881785138891,0.52021978021978021,0.0026910392274455304,0.23933981198686047,0.065471518553247759,-0.012228794299428889,-0.012715466030479072
20211201,4551,4552,4551,0.99978031634446396,0.99982840844973497,-0.0083014239231715848,0.0087526776346211945,0.59876950120852557,0.5807301997243477,-0.0093269833824784088,0.50010986596352447,0.0047803518976152516,0.22704778889815475,0.064169887785641033,-0.0084178343555516809,-0.0081747664787954911
20211202,4553,4554,4553,0.99978041282389107,0.99985299682388751,-0.016581954220996543,0.015104182468881051,0.64484954974741926,0.61166332739754792,-0.015305964218778445,0.52273226444102794,0.0096534219206363542,0.10435450278104791,0.08533870639988507,-0.011960046468925782,-0.02155216723569264
20211203,4553,4554,4553,0.99978041282389107,0.99978556507131744,-0.0033585948763418675,0.0050291980836999067,0.58994069844058861,0.52238471033352951,-0.0092953401024883642,0.48759059960465628,0.0057573508121284214,0.21330618767724349,0.048610823142026895,0.0019087837265744979,-0.0096942956457497474
20211206,4558,4559,4558,0.99978065365211666,0.99977569303738489,-0.01618325741784285,0.013446867933892895,0.64743308468626593,0.63431888062631403,-0.015843686307836273,0.53312856516015794,0.011439080060945454,0.11454185114026232,0.1024767289549403,-0.012831154215886596,-0.020118448975449676
20211207,4560,4561,4560,0.99978074983556242,0.99978380471939043,-0.018871666102454235,0.015112856850038176,0.6484649122807018,0.65218017105247816,-0.01570448914995283,0.53618421052631582,0.0081331349390233402,0.14475860935047843,0.060583398373112253,-0.018084270514190877,-0.01984552291210501
20211208,4561,4562,4561,0.99978079789565977,0.99973029535774405,0.0073782483939610691,-0.0039836734214342365,0.50822188116641087,0.4387700026513548,-0.00086567330416724105,0.37711028283271214,-0.0023231050526547814,0.2780273818252193,0.042837116316733044,0.013050798151628429,0.00014363168105386773
20211209,4563,4564,4563,0.99978089395267311,0.99984924034355405,-0.00103832523038945,0.0027180985922281107,0.55358316896778437,0.52025042802696109,-0.0052536043316600304,0.4437869822485207,0.0031003959354340147,0.20187586810531682,0.053262489732227906,0.0052468724992894306,-0.0090922005902772021
20211210,4566,4567,4566,0.9997810378804467,0.99983045480417199,-0.0090275979975934766,0.0097983450233408778,0.58190976784932102,0.56550806404193854,-0.0081657955487109812,0.48072711344721858,-0.00048945399242313059,0.16996475045176643,0.092182619981876185,-0.0070389190569997238,-0.011562561794281431
20211213,4566,4567,4566,0.9997810378804467,0.99986648695643632,-0.0041968637645242455,0.0051215396049750454,0.58672798948751648,0.514247962065012,-0.0088532362490206917,0.47963206307490147,0.0032547040044622112,0.22001420535638064,0.068535477258240232,-0.00057676091448757285,-0.0089314836530698383
20211214,4566,4567,4566,0.9997810378804467,0.99985517883949027,-0.021424901550276189,0.018471456289949329,0.59636443276390716,0.65977495980624101,-0.010201718773792872,0.51314060446780552,-0.0019472794960188437,0.20058947721380263,0.058822500824841931,-0.029538571206758513,-0.012340243143354676
20211215,4567,4568,4567,0.99978108581436076,0.99988736599022898,-0.015093716534805967,0.015487409839638559,0.58594263192467699,0.60119574814061938,-0.01012265601527014,0.50076636741843661,0.0061653322400210091,0.13723089540934769,0.074855693317983668,-0.017546475936011347,-0.012412918368115172
20211216,4569,4570,4569,0.999781181619256,0.99967894656200185,-0.0095296622971514696,0.0095348543710476567,0.59203326767345155,0.57699970403862966,-0.0099315106881438381,0.50973954913547825,0.0026383897036636964,0.27570555055709123,0.041899065677300347,-0.010049902482896245,-0.0089639819574172299
20211217,4569,4570,4569,0.999781181619256,0.99975607594052518,-0.023489147761903601,0.021062456370073836,0.67104399212081423,0.7020537442498177,-0.017608507960969154,0.57868242503830158,0.0054518575526392651,0.12164976659660852,0.096475434650800551,-0.028193615543035202,-0.018379155879397459
20211220,4572,4573,4572,0.99978132516947305,0.99981156063796028,-0.029739546819544674,0.027341531423377009,0.66382327209098868,0.73528095744002631,-0.020199776827470324,0.5743657042869641,0.0080692414701245656,0.11416874906809554,0.061415812124503581,-0.034250179015467744,-0.024769868878801619
20211221,4571,4572,4571,0.99978127734033251,0.99989376778771932,-0.0043370290718154382,0.0065047557744446743,0.56639684970465987,0.5411792476598507,-0.0063100521279332179,0.47407569459636839,0.0002160828594704985,0.30295231715445742,0.047249884276992143,-0.0043288468017088945,-0.0043450723146938718
20211222,4575,4576,4575,0.99978146853146854,0.99988747316266557,-0.0081891198865387798,0.0093138589319419745,0.61857923497267764,0.56263741708210691,-0.012547617153864321,0.53355191256830603,-0.0017889604930001572,0.18923653792445688,0.060126711217190217,-0.0046677000574837863,-0.011592244664797451
20211223,4582,4583,4582,0.99978180231289548,0.99989707073979672,-0.0087085856575822365,0.0082768962538426645,0.63051069402007853,0.57861479069797905,-0.014141938846562731,0.52859013531209076,0.0073606075935095192,0.19086977767290347,0.064780950895793596,-0.0037118854357522531,-0.014023551967628899
20211224,4585,4586,4585,0.99978194505015261,0.99992254276575887,-0.023355529041913813,0.022554589426668475,0.68593238822246461,0.69056728121628874,-0.023533903682062093,0.59694656488549613,0.0060775200558088223,0.1049576961702211,0.083868066303598665,-0.022991045025418717,-0.02375079048190476
20211227,4586,4587,4586,0.99978199258774803,0.99992838653985194,-0.015759628338500177,0.015808104657121982,0.64544265154819014,0.63242146454544135,-0.01480608993112697,0.54317488006977754,-0.001300950793662603,0.23677894045393508,0.068435885671143101,-0.016144088725009831,-0.015349633480461948
20211228,4589,4590,4589,0.99978213507625269,0.99992062424092054,-0.009294353366757914,0.01057464565017186,0.6177816517759861,0.56821200358163115,-0.011947973058240488,0.51928524733057313,-0.0010085386052570509,0.24097901668617844,0.043218229430381963,-0.0048126469249726734,-0.014411836072255
20211229,4590,4591,4590,0.99978218253103901,0.99988208825219671,-0.021382361664160965,0.020346867388019264,0.65904139433551201,0.65004787692461585,-0.015909898588773518,0.57037037037037042,-0.0013396824013007722,0.15679143977789003,0.091610616404779563,-0.025641192688646248,-0.016696449245210208
20211230,4592,4593,4592,0.99978227737861969,0.99973632716677696,-0.0047502443810673606,0.0063798213491598017,0.56554878048780488,0.53339175727651233,-0.0063795413922572847,0.45993031358885017,0.0020383025469813297,0.2501961355770061,0.053802161037122403,-0.0035077305969431574,-0.0060329983977864994
20211231,4591,4592,4591,0.99978222996515675,0.99978153115333446,-0.0043652599329975176,0.0060731798788931047,0.57656284033979521,0.53780298041117003,-0.0074982856554607459,0.46547593116967984,0.0040813033820740361,0.22716077838222851,0.070464684582172935,-0.00089740379765557848,-0.0080248669278737712
20220104,4592,4593,4592,0.99978227737861969,0.99982891527108009,-0.0085268126343086125,0.0090402629098158844,0.59734320557491294,0.56013473432034833,-0.0094410220498091692,0.50587979094076652,-0.0013282869385828813,0.22993613829597609,0.082408220856996478,-0.010356289860297491,-0.0066851745043511775
20220105,4593,4594,4593,0.99978232477144102,0.99979553661597043,-0.021500475482970478,0.019044410860998413,0.69801872414543875,0.71464240369227094,-0.020492512731571155,0.57435227520139343,0.0091784509337522018,0.1269353935544956,0.084786078771744502,-0.019037435559348847,-0.024059635389352903
20220106,4595,4596,4595,0.99978241949521318,0.99982071795907945,-0.0071517297891580114,0.0072928921420560081,0.61001088139281823,0.5824557686713242,-0.010546540959512006,0.51077257889009797,0.0054874354325887328,0.2175301247371558,0.073595086864109233,-0.0058067485007675381,-0.0085943868087639368
20220107,4598,4599,4598,0.99978256142639699,0.99983201936507948,-0.015563941429377896,0.013892719632840099,0.63875598086124397,0.61860194121214607,-0.016246800860104202,0.52892561983471076,0.010965971763212467,0.08453382457267794,0.12451661726930219,-0.013647107894803381,-0.017475612521550273
20220110,4597,4598,4597,0.99978251413658115,0.99989151759606776,-0.0088802737908798505,0.0097941181482234258,0.64694365890798344,0.58404307635475616,-0.01367436381511616,0.56058298890580815,0.00077501436052091442,0.27859152713321023,0.076954284312221774,-0.0059015700566220526,-0.011987225966147463
20220111,4600,4601,4600,0.99978265594435989,0.99990339896513925,-0.017039146999272167,0.018182904840549685,0.67760869565217396,0.64727647274582067,-0.018246258507139183,0.58347826086956522,0.0035373181912104045,0.1365227349987729,0.10750586566947846,-0.016020111614590698,-0.018075632813023473
20220112,4602,4603,4602,0.99978275038018682,0.99992916209051974,-0.0015425431997566031,0.0050217311278032816,0.61603650586701431,0.51516638593595265,-0.011464338733397561,0.53368100825727949,0.00044364599399179176,0.27781588521955064,0.044606183900230363,0.0041778623435505804,-0.0076487806475805387
20220113,4603,4604,4603,0.99978279756733279,0.99987077373584954,-0.02533579962060219,0.023284930687188916,0.70845101021073209,0.71219365914975119,-0.021430764756724247,0.62307190962415815,0.0041672817217294107,0.13889240056144947,0.11313911729958769,-0.028954652704197049,-0.021594361333663509
20220114,4603,4604,4603,0.99978279756733279,0.99991777202151566,-0.013167832787650545,0.014874903233176414,0.66152509233108847,0.60508312262946073,-0.018216808276819364,0.56550076037366936,0.0012054353193555658,0.16740195130621083,0.070374776557743698,-0.0079789397901966659,-0.018377428884194261
20220117,4604,4605,4604,0.99978284473398482,0.99989231498328757,-0.0025018581684526984,0.0040159731373236029,0.60621198957428324,0.5318215069582154,-0.010230219846167439,0.52888792354474368,-0.0047943551046041744,0.28732166259421515,0.04826875650657491,-0.00026072276318425393,-0.004743191728912308
20220118,4608,4609,4608,0.99978303319592099,0.99991401900339394,-0.013483670832059924,0.010598841197827145,0.60047743055555558,0.60113307153080653,-0.010714624901795335,0.47005208333333331,0.011699038762735149,0.16190780091727552,0.081493647160554142,-0.014208954483275939,-0.012745117525759807
20220119,4607,4608,4607,0.99978298611111116,0.99989932162376371,-0.017456939762605071,0.017060868656466242,0.66572606902539611,0.64454704860159417,-0.017685489602560611,0.57998697634035168,0.0075149763166760357,0.17434439292182616,0.077093685445309687,-0.019161086115833323,-0.015610169596197475
20220120,4608,4609,4608,0.99978303319592099,0.99992258460595063,-0.014306128210366479,0.013166407123346189,0.67426215277777779,0.63096519914035354,-0.019285678140282956,0.54991319444444442,0.0087808815498899191,0.1143988321595128,0.10175515913336454,-0.0060684947455058149,-0.022986440552168658
20220121,4609,4610,4609,0.99978308026030371,0.99991124941433951,-0.024892802153519696,0.023628760511398679,0.70926448253417229,0.69719809859147874,-0.022582555507474889,0.62421349533521375,0.0067911726937251969,0.11414277707847047,0.08633757544653782,-0.025334833443173187,-0.024394878462086798
20220124,4612,4613,4612,0.99978322133102104,0.99993362507007177,-0.0096642269426620159,0.011132606377739909,0.63768430182133562,0.57480852285486206,-0.013823687530014143,0.52341717259323506,-0.000109801920982186,0.18689862439816518,0.071483482447784963,-0.0042475371011893503,-0.016028077499963336
20220125,4612,4613,4612,0.99978322133102104,0.99988971637159363,-0.033646010957961492,0.030541858448223241,0.75043365134431916,0.76805577292557525,-0.030337442073830354,0.66001734605377271,0.0086741963676884443,0.03481087325566451,0.14854941488840756,-0.034285969887828407,-0.033006019890007961
20220126,4613,4614,4613,0.99978326831382747,0.99993776304447335,-0.0047944279625577579,0.0042992245793262024,0.62193800130067201,0.56602759845611994,-0.011317148114404135,0.50401040537611097,0.0063748752287024471,0.25489025763340023,0.073611048688705577,0.0018764704380745112,-0.012568482292030654
20220127,4619,4620,4619,0.99978354978354977,0.99993437658706863,-0.020689909100038571,0.017682128926896492,0.6696254600562892,0.67544046176637229,-0.018086065300126863,0.54427365230569391,0.0070136642029871264,0.036159490969290269,0.22121856466597348,-0.018883017590566691,-0.022798843785189035
20220128,4624,4625,4624,0.99978378378378374,0.99993095338491322,-0.0097845147936228265,0.009876791608326432,0.60618512110726641,0.60726262436410416,-0.0091919668469252497,0.48118512110726641,-0.0014846450355802954,0.22843189918055387,0.14745472401199836,-0.011518596725473042,-0.0076425637035220026
20220207,4624,4625,4624,0.99978378378378374,0.99992605652462607,-0.00134121846541546,0.00034568832630335085,0.51665224913494812,0.49752084845177363,-0.0016059808840643295,0.36894463667820071,0.0089849790388735664,0.26805870497910123,0.07684343107187043,-0.001271857414967915,-0.0014211927244362588
20220208,4623,4624,4623,0.99978373702422141,0.99992439733005545,-0.0074895812272287639,0.0078223830895261977,0.57213930348258701,0.56888319978346324,-0.0058281416537400554,0.45598096474150984,0.0040271521126704285,0.27190709869533336,0.059961981042675382,-0.0095004605071535055,-0.0050853965029852757
20220209,4625,4626,4625,0.99978383052313013,0.99993967528700134,0.0074003864229348938,-0.0036319315942888292,0.50270270270270268,0.43847513146869305,-0.00027928698738705814,0.39156756756756755,-0.0024938329473038166,0.27843380999629852,0.067461872868968917,0.013774466902145099,2.4679836666290654e-05
20220210,4628,4629,4628,0.99978397062000435,0.99992633169384881,-0.010376439859081033,0.0096860562559066259,0.59766637856525495,0.59552046750344534,-0.0097606379720406901,0.48746758859118411,0.0059161391799784756,0.1975656971101698,0.091997010348559699,-0.0096316656552253143,-0.01132764468678998
20220211,4628,4629,4628,0.99978397062000435,0.9999248047417918,-0.015547905437816862,0.016340538118301436,0.68236819360414869,0.62995542515750957,-0.018923014085117488,0.58297320656871221,0.0071876204972428168,0.078240825720126347,0.12463198368090118,-0.010733518866948469,-0.021624603485193197
20220214,4629,4630,4629,0.99978401727861776,0.9999345394822382,-0.01775589099009248,0.017837325447121855,0.65024843378699504,0.65886459153747812,-0.014733866038509957,0.5260315402894794,0.00023705624666225597,0.17387152399972011,0.070044929573880657,-0.018117791974712628,-0.017295560046659973
20220215,4631,4632,4631,0.99978411053540583,0.99994661431580578,-0.0015570954759787676,0.0035396528103604883,0.53249838047937814,0.51417607130024823,-0.0032479085158772757,0.41546102353703301,0.00050013107413236953,0.194331046530442,0.048693935406983212,0.0016521472992448464,-0.0056363125046660183
20220216,4633,4634,4633,0.99978420371169618,0.99995011953602075,-0.0010566949448173628,0.0043023237366437515,0.55989639542413128,0.50506233576537085,-0.0046892515617681235,0.463846319879128,0.0013622092603901177,0.26218934613975703,0.067058432613543079,0.0010095865826627837,-0.003439594169828536
20220217,4633,4634,4633,0.99978420371169618,0.99994678414925808,-0.0033328021626059892,0.0070976664076541855,0.59464709691344697,0.52216071205504488,-0.0098669959673580686,0.48435139218648826,0.0028339043085236701,0.14251666672287225,0.067347638300967391,0.0035620271772462673,-0.011555113723824929
20220218,4636,4637,4636,0.99978434332542587,0.99994968536541229,-0.0032784168769043271,0.0057554013494726967,0.58218291630716135,0.54347617687840777,-0.0074410175104241494,0.48576358930112168,0.0028160130589608584,0.25098643130744092,0.071538712944935925,-0.00078145759975668512,-0.0061783677294960258
20220221,4636,4637,4636,0.99978434332542587,0.99994695462138372,-0.006211948817725777,0.0069590480059945172,0.61065573770491799,0.56621262134464456,-0.010278611672276221,0.51660914581535811,-0.0018287579573362635,0.29531448221627787,0.062174442356800912,-0.0052314686197401919,-0.0072936903562045617
20220222,4637,4638,4637,0.99978438982319962,0.99994210629350111,-0.021669306802078129,0.020847543509966905,0.70562863920638341,0.67884435168940038,-0.021843390359497495,0.60987707569549277,0.0035818842544913902,0.1301243161693991,0.077078394445993306,-0.019802190942668309,-0.023867481316510831
20220223,4638,4639,4638,0.99978443630092695,0.99991555229376694,0.0034230225293976385,0.00015613244054087571,0.51746442432082795,0.45856843873199954,-0.0015082362477492363,0.42130228546787407,-0.001109064260061709,0.24613449941872906,0.036146567600533565,0.0061210722624740971,0.00025238415585941926
20220224,4639,4640,4639,0.99978448275862064,0.99987200543676757,-0.032379135441665478,0.030029179778701759,0.75231730976503552,0.76436726698682556,-0.028024881982146511,0.67579219659409351,0.0097406249393546147,0.10454667317169206,0.084837799493434715,-0.034279939531053814,-0.030438392159805591
20220225,4639,4640,4639,0.99978448275862064,0.99990570798658784,-5.244210064969499e-05,0.0037180618124560269,0.56822591075662854,0.49036898834299492,-0.0058196501953919283,0.46734209959042899,3.7069842577637544e-05,0.22956697485585861,0.065051137387462182,0.0037515353371292944,-0.0044430757718176292
20220228,4640,4641,4640,0.9997845291962939,0.99991806146568496,-0.0084156875351990533,0.0094741497492111838,0.67478448275862069,0.57043370490507606,-0.017149708715822692,0.56056034482758621,0.002916498651934574,0.23652930286937127,0.055673057564195612,-0.0014575292114834086,-0.016550350654308422
20220301,4641,4642,4641,0.9997845756139595,0.99991413513015948,-0.0082705950011346674,0.007105089113418543,0.58306399482870075,0.54587760590421175,-0.0080475827255508635,0.46778711484593838,0.0055122768457360419,0.22632547734157862,0.061978576850432759,-0.0089790060733490433,-0.0073789809410887072
20220302,4640,4641,4640,0.9997845291962939,0.99993291070151324,-0.0096726127261752889,0.0099233647046379474,0.63103448275862073,0.5896079115763192,-0.01218512929835321,0.52629310344827585,0.0043100802449127836,0.190063746715501,0.073401650057728682,-0.0092759117298293267,-0.010134593378878579
20220303,4640,4641,4640,0.9997845291962939,0.99993219397981459,-0.015911222478418745,0.013690331842436836,0.62370689655172418,0.61905398065167871,-0.011714430371458001,0.50754310344827591,0.0099865995619182121,0.17150524142182091,0.073656095204892164,-0.017464098370348711,-0.014185831676781762
20220304,4641,4642,4641,0.9997845756139595,0.99992781269893927,-0.027980613055039474,0.023949590922940599,0.67269984917043746,0.74136353097787056,-0.018877361710969622,0.56582633053221287,0.0062754158299765384,0.12568947672900685,0.077610600818579387,-0.033514202022520936,-0.021843223295109754
20220307,4642,4643,4642,0.99978462201163043,0.99994315895131902,-0.024919994209882772,0.02293077362874843,0.71736320551486432,0.71953678275359856,-0.022697291698063945,0.61805256355019389,0.0085007148722131727,0.10415554608218913,0.098364904521378818,-0.026444297087289344,-0.023113073611892614
20220308,4640,4641,4640,0.9997845291962939,0.99992575786883797,-0.024269877411501849,0.021276477794273645,0.72284482758620694,0.70619473909403374,-0.022419184147329546,0.60969827586206893,0.0080951900384518098,0.068616382830052058,0.13000710747406286,-0.02445111915853046,-0.024055381810580395
20220309,4639,4640,4639,0.99978448275862064,0.99992319129495855,-0.015807176971458288,0.015622683190449184,0.72860530286699721,0.68478877941317107,-0.021590962628710811,0.61457210605733992,0.0034920695333315824,0.17276386530476034,0.089778885081480839,-0.011992087431901121,-0.020139055991580196
20220310,4641,4642,4641,0.9997845756139595,0.99994053024885354,0.0066395265670569853,-0.0021525537567342445,0.56194785606550313,0.44155925477593877,-0.0054416111826785917,0.45313510019392372,0.00041961806749308498,0.23993498225328261,0.062105232793097744,0.013915426077383202,-0.0023776229832902112
20220311,4644,4645,4644,0.99978471474703978,0.99995091186123131,-0.0091143086987571665,0.010558997982061733,0.65762273901808788,0.60546030909396031,-0.014479265449299039,0.56567614125753662,-0.00087321388157155476,0.26499715958940018,0.068077749626189732,-0.0068879153086609827,-0.011820493867608228
20220314,4649,4650,4649,0.99978494623655911,0.99995025080277722,-0.025686910689756239,0.02157193351378385,0.68724456872445683,0.74798512190143029,-0.01779739868944627,0.54334265433426543,0.0063048222357233938,0.1007569722394413,0.12759198818264611,-0.028990022373565696,-0.021563801970820213
20220315,4653,4654,4653,0.99978513107004729,0.99994193096440831,-0.026794582503075738,0.022961437612534146,0.75392220073071137,0.78295229337715178,-0.024196095660120955,0.60756501182033096,0.001932641696358546,0.0610100867740518,0.12437526271943401,-0.027115116655007151,-0.026415094293788979
20220316,4654,4655,4654,0.99978517722878624,0.9999490505136216,0.0084182197149968059,-0.0021773613527094724,0.57821229050279332,0.43655618695108062,-0.0063391951599933308,0.46991834980661795,-0.0011541881373768872,0.32700886054590766,0.010239770687363888,0.017704220083761324,-0.0035688950242563282
20220317,4656,4657,4656,0.99978526948679403,0.99995699537030047,0.0018537476234724857,0.0036891291851953662,0.55262027491408938,0.49234669322978042,-0.0044061178725688811,0.44909793814432991,0.00058342201321610497,0.28781918212953483,0.064963115530332266,0.0042030966833179742,-0.0012422113280759891
20220318,4658,4659,4658,0.99978536166559351,0.99996415381666959,-0.0046468090789401955,0.0070684425799338304,0.56376127093173034,0.54975706035026173,-0.0053592538325390538,0.47896092743666807,0.0023362200894085912,0.27640723789372218,0.081856016149936095,-0.0065944795059009144,-0.0022159713427160363
20220321,4659,4660,4659,0.99978540772532187,0.99995795031543744,-0.0064276593197628443,0.0061424362761013434,0.62159261644129638,0.57454545919978861,-0.010208273171876711,0.49216570079416183,0.0012699532364406057,0.29055719796761309,0.049322441649459155,-0.0051696717102468802,-0.0078690041891434827
20220322,4665,4666,4665,0.99978568366909559,0.99995531495238255,-0.012698979082678159,0.012087955630894749,0.61736334405144699,0.642606981454938,-0.010722465255892615,0.51768488745980712,0.0022895333319585282,0.1802552016651229,0.070336817604781249,-0.013985200807856287,-0.011174294549607363
20220323,4668,4669,4668,0.99978582137502681,0.99991165739760413,-0.0074584079681383692,0.0088869312366576213,0.57412167952013715,0.57836019634837921,-0.0073322035509743328,0.47129391602399312,0.0021302806624455784,0.19857650060429549,0.066035570840929092,-0.0075633086956646087,-0.0073371130081882558
20220324,4667,4668,4667,0.99978577549271641,0.99994286494517104,-0.012990043042112973,0.013792807027543498,0.65695307478037279,0.6256537065701735,-0.017373072524490173,0.56374544675380334,0.0037336367088164589,0.123788683760982,0.08291416058744365,-0.0099345919814903157,-0.016595891996169898
20220325,4667,4668,4667,0.99978577549271641,0.99994525037227366,-0.019577793664573729,0.019554620624313124,0.6368116563102636,0.68890074872701801,-0.013012574821796689,0.54424683951146346,0.0033842232082224241,0.12849366337737408,0.093949470420742351,-0.025607356402433775,-0.012415736982158464
20220328,4669,4670,4669,0.99978586723768736,0.99995499091231621,-0.015874997721934774,0.013182235593255369,0.6571000214178625,0.65470534415732673,-0.013999710892994066,0.52987791818376528,0.0061874541572901672,0.16139632362721731,0.067807791873190609,-0.017681135911986601,-0.01373617264562222
20220329,4672,4673,4672,0.99978600470789647,0.99995121349501082,-0.015754798820414067,0.014526121987419238,0.65346746575342463,0.65260615379355214,-0.015780308455298472,0.53210616438356162,0.004872836615195995,0.16354709428576217,0.075441144738593577,-0.013673406631371433,-0.018264650508838336
20220330,4673,4674,4673,0.99978605049208391,0.99996015862916021,0.0054239352444367941,-0.00086556848542047177,0.52450246094585917,0.45220602499900747,-0.00222437607603828,0.41515086668093304,-0.0017373117535655442,0.26547631636318431,0.02423648884374045,0.0091212516529689276,0.0007343628779940682
20220331,4669,4670,4669,0.99978586723768736,0.99994472188235106,-0.018119189825437976,0.017170862578700014,0.65088884129363889,0.66836237776939567,-0.014404122064577548,0.56628828442921397,0.003157793966800557,0.166232840828063,0.073067475373078131,-0.019915134916263944,-0.015939789058951215
20220401,4669,4670,4669,0.99978586723768736,0.99995777119107776,-0.0035775361558833714,0.0057886689643731684,0.56457485542942809,0.52674656796107011,-0.0062810905476634628,0.44099378881987578,0.0078857489669153687,0.17027285756808172,0.069932525201432047,-0.0005312804423584504,-0.0071927862097840621
20220406,4668,4669,4668,0.99978582137502681,0.99994797971394644,-0.0093729173608327471,0.0094832474467820317,0.62467866323907451,0.59419331059262515,-0.010765154785707692,0.51778063410454156,0.0043769681952785869,0.24348178433300738,0.0769612208258348,-0.0099800376986029192,-0.0087042358327113854
20220407,4669,4670,4669,0.99978586723768736,0.99990744987588231,-0.020741245863782714,0.017808227319763587,0.657528378667809,0.68626707073715376,-0.017353438849100285,0.53116298993360467,0.0066635278435905818,0.079855597838485726,0.13750620403253147,-0.01952819111081569,-0.022033063852921732
20220408,4670,4671,4670,0.99978591308071074,0.99990665944422319,-0.0093403202182363171,0.009117199651243588,0.65396145610278378,0.59475690940247372,-0.015027875529268606,0.52633832976445394,0.0082411410804948734,0.17526144647997399,0.06893238312833537,-0.0034155835200946321,-0.016004532818292828
20220411,4670,4671,4670,0.99978591308071074,0.99993814314689222,-0.032868769605488041,0.028029764128772353,0.74111349036402574,0.77411054841670979,-0.026139512873107291,0.63554603854389724,0.0078361198314744265,0.087591944179726544,0.090640696719798797,-0.035905555997194104,-0.029413832962742748
20220412,4675,4676,4675,0.9997861420017109,0.99993611695270168,-0.0058392118289338855,0.0082576572203580997,0.59379679144385022,0.59006825350062353,-0.0079171329936331622,0.49112299465240644,6.3292247578509292e-05,0.31980600672171966,0.03957719060894889,-0.0058146592228933173,-0.0058674682065325339
20220413,4679,4680,4679,0.99978632478632479,0.99995830671086317,-0.015531624649385909,0.015846724023946438,0.65505449882453515,0.63541253110584606,-0.015288063347295726,0.54840777944005126,0.004974033051759098,0.098927391159845821,0.13036196271832295,-0.012338406807742612,-0.019259479819850996
20220414,4680,4681,4680,0.99978637043366803,0.9999478429066414,0.00066843550889923134,0.0017483100054101052,0.54487179487179482,0.49023102818908304,-0.0042593447379831867,0.4235042735042735,0.00018340369349041739,0.24461637365606684,0.030311869333348212,0.0045176262536282073,-0.0042120353821045627
20220415,4677,4678,4677,0.99978623343309103,0.99990106152979008,-0.021128439518974803,0.019871631277192488,0.68227496258285225,0.69577719952777206,-0.019484880339438002,0.59033568526833435,0.0067982335486824093,0.12156173411205778,0.081758217880884734,-0.021227952923030077,-0.021008745894635202
20220418,4674,4675,4674,0.99978609625668446,0.99992575549420548,-0.012413321403843528,0.012969367318236906,0.61039794608472397,0.6162124331430926,-0.010841537556486334,0.5160462130937099,-0.00012583965514886136,0.18384217660780883,0.054438191621066695,-0.01457153928916019,-0.0098130527352539125
20220419,4680,4681,4680,0.99978637043366803,0.99991453813510078,-0.010431705537873334,0.01083352593475162,0.60491452991452987,0.62524019342009307,-0.0086749387780960217,0.48247863247863249,0.0008215856640692229,0.22740087941568723,0.068155872065413042,-0.011551658211052538,-0.0091012795163203444
20220420,4683,4684,4683,0.99978650725875318,0.99992057459453731,-0.020977547774304325,0.01923463746147306,0.66026051676275888,0.70153401800415982,-0.01431535029071453,0.54601751014307065,0.0043127412049933228,0.11439738494205634,0.11366235889493805,-0.0243832098595009,-0.017125986372313672
20220421,4688,4689,4688,0.99978673491149495,0.99992766393934929,-0.025485904419760695,0.022657344413265633,0.72546928327645055,0.77741788666506451,-0.022664524829922948,0.60686860068259385,0.011100529031670135,0.0797664997391999,0.12199997925736858,-0.024180799211362878,-0.026865473134829957
20220422,4691,4692,4691,0.99978687127024723,0.99994922186008073,-0.0058547881073049302,0.0081048434120191137,0.61458111276913241,0.58690392569311689,-0.010290713890751063,0.50181198038797703,0.0075476768311199868,0.13869704345683348,0.10821869216451194,-0.00098641979266050526,-0.011023823716846357
20220425,4692,4693,4692,0.99978691668442365,0.99989505211634566,-0.033174857083769403,0.032270810884262521,0.7847399829497016,0.81317233906320896,-0.030569278296941456,0.6892583120204604,0.006766404886526238,0.025073288008073895,0.13866402094883273,-0.033243885354969208,-0.033102492041960814
20220426,4690,4691,4690,0.99978682583670864,0.99990532376464414,-0.016224310920092008,0.017962509640561442,0.71727078891258,0.67008399636096716,-0.018303728826391086,0.62004264392324093,0.0012879219876027193,0.12413571281861832,0.13394869665915529,-0.011779047895177927,-0.021176367043941373
20220427,4686,4687,4686,0.99978664390868355,0.99991436537760536,0.0051688011631976236,-0.000955511957349426,0.55121638924455829,0.4373292445054946,-0.0040209568019435697,0.44814340588988477,-0.0031160418218837875,0.3047437623360511,0.019961867516243573,0.011371176490605098,-0.0022779040925370898
20220428,4679,4680,4679,0.99978632478632479,0.99974909306939208,-0.0086294348417500361,0.0083406183581749855,0.65056636033340454,0.58871564879149507,-0.013245423795305756,0.54456080359051084,0.0069860360880629399,0.1804441619917245,0.10315932542393226,-0.0046568787163478445,-0.013835274055152932
20220429,4679,4680,4679,0.99978632478632479,0.99979165839433171,0.012423635703046654,-0.005213670862155473,0.46868989100235092,0.36052362010448052,0.0022065011428850623,0.39410130369737123,-0.0037188474963389499,0.24614273064020983,0.022388946629696527,0.015638343133647037,0.0083356631842023028
20220505,4626,4627,4626,0.99978387724227358,0.99983551225604317,-0.005515958009827366,0.0046839936375816862,0.55642023346303504,0.57140306533628027,-0.0045525369509496474,0.43320363164721143,0.00094979810465638942,0.32688837217062361,0.092468870992010746,-0.0085409131870872786,-0.0017786556930328822
20220506,4659,4662,4659,0.99935649935649939,0.99983359476393807,-0.01991178470404734,0.018233078234725218,0.67160334835801672,0.70191305225903955,-0.015013496625769516,0.55484009444086713,-0.00051602039852320647,0.13622017646093354,0.12598473469455712,-0.024916766533588812,-0.013913088949487609
20220509,4660,4661,4660,0.99978545376528638,0.99982924526938366,-0.0062549947520745231,0.007531615589894936,0.5564377682403433,0.58489713363731333,-0.0049264040013278108,0.44227467811158799,0.00071224539228968362,0.29924565301493289,0.053689619273004446,-0.011145597142210481,-0.00050788693269247353
20220510,4663,4664,4663,0.99978559176672388,0.99982211716286784,0.0016805854689532366,0.0017664646875936271,0.49646150546858248,0.47613667380006902,0,0.38473085996139822,-0.0022301785388431808,0.29173277994157937,0.053747584225460311,0.0011056644306084234,0.0023718309868655725
20220511,4663,4664,4663,0.99978559176672388,0.99979288912847231,0.0043703345619611903,0.0011719045020250265,0.53227535921080849,0.44295715934784258,-0.0022870156609920002,0.42118807634570021,0.0014032226806542022,0.14502356435880306,0.083694888362795192,0.0097314712605987997,-0.0021630111091415585
20220512,4664,4665,4664,0.99978563772775997,0.99984050121737866,-0.014518421106103923,0.014181486811363424,0.64451114922813035,0.66344391675706682,-0.011968971843713021,0.54416809605488847,0.00063733418887931131,0.25621871931132861,0.065193449380974905,-0.018308938522780156,-0.0099138236676122263
20220513,4666,4667,4666,0.99978572959074352,0.99985318836256654,-0.0046212739801425318,0.0065499940401118747,0.60351478782683243,0.56302240615048704,-0.0094017050041718363,0.50128589798542644,0.0048560909642744133,0.21763779823472923,0.050062583104803833,-0.0040205397844016097,-0.0053371472005464687
20220516,4665,4666,4665,0.99978568366909559,0.9998333152819906,-0.014554106293276166,0.013296195030510157,0.67031082529474817,0.66316270257232868,-0.015591927320742415,0.5695605573419078,0.0034077928514013034,0.21474673644215836,0.054417086258838315,-0.01487286770926584,-0.014183133941788295
20220517,4667,4668,4667,0.99978577549271641,0.99972895633314307,-0.0057865215151363131,0.0068930152759141428,0.63445468180844222,0.54385364675361603,-0.012053000460428705,0.5307478037283051,0.0040571050725443656,0.18438247514460951,0.043315526771555569,-0.0016564752093722874,-0.010978033000014773
20220518,4666,4667,4666,0.99978572959074352,0.99972660847317052,-0.007603420402346274,0.0088322040457303221,0.59815687955422203,0.60223392200447601,-0.0085761713001220249,0.50428632661808825,0.0030933828397230528,0.18079314137539426,0.07559088743671076,-0.0088421106458349517,-0.0061921364492311375
20220519,4664,4665,4664,0.99978563772775997,0.9998332861288195,-0.0044384526645517815,0.0084337816625929627,0.64922813036020588,0.54805297286065147,-0.013309854103893733,0.57075471698113212,-0.00036686857809806357,0.22406366541482386,0.048647095556364393,0.0014190884800904758,-0.011460974860197343
20220520,4669,4670,4669,0.99978586723768736,0.9998277530881754,0.0025798353820124013,0.0015126491928660756,0.5356607410580424,0.45346039401102284,-0.0029883818939179609,0.42107517669736561,0.0046620054019691302,0.23858545456305633,0.039022299411860299,0.0075410283226145227,-0.0037558939220092465
20220523,4668,4669,4668,0.99978582137502681,0.9998722324817827,-0.0087781317570902965,0.0078858406899238679,0.61760925449871462,0.60149727800596442,-0.010032795351205033,0.49700085689802914,0.0011546770703489244,0.30053476736014734,0.046676107041063793,-0.0092897876360316534,-0.0081837465624697275
20220524,4669,4670,4669,0.99978586723768736,0.99981064473132475,-0.031042020246631032,0.028663955018732368,0.76697365602912826,0.81078215199815962,-0.027075509380279045,0.6712358106660955,0.0041614220299679844,0.050142483042882692,0.0972139708285161,-0.032532482988412395,-0.029455234681165818
20220525,4673,4674,4673,0.99978605049208391,0.99987308620840698,-0.0022329345452998736,0.0042272603462597562,0.58399315215065273,0.55526374154434577,-0.0068718457564196766,0.47678151080676223,0.0040715676514837583,0.35196517016344331,0.034209567378476108,-0.0031811633924390854,-0.0011382275933852848
20220526,4679,4680,4679,0.99978632478632479,0.99971093228529195,-0.0055454542385473277,0.0077559969075761152,0.60910450951057915,0.58268905567076501,-0.0092222557259527011,0.5142124385552469,-0.0018193051187505305,0.23859037684786258,0.061658072279677623,-0.0038327054494926597,-0.0074900538803155895
20220527,4678,4679,4678,0.99978627911946993,0.99970465596402569,-0.0084940011111825277,0.0095737146464123894,0.6205643437366396,0.60466019717599151,-0.0099839791058721882,0.51090209491235572,0.0039679566588499502,0.19058609716054925,0.071072586833072993,-0.0062556298457932136,-0.011027309540011597
20220530,4681,4682,4681,0.9997864160615122,0.99967178411507318,-0.0051168370465731654,0.0060551150055131791,0.608844264046144,0.55513800326120721,-0.010355820568266932,0.50523392437513348,0.0011401010286932432,0.23730038672722087,0.042616845540414477,-0.0032076174994473084,-0.0072465907278886719
20220531,4687,4688,4687,0.9997866894197952,0.99979386724941977,0.0026261036235638554,0.0019429126903281154,0.55323234478344352,0.47394972395330109,-0.0047542133072897112,0.46511627906976744,-0.0004535463776603162,0.2265775739172067,0.034363639958770169,0.0065044261492962401,-0.0017839866136642819
20220601,4688,4689,4688,0.99978673491149495,0.99980517769657129,-0.0087508941468808828,0.011440446063119327,0.6053754266211604,0.58810315397832724,-0.0095513396259519559,0.51578498293515362,-0.00019281629471912427,0.19299810350580887,0.078177094867006677,-0.0094254528732444099,-0.0080543562007016432
20220602,4688,4689,4688,0.99978673491149495,0.99983875569277081,-0.0048040321665013689,0.008506042397897191,0.60366894197952214,0.53932465252082018,-0.01003853666651441,0.52666382252559729,0.00078964007269899817,0.20447667892620847,0.046628573373103124,-0.00076468181602279146,-0.0090234596178619172
20220606,4702,4703,4702,0.99978736976398042,0.99984742012415151,0.0029721757264628578,0.0012731840533596276,0.55465759251382385,0.4687268291905185,-0.0044316773626334374,0.46809868141216504,-0.0044635413360746097,0.30402270904261819,0.027451512924533784,0.0078687278797897105,-0.0026352199191703174
20220607,4704,4705,4704,0.99978746014877795,0.99987003607860436,-0.013573920555282424,0.012442298885268857,0.6668792517006803,0.65201546100028385,-0.016969490922224252,0.5758928571428571,0.0036864904052886973,0.22636706912978227,0.059280984445993681,-0.01303270938684227,-0.014186301356444282
20220608,4708,4709,4708,0.99978764068804415,0.99989440281789344,-0.005320797595373703,0.0082429686512598584,0.66737468139337297,0.58683895870195524,-0.015522617263002289,0.58050127442650812,0.0062437548768965951,0.22659456106811499,0.048356325706121979,0.0025152957175491571,-0.014936532490906755
20220609,4707,4708,4707,0.99978759558198815,0.9998894970974469,-0.017769455378571691,0.01696381989091179,0.69895899723815591,0.66917993499735751,-0.021590700105504634,0.60335670278308906,0.0049879941859686389,0.094940952615712448,0.094962077748152421,-0.014989345274902231,-0.021209878472970106
20220610,4712,4713,4712,0.99978782092085716,0.99989490508485457,0.0080284370291311951,-0.0026813311341652591,0.48514431239388794,0.40882013706264908,0.00071580281467218407,0.36311544991511036,-0.00069315997049311257,0.27093150017337314,0.023852242606091319,0.012063990650087102,0.0028350022418226514
20220613,4716,4717,4716,0.99978800084799657,0.99985186879649168,-0.015009253040640299,0.013504928581067123,0.65712468193384221,0.63655645079055156,-0.0148580550121718,0.54983036471586089,0.0016347661517410288,0.23007010003995942,0.055594594626729589,-0.014837171093490857,-0.01523029426435712
20220614,4714,4715,4714,0.99978791092258745,0.99985524020752969,-0.011494368003934937,0.012609394456894843,0.68392023759015697,0.63636856762491145,-0.016457664357945843,0.5746711921934663,0.0055519083284825705,0.25551169873722418,0.059389936285279908,-0.0094550707281188702,-0.01404772198666515
20220615,4716,4717,4716,0.99978800084799657,0.99990195241410151,0.0038917199817258149,0.00080533711244439867,0.51781170483460559,0.47444500803010692,-0.001590979632824281,0.40945716709075486,0.00087227046762359964,0.11145206125585388,0.088329600486903151,0.0084955971019320693,-0.00235532866503088
20220616,4712,4713,4712,0.99978782092085716,0.99993055523964547,-0.017750897802861539,0.015993645042327208,0.61162988115449912,0.64925146664306521,-0.009822333291965326,0.50742784380305606,-0.0034995695989315755,0.23436019054449414,0.056373792361756186,-0.022151530361293456,-0.012307730707839578
20220617,4709,4710,4709,0.99978768577494692,0.99991542843229886,-0.0034441127831183471,0.0057136409024859504,0.62093862815884482,0.52510357194424417,-0.011652823330067249,0.51157358250159268,-0.0015098777997043841,0.22542839259995615,0.043879700930495202,0.0029373223432683517,-0.011711079169826928
20220620,4711,4712,4711,0.99978777589134127,0.99989951127231824,-0.0062160560984222332,0.006443073776813575,0.58692421991084698,0.55483437375980948,-0.008496380314967248,0.4803651029505413,-0.0029082808881046827,0.23162152160324531,0.044261052034181847,-0.006866624423008949,-0.0053819551025230368
20220621,4713,4714,4713,0.99978786593126856,0.9998880460434586,-0.021931366761971709,0.019993652762686987,0.65499681731381287,0.69054785569636579,-0.015490563458502731,0.54720984510927217,0.0028280742196306607,0.17239393551543589,0.065330923924581799,-0.025538480627151385,-0.017771832816511932
20220622,4709,4710,4709,0.99978768577494692,0.99979137352750203,-0.014991500075688667,0.014347578911108909,0.67870036101083031,0.65754814448670051,-0.017360793108728605,0.57804204714376728,0.0041515759745636184,0.10113154893385373,0.09656577296239012,-0.013005391541434656,-0.017346317941320386
20220623,4712,4713,4712,0.99978782092085716,0.99984937024876552,0.0013360703833914561,0.0033003940101396416,0.5696095076400679,0.47709692548234311,-0.0064877386450307613,0.48174872665534807,-0.0036277619928774749,0.30061188927010035,0.014155988627518296,0.0046543068926456375,-0.0027020747601556603
20220624,4710,4711,4710,0.99978773084270856,0.99980124399239967,-0.0039280205966986158,0.0071149475335335922,0.60743099787685773,0.54933567170588082,-0.0095395116436060926,0.52314225053078556,0.0019966106630318458,0.26432743113648571,0.044461788126672244,-0.00068891431893215727,-0.0077877475809992611
20220627,4709,4710,4709,0.99978768577494692,0.99989167182838723,-0.0048790991732674911,0.0067916354649396734,0.60840942875345083,0.53558363823812571,-0.010106553265683438,0.51624548736462095,0.0027183830863222332,0.25032735585781546,0.048017353485537692,-0.0017617030521978117,-0.008670621817174656
20220628,4707,4708,4707,0.99978759558198815,0.99981081087901136,-0.0032978214420491757,0.0064802195260359272,0.59188442744848102,0.52051005866729638,-0.0084605580045913585,0.51115360101975782,0.00028458000095014707,0.2790030929874287,0.037057641751445915,-7.7072665532319545e-05,-0.0070267285708338128
20220629,4706,4707,4706,0.99978755045676648,0.99986911020398062,-0.027592994610091952,0.023992163659522382,0.68572035699107525,0.72366414775196286,-0.019559981475223281,0.58712282192945175,0.0056733902585421464,0.069617505787274658,0.11085167897823946,-0.033329725312049321,-0.020879536810240747
20220630,4707,4708,4707,0.99978759558198815,0.99988885275310857,0.0002840876769854462,0.0026390373161156756,0.5527937114935203,0.4974485618089774,-0.0048664571246208963,0.45039303165498196,0.0034542150582270426,0.27167930679436392,0.04315991381889793,0.0049597900542928189,-0.0053244062972262465
20220701,4712,4713,4712,0.99978782092085716,0.99989204603843107,-0.010811804931072465,0.01173200063821034,0.6230899830220713,0.58431441111382942,-0.01345488444311428,0.52483022071307306,0.003540842813112211,0.14533589937440244,0.070976706167336062,-0.0070245047235142971,-0.015514182488224094
20220704,4706,4707,4706,0.99978755045676648,0.99989556288655346,-0.0043581810764392066,0.0044896089459724236,0.5951976200594985,0.52751157806744042,-0.0091854250686891417,0.48087547811304715,-0.0019662457407517066,0.20106377051492472,0.05399764418029545,-0.0012507249205192291,-0.0083029282290313314
20220705,4710,4711,4710,0.99978773084270856,0.99990848529869258,-0.016724429830071521,0.015321620034268726,0.66242038216560506,0.63415889756166954,-0.017421323463068215,0.56369426751592355,0.0085939174134360887,0.15049464567984669,0.062864220703737997,-0.014761116765176845,-0.019235030323992212
20220706,4714,4715,4714,0.99978791092258745,0.99992859489766983,-0.023231510992313888,0.021676953537726008,0.70258803563852357,0.68935159502232324,-0.020637051623346343,0.59864234196011878,-0.0013289850531587773,0.10842633007235439,0.082309062430449539,-0.024630776998198694,-0.021385254683948991
20220707,4715,4716,4715,0.99978795589482616,0.99990169633136794,0.0029708408532942727,0.0016931126700245067,0.57709437963944854,0.49678662604342416,-0.0067855343480145774,0.47062566277836693,-0.0038675425511339816,0.19264229994956336,0.063388926663295514,0.0079844819652102553,-0.0039477494314576773
20220708,4718,4719,4718,0.99978809069718155,0.99987798692890573,-0.013855068660632127,0.013663462703617762,0.6172106824925816,0.62479676543181228,-0.011134452309612256,0.51526070368800336,0.0027940358009503567,0.15969602343096814,0.079786450544745854,-0.01806141809200764,-0.0083380339571086665
20220711,4717,4718,4717,0.99978804578211111,0.99990400430422632,-0.024956140207492573,0.02179552819152145,0.68327326690693235,0.70935089446577948,-0.019075034333449491,0.56561373754504984,0.0061491007023306184,0.12235831429111647,0.073013762400405427,-0.029115705747181531,-0.019625034803244804
20220712,4716,4717,4716,0.99978800084799657,0.99989104387487115,-0.016647338882822754,0.014824434833452835,0.6187446988973706,0.65572570802327301,-0.011361752014284052,0.48409669211195927,0.0050575493077731366,0.10843653115565097,0.12112446712631152,-0.01929483554340148,-0.013233081297267196
20220713,4716,4717,4716,0.99978800084799657,0.99993148670593035,-0.0064858495665358435,0.0085801621196500283,0.59393553859202719,0.56735078678399908,-0.0084991323017818941,0.48727735368956743,-0.0013444266504582829,0.26801715483370886,0.064504932837477408,-0.0059474527380246854,-0.0072019980176936116
20220714,4720,4721,4720,0.99978818047023932,0.99993247781557038,-0.01154565930786459,0.012504361618998828,0.60550847457627122,0.57434688946340262,-0.010163623222403849,0.50338983050847452,-0.0018942401513627732,0.19287505266369367,0.042680460161098117,-0.012407389883155893,-0.010447165918858728
20220715,4724,4725,4724,0.99978835978835978,0.99993397320296384,-0.014784531962741597,0.016301757631381315,0.65685859441151562,0.6258574530520199,-0.016996888645636189,0.56583403895004236,0.0027422569106283039,0.10861477947708283,0.13214219582721534,-0.010154850506242083,-0.020224358110020945
20220718,4726,4727,4726,0.99978844933361544,0.99993370110292135,0.00088727607772304707,0.0025220536134903954,0.56051629284807447,0.50737723082809238,-0.0055108671324510788,0.46804909013965296,-0.00039756909735998614,0.30364518186291101,0.048403828930292804,0.00031257951275094078,0.0015458722813294422
20220719,4725,4726,4725,0.99978840457046125,0.99989856650525,-0.013019772912320459,0.012416499161142536,0.61989417989417994,0.63770771694200323,-0.0108385468510737,0.52380952380952384,0.0029355863200711974,0.25623283763337906,0.058656483723744234,-0.018018342371672207,-0.0076594210229410037
20220720,4725,4726,4725,0.99978840457046125,0.99978953451569064,-0.0050885684447441459,0.007003977251864712,0.59026455026455027,0.54871610530015624,-0.0079604340034175602,0.49650793650793651,0.0037507982471099771,0.27670668609360149,0.044438106738014717,-0.0028245121098189772,-0.0073935078862136048
20220721,4725,4726,4725,0.99978840457046125,0.99989662970559356,-0.016461194245004411,0.017019220903117308,0.65079365079365081,0.65271749335877982,-0.014716550029962269,0.557037037037037,0.0035632565081999152,0.13750787693263736,0.091052519842533153,-0.018474834887075239,-0.014224548433793657
20220722,4727,4728,4727,0.99978849407783421,0.99989647362522027,-0.017150601213134619,0.017533777627441179,0.67146181510471759,0.6551003277235069,-0.016428856578296538,0.56441717791411039,0.0049552628458044562,0.19377913572408648,0.066776078924710019,-0.016344336942110297,-0.018018931198617145
20220725,4725,4726,4725,0.99978840457046125,0.99991612432306298,-0.019724398387648803,0.017387733676844704,0.64994708994708994,0.66321926687801935,-0.014809066592143075,0.53566137566137562,0.0049761351376671394,0.11937492746650923,0.098334181098111373,-0.022007273395710774,-0.017228574779915459
20220726,4729,4730,4729,0.99978858350951372,0.99993150151486843,-0.0022421629605648488,0.0056021572968952809,0.59843518714315924,0.51887166703205057,-0.0088962352785238973,0.50116303658278705,-0.0012007183595858831,0.2967306767504288,0.047718124274002259,0.00088564100098676953,-0.0057787346806010527
20220727,4730,4731,4730,0.99978862819699854,0.99990206862838804,-0.0064329093823736081,0.0098542165571270778,0.61797040169133188,0.56775591137044756,-0.010912967921512903,0.54164904862579277,-0.0039815623728007956,0.22816430586197384,0.046750627601683303,-0.0038662424270983712,-0.0092555230168580738
20220728,4731,4732,4731,0.99978867286559592,0.99982856843852352,-0.0076263852330443688,0.010190048249989187,0.6176284083703234,0.57860711312406188,-0.011133532730945807,0.53329105897273299,-0.00019921988578297262,0.23021011125442289,0.05322358491774816,-0.0070558391062519607,-0.0082302046004706832
20220729,4733,4734,4733,0.99978876214617662,0.99989108872327426,-0.017729367440607463,0.017942380773888801,0.66680752165645463,0.64687435574270724,-0.016410409654952787,0.57194168603422779,0.0046075790934623564,0.1242392792137872,0.08214120946616249,-0.018242262447209688,-0.017193629541144641
20220801,4735,4736,4735,0.99978885135135132,0.99984982935790057,-0.0038531071916183268,0.0065374044893836041,0.62597676874340025,0.55658001831752446,-0.010909246405600981,0.51467793030623021,-0.0041642574290612598,0.24089954063896002,0.056416407149643778,0.0020736875989335411,-0.010347596654557853
20220802,4739,4740,4739,0.99978902953586501,0.99982186384146987,-0.035374064666802332,0.035317667204857343,0.82802278961806286,0.81562548274721136,-0.037149270095245983,0.76007596539354294,0.0031204982541971488,0.085327992556772994,0.061691879632321263,-0.032545708990209622,-0.038033774230540274
20220803,4740,4741,4740,0.99978907403501371,0.99970058530689387,-0.011388645318129192,0.014092308137075306,0.64409282700421944,0.63010231669006156,-0.012716711260503902,0.56244725738396628,0.0055957757844774603,0.13304121763813942,0.099764673023488626,-0.011986374573781614,-0.010760054035607959
20220804,4741,4742,4741,0.99978911851539431,0.99983064837000146,-0.0042689764644188036,0.0028445397747343601,0.52499472685087534,0.55864513666600057,-0.0022665575317560543,0.37228432820080154,0.00025278117876856559,0.24696215635967486,0.050677308351527492,-0.0056216029067579689,-0.0028115402091802586
20220805,4745,4746,4745,0.99978929624947321,0.99981192300505073,0.0040291232378894737,0.00057654717104647576,0.5599578503688093,0.47952008561712395,-0.0055763492645134281,0.45795574288724972,0.0012279563921624749,0.21329096802120576,0.043136076262998937,0.011975272264130211,-0.004668583060455935
20220808,4749,4750,4749,0.99978947368421056,0.99982933305426902,-0.0036365918157385026,0.0037223675709497812,0.56854074542008848,0.54238866128111096,-0.0054754934582564333,0.44914718888186989,-0.0046688272347868692,0.28103157915081217,0.052835387424971424,-0.0047122362321668707,-0.0024654637523466951
20220809,4750,4751,4750,0.9997895179962113,0.99985907321499012,-0.0063616049458477793,0.0066190406180462276,0.61431578947368426,0.56210811402958893,-0.010524758357807567,0.49136842105263157,0.0032433594460937578,0.21575533260230884,0.07108928028804104,-0.0030929861320832912,-0.0099476099995785879
20220810,4750,4751,4750,0.9997895179962113,0.9998713896099316,-0.01308035476054714,0.013537394015754168,0.64505263157894732,0.62327278680683595,-0.013499246588814975,0.54673684210526319,0.0012660044327136126,0.19016633700359514,0.075098427565527412,-0.015290487430476802,-0.010624375959620472
20220811,4750,4751,4750,0.9997895179962113,0.99987057927132272,0.0053753466852177597,-0.00014978067771354573,0.51536842105263159,0.46759661925694423,-0.0017128983496288545,0.42947368421052634,-0.0013578564876175593,0.23998560145239531,0.050868699602468023,0.0088170951758419387,0.0018253523322831267
20220812,4753,4754,4753,0.99978965082036175,0.99987336048252751,-0.011511741825835019,0.009787602959688951,0.60677466863033869,0.62607166011574722,-0.010770320321793628,0.499474016410688,0.0050175036483741074,0.15165902617009605,0.094571075507300262,-0.011931089029339356,-0.011101224201839387
20220815,4751,4752,4751,0.99978956228956228,0.9999061391462265,-0.006176246932644386,0.0074868600982060957,0.61355504104399072,0.54162919195790327,-0.010714838432002485,0.50620921911176597,0.0015531730027273311,0.2167980101967745,0.060382782237875257,-0.001933502632859148,-0.010815253771038489
20220816,4757,4758,4757,0.99978982765868007,0.99991259366647001,-0.0081768911098668937,0.0089878172930326992,0.60437250367878914,0.58388109638179775,-0.0099108230692836162,0.50388900567584616,0.0016889347302334809,0.23888600437083138,0.054421898844594349,-0.0075948565348012611,-0.008791557190445963
20220817,4758,4759,4758,0.99978987182181134,0.99990870693213119,-0.0068124853539402687,0.0084156347879170978,0.61055065153425814,0.56437002514896972,-0.011229019746905313,0.51513240857503151,0.0009175393173142931,0.21916098367911152,0.061224073602111982,-0.0041696075678143646,-0.009676106247855594
20220818,4765,4766,4765,0.99979018044481749,0.99991477857681443,-0.012836667122899948,0.012900482127436129,0.65057712486883523,0.61335987645891388,-0.01549666981857419,0.55529905561385096,0.0024643599810062772,0.18359243702662165,0.057642324384842174,-0.0111996891595344,-0.014502795930865373
20220819,4768,4769,4768,0.99979031243447258,0.99992523347316054,-0.019259030661561122,0.017466042329179473,0.6136744966442953,0.65261018713684216,-0.012125419681892733,0.5085989932885906,0.0091575944781257541,0.083949567465621808,0.11502636168702975,-0.024082098104488709,-0.014273403455474128
20220822,4768,4769,4768,0.99979031243447258,0.99992774577012045,-0.0025141693225101645,0.0053087542315613757,0.59773489932885904,0.53729586724457823,-0.0090407099259123963,0.47881711409395972,0.0022457640065673729,0.22222061967486142,0.053108879404938573,0.0022994906249706355,-0.0077736713914048411
20220823,4769,4770,4769,0.99979035639412994,0.9999216327014584,-0.0079104471181493125,0.0079487557141911195,0.60348081358775429,0.56762499048459436,-0.010493200553056695,0.49318515412036068,0.0045581880363715545,0.20160042070724057,0.071754315775557603,-0.0068987535028841775,-0.0089986623253579812
20220824,4769,4770,4769,0.99979035639412994,0.99989671097092692,-0.032521494909395744,0.027991608383875696,0.74690710840847141,0.7775713796110667,-0.027907772714373707,0.64436988886559032,0.010027513623068248,0.047294640790201445,0.10915700851765946,-0.033506423912279544,-0.03155944182836154
20220825,4773,4774,4773,0.99979053204859658,0.99991186041059343,-0.0102735154129145,0.010692656577239036,0.64948669599832387,0.61870269977305925,-0.014524095923015873,0.5365598156295831,0.010282508636817336,0.17494496865655976,0.074262715340274829,-0.0059613443486556802,-0.014741991728362625
20220826,4775,4776,4775,0.9997906197654941,0.99991788169925611,-0.010178667148767234,0.0091618523293692158,0.60879581151832463,0.60321531273718998,-0.0099590217441659704,0.4825130890052356,0.0052541723168692692,0.14549476873985395,0.10076465435794311,-0.008254694054319188,-0.012235458077988358
20220829,4779,4780,4779,0.99979079497907952,0.99995068475862869,-0.0086013152575439601,0.009231127530009044,0.62314291692822765,0.59122133678161959,-0.010142406198436054,0.51286880100439425,-6.8978026081635904e-05,0.25161161162131696,0.074275228109069238,-0.0075862811658444296,-0.0096272714458442207
20220830,4779,4780,4779,0.99979079497907952,0.9999307934657482,-0.015654951479248148,0.014474114216395415,0.63548859594057339,0.65822836091561909,-0.012173926484150799,0.50010462439840975,0.0032193263946745845,0.15727194375672618,0.10453804983998299,-0.018548554691763728,-0.01270271457022969
20220831,4785,4786,4785,0.99979105725031336,0.99992617828482433,-0.022816877139520759,0.020871417926929557,0.70428422152560088,0.7051451306926968,-0.019750938026959593,0.58829676071055381,0.0056637672775624766,0.077938437530153351,0.10758607540541239,-0.021707004366291111,-0.024031859215930353
20220901,4783,4784,4783,0.99979096989966554,0.99993817387331241,-0.013058310192375182,0.010738797658859907,0.60004181476061047,0.63511937685609254,-0.0083526760258214854,0.45808070248797828,0.0046310474762404057,0.14755900559209442,0.10700011391109254,-0.01528145163391844,-0.010751780725820528
20220902,4788,4789,4788,0.99979118813948631,0.99992250237572289,-0.0076829723745858473,0.0097087148902508282,0.60275689223057649,0.60904502230338808,-0.0085008603967466831,0.50856307435254799,-0.00049123490332396175,0.25899296176968356,0.066688933209722578,-0.0088262547870816867,-0.0065483662463966296
20220905,4789,4790,4789,0.99979123173277662,0.99994996490826027,-0.0085140063022664855,0.0073776310880436869,0.61119231572353305,0.58442252245912818,-0.010033331466849775,0.49112549592816873,0.0049613874063825919,0.22114466092427806,0.079922976503030957,-0.0084172744714001591,-0.0086134423535578607
20220906,4788,4789,4788,0.99979118813948631,0.99994896626413654,0.0055465789332600152,-0.0033458388528095394,0.52631578947368418,0.44372247658330088,-0.0026190225674003515,0.41457811194653299,-0.0014814351681313185,0.28724701069867287,0.03803274578424453,0.009994649775356251,0.00063895041468918089
20220907,4788,4789,4788,0.99979118813948631,0.99995133980418804,-0.0038729948920799909,0.0042495522120986401,0.56370091896407681,0.53437793624866348,-0.0057254846013729682,0.43588137009189643,0.0020147040112495074,0.19976988641160745,0.071502045718401186,-0.0025637327290017496,-0.0052645667749301808
20220908,4792,4793,4792,0.99979136240350508,0.99993980996485621,-0.016042807688274676,0.015589098411366709,0.6527545909849749,0.65519822634872793,-0.014722062647185803,0.54820534223706174,0.0047455090668736717,0.1148255558356796,0.1104624547414599,-0.015890022681210113,-0.016197747237811283
20220909,4797,4798,4797,0.99979157982492706,0.99994820334969381,0.00067361483120927535,0.0034203071940450518,0.55930790077131542,0.50668175577328878,-0.0055725860037634453,0.45716072545340836,0.0020310739913101017,0.18737515173452363,0.081085977489323821,0.0076347057430646466,-0.0072435230672909861
20220913,4797,4798,4797,0.99979157982492706,0.99992839202581951,-0.0093537987633172254,0.0089600664940658829,0.60371065249114031,0.58690207172475573,-0.009273538223489159,0.46445695226183031,0.002175342310436164,0.22373028932336481,0.085586202691423655,-0.0084461566029852553,-0.010332243406478711
20220914,4798,4799,4798,0.99979162325484472,0.9999359893423061,-0.019804103964203346,0.020897339174088737,0.70216756982075867,0.67713026720456326,-0.020271648928364455,0.61254689453939137,0.0039718859226316773,0.10836468658880004,0.12795226495077866,-0.019221796077562778,-0.020401444382612596
20220915,4796,4797,4796,0.99979153637690221,0.9999314049067648,-0.028289639462607402,0.025095526261623941,0.74728940783986653,0.7528764333268444,-0.025081500953828877,0.63198498748957466,0.0080928029312792617,0.083571417279590832,0.10097145288247387,-0.027535068698453027,-0.02907781634678655
20220916,4797,4798,4797,0.99979157982492706,0.99994314335742418,-0.022144022292049977,0.01872599251609422,0.6848030018761726,0.73083496550045679,-0.01686556954673267,0.54117156556180945,0.0047097411433740556,0.084252682521062619,0.15491082138213139,-0.024989084642796852,-0.019126609331494529
20220919,4802,4803,4802,0.99979179679367058,0.99992585482094776,-0.012328535510030584,0.011511395392391993,0.66909620991253649,0.63509768412935519,-0.015366053511696048,0.53290295710120783,0.0038231739021541474,0.16604475389939996,0.14393186394175844,-0.0087434462945077361,-0.015999014542132869
20220920,4804,4805,4804,0.99979188345473469,0.99994540261173459,0.0010483928479815658,0.0021581542691587433,0.56140716069941721,0.50342910603731139,-0.0049426811390159905,0.44025811823480432,-5.4346014138500522e-05,0.30395166635532445,0.068045713921299586,0.005037450527348785,-0.0035352343925071092
20220921,4810,4811,4810,0.99979214300561214,0.99994729099332158,-0.0032572103288797481,0.0065898596126727268,0.58004158004158002,0.52691680349892411,-0.0065999607238274426,0.48108108108108111,0.0031659379560141595,0.20154832300644751,0.15488852316229915,-0.00099414186816420636,-0.0057278807045427526
20220922,4809,4810,4809,0.99979209979209982,0.99993637676846958,-0.010512255172977932,0.010653116799492966,0.58681638594302354,0.62694119624147393,-0.0066188264467689434,0.44312746932834268,0.0033428529518660906,0.1888500767418535,0.098881948298401925,-0.012208689267966517,-0.0085575848807028908
20220923,4811,4812,4811,0.99979218620116372,0.99994111248874307,-0.01913397609307638,0.01864281523779536,0.69237164830596554,0.71195670528834243,-0.017786936362896882,0.56765745167324877,0.0069780704451605571,0.097722929936965713,0.13357899393299702,-0.017515209982095721,-0.020814889227772738
20220926,4815,4816,4815,0.99979235880398676,0.99993515113413134,-0.012651893107110476,0.015550000525494949,0.6674974039460021,0.62859956164327002,-0.015975812188759785,0.5505711318795431,-0.0010229044589814985,0.13403275069950851,0.11478213529144711,-0.0084368553504442275,-0.01732759118768834
20220927,4817,4818,4817,0.99979244499792441,0.99995941177086456,0.0010976784826785945,0.0041445602354043621,0.56964915922773507,0.50856333920906804,-0.0059151244974671498,0.48100477475607223,-0.0017926161855512388,0.34726422939592327,0.052211919482618142,0.0052695684019410651,-0.0035583425580583638
20220928,4820,4821,4820,0.99979257415473965,0.99995017036468092,-0.025628211597635144,0.023627705479960185,0.7149377593360996,0.75245782808267736,-0.02052616547611693,0.60228215767634852,0.0078770050920623641,0.065080699519030963,0.15418318607889658,-0.027192165161407537,-0.023967162603544891
20220929,4821,4822,4821,0.99979261717129819,0.99995370363213243,-0.0077653890416455951,0.0099165308361499512,0.58494088363410079,0.59434481309039977,-0.007028955407670576,0.45198091682223607,0.0011681593206059552,0.20576302313662737,0.12898338032304613,-0.0057043780350396998,-0.0099962125201438178
20220930,4822,4823,4822,0.99979266017001867,0.99994079083523524,-0.014486643075623685,0.012820936188968998,0.61053504769805056,0.65521298884995915,-0.010325876821834265,0.46536706760680213,0.0051039209687062711,0.13100018976385105,0.16344234291212395,-0.016020601152587254,-0.012733863266077122
20221010,4825,4826,4825,0.99979278905926228,0.99994835947744676,-0.018935014451251838,0.016727740008467076,0.64103626943005176,0.69754381186095393,-0.011663469368133138,0.49430051813471504,0.0054866382163793557,0.12916298996983125,0.14969284462132165,-0.021388644004096114,-0.015990201266400005
20221011,4826,4827,4826,0.99979283198674129,0.99995212622176721,-0.0034643621116998203,0.0060740578839479998,0.56775797762121838,0.53595775262554246,-0.0051257371623033045,0.43037712391214256,0.00047741375631714291,0.24861688306286991,0.10479955720892628,-0.0023592319700803444,-0.0048272151564586994
20221012,4828,4829,4828,0.99979291778836199,0.99995063643791993,0.0028034086457384678,9.0197343027780623e-05,0.48943661971830987,0.47084348335072712,6.7117871280498664e-05,0.37945318972659486,-0.0041471758326021534,0.34675856032042324,0.026810260934804878,0.0027216161495678174,0.002902122729870631
20221013,4829,4830,4829,0.99979296066252588,0.99994761038328173,-0.0066920889759789761,0.0079515320217469973,0.56823358873472773,0.59232412351026331,-0.005577991107601799,0.45910126320149097,0.0023334107769297932,0.2359705372128581,0.10934588032685151,-0.0079288969588402758,-0.0053078978843053657
20221014,4831,4832,4831,0.9997930463576159,0.99996204429274493,0.011897163368820728,-0.0044201373267302975,0.47795487476712895,0.38744222427931768,0.0016002594553996927,0.38791140550610642,0.00012084441810631709,0.29363151655495418,0.037292790349721341,0.017932403893169864,0.0048153013995776654
20221017,4828,4829,4828,0.99979291778836199,0.99993277123956814,-0.0071709247742674925,0.0071096059981258525,0.60273405136702574,0.59021780253795009,-0.0088747503981846249,0.50745650372825191,0.0036394663053813852,0.32320422755449535,0.08808912417205933,-0.008146147571564278,-0.0061192907676293476
20221018,4830,4831,4830,0.99979300351894018,0.99995021421152686,-0.006723507162238105,0.0073813641475879562,0.62049689440993794,0.58809369655013266,-0.010486727253247639,0.52049689440993785,0.0030684187669080044,0.23036216763064266,0.10490642061517859,-0.0053112786364281654,-0.0081702923549269169
20221019,4836,4837,4836,0.9997932602853008,0.99996194112273107,-0.015110989963064585,0.015729684537821153,0.67990074441687343,0.67331222296545146,-0.015981546029138184,0.58891645988420183,0.0044869665738724116,0.11042353245746116,0.10954124166396526,-0.01508673988082153,-0.01513759064646319
20221020,4836,4837,4836,0.9997932602853008,0.99995796567492856,-0.011616288979426202,0.011264275163184489,0.62406947890818854,0.62504994073678133,-0.011589728623270857,0.51943755169561623,0.0030307228244213138,0.14658019805104075,0.1108354538213855,-0.012443295443555739,-0.010737785764196674
20221021,4837,4838,4837,0.99979330301777591,0.99996107810586421,-0.0101312201610487,0.010561331909234195,0.62890221211494723,0.6298797800464857,-0.010675267159377002,0.51788298532148025,0.0066620263362648629,0.20880549622353339,0.086156212888316042,-0.0087796910418235907,-0.011556756010383713
20221024,4837,4838,4837,0.99979330301777591,0.99991381369019994,-0.021039866927124878,0.020007936257120655,0.69691957825098205,0.71952113942117157,-0.017405324605657326,0.58445317345462067,0.0031919744968999277,0.14187955196407911,0.088964336194584312,-0.02215448776384053,-0.019832649728503474
20221025,4838,4839,4838,0.99979334573258938,0.99992437731113204,-0.01124953643022954,0.011845599215824766,0.6521289789169078,0.62857263096352789,-0.012931286989840604,0.54692021496486154,0.0015391569824080922,0.19705072622965189,0.10112136052636581,-0.0093300155968438839,-0.013275966751008082
20221026,4840,4841,4840,0.99979343110927499,0.99990184735731669,0.00048625565124210836,0.0041414388313291235,0.53223140495867771,0.50932777080090874,-0.0025593569077828351,0.44421487603305787,0.0006928352643649216,0.29735920095665813,0.068424228563293193,0.00099095346130617917,-3.3353073511171452e-05
20221027,4841,4842,4841,0.99979347377116889,0.99994747944650819,-0.013157815131207406,0.015161320582936916,0.64057013013840114,0.62752714299839185,-0.012489278621206933,0.55319148936170215,0.0016792391307410941,0.18401750323716759,0.11202170455441247,-0.014291499462075682,-0.011920146006509013
20221028,4844,4845,4844,0.9997936016511868,0.9999259320261118,-0.028684607058999591,0.02617756640118217,0.73431048720066061,0.7695695128885115,-0.02368960166861811,0.62303881090008262,0.0073564422221052035,0.071085344860982322,0.12550171372479849,-0.029859385757567004,-0.027527839488162207
20221031,4845,4846,4845,0.99979364424267436,0.99993191560884209,-0.0048890227660763116,0.0069747898416104822,0.6101135190918473,0.569190145788941,-0.0087944046553357288,0.50051599587203299,-0.004504768870011517,0.23879769224952679,0.097646710781664481,-0.0029257822708646302,-0.0069643593545940588
20221101,4848,4849,4848,0.99979377191173435,0.99994003062679326,0.0076135962331789339,-0.0022290143662123769,0.50082508250825086,0.42369928218106717,-4.2652925986318626e-05,0.39459570957095708,-0.0046169989625944596,0.2890319300550292,0.039971631906152397,0.012871123019064623,0.0016782880494437161
20221102,4847,4848,4847,0.99979372937293731,0.99992953755049419,0.0033735618786555135,-5.7617291587259648e-05,0.53744584278935426,0.47035957830759245,-0.0030169332157531556,0.43862182793480503,0.00015618761988521945,0.26807899156551218,0.055201847862218635,0.0076346114332474209,-0.0012963920555535634
20221103,4848,4849,4848,0.99979377191173435,0.99995119717694814,-0.011259373350989208,0.011597293561015489,0.62417491749174914,0.62840289825013562,-0.010911434239359006,0.52516501650165015,0.0045417521541948379,0.22486537252712235,0.07294609639336784,-0.012811901508911322,-0.0095956030082929092
20221104,4850,4851,4850,0.99979385693671408,0.99994581811972472,0.01769445217822609,-0.0088976089420045278,0.45731958762886599,0.3367029942086196,0.0033470452939857488,0.35175257731958764,-0.0022433404312191488,0.23565339251993764,0.035609875924933643,0.02918809304640604,0.0048604623693492008
20221107,4853,4854,4853,0.99979398434281008,0.99993826689920495,-0.010037237229971085,0.0082681220013055261,0.62064702246033376,0.61827022444545632,-0.010832583176517625,0.51617556150834532,0.002532174097603466,0.26963259375023307,0.069661592402655625,-0.010846439212971112,-0.009186373851366593
20221108,4852,4853,4852,0.99979394189161341,0.99994541985659291,-0.016304523437601554,0.015573795356233941,0.67044517724649633,0.66990538140425293,-0.016093945216986986,0.57811211871393242,0.0024220939626710836,0.20955181981670248,0.096608886838946487,-0.01827427235476457,-0.01426385082161631
20221109,4856,4854,4853,0.99979398434281008,0.99994513526138096,-0.012234512287592089,0.012284979336701923,0.61714403461776224,0.61896412689231872,-0.01101850351990454,0.51926643313414378,0.00020298844722932419,0.1706155392485435,0.089341178756388293,-0.013765831652116272,-0.010712194086326562
20221110,4857,4858,4857,0.99979415397282834,0.99994283875690904,-0.016988033983458578,0.01448089388322975,0.65925468396129294,0.67417193844229639,-0.016157826353460532,0.54766316656372249,0.007834634876960709,0.16302239992533238,0.090815034958298388,-0.019869643663384368,-0.014224443188118286
20221111,4859,4860,4859,0.99979423868312756,0.99996238907047896,0.0019840420828038854,0.0044024740983203406,0.57666186458118951,0.51177172569294205,-0.0065942463290380518,0.47808190985799548,0.0067294145192169485,0.1935313829055888,0.065926475937364989,0.008303730792507175,-0.0047697762711495194
20221114,4858,4859,4858,0.99979419633669475,0.99996284048137207,-0.011521203967006764,0.0087556796106533375,0.63277068752573074,0.60352625072722066,-0.012692818058871631,0.51070399341292716,0.0040582017524481593,0.20496938021974831,0.086618783664525356,-0.010367230364654428,-0.012789018062261416
20221115,4858,4859,4858,0.99979419633669475,0.99994871153579834,0.0065056612274344752,-0.0022966573510772989,0.51811445039110748,0.42788073981974223,-0.0014748977992973884,0.41498559077809799,0.0031297592890815358,0.29943098286085912,0.036540213313569304,0.01182825852125618,0.0009400558938950994
20221116,4861,4862,4861,0.99979432332373508,0.9999358141071012,-0.017414697977398759,0.015268766158827022,0.65295206747582801,0.66570135212081516,-0.013953987497096136,0.54865254062950009,0.006706542762535378,0.16414597224730518,0.088444578286978243,-0.02041339850916948,-0.014434026675268979
20221117,4860,4861,4860,0.99979428101213741,0.99994693152225,-0.012805817578553889,0.013268913740956682,0.64897119341563791,0.61213017853563445,-0.013966786536703324,0.56234567901234567,-0.00025681800924465432,0.23418606560573668,0.056284769256744201,-0.014088613841423974,-0.011490458616202744
20221118,4862,4863,4862,0.99979436561793134,0.99984570479340584,-0.011677510462702696,0.012313751066829923,0.64459070341423286,0.62246806296319679,-0.013360992657474145,0.5298231180584122,0.0056644609991063364,0.13935925129186744,0.10911889468113149,-0.010053278777799889,-0.013286458414992444
20221121,4864,4865,4864,0.99979445015416235,0.99990206140801963,-0.012109882406881569,0.012837383657184931,0.66961348684210531,0.64335683849831526,-0.014828922832983708,0.56681743421052633,0.00049504382531581799,0.23686431267031385,0.049773591692919471,-0.010793815364766887,-0.013391852058919056
20221122,4868,4869,4868,0.99979461901827893,0.99989999469242041,-0.017195154715116116,0.014430364788343778,0.65242399342645852,0.6569188607958657,-0.014237123504621602,0.53225143796220209,0.013221303454275295,0.11009145576895588,0.11541287369609055,-0.017262583315970637,-0.017131233970065721
20221123,4869,4870,4869,0.99979466119096505,0.99987059327217109,-0.010950361040831691,0.012092891641453125,0.6646128568494557,0.59928062672162929,-0.015608859139077329,0.55802012733620865,0.0050317637338258368,0.15376215392680745,0.079812241144967613,-0.006735978105648412,-0.014934420181746049
20221124,4871,4872,4871,0.99979474548440062,0.99980353741144334,-0.0082618118102759115,0.0085093002440286194,0.63210839663313489,0.57572025856974662,-0.011742426728244481,0.50913570108807227,-0.0013983887168555857,0.21021716871787702,0.073697187118264021,-0.0051758299674470399,-0.011419063027230086
20221125,4872,4873,4872,0.99979478760517138,0.99991201561813225,-0.013340431173083074,0.014590023819520756,0.63711001642036125,0.60817148730416271,-0.013492380431583878,0.52196223316912971,0.011012893396819219,0.12742401525472785,0.1036229469777341,-0.010650477903400393,-0.016139334588443584
20221128,4873,4874,4873,0.99979482970865818,0.99992828969850778,-0.016722098385480728,0.015514408041167122,0.70593063821054791,0.69526742334806457,-0.018373254909485642,0.58813872357890418,0.0019565781018141548,0.18659037022701613,0.093184361149026701,-0.014402653006752154,-0.019096376843849176
20221129,4875,4876,4875,0.9997949138638228,0.99993303629135011,0.013402092390210158,-0.0058221207651107856,0.47692307692307695,0.38952218483942663,0.0018801445492872934,0.37128205128205127,0.00037384178291235276,0.26481413499049916,0.046408810983711329,0.020951020581891761,0.0049713544743384035
20221130,4876,4877,4876,0.99979495591552181,0.99993880625865561,-0.0081379106787574824,0.0078072616249277565,0.61074651353568499,0.59798808746462229,-0.0096940408804441144,0.49405250205086138,0.00034022282118818803,0.20153570824749409,0.07945562310309616,-0.0061817867588425165,-0.010271437019429567
20221201,4877,4878,4877,0.9997949979499795,0.99993427493804288,-0.00031337310957336756,0.0030812095472361181,0.55833504203403728,0.51032309333380965,-0.0043461907146274377,0.43510354726266148,0.0023297567431410362,0.2274336490369436,0.071406833146231793,0.0018987777205596804,-0.0027467453603563815
20221202,4877,4878,4877,0.9997949979499795,0.99994603117116299,-0.010755547085191072,0.01336002056286347,0.59585810949354112,0.61864718322798107,-0.008967744226252003,0.49497641993028502,0.00050606358999303984,0.21269752909786055,0.072415437735349752,-0.01274076090342172,-0.0088195273924773325
20221205,4875,4876,4875,0.9997949138638228,0.99993028055850697,0.00082423507679705535,-5.5547166407253735e-05,0.56328205128205133,0.48643012795479079,-0.0054933419111283114,0.44184615384615383,0.0089511970123741912,0.22430877910197808,0.055653986958614635,0.0070077689638125456,-0.0054802855517466506
20221206,4875,4876,4875,0.9997949138638228,0.99994746802108458,-0.012306595298020001,0.01260246308407794,0.64533333333333331,0.61667303449893662,-0.012948289666215716,0.53641025641025641,0.00097122429794344566,0.20179143829920174,0.073869990799039359,-0.0094205689231647849,-0.015442272693768695
20221207,4875,4876,4875,0.9997949138638228,0.99991847930887667,-0.0094923886065459255,0.010484215703855925,0.63528205128205129,0.59015867049721915,-0.013243750768988722,0.52307692307692311,-0.00030141227483077536,0.19887976668096333,0.076170345473195719,-0.00647365460428353,-0.012768925744197305
20221208,4878,4879,4878,0.99979503996720642,0.9999500373152207,-0.014284400182596588,0.013135387446140378,0.64842148421484214,0.62166488574055878,-0.014151567457272519,0.53177531775317755,0.0058750217989401912,0.20323323271622987,0.086484386063903657,-0.013961052732772386,-0.014607904808313792
20221209,4878,4879,4878,0.99979503996720642,0.99992119537731305,-0.0024981983611831646,0.0049917370637274977,0.62013120131201316,0.55232346492629114,-0.010728548304707991,0.50307503075030746,0.0027643644378070866,0.19622245951874795,0.092623932936876943,0.0060314645980697312,-0.011636503120138956
20221212,4883,4884,4883,0.99979524979524981,0.99994565445480099,-0.016351051509603007,0.014664832417276541,0.68154822854802377,0.64309954780595968,-0.016970044768261573,0.57505631783739508,0.0046889186393946642,0.20279490302397604,0.085609080462866555,-0.015374169653369496,-0.017321126058569055
20221213,4883,4884,4883,0.99979524979524981,0.99994435134797477,-0.016674466112232545,0.015336390249039798,0.63731312717591648,0.66393252491018406,-0.012841818633931839,0.52058160966618883,0.0052164773004154674,0.20578066260571087,0.083848002867127958,-0.018592770868629566,-0.014726975834360298
20221214,4882,4883,4882,0.99979520786401799,0.99994274531121841,-0.012716923309593356,0.013874746718363978,0.61593609176566977,0.62782723189697642,-0.011101858560010721,0.49405981155264234,0.0037868930395036429,0.1955620537896697,0.078616669586589541,-0.012248153000818478,-0.013225873540280866
20221215,4884,4885,4884,0.99979529170931425,0.99995456830493878,-0.0066674879154032477,0.0084993713246484578,0.58927108927108929,0.57534658028939756,-0.0073815844650544724,0.4735872235872236,0.00029398069149765959,0.2110154470789492,0.069901900692646721,-0.0053134907207445679,-0.0081434419715962596
20221216,4887,4888,4887,0.99979541734860888,0.99995218869811375,-0.017594562666485312,0.017495985011431882,0.6881522406384285,0.66876149703956245,-0.018593805942738826,0.57519950890116633,0.0058305593493645311,0.19987924554680106,0.084189469185598026,-0.014842786180727638,-0.020400722608073615
20221219,4883,4884,4883,0.99979524979524981,0.99995728108515025,-0.029499903478186009,0.027869969493520844,0.74687691992627481,0.76746507079985216,-0.02528915489230112,0.65062461601474508,0.0032986955456226139,0.11082792026602011,0.10767905718519542,-0.029771739980675699,-0.029211738510540469
20221220,4883,4884,4883,0.99979524979524981,0.99996456049209947,-0.022455284581624119,0.021529145333893,0.65533483514233049,0.71711309686230407,-0.012772202381603523,0.5289780872414499,0.00013730870251699168,0.14262416936256356,0.10021430667196594,-0.027413878353471432,-0.016549383700867573
20221221,4879,4880,4879,0.99979508196721312,0.99993629469052503,-0.014593862428811064,0.014858360951425445,0.63414634146341464,0.66096741609315146,-0.012099588728424029,0.50153720024595205,0.004873363332009514,0.20196990524845898,0.1104578556845501,-0.012959307919811772,-0.016387098601552724
20221222,4887,4888,4887,0.99979541734860888,0.99996466710359055,-0.016910913237866001,0.017311250404217954,0.67096378146101898,0.68152480486420985,-0.015541922290388546,0.54205033763044808,0.0023114614558340102,0.13756996655984108,0.09637218395742933,-0.015513005606549189,-0.01849741133270804
20221223,4890,4891,4890,0.99979554283377636,0.99996221789531092,-0.016689375707353592,0.020310233205242754,0.65337423312883436,0.67882720187155365,-0.013724982554226463,0.55132924335378319,0.0031113750469974784,0.2066203175489619,0.086736785495295718,-0.016143563537727352,-0.017319941062653926
20221226,4890,4891,4890,0.99979554283377636,0.99995076433910934,-0.0024362287644259122,0.004439173060786587,0.53231083844580773,0.53130524161155768,-0.0029960052402185668,0.40981595092024542,0.00066984324573284492,0.31162286790816102,0.077633160491128325,-0.0014583669753417984,-0.0035584658874430767
20221227,4894,4895,4894,0.99979570990806943,0.99996490090552381,-0.0066702216403960631,0.0056568810782687239,0.5641601961585615,0.55925550538566748,-0.0056997336664810789,0.43767879035553742,0.0011905302786874156,0.27262774837509163,0.054997757030201037,-0.0064914348625869072,-0.0068751512287331231
20221228,4894,4895,4894,0.99979570990806943,0.99996619513531559,-0.014902145406058567,0.013103308594336177,0.62934205149162237,0.64659780919071508,-0.011987335260495866,0.48733142623620762,0.0093435734216228156,0.14829789028136789,0.12983293475087021,-0.015064493120455425,-0.014705367732496069
20221229,4897,4898,4897,0.99979583503470804,0.99996026223230383,-0.013296375755589084,0.01215956304080487,0.60098019195425767,0.64796987042928789,-0.0097411270633110964,0.47559730447212578,0.0011550632744446714,0.15282708499850703,0.10397140337898199,-0.013802399631114607,-0.012708199358021931
20221230,4898,4899,4898,0.99979587670953252,0.99992814312036071,-0.0046488525095437737,0.0075801106527073952,0.55165373621886482,0.56922339533328659,-0.0043811795453472854,0.42895059207839936,0.00022865319761611932,0.24985337194481713,0.073081519644064313,-0.004455291650743147,-0.0048716448303860269
20230103,4899,4900,4899,0.99979591836734694,0.99993994381093998,0.0048241166818167756,-0.0019238700895619206,0.48703817105531744,0.46234734753420559,0.00075945041907653167,0.36701367626046133,-9.6127777514712874e-05,0.28226048399976927,0.063712799728178934,0.0048090631784121641,0.0048396848799372181
20230104,4901,4902,4901,0.9997960016319869,0.99994991319170623,-0.0081863774527977193,0.0088981056318470173,0.58253417669863294,0.59037050772959943,-0.0074457170816913856,0.47643338094266474,0.0027870279306835243,0.23094097453363174,0.091602941165692328,-0.0091415771607154458,-0.0071561864021487788
20230105,4901,4902,4901,0.9997960016319869,0.99995111907636336,0.0074932910736428835,-0.0022956716275498667,0.5052030197918792,0.43054873391420456,-0.00044373602377490904,0.3907365843705366,-0.0011321752351960155,0.20652084074482199,0.058845198686332603,0.013565359951442334,8.6683394965611686e-05
20230106,4901,4902,4901,0.9997960016319869,0.99996303694717159,-0.0069401187675869769,0.0087360580634432035,0.59844929606202812,0.57541140048164441,-0.0092786680791278817,0.48337074066517038,0.005419886123932567,0.19144430229853146,0.089644237134038199,-0.0036802750187187008,-0.01070710179880815
20230109,4898,4899,4898,0.99979587670953252,0.99996139834683873,-0.0028590580702241852,0.0031658501704660449,0.56982441812984896,0.53093726702926736,-0.0060710161369362551,0.43670886075949367,0.0048087085103853738,0.26502837935925155,0.071177298090570135,-0.00033029956001557692,-0.0058830429706025027
20230110,4902,4903,4902,0.99979604323883342,0.9999600517810473,-0.0062497326550977938,0.0076216196891957608,0.61260709914320688,0.56173637095881457,-0.010146361703946113,0.50387596899224807,0.0014448394376106698,0.20535561504589006,0.098270348236296309,-0.001591797191586343,-0.012004527076245998
20230111,4902,4903,4902,0.99979604323883342,0.99992691796739408,-0.012635207487576357,0.013016356941226132,0.62015503875968991,0.62643059547297986,-0.012270425362577842,0.49428804569563445,0.0049944315150464271,0.12009848709490016,0.12545162555266445,-0.011092905877836781,-0.014433115320170156
20230112,4899,4899,4899,1,1,-0.0096587030944250713,0.01200126923545819,0.6225760359256991,0.60877098302146604,-0.01153856304266686,0.50540926719738721,0.0036740333165034156,0.22957604997946573,0.0804166162557306,-0.0062899044608114608,-0.013718782681928925
20230113,4900,4900,4900,1,1,-0.0059646488197550905,0.0072903572629461283,0.57999999999999996,0.56286842369117263,-0.0079613523355033695,0.46387755102040817,0.00012902137835842792,0.24984856026633875,0.068573917489135217,-0.0029100681201064829,-0.0097346366091706181
20230116,4901,4901,4901,1,1,0.0021414827562266595,0.0027432670117885465,0.52560701897571926,0.47606030585289394,-0.0025931030788429554,0.4207304631707815,5.3300807793187858e-05,0.2819404266957195,0.068396435885187859,0.0063031726821972849,-0.0031705482317248112
20230117,4899,4899,4899,1,1,-0.014459411012233733,0.013296303835381379,0.6256378852827108,0.64801207961619134,-0.012035400858292621,0.49642784241681975,0.00036530389591579032,0.24086038481545519,0.084231109454086128,-0.01528547162841044,-0.013505128782139339
20230118,4900,4900,4900,1,1,-0.0055761336333586152,0.0087411418063370831,0.57999999999999996,0.56027801661055854,-0.0073922923266314614,0.46755102040816326,0.00012060831523296421,0.20389885051642961,0.087909969363674872,-0.0042341727471757662,-0.0070535935378105387
20230119,4900,4900,4900,1,1,-0.0033553496892809675,0.006910650233601272,0.57081632653061221,0.54982057469436063,-0.0057798199094198557,0.47693877551020408,0.00221440653387933,0.2602665112311478,0.062590638727630141,0.00018601256624118512,-0.0072812568988193695
20230120,4901,4901,4901,1,1,0.0025513387961716987,0.0015401959951250638,0.52907569883697203,0.46842420242252297,-0.0025783717582346767,0.41930218322791268,0.0032085040849314521,0.26126244452609387,0.072764104974234106,0.0091681802073869442,-0.0050387108964854701
20230130,4900,4900,4900,1,1,-0.0064347617816125713,0.0064034327343769088,0.62367346938775514,0.5660756527433165,-0.01132053966419317,0.51734693877551019,-0.0028797013132601775,0.30670301580498149,0.065436756294553353,-0.0043764604304190151,-0.0086779094386269604
20230131,4899,4899,4899,1,1,-0.015287875089739294,0.01455547956142496,0.63359869361094101,0.6537158993494705,-0.012441115067268997,0.539906103286385,1.7524328286947638e-05,0.25039772959285334,0.067426273817826718,-0.018465439703567364,-0.011957197952670673
20230201,4901,4901,4901,1,1,0.0029349850727639153,-0.0017630691569815833,0.54009385839624569,0.48071685493180355,-0.0035549864085602512,0.43399306264027748,-0.0025231717610507652,0.35705703649303167,0.032561299625888711,0.0044980377419502095,0.00139845649329125
20230202,4903,4904,4903,0.9997960848287113,0.99998355490456226,-0.013825709152381325,0.011892406784667029,0.64491127880889254,0.6291797105210446,-0.013908730944828859,0.54741994697124208,0.0042930401377059522,0.19364745568993366,0.08333952463099846,-0.015067605450863756,-0.012619685073094487
20230203,4900,4901,4900,0.99979596000816162,0.99998263110292018,-0.015648523288626488,0.015971731410316239,0.69469387755102041,0.66085053445421127,-0.019931451534257332,0.60979591836734692,0.0031010640518837167,0.16399049027498863,0.083642115272876766,-0.014232636201909735,-0.017000580401140591
20230206,4901,4902,4901,0.9997960016319869,0.99997933912843584,-0.015751140086952754,0.013141092552239329,0.65700877371964905,0.66163251566819414,-0.01487265142585659,0.55049989798000409,0.0045187762372651177,0.15542687903206101,0.095032065724082931,-0.01696664880608683,-0.014527026782721735
20230207,4903,4904,4903,0.9997960848287113,0.99995831640583932,-0.0079213683476362286,0.0061370193957447213,0.61309402406689784,0.58174183892997156,-0.010764064626488518,0.4986742810524169,0.0042753724392431657,0.26496591068958719,0.057984751430492684,-0.0065993165423911841,-0.009161073654546853
20230208,4903,4904,4903,0.9997960848287113,0.99993436061358187,-0.016949331023277201,0.014433085425820297,0.66612278197022234,0.64678669015961832,-0.017434659272170087,0.56679583928207222,0.004495212420083914,0.10789712278033495,0.098321546711071101,-0.016574442997961718,-0.017302135034565399
20230209,4906,4907,4906,0.9997962094966375,0.99991413339807234,0.0012384682567236993,0.0041835053908395817,0.59111292295148798,0.4962613711176086,-0.0085729505024860955,0.52140236445169186,0.00099531949513021237,0.3531063848564287,0.017072929911211277,0.010121647495241312,-0.0072674625225342066
20230210,4907,4908,4907,0.99979625101874492,0.99959092012098827,-0.018019756218460817,0.015859410694503227,0.65314856327695126,0.6601123985392906,-0.014942929759614585,0.55206847360912981,0.005442209262972373,0.16355978223183254,0.085902488054176218,-0.021087690636307218,-0.015197424082482399
20230213,4908,4909,4908,0.99979629252393565,0.99740159352430258,0.0019066262252829319,6.8598782905649174e-05,0.56744091279543607,0.47879447787700269,-0.0063613335005153976,0.44498777506112469,0.0012029793654415089,0.25787385214629172,0.062536932047847757,0.00946113856626421,-0.0050558303354538746
20230214,4908,4909,4908,0.99979629252393565,0.99114974560880864,-0.01551704965530915,0.01248676315313943,0.64629176854115733,0.6296746237966242,-0.015509638038758185,0.54421352893235531,0.0086513298368505274,0.21895448167136849,0.077645945186713874,-0.016491326743440924,-0.014612021218420708
20230215,4909,4910,4909,0.99979633401222001,0.99502351001338163,-0.010457319665175317,0.0099495420472598579,0.63638215522509678,0.57339026035888951,-0.013949407748353047,0.53249134243226726,-0.00062307618395068647,0.18187628784681151,0.07719265984296321,-0.0062456184147162801,-0.014494266342597588
20230216,4913,4914,4913,0.99979649979649976,0.99702750918402605,-0.02223710346197047,0.022186429524523286,0.73051088947689802,0.71322483629533862,-0.023306646078878633,0.65458986362711169,0.0099172244147392868,0.074830532478817685,0.13303990519713593,-0.019273225705898903,-0.024906257814335184
20230217,4914,4915,4914,0.99979654120040695,0.99714662382979757,-0.023075662039362663,0.021529474256551748,0.70370370370370372,0.71256786909582648,-0.020565400047597354,0.60073260073260071,0.0070448301491111559,0.12638018801133075,0.078822945624138427,-0.026509839713798937,-0.01959281687112881
20230220,4917,4918,4917,0.99979666531110212,0.99747836257236699,0.00572714350097768,-0.0045274184342181216,0.54708155379296319,0.45474103940220956,-0.0042427942949289973,0.42647956070774862,0.0050136540119697075,0.31045326798607858,0.042487517756441925,0.0121571504219521,-0.0011944557681673362
20230221,4917,4918,4917,0.99979666531110212,0.99649137446323643,-0.0085461729851621857,0.0078475430504977451,0.60626398210290833,0.58591566697113928,-0.0092395062651355261,0.49684767134431562,0.0065756232641175656,0.2582434740748164,0.06262715402661681,-0.0082992964454254182,-0.0088034205771199033
20230222,4918,4919,4918,0.9997967066476926,0.99733847317437607,-0.012030896056339198,0.011521405680738899,0.64355429036193579,0.63295897579117266,-0.013118096427843763,0.53070353802358683,0.0017398994557589267,0.18921643851272571,0.093913542250276857,-0.011573586697455828,-0.012496571989472766
20230223,4917,4918,4917,0.99979666531110212,0.99662148433163045,-0.01681270450558232,0.014291695165198555,0.65975188122839135,0.63745377499743394,-0.015688615669253649,0.54484441732763877,0.0073253451265337926,0.16377200691676094,0.083304575079474391,-0.016063578439916768,-0.017559814099858566
20230224,4916,4917,4916,0.99979662395769775,0.99715658277362329,-0.018626357242871931,0.017275370304459626,0.67900732302685107,0.6488887981160304,-0.01903636254308344,0.57343368592351507,0.0050000695349349603,0.14834507817745377,0.09208586545256757,-0.017038277999208706,-0.020314551773099137
20230227,4916,4917,4916,0.99979662395769775,0.99770507869108738,-0.017568736989465643,0.016075187545599848,0.66415785191212373,0.65289758224222372,-0.017565549647064027,0.54841334418226195,0.0079219042387820363,0.11820460772176791,0.11352460625056245,-0.015597439371795981,-0.019498803177895822
20230228,4917,4918,4917,0.99979666531110212,0.99697580395609142,-0.008934553503220399,0.010369256718826098,0.65568436038234701,0.60653547382899464,-0.012891550442116975,0.55216595485051856,0.0007781646782924409,0.39086263739928012,0.047714769808463564,-0.0044875835244214991,-0.013432513576492791
20230301,4919,4920,4919,0.99979674796747964,0.99710108260040942,0.0060122721957321578,-0.0024868517096321113,0.55946330554990853,0.42192013937762241,-0.0051601259528280593,0.45700345598698922,0.001944868410393698,0.22549241423534716,0.052219502012183339,0.01612502902819574,-0.0053231348783628627
20230302,4921,4922,4921,0.99979683055668422,0.99690480999065156,-0.016468486395495606,0.014905377684852533,0.64560048770575085,0.6381867233837748,-0.015201160117820122,0.54338549075391185,0.0063427045603244286,0.18895409143454686,0.082034558000221219,-0.014559594417642227,-0.018476856612698909
20230303,4922,4923,4922,0.99979687182612231,0.99746441257163387,-0.0080186419063431845,0.0082239999837894588,0.61540024380333203,0.57842476858985148,-0.011211862049913021,0.50690776107273461,0.0084709260855540605,0.19371047810598307,0.06839847094403427,-0.0037236727206448623,-0.012640929580771803
20230306,4923,4924,4923,0.9997969130787977,0.99537477556062082,-0.01355006530645333,0.010484149306959187,0.64188502945358517,0.63549575665010638,-0.014773070492070115,0.51432053625837904,0.0044376617273375364,0.22112655257518568,0.079266090941885595,-0.012093922848514927,-0.015149013132203258
20230307,4924,4925,4924,0.99979695431472082,0.99639870032694255,-0.026797116353106984,0.025752971305892741,0.7252233956133225,0.72319081142577468,-0.026134866519929217,0.63545897644191718,0.012598446723736879,0.065861883062976218,0.13058227820611965,-0.022899654932887786,-0.030854411350240005
20230308,4924,4925,4924,0.99979695431472082,0.99475100873578892,-0.011961303937075979,0.014329739316119819,0.65393988627132416,0.62241778774219103,-0.014123004471006867,0.55178716490657997,0.0024849121773099971,0.30917972723717979,0.076516132826218386,-0.01013301515739962,-0.013953041290588455
20230309,4925,4926,4925,0.99979699553390178,0.99674854577548488,-0.0096724258279919425,0.0086839704897033014,0.61035532994923858,0.59288052873206143,-0.011174894172201697,0.48751269035532996,0.0038780394582274081,0.16458024378741759,0.11684994841520339,-0.0074102865622780976,-0.012103012468937191
20230310,4926,4927,4926,0.99979703673635067,0.99341497295457681,-0.024767368987849033,0.023730107835007983,0.70361347949654895,0.72141474926879134,-0.020147829694826026,0.59703613479496553,0.0033375807220402537,0.071013647889367301,0.11078794292187677,-0.024509962846311861,-0.025038170889214149
20230313,4930,4931,4930,0.99979720137903061,0.99676414222241172,-0.0057939450367210498,0.0069276186642431119,0.64523326572008111,0.52799878204448047,-0.014840144799194547,0.52880324543610546,0.0047729090122397297,0.23534374295874683,0.050050098702735787,0.0028526527030534022,-0.015341017457133741
20230314,4931,4932,4931,0.99979724249797242,0.99775232279072945,-0.018021780451471701,0.016017572257346877,0.71344554857026976,0.67706798725226824,-0.021925460664161157,0.60292030014195908,0.0077736616958439426,0.1302095113908677,0.091324427134782768,-0.013742158317784442,-0.022935786091318914
20230315,4932,4933,4932,0.99979728360024323,0.99817452679507346,-0.007351606429247059,0.0088830254423350151,0.58556366585563668,0.59042645413398531,-0.0075359125894783399,0.4795214922952149,0.0061604240425206444,0.2347747000910109,0.072879580940557506,-0.0085176631516967784,-0.0060607697889948501
20230316,4932,4933,4932,0.99979728360024323,0.99691978319918773,-0.025070801434241279,0.023817591834398806,0.70742092457420924,0.70701883062286563,-0.020965417616220304,0.58779399837794,0.0071162673472581067,0.10686547218102135,0.11488568839457422,-0.024408095145257099,-0.025842579276208231
20230317,4932,4933,4932,0.99979728360024323,0.99830398597344783,0.001574597268398679,0.0020945046939078145,0.54339010543390109,0.45841496196711334,-0.0041345601726453249,0.42802108678021089,0.0028665086750318501,0.20035917718627727,0.056400778189832558,0.0069221290114292056,-0.0051632881242713851
20230320,4932,4933,4932,0.99979728360024323,0.99864913520088638,-0.013935418752810501,0.013377759457361506,0.65936739659367394,0.64049006894451077,-0.013798064774219103,0.54075425790754261,0.0033943053082366535,0.19755562307196187,0.098129224221988415,-0.012812348119721899,-0.015329648926145767
20230321,4935,4936,4935,0.99979740680713125,0.99701066834899033,-0.00090955797012728229,0.0022608869012538872,0.55015197568389063,0.53136306990970816,-0.0039535043498424068,0.44417426545086119,-0.0035493819022385598,0.31542257385736749,0.053980902969670487,7.0240157869446348e-05,-0.002050827283156986
20230322,4934,4935,4934,0.99979736575481259,0.99780289592892335,-0.0039834486062440416,0.0054492159085953893,0.62991487636805832,0.52118674397274933,-0.011811945491752643,0.53526550466153222,-0.0011971962787407893,0.23092751384170232,0.066807859783636042,0.0027727430843149776,-0.012105586542084551
20230323,4936,4937,4936,0.99979744784281954,0.99770012541532704,-0.0024962905236711528,0.0031518050213622554,0.61871961102106965,0.51624173167387721,-0.01175675427909764,0.49716369529983795,0.0017596755917452522,0.23264466792876817,0.057355075440744731,0.0058918416432399813,-0.013714078462186951
20230324,4937,4938,4937,0.99979748886188735,0.99750597140792518,-0.0088466534568844048,0.0087143796476078297,0.62548106137330362,0.55931647409111163,-0.011828534815947754,0.51063398825197492,-0.0025202938813568901,0.1993187438367206,0.070246332700751077,-0.0054755625472295089,-0.013194936457142373
20230327,4939,4940,4939,0.99979757085020238,0.99740086742527068,-0.010419800664928433,0.0083139873797001985,0.62603765944523182,0.60158856280412298,-0.01166500010973477,0.49483701154079773,0.0015785412196729562,0.21422272701339451,0.082254736095446868,-0.008032885489716108,-0.013573844459568288
20230328,4940,4941,4940,0.99979761181946969,0.99757616984211861,-0.019504725752692006,0.01679950470299417,0.64311740890688263,0.67354820395718862,-0.014319371329741155,0.5253036437246964,0.0069380442469875667,0.13068341069472283,0.084980118907648255,-0.02171717860959247,-0.016699753051300122
20230329,4943,4944,4943,0.99979773462783172,0.99800855265732347,-0.012287284756031918,0.01252464753342779,0.64414323285454178,0.61366238845314647,-0.013939728446848428,0.53186324094679349,0.0068642049198082257,0.16874932212983837,0.079671514325758544,-0.0092883361425683264,-0.01621595765810678
20230330,4942,4943,4942,0.99979769370827432,0.99855762786715441,-0.013807089118554961,0.013692262714534885,0.64022662889518411,0.6261931039026486,-0.013409790520860578,0.53966005665722383,0.0062416264883120185,0.20707374660571826,0.057901485587735411,-0.011811065884140165,-0.016442348274730074
20230331,4942,4943,4942,0.99979769370827432,0.99886363405419609,-0.0018881486036377393,0.0049343110041763453,0.58356940509915012,0.52706131899357445,-0.0074227554852694718,0.45872116552003239,-0.0008350296285766657,0.28295528754609461,0.062100441038691438,0.0018151425973173981,-0.0068563235880818255
20230403,4943,4944,4943,0.99979773462783172,0.99894034653997565,0.0046599735187777963,-0.001780192261646923,0.57515678737608744,0.43346528279125734,-0.007261127531063092,0.45094072425652437,0.00041366860331385358,0.25852060704666879,0.050171022440635253,0.01283870854048876,-0.0069673903865321782
20230404,4948,4949,4948,0.99979793897757119,0.99804470061814876,-0.013277490207036941,0.011405633169682142,0.63257881972514152,0.60911565572291493,-0.013282463676919317,0.51758286176232826,0.011751387671705461,0.18046339515573231,0.085715835933758824,-0.010854675405706947,-0.016776024650144682
20230406,4947,4948,4947,0.99979789814066289,0.99836115065038133,-0.0083680794714329904,0.008477879246773087,0.62017384273296949,0.56090848374137847,-0.01332967985227557,0.49909035779260158,0.0072349850878496566,0.16773646870490558,0.06441799524499596,-0.00458510336713913,-0.013887814602722976
20230407,4946,4947,4946,0.9997978572872448,0.9985510098884669,-0.0050641113264856853,0.0061947871121253483,0.57561665992721389,0.55229810177415473,-0.0068749469193650674,0.45855236554791751,0.00079399170665853114,0.25538768373912396,0.05646859705886037,-0.0029810827360379263,-0.0078337692006032918
20230410,4956,4957,4956,0.99979826507968528,0.99896154573205609,-0.019378213461490029,0.0133531309792166,0.63196125907990319,0.67812467785525155,-0.014089146471633014,0.49959644874899112,0.006522563873640105,0.12201166592569058,0.09950099549929288,-0.020598319861200413,-0.017713404007279249
20230411,4957,4958,4957,0.99979830576845508,0.99906922166293421,-0.0083515192498247286,0.0084591776404130629,0.59753883397216057,0.59729791180414793,-0.0089827677516600788,0.47165624369578374,4.9965355517036722e-05,0.24733665989906217,0.085220934442305565,-0.0069241675421912834,-0.010400707001995853
20230412,4956,4957,4956,0.99979826507968528,0.99929741839877884,-0.0023809132369645197,0.0030894592106414541,0.58313155770782887,0.48353656132781847,-0.0078834858764765363,0.46852300242130751,-0.00040948697592837688,0.21668972134391087,0.059556125132961858,0.0023978689508488207,-0.0090386884246864765
20230413,4957,4958,4957,0.99979830576845508,0.99917169136556383,-0.020296918326297122,0.017298322620738667,0.63667540851321369,0.66741856345839667,-0.013154899588470619,0.52572120234012509,0.0074902566102915142,0.12410620795136222,0.092220024132802517,-0.023874087179753794,-0.015691415522520461
20230414,4955,4956,4955,0.99979822437449561,0.99928913530167507,-0.0043244478746329819,0.0068812039728993954,0.58668012108980827,0.55496462268798263,-0.0079091267159603924,0.4756811301715439,0.0033375288530490149,0.22734880129668766,0.065022845916857266,-0.00068739337901999335,-0.0091442482498307488
20230417,4957,4958,4957,0.99979830576845508,0.99915759853690189,-0.0071666180398638063,0.0067340621875728339,0.60399435142223123,0.55777720438545852,-0.010147701107218302,0.47972564050837202,0.01057405095388054,0.19853547459851029,0.068533205278797429,-0.0031300694476698505,-0.012104130302336924
20230418,4963,4964,4963,0.99979854955680902,0.99911621986708421,-0.010213829955999903,0.0094132248690533479,0.64940560145073545,0.58420599849246346,-0.015239982983577288,0.52669756195849282,0.0037994844826142763,0.17339588294842512,0.08809575844286989,-0.005176380440553489,-0.016986730397825174
20230419,4962,4963,4962,0.99979850896635103,0.99907053905613097,-0.014742841938299054,0.013948015527374026,0.65900846432889959,0.62826886081085243,-0.015709402596995766,0.55602579604997981,0.0007443023156048275,0.16180544237039443,0.085901476228442866,-0.011992707730738517,-0.018513372205078614
20230420,4965,4966,4965,0.99979863068868302,0.99897249269316613,-0.0081315036270557077,0.011327069114098675,0.68197381671701918,0.53971666867285051,-0.018673261105227362,0.58066465256797584,0.00086129933646424649,0.16614298509512224,0.055981223898345887,0.0011654052557358784,-0.021336423977617813
20230421,4964,4965,4964,0.99979859013091643,0.99880684774652129,-0.029157917368927175,0.026170445646410339,0.71696212731668008,0.75992278614203423,-0.02311693265161039,0.61583400483481066,0.0086896019041844894,0.073091485069830861,0.12819945891792475,-0.030480863222024278,-0.027436921751867849
20230424,4964,4965,4964,0.99979859013091643,0.99903142664181566,-0.013919839540883749,0.014662737203068068,0.65773569701853341,0.67436804436351139,-0.013912722081491601,0.53545527800161163,-0.00063223649686036665,0.19633038923501914,0.076524771152276072,-0.012484905700877437,-0.015863443192235434
20230425,4964,4965,4964,0.99979859013091643,0.99931759924911456,-0.023214100624489,0.021546389881627048,0.72582594681708301,0.7183526776451391,-0.021912514737391749,0.60636583400483479,0.004098468196656626,0.14961691086925441,0.078510415686425902,-0.021744665087514121,-0.02512544025206603
20230426,4956,4957,4956,0.99979826507968528,0.99844576733172707,-0.01133639181261841,0.011170476073925262,0.60149313962873285,0.59213580214398842,-0.0088447614644103743,0.49939467312348668,-0.00073671164006727623,0.20483662405301115,0.097287448745268762,-0.012920804716290287,-0.009070130850659516
20230427,4952,4953,4952,0.99979810216030685,0.99876876520785907,-0.013372581965653219,0.012811051979032113,0.59369951534733445,0.62334803235646041,-0.0089510765889280648,0.47778675282714056,0.0062136210845001481,0.18780283098697556,0.076571263259648234,-0.01702256528067821,-0.008400043391965057
20230428,4939,4940,4939,0.99979757085020238,0.99860458134882601,0.0047904273201092558,0.00096154837350559538,0.56185462644259976,0.44180733840534142,-0.0051417896288512262,0.47782952014577851,-0.0027178767094250839,0.25246812226223853,0.064402642338926064,0.010088427443559941,-0.0019973191508770344
20230504,4903,4904,4903,0.9997960848287113,0.99894544759219839,-0.0083307409727938677,0.0067343485121421761,0.62757495410972874,0.59737477506898606,-0.011503935636044564,0.50479298388741589,0.0034282497964340476,0.26214496437146523,0.076037385598819188,-0.0076531301315768026,-0.0091858749502149034
20230505,4943,4944,4943,0.99979773462783172,0.99838480748824399,-0.012435129519490837,0.0098619731904928069,0.65668622294153345,0.65023161586498202,-0.014684688916687397,0.54157394294962569,0.005775186722178788,0.17698751844268062,0.11325550629073577,-0.013114621626852747,-0.011521685185129631
20230508,4944,4945,4944,0.99979777553083926,0.99841514963344069,-0.0010714679635973063,0.0031909997374623229,0.60902103559870546,0.50213613480333152,-0.0099715808813911587,0.49898867313915857,0.0049845569957540064,0.231755858047649,0.064982557348116268,0.0032625983941620192,-0.0072851676207833565
20230509,4941,4942,4941,0.99979765277215704,0.99790156186147061,-0.012946527036814148,0.01305553845147977,0.66019024488969846,0.63074199410375631,-0.015313763706747151,0.55778182554138833,0.0049391978396570307,0.11425290720043037,0.11446569653620731,-0.011291209765574725,-0.015441887962850767
20230510,4943,4944,4943,0.99979773462783172,0.99862460756842197,-0.015352611697852752,0.013852277668267746,0.59255512846449521,0.64876358515582,-0.0082762865955950098,0.47541978555533077,-0.0028560938168638774,0.17331531353723226,0.058886280066985715,-0.02023634147330158,-0.0079813569954199793
20230511,4946,4947,4946,0.9997978572872448,0.9990773092441918,-0.010944170373550081,0.010471511673258287,0.60392236150424583,0.59408784064272413,-0.0093779885431908832,0.49716942984229678,-0.0031627832057940959,0.17494461775673631,0.08181787005158854,-0.012917666777287493,-0.0082353039903876376
20230512,4948,4949,4948,0.99979793897757119,0.99898990587758929,-0.021027183917799175,0.019716359856063282,0.63945028294260309,0.69976572386338232,-0.014465722423378888,0.53172999191592563,0.0021255300940581229,0.083196654590820387,0.10302030675730162,-0.023432925410903173,-0.017858404846448787
20230515,4948,4949,4948,0.99979793897757119,0.99928701366329487,-0.0085342583559227039,0.009735248994433527,0.63015359741309618,0.58763616816857411,-0.012685729710043725,0.51818916734033948,-0.00090562889154501697,0.30359858958420249,0.031856541413066194,-0.0055749855420440244,-0.012607389799626612
20230516,4953,4954,4953,0.99979814291481628,0.99934996816424626,-0.017259781621085771,0.013130328342470157,0.62447001817080561,0.65341209375999854,-0.011840357113558591,0.48495861094286291,0.004460344673767002,0.13925678526964089,0.11583159823017121,-0.020634196417212942,-0.012872633223789721
20230517,4956,4957,4956,0.99979826507968528,0.99909949024578026,-0.0065930400840769768,0.0099491870521927518,0.62530266343825669,0.58828239462756993,-0.010061827300266023,0.53470540758676355,-0.00057294452204502324,0.26222508650073378,0.063768072544701057,-0.0045195981153365247,-0.0091841157571454276
20230518,4958,4959,4958,0.99979834644081467,0.99919716569713768,-0.0036674250843816169,0.005429546126701437,0.63392496974586532,0.54571177710827246,-0.012799107147465787,0.53448971359419117,0.00075853914109925025,0.212431222564677,0.061363920350497696,0.0024260393769587698,-0.011693656535807015
20230519,4961,4962,4961,0.99979846835953246,0.99934195701936324,-0.011607561644341109,0.013341564033619522,0.65510985688369283,0.6242044862868209,-0.014221164663789537,0.57689981858496275,0.0036050650308072172,0.18136452367311945,0.086255930723777269,-0.0095963131263569722,-0.014182516584370416
20230522,4955,4963,4955,0.99838807173080801,0.99933422064630284,-0.010610525309171016,0.010931208064637732,0.63188698284561051,0.61001437784070289,-0.013011878830475979,0.53198789101917254,0.0050790932884925404,0.21248097566702631,0.072526276132734241,-0.0095926557754521767,-0.01173601640446034
20230523,4964,4965,4964,0.99979859013091643,0.99940705087327197,-0.018717878887064849,0.017949003998728848,0.65834004834810633,0.68548220921544567,-0.01620227115310053,0.56889605157131351,0.00097317479298763415,0.086260834632275504,0.12679993899833308,-0.019733190162470222,-0.017572672375625768
20230524,4966,4967,4966,0.99979867123011879,0.99957805740074979,-0.012492972399080881,0.014193683371285955,0.67418445428916629,0.63297529799959085,-0.015765459118214656,0.5835682641965364,-0.0012541191054617068,0.17746633946702522,0.091553777864177108,-0.010740934683629744,-0.014680387955919453
20230525,4966,4967,4966,0.99979867123011879,0.99949659605936758,-0.014452888385364491,0.015061464544128282,0.70076520338300441,0.6574627814665025,-0.018259261693861772,0.60149013290374542,0.0039606474065368418,0.20859991209573636,0.051828700632373111,-0.011409807103553608,-0.018205118331327388
20230526,4965,4966,4965,0.99979863068868302,0.99919288175727916,-0.0055663268838422779,0.0092416193639818407,0.61893252769385698,0.5428582243134501,-0.011471736468848904,0.53514602215508555,-0.00028422383766284372,0.21318485146135477,0.044025924605374626,-0.0010564739964901947,-0.011360460136531971
20230529,4961,4962,4961,0.99979846835953246,0.99936227047502058,-0.014686543851127306,0.012770098591471716,0.65309413424712759,0.63703483638246172,-0.01442254768158536,0.54424511187260638,0.005248438563562198,0.20214817625879108,0.077895241718980324,-0.014475930636200649,-0.01496329465302524
20230530,4963,4964,4963,0.99979854955680902,0.99933856359010598,-0.0061854505509710209,0.010289952783191499,0.65625629659480156,0.54226643821122678,-0.015580999522074309,0.57163006246222048,-0.0016327023352923041,0.24165000621912408,0.045505404045110408,-0.00012683927926789558,-0.014490966782409341
20230531,4965,4966,4965,0.99979863068868302,0.99953104228571921,-0.012426138742048419,0.011678213198340984,0.63403826787512585,0.6496053868028,-0.011776488158827805,0.52588116817724073,0.0013007404487040426,0.21294924043378252,0.080837681317456569,-0.013928472030439213,-0.010341141195480517
20230601,4966,4967,4966,0.99979867123011879,0.99941357588017055,-0.0040593910182829575,0.0079835927059941757,0.61055175191300848,0.54679239048170569,-0.0094975545347261228,0.5094643576318969,0.00068037336262977361,0.22208604885505051,0.073749605990701461,-0.00067849317232285527,-0.0084958664167350505
20230602,5167,4969,4968,0.99979875226403703,0.99956236908757212,-0.0038556002468882488,0.0062512314141230756,0.55736714975845414,0.55457390766365755,-0.0055097827205186131,0.45430756843800324,0.0012009468010224728,0.23098549889527087,0.054735921075640369,-0.0028300121082605592,-0.0051118798529739802
20230605,4968,4969,4968,0.99979875226403703,0.99961577394473,-0.012031656938130268,0.010694847023056047,0.61916264090177131,0.608709652768327,-0.01088270596292046,0.49255233494363931,0.0063362124871010773,0.25256269757508526,0.071764407323843288,-0.011999275063665524,-0.012070443996620335
20230606,4969,4970,4969,0.99979879275653927,0.99944176041211097,-0.022633750381189852,0.021226971152004344,0.66552626282954319,0.70536947551803908,-0.01687036846286542,0.54558261219561277,0.0093184097205408611,0.099472641285704502,0.13387793389147454,-0.023676207869857316,-0.021390969652133506
20230607,4969,4970,4969,0.99979879275653927,0.99962341245777619,-0.0074305912573801322,0.0093918793458631043,0.61561682431072651,0.58651649328663968,-0.01055260365957484,0.48983698933386999,0.00072720189927196616,0.23785456899126983,0.065554620202605843,-0.005626634519383238,-0.0097031043866154902
20230608,4970,4971,4970,0.99979883323274998,0.99958180580248168,-0.012291624882609832,0.01187255672325317,0.60623742454728369,0.61611586626116688,-0.0094971641765085445,0.47424547283702212,0.0042306655341145215,0.16160374586841844,0.08841536033504295,-0.013593039559605863,-0.010700423309808501
20230609,4974,4975,4974,0.99979899497487434,0.99963738103054078,0.0020705827461727855,0.00074547118867401591,0.57237635705669476,0.50922692406331027,-0.0058824992599816293,0.43325291515882591,9.2314904718221805e-05,0.2437934232136385,0.053642156176239429,0.0072185659511140917,-0.0046339874676385321
20230612,4976,4977,4976,0.99979907574844284,0.99964618077556255,-0.0069005671006924603,0.0074847288000197435,0.61535369774919613,0.56081533277648199,-0.009886126618460056,0.515072347266881,0.0018804232884289656,0.21338275668996232,0.093947548592325542,-0.0061740595407334875,-0.0077710012572799305
20230613,4976,4977,4976,0.99979907574844284,0.99953405251710936,-0.0038859966627246383,0.0063601579376381624,0.59163987138263663,0.52186033532407794,-0.0084106356802631961,0.48774115755627012,-0.0026299994627047366,0.23619234658681235,0.061187629614612965,0.00017846212649835636,-0.0093359220396580615
20230614,4974,4975,4974,0.99979899497487434,0.99965263855899777,-0.0093558669242964909,0.0092626208629826099,0.61419380780056287,0.58374236772363131,-0.010265861806544924,0.49919581825492559,0.003698933449382079,0.20381424311991436,0.055565121126630396,-0.0077144928093942199,-0.011594345050995191
20230615,4977,4978,4977,0.9997991161108879,0.99967022631254387,-0.0059254543016672694,0.0067678989297175335,0.57464335945348599,0.55101829838570338,-0.0071532945096163501,0.44926662648181637,0.00068137958412974216,0.21063782653264901,0.047450802951188989,-0.0049371695761827221,-0.0072562023293632257
20230616,4975,4976,4975,0.99979903536977488,0.99871146181569792,0.0023488647246080285,0.00035251814393373701,0.55738693467336686,0.46125989200361989,-0.0053271440247867757,0.4291457286432161,-0.0010366406296524119,0.26891837501926552,0.059726429274136558,0.0079481150802227073,-0.0050585220129962562
20230619,4981,4982,4981,0.99979927739863506,0.99937601561998568,-0.011916965151816729,0.010425841169358399,0.66552901023890787,0.61995161542147414,-0.015547776265668292,0.54085524994980927,0.00047616486667628397,0.25978117205911982,0.051030965120098595,-0.0079614133864075211,-0.017257617373445736
20230620,4983,4984,4983,0.9997993579454254,0.99924709222539365,-0.010317736169567486,0.010698284466198922,0.65121412803532008,0.60598235227072994,-0.014455693866740008,0.5380292996187036,0.0012368606309007719,0.19433238022529795,0.076527475030978467,-0.0071996982799854255,-0.014805318224550609
20230621,4987,4988,4987,0.99979951884522855,0.99942280283285956,-0.025697939878334946,0.023469491617597295,0.64126729496691393,0.72837554605103016,-0.014824171568717848,0.53659514738319636,0.0077888985816970506,0.054744782549346442,0.13002918725727708,-0.031428540265963881,-0.017991778292839634
20230626,4987,4988,4987,0.99979951884522855,0.99927927287555351,-0.022407910213374418,0.022896735746108947,0.67134549829556844,0.74299935568316222,-0.015790112547630509,0.56486865851213153,0.0059399979259630968,0.10101305742588378,0.11054900885344879,-0.02506643309939768,-0.019130692541521003
20230627,4989,4990,4989,0.99979959919839678,0.99934549634721703,-0.0022113593320260369,0.0038128742899897943,0.5955101222689918,0.55433653234701985,-0.0085882948446765663,0.49569051914211265,0.0028385159907080649,0.3226331613463112,0.055353573378012701,-0.00050072946955988338,-0.0041938095971407168
20230628,4995,4996,4995,0.99979983987189747,0.99926677121432139,-0.014554475629465612,0.013820778414590671,0.70270270270270274,0.69522280161799144,-0.017173439615494022,0.59699699699699704,0.005910528149361001,0.19024941190521724,0.069154746697463132,-0.01213641733525833,-0.017494959871264815
20230629,4996,4997,4996,0.99979987992795682,0.99827975393310642,-0.0076566800579760709,0.0084997317655297472,0.6339071257005604,0.58543574251061115,-0.011406301670381227,0.53742994395516408,-0.0010724747574817946,0.24809010744428292,0.065355720072073478,-0.0077635231540488505,-0.0075322299486742361
20230630,5000,5001,5000,0.99980003999200162,0.99844205566519362,-0.00058140033740001248,0.0047586856317924833,0.60519999999999996,0.52506654820401,-0.0084499243036062245,0.51639999999999997,-0.0022062684387298037,0.29743800069201654,0.055005676959560539,0.004573020083568767,-0.0062746712314049715
20230703,5000,5001,5000,0.99980003999200162,0.99903828721916732,-0.0034715817574870814,0.0045250929360906413,0.58999999999999997,0.54654207310444713,-0.0079706354588958694,0.50060000000000004,0.0073043073389581128,0.23134517652244058,0.075629477241561133,-0.0022665573233634764,-0.0048535876550483813
20230704,5001,5002,5001,0.99980007996801279,0.99933857096100276,-0.0072908187260646304,0.0080887049749164674,0.65326934613077381,0.58166555208205939,-0.013614801456427244,0.56388722255548895,0.00049201964180120052,0.26454806968525796,0.061684145537007171,-0.0052062765147771386,-0.0096794468263727024
20230705,5002,5003,5002,0.99980011992804318,0.99926601468240872,-0.016400069600931683,0.015126532613235046,0.66233506597361058,0.64848336256597783,-0.01550093082324918,0.56357457017193124,0.0052830611060625809,0.097374432427574598,0.11370432477553645,-0.01621360528114205,-0.016610965879822394
20230706,5000,5001,5000,0.99980003999200162,0.99922882014221037,-0.0079787008892164106,0.0096925594570450146,0.64959999999999996,0.58119409666433464,-0.013641186958886733,0.55400000000000005,-0.00057100349359881682,0.19556601567046422,0.10637242160938799,-0.0045147619126866476,-0.012139939135234604
20230707,5003,5004,5003,0.99980015987210236,0.99941890606694794,-0.014373191692982368,0.013907469550162425,0.6522086747951229,0.638187255997271,-0.01490592321804962,0.54167499500299821,0.0061368461572821643,0.10816769298840453,0.12234575053281659,-0.014497815396337554,-0.014227042464176505
20230710,5003,5004,5003,0.99980015987210236,0.99929953067321997,-0.0068210731685738654,0.0064413775722055935,0.60443733759744156,0.58590919429697752,-0.0097491821155943331,0.48191085348790724,0.0055705362543049452,0.18767816684299141,0.066239729169126377,-0.0055450153502711007,-0.0082652417932475315
20230711,5002,5003,5002,0.99980011992804318,0.99962616662637938,-0.0064927212522339654,0.0097677851834438445,0.65033986405437827,0.56253138023665405,-0.013838908624055072,0.56837265093962419,-0.00049704461410842154,0.29797373272887273,0.046314870413297855,-0.0021767514553562507,-0.011377157331482441
20230712,5004,5005,5004,0.99980019980019985,0.99966946964347903,-0.020292511871985275,0.017672916096402962,0.657673860911271,0.66079792022856454,-0.015332152055943946,0.54876099120703437,0.007790987462779184,0.086520410513882123,0.1109879898019885,-0.022597400835413728,-0.017549536271908975
20230713,5003,5004,5003,0.99980015987210236,0.99972853956339769,0.0011091041718046214,0.0045367339276609934,0.59724165500699578,0.5050680848018696,-0.0086610310212091486,0.51269238456925847,-0.001251005725937583,0.30115530492580728,0.033315699856326521,0.0079945892866955335,-0.0071599342230554966
20230714,5004,5005,5004,0.99980019980019985,0.99886028507144831,-0.006772019695174044,0.0075490807475032413,0.62190247801758591,0.57758147851029196,-0.010561729543390965,0.51758593125499597,0.0046755910577996572,0.19788791674669834,0.077342281145544367,-0.0023438877776411804,-0.012207444671682964
20230717,5007,5008,5007,0.99980031948881787,0.99929735568669775,-0.017371863447137401,0.016544554237307624,0.6734571599760335,0.65300936513852548,-0.017040592084486255,0.57080087876972241,0.003186368634977314,0.19074830903373127,0.082888819160817154,-0.017315307192635042,-0.017435857243210739
20230718,5007,5008,5007,0.99980031948881787,0.99888504880269202,-0.01431352024372891,0.013688946071747922,0.64190133812662276,0.63705988190401308,-0.01277388235665094,0.54024365887757142,0.0048375821133474599,0.16962162073480774,0.095978603719573771,-0.015573483531262481,-0.012926104160510838
20230719,5011,5012,5011,0.99980047885075818,0.9993649053744732,-0.013855202074903136,0.014670113478372673,0.64458191977649171,0.64569160943158843,-0.014043176608784029,0.53163041309119941,0.0027275712832662193,0.19062286370713757,0.084489169994285476,-0.012183383627180657,-0.015677307823956394
20230720,5013,5014,5013,0.99980055843637816,0.99944889543222548,-0.02031525273983753,0.021881103394400601,0.67364851386395375,0.67646821268435575,-0.017136170432448243,0.58148813085976458,0.0065812109083494968,0.080490450797294402,0.11467597783222394,-0.021911409990247467,-0.018550423257239417
20230721,5013,5014,5013,0.99980055843637816,0.99924397536160836,-0.015123609990314224,0.016717365008917309,0.62437662078595646,0.64026577989538047,-0.012008278462850209,0.52762816676640734,0.0043358885031249631,0.14809383552791944,0.078727189465547104,-0.017029874268350478,-0.013088321401314881
20230724,5014,5015,5014,0.99980059820538381,0.99951453969032267,-0.014406399689643549,0.014319415695794608,0.64798564020741922,0.64537809475491192,-0.01223344446333712,0.53649780614280018,0.0044203808191306867,0.21729407309191023,0.09148896385855311,-0.015343927854059712,-0.013396359319778547
20230725,5017,5018,5017,0.9998007174172977,0.99955095741075373,0.017051530153929326,-0.0086632771642351832,0.52601156069364163,0.37525731943864471,-0.0018872067295854012,0.4289415985648794,0.0010623521632038696,0.25785119848124616,0.038972400116780513,0.030601895597147506,0.00032710566813236276
20230726,5020,5021,5020,0.99980083648675566,0.99937006954248042,-0.018760499068626851,0.017207659468618724,0.65079681274900403,0.6847575247662987,-0.01429347902372843,0.54143426294820718,0.0092989093865940807,0.20397351549496051,0.076885243012247625,-0.020287882443942414,-0.01710658407445886
20230727,5020,5021,5020,0.99980083648675566,0.9950075098832899,-0.015595582009098906,0.014855776748953527,0.64143426294820716,0.64080807993516575,-0.013535677869026975,0.52071713147410359,0.0065924060792940178,0.13516426131520895,0.11781789363002711,-0.015179948751955889,-0.016032237375425935
20230728,5022,5023,5022,0.99980091578737806,0.99507304314407685,0.0063744042447630694,0.0026923558220967301,0.63102349661489443,0.46630166051944999,-0.010952177311732999,0.53882915173237755,0.0057324375342171184,0.24584441855777031,0.033831779043388369,0.019427505103000405,-0.010171911457468968
20230731,5022,5023,5022,0.99980091578737806,0.99702173800561544,-0.0040613977515195302,0.005295200938522468,0.58363201911589013,0.54227320010672642,-0.0064038470438773374,0.46057347670250898,-0.0016501374962032585,0.29844164410896323,0.060583782356148877,-0.0026787437361951343,-0.0057887119257010299
20230801,5023,5024,5023,0.9998009554140127,0.99746291792959929,-0.014315427544797628,0.014619121000649217,0.64881544893489951,0.64791433978731361,-0.013803401392666809,0.54688433207246667,0.0033916306009074883,0.17756322068977301,0.08255929597205991,-0.012764999984326439,-0.016150175542186625
20230802,5023,5024,5023,0.9998009554140127,0.99771691468746093,-0.014986651241493079,0.013554945276244817,0.64125024885526583,0.63281631561186824,-0.013928637229011852,0.53414294246466254,-0.00074215014074467678,0.17698879431386222,0.085180434313287215,-0.015081424324319831,-0.014873835660405114
20230803,5026,5027,5026,0.99980107419932363,0.99855923448243078,-0.0048553615971798419,0.0052248523771751803,0.62674094707520889,0.56325964834873299,-0.011047751839774992,0.49781138081973736,0.004661537977799949,0.24464101961475479,0.070066123092134808,0.0022724092741997931,-0.013991351121961194
20230804,5027,5028,5027,0.99980111376292757,0.99884924362912519,-0.0024176176490297674,0.0049627460958640715,0.60751939526556598,0.51950615585922244,-0.01008546229281361,0.50626616272130498,-0.00081322318912161731,0.22280309967198908,0.067905000038663108,0.0036937397889146182,-0.011455082488774243
20230807,5028,5029,5028,0.99980115331079733,0.99893964185318762,-0.019179210472549606,0.018996831312154534,0.67800318217979316,0.69288054662213372,-0.017347322271488608,0.55708035003977729,0.0028617650391522288,0.19210878988517949,0.075306050712232828,-0.017908068149520062,-0.020817723835968194
20230808,5029,5030,5029,0.99980119284294233,0.99920733955975083,-0.016383283344780276,0.015092454103528087,0.63790017896202034,0.66674785903546552,-0.011889857162118654,0.5088486776695168,0.002022264256352253,0.14293763950274624,0.082957307894542212,-0.018457521591028883,-0.013782623797747705
20230809,5032,5033,5032,0.99980131134512218,0.99882845403113252,-0.022942522381295499,0.022582652714439447,0.65282193958664547,0.7096203683033252,-0.015200824622619956,0.52762321144674085,0.0041240564224404551,0.14805355652477215,0.08835817822809218,-0.027114512375289793,-0.017974030354137506
20230810,5034,5035,5034,0.99980139026812309,0.99898087322516116,-0.011436633328701635,0.012367340070270353,0.62117600317838695,0.60804626544511176,-0.010839245040707254,0.49781485895907829,0.0056018314676129968,0.25264229279016731,0.056221640669520401,-0.0099485280070976592,-0.013344777422468833
20230811,5035,5036,5035,0.99980142970611596,0.99940307717025301,-0.02640382238706741,0.023956115142535001,0.67388282025819268,0.74130955962209477,-0.016752085271609655,0.5515392254220457,0.0024943482981205044,0.061896925443226017,0.14700033554684883,-0.028996527900859458,-0.023358997081286664
20230814,5034,5035,5034,0.99980139026812309,0.99923136115999689,-0.012842293795714124,0.013832248948141676,0.6911005164878824,0.65884032826436045,-0.0154794212157741,0.57926102502979737,0.0012688463932591845,0.25347999728490073,0.067698923814624681,-0.0097716550586920397,-0.016483838800197846
20230815,5036,5037,5036,0.99980146912844947,0.99937919008850318,-0.012742924061603964,0.012533110278054344,0.65667196187450361,0.62479014752471562,-0.014180660826732675,0.53038125496425736,0.0054363536473344912,0.13756413684649443,0.11845253259513666,-0.0090646550388862723,-0.017144828093638029
20230816,5038,5039,5038,0.99980154792617582,0.99897951551055897,-0.015654220552057372,0.016997053771091005,0.66871774513695914,0.66165794159570401,-0.015466483703310215,0.55279872965462484,0.0072737147905601977,0.10580926522191877,0.11684917285179258,-0.012938946810017131,-0.019082468838819307
20230817,5039,5040,5039,0.9998015873015873,0.99881721139793334,-0.0047432777499254175,0.0088040423397394291,0.62433022425084339,0.56983817183460217,-0.010114822424126804,0.52748561222464774,-0.00061243880310366677,0.29910389626313644,0.053061398723394888,-0.00098534391940259991,-0.0090876269555068782
20230818,5041,5042,5041,0.99980166600555331,0.99925945508879965,-0.018787584764161848,0.018545452754384534,0.64808569728228527,0.67724712238161833,-0.012612688804063386,0.53620313429875022,0.009857209154311453,0.093430148792983919,0.15652935528599182,-0.02144559841277947,-0.015936728748022409
20230821,5041,5042,5041,0.99980166600555331,0.99943924127136685,-0.015497159583941473,0.014704979238208609,0.63737353699662769,0.67580847403800692,-0.011144981310087038,0.49494147986510612,0.0010347933261666518,0.15429863213812994,0.14907111223667585,-0.017662814121329126,-0.013118820186103417
20230822,5042,5043,5042,0.99980170533412649,0.99950108537488935,-0.0053159847824556889,0.0079085932054674731,0.6420071400238001,0.57107139417232222,-0.012291723566836617,0.52340341134470447,0.0036388858966052463,0.27095708621841003,0.045452455078887587,0.0024475974735956186,-0.014085155399815122
20230823,5045,5046,5045,0.99980182322631783,0.99825187377182067,-0.02001256979669358,0.018298169098421305,0.65847373637264617,0.70814955458501427,-0.013298157666312309,0.5292368681863231,0.0057325992917456412,0.093659808726167595,0.15523013246601794,-0.023721112871814613,-0.01565722309776282
20230824,5045,5046,5045,0.99980182322631783,0.99901696383296157,-0.00539896638792043,0.010067055428141788,0.64122893954410309,0.55613576716875535,-0.01120222379046624,0.53498513379583745,-0.00074508969574289211,0.18883258575247325,0.073204680784739892,-0.00060647093873894521,-0.011270947240712261
20230825,5046,5047,5046,0.99980186249256986,0.99928185821228455,-0.021501416728641524,0.021902074084378911,0.68767340467697191,0.72059766231384825,-0.016531301557490476,0.57273087594133965,0.0082586126551060096,0.11742972302265524,0.11891906624214504,-0.022466387538698156,-0.020473995998903018
20230828,5047,5048,5047,0.99980190174326466,0.99946754244087577,-0.007986376896166528,0.0082323333102321226,0.65959976223499106,0.60618428355862564,-0.012075823452889047,0.55280364573013674,0.005563412933284646,0.41909226544183392,0.075027497731857046,-0.004600626373505199,-0.011923763348822111
20230829,5046,5047,5046,0.99980186249256986,0.99908132798850557,0.0015744850640860661,0.0053092855523481277,0.56658739595719376,0.50147759139248305,-0.0053573570332275571,0.50019817677368217,-0.0074490135348563953,0.3687092209406222,0.043330257892512859,0.0035420644543854439,-0.00047558913601799521
20230830,5048,5049,5048,0.99980194097841157,0.99957108072979173,-0.010903847912110265,0.011642838590494845,0.67630744849445323,0.61721603524089474,-0.014223720520345793,0.58478605388272586,0.00032383286830986804,0.303441461669124,0.073799243284445259,-0.0099541527814900888,-0.01190434142522895
20230831,5048,5049,5048,0.99980194097841157,0.99957192138092399,-0.015292341302402333,0.015308875088040913,0.66422345483359746,0.67228794275661141,-0.01347357788558666,0.56755150554675116,0.0051522028781424648,0.182423302407622,0.10593089319442726,-0.017474993526033242,-0.012989082327799578
20230901,5047,5049,5047,0.99960388195682315,0.99932045163476979,-0.0060170498308440715,0.0089517370624687276,0.58232613433723002,0.55637238188698723,-0.0075029692265805989,0.48920150584505645,0.0031990848406884356,0.17963725201149755,0.082686504388180482,-0.0056139066342154337,-0.0064458746112736999
20230904,5046,5048,5046,0.99960380348652933,0.99953172254895106,0.0091394433088806248,-0.0045269495640681617,0.51367419738406661,0.40877953089829322,-0.0012009967741698545,0.41260404280618312,0.00013381123469494854,0.26329305635104211,0.062473287628335941,0.016658145720895749,0.0012252141617982927
20230905,5050,5051,5050,0.99980201940209856,0.9996293749320172,-0.014539358999025436,0.013757844182399359,0.65643564356435646,0.63795169031040522,-0.013958324805461136,0.55108910891089113,0.0032833951612780774,0.12476747242989251,0.12179958526841275,-0.014663560993633185,-0.014404863913149341
20230906,5051,5052,5051,0.99980205859065718,0.99947617728933147,-0.0046817981644175022,0.0074665030251742292,0.61651158186497723,0.53720105614570568,-0.010635362347196583,0.5206889724806969,0.00199555970795644,0.18737350380900711,0.074239026889753534,-0.001247084232442369,-0.0083995238479599044
20230907,5051,5052,5051,0.99980205859065718,0.9994849412459087,-0.023881909028465036,0.02132909796993027,0.69748564640665212,0.73502451609681452,-0.019702205027013513,0.58919025935458325,0.0059235462263824458,0.083754021024975603,0.1319137077006341,-0.025978173102466154,-0.021631526723542325
20230908,5052,5053,5052,0.99980209776370477,0.99942182581029171,-0.0061715468565665911,0.0092660829475886778,0.60807600950118768,0.58403025112234219,-0.010616704462331178,0.51128266033254155,0.003664832918348892,0.20908128980337801,0.074961540146120567,-0.0044240466278059627,-0.0081563570476861063
20230911,5053,5054,5053,0.99980213692125053,0.99955975561424859,0.0017941511548013368,6.9643131307673065e-05,0.53730457154165845,0.47347614628146384,-0.0026165936089700983,0.43993667128438552,0.00052133642497281135,0.25148991388953229,0.071749555746071086,0.0038790026901538298,-0.00049596241814727101
20230912,5054,5055,5054,0.99980217606330368,0.99958547369180595,-0.010591578905334088,0.011179840493710571,0.61080332409972304,0.60626250790365788,-0.010026858976069256,0.51226751088246936,-0.00076277095173239197,0.1917569734400853,0.093863936026481729,-0.010074858917135414,-0.011185835079918743
20230913,5054,5055,5054,0.99980217606330368,0.99955391887037781,-0.022116473275524719,0.021156734638152867,0.69707162643450737,0.70469687854599528,-0.018623894992210593,0.57578155916106055,0.0087758448638095045,0.11505243746011806,0.11233666635650696,-0.023761021742624535,-0.020397469348946706
20230914,5055,5056,5055,0.99980221518987344,0.99963822021478155,-0.012029573556040075,0.014874784913204561,0.65756676557863503,0.63651184333557498,-0.014252750243338405,0.55944609297725023,0.0054766871031262715,0.13159472277037651,0.10274622694586977,-0.0089661827463515687,-0.015550434324597516
20230915,5055,5056,5055,0.99980221518987344,0.99972233860324311,-0.0087127568108364244,0.010160753170393886,0.60771513353115725,0.60886029102529438,-0.0087002016534194447,0.49337289812067259,0.0062808405168588979,0.17765884019319947,0.090861834815579801,-0.0087684723489853001,-0.0086503368492666464
20230918,5055,5056,5055,0.99980221518987344,0.9997406004399364,-0.0070351229456761784,0.010808317091807218,0.62551928783382793,0.58190066531224227,-0.0097652295841216905,0.5181008902077151,0.0022792612904139389,0.2671127144636728,0.077836358467232705,-0.0061270728876867374,-0.0079908153268838048
20230919,5055,5056,5055,0.99980221518987344,0.99955040419587615,-0.015880732160368855,0.015504148764521896,0.62908011869436198,0.66472933230081432,-0.011960742780484363,0.5119683481701286,0.0061246588061968348,0.13828580381194888,0.13013521774577683,-0.016221804669566811,-0.015519056064656514
20230920,5057,5058,5057,0.99980229339659943,0.99973507433075293,-0.011621388272260514,0.014947557994780081,0.65058334981214161,0.64472831912255657,-0.012109122241183361,0.54182321534506628,0.0018415097537312405,0.12545682077818368,0.14199197439263303,-0.0079865955033117195,-0.015597498020059844
20230921,5058,5059,5058,0.99980233247677408,0.99971181098783846,-0.012037879711639349,0.013395325450565328,0.66073546856465004,0.62044678002199294,-0.012656535683869893,0.54072756030051405,0.00079799967620414018,0.11772029189017863,0.14182722448236423,-0.0089710432097081308,-0.015535515316306214
20230922,5059,5060,5059,0.99980237154150198,0.99966195025901372,0.010555736910640209,-0.0040361537201830935,0.54319035382486658,0.39512544846171865,-0.0037198417008324183,0.45265862818738883,-0.0039649994882931692,0.26647738215294903,0.034357204163228142,0.019370003455702816,-0.00063958692785045851
20230925,5060,5061,5060,0.99980241059079233,0.99966988986270744,-0.014195783795343872,0.011784343616418915,0.63438735177865613,0.64313816177397343,-0.011451155702775471,0.50217391304347825,0.0037481059344684781,0.21787008776541567,0.11833695304475177,-0.013984639867606848,-0.014451886161160679
20230926,5060,5061,5060,0.99980241059079233,0.99958738635829847,-0.0093944961702047153,0.0107053224208076,0.61462450592885376,0.58883852182217211,-0.0096651786167948409,0.49249011857707509,0.003208339926437139,0.1508557190744734,0.11046144101759227,-0.0073744893967184312,-0.012058208741478433
20230927,5060,5061,5060,0.99980241059079233,0.99966882298438697,-0.0034948564554320412,0.0076721435882116176,0.5853754940711462,0.54402999902363081,-0.0071979975508994765,0.48636363636363639,0.0010833383079276804,0.20038880646123172,0.08933542600772508,-7.4940681380480776e-05,-0.007503397981176497
20230928,5059,5060,5059,0.99980237154150198,0.99965467358786264,-0.0037422081220784931,0.005971933636901754,0.59320023720102788,0.5575647673597357,-0.0085026915758274705,0.4783554062067602,0.0020586078210866237,0.29771377998391257,0.083887045786762066,-0.0011386652271661172,-0.0067407827210508664
20231009,5059,5060,5059,0.99980237154150198,0.99961609497326642,-0.0047851057226926865,0.0036567079639524239,0.5576200830203597,0.56232665743127608,-0.0051717496491896974,0.41747380905317255,-0.0020118284334017401,0.20532364578204371,0.13509069522540409,-0.0020886121600660144,-0.0078012911367144845
20231010,5062,5063,5062,0.99980248864309695,0.9990043651153504,-0.0097471922565146533,0.0096136073995703262,0.61141841169498223,0.60963829215178766,-0.0099783223248621836,0.48261556696957725,-0.0013712219150549404,0.2032894958208584,0.11655560417145193,-0.0086262332738851755,-0.011094530847024272
20231011,5061,5062,5061,0.99980244962465425,0.99901330139551237,-0.0031509672104420984,0.0045050155613657215,0.57794902193242437,0.53831744843771356,-0.0065368755371755247,0.45109662122110256,0.0010468670342720574,0.19937167165917691,0.086448534003680161,-0.0013301547755659364,-0.005343904360169756
20231012,5062,5063,5062,0.99980248864309695,0.99829207965361022,-0.002807065798063558,0.0045494429865315014,0.57724219676017385,0.53651122293541287,-0.0066807421025671535,0.46621888581588306,0.002748877060202287,0.25498416289526471,0.067482277639588487,0.00042115986487854394,-0.00694931477567764
20231013,5062,5063,5062,0.99980248864309695,0.9991235020168675,-0.014301485037080196,0.013957130035248531,0.64342157250098775,0.62678038387422619,-0.014269692390867074,0.52607664954563416,0.00384993320521251,0.16500844678857121,0.085760366572594782,-0.011578080477227136,-0.01775415904571161
20231016,5063,5064,5063,0.99980252764612954,0.99928618274179926,-0.018340668561125574,0.016397860034453191,0.67331621568240174,0.67822835067467824,-0.016337432185012289,0.54947659490420697,0.011384610647059066,0.15756516345317251,0.10015373206525569,-0.018622487611455258,-0.018002938304332864
20231017,5065,5066,5065,0.99980260560600076,0.99941457577569381,-0.0093655439629874004,0.0091187705478678899,0.60375123395853902,0.60099671524750964,-0.0089050140190077252,0.47739387956564661,0.0056179845578012075,0.20576110584982807,0.079639263915384353,-0.008659887900476157,-0.010249061249950566
20231018,5064,5065,5064,0.9998025666337611,0.99941549784797368,-0.015901330047547502,0.016021557908660666,0.70221169036334918,0.6679288979323833,-0.019773712373881546,0.59202211690363349,0.0095497116131594093,0.12220624953263967,0.10684070343995278,-0.011543714140081537,-0.021682413332747855
20231019,5066,5067,5066,0.99980264456285772,0.99962092167912142,-0.017113954204691782,0.016408553373727694,0.6616660086853533,0.69364662171302682,-0.013202976595333017,0.54303197789182789,0.0051354681651931341,0.10886800303993015,0.13322004197786147,-0.019352832481715772,-0.013939103355374446
20231020,5067,5068,5067,0.99980268350434098,0.99963402010332725,-0.0083997288729144807,0.0087585159587547871,0.60292086046970594,0.59033551329777556,-0.0080526421884891189,0.43181369646733769,0.0061650753249741785,0.093508514928713718,0.17164343862498224,-0.005655723794688235,-0.011995552662584107
20231023,5068,5069,5068,0.99980272243045964,0.99813747232109351,-0.020021002208678959,0.018174148272628917,0.72040252565114449,0.72515677819713475,-0.02038323794175376,0.59056827150749802,0.0047851800264570119,0.12627667558362032,0.11649097266994819,-0.017258757406666245,-0.023253153650180908
20231024,5067,5068,5067,0.99980268350434098,0.99910347591034787,-0.0039987983956204006,0.0059381192116481473,0.60686796921255182,0.55668508593741273,-0.007606575116631431,0.52259719755279255,0.0010356635518756494,0.3375922218877741,0.065199649673717372,-0.0060341324558992274,-0.0014686579688398885
20231025,5069,5070,5069,0.99980276134122292,0.99930919190154599,-0.0015582575969413739,0.0029432765982260723,0.56737028999802719,0.52675001945078859,-0.0053925476054912363,0.46340501085026631,0.0027232511753659729,0.29540653654993265,0.084592899964554796,-0.0012593854043950114,-0.0019293156351883956
20231026,5069,5070,5069,0.99980276134122292,0.99947131950886825,-0.0097187053151191003,0.010616676331864874,0.64667587295324525,0.60997357837015276,-0.01220177235103039,0.54054054054054057,-0.0022585667466398854,0.27115154636265043,0.071293182848085584,-0.0095521914747620576,-0.0099305249734015066
20231027,5069,5070,5069,0.99980276134122292,0.99950753578110274,0.00091906430107470947,0.003099776934954153,0.56243835075951865,0.49622002504448004,-0.0052661855699032371,0.48727559676464788,-0.0027997094513066093,0.23861494124749238,0.06870015101964301,0.0034549017538658792,-0.0018246479436207302
20231030,5068,5069,5068,0.99980272243045964,0.99963146617079446,-0.0005431199128901374,0.0024680735245335111,0.58307024467245461,0.51797890431550009,-0.0068595647287308555,0.48914759273875297,-0.0044601102075147942,0.31272400797173949,0.07551840476788424,0.00377519976159417,-0.0050792996938794346
20231031,5071,5072,5071,0.99980283911671919,0.99965367756260981,-0.017361557901853088,0.016055662868922221,0.68467757838690591,0.69347823757373117,-0.015874064576398401,0.58272530072963913,0.0058387479195680936,0.20453480284567438,0.10154564596228684,-0.019316589443914518,-0.015227708966330879
20231101,5073,5074,5073,0.99980291683090261,0.99959556850598119,-0.0076627304953455428,0.0087414543972541871,0.64123792627636511,0.56160920601039344,-0.01240749650726604,0.54583086930810176,0.0067027663014606036,0.16928269100293822,0.11434226643393647,-0.0050583523758649974,-0.010556413325689094
20231102,5072,5073,5072,0.99980287798147049,0.99935461653433444,-0.015509527934964407,0.016054501072525734,0.68493690851735012,0.65898072410809616,-0.016854242190097887,0.59128548895899058,0.0030709064842716211,0.10958779156390275,0.13506522895836157,-0.013436236109797692,-0.017844175103126716
20231103,5074,5075,5074,0.99980295566502464,0.99966075943325705,0.0031373604295987681,0.0027655795112582187,0.61076074103271583,0.47546973875816229,-0.0083927416441898911,0.52601497832085142,-0.0017956465611632935,0.28532147621734422,0.056361180220139688,0.010198495025827406,-0.0043104058031926788
20231106,5068,5069,5068,0.99980272243045964,0.99965035265981261,0.0049187128192026671,-0.0014057937440752812,0.55820836621941594,0.44133511333897646,-0.0047081840842268753,0.46665351223362272,-0.0019603722117234939,0.36138338074918092,0.036547414484636054,0.0098007854028288131,-0.00043749440156862159
20231107,5070,5072,5070,0.99960567823343849,0.99957757799161917,-0.0083493816605028671,0.0083327539532057834,0.64043392504930963,0.60712752916699941,-0.011752085539712312,0.53806706114398417,0.0019470968084185393,0.30597853788257012,0.063473583009668252,-0.0075200868381121626,-0.0093294350372537353
20231108,5073,5074,5073,0.99980291683090261,0.99968169668063234,-0.0089708349753075626,0.010051480097062082,0.64872856298048487,0.59389548570431083,-0.013079348853356985,0.55489848216045734,0.0011825640788323006,0.23931159197722068,0.076782641934954488,-0.0056596410109528384,-0.012913729226294376
20231109,5072,5073,5072,0.99980287798147049,0.99967796957104949,-0.016710968373539643,0.015126068476426073,0.65003943217665616,0.65713725144671831,-0.013882308341793534,0.54652996845425872,0.0048699330513154188,0.12984740386861324,0.079544685169342516,-0.018075644515153963,-0.015023680201744915
20231110,5072,5073,5072,0.99980287798147049,0.99947302506842761,-0.015994114995949032,0.014619214974626977,0.66206624605678233,0.65251320618952413,-0.014105720383723621,0.56466876971608837,0.0012720493847257746,0.14134952045686497,0.072598914592421238,-0.018230287058854332,-0.013275979158976242
20231113,5074,5075,5074,0.99980295566502464,0.99947572845118959,-0.0052643286615030437,0.0046461988957698253,0.59282617264485615,0.55073822642709525,-0.0075249216852705889,0.48088293259755616,-0.00057002763916411472,0.2986731320070104,0.055265964764219223,-0.0049837509328437141,-0.0055664220938370038
20231114,5074,5075,5074,0.99980295566502464,0.99958980081295934,-0.0049693654188567452,0.0055271016248039963,0.61292865589278678,0.55202959150813902,-0.0093262396002994959,0.49369333858888453,0.0026977129892118944,0.29497441789645834,0.050183181205343728,-0.0011156675993395184,-0.0093115227842795172
20231115,5073,5074,5073,0.99980291683090261,0.99960251855805926,-0.0072516483619101801,0.0075086508792324451,0.61028976936723833,0.58828690598486111,-0.0098028725663251437,0.51567120047309289,0.0034812146561222024,0.2635690197478584,0.049095005579799622,-0.0078681435701314847,-0.0065698934863085241
20231116,5072,5073,5072,0.99980287798147049,0.99963380399370094,-0.017843538934309788,0.016335811751084901,0.66600946372239744,0.66177015221648749,-0.015488684727585921,0.56131703470031546,0.005922524640408067,0.10196595466561964,0.10910090989288673,-0.019930374645874948,-0.015534098640392307
20231117,5073,5074,5073,0.99980291683090261,0.9996098348337833,-0.0059699674362542962,0.00592041086050288,0.6181746501084171,0.56063403970325842,-0.010296058245806003,0.52099349497338854,-0.0021566568783643464,0.25580291661730042,0.054792021151022378,-0.0052663354105061721,-0.0067414354014053834
20231120,5075,5076,5075,0.99980299448384558,0.99966943340755021,-0.0045772849551470197,0.0047068376868571772,0.61438423645320195,0.5606625753746397,-0.0096141072509262331,0.51684729064039414,0.0010592852627179399,0.28835320326129249,0.046337264515321115,-0.0032545954616368124,-0.0058695650881900128
20231121,5077,5078,5077,0.99980307207562036,0.99964549047712048,-0.014923159496931631,0.015074769122760682,0.63758124876895805,0.6298279175357222,-0.013043412709082196,0.54126452629505617,0.0063108894034597223,0.12351617920433075,0.088668843455496221,-0.015623575352206279,-0.014221348720599228
20231122,5076,5077,5076,0.99980303328737441,0.99976074379374824,-0.022233684409490646,0.021217947211182146,0.68676122931442085,0.69439344295281114,-0.018670891597064743,0.59830575256107166,0.0095933600685297882,0.085668907503238939,0.10127080945796772,-0.023916177764781246,-0.020474704794247695
20231123,5077,5078,5077,0.99980307207562036,0.99976412152549821,-0.0070138287731125086,0.0090327814776215171,0.63502068150482571,0.59294845922975903,-0.011040845175210178,0.53771912546779599,-0.0010096767586370839,0.3215262662368818,0.027053905213923014,-0.006229180376408649,-0.0078381673280496274
20231124,5077,5078,5077,0.99980307207562036,0.99956994730870574,-0.022442892477272679,0.01966565284580014,0.69489856214299783,0.683210592448938,-0.01889420958568851,0.59090013787669882,0.0087853878646324355,0.10392953082239738,0.10299760339276597,-0.023659491582519312,-0.021226584813343052
20231127,5079,5080,5079,0.99980314960629924,0.99959600347467314,-0.013707844828029839,0.013358397003791243,0.65839732230754089,0.63649457891161088,-0.013367724524909962,0.54715495176215789,0.0010577721883767398,0.19010601732684193,0.078570812339765025,-0.014500017019089909,-0.012917531745300999
20231128,5079,5080,5079,0.99980314960629924,0.99971192492745664,-0.012918353950806588,0.011386674582781153,0.64323685764914351,0.65080164995980871,-0.01174050033573802,0.53908249655443985,0.00073423838337596629,0.34828696827598654,0.047947515269602663,-0.015928330510650048,-0.0099725649967126618
20231129,5081,5082,5081,0.99980322707595437,0.99974133106531637,-0.015699475315755225,0.015618817513877073,0.68372367644164533,0.66321943529810634,-0.015593147779845577,0.57547726825428069,0.0016934843316839514,0.12030607400090344,0.10541593465206844,-0.014853414299941407,-0.016558761403227651
20231130,5080,5081,5080,0.99980318834875026,0.99954865903287171,-0.016283544053492412,0.015182922415726293,0.68582677165354333,0.67099735658198667,-0.016277849166580559,0.57263779527559056,0.0063059778865774234,0.18707455291824779,0.080248261214186004,-0.014547673708732565,-0.018006698999320794
20231201,5081,5082,5081,0.99980322707595437,0.99963758041398809,0.00035233362083090484,0.0021734535005649069,0.58964770714426296,0.54205868755589603,-0.0067133812056252521,0.47136390474316081,-0.003117957750339676,0.23515037942221514,0.070775142606696234,0.0057423668117503263,-0.0054544602250097092
20231204,5080,5081,5080,0.99980318834875026,0.99979318838163234,-0.010114473088876695,0.0079611783962145154,0.60964566929133857,0.63734036700570595,-0.0092511042096996114,0.47047244094488189,0.0032901668672697055,0.22385049622854369,0.091532833442339465,-0.011242238585123736,-0.0089255429558867845
20231205,5081,5082,5081,0.99980322707595437,0.99975491899360824,-0.022944024134998749,0.020928560469150512,0.71167093091911038,0.72474548744874789,-0.021299530140782546,0.60736075575674076,0.0077423754262710177,0.06805967073189971,0.14193935780263145,-0.021878146889926384,-0.024058588742601757
20231206,5082,5083,5082,0.99980326578792056,0.99960668020515586,-0.004162341991635737,0.0066999801268433582,0.61767020857929944,0.55146481735739339,-0.0098960263852573612,0.5167256985438804,-0.0012434199470454099,0.22984284317305836,0.080442522065269959,0.00082335651250137979,-0.0096329871551637282
20231207,5080,5081,5080,0.99980318834875026,0.99937694277081335,-0.0073432385391923568,0.0079878894407958822,0.63897637795275586,0.5787247630328598,-0.010513466983013307,0.51692913385826766,0.0025994092890525219,0.15787402809351436,0.091406579672035582,-0.0030402644685845743,-0.01207745996990941
20231208,5083,5084,5083,0.99980330448465771,0.99911461195497608,-0.0049737219820009419,0.0072476012084060461,0.60869565217391308,0.55127729145954418,-0.010197514458272876,0.47137517214243557,0.0036086444708627353,0.14978767782584648,0.12053881385212784,0.0011073600025704499,-0.011636782063058602
20231211,5083,5084,5083,0.99980330448465771,0.99959739517168611,-0.0066533880795647815,0.0081728546472136961,0.62305724965571518,0.58060190388011179,-0.0082069874405025049,0.49360613810741688,0.00029475214211694203,0.3856834526331317,0.057584391517447341,-0.0048414164764110142,-0.0084967977076861115
20231212,5083,5084,5083,0.99980330448465771,0.9996663774099469,-0.0085813917846277385,0.0076253582647514634,0.59118630729883925,0.59230625022679562,-0.0064686267814060821,0.46724375368876647,0.0037310199637736081,0.24836953860723304,0.086742458857997862,-0.0098246043359685349,-0.0071991016576398942
20231213,5085,5086,5085,0.9998033818324813,0.99970609130010268,-0.016381972710121536,0.015570282121903036,0.65073746312684366,0.66053306228911479,-0.013051093526176782,0.54060963618485747,0.0070491961186058827,0.094123007247963297,0.12719859722586221,-0.017315066795835096,-0.015396708820675795
20231214,5086,5087,5086,0.99980342048358561,0.99962259201686543,-0.014791926201765299,0.013901703875644841,0.63566653558788833,0.65490153023404019,-0.011496403250383798,0.51101061738104603,0.0080291472506194249,0.12427787726198132,0.1049692356182742,-0.016318637042620841,-0.013167856123571126
20231215,5086,5087,5086,0.99980342048358561,0.99971641719402971,-0.0049166341857408312,0.0046291196158771532,0.60381439244986235,0.5603329233287534,-0.0081808134974220535,0.45320487613055449,0.0015713927829294964,0.12392252028577103,0.1392879909059978,0.00022920973349258619,-0.010463098841414657
20231218,5086,5087,5086,0.99980342048358561,0.99943814326158442,-0.020512793923644468,0.019490068005888078,0.68619740464018875,0.70795059447411546,-0.016599256967801086,0.56154148643334645,0.0095807076416635842,0.12472814711094289,0.1173690722404476,-0.019681779392118647,-0.021323938079733585
20231219,5083,5084,5083,0.99980330448465771,0.99953383573966148,-0.0098146853709467369,0.012195182713211664,0.64312413928782219,0.60997041399142393,-0.011473866597541509,0.53944520952193586,-0.00041963600061272095,0.2255184083872265,0.074837398308089637,-0.0052133807311944072,-0.014668142630489964
20231220,5086,5087,5086,0.99980342048358561,0.99976264869888987,-0.018899806804008261,0.018484532993704339,0.66928824223358241,0.68837527495698814,-0.013941652465929044,0.56311443177349585,0.0049652177184470597,0.086574829541833195,0.1477573260272855,-0.021281089928810816,-0.01640316109055583
20231221,5086,5087,5086,0.99980342048358561,0.999800050738614,-0.0011053560667069475,0.0058717448662702091,0.63232402674007082,0.5348059307921158,-0.0096505578453161441,0.52536374360990956,-0.0028562005837397203,0.29589453702855284,0.059004822058429635,0.0070968313142506711,-0.0096719994195004558
20231222,5086,5087,5086,0.99980342048358561,0.99968380594758433,-0.017002562425187606,0.016533587852673087,0.63684624459300043,0.68650361607646537,-0.011809284257147395,0.53362170664569408,0.0065854717709691209,0.13455796332814968,0.10649935509227812,-0.019705170577671346,-0.014139546278071881
20231225,5086,5087,5086,0.99980342048358561,0.99953952373426558,-0.010546954651455234,0.0099393541468237225,0.6246559182068423,0.61255226887748837,-0.010007429790006316,0.47817538340542665,-0.00014424122677131335,0.23124882515044767,0.085773912848630063,-0.0092096358335847714,-0.011930488640717178
20231226,5088,5089,5088,0.99980349774022403,0.99971511462394891,-0.018335313608979543,0.017638139879006934,0.69693396226415094,0.69603011922194891,-0.017594795927947701,0.57586477987421381,0.004644485154613005,0.10798596298968693,0.12160722160552892,-0.016176971396844392,-0.020632915300369786
20231227,5089,5090,5089,0.99980353634577601,0.99966688777570634,-0.0062649175708768563,0.0089551348950097122,0.6179996069954804,0.58517056190476824,-0.0081757124484267314,0.51110237767734334,0.0053717350781724554,0.28570231862110346,0.079816996860954711,-0.0057951226169519841,-0.0067931497098835678
20231228,5086,5087,5086,0.99980342048358561,0.99966089139103487,0.0078667011981236185,-0.0011209159400547826,0.51297679905623284,0.43694617208326686,-0.0010575279912514494,0.42312229650019662,-0.0024573616161021397,0.27775444130580457,0.059774884382990202,0.012452268835732723,0.0028410865278092447
20231229,5089,5090,5089,0.99980353634577601,0.99968898761755653,-0.0028517183135954552,0.0072738624975306164,0.5572804087247003,0.53404701793809195,-0.0048343939019180118,0.45745726075849874,-0.00098397587880902403,0.34912835960500327,0.053731042241041575,-0.00055162626460824801,-0.0051898309885335288
20240102,5089,5090,5089,0.99980353634577601,0.9995654816379097,-0.015188829649316419,0.013720353334009628,0.64334839850658287,0.66948374989309711,-0.011484451295221449,0.54313224602082921,0.0078880207376801417,0.22017147636313752,0.11765637510363222,-0.021238214273275244,-0.0093326821473415124
20240103,5090,5091,5090,0.9998035749361619,0.99974792629708376,-0.014007891712861039,0.014163601413453929,0.66836935166994105,0.66384846287776456,-0.013843626024505819,0.56836935166994107,0.0060991566451808702,0.19388167688840752,0.10659914877371349,-0.014090427798177235,-0.013926592305317068
20240104,5090,5091,5090,0.9998035749361619,0.99977040599464584,-0.013002867861666757,0.011912573851379908,0.65304518664047151,0.66240872440001586,-0.012041795743037431,0.5404715127701375,0.0032712961480471873,0.14471038577476639,0.11515706883323988,-0.013335417399100599,-0.012648159448896636
20240105,5091,5092,5091,0.99980361351139047,0.99975426402742307,-0.016956943205105744,0.016622821685345939,0.69829110194460808,0.68444759680014555,-0.017139729006481797,0.58004321351404442,0.0093353657876968209,0.074599765488812281,0.1625882882634164,-0.015881430014323329,-0.018012607395379038
20240108,5090,5092,5090,0.99960722702278082,0.99956606844858098,-0.014623865720115412,0.012304505298872377,0.68821218074656187,0.68185907064278461,-0.013853390857766445,0.5231827111984283,0.0012885639120747729,0.062289000029690671,0.17673828159379087,-0.011494623464383678,-0.017643741824179687
20240109,5091,5092,5091,0.99980361351139047,0.99961263249036347,-0.006955414700728726,0.0071507661037312998,0.61206049891966219,0.59462940628046335,-0.0080163850831686239,0.48065213121194267,0.0026362537372759667,0.27229510872671603,0.0709841667195759,-0.0059647633713490597,-0.0079541700585967472
20240110,5093,5094,5093,0.9998036906164115,0.99975802746144671,-0.0085670951263376142,0.011026056820394909,0.60926762222658548,0.60240081309917193,-0.0081738866825390166,0.49361869232279598,0.0038861461170057255,0.089239606559520901,0.14360596101856021,-0.0077017602901258871,-0.0094660576009322518
20240111,5094,5095,5094,0.99980372914622173,0.99973632637342091,0.0067622617987948969,-0.0016510059408155102,0.5113859442481351,0.43996037358175916,-0.00084763855429573741,0.40125638005496661,-0.0075702627503398939,0.28498932848704256,0.04928968416509439,0.010963536487393616,0.0023340562544112049
20240112,5091,5092,5091,0.99980361351139047,0.99958721323925459,-0.012943659432669993,0.013218524891570953,0.60852484777057547,0.63691979049268399,-0.0084954134224379824,0.4949911608721273,0.0066422041975011878,0.12839754563565364,0.15121847798007867,-0.015775240073612425,-0.010131234296479264
20240115,5092,5093,5092,0.99980365207147059,0.99969946610562455,-0.0045672046297217054,0.0050534243457493119,0.58248232521602517,0.5663019775840763,-0.0062664973440295984,0.4349960722702278,0.0014820228575324543,0.1741331259245317,0.12178742995413724,-0.002454647361671552,-0.0066032373092572974
20240116,5094,5095,5094,0.99980372914622173,0.99978495638316134,-0.014787606490546168,0.014587788422276239,0.69218688653317628,0.68198133799210481,-0.015304131525256184,0.57361601884570079,0.0028716452773384828,0.23277950337362402,0.070845279347344164,-0.011248774206631472,-0.018321593055638997
20240117,5094,5095,5094,0.99980372914622173,0.99978748185467048,-0.022714787419535983,0.019812964639382875,0.69297212406753039,0.74429748796338813,-0.01650838858088708,0.56753042795445618,0.0065726604973566534,0.045981608361428991,0.17320459862987223,-0.026170275464003669,-0.019086769540478301
20240118,5096,5097,5096,0.99980380616048659,0.99943616654151524,-0.0055418953926993832,0.0049998717719114856,0.66601255886970168,0.59172285815067727,-0.011756366479990303,0.50255102040816324,0.0015689744142790415,0.24700212564188753,0.10240059540450555,0.0016967672644142195,-0.012930525118928917
20240119,5096,5097,5096,0.99980380616048659,0.99973168534637535,-0.011284256399489484,0.0097788097281783695,0.60204081632653061,0.64394901867305654,-0.0071232941011624019,0.46526687598116168,0.0030408929005355315,0.12837954193013551,0.17583608909112508,-0.013985007967076685,-0.0081041072983505918
20240122,5096,5097,5096,0.99980380616048659,0.99968919505534914,-0.024947603643023012,0.021987539986073952,0.7635400313971743,0.78990612875858357,-0.022973568348234275,0.59988226059654626,0.0064575341428155138,0.064021200992841837,0.15738980591113838,-0.023807999145440562,-0.026034922042808033
20240123,5096,5097,5096,0.99980380616048659,0.99965958502462271,0.0050162859609406783,-0.0040899442272731021,0.49018838304552592,0.44469024083805131,0.00062107576132195688,0.31691522762951335,-0.0012513189641905867,0.25127023575935903,0.12516504036044354,0.010417667051515844,-0.00058338264583887003
20240124,5097,5098,5097,0.99980384464495886,0.99972161916010294,-0.0034877675774074436,0.004371702746244154,0.5558171473415735,0.57544571932782218,-0.0031802397146514379,0.40494408475573868,0.0054075761362904389,0.334368629023577,0.049999274655798433,-0.0048951401617796557,-0.0020054414168878655
20240125,5098,5099,5098,0.9998038831143361,0.99950919730094168,0.0101524774583307,-0.0028692701500114283,0.48607296979207532,0.38021173873388953,0.0010531457936463317,0.41114162416633976,-0.00061896441546188327,0.30219211509194832,0.025013323562409116,0.01460767478669729,0.005304978646377175
20240126,5098,5099,5098,0.9998038831143361,0.99969547776534096,-0.014404614810410797,0.013808721226974616,0.64848960376618281,0.6808467418046783,-0.010430869364016982,0.53825029423303261,0.0037486013181858013,0.22378072635679069,0.11671771679904354,-0.019055194721435648,-0.0093484483588087888
20240129,5099,5100,5099,0.99980392156862741,0.99969125899510392,-0.021444354637747472,0.017804185246874805,0.68954696999411647,0.71000132555068718,-0.016015751081273,0.53873308491861149,0.008803638964319958,0.090926458163775842,0.12645920001609923,-0.022434274298955569,-0.020320985261306202
20240130,5099,5100,5099,0.99980392156862741,0.99972773531847503,-0.018757981644548925,0.014938456459544688,0.65542263188860561,0.72923165261647616,-0.012272520804944013,0.48578152578937045,0.0051255269206905638,0.052056227560513438,0.19154625041762324,-0.023096325169382426,-0.014209013858266147
20240131,5100,5101,5100,0.99980396000784155,0.99944115264960187,-0.017791041586096193,0.016106790805685698,0.68490196078431376,0.71807076652674839,-0.014987929379095807,0.542156862745098,0.0033788317025648506,0.07692632091580999,0.16943872300545054,-0.017902530555651219,-0.017688161890831958
20240201,5100,5101,5100,0.99980396000784155,0.99956767171946614,-0.0036698336332580423,0.0041660373665768453,0.56568627450980391,0.55604687612607384,-0.0042655407785598207,0.42431372549019608,-0.0010980355615670487,0.14710836733123892,0.19383546671564975,-0.0024466620259210761,-0.0048561600091774938
20240202,5100,5101,5100,0.99980396000784155,0.99963535752295274,-0.020493419512142487,0.01727563901501843,0.69156862745098036,0.78287056383792908,-0.013891562489282165,0.52960784313725495,0.002904363729467542,0.11361161853999806,0.14419066976509415,-0.026610783912788538,-0.014844124413561723
20240205,5099,5100,5099,0.99980392156862741,0.99957703238694329,-0.015554334831390222,0.013750228872239369,0.63365365757991765,0.73006489107788886,-0.010056081397435392,0.47303392822121987,-0.00012569304553982329,0.18178732314915252,0.19420071313002882,-0.018616529499485945,-0.012758418011958405
20240206,5100,5101,5100,0.99980396000784155,0.99959496091759037,0.0085270211850180626,-0.0059480240809496277,0.31941176470588234,0.3628878734123045,0.012122338664167988,0.23960784313725489,-0.0074268965094726348,0.28809696840965116,0.10701843186776092,0.0074367193798804288,0.0094984971377968502
20240207,5101,5102,5101,0.99980399843198742,0.99945591241913101,-0.0089457523015065484,0.016334559383212172,0.44383454224661834,0.6345738857296459,0.0051478162631487254,0.37914134483434619,-0.00071052871830255306,0.45638721604582388,0.17839912097226804,-0.016814000958702141,-0.0020444658015137426
20240208,5103,5104,5103,0.99980407523510972,0.99955786029071825,-0.0010560945061788742,0.0061891525998304343,0.37703311777385851,0.56108526125016989,0.011964324126558229,0.3241230648638056,-0.0067194092815507618,0.37866826322160579,0.022240170524506692,-0.010543440858016253,0.0064309931901099507
20240219,5103,5104,5103,0.99980407523510972,0.99966285544146349,-0.0025126466946280698,0.0037346090991914301,0.6170879874583578,0.53210319996331268,-0.0092009347866013891,0.52616108171663722,0.0017731798474523012,0.37877352956455346,0.10590229482078135,0.0019684460146057702,-0.0064963465739454234
20240220,5103,5104,5103,0.99980407523510972,0.99966563747787818,-0.0024152407578826264,0.0022253717355252482,0.54007446600039188,0.54065288634822439,-0.0026846872677397321,0.41465804428767394,0.0030401583117174941,0.26605074596748562,0.080123586413671455,-0.0052567266687428213,0.00067482231664539908
20240221,5103,5104,5103,0.99980407523510972,0.99969537231055317,0.0039449394150912215,0.0020424832963298976,0.50009798157946306,0.46161469425611196,-1.2479789164974805e-05,0.41994904957867923,0.00097725215284803681,0.24046348042226359,0.10174377261119714,0.0062392688282802552,0.0015433064829429798
20240222,5103,5104,5103,0.99980407523510972,0.99966265293091106,5.7872522592711852e-05,0.00071432174726269906,0.52282970801489315,0.51440676881711567,-0.0016683978784229714,0.41485400744660006,0.0017198089972566826,0.4301011545602193,0.023445398191117857,0.00024923260161456519,-0.00014658173435277904
20240223,5102,5103,5102,0.99980403684107388,0.99968160496392233,-0.0012628318697636175,0.0024282574649751175,0.54978439827518621,0.53356102387972337,-0.0032061723893839914,0.45315562524500197,-0.00083432539805025304,0.35814655475755602,0.057669931375183107,-0.0025250459576232264,1.0838588288696305e-05
20240226,5101,5102,5101,0.99980399843198742,0.99947362722810518,-0.007755496615653867,0.0077459340017479441,0.61223289551068416,0.59948333979011914,-0.0078365357306991248,0.52264261909429521,0.0017671078731836976,0.27160809551136039,0.086243409864722925,-0.010086456647410841,-0.0056403358710981136
20240227,5102,5103,5102,0.99980403684107388,0.99962677792374222,0.0061255482781752257,-0.001417445022610329,0.53018424147393184,0.40338455379836663,-0.0020714495318377864,0.44159153273226187,-0.0024908471284553028,0.33431522597629382,0.02006063239676506,0.012506809975024213,-0.00054012915237787223
20240228,5102,5103,5102,0.99980403684107388,0.99969966164956936,-0.022287756179021824,0.022607090554468981,0.71089768718149748,0.77232174549587684,-0.015837908956546687,0.61152489219913764,0.0097219019077304791,0.026276297702804801,0.15020824912640932,-0.026814087753534537,-0.01821456418043162
20240229,5102,5103,5102,0.99980403684107388,0.99973439715426093,0.0084894513576604987,-0.004051334453101429,0.43237945903567226,0.38551793857729033,0.0045636019127653421,0.31085848686789497,-0.0066289399172822843,0.35731833397349821,0.0055960375020124038,0.011131985889939163,0.0057980207325066023
20240301,5103,5104,5103,0.99980407523510972,0.99974057914480641,-0.00046713092171661114,0.0020311388908200072,0.58436213991769548,0.53413911314299189,-0.0062562972753257527,0.47325102880658437,-0.00081988126931610626,0.31907427971573299,0.050632423643235822,0.0030300114311531201,-0.0044709595664105383
20240304,5103,5104,5103,0.99980407523510972,0.99976763330837082,-0.011362077513548801,0.0076640717733172858,0.66999804036841071,0.63564956506571613,-0.012932593608532592,0.54379776601998819,0.0050337998304732408,0.27326349877786776,0.059429798953576786,-0.010563244045624214,-0.01231934999852689
20240305,5103,5104,5103,0.99980407523510972,0.99934128868137362,-0.018400901396126646,0.018662617998774545,0.70546737213403876,0.73000434765622846,-0.018888631220397814,0.60199882422104645,0.006430629391874474,0.19639967529532668,0.069634986192273554,-0.017625992244253565,-0.019405597349250538
20240306,5101,5102,5101,0.99980399843198742,0.99957645503372627,-0.0054291327820132143,0.0071674133608215871,0.56675161732993529,0.5822691159568858,-0.0055298871192766951,0.46206626151734953,0.0004293098038970055,0.19969036414738786,0.071445031457005023,-0.0063085836363972097,-0.0043917728940366177
20240307,5101,5102,5101,0.99980399843198742,0.99967581921162008,-0.018624374819284344,0.017223318346773004,0.62125073514997065,0.68109687703313304,-0.010019672637387938,0.50578317976867282,0.0076343516447236054,0.092407676834116048,0.08832963027308513,-0.024669835110731515,-0.012047601922536608
20240308,5101,5102,5101,0.99980399843198742,0.9997381532798657,0.0016233057999716586,0.0014108027838462441,0.58027837678886496,0.50006687056563903,-0.0059640029820014909,0.45559694177612231,-0.0015688022700314735,0.26261556759000243,0.04322203897876109,0.0068424448585263035,-0.0045335191976355084
20240311,5100,5101,5100,0.99980396000784155,0.99968055254480004,0.0022429145616790856,-0.00040939977566302943,0.54686274509803923,0.48148955713299135,-0.0036088659819910798,0.4315686274509804,-0.0029300636630045646,0.2809735858670071,0.036238584752028985,0.004441030566362354,-0.00035319409228856322
20240312,5102,5103,5102,0.99980403684107388,0.99974760977568089,-0.011100458028962342,0.010785804213983388,0.58761270090160722,0.60257687080339817,-0.0071950050565868931,0.50529204233633873,-0.00067865354968630644,0.23115058435390787,0.041777532031560004,-0.01498148722587939,-0.006536701388763529
20240313,5104,5105,5104,0.99980411361410382,0.9996312733752224,-0.0091048901001540266,0.0093259745725112371,0.62989811912225702,0.61396551414849232,-0.010881131602992124,0.53232758620689657,0.0013866695182589844,0.18820730465807761,0.074202236763189849,-0.0082224888578148747,-0.010100974002502606
20240314,5104,5105,5104,0.99980411361410382,0.99962379597086581,-0.016992995183830292,0.016281810522189265,0.65576018808777425,0.66416139205778424,-0.01368681819399154,0.5625,0.0058309501531991111,0.12153210433791327,0.082198878713948556,-0.018243407217684381,-0.015590436144470317
20240315,5103,5104,5103,0.99980407523510972,0.99969588948001586,-0.0015447721727525547,0.0023172933678734567,0.55006858710562412,0.53603172742970739,-0.0039119390347163458,0.44816774446404078,-0.0028347965052733137,0.29670386377754288,0.047810756822535445,-0.0029098923640686154,1.7356492805172776e-05
20240318,5102,5103,5102,0.99980403684107388,0.99977939949602335,0.0022788365405925133,-0.00027459617252205599,0.56722853782830263,0.46568969892088086,-0.0050504993724303409,0.46942375539004311,0.0015878325695174705,0.36247537364041971,0.038365196649747253,0.0066327186430784214,-0.0024502585701937792
20240319,5104,5105,5104,0.99980411361410382,0.9996207136976939,-0.016979173811641279,0.015199176170064877,0.64733542319749215,0.67041585432485706,-0.012997444499267295,0.56112852664576807,0.0037162171400234537,0.132166112514332,0.092481245133094372,-0.021192331787894963,-0.012375458899802079
20240320,5105,5106,5105,0.99980415197806505,0.9997806211313689,-0.0035667422609674485,0.0053230205577367868,0.5866797257590598,0.56095351500799917,-0.0072974851631789836,0.49853085210577863,0.0030502564004528578,0.29194604654915851,0.044060272390024517,-0.0022492944847494218,-0.0049879501109715606
20240321,5105,5106,5105,0.99980415197806505,0.99953641501078772,-0.01197503746822908,0.011458176115170192,0.64662095984329093,0.6155262019626585,-0.012815126153177918,0.55181194906953968,0.0054777517250045402,0.18750569733647307,0.073777446372052413,-0.013026317826855557,-0.010870337391814902
20240322,5105,5106,5105,0.99980415197806505,0.99964674281156241,-0.016795035746744486,0.016047191807854209,0.71870714985308526,0.67573106716075926,-0.020801314228347183,0.62311459353574927,0.0029085304306691838,0.10400827148528491,0.078481320631830151,-0.013334521830638154,-0.020529247138692149
20240325,5105,5106,5105,0.99980415197806505,0.99962904653087936,-0.020245892307005478,0.01896037144142022,0.69598432908912833,0.68846292758540428,-0.017828477289862543,0.5888344760039177,0.0093439145501662234,0.073258122966475325,0.13515563170027817,-0.021876377158419089,-0.018481694212593928
20240326,5106,5107,5106,0.99980419032700218,0.99980377295135514,-0.012869081732156319,0.013549130015801231,0.65276145710928324,0.66381578515991546,-0.012626408652736929,0.53838621229925576,0.002023189459115381,0.1733202320174009,0.053716756452139164,-0.014026589659369352,-0.011556696181645535
20240327,5108,5109,5108,0.99980426697983948,0.9996751924806736,-0.021929567147897885,0.020158679956706414,0.69028974158183243,0.73581032993747419,-0.017881895028844786,0.57184808144087707,0.0078071585787936586,0.056707799295375491,0.14502560551223226,-0.024663182681120721,-0.019076627260311212
20240328,5109,5110,5109,0.9998043052837573,0.99968663355745724,0.0057876386145244351,-0.0030760105971237885,0.537874339401057,0.45748311717563256,-0.0027334696437084894,0.41182227441769426,-0.0063639229291480338,0.33870344167332855,0.037760550049047166,0.010130249316635156,0.0010226680190426791
20240329,5108,5109,5108,0.99980426697983948,0.99975390588378477,-0.0092577200099396521,0.009235588293157522,0.61158966327329678,0.59707682715063481,-0.009529291233868073,0.50959279561472204,0.002727028258723202,0.27131358498189295,0.039151661350232923,-0.010551267001796458,-0.0078695986371390622
20240401,5110,5111,5110,0.99980434357268633,0.99978750241568171,0.0029741098958203822,0.00068256151969391967,0.54344422700587081,0.47594161015535097,-0.0034977671762184692,0.44481409001956945,-0.0032776943708986523,0.34574884904978354,0.044079759928509071,0.0060278332207170694,-0.00014813575623596987
20240402,5111,5112,5111,0.99980438184663534,0.99972350460466086,-0.015222643022583349,0.014355184749887239,0.63627470162394839,0.64063777055077986,-0.012038321185832177,0.54040305224026608,0.0049462369798510021,0.14544737061334814,0.10267796057456763,-0.01925195268862322,-0.011191790440172466
20240403,5110,5111,5110,0.99980434357268633,0.99981400260172804,-0.010744725412194206,0.01053624628535392,0.63385518590998047,0.62033312152784248,-0.012194673986794823,0.52113502935420741,0.0050224157050936811,0.13022341009677466,0.098987971804179786,-0.0089130587920145405,-0.012646421442718214
20240408,5112,5113,5112,0.9998044201056131,0.99980998368775109,-0.01344456774604029,0.010378105265610778,0.65942879499217533,0.65953894610394503,-0.013968573892667799,0.50782472613458529,0.0052451950882249337,0.12209692781271622,0.14629202108175013,-0.012047970483364222,-0.014922387317706285
20240409,5113,5114,5113,0.9998044583496285,0.99980818090489454,-0.0049311759177384576,0.0042933198657500995,0.56463915509485629,0.56367877089983198,-0.0043087456909242441,0.44005476237042834,-0.00048985804285429403,0.24826363619206693,0.076568401102074662,-0.0064445682993711688,-0.0033377292994921401
20240410,5113,5114,5113,0.9998044583496285,0.99977974238689393,-0.022073277417068837,0.020156945507215859,0.69704674359475849,0.72405886778397943,-0.017956682528634731,0.58204576569528654,0.0069281949491901799,0.12603611373277285,0.1078057338398249,-0.024250948333306651,-0.019886801896906264
20240411,5114,5115,5114,0.99980449657869008,0.9998488184459271,-0.0033834858605018428,0.0057241395435767648,0.56355103637074699,0.54855346276547801,-0.0044503287109419242,0.43742667188111067,0.0036296176697368705,0.19569677466653293,0.10033099123086904,-0.0037319443871980016,-0.003007566505648335
20240412,5114,5115,5114,0.99980449657869008,0.99979106095618919,-0.0102403185093237,0.0099387804455975514,0.60559249120062575,0.60171551459348482,-0.0091100686042419436,0.47653500195541648,0.0042021920060496308,0.12649302409816632,0.11211368423457865,-0.0098717992075259657,-0.010642829526891179
20240415,5114,5115,5114,0.99980449657869008,0.99974403951123991,-0.010051401433743525,0.010392785639251513,0.65956198670316779,0.60968720750067718,-0.014366767639979971,0.53128666405944469,0.0054254060820171403,0.18397553263843208,0.080807318269357789,-0.0035008944543672032,-0.016016777800093047
20240416,5114,5115,5114,0.99980449657869008,0.99968586672266435,-0.021060753561379212,0.019803200947866941,0.72350410637465778,0.75077055762447464,-0.018407338486941864,0.59933515838873685,0.0055086861454634282,0.075486590576432186,0.15819793245517944,-0.020403193015646123,-0.021672623871687613
20240417,5113,5114,5113,0.9998044583496285,0.9997646605761884,0.01231174824819831,-0.0085679486969777799,0.41991003324858206,0.32682613893878559,0.005673720481319121,0.32955212204185408,-0.0022769060514869956,0.2888856525584636,0.018963803204152835,0.014997639654924863,0.0097326744182857621
20240418,5112,5113,5112,0.9998044201056131,0.99977911189863833,-0.006175274797376693,0.0070988068167760028,0.57785602503912359,0.58302996551221065,-0.0049960698655832723,0.45539906103286387,0.0026238304775505383,0.20870899759394068,0.11781710484614699,-0.0081007639057945006,-0.0040247671927629881
20240419,5110,5111,5110,0.99980434357268633,0.99976648601363716,-0.013554380130506145,0.011683885862522907,0.60841487279843443,0.63752323423504187,-0.0083100597775315477,0.47651663405088063,0.005520176510194031,0.1537372360193372,0.090172956055721801,-0.017188587922940469,-0.0093527538572706591
20240422,5109,5110,5109,0.9998043052837573,0.99964200060707076,-0.011032314485073141,0.010329415096285993,0.57702094343315713,0.64315085162987873,-0.0061865715299556038,0.44470542180465844,0.001878336588664679,0.14049128256323676,0.13922518798331754,-0.015795660239426787,-0.0057198967684403022
20240423,5108,5109,5108,0.99980426697983948,0.99975697490280524,-0.012175999106903099,0.011296009841489868,0.56754111198120594,0.63882675363428865,-0.0051131699121191344,0.43833202819107281,0.00057734226593136873,0.1688692444514539,0.099141735534994058,-0.019292200466574486,-0.0042884185219804905
20240424,5109,5110,5109,0.9998043052837573,0.99975166020405726,0.0011014571648114183,0.0015072980882790078,0.53944020356234101,0.49243203715307693,-0.00279326494978533,0.41240947347817575,-0.0038655357118472693,0.28600452772259982,0.04879189437753783,0.0045207931655381192,-0.0025818278413415573
20240425,5106,5107,5106,0.99980419032700218,0.99982395818031156,-0.0087710039625301436,0.0093542150344808322,0.60086173129651388,0.59986220363126164,-0.0074379291405984628,0.4980415197806502,0.0023171802542618931,0.20259397610254931,0.081945974885418965,-0.009884329642900239,-0.0076156699311920248
20240426,5097,5098,5097,0.99980384464495886,0.99980443491817972,0.003843871705218725,0.0041681361793208293,0.56405728860113791,0.4678552930550452,-0.0046812700412022755,0.48342162056111437,-0.0003842620813048459,0.27204743025627237,0.041950259825993638,0.010592034953969962,-0.0038749812050743525
20240429,5088,5089,5088,0.99980349774022403,0.99981150607317559,-0.0031155194514728389,0.0059144462548944426,0.56269654088050314,0.56032853108659808,-0.0049252466439117966,0.46973270440251574,-0.0021136063695990975,0.38438067477823362,0.051913026627330792,-0.0039898891692745908,-0.0021736909337847911
20240430,5052,5053,5052,0.99980209776370477,0.99973166624094956,-0.019989975440034013,0.018753743241299112,0.68844022169437846,0.72098993592483973,-0.015062274322568094,0.59619952494061756,0.0053746383602293647,0.17050185985692129,0.091494401499506203,-0.025342156767457456,-0.014455013222341877
20240506,5093,5094,5093,0.9998036906164115,0.99979859105976632,-0.00061715913230308824,0.0039562846120714344,0.58845474180247404,0.50819389561652473,-0.0068069779507974005,0.5008835656783821,0.0025110390868481923,0.35207269926342949,0.044923196260968738,0.0015688976510042246,-0.0028979203308202089
20240507,5093,5094,5093,0.9998036906164115,0.99964824330249658,-0.0099291052518016183,0.0091528147921488591,0.62419006479481642,0.60009628127645609,-0.010337673550718818,0.51894757510308265,0.0029041342611953519,0.24079879897190223,0.078005810113078597,-0.012842726325135207,-0.0069773961290114329
20240508,5091,5092,5091,0.99980361351139047,0.99973496155621244,-0.014483743270602964,0.013727649470126242,0.66332744058141824,0.65547231044968335,-0.015193403103975135,0.55922215674720099,0.0074184364430518492,0.095156289163257898,0.13629545553125694,-0.01483410169966363,-0.014157569880306997
20240509,5092,5093,5092,0.99980365207147059,0.99964375012166073,-0.00032360554872811159,0.0052109775874349083,0.5667714061272584,0.50001716690445575,-0.0057130439388349925,0.49371563236449334,0.0012221833943209881,0.30789281478500186,0.037431559137848402,0.0038998193701051788,-0.0044990307909216183
20240510,5092,5093,5092,0.99980365207147059,0.99977553327287183,-0.011319483924936114,0.0097287888602616262,0.63295365278868809,0.61377637536340035,-0.012486869449123174,0.51080125687352707,0.0085106430584333988,0.14316849822065381,0.1051203926900459,-0.0099434537202741126,-0.012680808123581133
20240513,5091,5092,5091,0.99980361351139047,0.99982214081806375,-0.012191220596351785,0.011638092060455314,0.66214889019838929,0.63714897698577588,-0.013442461332242039,0.54724022785307402,0.0053901404954266015,0.16543538622477619,0.10682830254516475,-0.010084595224300314,-0.014286672187348338
20240514,5094,5095,5094,0.99980372914622173,0.99978518137687344,-0.0069642275398887152,0.007301326576343959,0.60443659206910094,0.58501870756961427,-0.0086192171535767765,0.49371809972516684,0.00055910169406356292,0.22567420790618536,0.08161873465474434,-0.0070685160035651277,-0.0068572805293332885
20240515,5095,5096,5095,0.9998037676609105,0.99963152668264221,-0.016214939688787629,0.01480184853015533,0.64003925417075569,0.65895899327860508,-0.013238618055038766,0.53444553483807655,0.00073901386720406394,0.12118264189584399,0.12141380961704147,-0.017095515890794537,-0.015284112791480928
20240516,5094,5095,5094,0.99980372914622173,0.99982073962355567,-0.0020181214143523002,0.0032423876552501282,0.58735767569689834,0.53545206353622454,-0.0074699660391890979,0.47801334903808401,0.00026156487720174239,0.17802075399721551,0.094536548195851944,0.0023124236148679427,-0.0068333405381472328
20240517,5094,5095,5094,0.99980372914622173,0.99976236910254679,-0.0026028969917632071,0.0072014857978091509,0.58225363172359634,0.54283873927308646,-0.0066074465685681729,0.48508048684727129,-0.0010024909892917527,0.3338871188901596,0.033347975980271324,-0.00079425389635177815,-0.0046321707212048273
20240520,5090,5091,5090,0.9998035749361619,0.99970397552762313,-0.0068515535530555682,0.0058774908872085444,0.60373280943025542,0.57314080197404138,-0.0080500006060428911,0.47838899803536344,0.0034998770213855103,0.27063477839523531,0.065566860995230014,-0.004900234864534672,-0.0089925123965058414
20240521,5093,5094,5093,0.9998036906164115,0.99979656476887446,-0.017099539119600035,0.01447519207055223,0.66012173571568822,0.68990854310733296,-0.014287721681734122,0.5368152365992539,0.0035696854017018137,0.15665250279657178,0.11057408138705567,-0.019204169049326252,-0.014891096836885191
20240522,5094,5095,5094,0.99980372914622173,0.99984600409393576,-0.0036773267765989985,0.0053020351453426963,0.58716136631330973,0.54979816122101355,-0.0073429808082743735,0.47310561444837063,0.0016689918430598991,0.21368971138964141,0.082849517095190561,-0.0011006824543891042,-0.0065657953846549079
20240523,5094,5095,5094,0.99980372914622173,0.99975976237964359,-0.023785592974190129,0.020915819598568391,0.7159403219473891,0.74225392550244329,-0.021232762455986563,0.6020808794660385,0.0044631147649640754,0.082253617714057967,0.12577534755974989,-0.024137486431463056,-0.023427246100448273
20240524,5094,5095,5094,0.99980372914622173,0.99979562157353008,-0.016321394741008213,0.01714834486216071,0.63525716529250098,0.67697979413815834,-0.012484052329105598,0.54063604240282681,0.006709635226307166,0.098306881215137948,0.11798139710290918,-0.020045485836518072,-0.012295702032536522
20240527,5092,5093,5092,0.99980365207147059,0.99978875480394735,-0.00464858893719018,0.0053955871921616844,0.60683424980361356,0.56062723041249407,-0.0088963702184237207,0.47682639434406915,0.0034989627250879888,0.28685369012005341,0.044614751997634476,-0.00065414670157193573,-0.0088509956884447946
20240528,5092,5093,5092,0.99980365207147059,0.99987939340156984,-0.012499157608086014,0.010310796993946712,0.60074626865671643,0.62877469796971019,-0.007885598403486193,0.46838177533385705,0.0081944535820076391,0.1212173730765761,0.13969989154878021,-0.014996155006113331,-0.0097336170654173642
20240529,5092,5093,5092,0.99980365207147059,0.99988959993455873,-0.0062431009017381448,0.0087121991248424631,0.60722702278083263,0.59001366763116991,-0.0084887532420431858,0.48428908091123329,0.0020707505768400667,0.2244230768688088,0.076539043362722936,-0.0036836359183166439,-0.0091218264793826234
20240530,5092,5093,5092,0.99980365207147059,0.99983317850715436,-0.015131815202094815,0.014560342215164203,0.61940298507462688,0.65657848843168687,-0.010184641124219089,0.50687352710133537,0.0018652586132152718,0.139492188801149,0.079643358314395965,-0.017796218539539162,-0.012113302782389843
20240531,5091,5092,5091,0.99980361351139047,0.99978057061732228,-0.0053486860386858775,0.0086297923136016662,0.5664898841092123,0.56798662244882892,-0.0053307979538187123,0.46611667648791988,0.00011359263745913499,0.21751986889551278,0.10773449746562705,-0.0054683372117779322,-0.0052232171816255597
20240603,5091,5092,5091,0.99980361351139047,0.99971159051359715,-0.013934475214271385,0.012652727740834951,0.67963072087998433,0.63939255511130832,-0.015965027318474958,0.54036535061873892,0.0041315542093343701,0.16628226384981856,0.11131577158105782,-0.0095449609947955167,-0.018426189516225319
20240604,5090,5091,5090,0.9998035749361619,0.99985162276203299,-0.0062256872367639771,0.0081019096437508417,0.62750491159135557,0.57095973471340233,-0.010837831673336362,0.50530451866404713,0.0016237269818833028,0.23805296899986833,0.069510217696936438,-0.00040199225996180186,-0.012194396235289954
20240605,5095,5096,5095,0.9998037676609105,0.99967096060289018,-0.014247974700922641,0.014145395384394197,0.61668302257114815,0.66581829399452075,-0.0099085044010186699,0.48459273797841018,0.0052297106088192557,0.11772140114996062,0.16800675791112762,-0.015919160515999189,-0.012470241227043374
20240606,5097,5098,5097,0.99980384464495886,0.99982352003341346,-0.0162903442418404,0.01929760238962679,0.71473415734745926,0.68507365924155916,-0.019865593082528336,0.59603688444182856,0.0083032147802334123,0.11780437166858081,0.11883995934739744,-0.0076232784886039358,-0.024748872184131448
20240607,5094,5095,5094,0.99980372914622173,0.99982138094287332,-0.008643692667550518,0.0098132219361256098,0.59992147624656456,0.61541857385979992,-0.0070496128536769852,0.51040439733019238,0.0022597143684346512,0.25668923389844717,0.087310392456529468,-0.010060520336371739,-0.0069879399537597373
20240611,5094,5095,5094,0.99980372914622173,0.99983151659645719,-0.0078357090369784443,0.0072776050180528547,0.55437769925402436,0.61063033408358425,-0.0037792736203595525,0.42815076560659598,-0.0042211220339030756,0.25504544251978839,0.10521698399943955,-0.0093764743922323188,-0.0058915279398395175
20240612,5098,5099,5098,0.9998038831143361,0.99986978355006384,-0.0010768290438218674,0.0022704688781827408,0.50058846606512353,0.56272508067979998,-1.4232620035811534e-05,0.36759513534719496,0.00033102362271825376,0.3168714690203332,0.088337807907528335,-0.0025773131125744141,0.00074816565693976384
20240613,5099,5100,5099,0.99980392156862741,0.99982693031271019,-0.011127931466532218,0.010983769634419865,0.60933516375759955,0.62696259239849927,-0.0088399534929565864,0.47283781133555597,0.0037091615912924931,0.15731831539887381,0.12303682095629855,-0.011263802310125129,-0.010964985074628304
20240614,5100,5101,5100,0.99980396000784155,0.99985091965139605,-0.0041316190555323118,0.0081227219873712033,0.54196078431372552,0.56886330892435055,-0.0030571826322315712,0.40627450980392155,0.00017400030889440973,0.2396548049313908,0.1142808681023091,-0.0039417823119811046,-0.004393996124193395
20240617,5099,5100,5099,0.99980392156862741,0.99983853832047642,-0.0070177584682196677,0.007138388069362408,0.58835065699156697,0.57244080216628423,-0.0076975279338063586,0.44047852520101982,-0.00090127897922436234,0.19832289728323313,0.11412649968657224,-0.0050987465422093993,-0.0095147997399556497
20240618,5097,5098,5097,0.99980384464495886,0.99986746530199444,-0.0028142294037538612,0.0055140898029999493,0.53972925250147141,0.54206618785019067,-0.0028408971681260007,0.43241122228762019,-0.0001315020243091076,0.32428253546740954,0.065257558549634956,-0.0025436352856447434,-0.0031438848734750696
20240619,5096,5097,5096,0.99980380616048659,0.9998511684321737,-0.010518264637970483,0.010723778937920161,0.59556514913657765,0.60551385641742583,-0.0080735543272092303,0.46310832025117737,0.0056743993481114079,0.12707184796301113,0.14860409904075614,-0.010209125127135591,-0.010891405125608766
20240620,5095,5096,5095,0.9998037676609105,0.99983380027884228,-0.019637943438398434,0.018408372474301996,0.67379784102060847,0.6942920115019886,-0.015965230305545242,0.55014720314033361,0.011897237140540086,0.097489172983539443,0.13345178380694553,-0.02027580592907911,-0.018958876703540024
20240621,5095,5096,5095,0.9998037676609105,0.99978200516053706,-0.010233031720794442,0.011002360959908839,0.58842001962708534,0.64185095971104544,-0.0068785378894072012,0.45731108930323849,-0.00021056472875166828,0.22123169328339454,0.11499576106345734,-0.011709808240017204,-0.0084644259812739677
20240624,5093,5094,5093,0.9998036906164115,0.99893524536090983,-0.024555161088869772,0.024683858646701529,0.71588454741802476,0.76909018374181237,-0.019225316208817352,0.58806204594541522,0.0044035195631382563,0.11377194735449477,0.13668545114968,-0.025859462941698986,-0.023179766170746068
20240625,5088,5089,5088,0.99980349774022403,0.99940592387729854,-0.016137432250180606,0.016621002497456582,0.64740566037735847,0.68502257211692097,-0.011793775809162885,0.5507075471698113,-0.00056483805869679202,0.17768012497827781,0.1009336198129383,-0.020070392416548018,-0.011518874563378585
20240626,5095,5096,5095,0.9998037676609105,0.99929811632423315,0.0018223376470353977,0.00049964356712166487,0.53346418056918543,0.49484512231751515,-0.0024801076038001939,0.43415112855740923,-0.0063883185750769813,0.35846186409581382,0.038928368060320767,0.0045303297739227415,-0.0010535093676815315
20240627,5089,5090,5089,0.99980353634577601,0.99812598285233844,-0.015919823870187352,0.014727659625957795,0.61485557083906461,0.69189851765012622,-0.0088198793855553195,0.47101591668304188,0.005527028091324885,0.10275981882886163,0.1696931352334988,-0.020299252937104998,-0.010988917309604211
20240628,5088,5089,5088,0.99980349774022403,0.99901373352394984,0.0016355043066139956,0.0023712751135767482,0.52751572327044027,0.48115542096042513,-0.0017544428694929901,0.40939465408805031,0.0032093046570525934,0.2237847794248595,0.093669197541392551,0.0056059476218696799,-0.003022220155784414
20240701,5086,5087,5086,0.99980342048358561,0.99933934362732191,-0.004593680454034038,0.0047849486224442791,0.56586708611875736,0.56587267073602854,-0.0044462444269050532,0.4362957137239481,0.00030041258326385899,0.30130137585514072,0.069883583663664581,-0.0037895479658356904,-0.0054989609482520999
20240702,5086,5087,5086,0.99980342048358561,0.99935164308927116,-0.0083934442769673795,0.0067611078237208733,0.57255210381439248,0.60045657040241018,-0.005623117771167193,0.45123869445536768,0.0042217588532662293,0.168562110645195,0.14417740873327176,-0.011589492853618643,-0.0047846492698235092
20240703,5085,5086,5085,0.9998033818324813,0.99887659208388069,-0.0090581949602984331,0.01017284741378811,0.61750245821042282,0.61319373025800716,-0.0088710482627671495,0.48947885939036384,0.0066000817615300637,0.11114207303060052,0.1335166733833599,-0.0076629181120641361,-0.010608732830925883
20240704,5086,5087,5086,0.99980342048358561,0.99849820529603517,-0.020687614061653061,0.020776845987602415,0.67145104207628781,0.71099107264275518,-0.015152744807931521,0.53578450648839948,0.0034125693461170073,0.084746131596649399,0.14608363492765972,-0.021506008972730865,-0.019832383695033751
20240705,5085,5086,5085,0.9998033818324813,0.99783635062450859,-0.0068351323066662816,0.008278168345278206,0.57148475909537855,0.61738873046661535,-0.0049371812449356669,0.46568338249754176,-0.00088080167232944609,0.26671230663948858,0.070100797900351286,-0.0088211432374169091,-0.0043945348105570922
20240708,5084,5085,5084,0.99980334316617503,0.99846291748647265,-0.017565790647763084,0.016276657724166217,0.66168371361132972,0.68265956539281858,-0.014197803624931197,0.50078678206136895,0.0027669133817897467,0.12792595740092147,0.15485383055959046,-0.017270194356754903,-0.017910903534715548
20240709,5090,5091,5090,0.9998035749361619,0.99881021069134612,0.0052103112937803321,-0.00085016876670160519,0.53595284872298621,0.45355821020330372,-0.0024763288842081931,0.42298624754420433,-0.005394268999540229,0.33146299703421167,0.045819599145330431,0.011567170632953273,-0.0024977324745870666
20240710,5092,5093,5092,0.99980365207147059,0.99890981702737336,-0.010667881079176544,0.010206521063435479,0.58778476040848393,0.65403833205377326,-0.0069590171915781991,0.45227808326787117,-0.0042116041345528297,0.21426375876843998,0.11317073598664566,-0.013566437356586695,-0.0068449871599537328
20240711,5092,5093,5092,0.99980365207147059,0.99911331653947788,0.0038951221953657882,-0.0024623766757641717,0.4870384917517675,0.45115434022984119,0.00067622355760450781,0.39218381775333855,-0.00262626926968351,0.31181440771285163,0.036190369854608211,0.002422879924347809,0.0056685335702991281
20240712,5092,5093,5092,0.99980365207147059,0.99688779626089896,-0.0098977453002520345,0.010132328539633292,0.60290652003142187,0.60353450144638021,-0.0082376149830324964,0.48959151610369206,0.0014969948531055426,0.16561906520345196,0.11954009395270392,-0.010478190315000411,-0.0091383337793427017
20240715,5093,5094,5093,0.9998036906164115,0.99737190206249304,-0.016149184845113844,0.016329794871135145,0.62576084822305122,0.67896263286163672,-0.010571248947445372,0.48497938346750441,0.0066154236816042059,0.17899330413337011,0.11943935446663898,-0.017847729177368619,-0.013992760043007904
20240716,5093,5094,5093,0.9998036906164115,0.99839724412375219,-0.003091576982927554,0.004956550018799682,0.55409385430983704,0.55187583198807189,-0.0044980189314086814,0.4042803848419399,-0.0041859180787337047,0.27353222988309539,0.067904737989547187,-0.0013760491625719226,-0.0056649177557712913
20240717,5090,5091,5090,0.9998035749361619,0.99863032658671669,-0.021234101837642336,0.022475067854016654,0.61689587426326131,0.71831010487961422,-0.011129954318087939,0.50530451866404713,0.0039460731800644404,0.16749541025618678,0.094729881931717774,-0.025983177508617384,-0.014315288502994732
20240718,5087,5088,5087,0.99980345911949686,0.9988126464563547,-0.0093985164196212258,0.013564956339273791,0.62708865736190289,0.63621667657901704,-0.010607225149900772,0.5219186160802044,0.00061774586760519196,0.23454867345697156,0.061499434159695457,-0.0087020238855366784,-0.01034596139266967
20240719,5086,5087,5086,0.99980342048358561,0.99915862405160394,-0.0097052538719297511,0.011769600075119914,0.54797483287455762,0.60923832811350453,-0.0034742423388637806,0.44199764058198976,-0.0013574050406354541,0.27333963637019315,0.065592072685814476,-0.014587513419649291,-0.0026863293205888145
20240722,5085,5086,5085,0.9998033818324813,0.99919885600861458,-0.0090693963556909389,0.0080870350625909682,0.623795476892822,0.61767691697671723,-0.0092933543748904088,0.49950835791543757,-0.0013890676575970713,0.2337189234435007,0.092127225868057133,-0.0093660866898703041,-0.0086548137332704989
20240723,5085,5086,5085,0.9998033818324813,0.99912790285036956,-0.020666431969322423,0.019562654997493493,0.63697148475909537,0.71391332338853475,-0.012170453104033006,0.51445427728613569,0.0067055046607353945,0.048437334780354002,0.15278925351485736,-0.026138692390389361,-0.013724186494546963
20240724,5085,5086,5085,0.9998033818324813,0.99931214291238235,-0.015718124794823457,0.01595923391522585,0.64896755162241893,0.68059195135601303,-0.012785809204292871,0.52586037364798421,0.0041021649122904534,0.11906244173416006,0.13775054698808711,-0.016420400865591309,-0.01484720381604435
20240725,5083,5084,5083,0.99980330448465771,0.99920490706855591,-0.0081295542068964537,0.010413996675585891,0.59295691520755456,0.6293973805823887,-0.0063075331233369523,0.49203226441078102,-0.0010881833791391831,0.19643054519595055,0.084944769341680285,-0.0098968209453411168,-0.0057192683070540779
20240726,5085,5086,5085,0.9998033818324813,0.99904886056466313,-0.00069552134736697606,0.0034969955565927126,0.54159292035398232,0.50950333615283039,-0.002885071773075629,0.4391347099311701,-0.0059127404868573128,0.30300832186435722,0.040693233223054098,-0.00048802375242344687,-0.00096647683014729473
20240729,5083,5084,5083,0.99980330448465771,0.99892951787543571,-0.0043131507541011435,0.0051617518658715229,0.59276018099547512,0.55348407179942305,-0.0072575842076266365,0.47885107220145584,0.0021468011345964402,0.18874140056299868,0.098197206180089397,-0.0028754759244269011,-0.0061507431820845022
20240730,5084,5085,5084,0.99980334316617503,0.99922294855204208,-0.0097739051053408032,0.011175466189866564,0.60090479937057439,0.63450786165709105,-0.0082091408415798182,0.50826121164437454,-0.00015991818006893914,0.23946958235935686,0.078975169959831129,-0.011663528383627402,-0.0073526217308463983
20240731,5084,5085,5084,0.99980334316617503,0.99937916135199634,0.0092212397084475289,-0.00033133546482796229,0.47226593233674274,0.40826039975922718,0.0018397307897723471,0.40125885129819039,-0.0038655097566087631,0.28634299140391145,0.01275619840568637,0.012283494580808036,0.0056541768194540189
20240801,5084,5085,5084,0.99980334316617503,0.99930593318017669,-0.01067997099684365,0.011146754419287185,0.62549173878835562,0.63472093624549331,-0.010341886217669747,0.53324154209284025,0.0057172449963738816,0.24218950148841351,0.1175566099120655,-0.010412899839399919,-0.010988017169983348
20240802,5086,5087,5086,0.99980342048358561,0.99942314728878678,-0.01985365064442679,0.020018356870639173,0.65886747935509238,0.72010324529445902,-0.013381764319733577,0.55092410538733783,0.0061909846374469616,0.12522380136728403,0.11362834010805797,-0.024507196704883216,-0.014362221842786153
20240805,5084,5085,5084,0.99980334316617503,0.99941390826916332,-0.021905421844650993,0.020449825492738091,0.68686073957513771,0.72930023844485692,-0.015362468420445629,0.58143194335169157,0.00469625078678821,0.062952154208462216,0.15271140282267845,-0.025790960374496134,-0.017361840987764273
20240806,5085,5086,5085,0.9998033818324813,0.9994392757380357,-0.0060118877095271268,0.006919559337360234,0.58426745329400198,0.58392415957582611,-0.0060907823189543259,0.48731563421828911,-0.0010734123756368464,0.3512933854920981,0.038681088297061496,-0.0072737862153006471,-0.0044801179305421907
20240807,5086,5087,5086,0.99980342048358561,0.99859880615624752,-0.0033872132381326291,0.0028642159661150914,0.54443570585922141,0.54761319458935931,-0.0034702573169505787,0.418600078647267,0.0035996069414413537,0.16658047713127294,0.1259568374378858,-0.0027165186014074375,-0.0041868351136018448
20240808,5087,5088,5087,0.99980345911949686,0.99897000658676993,-0.012852869710749388,0.014324534826125414,0.64045606447808134,0.6567736958647733,-0.011298772091244462,0.54649105563200318,0.0025147460970620997,0.18364379145922971,0.083819328485119554,-0.015606411152902238,-0.0097417858805960815
20240809,5087,5088,5087,0.99980345911949686,0.99948545907788189,-0.0077269808183211596,0.0074081415172600586,0.571653233733045,0.5997976294223083,-0.005811019158041747,0.42677413013563986,0.0029489981016253639,0.11656215132252758,0.14396835378250408,-0.0079188378530877911,-0.0075062058132987905
20240812,5088,5089,5088,0.99980349774022403,0.99955543320747342,-0.01641879324204747,0.016668635122922448,0.66745283018867929,0.68031415227377645,-0.014089702428630727,0.5507075471698113,0.0033138301930687453,0.14832996919173133,0.090038733072024521,-0.016655319766051179,-0.016174469532155393
20240813,5088,5089,5088,0.99980349774022403,0.99962132949737459,-0.0063322367988418215,0.0082923489821876955,0.60003930817610063,0.58481198199126971,-0.0074530103298010939,0.49410377358490565,0.00045469942165615035,0.32328270381182572,0.065491330907099049,-0.0049329946732151655,-0.0079257786980235206
20240814,5089,5090,5089,0.99980353634577601,0.99951335453087431,-0.0046430694348898582,0.004800099680641972,0.57103556690901947,0.57325634307610063,-0.0053310338382594174,0.4340734918451562,0.0016642598296226323,0.11582034442595095,0.16553513915538082,-0.0042433734137620515,-0.0050944107092859786
20240815,5089,5090,5089,0.99980353634577601,0.99958743509296499,-0.0011319855426220272,0.0057189662221984001,0.55020632737276476,0.52782054082756369,-0.003585090233638739,0.4438986048339556,-0.0017344132899447314,0.33460826357341256,0.05023461505119263,0.00013152185378205604,-0.0024782649230798842
20240816,5089,5090,5089,0.99980353634577601,0.99955726871243145,-0.0072526676754258177,0.0071876462040257405,0.57673413244252314,0.59565916007930597,-0.0064540741715979118,0.44409510709373157,0.00077928080673098608,0.16566435452619377,0.11077712945720022,-0.0072538016826055674,-0.0072514049972509419
20240819,5088,5089,5088,0.99980349774022403,0.99972442396470784,-0.0075969633038601332,0.0090422536455212581,0.59591194968553463,0.59361894002915117,-0.0082921294618394335,0.47032232704402516,0.0057525559454384778,0.20604743255316887,0.10669383531886512,-0.0060265720461140362,-0.0094105301883024416
20240820,5089,5090,5089,0.99980353634577601,0.99955985597198982,-0.019707716953571791,0.017549472043363382,0.6639811357830615,0.70555260265999198,-0.015408270881326607,0.53527215562978969,0.0041307810210853505,0.10462573183138543,0.15050441948953291,-0.021123344970903336,-0.018141473997615003
20240821,5090,5091,5090,0.9998035749361619,0.99967159101242675,-0.008486388923209234,0.0097495858119080094,0.61296660117878188,0.59111524277710714,-0.009478147847499032,0.48978388998035366,0.0017759414279112642,0.13742861402786771,0.11466859074294002,-0.005796181271334422,-0.011866734397881841
20240822,5089,5090,5089,0.99980353634577601,0.99964553729424055,-0.017643938857130628,0.019436081380656903,0.6529770092356062,0.67280084023118536,-0.013928571962544161,0.546276282177245,0.0021106681182817121,0.094674080888417403,0.1376567815069473,-0.019127201415436914,-0.015822151456990147
20240823,5087,5088,5087,0.99980345911949686,0.99971977730979378,-0.0052384143295647759,0.0083888887790142981,0.61391782976213882,0.58113774694906517,-0.0092829055651254076,0.49891881265972088,0.00060271450958574585,0.18953447394849379,0.087068539261264608,-0.0014605074591255123,-0.0097185066164973254
20240826,5089,5090,5089,0.99980353634577601,0.99958893010746441,-0.0085661411964709031,0.00981290084525995,0.59540184712124189,0.62268267997321736,-0.0064280309345782407,0.48653959520534484,-0.0010003650615178529,0.27462969978994978,0.063895455083575206,-0.010530083450690201,-0.0062005166846013076
20240827,5088,5089,5088,0.99980349774022403,0.99968454762779557,-0.017273366607282317,0.017987923549873643,0.63580974842767291,0.69099191286608974,-0.012205770751085653,0.51139937106918243,0.0056646884429231506,0.11340670611498468,0.12577051223533894,-0.019715186772485654,-0.014429070677678964
20240828,5088,5089,5088,0.99980349774022403,0.99967644472577566,-0.010108546568044949,0.013481914569768562,0.61713836477987416,0.63265986463142787,-0.0089488373133444488,0.53164308176100628,-0.0027345127666016846,0.23121672912455843,0.090416790897164465,-0.011818837420372222,-0.0081211240696386078
20240829,5087,5088,5087,0.99980345911949686,0.99961692478645581,5.0970543209401507e-05,0.0045260040741251922,0.53292706899941023,0.52056304189360914,-0.0025648500156518366,0.43267151562807155,-0.0086436123155777707,0.27591567407873424,0.060186648222302103,0.0010197610876188212,-0.0011040859131710105
20240830,5087,5088,5087,0.99980345911949686,0.99968748719169187,0.010418142188083672,-0.0056023233267518211,0.42461175545508156,0.38510089806558728,0.0055054013191051104,0.31334774916453706,-0.0034355650731768819,0.26313657486395919,0.049990104646968396,0.011683520614565943,0.0089277726565787051
20240902,5085,5086,5085,0.9998033818324813,0.99971799707292475,-0.023150723116735661,0.019722593696262256,0.69105211406096367,0.74400554600205226,-0.016511843627019487,0.57856440511307772,0.0081568876387400121,0.11867281815318087,0.13480195542937198,-0.029134322817730967,-0.016425659440281921
20240903,5086,5087,5086,0.99980342048358561,0.99971835118848296,-0.0025079323191133968,0.0026328372621386882,0.55918206842312235,0.55527467063405456,-0.0046378854489937185,0.42646480534801418,-0.0010874033219800314,0.3123768405458382,0.054929012478693078,-0.0032978110845512686,-0.0016070764924509778
20240904,5086,5087,5086,0.99980342048358561,0.99970675238886586,-0.01376285094190091,0.012474492522018337,0.61541486433346437,0.65618470821238972,-0.0093612746343178406,0.49665749115218244,0.0050376439493394921,0.13316116709935333,0.13581876536495743,-0.016985620678198081,-0.0099257277182988896
20240905,5086,5087,5086,0.99980342048358561,0.99969636179069266,-0.0018496281610565653,0.0047935491510146724,0.57963035784506489,0.53277485003031433,-0.0063207816604084581,0.47168698387731028,0.0021420826202576504,0.26755926227220878,0.081097375858883186,0.0012697066550385935,-0.0054298828564510937
20240906,5086,5087,5086,0.99980342048358561,0.99972952160211848,-0.013685584697854917,0.012909376344518419,0.63212740857255212,0.63055067402600762,-0.012205622223406862,0.49174203696421548,0.010697040314439807,0.082929490645777232,0.16049553245916345,-0.011237404592500848,-0.016514079720371479
20240909,5084,5085,5084,0.99980334316617503,0.99975624544284269,-0.013143073936570149,0.014768221934578104,0.63886703383162868,0.66398305485192399,-0.010231977914388056,0.5395357985837923,0.001262603520069884,0.15466205432143396,0.14044378700539459,-0.01518557883806327,-0.010592077048904287
20240910,5084,5085,5084,0.99980334316617503,0.99975233789316154,-0.0048560488201034417,0.0037920543664604752,0.58123524783634928,0.56153071740759242,-0.0055811390600861658,0.44630212431156568,0.0001848693502506096,0.22964504337364353,0.098492983530414732,-0.0036736404876864994,-0.0061596248926565475
20240911,5088,5089,5088,0.99980349774022403,0.99978084233754116,-0.0082215467022320396,0.0097240816023667215,0.59964622641509435,0.58513183904796251,-0.0075624802872032403,0.47818396226415094,-0.001913563903632811,0.15599965656562526,0.11915251050331113,-0.0072353076037539382,-0.0095172039842131937
20240912,5088,5089,5088,0.99980349774022403,0.99978561135086153,-0.0064584509479815935,0.0089108758969763391,0.58628144654088055,0.5797200439560366,-0.0065757205261811353,0.47818396226415094,0.0015515305441339243,0.14172792875690543,0.13604406924024184,-0.0066402050044580734,-0.006236151640230907
20240913,5088,5089,5088,0.99980349774022403,0.9997057872216184,-0.010476986473895715,0.012446664708558496,0.61025943396226412,0.62600893180430717,-0.010315661140287011,0.48073899371069184,0.0078142112087215849,0.11212745550586929,0.1508523604746056,-0.0089058923235899919,-0.012452131177355746
20240918,5084,5085,5084,0.99980334316617503,0.99973070965384647,-0.012110251466139798,0.011626113040873274,0.64044059795436659,0.6328978735916424,-0.012023395758994301,0.50216365066876478,0.0034839181308275249,0.20581561667724299,0.09672830663402969,-0.010847341050039157,-0.01353053537223798
20240919,5089,5090,5089,0.99980353634577601,0.99972916465091699,0.0035969631984665829,0.00090179493432021216,0.52937708783651016,0.43843863953791901,-0.0018654002680110599,0.44213008449597169,-0.0017567028946782841,0.31037069783050991,0.071036833113781658,0.0059082746283905026,0.00092166916343184831
20240920,5089,5090,5089,0.99980353634577601,0.99980911700057939,-0.007678033947723594,0.0082600408362429115,0.60306543525250544,0.6254566457445071,-0.0079440160120583993,0.47317744154057773,-0.0010614970886147152,0.24719278027023509,0.097382393733818753,-0.0079655511623872612,-0.0073150822592945308
20240923,5090,5091,5090,0.9998035749361619,0.99974643689766396,-0.0047790756703653204,0.0059148772461383222,0.57917485265225932,0.57020029533782424,-0.0063535616649511477,0.46110019646365424,0.003075461117613352,0.24619727926066665,0.10277706324061961,-0.0044466606661117056,-0.0051942851725886221
20240924,5091,5092,5091,0.99980361351139047,0.99969518001275437,0.010805599532858113,-0.00058857517785889074,0.48124140640345708,0.37552773173510456,0.0011542825011055502,0.40620703201728542,-0.0035968122592002529,0.31619446234448223,0.0064607981255709671,0.015928119630844943,0.0046352420079511921
20240925,5093,5094,5093,0.9998036906164115,0.99969778154249522,-0.0037396296047652101,0.0045199724434255035,0.5403494993127822,0.58785543713732313,-0.0029039271433566965,0.42725309247987436,-0.0015101598427358803,0.41083026900194286,0.062626809724021709,-0.0059052553135050317,-0.0012447300668893702
20240926,5094,5095,5094,0.99980372914622173,0.99965171111375317,0.004755071141164852,0.0033009955689027801,0.52336081664703571,0.45661798287324384,-0.0016006765548506234,0.44680015704750686,-0.0036884159363412242,0.40978306426443328,0.010060245785919159,0.0079286035471884831,0.00086586894621441032
20240927,5094,5095,5094,0.99980372914622173,0.99952762218516056,0.0056359977530716912,-0.0029441339806158583,0.43639575971731448,0.40821744485854045,0.0040602667541359766,0.30742049469964666,-0.0022009741412126111,0.36494471936406742,0.0092333586455178532,0.0069930252255469708,0.0040481428304827904
20240930,5091,5092,5091,0.99980361351139047,0.99935652149951149,-0.005606449656539933,0.0070889584299075447,0.58986446670595172,0.59191379574057479,-0.006005266486893558,0.49420546061677473,0.0009197081481891493,0.59142331173951868,0,-0.0038126566398020952,-0.0073676224516822254
20241008,5087,5088,5087,0.99980345911949686,0.9991372492576962,-0.024608240180092836,0.01561862509042659,0.79673678002752113,0.84216633710133837,-0.022162733253236783,0.70198545311578531,0.0025691590399886284,0.74615456925365131,0.0090521683893706618,-0.02610424712132501,-0.023183742677128392
20241009,5087,5088,5087,0.99980345911949686,0.99903101189453347,-0.032492112340357156,0.025368012373970076,0.83310399056418316,0.86969437571583808,-0.028355070808667192,0.7517200707686259,0.0082366297427185035,0.15767939583284132,0.080488360516776061,-0.035257378501070434,-0.028890270309865289
20241010,5089,5090,5089,0.99980353634577601,0.99767344635148925,-0.013749717340452411,0.011876281481117183,0.63450579681666341,0.6720636910215354,-0.0091705551068013962,0.52937708783651016,0.0084159728033270376,0.19155387316390626,0.066436236485466385,-0.018041857958809405,-0.0080238654078547966
20241011,5089,5090,5089,0.99980353634577601,0.9978669230137559,-0.026494146663313518,0.021126621133140365,0.74867360974651209,0.80094654267309162,-0.02269788035327177,0.62684220868539986,0.007249073430833055,0.097834226989795936,0.090266062119961563,-0.028339951814517379,-0.024204282107931494
20241014,5090,5091,5090,0.9998035749361619,0.99720890482550062,-0.0014634920068972701,0.0029505135069909801,0.60589390962671907,0.52869522086267906,-0.0070526066363006783,0.51159135559921409,-0.00064517011991280216,0.44045638814746235,0.016909527103448604,0.00012287472934880336,-0.0035858518959344743
20241015,5091,5092,5091,0.99980361351139047,0.99597770202542013,-0.018479789777124653,0.01395348537222833,0.67354154390100174,0.73615505641255508,-0.012830214920551461,0.54625810253388329,0.0062974939799242454,0.12073802492478861,0.11938762246009953,-0.024045198821870149,-0.010836777979219985
20241016,5094,5095,5094,0.99980372914622173,0.99739050974427867,-0.010285059903274659,0.010713513053007499,0.64585787200628186,0.66004919810073126,-0.010977885423530632,0.55751864939144091,0.0052434202134153743,0.21493923038980065,0.051535575075104763,-0.012258608331412787,-0.0075690943961464205
20241017,5097,5098,5097,0.99980384464495886,0.99765322285417968,-0.012174936379990916,0.0098919197490317159,0.63213655091230136,0.62649213622771416,-0.010477580767936137,0.49872474004316264,0.0039910284421766726,0.19054825489324298,0.092497039766827313,-0.014029006483554624,-0.0095963494208430936
20241018,5096,5097,5096,0.99980380616048659,0.99803449383295206,0.0064752085692958324,0.0016478895601261384,0.51197017268445844,0.4025342111607077,-0.00081745105448081566,0.43347723704866564,-0.00037852886939985543,0.34875038233291739,0.0075535415898233928,0.011631172470558017,-0.00057738507237496738
20241021,5096,5097,5096,0.99980380616048659,0.99773733713993396,-0.0092953533802370685,0.006349962471757324,0.64030612244897955,0.64366691691746503,-0.0096814144375914277,0.50667189952904235,0.0011208349543446756,0.39904772915789244,0.036801993182969304,-0.011297981881216619,-0.0067051596052843838
20241022,5096,5097,5096,0.99980380616048659,0.99844115299266722,-0.014116045623929549,0.011389277533332555,0.57437205651491363,0.63200863413404862,-0.0063950484138126634,0.47095761381475665,0.010005766038907087,0.25716979594607059,0.033483617714171292,-0.021645561568202451,-0.0046715296703234597
20241023,5093,5094,5093,0.9998036906164115,0.99827801506575442,-0.012406123189748942,0.011739520716625151,0.60416257608482227,0.63803441268001992,-0.008268195895675387,0.50834478696249752,0.0066118502237783629,0.20138488233241922,0.05897502620645436,-0.015675915128449125,-0.0083203572710543443
20241024,5095,5096,5095,0.9998037676609105,0.99880680870818084,-0.017744882804117897,0.015995560407115257,0.67929342492639844,0.69553325521308684,-0.016697470059372461,0.58861629048086361,0.0060298273761178259,0.18278164804697944,0.05623698033407714,-0.020308082813185628,-0.014435392788155416
20241025,5095,5096,5095,0.9998037676609105,0.99875036719085497,-0.001509056657725762,0.0055410315174867783,0.5678115799803729,0.52749417988991332,-0.0055554865630122715,0.49676153091265945,-0.0014498598150579588,0.29099636489888875,0.026111206828182895,-0.0020682018696353138,-0.00086961133786734115
20241028,5091,5092,5091,0.99980361351139047,0.99892234615687225,-0.0074716552688208066,0.0066890101902947231,0.57041838538597522,0.58915242460214901,-0.0059037142020679475,0.48497348261638185,0.0042732087530997628,0.3308314796500974,0.029963862422863256,-0.013069150178042719,-0.0017454395115816862
20241029,5092,5093,5092,0.99980365207147059,0.99862109175038616,-0.022805748253904475,0.019478946741080229,0.72977219167321283,0.72636418944514225,-0.021919815221131934,0.63256087981146902,0.0063135679456667246,0.14823185821292328,0.07513395340065708,-0.023217434569462403,-0.022358702401043779
20241030,5090,5091,5090,0.9998035749361619,0.99800375649639939,-0.013502730805347314,0.012720406704242128,0.65383104125736735,0.63450588655870443,-0.014511906583264851,0.56188605108055012,-0.0015099252050915328,0.23731242088115065,0.050908160177389188,-0.015093542298766818,-0.011587326382361846
20241031,5092,5093,5092,0.99980365207147059,0.99847555034974877,-0.0085996582572556088,0.0079619749709976019,0.60329929300864105,0.57128703228913313,-0.0081183707626201022,0.51237234878240379,0.0049583596007820967,0.31180256134569295,0.034897247362476173,-0.010833824101088766,-0.0057549850993340963
20241101,5092,5093,5092,0.99980365207147059,0.99809107054562551,-0.027662026251166111,0.023570522424844895,0.67772977219167319,0.72644581349070514,-0.018757985725103572,0.56107619795758057,0.01393663854093556,0.10079723551090153,0.066923509481269766,-0.034045626840992868,-0.019668362478923639
20241104,5093,5094,5093,0.9998036906164115,0.99810114195594357,-0.0017954939149183251,0.0042009036128036669,0.54957785195366193,0.52340251703332608,-0.0038366675801589497,0.45179658354604357,0.0016376559417144712,0.31140692840904111,0.026200282386353864,-0.0021142649340452663,-0.0013760892572254697
20241105,5096,5097,5096,0.99980380616048659,0.99766291482215774,0.0028042934835229971,0.0022253464958878677,0.5088304552590267,0.47699251490043049,-0.0007057169903515769,0.41777864992150704,-0.0014121671459159778,0.39776275101449793,0.006910560478772431,0.0033734015674103169,0.0020862350279367554
20241106,5097,5098,5097,0.99980384464495886,0.99788692146550595,-0.017669258270458711,0.015257478286413755,0.65646458701196786,0.72258856653695092,-0.011468382555032295,0.54777319992152251,0.0052047669568109529,0.29587752162128961,0.035863428537321031,-0.023513785015351767,-0.010302424327082676
20241107,5097,5098,5097,0.99980384464495886,0.99839142068293107,-0.0033934756976625835,0.0052764460180711415,0.50539533058661956,0.51982572732824728,-0.00045912143594418309,0.42887973317637829,0.00094653400495742787,0.30708703562523926,0.013827198241594575,-0.0083200989757908784,0.0027166100624433503
20241108,5099,5100,5099,0.99980392156862741,0.9987765400184464,-0.017021389848676658,0.014398137192525173,0.66130613845852126,0.68604258898112613,-0.013178325760240465,0.56089429299862714,0.0029229257688546013,0.20861250036001588,0.046339670047709537,-0.019824021358953559,-0.013658495228723986
20241111,5094,5095,5094,0.99980372914622173,0.99905639817561742,-0.0049476655123873014,0.005218745779628573,0.57656065959952885,0.53652994910204777,-0.0063565404133479764,0.47526501766784451,-0.0013723645828393749,0.30345066839926454,0.028114645822247181,-0.0067808834320949697,-0.0027817323090975625
20241112,5095,5096,5095,0.9998037676609105,0.99894280546016245,-0.025639269990169643,0.020523400616913441,0.68969578017664379,0.73393784427052366,-0.016559846453206808,0.60058881256133467,0.0027002842026580681,0.12773818988296304,0.057928523892055515,-0.031178426080681349,-0.019349513994321187
20241113,5095,5096,5095,0.9998037676609105,0.99935250437002354,-0.013258363016579509,0.013323896100291565,0.66732090284592738,0.64716938749100561,-0.01515718128686999,0.58056918547595682,0.0027292297131407059,0.19324736850500143,0.03495437022227825,-0.01344620065533219,-0.013030503962351923
20241114,5096,5097,5096,0.99980380616048659,0.99928886921636573,-0.03037652546566354,0.025973751491362038,0.73076923076923073,0.77487714005589559,-0.024301415231956058,0.63775510204081631,0.0079111612366699266,0.037245008524798999,0.10492755405275639,-0.03461744550382273,-0.025289290817296046
20241115,5097,5098,5097,0.99980384464495886,0.99881640180373177,-0.020700017236128708,0.020977751905549902,0.69688051795173633,0.71641312734847018,-0.017678877810973364,0.6162448499117128,0.0063475715459107278,0.068293120842454841,0.093525616030513015,-0.023968958906654566,-0.016567096960306629
20241118,5094,5095,5094,0.99980372914622173,0.99904244239536477,-0.019911835282278915,0.017958174421386395,0.70318021201413428,0.71269288475828318,-0.01685574831699543,0.596780526109148,0.0098307252415015881,0.10124955950240863,0.086943682674536907,-0.023252680717311749,-0.016050983268901375
20241119,5096,5097,5096,0.99980380616048659,0.99914324606496463,-0.0081598308297067372,0.0091720519664238009,0.62656985871271587,0.62501891626485395,-0.0085729917953338459,0.54709576138147564,-0.0037822570358930704,0.42465790232162359,0.017414918362513895,-0.0099661338020570495,-0.0059148745618920933
20241120,5100,5101,5100,0.99980396000784155,0.99918029699949296,0.0025214418016191813,-0.0013945758386389724,0.50725490196078427,0.5050878792058674,-0.00043632307969515907,0.38607843137254905,0.0012381647553776649,0.34790426754447878,0.045873041438980237,0.0010926273998273981,0.0041183046812062404
20241121,5100,5101,5100,0.99980396000784155,0.99943876780464358,-0.011560305234281741,0.01167545646551885,0.64078431372549016,0.64264180888479772,-0.011417023218004899,0.54039215686274511,0.0060171650380494227,0.23437956077309816,0.046068366332740328,-0.013908235497003056,-0.0087796195858501277
20241122,5102,5103,5102,0.99980403684107388,0.99921058775798899,-0.025955888289685029,0.024181342511985272,0.71030968247745985,0.74703274003519615,-0.020066661942977196,0.60780086240689923,0.0047287460756187776,0.047038939605063848,0.12582344674938778,-0.030805894261902448,-0.020619578465325507
20241125,5101,5102,5101,0.99980399843198742,0.99909338023246563,-0.012187306737516352,0.012562957221589713,0.67751421289943148,0.67752902721129749,-0.013782051156177698,0.59498137620074498,0.00076524505362302216,0.25256166124356544,0.040457995531976085,-0.015508487244918955,-0.008308032382123489
20241126,5103,5104,5103,0.99980407523510972,0.99947902567335478,-0.01766792217805193,0.01551097772435019,0.60944542426023907,0.6729026933057265,-0.0092071595369404378,0.48873211836174801,0.0057571209218787462,0.11028854512869277,0.093489125918582994,-0.025733745523043753,-0.0087841716616699761
20241127,5102,5103,5102,0.99980403684107388,0.99885569748721059,-0.00023552055968002487,0.0045382969062826668,0.64719717757742057,0.52221398749189685,-0.0098293800937139623,0.55684045472363775,-0.0048037669829845541,0.37730675881737269,0.025910313428152434,0.0062951921568334748,-0.0073647785688570619
20241128,5100,5101,5100,0.99980396000784155,0.99934862952975378,-0.011496077904594507,0.011117352436875647,0.60725490196078435,0.62547419368694679,-0.0085981033609108699,0.50803921568627453,0.0057918705541634896,0.14468134292044046,0.097825792745612178,-0.01590681667338557,-0.0067488792675511958
20241129,5105,5106,5105,0.99980415197806505,0.99931786923532873,0.0032527136704385666,0.0033598518088179502,0.57473065621939279,0.48287810322811936,-0.0049981064424823645,0.49931439764936336,-0.0020483137859380017,0.30444618623514375,0.020712484239259657,0.0082251401171179444,-0.0022154060907123452
20241202,5103,5104,5103,0.99980407523510972,0.99941533363711221,-0.0016938449265056635,0.0030241824678509297,0.54183813443072704,0.53862803265754244,-0.0030683665254662212,0.44444444444444442,0.00035763973563168695,0.38448469008280411,0.03071375828506279,-0.0047385673239384741,0.0013406995624955351
20241203,5103,5104,5103,0.99980407523510972,0.9995238587040246,-0.017347841349901923,0.015124198230112601,0.6554967666078777,0.6827602592788794,-0.01334334305124852,0.57240838722320209,0.005038074809241417,0.22189094225102038,0.048919216029689419,-0.021936394058532274,-0.012593285646796373
20241204,5103,5104,5103,0.99980407523510972,0.99953432866894443,-0.019256091781703063,0.018241491387054932,0.67391730354693313,0.69314429185626336,-0.016938326904732282,0.55947481873407801,0.006910445476742251,0.13701445401321516,0.089915637096902604,-0.021010847597173345,-0.017380084194045034
20241205,5106,5107,5106,0.99980419032700218,0.99951993664528682,-0.00088063161912241305,0.0046693391508834158,0.59909909909909909,0.5160289182861344,-0.0082940655653537081,0.52741872307089699,-0.0013634954358908307,0.25199083767272307,0.037905612681800378,0.0016661136353941504,-0.003619241935367844
20241206,5104,5105,5104,0.99980411361410382,0.99945625737444588,-0.0071733112938915161,0.0093429472980653162,0.59502351097178685,0.59218396260292627,-0.0074484753054935241,0.50940438871473359,0.0032461555290858876,0.30390867661017174,0.023254991755868766,-0.0099095667649893564,-0.0042656750813289575
20241209,5102,5103,5102,0.99980403684107388,0.99952414196393113,-0.018733646850679429,0.015828085064891827,0.64562916503332024,0.65791237775637634,-0.013606839324660107,0.5360642885143081,0.006124718781851635,0.16573483479598713,0.062166211067903751,-0.024061089463627169,-0.013402815364071251
20241210,5104,5105,5104,0.99980411361410382,0.99962978777504785,-0.0094165050522405144,0.012030963180032278,0.64792319749216298,0.63249827177271656,-0.010980338901275651,0.58268025078369901,-0.00076396327823536996,0.31249085631507806,0.036861745750254971,-0.010021583598814849,-0.0088108873641135864
20241211,5105,5106,5105,0.99980415197806505,0.99960498120616637,-0.0076576485351503827,0.010024715530297587,0.59902056807051907,0.57334092038237117,-0.00864136234889183,0.52164544564152793,0.003087403242234844,0.26354380651236908,0.030204282017404813,-0.011505961477119079,-0.003908624229243385
20241212,5106,5107,5106,0.99980419032700218,0.99897904478786714,-0.0074793346830871804,0.0094953767095392518,0.60340775558166859,0.57147678890366327,-0.0095403333954807209,0.52075989032510772,0.0019321231879483088,0.27602046759767346,0.033241089202021193,-0.0069595055936568844,-0.0079636416633784464
20241213,5105,5106,5105,0.99980415197806505,0.99935857694390784,-0.019936773664881842,0.018713887725994575,0.70107737512242896,0.67062765286181703,-0.019286644459527779,0.59706170421155724,0.0029270855517167828,0.071985491372405591,0.1200829425456062,-0.019182694099922661,-0.020690099863341985
20241216,5109,5110,5109,0.9998043052837573,0.99955739637717989,-0.019476260452177738,0.018626492672545077,0.69015462908592684,0.68391941982243709,-0.018059397205398443,0.59404971618712077,0.0091363751230525564,0.13827164193500707,0.073513970634089584,-0.021881772020740233,-0.017064483929965769
20241217,5106,5107,5106,0.99980419032700218,0.99926557841724062,-0.026301532314251062,0.02567534107209829,0.75734430082256166,0.76049393798154596,-0.024972345925386205,0.64453584018801413,0.0065485076057928832,0.11752720348856308,0.085417017656085253,-0.022357918563417293,-0.030142788381540081
20241218,5107,5108,5107,0.999804228660924,0.99860779334866034,-0.00059177893407667674,0.0042903009343433435,0.58644997062854909,0.53798930765922581,-0.0061922475497581597,0.47111807323281768,0.0038528866406264926,0.24824537176279998,0.053635039968690165,0.0024018542146881645,-0.0039272746845712553
20241219,5106,5107,5106,0.99980419032700218,0.99917159893413998,-0.0071164816734725642,0.010633326413971309,0.66137877007442225,0.58448462126394352,-0.01360753085554073,0.57461809635722683,-0.0020053854048488603,0.16883801813716362,0.054804469761895236,-0.0034166438158418503,-0.011502294744014209
20241220,5111,5112,5111,0.99980438184663534,0.99876676080782323,-0.0023764933278407024,0.0054558691904412178,0.55957738211700259,0.52673090852954174,-0.0047510242071454123,0.45940129133242025,0.0022563297957593829,0.23452325540592961,0.05400735657612802,-0.001581914826455341,-0.0033002644273601414
20241223,5109,5110,5109,0.9998043052837573,0.99911296606130429,-0.026432036140584696,0.022997838401085866,0.70444313955764337,0.75286179618376392,-0.02071066132630928,0.56351536504208255,0.011407843737453625,0.11705945385479308,0.10237646782504625,-0.02625698248823222,-0.026615231997936667
20241224,5109,5110,5109,0.9998043052837573,0.99890693214908222,-0.0041658067525825425,0.0068538969165501404,0.59639851242904673,0.56465747158337065,-0.0077079669391673031,0.48287336073595616,0.0039939645886746264,0.31465197196820233,0.023585486529363445,-0.0023183711853998882,-0.0062503499536622764
20241225,5106,5107,5106,0.99980419032700218,0.99848467264180474,-0.018709588214337668,0.018217291424420627,0.71092831962397185,0.68585097930544714,-0.020276151711085252,0.60908734821778299,0.005031502717808594,0.12617935264772207,0.080497215583747964,-0.015187436143152265,-0.022695058721493931
20241226,5109,5110,5109,0.9998043052837573,0.99895677066657207,-0.00039154153971373835,0.0051647885076995491,0.5875905265218242,0.53471775478618644,-0.0072350246898369641,0.50048933255040129,-0.00025083079330553504,0.30320800681069804,0.055335863372200998,0.0040136653874412054,-0.0058943488410355717
20241227,5107,5108,5107,0.999804228660924,0.9977004910361974,-0.013517189634214942,0.01338422358780989,0.59839436068141771,0.64778980139629072,-0.0070099644929900338,0.49951047581750541,0.0015423051872967049,0.23944558233346666,0.052663224353291592,-0.019775707343350948,-0.0060427580730751601
20241230,5104,5105,5104,0.99980411361410382,0.9984726478075554,-0.013859647183157391,0.01188617557365208,0.62715517241379315,0.65080481653249767,-0.011363536471223321,0.50215517241379315,0.0045880615629573067,0.1891978185774566,0.076392260834498599,-0.01382065853353024,-0.013905187560959787
20241231,5107,5108,5107,0.999804228660924,0.99902117267417578,-0.028264240629013927,0.023915558031022473,0.67710984922655182,0.76569822128553355,-0.017987268930079278,0.57215586449970623,0.0076443821428532274,0.054341680166235903,0.13169062269149373,-0.0342125488222264,-0.0215530934056225
20250102,5105,5106,5105,0.99980415197806505,0.99917464731778649,-0.022130104329520815,0.021840676346070433,0.70166503428011751,0.75108029480212446,-0.016202156345980538,0.60920666013712044,0.0028699890932031361,0.083359884552920607,0.10643156012436995,-0.026812327542974211,-0.016921766248402467
20250103,5108,5109,5108,0.99980426697983948,0.99918617442889335,-0.020040861731484699,0.020565229769442011,0.69596711041503523,0.74816410759391072,-0.016587682705250247,0.58829287392325769,0.0044289524085433067,0.067933929045960129,0.13578878332073271,-0.021350010933791626,-0.018713011893663565
20250106,5106,5107,5106,0.99980419032700218,0.99930439004464267,-0.012208038819384535,0.013785319329888576,0.65452408930669803,0.67876043511212103,-0.010884975177962421,0.54289071680376033,0.0035629785713894059,0.2034292967395217,0.095591513091234523,-0.012641392945353358,-0.011743690523834229
20250107,5109,5110,5109,0.9998043052837573,0.99907026729109849,0.0049723671053338832,-0.0021196936086788315,0.51379917792131535,0.44166054567967589,-0.001071228070966528,0.40125269132902719,-0.0023151251182024083,0.30523024362245699,0.051911826926390889,0.0078170958395272667,0.001552639432655735
20250108,5109,5110,5109,0.9998043052837573,0.99933323866538892,-0.0090021625702007054,0.0096533732739328207,0.64905069485222155,0.6550479855924779,-0.010372971903442814,0.52573889215110592,0.0033928760348814679,0.19901933673454608,0.067937990351329372,-0.0074858480645963064,-0.010765860589417468
20250109,5110,5111,5110,0.99980434357268633,0.9988795583099076,-0.0019248128740983557,0.0048448813076791804,0.56242661448140896,0.54534404866120401,-0.0050308275045232035,0.44696673189823877,0.001365898324549219,0.20923774350138086,0.091129516659227208,-0.0016116342739630693,-0.0023268451408545595
20250110,5111,5112,5111,0.99980438184663534,0.99931012611744574,-0.017081637168922144,0.01818655128415134,0.65916650361964391,0.7042578253406615,-0.013406265304797814,0.53042457444727065,0.0077864025468067973,0.057277028247743764,0.13471698759962278,-0.018232490117160501,-0.015631235321628537
20250113,5110,5111,5110,0.99980434357268633,0.99935200729677265,-0.0087320151651770084,0.011333172533157581,0.63170254403131121,0.61963837617859463,-0.0089906729746428576,0.53424657534246578,-0.0010894974481281041,0.20956231209081971,0.085534914863843625,-0.0092278340715883818,-0.0081252906515706606
20250114,5113,5114,5113,0.9998044583496285,0.99933108444545926,0.016822564559995378,-0.0096010497110570192,0.41286915705065519,0.28181172923605258,0.0065122547036640232,0.33522393897907293,-0.0057991662159702917,0.2751262002524768,0.0086212563594729435,0.022756555367727572,0.009793578084534205
20250115,5115,5116,5115,0.99980453479280684,0.99954448787187533,-0.015481050687819922,0.013329689474374618,0.64359726295210162,0.70136096097670775,-0.011504957542415997,0.52023460410557187,0.0069330500413308169,0.20497312431131123,0.091907196407531561,-0.019273334167394001,-0.010594290658962556
20250116,5115,5116,5115,0.99980453479280684,0.99956846948777944,-0.0066777376213691762,0.007396093793566135,0.59589442815249272,0.61814520886381352,-0.00712997718898739,0.47878787878787876,0.0019885553217127332,0.27853627531789915,0.054657213203094822,-0.0073618337072184148,-0.005795368308921133
20250117,5114,5115,5114,0.99980449657869008,0.99887201936571446,-0.0056368525929243454,0.0088456647192597434,0.61615174032068831,0.57424119596979173,-0.0089846460324903357,0.52072741493938213,0.00016458994834964071,0.20785589719789552,0.070405240012954631,-0.0042898681347308433,-0.007326215345966957
20250120,5113,5114,5113,0.9998044583496285,0.99902660131485388,-0.0049151154675837307,0.0076750237525772848,0.62507334246039503,0.57110443226967234,-0.0092428453304780091,0.54195188734598088,0.00023503475238273713,0.27653328968602237,0.053291225262025697,-0.0028630622613531826,-0.0073346660569256136
20250121,5115,5116,5115,0.99980453479280684,0.99931734511559522,-0.0034284566357203014,0.00561434900739339,0.62365591397849462,0.54493034789553862,-0.010412310462341869,0.49677419354838709,-0.0022457219839808235,0.22363732418918533,0.061025200511297797,0.002500021677921664,-0.01138093221470538
20250122,5119,5120,5119,0.99980468749999996,0.99943236423994541,-0.01270499206737368,0.013564236811402347,0.65227583512404763,0.63579576788504311,-0.013216857157242839,0.55987497558116817,0.0044429334163969512,0.11136356558856743,0.10116400139133278,-0.011514714413323534,-0.014386956207740878
20250123,5120,5121,5120,0.99980472563952349,0.99934775003897747,-0.0089356424805060158,0.010090651977530155,0.58984375,0.62280644696647458,-0.0067813577820188438,0.50136718749999998,0.0044134483959896963,0.1521897513981528,0.10569452743418281,-0.011655560366111281,-0.0053571285576412093
20250124,5117,5118,5117,0.99980461117624075,0.99945469839007461,0.0066583186348686324,0.0010939883623525548,0.53742427203439513,0.42692570768157123,-0.0029665136834948077,0.43482509282782883,-0.0033562171818187674,0.27176754289553917,0.04983032876968628,0.013340563801182427,-0.0019665135891469049
20250127,5118,5119,5118,0.99980464934557534,0.99939844628238395,-0.022376439723414004,0.015849680605817713,0.63012895662368118,0.70719817158228615,-0.010740682439012427,0.49941383352872215,0.011440286215147109,0.14456484731701513,0.12107683042865292,-0.030396896225082265,-0.012312884719314849
20250205,5120,5121,5120,0.99980472563952349,0.99955552077572962,-0.0025486623943203673,0.0056373144823104624,0.58515625000000004,0.52454037618738691,-0.0071583287582586558,0.49277343750000002,0.00082343960415210121,0.27486938810055622,0.08539793400087127,-0.00051341085302383847,-0.0053700750691989376
20250206,5120,5121,5120,0.99980472563952349,0.99923775789219726,0.0061167776183800688,-0.00095162917377712686,0.50351562500000002,0.42469368925333689,-0.00031498708314124657,0.40546874999999999,-0.0035067287337767401,0.34527983377563087,0.025389936271342142,0.0071388140579079018,0.0047438380893980543
20250207,5121,5122,5121,0.99980476376415461,0.99945479271771387,-0.0026362358563319825,0.0056532388682344102,0.58758055067369652,0.57671760719973642,-0.0057593773083293286,0.47803163444639718,0.0031673567365074875,0.36900357296356545,0.024321149823780672,-0.0026735789390583673,-0.0025865883808609776
20250210,5122,5123,5122,0.99980480187390197,0.9994585880546436,-0.004274356428640551,0.0032116414863069204,0.592151503319016,0.5762747690377813,-0.0073085635117682204,0.48399062866067943,0.0020602090600840574,0.36953157212250159,0.056079339426009601,-0.0061914721946141832,-0.0018498491033061215
20250211,5121,5122,5121,0.99980476376415461,0.999557819216774,-0.017857768243265616,0.015154605589436659,0.68443663347002537,0.69291809312469399,-0.01696834170147532,0.58113649677797308,0.0044559510434341674,0.16997300195961682,0.05320971334069699,-0.020699529805111517,-0.014128153037491398
20250212,5121,5122,5121,0.99980476376415461,0.99962649795949354,-0.0016395206184973154,0.0041044822311828858,0.60027338410466702,0.52252094636027258,-0.00803096114077851,0.50751806287834411,0.0016645851170252518,0.33075591186485925,0.026513206132841555,0.00058782888760490698,-0.0046141922200060338
20250213,5122,5123,5122,0.99980480187390197,0.9992269921658633,-0.016280283007964434,0.014278012242051542,0.61909410386567743,0.64036299377851391,-0.011818672827134731,0.50917610308473249,0.0059205625307800127,0.13210620203630388,0.09539412228639782,-0.019354228486449136,-0.012017763304776916
20250214,5121,5122,5121,0.99980476376415461,0.99931109564526244,-0.0091639289513020684,0.0099543715313679133,0.64850615114235499,0.58854237917490693,-0.014206001557534693,0.54676820933411441,-0.0017982826248010807,0.19260220242605094,0.034777576090235289,-0.006870369770705805,-0.012334593782879408
20250217,5125,5125,5125,1,1,-0.0094020526181954975,0.0077118060057754,0.62048780487804878,0.58072435781608867,-0.009836776638906683,0.50185365853658537,0.0042343774175740301,0.28402227338681546,0.055878188937803247,-0.011937459007112695,-0.0060110301057701441
20250218,5124,5124,5124,1,1,-0.025019673227054694,0.022219413070281923,0.67622950819672134,0.73802412899316749,-0.017341046077897458,0.56381733021077285,0.010370242288903606,0.10153197070618052,0.10476329795944417,-0.028040995208999189,-0.021247245631394018
20250219,5124,5124,5124,1,1,0.0027924885930385563,0.0011243144028959514,0.58196721311475408,0.49608746951265109,-0.0066572935529903557,0.49199843871975019,-0.0031697718221240507,0.39582056409807359,0.026801920934946124,0.0049554675901604551,-0.00010476513064865909
20250220,5123,5123,5123,1,1,-0.0093068263433520419,0.0077193428717769247,0.59984384149912162,0.5932054905977453,-0.0089329524368575303,0.48350575834471987,0.0020278907043048862,0.22427452046300644,0.051589567063861835,-0.012382253512461892,-0.0055017104752998853
20250221,5125,5125,5125,1,1,0.00039196374386075641,0.0031157465326192551,0.60448780487804876,0.49456593120698328,-0.0090226950209316113,0.50731707317073171,-0.0015464713815995321,0.28372857886877778,0.029727689115061851,0.0050286171885155825,-0.0058485826336682053
20250224,5122,5122,5122,1,1,-0.014764318759559858,0.011578173714496032,0.63705583756345174,0.65930191379263592,-0.012552525040701746,0.53416634127294027,0.003840362864896989,0.23213737454551528,0.051386976811489113,-0.019611896636797365,-0.0085611949478645328
20250225,5120,5120,5120,1,1,-0.012650291251425643,0.012354625183666612,0.62636718749999998,0.64293644485425538,-0.01079899100063203,0.52597656250000002,0.0027580688366912395,0.12625064071569214,0.086911453528153063,-0.014853633386260875,-0.0097919854987832521
20250226,5121,5121,5121,1,1,-0.0024078578070375611,0.0039376947514317556,0.59988283538371412,0.51849901366020101,-0.0093100542034647085,0.52118726811169691,0.0017378328772944761,0.26539840065769238,0.025676896265985183,-0.002073966967315224,-0.0028092124110252648
20250227,5119,5119,5119,1,1,-0.019817680986408726,0.015957700160142266,0.64309435436608708,0.68231162835842352,-0.014626536900614115,0.53408868919710883,0.0059535588461947977,0.1552267790815573,0.043123250087385753,-0.024654123339873518,-0.01407090978023527
20250228,5119,5119,5119,1,1,-0.030659083550498154,0.026200575824343174,0.69290877124438366,0.77438804541226092,-0.019755028138881331,0.5844891580386794,0.0092128724264324037,0.044013895991828741,0.12166842629636666,-0.037657433375388051,-0.022803051954705292
20250303,5117,5117,5117,1,1,-0.0091693996200930845,0.0097548952974029612,0.61422708618331057,0.60800721973204841,-0.0087935009426723283,0.51201876099276922,0.0020212034051850158,0.19363461334222312,0.070228503086508992,-0.012607099182470792,-0.0053705638424178239
20250304,5119,5119,5119,1,1,-0.0025106581289332406,0.0049467527730939157,0.61496386012893145,0.5621019653651963,-0.0084115974985787406,0.52353975385817542,-0.00059874113430897699,0.2974943290320699,0.030889119652707697,-0.002774622936281113,-0.0022040597252233219
20250305,5118,5118,5118,1,1,-0.0052246071712966609,0.0046674460643876719,0.58812035951543573,0.5775519427520357,-0.0080245422337830129,0.4611176240719031,0.0036280036091908044,0.26342084964321888,0.049077241258633698,-0.0040393996233651572,-0.0066067636672857456
20250306,5116,5116,5116,1,1,0.010365528016472553,-0.0035535229549663364,0.52795152462861605,0.4103039868905492,-0.0024206065909206835,0.45719311962470682,-0.0016207453272224816,0.29382482855628561,0.026965574142407269,0.016694828036319023,0.0030292412236009483
20250307,5117,5117,5117,1,1,-0.019618149226157733,0.017744052805975886,0.63748290013679887,0.67028144170040427,-0.012635669748250478,0.53273402384209501,0.0072650785714669201,0.13202738846114503,0.065890777095725814,-0.025483205627327542,-0.012898479800333956
20250310,5117,5117,5117,1,1,-0.008189839139931241,0.006354092129259214,0.59820207152628491,0.59421844821228598,-0.008490165997972865,0.47195622435020518,0.0049458989540475378,0.19631017819255769,0.069080625779577326,-0.010367271320349624,-0.0058777609502940545
20250311,5120,5120,5120,1,1,-0.0046777589442372662,0.0065438900627646521,0.61992187499999996,0.57001338356388287,-0.011467475610239123,0.53281250000000002,0.00080840249810712689,0.19980165376729922,0.049631472804067316,-0.0019708883473836813,-0.0075631440463144791
20250312,5119,5119,5119,1,1,-0.0023914116066674133,0.004470588405002549,0.52568861105684705,0.52404763926625086,-0.0023542662922081273,0.42664582926352801,0.0031113454928374182,0.15514807062586106,0.077106134939083137,-0.0030919598283462744,-0.0016529957296791014
20250313,5121,5121,5121,1,1,-0.025071945180318595,0.022430515349882236,0.69771528998242527,0.71585977389832289,-0.0201065028574757,0.5975395430579965,0.0097763748389806289,0.12518426524171564,0.064215107549067799,-0.029111767003535304,-0.02097891574925587
20250314,5121,5121,5121,1,1,0.012628150414991674,-0.0049107642271775083,0.48818590119117361,0.37855156084933816,0.00091699465755554525,0.41066198008201521,-0.00079774293724352817,0.23127449542734227,0.031104804908922895,0.017795157845623626,0.0069966221610799082
20250317,5116,5116,5116,1,1,-0.0097300391424968245,0.0073685330472253894,0.61043784206411256,0.59304063311570088,-0.0097208012435034789,0.50801407349491789,0.0030696702596858224,0.22000894930061091,0.066291647908751097,-0.010529700178410505,-0.0089321406099838463
20250318,5123,5123,5123,1,1,-0.00732330776081662,0.0085313647919361638,0.6250243997657623,0.58777232703767135,-0.011307165756808223,0.5432363849307047,0.0028065667495916664,0.24031617273387321,0.046620844563380691,-0.0051103715451875295,-0.0095679948424552217
20250319,5120,5120,5120,1,1,-0.017198317809965464,0.015237060626290707,0.64511718750000002,0.63825419104141357,-0.014603684809971252,0.54863281249999996,0.0056994971308417866,0.11171419377197993,0.066990571716935621,-0.018912843692293266,-0.015437090478103094
20250320,5122,5122,5122,1,1,-0.010358351185141786,0.010655910483639435,0.62397500976181175,0.60271883313385666,-0.011797701003215269,0.52811401796173374,0.0055683557605095179,0.11075696828097206,0.088066463097972003,-0.010398879629514558,-0.010317577711375883
20250321,5123,5123,5123,1,1,-0.026854070605759967,0.023785446352005621,0.68690220573882488,0.72660453418099857,-0.019883832402864718,0.59223111458130007,0.010202945484976803,0.081101586562371888,0.095742856624537881,-0.031891985335647043,-0.022056139080125985
20250324,5123,5123,5123,1,1,-0.020401282084600767,0.020323382547407131,0.70154206519617412,0.70094830805080088,-0.018979107533386066,0.57173531134101108,0.0095527952703108078,0.17718518631420713,0.073177368911272231,-0.0204291397024895,-0.020377412495079718
20250325,5126,5126,5126,1,1,-0.012955912165244884,0.011936638456186054,0.5912992586812329,0.63164145150327233,-0.0073679956827442817,0.48205228248146703,0.0063074243318459186,0.13934311135049832,0.091508821396508136,-0.01884932639073033,-0.0072602474543449619
20250326,5127,5127,5127,1,1,-0.0041873082543003592,0.0075103716791738908,0.61653988687341521,0.59439408922730241,-0.0091816288961704285,0.54222742344450947,0.00026601442984309272,0.27882866362275932,0.074872066336284002,-0.0029566166727668822,-0.0053610197417285977
20250327,5128,5128,5128,1,1,-0.010026887683538007,0.011260434205616152,0.61329953198127929,0.61925391091547211,-0.0096309610881759808,0.50546021840873634,0.0031105796347153129,0.15455727497499056,0.090701759131466206,-0.0092000719855232435,-0.010789868586613757
20250328,5126,5126,5126,1,1,-0.015699695332513992,0.01470224551426619,0.64046039797112764,0.67462558407046913,-0.012995789652395808,0.51716738197424894,0.0052872695445985961,0.10223873430093414,0.11201814174805186,-0.015304841872901424,-0.016048750409692992
20250331,5128,5128,5128,1,1,-0.017537053328864516,0.017157192310249533,0.70748829953198122,0.69403014470502866,-0.017586581359306554,0.59808892355694232,0.0073182262214251739,0.14497666813598145,0.083716832141199196,-0.016012580168815734,-0.01896301112255273
20250401,5127,5127,5127,1,1,-0.0058263282844367176,0.0075570322917209625,0.58806319485078995,0.57585954841674936,-0.0065929411411199757,0.49366101033742932,0.0033346504519119907,0.23726433545152684,0.073423682019422634,-0.0085479342343339829,-0.003322548898492924
20250402,5129,5129,5129,1,1,-0.0049738214139248517,0.0083177346747818244,0.59212322090076042,0.5739301850604922,-0.0078011705169555665,0.49717293819457986,-0.0015713055038433935,0.20138189118357508,0.072009450263596231,-0.0023175927520847702,-0.00748100210592011
20250403,5128,5128,5128,1,1,-0.015479112690788629,0.015031985101306659,0.63358034321372858,0.65999006642669922,-0.011481788006729689,0.52164586583463335,0.0076124634869804645,0.13466247877119289,0.088311090339637632,-0.018652273567757501,-0.012402200553214209
20250407,5126,5126,5126,1,1,-0.04839901559812252,0.040785750687236604,0.84490831057354665,0.91733645420284116,-0.039404381239291617,0.75243854857588766,0.0032134296743220117,0.032469243869487657,0.054190394253782331,-0.053151758633816472,-0.043319037786406472
20250408,5127,5127,5127,1,1,-0.020323039118945511,0.020650933125598649,0.71152720889409016,0.76017844529132017,-0.017642639285171256,0.60717768675638772,0.0024928024066329865,0.43832787949933605,0.060596292656889671,-0.021606138532024873,-0.019088051341425199
20250409,5130,5130,5130,1,1,0.0010071069489429427,0.0030385076247946364,0.55769980506822614,0.50840870277536077,-0.003706287829790413,0.47543859649122805,0.0017360623700084146,0.35324292331486595,0.068910860500477386,0.0034534240123563109,-0.0014268799809237405
20250410,5130,5130,5130,1,1,0.0024613612045219632,0.0023267271217321988,0.52651072124756337,0.48566298726930779,-0.0019049112349438673,0.44951267056530214,0.0021325965217269616,0.38308372052142226,0.051566403963830797,0.0029707254036756511,0.0019465110875760471
20250411,5129,5129,5129,1,1,-0.00077900636130200443,0.0052777109659376317,0.55878338857477095,0.51636408013520374,-0.0041973935020271653,0.45642425424059269,0.00061383924760449477,0.23418494458377517,0.07405186727255493,0.00040561487375734268,-0.0020199447184807238
20250414,5128,5128,5128,1,1,0.00075454836101868973,-0.00041732578081949968,0.48342433697347892,0.51873629681274958,0.0014002397758369699,0.36973478939157567,0.0057170097719333917,0.3493782023837671,0.066065761251299607,-0.0029965973436076585,0.0044346588858403362
20250415,5126,5126,5126,1,1,-0.0096106759401577632,0.0095015161732484362,0.62192742879438156,0.61985058271853466,-0.010075743844840373,0.51970347249317206,0.0010458891131880591,0.15243522138369939,0.091874948086442379,-0.011166268289835,-0.0081076943469469438
20250416,5130,5130,5130,1,1,-0.015610561487014517,0.01535849263589275,0.6610136452241715,0.67989600420483953,-0.014313185858813245,0.54697855750487334,0.0046518059075485105,0.16717992470025339,0.11892308614931478,-0.016821124099564062,-0.014423765662446329
20250417,5130,5130,5130,1,1,-0.0015464760563368319,0.006626977003992892,0.5828460038986355,0.52797290757345416,-0.0065144345937446562,0.51832358674463941,-0.00069413866131509531,0.15559525306288005,0.11542423949557906,-0.0015277479245640261,-0.0015650921579627641
20250418,5129,5129,5129,1,1,-0.0076634427717188966,0.0090102946427352802,0.57633066874634431,0.58463782076198445,-0.0062248858507607313,0.47143692727627218,0.00018476801100900542,0.15226096265891031,0.08837947372177514,-0.0087961666624635001,-0.0065654834327313599
20250421,5129,5129,5129,1,1,0.0071538299471676945,-0.0024309994676138275,0.507896276077208,0.43306997608415942,-0.0005241582257565319,0.41899005654123611,-0.0013453607441603708,0.28333379809499454,0.056746810120522635,0.010765339611832543,0.0036972463373062324
20250422,5127,5127,5127,1,1,-0.009450150887392636,0.0096448769495941604,0.61205383265067292,0.60060631991288571,-0.0094932965799305376,0.51882192315194076,0.0051936899085060634,0.17878707517085587,0.10945777765583001,-0.013083745023453977,-0.0060107658406285394
20250423,5129,5129,5129,1,1,0.00028756006682031894,0.0038532775527373398,0.5734061220510821,0.50142231517688951,-0.0062292598451886986,0.49483330083837007,-0.002613108699984702,0.18106238231983504,0.061976680732489325,0.0047325065196224606,-0.0041936068060354978
20250424,5129,5129,5129,1,1,-0.016035993398965213,0.015704242343895516,0.65490348995905634,0.6803700683867473,-0.014776728115637794,0.56424254240592708,0.0060846242270678665,0.14097999807760828,0.096195592281227066,-0.01900347468650455,-0.013327504901402672
20250425,5128,5128,5128,1,1,0.0014451081428055893,0.0030261820156754827,0.57234789391575658,0.50319062061200603,-0.0053378385807403474,0.48049921996879874,-0.00029954884963802699,0.17351877749330569,0.085743731360147235,0.0055977812393506439,-0.0025003796130339826
20250428,5122,5122,5122,1,1,-0.015079227634422942,0.013484561450183404,0.65365091761030847,0.64663288516131778,-0.014861372757298059,0.54763764154627104,0.0056787310784540013,0.13340989732264183,0.11418031235850926,-0.014970430529201877,-0.015175404668164203
20250429,5096,5096,5096,1,1,-0.0011508501234067704,0.0052620116988324915,0.57437205651491363,0.51498876850286701,-0.0061131558416626132,0.49058084772370486,-0.0016144029354885835,0.20917775759857013,0.094102261013478281,0.0012328150203051865,-0.0033227483286648826
20250430,5097,5097,5097,1,1,-0.00030492298832478964,0.003306696178723758,0.54463409848930744,0.51172180287708235,-0.0040780204609012936,0.46242887973317637,-0.0017136886755858361,0.24592561863150095,0.087541707488760265,0.0022664879978337511,-0.0027718536281637644
20250506,5121,5121,5121,1,1,0.0095559356208353794,-0.0039967896804312944,0.49345830892403825,0.39912049708882097,0.00042587684599647849,0.41359109548916229,-0.0019256066028256157,0.3501935673816049,0.047592114552577766,0.015778535623788611,0.0038504792522398674
20250507,5123,5123,5123,1,1,-0.0094031008429205296,0.010480462665495575,0.63751707983603356,0.63709102023984177,-0.011388939168009839,0.55182510247901617,0.0057462506825318085,0.27917538503973199,0.053488702410374588,-0.011716998983982738,-0.0072609773389375829
20250508,5124,5124,5124,1,1,-0.00072599127624417917,0.0043728315594402196,0.55991412958626074,0.52612042296776984,-0.0047495912750339861,0.47931303669008585,-0.0017970346774268649,0.25970009289679796,0.057290528132093822,0.00046368740966895014,-0.0018625272675589111
20250509,5124,5124,5124,1,1,-0.015338109124142671,0.0127520328625932,0.60128805620608894,0.63002529454679779,-0.0086439340188002069,0.49336455893832942,0.015440838833007182,0.12930139166227006,0.20012101117391759,-0.019236725613290293,-0.011674947840638538
20250512,5124,5124,5124,1,1,0.0051807355407366244,-0.0015824305797047407,0.53161592505854804,0.45178618572603912,-0.0022811242158749263,0.43032786885245899,-0.0060032344337411954,0.33593668124220738,0.058210813903357535,0.010392408459140599,-9.2775190561719011e-05
20250513,5125,5125,5125,1,1,-0.011969121673695956,0.0086596217277286214,0.56292682926829263,0.60010982658403689,-0.0051325542178124574,0.44370731707317074,0.01306040497973294,0.181446425214458,0.14952536352674717,-0.017011359810504941,-0.0071240295562763588
20250514,5125,5125,5125,1,1,-0.0025920395153914994,0.0051148777886264778,0.60078048780487803,0.57017412019782232,-0.007546029190962332,0.49990243902439024,-0.0011469895885235738,0.28656900908637356,0.09155560825374956,0.001416521985544405,-0.0068135933239453191
20250515,5124,5124,5124,1,1,-0.023048697920384154,0.020077505079109222,0.68462138953942231,0.72013355806402857,-0.018126580743989193,0.59172521467603434,0.008609762620778413,0.089990504051950165,0.095537303680754138,-0.028390021635913643,-0.017787313430377684
20250516,5125,5125,5125,1,1,0.0010940196919129392,0.0019414522893344533,0.54692682926829272,0.51308499718378386,-0.003518951188873575,0.44253658536585366,0.00087783362641967932,0.23809991029481198,0.14306977568984203,0.0050590719595418766,-0.0026763840286341705
20250519,5122,5122,5122,1,1,-0.005711025730154971,0.0061224158715774872,0.59586099180007812,0.57113344955920609,-0.0073860242415764183,0.49590003904724717,0.0058272488980853918,0.26942617945279174,0.12181593041933744,-0.0063713650924848804,-0.0051466764039328284
20250520,5128,5128,5128,1,1,-0.00082528795826354573,0.0024290655372525482,0.54738689547581898,0.52295461361249052,-0.0035466602275811762,0.43974258970358815,0.00058083339176736204,0.28602332806030084,0.083335794689708087,-0.00031589412026934705,-0.0012751204866393469
20250521,5124,5124,5124,1,1,-0.0097647387277625067,0.0082920566576411715,0.58411397345823579,0.59679436476183401,-0.0073505407730763313,0.46721311475409838,0.0063723223541812682,0.18854154664561318,0.1312445992857843,-0.0093594470964066118,-0.010138723802196046
20250522,5120,5120,5120,1,1,-0.011456822793202035,0.010364700137298731,0.59804687499999998,0.60663461931308504,-0.0082008646922775864,0.48359374999999999,0.012416109411012564,0.11769606879564169,0.19813158326813149,-0.010504122877551328,-0.012270273224644598
20250523,5122,5122,5122,1,1,-0.010028978397406102,0.011573920681305475,0.60933229207340878,0.60491787513447381,-0.0079484340067834218,0.49746192893401014,0.010475457146068701,0.10680780047480259,0.19376473524916105,-0.010349566520693316,-0.0097469477942758124
20250526,5120,5120,5120,1,1,-0.0037272821848338068,0.0060438745254146192,0.57890624999999996,0.56704116365956492,-0.0061785341345037999,0.47421875000000002,0.0041775355919990414,0.32513824052715351,0.11748738249364848,-0.0028957776670773209,-0.0045186384711938046
20250527,5120,5120,5120,1,1,-0.0073417792022007124,0.0075528444390412256,0.60429687499999996,0.58755915683277526,-0.0076660665769053699,0.5029296875,0.0065326356526618475,0.21185178173746905,0.1367907147375822,-0.0065527717044199397,-0.0080728486057733174
20250528,5118,5118,5118,1,1,-0.0091800823549664529,0.0081542743257394124,0.58499413833528724,0.5822263153266255,-0.0065782958142123985,0.45623290347792106,0.0084769656056413022,0.16290916785790779,0.13181108286144883,-0.0082586658193775052,-0.010062084567789328
20250529,5121,5121,5121,1,1,0.0031358765610107441,0.0035966224896327274,0.57625463776606134,0.50640862379317519,-0.0054583381566242302,0.50751806287834411,-0.007480209194532135,0.34470281128616875,0.068346007891502816,0.0077881637111595304,-0.00093941998637713864
20250530,5119,5119,5119,1,1,-0.015481784680894898,0.011244492012270629,0.56397733932408678,0.63698348596433774,-0.0056112338932981102,0.41590154327016998,0.015002103895691239,0.14313288288171111,0.18519880364252095,-0.02138360089956088,-0.010167066860793531
20250603,5115,5115,5115,1,1,-0.0040258674849972054,0.004826879869595878,0.55953079178885634,0.55371094497357787,-0.0043422057937438441,0.46373411534701858,0.0036745217243335771,0.31276061814411649,0.1043333892137414,-0.004327482241235382,-0.0037473914941217857
20250604,5121,5121,5121,1,1,-0.00011333416312390774,0.002082091646030263,0.53114626049599689,0.51700549581811628,-0.0021072568621677526,0.43097051357156807,-0.00048804858242581221,0.31109189908613111,0.083636126079569495,-4.6112981512626913e-05,-0.00017285096488334531
20250605,5123,5123,5123,1,1,-0.00013929132017827535,0.0011487245890207073,0.52313097794261176,0.50419542394352135,-0.001599065661064598,0.40854967792309194,0.0023490152668719957,0.24497085748449482,0.11089039269549759,0.0028424874037272867,-0.0029327247268070163
20250606,5126,5126,5126,1,1,-0.0084389381971024507,0.0079069500646984526,0.5864221615294577,0.59556756132338418,-0.0067230953334168411,0.48068669527896996,0.0079494583073372333,0.21351023531022098,0.13601782130002862,-0.0096743638929886397,-0.0073041624045686255
20250609,5122,5122,5122,1,1,-9.0827507374084034e-05,0.0029392306519929259,0.55857087075361189,0.49026156151196992,-0.0043688422830777292,0.47090980085903944,7.8891089027977563e-05,0.3302799802195554,0.08129705207285165,0.0032222927465366692,-0.0031114307379414338
20250610,5128,5128,5128,1,1,-0.012709210527119107,0.011290135954371483,0.6068642745709828,0.61143894216545958,-0.0084778353203984747,0.49609984399375973,0.014709504824342136,0.15695360360447955,0.17412337000607098,-0.013847550988454416,-0.011746461189724777
20250611,5131,5131,5131,1,1,-0.0019882350124023154,0.0040674667537198674,0.55154940557396215,0.53572694626443185,-0.0037620665409358847,0.46306762814266222,0.001707773606037603,0.2860552613635543,0.087787516209228381,-0.0015729427465089561,-0.002393045193156214
20250612,5131,5131,5131,1,1,-0.0036446566620500225,0.0043499177584003035,0.55622685636328206,0.54176058877081601,-0.0050641319899345626,0.45176378873513934,0.004355055418881198,0.22331662182911421,0.13424611182860807,1.4523489953488e-05,-0.007168601060447497
20250613,5131,5131,5131,1,1,-0.012913900580319148,0.011819870174528249,0.61644903527577466,0.61722282011194807,-0.0098972653039138096,0.49074254531280453,0.013136817029444482,0.11144360115309941,0.19876664558740859,-0.011077912696822458,-0.014542601442395369
20250616,5134,5134,5134,1,1,-0.0011236834829143599,0.0049175064607766845,0.57966497857421118,0.5388639803665618,-0.005365084580886509,0.48987144526684845,-0.00089362622370479016,0.33402652628849555,0.10169667281235208,0.0016460204914013272,-0.0039054023871024552
20250617,5139,5139,5139,1,1,-0.0080999916651532597,0.0072860510156287518,0.57404164234286825,0.58423491995504762,-0.0052726947163815084,0.4473633002529675,0.0084456346418276904,0.20008151079731928,0.12448473439692559,-0.0090047537521060241,-0.0071858518400242334
20250618,5139,5139,5139,1,1,-0.0061541395293418129,0.0065020509043447168,0.58396575209184665,0.56078660652970125,-0.0066911443756900429,0.46526561587857562,0.0061661045538545008,0.20870303499583956,0.13384491351833533,-0.0037313982882134357,-0.0087029484074568671
20250619,5138,5138,5138,1,1,-0.015750508020059388,0.013980641272515503,0.62514597119501747,0.65363228919750438,-0.010737375138415694,0.50019462826002337,0.016122679789755623,0.11281078554662091,0.18527091875747062,-0.016933455590013604,-0.014654412500229521
20250620,5140,5140,5140,1,1,-0.010463616110882156,0.011014991287032047,0.60739299610894937,0.6136836687884194,-0.0085831163172294216,0.48968871595330737,0.0098605982577337197,0.14479032088188196,0.14110321174234752,-0.01001217184587175,-0.010899749337688711
20250623,5135,5135,5135,1,1,0.00094288742027746311,0.0025804317753189464,0.56942551119766305,0.51588155212099129,-0.004481894554876683,0.48257059396299901,-0.0037092865695692277,0.37217656802853932,0.078021189646699338,0.0028478214267268847,-0.00095689119432135032
20250624,5139,5139,5139,1,1,0.0022383217147997269,0.0015263781943337471,0.52831290134267372,0.48015974855264237,-0.002397002919797519,0.44697411947849774,-0.0064818767022270284,0.33235852539964861,0.049627413664435321,0.0015295605835897283,0.0029260196847178985
20250625,5140,5140,5140,1,1,-0.0016831041784591439,0.0036008038895344206,0.59649805447470816,0.54692778929659436,-0.0067729259504565927,0.48968871595330737,-0.0021372261689862494,0.3906942426090797,0.0411376368432246,0.0025552546561071255,-0.0062143898668989006
20250626,5142,5142,5142,1,1,-0.0085811184434861788,0.0075629717465885548,0.56942823803967324,0.62369314854463442,-0.0048720802323457373,0.45293660054453522,0.007753925117136848,0.21458255304564397,0.14763349682445545,-0.010798621092909345,-0.0061685604215986544
20250627,5138,5138,5138,1,1,-0.0050013350819009175,0.0057460212575379402,0.58291163876994945,0.5589347876990608,-0.005832222797871954,0.47489295445698715,0.0058484417051737018,0.2426812690432455,0.12061803413248444,-0.0041806162871611931,-0.0059305383465525375
20250630,5138,5138,5138,1,1,-0.0013436419135769539,0.0022042011270967049,0.5764889061891787,0.52621454043898785,-0.0060166328425482344,0.47859089139743088,0.00067894515141265458,0.36090155393085688,0.06659949190297336,2.6856405363482366e-05,-0.0027029938771301679
20250701,5137,5137,5137,1,1,-0.0078836297927101073,0.0070887033912831266,0.58185711504769322,0.56332566504422332,-0.0069903515571932574,0.48394004282655245,0.0086583976678287333,0.21141461521241442,0.11514601882313215,-0.0083923106062516583,-0.0073971194052574671
20250702,5136,5136,5136,1,1,-0.012054058362846549,0.010306821182784719,0.60591900311526481,0.61478160139962568,-0.0085147964763593875,0.49221183800623053,0.010956325010590207,0.15461781359130738,0.1494366638889969,-0.012670121441201842,-0.011496118887558837
20250703,5136,5136,5136,1,1,-0.00094495674119544687,0.0028386358772247559,0.58995327102803741,0.50595137528978507,-0.0069222846284612057,0.50233644859813087,-0.00038594344980121616,0.25840672616417082,0.093325327073673858,0.0038191720684429605,-0.0054954018394796703
20250704,5137,5137,5137,1,1,-0.0082803940957439683,0.0077092626761230366,0.59509441308156508,0.58284900601877021,-0.0077408876653538346,0.472454740120693,0.0076484700103726612,0.16530770244944498,0.15419241569809902,-0.0054263276816986193,-0.011111938299150484
20250707,5137,5137,5137,1,1,-0.005809625919580814,0.0065470993431392104,0.62098501070663814,0.57834107760894415,-0.0092433463138662641,0.53202258127311663,0.005839571065525081,0.27747862173584031,0.11731812472996868,-0.0041885007433931139,-0.0074138589340854121
20250708,5137,5137,5137,1,1,0.0022590547128591796,0.0016394604582256325,0.56842515086626433,0.46982049971632206,-0.0049422152719505608,0.48452404126922327,-0.0036587159183326481,0.32459857245264007,0.062114518367343094,0.0059700422508126598,-0.0012959923364271435
20250709,5140,5140,5140,1,1,-0.0094999124983319513,0.0083732023968616249,0.61225680933852145,0.62092459800850885,-0.0085127853575645979,0.50622568093385212,0.0099312859762321227,0.2095732563973314,0.14243440426431342,-0.008790228365414994,-0.010164855469695889
20250710,5140,5140,5140,1,1,-0.0070813128457283964,0.0073814117210804541,0.61478599221789887,0.59441246388771796,-0.0085678282170872713,0.51575875486381328,0.0049528224845130728,0.25492141865553219,0.095540006943555245,-0.0055105550676647387,-0.0087349620129971578
20250711,5143,5143,5143,1,1,-0.0041002400878195483,0.0060936151380397326,0.61345518180050551,0.55413342971763213,-0.0081791804014433745,0.53004083219910558,0.0015042027322754643,0.29603515458582974,0.097383073278756782,0.00038161259650502428,-0.0090981421615231803
20250714,5140,5140,5140,1,1,-0.0091111578418395633,0.0064218700028015607,0.59299610894941635,0.57244864944683971,-0.0071432966804137639,0.48891050583657586,0.0070747972119513747,0.24693180386112865,0.13099972257065737,-0.011830939710097327,-0.0064877816288446037
20250715,5140,5140,5140,1,1,-0.0079041813726245646,0.0068737091440585181,0.61167315175097281,0.56032723467016066,-0.0092187889736296096,0.49747081712062258,0.008843814617389506,0.16206835271409192,0.16240283321672216,-0.0013459962595470248,-0.014159537568070915
20250716,5139,5139,5139,1,1,-0.004658769654735064,0.0045843791327097082,0.59388986184082504,0.53746449831319465,-0.0066765954803189613,0.50476746448725429,0.0088720660321308271,0.22373189306742039,0.13066863367888956,-0.0056254699854587989,-0.0036760927256429877
20250717,5140,5140,5140,1,1,0.0022693635410880627,0.0008109300903634542,0.56206225680933852,0.49323513580375333,-0.0045065466196726701,0.45933852140077819,-0.002561441556706557,0.33016722204999255,0.076583511453543252,0.0071989250607369703,-0.0027280203815690717
20250718,5139,5139,5139,1,1,-0.0081615667302913711,0.0070129574040737851,0.59525199455146915,0.58756776742739492,-0.0075043114946138582,0.49075695660634366,0.0063603740778548886,0.25417088539649618,0.098664073820144249,-0.0071790601876216883,-0.0091744503322641526
20250721,5137,5137,5137,1,1,-0.0040127615411327333,0.0053657070981104954,0.60599571734475377,0.5602474879536109,-0.0073853034227349783,0.52559859840373757,0.001293892770023692,0.3248288284398394,0.072945124306338718,-0.0031268389274083678,-0.0048179463705295307
20250722,5135,5135,5135,1,1,-0.0093170838577123476,0.0084932753216519444,0.61110029211295036,0.59388016038979041,-0.0082212129132996151,0.50477117818889972,0.0075144783781347464,0.27373258992022859,0.11007387555297649,-0.0079599665332480089,-0.010581944099413539
20250723,5139,5139,5139,1,1,-0.010951674365429022,0.010642102543570469,0.61646234676007006,0.61282844297839145,-0.0087962603244931027,0.52033469546604394,0.0087431168527771098,0.16374067362774561,0.15783641319753061,-0.010225738205185311,-0.01166320249602444
20250724,5138,5138,5138,1,1,-0.00081199392253585002,0.0039908490174830249,0.58699883223043992,0.51321843085529018,-0.0059809267979297849,0.5005838847800701,-0.0030716034527007831,0.37639038159836574,0.084436096728295815,0.001550658993079857,-0.0032099889606630578
20250725,5140,5140,5140,1,1,-0.0086694629723490253,0.0077850108691662045,0.59824902723735407,0.5761357975058049,-0.0073007908535195334,0.50661478599221788,0.0075489775100549168,0.22372854914481166,0.14668679943649962,-0.0090387806665089762,-0.0083042912125138452
20250728,5141,5141,5141,1,1,-0.0032357677846194836,0.0027832307440515845,0.58004279323088892,0.54667404221304972,-0.0060192884094104537,0.46975296634895936,0.0030914139810594354,0.27765280054825131,0.12928032689898089,-0.00090576229446302672,-0.0055600123864212002
20250729,5145,5145,5145,1,1,-0.0075482649910392132,0.0066550527240286234,0.61341107871720113,0.58197010640448976,-0.0085776938605607814,0.49951409135082603,0.0071668662189423296,0.2919186651409883,0.10833153091695058,-0.0047038072614878764,-0.010422686324550083
20250730,5145,5145,5145,1,1,-0.014343822492861159,0.012037241595346436,0.63265306122448983,0.64688335092991645,-0.009979558791285861,0.53391642371234205,0.010653294689881673,0.19191305056629873,0.14255363018025485,-0.015185045454311921,-0.01352463008153296
20250731,5140,5140,5140,1,1,-0.0077695495640810333,0.0084342219429077384,0.59649805447470816,0.56357625782591114,-0.0075449760398696823,0.49708171206225682,0.010498973049671479,0.11725650895340671,0.19440338024389114,-0.0044485812625774364,-0.011196920054632286
20250801,5141,5141,5141,1,1,-0.0075822117985840905,0.0075467039722993913,0.5952149387278739,0.5701338960427581,-0.0071223037797795725,0.5092394475782922,0.0058523271633636959,0.1975387685298034,0.13034406583664959,-0.0093833220231915072,-0.0057241494002534393
20250804,5138,5138,5138,1,1,-0.0012911060605053496,0.0041507809028621633,0.59887115609186459,0.53833992973771305,-0.0068982297435614612,0.52432853250291944,-0.00085289718680967583,0.30740021221245872,0.078478667930225732,0.0017401757204572224,-0.0041485631919417733
20250805,5139,5139,5139,1,1,-0.0039234157170763492,0.0043735133389311669,0.59427904261529485,0.53012671422067159,-0.0070084276506053112,0.50009729519361745,0.0033909601771551483,0.30652666667441408,0.068390903176516429,-0.0027633140285662481,-0.00500541843187291
20250806,5141,5141,5141,1,1,-0.0031862129467942549,0.0055666622494590862,0.6039680995915192,0.56443996661990781,-0.0083269232953216629,0.52382804901770086,-0.00030170409962407795,0.3251093524677216,0.072869033882279097,0.00081751951957624905,-0.0068105616289442193
20250807,5140,5140,5140,1,1,-0.0073272878025558621,0.0067161176773723177,0.58268482490272377,0.57526539106751573,-0.0064811832741601093,0.48112840466926071,0.0071610380486973272,0.20708176968649658,0.1314508610121666,-0.0051817537159799722,-0.009382577581415516
20250808,5141,5141,5141,1,1,-0.010210666830507033,0.0096565598531717124,0.62594825909356155,0.58915692626531435,-0.010305843863164937,0.54075082668741492,0.0080243588167995712,0.19005824323271978,0.12595969463262505,-0.010381540702772352,-0.010048589152130477
20250811,5143,5143,5143,1,1,0.0019942820871047587,0.0027202868127034494,0.58078942251604126,0.48567520092822924,-0.0061553809025715204,0.51487458681703291,-0.0035208280689176981,0.34489360081047588,0.087873833133686699,0.0084382714958221895,-0.0038431784915505421
20250812,5146,5146,5146,1,1,-0.0061661370170925855,0.006483181211612136,0.59619121647881845,0.565540398165295,-0.0070186262486883495,0.49727944034201321,0.0056420532193281513,0.2420527617333206,0.10766017647365383,-0.003004654764579237,-0.0093559936292038817
20250813,5142,5142,5142,1,1,-0.00053092328090665534,0.003400204366592626,0.58304161804745236,0.53085512577654947,-0.0056747005002032759,0.49319330999611044,-0.00051392245199309225,0.34237732183227898,0.079815809226229883,0.0047552577205622242,-0.0060102892001652137
20250814,5142,5142,5142,1,1,-0.011922860371758317,0.010561050786327819,0.60035005834305721,0.6158383040303167,-0.0084969946877977189,0.49883313885647607,0.012920468141218697,0.14480081278809406,0.18891197504999702,-0.010381973338541873,-0.013535606219709029
20250815,5141,5141,5141,1,1,0.0005257127414558054,0.0036358042101401174,0.55572845749854116,0.52755452488740084,-0.0041505200397806974,0.48239642092978019,-0.0042929082637806282,0.39674250435338432,0.042154496129174782,0.002168533664388956,-0.0013062303422371375
20250818,5139,5139,5139,1,1,-0.0024874264952119266,0.0037156457034918339,0.57306869040669395,0.56892824322859603,-0.004913271141613519,0.4738275929169099,-0.00051960628121463636,0.43834297351475038,0.070498836083317765,-0.0010634762663308916,-0.003977448229059646
20250819,5142,5142,5142,1,1,-0.0087112077617441074,0.0087660457014086795,0.57292882147024504,0.57915654819998441,-0.0058742214619296688,0.4974718008556982,0.0082826577863113326,0.240824579459399,0.12461671316413278,-0.010743431168419188,-0.006498537276643645
20250820,5139,5139,5139,1,1,-0.0069713303389503257,0.0072060112571638978,0.60361938120256864,0.59913423356705631,-0.0073096946233304257,0.51819420120646043,0.0038103857108893126,0.3020915122681509,0.046308444906543532,-0.0073486574650274937,-0.0065777296654674277
20250821,5142,5142,5142,1,1,-0.010664590149308121,0.0095135062282952175,0.5987942434850253,0.62221155560398866,-0.0074017027205450408,0.4982497082847141,0.0082588917261152729,0.16221201521333473,0.12492865863197126,-0.011871356298495523,-0.0094221209044384573
20250822,5142,5142,5142,1,1,-0.00054358966005814272,0.0044606090043772337,0.58945935433683394,0.53329346774457498,-0.0062882097547062197,0.50175029171528585,-0.0028210139356029127,0.36493717446634,0.054541790739407223,0.006103733555405522,-0.0082101641571517784
20250825,5142,5142,5142,1,1,-0.0070517663937536652,0.0062077874419043449,0.59743290548424732,0.6091622346965393,-0.0063069436726497109,0.49066511085180864,0.0021972209948550635,0.41192925011564246,0.047999147663210465,-0.0069982028736548475,-0.0071115954118533319
20250826,5143,5143,5143,1,1,-0.00858686584035534,0.0079998376686610268,0.59965000972195215,0.60463210053365823,-0.0071212269213289606,0.51623566012055222,0.005044331597415231,0.22953818289445205,0.11341553263599653,-0.0092276844138998327,-0.007893369490246261
20250827,5144,5144,5144,1,1,-0.014428735734734133,0.011946988699736471,0.60964230171073097,0.67190951833664758,-0.0084346162488425185,0.50097200622083982,0.014816593211758987,0.14664503648359697,0.19039551301129731,-0.013356594881088847,-0.015623895384565977
20250828,5144,5144,5144,1,1,-0.0065604686739474229,0.0068648965157849387,0.63549766718506995,0.58677203720545124,-0.0094630126530978464,0.52118973561430793,0.0052205742566826634,0.37680281063369858,0.066209102012529455,-0.0021124840217721891,-0.011631279799211549
20250829,5141,5141,5141,1,1,-0.0094296283686321342,0.0073455435732577247,0.58937949815211044,0.61065722214450824,-0.0066679620682260432,0.46916942229138298,0.0064523027033799576,0.21962465965592609,0.1070784224017034,-0.010895059910866207,-0.0075288666884945057
20250901,5141,5141,5141,1,1,-0.0066231361515208531,0.0064686437114187308,0.60649679050768335,0.59135354637429505,-0.0067732478469642102,0.50476560980354013,0.0051103039485081072,0.30815625702144228,0.097722776930809011,-0.0061836452581127575,-0.0071699377560760476
20250902,5142,5142,5142,1,1,-0.020817114860994107,0.016401342617474706,0.67930766238817586,0.71988325336812409,-0.013554626041170552,0.56845585375340335,0.017138533307864839,0.15497866789421488,0.12469309303338175,-0.023244986190224273,-0.017779175784626861
20250903,5144,5144,5144,1,1,-0.010134956549824358,0.0094604237184874804,0.60069984447900471,0.60665931906094495,-0.0079629339463573295,0.47958786936236392,0.010307675653711585,0.12538991900092544,0.18246563550371162,-0.0097009527790121348,-0.010703188218036373
20250904,5143,5143,5143,1,1,-0.013302084588090049,0.013219674095888676,0.65331518568928637,0.65625187613130154,-0.0111631697721779,0.57903947112580201,0.011901090157665252,0.1116132516188285,0.17635658904223542,-0.01524285417675752,-0.010703324083483338
20250905,5144,5144,5144,1,1,0.0056747086111511563,-0.0010623772797445604,0.49494556765163294,0.42270840615575578,0.00035006045969497525,0.39988335925349922,-0.0076229348572536253,0.35900572032109634,0.035034508542185115,0.0081530825619715221,0.0023666316060750011
20250908,5145,5145,5145,1,1,-0.0060233810137297764,0.0049020852941632463,0.5980563654033042,0.58698358831142738,-0.006408018664132019,0.49115646258503404,0.0059273126282741104,0.33318977084903678,0.10585059016282035,-0.0070729650368277653,-0.0047066348072970481
20250909,5146,5146,5146,1,1,-0.011928746206488938,0.0095059571694919767,0.60299261562378548,0.66663854840194814,-0.0076290420328067286,0.48231636222308588,0.010388635168710707,0.17006932520088022,0.13559338822958128,-0.013735262920586865,-0.009702175968301396
20250910,5148,5148,5148,1,1,-0.00032701392362428894,0.0020340301046871609,0.56915306915306918,0.51242880515745337,-0.0051459779483107159,0.4689199689199689,0.0016312172357344987,0.18214139147650107,0.11923246169467747,0.0032164980259602655,-0.0050442046208703439
20250911,5146,5146,5146,1,1,0.002114712717683005,0.0029675341412299435,0.63019821220365335,0.51592690303840882,-0.0089876461471870162,0.56509910610182668,-0.0071689445202342498,0.4042212281299381,0.032096711787783769,0.0084021190246854269,-0.0063243663814630162
20250912,5149,5149,5149,1,1,-0.007394698323702569,0.0061414732367679851,0.56302194600893374,0.62390205340301275,-0.0044292613579746572,0.45309768887162555,0.0070020875760082356,0.23437682787981626,0.10349311732872436,-0.0087497726102816979,-0.0055876146992102707
20250915,5148,5148,5148,1,1,-0.0074772998275865095,0.0055764657452078165,0.58469308469308467,0.60311985924935307,-0.0066940502794268384,0.46775446775446777,0.0059140630046899652,0.23273253097606719,0.11983649686347077,-0.0075140537549985096,-0.0074282267761283287
20250916,5149,5149,5149,1,1,-0.0035354312560609449,0.0049657024888681853,0.61040978830840942,0.54027268008305795,-0.0076449858343914726,0.535637987958827,0.0010323908768968349,0.26243604822593314,0.078530197357309511,-0.0017732021515569801,-0.0058144374197010434
20250917,5148,5148,5148,1,1,-0.0069090297222421009,0.0067218821953539979,0.60217560217560218,0.59917589333768673,-0.0072648930969299568,0.5058275058275058,0.0013509553966788834,0.26428692078959243,0.065101682327849228,-0.0060931140439633097,-0.0079604056070670618
20250918,5147,5147,5147,1,1,-0.012129042373203067,0.010344614791041193,0.60384690110744121,0.66203040874900598,-0.007632927945370455,0.49154847483971248,0.011246963677511867,0.19973842276659057,0.13776057804968503,-0.012540146015246023,-0.011599098527862617
20250919,5148,5148,5148,1,1,-0.0092838633610996309,0.0089021643651591258,0.60897435897435892,0.60096279766607841,-0.0082114066025847799,0.49494949494949497,0.0053130055436329243,0.15539569478585985,0.12533880635331759,-0.0093465891514055866,-0.0092011010296798746
20250922,5144,5144,5144,1,1,-0.0035240946032825387,0.0038896620024932256,0.5872861586314152,0.56315466847132356,-0.00674045791661931,0.47978227060653189,0.0021116130674807276,0.28751659730447665,0.10188117641975987,-0.00041828637502369133,-0.0078314641251861286
20250923,5149,5149,5149,1,1,-0.01526954586545657,0.012567909492683793,0.68867741308992036,0.6573740758967217,-0.014481182361756455,0.58496795494270737,0.013013583086567205,0.17445199806019718,0.13853509782167808,-0.0136286930100772,-0.017495734041437873
20250924,5147,5147,5147,1,1,-6.0046190570323452e-05,0.0038553475702792685,0.59393821643675926,0.50483562278677507,-0.0063670185330873567,0.52593743928502035,-0.0030957647003678128,0.32357570264843222,0.051700946274895077,0.0018232961585174826,-0.0028451984308255607
20250925,5150,5150,5150,1,1,-0.004977007380206463,0.0041796513598967343,0.55786407766990287,0.59827810768275536,-0.0042022354922306715,0.42155339805825243,0.0025034459852651745,0.23948778899313641,0.11280422737866234,-0.003755686153881845,-0.0068174593792569935
20250926,5150,5150,5150,1,1,-0.016347789873090657,0.013058714142801409,0.62330097087378644,0.64862143432865127,-0.0090785062421085937,0.52213592233009709,0.012674052965274784,0.11073661644077215,0.16249905181372684,-0.020325604348837369,-0.010671913507630379
20250929,5144,5144,5144,1,1,-0.00078308769321068202,0.0033920736398154764,0.59933903576982894,0.56576692583408006,-0.0064236856935006685,0.49883359253499221,-0.0040658968802800843,0.36896919628944935,0.061840822722540711,0.0018301825557641279,-0.0046680406245317163
20250930,5147,5147,5147,1,1,-0.0075167495660068825,0.0055075804944065025,0.56460073829415192,0.60144826406912755,-0.0048325420371155212,0.43967359626967167,0.0037416961078298528,0.28672829078087025,0.07725526832322617,-0.008594907337795216,-0.005873934354211398
20251009,5143,5143,5143,1,1,-0.0048133675068942824,0.0029951032467016264,0.54695702897141751,0.59146557775678565,-0.0032731407920556731,0.40384989305852614,-0.0012199734144716957,0.34130450155767883,0.069477847304617063,-0.0065076371061180529,-0.0023106961494016066
20251010,5145,5145,5145,1,1,-0.018479044055463544,0.013182934535519924,0.6244897959183674,0.68218201787764376,-0.0092061181417514779,0.52691933916423717,0.014105247188398678,0.17581058028635907,0.13689858003177247,-0.024876523306711099,-0.0092582210309474638
20251013,5147,5147,5147,1,1,-0.00846571439326794,0.0084993614607710415,0.68622498542840493,0.6461703958952002,-0.012639893127418608,0.60151544589081019,0.0037593083148722943,0.23121454453762971,0.1183836237622065,-0.0063644081809935138,-0.011341110533555571
20251014,5147,5147,5147,1,1,-0.01222522676835675,0.0085944449712816364,0.60209830969496791,0.66117821645841202,-0.0072711496334790567,0.48999417136195844,0.011473177912608002,0.13674316249760921,0.17404754022657332,-0.014037135492621864,-0.0096189014523521462
20251015,5147,5147,5147,1,1,-0.0022420740212192145,0.0047555164192061797,0.57023508840101034,0.54920993049693256,-0.00458480668112639,0.47309112104138334,-0.001105767111564647,0.37191792142673608,0.062349582653216523,-0.0019353990439792182,-0.0026621250215626605
20251016,5150,5150,5150,1,1,-0.0099922304946019197,0.0062497730988028367,0.59922330097087384,0.6253113936248722,-0.0079426409205955832,0.45844660194174758,0.0054428122824632203,0.18573914867849461,0.14191864915978697,-0.0084728747733747601,-0.011999762104160682
20251017,5153,5153,5153,1,1,-0.02078087972443509,0.016478184205598306,0.70987774112167668,0.72074366330371398,-0.017327675879064485,0.60974189792353972,0.015382887771031689,0.052114418129864726,0.17103607302012838,-0.022415166318436645,-0.018726844164500798
20251020,5152,5152,5152,1,1,-0.0024305763388481364,0.005350988706514858,0.61238354037267084,0.5456745486224841,-0.0073766731266992919,0.52368012422360244,0.00093618204434182711,0.32048628965371234,0.086571033097409725,-0.00090767366545701068,-0.0044591678769991929
20251021,5151,5151,5151,1,1,0.0026099877318179841,0.0016427651982577045,0.59386526887982916,0.46358509471963422,-0.00716365378932251,0.52863521646282274,-0.006064949146139564,0.34785949147198209,0.045078113504090148,0.0055347046312179821,-0.0013633227953331211
20251022,5151,5151,5151,1,1,-0.0094414549011897653,0.0067623672242010146,0.61832653853620656,0.63623671354651901,-0.0087740606078640752,0.51077460687245191,0.0059601243042497337,0.18745362749532143,0.12531442807393259,-0.0099532941359111796,-0.0087984112342995319
20251023,5153,5153,5153,1,1,-0.0078423236191446106,0.0075758304956642271,0.64176208034154858,0.59329826630811044,-0.010264034166669701,0.55385212497574232,0.0038655555716613768,0.21827595702561373,0.10913102699586583,-0.0058748277674220426,-0.010107346840519811
20251024,5154,5154,5154,1,1,0.0037703526078090646,-0.0010014491229693634,0.50911913077221571,0.44882761699234569,-0.00063521473751492136,0.40842064415987583,-0.0014593694820688652,0.26695095383443257,0.097424954124136792,0.0070368651778827491,-0.00051429483098220144
20251027,5153,5153,5153,1,1,-0.0016218937208870689,0.0016975411812628772,0.56724238307781871,0.49766659982772465,-0.0049342957754834535,0.45662720745196972,0.0012489231985173359,0.3330630808595586,0.068265372795741755,-0.0001652359208313573,-0.0036534014365891725
20251028,5153,5153,5153,1,1,-0.0079339952156836212,0.0072299639701913073,0.61459344071414712,0.62347766560604523,-0.0085581506736303083,0.52513099165534638,0.0064654197928896056,0.23198812302663635,0.12095750491917788,-0.0080944598334954827,-0.0077183650230901188
20251029,5153,5153,5153,1,1,-0.00013695573506799957,0.0019073086974833106,0.56995924704055889,0.52184945601251043,-0.0048752840603181061,0.45992625654958275,-0.0014145844603127217,0.30890915401007002,0.080991671263035261,0.0028521288086641289,-0.0043889896777265852
20251030,5152,5152,5152,1,1,-0.015810168696784775,0.011118569336816415,0.61277173913043481,0.65510703636542034,-0.009028017370702586,0.49495341614906835,0.013104737602812794,0.16251006748484545,0.159323996525009,-0.017722947978650726,-0.013100501616678873
20251031,5153,5153,5153,1,1,-0.0094376776487456147,0.0093479092477154538,0.59460508441684456,0.62105286288663353,-0.006620752005082972,0.52105569571123622,0.0047378302918285884,0.21166727755012626,0.12031438079495721,-0.01425392761054726,-0.0030393484400376091
20251103,5154,5154,5154,1,1,-0.005255321564223119,0.0045498138429146736,0.59313154831199066,0.57532756644214156,-0.0070475962020182222,0.49049282110981762,0.0027415492777175029,0.28318316361405443,0.094762864118975249,-0.0061433707678715975,-0.0041875578252740867
20251104,5154,5154,5154,1,1,-0.015018450108168777,0.010451433736360562,0.61428017074117192,0.64728349197443924,-0.0093436544746458225,0.50523864959254949,0.014100453162799505,0.16344894813991612,0.17015392446954319,-0.017775197664124102,-0.011739116896731986
20251105,5154,5154,5154,1,1,-0.0035829115200510298,0.0046738754056201209,0.6247574699262709,0.54447782721372973,-0.0094243081394393483,0.54753589445091189,0.00035208651416783216,0.23110213865188456,0.082040399105395817,-0.001129788114978563,-0.0065331295678530176
20251106,5154,5154,5154,1,1,-0.00092416517834227694,0.0022092517109846633,0.56480403570042681,0.52018437092385783,-0.0050344240610214752,0.45168800931315484,-0.00089983091895032459,0.28997556246489198,0.065947222514039616,0.0020548274596611095,-0.0048172936697616683
20251107,5155,5155,5155,1,1,-0.0074397895924382309,0.0062973809207613352,0.61319107662463623,0.60083046689994879,-0.0094570157701502258,0.51736178467507277,0.0045845711912188575,0.20822510980811723,0.1226524125178524,-0.0045168409910259708,-0.01107089576171217
20251110,5158,5158,5158,1,1,-0.0058478611599286443,0.0057609482748032159,0.59189608375339275,0.58925705443270215,-0.0064599792304030372,0.49243892981775883,0.004406688322049648,0.26492309172621359,0.087241955097475524,-0.0064893473562754617,-0.0050278664472428172
20251111,5158,5158,5158,1,1,-0.0098386204769240794,0.0078524666290470165,0.61031407522295467,0.58724986289559289,-0.0086258065896046929,0.50659170221015892,0.0091485955167078647,0.17561499246065118,0.15107257466936572,-0.010861797437648476,-0.0086004035689660856
20251112,5160,5160,5160,1,1,-0.011361420496717133,0.0093424416327607847,0.63895348837209298,0.6478256452249509,-0.011382351332077406,0.52616279069767447,0.0068497979017375088,0.15884958997043591,0.10854735986218389,-0.010545052500137308,-0.012339943216864343
20251113,5159,5159,5159,1,1,0.0030536985819041664,0.00011498601596568088,0.59449505718162432,0.49875869533853628,-0.0066101660137608655,0.50358596627253349,-0.0047613290153703282,0.35489580127587439,0.069001674672236377,0.0082822941605803606,-0.0034130112664027671
20251114,5157,5157,5157,1,1,-0.015835795039203137,0.012492252895893913,0.65057203800659302,0.66013933196950469,-0.012138070784994215,0.57436494085708745,0.011398072069021358,0.14035799614845823,0.12879018709025356,-0.017936770893867169,-0.013465519697130076
20251117,5156,5156,5156,1,1,-0.0044080065657204999,0.0044736292421178681,0.59697439875872771,0.55382747605681282,-0.0068756784156422321,0.48797517455391776,0.0046895194934311593,0.2234405422033198,0.11606722935657446,-0.0026838093046719163,-0.0063506121172889228
20251118,5158,5158,5158,1,1,-0.01620670953018815,0.012219005352910763,0.62911981388134941,0.63940449849321435,-0.010836397318046666,0.52307095773555645,0.012631325003722004,0.11922672430389067,0.13594491112017662,-0.017657893637617751,-0.014441933424699602
20251119,5160,5160,5160,1,1,-0.010094645810012074,0.008400289915245867,0.63275193798449614,0.6010642762287125,-0.011331479548688154,0.51027131782945734,0.0063261411654260439,0.1739890911527294,0.12253268933578977,-0.0066536699940093098,-0.014131058733391684
20251120,5159,5159,5159,1,1,-0.010714987845252166,0.0097138752437162992,0.65671641791044777,0.59327724295320494,-0.01235109862725229,0.54584221748400852,0.0086958899105153056,0.1266660846506959,0.14035202751965231,-0.0079088188329966193,-0.014249373134507554
20251121,5161,5161,5161,1,1,-0.025072971661553315,0.020117846062084433,0.72699089323774457,0.7545867029924509,-0.020147075177229426,0.60937802751404768,0.016512485531769663,0.050065247471791009,0.15062082529650653,-0.025880952515850791,-0.024187171922065633
20251124,5157,5157,5157,1,1,-0.003769433272071362,0.0059531462371741079,0.59840992825286021,0.57553085203358245,-0.0070994327300098895,0.5123133604808997,0.0023575884479932292,0.31450952788412156,0.084858064074904024,-0.0043993564872807107,-0.0029933787225660392
20251125,5155,5155,5155,1,1,0.0024315459557392441,-0.00072627516319304314,0.51154219204655671,0.4838965073372794,-0.00066459016272340566,0.40426770126091172,-0.0017622700016818888,0.34292330209871857,0.062519587073153138,0.0030427822338142726,0.0016500537422086943
20251126,5151,5151,5151,1,1,-0.0030875452160408056,0.0027646354797198191,0.53678897301494854,0.54510598487129147,-0.0025770337411800685,0.38982721801591924,0.0033694720633515528,0.19928520479935508,0.12220793396043186,-0.0019182774463190801,-0.0046671787558502436
20251127,5150,5150,5150,1,1,-0.0054459400764940765,0.0053681145819381723,0.57165048543689323,0.55819810707582262,-0.0052408739302096906,0.46990291262135925,0.0067523203479743776,0.18728456265397042,0.12735391717169159,-0.0063449353362756162,-0.0042249576849709624
20251128,5149,5149,5149,1,1,0.0021521183735793582,0.00038439880995722335,0.57176150708875506,0.50231642258004539,-0.0050726937558150786,0.48106428432705378,-0.0024127200708345337,0.31042567000008359,0.081189291296853122,0.0051758623387495083,-0.0016344099419878678
20251201,5148,5148,5148,1,1,-9.1598450617651103e-05,0.0005028000606512532,0.54914529914529919,0.51895396268754468,-0.0034341373844727109,0.41433566433566432,0.00010588103403210202,0.27432642163869847,0.088789158289176828,0.0018943671088899039,-0.0025717883526961416
20251202,5151,5151,5151,1,1,-0.009753957706452274,0.0075593883567919781,0.5907590759075908,0.57284510966313495,-0.0074359357832844818,0.47019996117258783,0.0099160611212774745,0.1509001729072364,0.16965260850516239,-0.0096234073520214247,-0.0099181976718854623
20251203,5157,5157,5157,1,1,-0.013548745232199195,0.010890297069701495,0.64010083381811134,0.63416110862668773,-0.011276715861309936,0.52356020942408377,0.011941445110767232,0.12481185152784478,0.13085835954149763,-0.01257550185874378,-0.014771059558116232
20251204,5155,5155,5155,1,1,-0.0069311315789044323,0.0067359897430551118,0.59340446168768191,0.59403354033564248,-0.0074742598734892128,0.47332686711930166,0.0063202962041939148,0.2205085470106265,0.13788509395386814,-0.0045372320347535607,-0.0099423396410067803
20251205,5153,5153,5153,1,1,0.00051436642617705875,0.0036377734223920566,0.59266446730060163,0.51758915808017714,-0.00636379852917132,0.51814477003687176,-0.0022509784253203144,0.35300149415089493,0.072144032654572879,0.0033914121190993488,-0.0032632898288606172
20251208,5155,5155,5155,1,1,0.00018009989185657264,0.00075426881702236729,0.55421920465567409,0.50551422434901039,-0.0036214687688202736,0.44190106692531522,0.0006601008948338683,0.35092185598011533,0.083641464540978955,0.0028088954560204211,-0.0034700255082653567
20251209,5156,5156,5156,1,1,-0.0094467568354082796,0.0081978901640302176,0.59328937160589601,0.58138662614660852,-0.0072992697020474095,0.46877424359968967,0.0098477571021270555,0.17213353750283381,0.12754981943143542,-0.0087766295957362999,-0.010400630655733196
20251210,5153,5153,5153,1,1,-0.0056180499565628532,0.0049009189830558041,0.5953813312633417,0.58131701520157808,-0.0067423709378392786,0.46535998447506305,0.0032589165253323498,0.24210593670201366,0.10236474383325783,-0.0037117355672214593,-0.0082225975936696324
20251211,5156,5156,5156,1,1,-0.015170398387631579,0.010604363675398319,0.60007757951900698,0.63684948963134436,-0.0082803328124573666,0.46121024049650894,0.013445987821039283,0.1007888370905656,0.16977041717741448,-0.01574179981822612,-0.01438465663788161
20251212,5158,5158,5158,1,1,-0.0021352821596351684,0.005097661326388476,0.56068243505234583,0.52932315699517019,-0.0045703557966540655,0.45327646374563785,0.00024396241331312105,0.26542410979398046,0.095332703346535694,-0.0015712955213973831,-0.0029342379109382815
20251215,5157,5157,5157,1,1,-0.010157942670553467,0.0090752719180018371,0.61411673453558269,0.62393512058447176,-0.008468484049638703,0.50707775838665892,0.0058456601097047738,0.19398122928455383,0.13885264986519488,-0.010834301192498621,-0.0092445233221570607
20251216,5159,5159,5159,1,1,-0.015100499467626274,0.01274091460164707,0.65749176196937387,0.66828655695358974,-0.012735585520173686,0.5227757317309556,0.013263453380217257,0.094934783862112238,0.14925346535644879,-0.01556437766044153,-0.01450958138038454
20251217,5160,5160,5160,1,1,-0.0018581062559780137,0.0058869158997708164,0.58972868217054264,0.54340546713309124,-0.0065297810671828705,0.49612403100775193,-0.0047463241843801332,0.33435540752869852,0.052266247234905694,0.0017359230321234511,-0.006772510197143638
20251218,5163,5163,5163,1,1,-0.0088102441633752058,0.0087656578341427441,0.63490218865000969,0.6301725592099009,-0.0095205930873770942,0.54813093162889792,0.0047872054389761134,0.23540834903630709,0.13710117218615636,-0.01044831725803529,-0.0065583329015076247
20251219,5162,5162,5162,1,1,-0.0012875794546734476,0.0048382153340602715,0.59763657497094147,0.54104486116957651,-0.0069545272798438411,0.52537776055792329,-0.0018740435870180361,0.33532302062592451,0.085469016839257547,0.00033202881994566459,-0.0033183816356191068
20251222,5158,5158,5158,1,1,0.0004680197884764152,0.0017990100308701764,0.55409073284218691,0.51070316129044957,-0.0045064988578176505,0.4344707250872431,-0.00058987007291313944,0.29314533704174994,0.080079651759636453,0.0039138217351036156,-0.0042273965947205224
20251223,5163,5163,5163,1,1,-0.0084797968151346693,0.0070801992592299653,0.58415649815998449,0.6005713884327657,-0.0069820983152119025,0.45942281619213637,0.0040299991963747743,0.19399658652135404,0.1111943609137049,-0.0077462251882007413,-0.0095383630670434292
20251224,5165,5165,5165,1,1,0.00010130118334031684,0.003914103555123693,0.59825750242013553,0.525359451739424,-0.0073040441815162838,0.52274927395934168,-0.0040297826075949943,0.35354347810205705,0.064445713396146034,0.0036251218958042305,-0.0048473909309894583
20251225,5167,5167,5167,1,1,-0.0053105265645125256,0.0065271900678026962,0.61854073930714148,0.56794118180542508,-0.0092184806026203384,0.54731952777240178,0.00044902942199498332,0.30256760719607023,0.074328348534753383,-0.0032189974838366768,-0.0081101377549066319
20251226,5166,5166,5166,1,1,-0.0056115648906101961,0.0069406372758539173,0.61091753774680602,0.5874386921588487,-0.0086267445884129663,0.51064653503677893,0.001682016469611163,0.2642340216709535,0.09254828803149516,-0.0019924207922289855,-0.010653653088128831
20251229,5168,5168,5168,1,1,-0.011283513095338905,0.009263771414015607,0.64028637770897834,0.62720569266966508,-0.011055170679925796,0.52515479876160986,0.0079860858124501059,0.21997834113024214,0.11434023105875958,-0.010016369847217115,-0.013038362827064401
20251230,5170,5170,5170,1,1,-0.0055608435855673231,0.0058988544734101481,0.56750483558994202,0.57308310393233153,-0.0048073348858003496,0.45783365570599616,0.0044490501327899929,0.1992867077491266,0.12291385919048597,-0.0049138325088268226,-0.0065042855863085775
20251231,5172,5171,5171,1,1,-0.0066204429270173507,0.0065268137081364213,0.5998839682846645,0.55393773129308199,-0.0081069817346501559,0.49777605878940245,0.0058787989116715613,0.18778026940324627,0.11347517666583752,-0.0048659025105454497,-0.0091847591969388739
20260105,5172,5171,5171,1,1,-0.001236728920667258,0.0035788968025361151,0.5511506478437439,0.53781485378880289,-0.0041764322759359805,0.46315993038097081,-0.0022158404508599303,0.39128767913412243,0.066167299625205123,-0.0010585742683484414,-0.0014819392615676422
20260106,5174,5173,5173,1,1,-0.0031478386099497162,0.004038660249075436,0.56176300019331138,0.57368694086953254,-0.0045117898953125337,0.46394741929248018,-0.001051332183536834,0.38832386015839709,0.04311150986785374,-0.0028153225556026718,-0.0036019152676200037
20260107,5175,5174,5174,1,1,-0.0082685996392492158,0.0070180380487841415,0.56416698879010441,0.5936234622377079,-0.0047790981699204101,0.43428681870892927,0.0079117021964048365,0.2372755680665492,0.093209009251014219,-0.0099224366412740423,-0.0059741149015447763
20260108,5174,5173,5173,1,1,-0.0066845138628908226,0.0062884134738629676,0.56949545718151939,0.58442988370348359,-0.005364795608225453,0.50415619563116176,0.0047499698284586764,0.29275843386070144,0.10015924185996987,-0.0088847432378486562,-0.0037101924864540231
20260109,5173,5172,5172,1,1,-0.0047724179440895896,0.0063324554382469559,0.58081979891724667,0.5943833326714193,-0.0058097758887374531,0.50174013921113692,-0.00035507242331333545,0.37865783369111861,0.046556168775759341,-0.0058375136965466033,-0.0033693850515518426
20260112,5173,5172,5172,1,1,-0.0029583652573207924,0.0041350867915159904,0.60440835266821347,0.57617223585273625,-0.0065109364435548094,0.52165506573859244,-0.0015352827306636656,0.39716241735884655,0.039441582237256939,-0.0013839429166868887,-0.0048544824086644732
20260113,5166,5165,5165,1,1,-0.017620029821348148,0.014111489443987055,0.6172313649564376,0.70130071723705423,-0.0082651682124610468,0.52449177153920623,0.012235361251943123,0.17079021160380597,0.11960954047836714,-0.022231665256489556,-0.011851860482921162
20260114,5168,5167,5167,1,1,-0.0064034372502717544,0.0069881624355809567,0.57073737178246564,0.6162838236067526,-0.0045850606189034651,0.47280820592219858,0.003118588473766391,0.29063020713786214,0.082381285384977229,-0.0068372843487888198,-0.0058670487494805997
20260115,5171,5170,5170,1,1,-0.0087633128526173956,0.0077375655273902964,0.5856866537717601,0.57935022650029611,-0.0064859218401050727,0.48491295938104451,0.0080990108021512207,0.17446525810043967,0.12051293456509828,-0.0093493386973209653,-0.0080102724583026568
20260116,5173,5172,5172,1,1,-0.0039464945697050289,0.0027174894077382004,0.52610208816705339,0.51216088767040979,-0.0019741533157041553,0.40738592420726993,0.0066839000277993457,0.14967649454973128,0.14352309450801889,-0.0033345230340092592,-0.0047350244220396654
20260119,5174,5173,5173,1,1,-0.0073477060244693092,0.0056223132668659021,0.61395708486371547,0.60367808813879742,-0.0076238139565299665,0.51072878407113864,0.0032434645071963576,0.27778173378536752,0.087611920632401391,-0.0099964873390847812,-0.0041567960065803213
20260120,5180,5179,5179,1,1,-0.013754118612886924,0.0093533805477831258,0.63873334620583122,0.64052674738671345,-0.010238599235034639,0.52442556478084568,0.011546714386491061,0.18977983385939279,0.1333638499237419,-0.016425931522840827,-0.010523150946183781
20260121,5177,5176,5176,1,1,0.0010783487035938121,0.00085075407590847168,0.56761978361669241,0.4892709264443586,-0.0040707806895861516,0.47430448222565685,0.0014795866152940041,0.23163551329247328,0.13126835276756846,0.0035186312328628088,-0.0020056279982895928
20260122,5177,5176,5176,1,1,-0.0019398106071284913,0.0026201231631252982,0.5964064914992272,0.52732992612819296,-0.006837450578153317,0.51101236476043277,0.0023509498481836246,0.25881673673459754,0.11821586089519297,-0.0014389047147052275,-0.0025943996098624863
20260123,5178,5177,5177,1,1,-0.00067544504485700114,0.0030702084594039425,0.57716824415684764,0.49367421512621523,-0.0054567676041585942,0.50647092910952285,0.00074696570698357524,0.2884985761938435,0.094410286787273034,-0.00038777351762072461,-0.0010331226245826042
20260126,5174,5173,5173,1,1,-0.011655413707739143,0.0067221117022613864,0.60641793930021259,0.60967912032214067,-0.0078722721640780459,0.46684709066305818,0.011862905917808088,0.16161050188865902,0.14262324225965595,-0.013414247533289729,-0.0096048261313399236
20260127,5174,5173,5173,1,1,-0.0071730830576582577,0.0069460883533580924,0.64894645273535667,0.61121452538011878,-0.010217104726995382,0.55325729750628261,0.0058914088222149254,0.2608301966984109,0.11888546258004982,-0.0046799520454638525,-0.010289616973987557
20260128,5174,5173,5173,1,1,-0.0046351765110488139,0.0036908212501566852,0.59056640247438619,0.55191463477947489,-0.0065643553765793224,0.47322636767832976,0.0070321074206746957,0.2105814360065332,0.157435203126705,-0.0031471232932025551,-0.0066970933095248054
20260129,5175,5174,5174,1,1,-0.0093230596918745263,0.0082681203772925725,0.64051024352531893,0.6185431659363303,-0.0090696387981215321,0.5297642056436026,0.0053941364764512603,0.19022335350811634,0.10593126781374176,-0.0087341046392662072,-0.010140443018089943
20260130,5172,5171,5171,1,1,-0.010505577177216832,0.010186103566150965,0.66834268033262423,0.61845601110562776,-0.01132440500053836,0.57629085283310777,0.0057824398521615188,0.15159459882744317,0.12442811615787146,-0.0085848340797130412,-0.012972369647194915
20260202,5174,5173,5173,1,1,-0.010442459309629365,0.0061519032414063994,0.60042528513435145,0.60488301207389694,-0.0073080617933979257,0.47109994200657257,0.010512080614647619,0.084627812313813139,0.24386470071088392,-0.011466244498278457,-0.009110357501039246
20260203,5175,5174,5174,1,1,0.00032413105400379359,0.0031329053872670258,0.5807885581754928,0.54358571431837377,-0.0045870685172361789,0.48879010436799381,-0.0039594071035143705,0.4451161721668932,0.047529419438589633,0.0024788529906488179,-0.0029126636511741652
20260204,5178,5177,5177,1,1,-0.011925508393231109,0.0081832684931597878,0.62082287038825579,0.63610916158429887,-0.0082119896791648939,0.49372223295344797,0.0069289242170383044,0.25398807229996267,0.070492505750877524,-0.015528563567022213,-0.0068343371405723396
20260205,5178,5177,5177,1,1,-0.013314774569179625,0.010385505218555595,0.62140235657716825,0.66277845192651508,-0.0081102927511787232,0.4921769364496813,0.0091494003321230186,0.14890050677982111,0.15594021815239728,-0.015739171896743238,-0.010105443312034362
20260206,5176,5175,5175,1,1,-0.004320446486238032,0.0067352015794097386,0.62492753623188402,0.57555200011892871,-0.0079646006419097169,0.55265700483091784,0.0025701356979975633,0.17365536919389321,0.12461493934570463,-0.0029045338910553419,-0.006156135562662127
20260209,5175,5174,5174,1,1,0.0025878612384870382,0.0010896881186702248,0.58272129880170076,0.49529190363120373,-0.0054429488289405598,0.48163896405102435,-0.00414124127226755,0.38487671045013239,0.043142407686120342,0.0057225916877893801,-0.0015599799848248141
20260210,5179,5178,5178,1,1,-0.007647815895129668,0.0069782508504145652,0.6031286210892236,0.59052822105302727,-0.007251068374737644,0.50366937041328697,0.0058997413221634739,0.20612200951358714,0.10464966795426887,-0.0088701804560997622,-0.006026035191283541
20260211,5179,5178,5178,1,1,-0.010924274155795105,0.0099044003390041657,0.60699111626110469,0.64012878238943749,-0.0079323825334352109,0.5177674777906528,0.0086084830950427446,0.18915048190369543,0.11158290503691433,-0.012630340879287322,-0.0085979468723550861
20260212,5183,5182,5182,1,1,-0.00027580393606067643,0.0038499664764568165,0.57255885758394442,0.51543320195544517,-0.0057294969069714829,0.48147433423388653,0.00010541801275716474,0.22911259670611031,0.10685808991647784,0.0041193867116452775,-0.0063263653044551499
20260213,5181,5180,5180,1,1,-0.0086767817119427423,0.0069675740651901682,0.57857142857142863,0.59044412325309226,-0.0054914888665878797,0.4611969111969112,0.01045610752246973,0.1250891272042246,0.20447286160706757,-0.009872001078001574,-0.0070585499034168837
20260224,5181,5180,5180,1,1,-0.002392189694060892,0.0036285090713092283,0.59440154440154436,0.53749319218911096,-0.0062387252706606541,0.50250965250965252,0.0011392507126217009,0.29650080940030971,0.081740577169731446,-0.00038620609267117802,-0.0049913996957717454
20260225,5178,5177,5177,1,1,-0.0023490473861231508,0.0040147115726261702,0.58701950936836,0.55107985359855349,-0.0063467016201757803,0.48734788487541048,-0.0014890577223239049,0.32376198966391201,0.061760019749425792,-0.0010388982293347479,-0.0040729428097933092
20260226,5177,5176,5176,1,1,-0.0059184756981828391,0.0041889571614151496,0.59814528593508498,0.57327089316188418,-0.0070649876544952479,0.47797527047913446,0.0055532297596822735,0.25889102976057549,0.092402669346927147,-0.0053261662821739251,-0.0067129968760315135
20260227,5177,5176,5176,1,1,-0.0049330287306035879,0.0046400208066328264,0.5873261205564142,0.57335454999281987,-0.0059639727495163037,0.49536321483771251,0.0024796004438521059,0.29514303684730725,0.074371830154089436,-0.00494004389834099,-0.0049234009798486637
20260302,5176,5175,5175,1,1,-0.011337238967019799,0.0087851423664478227,0.64618357487922706,0.64126193632119899,-0.01086885036631406,0.50685990338164255,0.005473404655676509,0.20945365337711988,0.11300756157262629,-0.0099889633645739682,-0.01302166486356522
20260303,5178,5177,5177,1,1,-0.020843983943539895,0.015395682207362732,0.71122271585860541,0.74764219403098076,-0.015686610006564052,0.57697508209387671,0.015282427433457021,0.10768660324167208,0.14908865746934036,-0.021713672585419844,-0.019771311099603148
20260304,5179,5178,5178,1,1,-0.010560112337290373,0.0088666693192992092,0.65237543453070679,0.67488569298182643,-0.010231388558263027,0.53650057937427575,0.0043198577011401753,0.24945829172989459,0.12334832713090685,-0.0096270620976598321,-0.011764413656689017
20260305,5180,5179,5179,1,1,0.0017114719987706491,0.00012076901883161419,0.54605136126665377,0.49953585692985814,-0.0026911801579255737,0.43019888009268198,0.0007069256106099933,0.27658161839017165,0.11446084438566133,0.0037603379713869612,-0.0010711322414728448
20260306,5181,5180,5180,1,1,-0.0010459855666289759,0.0046619797592086457,0.6102316602316602,0.553129862105046,-0.0073258929716406643,0.55077220077220079,-0.002634414692058871,0.25885782929892459,0.083412049618926995,-0.00010672598362601214,-0.002222241746549487
20260309,5184,5183,5183,1,1,-0.0068996206254124054,0.0058580093263484343,0.6345745707119429,0.62697638746858309,-0.0078948629480544447,0.49643063862627823,0.003718475614787194,0.1839080210532924,0.12870683633109373,-0.005989267280966091,-0.0080660928884418153
20260310,5182,5181,5181,1,1,1.852809422546301e-05,0.0027654587241866123,0.56243968345879169,0.49304443577317997,-0.0037515970848200331,0.48581354950781702,-0.0013050161867278131,0.31628571137270439,0.070087071602423126,0.00059332895062972463,-0.00075252763199800711
20260311,5185,5184,5184,1,1,-0.0038387252612305518,0.0036864874223518584,0.5405092592592593,0.54282742079465662,-0.0027130580260305388,0.41705246913580246,0.0041780196977235584,0.19181001235736256,0.12074162190140922,-0.0047430523300468087,-0.0026053601943829717
20260312,5185,5184,5184,1,1,-0.010479702193488458,0.0082729984863757662,0.58892746913580252,0.60413897059924104,-0.0063006489689076198,0.44772376543209874,0.0087707034834325383,0.16323314211526196,0.13706985660097851,-0.011731447021867207,-0.0088202834280786246
20260313,5184,5183,5183,1,1,-0.0083527081168197886,0.0083042705834724725,0.59058460351147979,0.5944618751174473,-0.0065036722582143981,0.48234613158402467,0.0067772331711115612,0.11245711365693575,0.18224768927859167,-0.009320748112573142,-0.0071057666572080808
20260316,5183,5182,5182,1,1,-0.0035959659025414947,0.0045491147303806517,0.58818988807410266,0.5533829112560269,-0.0053317825736521156,0.45793130065611731,0.0022308728457957989,0.16534402122386541,0.14371500567531473,-0.0020516658582600067,-0.0055980670387635288
20260317,5181,5180,5180,1,1,-0.013673233685973002,0.01083561492255794,0.60386100386100383,0.63685890010718271,-0.0081886570106773186,0.48610038610038608,0.012319916677624314,0.088132127588221296,0.19670712729998507,-0.015357508067647506,-0.011529095803981999
20260318,5181,5180,5180,1,1,0.00048539993839504707,0.0041466461796955132,0.61081081081081079,0.5025283324574501,-0.0069646721415717837,0.52799227799227799,0.00021841041200396799,0.25170947082599848,0.088784908876046162,0.0052748928511366392,-0.0059995842113938899
20260319,5181,5180,5180,1,1,-0.015533154038412008,0.012438212194136888,0.64729729729729735,0.67577589612859379,-0.010450462104671338,0.5067567567567568,0.013031149552311062,0.097125913722918525,0.17627844931810316,-0.015249820980345013,-0.01590275887168301
20260320,5182,5181,5181,1,1,-0.0087300844508496674,0.0093127337980921567,0.62729202856591393,0.5758725613636031,-0.009053461470603574,0.49855240301100173,0.0072602139716721557,0.0748525074043591,0.18442945354065499,-0.0056830590566609128,-0.012975224566110138
20260323,5184,5183,5183,1,1,-0.016346721279477523,0.012394558925309577,0.71232876712328763,0.74181832263604475,-0.014274020632534596,0.5581709434690334,0.010681661708036937,0.074217585428852539,0.17427435432586066,-0.015131706815897129,-0.017761957639310058
20260324,5182,5181,5181,1,1,-0.00029672943971555761,0.004243858817121849,0.60393746381007529,0.53592443320908045,-0.0062184750368844783,0.54564755838641188,-0.00056480288566033673,0.41127306260074042,0.041737184385975186,0.0011910154099861652,-0.0021781422017607042
20260325,5183,5182,5182,1,1,0.0034482574234428486,0.00033766626292439946,0.53994596680818219,0.46617936452629544,-0.0022372220314416827,0.4681590119644925,-0.0016184575112037013,0.36009438309967823,0.04287326003577592,0.0058421863110894251,8.0736440699853747e-05
20260326,5182,5181,5181,1,1,-0.013257019666383306,0.0096200270318575962,0.61937849835939007,0.6399997021439543,-0.0072737382657900723,0.47847905809689251,0.0099970755416802556,0.095343490930025684,0.17148393816077556,-0.01441438711596185,-0.011656758400814156
20260327,5178,5177,5177,1,1,0.0022281273929063293,0.00087377408850804899,0.53660421093297272,0.49439865567426861,-0.0022953414331787023,0.46011203399652306,-0.003852063735675653,0.25829107638730231,0.078919535501698113,0.0026697120982110802,0.0016425536725543693
20260330,5175,5174,5174,1,1,-0.0044583392573721622,0.0033764177453067161,0.57788944723618085,0.5504034386409673,-0.0047851481858238757,0.4744878237340549,0.0047777632245904452,0.19521994600048168,0.11945860618516502,-0.0053582861672698762,-0.0032988293531059708
20260331,5180,5179,5179,1,1,-0.012386807965840603,0.0084750407595940713,0.58814442942653022,0.62425864389715413,-0.0056694236014274077,0.46843019888009269,0.011552236037167908,0.080048605948005266,0.18274431474791258,-0.014719763361094132,-0.0092862299272262801
20260401,5183,5182,5182,1,1,0.0017874934941812881,0.0015498555397759845,0.508490930142802,0.48236746290752852,-0.00062672662813499506,0.42416055576997297,-0.0008362412647706513,0.28337667526278659,0.055178749277234693,0.0010601404078085749,0.0027582107591171087
20260402,5183,5182,5182,1,1,-0.01362334009951988,0.0088544224407283902,0.61057506754148982,0.6412425333700571,-0.0078206668320730723,0.47857969895793129,0.012418322313820184,0.12247333197238498,0.17677841227658372,-0.014397863074224315,-0.012636839621479828
20260403,5184,5183,5183,1,1,-0.007543038821448524,0.0086555331248716078,0.5938645572062512,0.56041875845531708,-0.0072442914666008039,0.47212039359444335,0.0079808285028734917,0.10974367336635898,0.18892917791309358,-0.0038870559242949383,-0.012317152832860589
20260407,5182,5181,5181,1,1,-0.0042819719415766047,0.0067713357102219748,0.62613395097471536,0.57906295881923309,-0.0082498462817772473,0.55684230843466509,0.0021585594827438219,0.33366602681697821,0.091060576920415609,-0.0030155922923946962,-0.0059857794317835023
20260408,5187,5186,5186,1,1,0.01091873782412686,-0.0033603793821484242,0.47936752795989201,0.40223994375683492,0.0015579736584316894,0.4124566139606633,-0.011637673736178531,0.33697645449684471,0.027796955053877914,0.014610850551708066,0.0059091780991247945
20260409,5188,5187,5187,1,1,-0.0080834825242284674,0.0053394386411576714,0.58762290341237711,0.60853376534128056,-0.0056451738623681828,0.43878928089454405,0.007914707259220331,0.22176249021529726,0.14814053013087053,-0.0081454614805118765,-0.0079928363639683881
20260410,5191,5190,5190,1,1,0.0028310667898565674,0.00074377723591409711,0.51618497109826589,0.45577119812811195,-0.00098842256533678268,0.4273603082851638,0.00051862863719064197,0.21512679579985966,0.10123059886827396,0.0038108912186585204,0.0013290814227897771
20260413,5189,5188,5188,1,1,-0.0018594128628424838,0.0014120162118246066,0.52929838087895142,0.50607674919510393,-0.001855394168646155,0.39437162683114879,0.0043420517726497033,0.2439119396648228,0.12885031237047173,-0.0012924082660482621,-0.0027052458915532139
20260414,5191,5190,5190,1,1,-0.00066571749645393387,-6.1850441616971208e-05,0.52639691714836223,0.48315528632469612,-0.0017111969171563059,0.40250481695568402,0.0016968883798685358,0.28963502294787219,0.062685139819960045,-0.0002026844004917205,-0.0013761553392482397
20260415,5189,5188,5188,1,1,-0.0115413824578867,0.0090548089214032897,0.57170393215111792,0.61816231351732709,-0.0047030694347016365,0.46144949884348496,0.012859782623280958,0.17639699625152447,0.14620890902602149,-0.015713387461753242,-0.0053447678350717395
20260416,5192,5191,5191,1,1,0.0025656167568972764,0.0024417793361482241,0.58158350992101715,0.49322792736628968,-0.0055617471496573903,0.52533230591408209,-0.0041140947406350312,0.3354986734878268,0.05341681678495834,0.0055066674535376951,-0.001749330040147951
20260417,5191,5190,5190,1,1,-0.0047915354969213118,0.0043572374056336134,0.57167630057803465,0.54031335986880069,-0.0055831487098561821,0.47668593448940272,0.0047031672054050648,0.20782127956168953,0.096111283337257672,-0.0038823577675196016,-0.0061157945981804834
20260420,5186,5185,5185,1,1,-0.0013204675408822054,0.0010528210681195812,0.57280617164898751,0.5326958537309735,-0.0052445773611186006,0.47772420443587271,0.0022667544598728674,0.27277617947528282,0.081343399354219595,-0.0004656982878447036,-0.0025705170136263518
20260421,5191,5190,5190,1,1,-0.0081444166181318112,0.0068560362286520403,0.58824662813102124,0.59336286201592281,-0.0064426307973375991,0.48169556840077071,0.0079524392507957925,0.19466753748832355,0.11197861613779558,-0.0088378602905467823,-0.0071541784916021285
20260422,5190,5189,5189,1,1,-0.0013720553754679467,0.0026672745753453467,0.58624012333783004,0.51958233202616133,-0.0060908203644848887,0.49315860474079787,0.00029745366085918946,0.29826205459646055,0.079926533855723778,0.0020634761579822912,-0.0065582864412174471
20260423,5188,5187,5187,1,1,-0.014300082933471011,0.010911603322052871,0.63986890302679778,0.66892250695139721,-0.0095397987512339227,0.51860420281472908,0.012983786442947585,0.16919252172115601,0.13663605367585913,-0.015900605599514707,-0.01188680868447471
20260424,5188,5187,5187,1,1,-0.0064456908737278336,0.0059402251695090695,0.5822247927511085,0.57590905138051662,-0.0052334382752835459,0.48717948717948717,0.0065227881267007565,0.1199012925914162,0.1105231439623434,-0.0063659264016550053,-0.0065726628485181489
20260427,5186,5185,5185,1,1,-0.002878473307343205,0.0025600455178126005,0.60848601735776275,0.54380883333261287,-0.0077412101903964877,0.51359691417550624,0.0015252552344794262,0.2472213930281798,0.095626370903492491,-0.0012327853420686773,-0.0052796866103882447
20260428,5179,5178,5178,1,1,-0.009835295227997096,0.0069526383674597464,0.5878717651602936,0.6137913039978814,-0.0058516898682736181,0.46890691386635769,0.00949711687516255,0.13291664780374987,0.12718919105644266,-0.010666763952359225,-0.008702838939945317
20260429,5153,5152,5152,1,1,0.0023128878441415171,0.0022081618612755723,0.57123447204968947,0.51124425824606246,-0.0048354728584637241,0.49980590062111802,-0.0056394428097297968,0.27533028495456197,0.065946408712391338,0.00526869378281141,-0.0018988301744592912
20260430,5152,5151,5151,1,1,-0.0054110224823151927,0.004432807119085465,0.59580663948747814,0.60185562704482121,-0.0063549841576886904,0.48844884488448848,0.003028833158021263,0.25192133285814933,0.10850842552210495,-0.0055283282592994082,-0.0052401042540527135
20260506,5181,5180,5180,1,1,0.0030541044924074336,-0.00099653377828901849,0.53706563706563704,0.47565073392827167,-0.0021622113263718512,0.42413127413127411,-0.0021009036299577889,0.34069242345425765,0.064982011157314903,0.0040605391332670521,0.0015703164536371461
20260507,5183,5182,5182,1,1,-0.0027942860187516404,0.0026132449407314309,0.5698571979930529,0.52258779507863717,-0.0047424157828553186,0.46179081435739094,0.0018262422559589685,0.31934315203893388,0.062638613463666754,-0.0036722334498165846,-0.0014865319441335282
20260508,5181,5180,5180,1,1,-0.0051873838810705883,0.0046874492116187093,0.5538610038610039,0.54918114852934496,-0.0037249426004943229,0.4611969111969112,0.0061785962226335806,0.18801403953374815,0.095655702046068616,-0.0078564034243449321,-0.0014489483307908418
20260511,5181,5180,5180,1,1,-0.0028657336103606614,0.0027400725997764981,0.57007722007722006,0.56148194328949519,-0.0044379534192695545,0.44806949806949808,0.0032661093768809333,0.33574120945042696,0.055904208779333366,-0.0012797820880021786,-0.0051327789148078911
20260512,5180,5179,5179,1,1,-0.01223431680647584,0.0091927966881329894,0.61575593743966017,0.62802137126465551,-0.0083721217994043549,0.48773894574242133,0.0099051960588477407,0.170152210034902,0.11197258952855281,-0.013500514300999649,-0.010381202310580763
20260513,5184,5183,5183,1,1,0.00014182055009423567,0.0019156146496936749,0.57399189658498939,0.50861048416279075,-0.005221784251825675,0.47443565502604668,-0.001291108178904356,0.293192716904976,0.06514503534303695,0.0023733181808685737,-0.0031863570656174389
20260514,5184,5183,5183,1,1,-0.015688779960768586,0.01256507615173957,0.632066370827706,0.66532175041172925,-0.0095514199634116163,0.53328188307929769,0.013769926782002766,0.091438424780625013,0.16513612175981435,-0.016738397905969926,-0.014123417823238527
20260515,5185,5184,5184,1,1,-0.0090345368607491483,0.0066865201016324156,0.57831790123456794,0.61891459584978237,-0.0051154577137123101,0.44714506172839508,0.0069405911454215059,0.12890421663158064,0.13817035171657602,-0.010875793996146717,-0.0062581661959842166
20260518,5188,5187,5187,1,1,-0.0043639818196849183,0.0037810815830798118,0.58608058608058611,0.5464752040946631,-0.0053651680140619452,0.46674378253325621,0.0035153377369720141,0.21260751463301597,0.098203715504726521,-0.0034889220344034608,-0.0056254265313930235
20260519,5183,5182,5182,1,1,-0.0049576506497839646,0.0039858856007010945,0.57603241991509069,0.57383947040377292,-0.0045426844959386009,0.47086067155538402,0.0029197665605327884,0.26213144748017481,0.071194564582834727,-0.0069783525722278347,-0.0020227430669758771
20260520,5187,5186,5186,1,1,-0.0074242095448815862,0.005528194542011834,0.6191669880447358,0.58035504255435966,-0.0078591875228030683,0.49286540686463554,0.0055874598151693308,0.22107325631782473,0.086581071193019596,-0.005017048203424343,-0.011013285386063202
20260521,5190,5189,5189,1,1,-0.012148060538907006,0.0092979829321588516,0.61765272692233575,0.65661649189347293,-0.007937866895418191,0.49797648872615147,0.01006971866455297,0.077760803695592323,0.19713983868871074,-0.013082458168187363,-0.010795761242443237
20260522,5192,5191,5191,1,1,0.005186684823303981,-3.6590756083686688e-05,0.54575226353303796,0.45153883873395617,-0.002981979281004779,0.4554035831246388,-0.003903758999104303,0.30358505935012126,0.06293628714611138,0.0090488683860955512,-0.00065506876406087216
20260525,5192,5191,5191,1,1,-0.0019807088657839548,0.0015903696358376439,0.5825467154690811,0.50688771769702923,-0.0054630618624386257,0.43402041995761897,0.0018875897437894537,0.23092641290856736,0.07244573503936344,0.0005007466537891058,-0.0059600750273697918
20260526,5192,5191,5191,1,1,-0.010996868072117444,0.0080095076267979164,0.61491042188403,0.61605614736008707,-0.0078694969622045037,0.47216335966095163,0.0082667970748478738,0.17254647130541034,0.11506997462210439,-0.011906565159713214,-0.0094934276712996448
20260527,5192,5191,5191,1,1,-0.0090376597334280162,0.0074022584102324566,0.59237141205933341,0.59562837883079112,-0.0065762938081797701,0.46445771527643998,0.0083782830410357133,0.11518085529928487,0.15563743710185945,-0.0091138891629466128,-0.0089092324275433562
20260528,5192,5191,5191,1,1,-0.0012490600500162001,0.0032186354628075055,0.56501637449431708,0.5523650858052076,-0.0040869889504706186,0.45058755538431899,-0.00074778695163993728,0.2386874098169697,0.078514496789309648,0.0011269793381525929,-0.0051951185722092464
20260529,5191,5190,5190,1,1,-0.012528336406949767,0.0090664522493869564,0.59113680154142578,0.64892346698338355,-0.0061204722096997437,0.45664739884393063,0.011279170123522714,0.12685075944446819,0.16265511312159697,-0.014133146176571425,-0.0099212184359154815
20260601,5193,5192,5192,1,1,-0.0067768682623957285,0.0065480918056499389,0.57338212634822805,0.58132455335630651,-0.0049139551575270099,0.47785053929121724,0.0046146882958484608,0.13675959861413967,0.14146974657526837,-0.0092793424940244874,-0.0027448744022686537
20260602,5192,5191,5191,1,1,-0.0011085220570399021,0.0024326034316270785,0.5293777692159507,0.51136591467157055,-0.0018002064400559207,0.37853978038913505,-0.00066876721517197856,0.22410456412058252,0.11037630922934412,0.0016831446702723191,-0.005768596435284816
20260603,5196,5195,5195,1,1,-0.0022440535386789801,0.0031031097194916648,0.55072184793070256,0.53725129270853267,-0.0033487660063041833,0.41039461020211743,0.0025057956104686399,0.2525214951908602,0.099321432186342873,-0.00092431718896398803,-0.0047144973507990788
20260604,5196,5195,5195,1,1,-0.0056234951457368784,0.0059440283041683221,0.5915303176130895,0.56308049754980305,-0.0054634215016955189,0.46044273339749758,0.0043639127729462688,0.19879186255806972,0.11612666707382258,-0.0041310204916375371,-0.0082183421359688109
20260605,5198,5197,5197,1,1,-0.0090301196512227351,0.0068269779266869743,0.59726765441600926,0.61683177544224921,-0.0059106021425932662,0.51318068116220894,0.0062217723624790142,0.13138775422285126,0.12209593454231475,-0.012080231254182235,-0.0036378075558856841
20260608,5199,5198,5198,1,1,-0.013484455067665019,0.010608061513695996,0.62331666025394383,0.69645487670392026,-0.0078428310271383486,0.47826086956521741,0.0093485616166812634,0.077491494972106403,0.16476083591407742,-0.015800652170994908,-0.009814064045118474
20260609,5199,5198,5198,1,1,0.0057151728380117122,-0.0016955091163401049,0.51212004617160445,0.42715862461132131,-0.00069297040167556293,0.40169295883031936,-0.004291726347449387,0.29252072683442509,0.061568608684588952,0.0086269380988123704,0.00064633880245250244
20260610,5196,5195,5195,1,1,-0.013257958664735734,0.010237267327943349,0.63695861405197307,0.65591865191731014,-0.0091451730646710735,0.5226179018286814,0.0094306987432155875,0.13206838216390912,0.13029510923076806,-0.014682723983930565,-0.010862844830023116
20260611,5194,5193,5193,1,1,-0.0058420666280389489,0.0046654462833913253,0.60523782014249949,0.569308482839057,-0.0068880140948057809,0.48180242634315423,0.0046864121387500167,0.13959545343948562,0.10860205728978062,-0.004980862516310385,-0.0073264257872886901
20260612,5195,5194,5194,1,1,0.00056191704515334915,0.0021766503999716947,0.52714670773969963,0.51679584107905419,-0.0013346022585884792,0.44031574894108588,-0.00033267497829491744,0.19497087736799662,0.12458844686840147,1.1731619959171297e-05,0.0015421997891729559
20260615,5190,5189,5189,1,1,0.0075819530953550674,-0.0026365852300645862,0.46675660050105994,0.42155561902912975,0.0019878083056765468,0.34129890152245135,-0.0055482309528908274,0.33800104803112618,0.060883112611851031,0.010089756420988938,0.0032996933396564451
20260616,5195,5194,5194,1,1,5.8788103930559444e-05,0.00068398383908256936,0.54967269926838658,0.51432942570032392,-0.0032436205606815763,0.43434732383519448,0.0018716105824125103,0.30096322427033695,0.094096712495984752,0.00052560553357401641,-0.00077480320003891167
20260617,5191,5190,5190,1,1,-0.0012284883635629044,0.0023449065528714256,0.54431599229287086,0.50259671595016087,-0.0028885906164304465,0.41233140655105971,0.0012615644030644763,0.24822208192476256,0.085229259459621856,0.00073661102962292724,-0.0049099815765792643
20260618,5189,5188,5188,1,1,-0.0030856389756259038,0.0044736406508354047,0.58693138010794144,0.54716792867295594,-0.005332797398561742,0.48419429452582885,0.0024646450867484484,0.24623301368690395,0.083567850245273884,-0.0016428524977611196,-0.005863653690147309
20260622,5192,5191,5191,1,1,-0.002333826176698417,0.0021015933791806657,0.59699479869004046,0.56553701580721505,-0.0060025171504430458,0.48795993064920051,0.002382331433406762,0.31428579678960289,0.071160291553560434,-0.0013569534189865047,-0.0041292256263062155
20260623,5194,5193,5193,1,1,-0.014257578842618249,0.01005553746152211,0.60966685923358366,0.67697832820926529,-0.0066108669875148199,0.51222799922973228,0.010094170301159862,0.13386367768187316,0.14041833980204546,-0.018945220791940966,-0.0053605298986717544
20260624,5193,5192,5192,1,1,0.0019950396627412673,-0.00039606999651975255,0.51617873651771962,0.49592320696814068,-0.001076898388829997,0.35034668721109397,0.0012515607792152098,0.26265278092039351,0.11018692570312388,0.0041083323583625793,-0.0020425192912462884
20260625,5192,5191,5191,1,1,-0.001372972723460231,0.0024082828514704266,0.60624157195145445,0.51298983896203121,-0.0069238460025867485,0.45617414756308994,0.00086012474728380567,0.22222148593128135,0.094527127473476996,0.001903947106261451,-0.0080196473546765706
20260626,5194,5193,5193,1,1,-0.014726494879284369,0.0098437205182946054,0.6456768727132679,0.69006140230891477,-0.0097536382435334818,0.52744078567302133,0.00982935174164936,0.1333394684545563,0.13997017505919537,-0.016674981161695211,-0.010639432237983909
20260629,5190,5189,5189,1,1,-0.0063908163384262563,0.0055090198306824555,0.65253420697629605,0.5991987803091201,-0.0085141862950425876,0.54866062825207174,0.0028431905698563026,0.22163529116810096,0.085904496297827301,-0.0073411371592627863,-0.0044803971005711301
20260630,5187,5186,5186,1,1,0.0050396349351029711,-0.0016249147972193863,0.52950250674893951,0.49713707243804489,-0.0016873880864897255,0.39220979560354802,-0.0071557218311692891,0.32975955898657949,0.085255135286092909,0.0065947679097919541,0.0019626105809245958
20260701,5190,5189,5189,1,1,-0.005209587567982869,0.0034339347447950208,0.52283677009057616,0.59556143083307855,-0.0013499938316208731,0.44093274233956448,0.003301514624309838,0.21153302804832341,0.087303221964241812,-0.010310099666928845,0.0044645173777962295
20260702,5195,5194,5194,1,1,-0.011094604740869211,0.005316840008554191,0.48074701578744705,0.63340526493654759,0.0010559423947784057,0.37793608009241431,0.0051164490136140599,0.067103682951591928,0.173231487746175,-0.017677192864148296,0.00091799454019803192
20260703,5194,5193,5193,1,1,-0.0013684528477015435,0.0019624839359192368,0.50144425187752739,0.54628613043086693,-6.005833923816598e-05,0.40862699788176393,5.4764930278311747e-05,0.15423680514231541,0.087140959332828102,-0.0037144612629881786,0.0028415914293411283
20260706,5195,5194,5194,1,1,-0.0095488829238255819,0.0070154466626920859,0.54524451289949938,0.61867561638691182,-0.0027792887940008698,0.43165190604543702,0.0058636909920779514,0.12963275908172683,0.13065369803414764,-0.012544136767177095,-0.0042646132375063579
20260707,5195,5194,5194,1,1,-0.0099053075498609731,0.0083269221694401794,0.59684251058914128,0.63889159342090218,-0.0058218999556922529,0.46033885252214091,0.0059796937818954038,0.14048648311093936,0.15850555168117078,-0.0099547539855792226,-0.0098170383947629291
20260708,5195,5194,5194,1,1,-0.0093244029299392565,0.0093871399983340049,0.59549480169426261,0.62073729603260885,-0.0054932738774572231,0.47824412783981518,0.0049981055221528627,0.10442021414967168,0.15002967254277561,-0.010060803171742971,-0.0079344220418942416
20260709,5195,5194,5194,1,1,0.0012031055333240359,0.0027705259944364393,0.58221024258760112,0.52465098034227442,-0.0050100474980234316,0.45725837504813244,-0.0029296220409874727,0.3523219974702147,0.046287839295895736,0.0053031549729380565,-0.0073723822427346616
20260710,5195,5194,5194,1,1,-0.0024697718502292914,0.0033201271468143311,0.52868694647670389,0.54355868174439392,-0.001704207433425566,0.44185598767809009,0.0026812527716757188,0.14210816213800007,0.21212820801011112,-0.0048072716163415569,0.0023232448070442469
20260713,5198,5197,5197,1,1,-0.020354382150576261,0.014926456345877172,0.60361747161824131,0.74034347407038392,-0.0073258204999757538,0.47142582258995575,0.011629090994739627,0.090169965126854115,0.16343546823606347,-0.024900388899059486,-0.011973421641703523
20260714,5198,5197,5197,1,1,0.0011205323364139367,0.0032290503608081457,0.55936116990571483,0.52242190021346602,-0.0029492701942333277,0.46623051760631135,-0.0043175648383729053,0.28476058792148129,0.052753760359963972,0.0029859325510471265,-0.0026706356957256444
20260715,5199,5198,5198,1,1,-0.0054314269391030588,0.00527431151199639,0.57502885725278952,0.57981678145238402,-0.0043730697974444909,0.48518661023470566,0.0021903959599984253,0.17939683706518575,0.19165802648606775,-0.0077496091850974575,-0.0012262064434772459
20260716,5198,5197,5197,1,1,-0.010527828571844963,0.009627108873064557,0.5870694631518184,0.67472974865799984,-0.0052581041473610795,0.49759476621127574,0.0040207660680376817,0.13018066791523941,0.15364319845610927,-0.013570180364717634,-0.0052061493459751159
20260717,5196,5195,5195,1,1,-0.021495607990970021,0.016527033933641206,0.66371511068334943,0.8071823044248515,-0.010845638407300091,0.54995187680461988,0.011479436885893018,0.078346688261086733,0.14903245977736782,-0.025220081141962645,-0.015307022947043905
20260720,5198,5197,5197,1,1,-0.010557509172823359,0.0096268539633630485,0.65710987107946894,0.70179825934715034,-0.0087561122964979459,0.51183375024052336,0.0029788350034889366,0.24604973473365011,0.11894537080474386,-0.010648952740666739,-0.010408583504616159
20260721,5199,5198,5198,1,1,0.0028870952284881504,0.00069955356887024507,0.52231627549057325,0.46960496408870206,-0.0012278451449206067,0.38611004232397078,-0.0044312863736848031,0.35372371131155045,0.069622958903219997,0.0056331867331458211,-0.0019423825648120499
20260722,5199,5198,5198,1,1,-0.001524334706358988,0.00087957273486980857,0.52443247402847248,0.52413383556965443,-0.0013090085428965376,0.37418237783762986,0.0040483983689230162,0.17481648845918535,0.21867714393640073,-0.0017615724986929969,-0.0010462984118621633
20260723,5199,5198,5198,1,1,-0.0035223462015247582,0.0041619034949004867,0.57118122354751832,0.57073601393560769,-0.0045400485182413939,0.50884955752212391,0.0012265629747490923,0.23570703191809589,0.11952440553913861,-0.0061775602071847228,0.0013359473058176367
20260724,5198,5197,5197,1,1,-0.010808253257072215,0.0087015022090671662,0.58918606888589575,0.63317989212154391,-0.0056309629192485503,0.43756013084471812,0.0086691817987406047,0.079297213777857423,0.20096086771346122,-0.011217756890929537,-0.010085441219946072
20260727,5194,5193,5193,1,1,0.011678528854989722,-0.0038770812309716824,0.53706913152320435,0.45567809463963799,-0.0019669704160013104,0.46870787598690544,0.0031750823364934139,0.35101524729559386,0.03557960761707888,0.016271239384768266,0.0027651145249165351
20260728,5195,5194,5194,1,1,-0.017523803616929942,0.011164168159817703,0.58067000385059686,0.68096536597897528,-0.0045435185261157047,0.47035040431266845,0.014673415299855446,0.12491622789547585,0.20801380391960941,-0.024791341278880188,-0.0040144238092823152
20260729,5194,5193,5193,1,1,-0.0042971253564163155,0.0073769535967978181,0.55805892547660307,0.59961452256141679,-0.0035147005540324722,0.46639707298286154,-0.0019666467230289881,0.25923786193150949,0.083460885241625732,-0.0048601047947194366,-0.0033231406964459162
20260730,5198,5197,5197,1,1,-0.012652975099125087,0.010997065220378088,0.61708678083509716,0.67235748220828173,-0.0070603716606635215,0.48297094477583219,0.0097962037516540635,0.15572371761411313,0.17261804574449463,-0.014498209841317901,-0.0094057704116847531
20260731,5198,5197,5197,1,1,0.011655794578233271,-0.0026031189034183824,0.50490667692899749,0.34947639362670191,-0.00025313274916214978,0.41446988647296518,-0.0051458640625053047,0.21996520120247004,0.066666344029020844,0.016002513280360897,0.0039803610796552997
20260803,5529,5197,5197,1,1,-0.010093760091810643,0.0096841753344741842,0.57109871079468921,0.61959672448717418,-0.0049720626634509758,0.49855685972676544,-0.00022292676542925126,0.20692650968872087,0.10716245262015843,-0.015932735714337697,-0.0010342434933452206
20260804,5529,5197,5197,1,1,0.01418744070768962,-0.0049394302770677367,0.56975177987300363,0.35683146576637548,-0.0062834267932968205,0.46623051760631135,-0.0076429254792242923,0.19868043803693122,0.020650663935168505,0.022473896394311989,0.00046454545048657666
20260805,5532,5199,5199,1,1,0.010140545304084909,-0.0041386668171478624,0.53048663204462398,0.36992829536801419,-0.002639576837324009,0.43335256780150028,0.0024557269598714168,0.20333056995795018,0.029454604902278265,0.015235852792773666,0.00053065634633373752
20260806,5533,5200,5200,1,1,-0.0072420121986619288,0.0060028227664047631,0.6282692307692308,0.58848128909045494,-0.011027842523706251,0.52442307692307688,0.0025284592730706826,0.23941013202690087,0.045612323174336583,-0.0061151398630401423,-0.009204291076337634
20260807,5535,5202,5202,1,1,0.0077027119505152517,-0.0040866979569044682,0.56805074971164937,0.40300197681665101,-0.005253808285883209,0.46212995001922336,0.002058813757503262,0.21267914329089374,0.034751040175316862,0.013592339621983368,-0.0029686551497819531
20260810,5538,5205,5205,1,1,-0.0076666735619340745,0.0052797653522080852,0.52718539865513925,0.58202335232994928,-0.0022173680507399755,0.44111431316042266,0.0019198442228696572,0.21524204879295208,0.066821895726111538,-0.0124657901623993,0.00065979079885446917
20260811,5539,5205,5205,1,1,-0.0078776062221274906,0.0088637465854169914,0.61978866474543703,0.61054950995566015,-0.0093759143178856093,0.5050912584053795,-0.0041102487210676036,0.087393370969080314,0.098343160661887988,-0.0077736645051854226,-0.0080551529042957037
20260812,5539,5204,5204,1,1,0.0067203571381317063,-0.0013236537510436658,0.49865488086087623,0.43402043538959673,2.5515466920083017e-05,0.40295926210607225,-0.0012109079225409705,0.22750781740847914,0.044162254847302809,0.0094655208566001327,0.0021847464623036875
20260813,5540,5205,5205,1,1,-0.0083495286941915117,0.0087879576754479605,0.61978866474543703,0.59541954296293154,-0.011020258548730125,0.50240153698366952,9.3172896325485061e-05,0.066853326216833625,0.12631830385755813,-0.0075073221621426078,-0.0097827408272369021
20260814,5540,5205,5205,1,1,-0.0021848295001582543,0.0038527213122694771,0.60461095100864548,0.54645951302206464,-0.0088216471745971425,0.49221902017291064,0.0017023028400318513,0.2300896032778732,0.059734811104231865,0.00017294787649054015,-0.0060193496853886228
20260817,5539,5203,5203,1,1,0.01120078297443328,-0.004113850157164021,0.51316548145300789,0.37882181402278164,-0.0012190634601059579,0.44147607149721313,-0.00077662627103428951,0.26145343052320419,0.028646746939725114,0.015817115128903297,0.0031096300638086979
20260818,5540,5204,5204,1,1,-0.013498423242023827,0.010211711808718374,0.62336664104534978,0.64183025737802846,-0.012336752473407306,0.50826287471176024,0.0035736420890340927,0.12674913613165728,0.053837951254370055,-0.015776858991344407,-0.0096258349335958861
20260819,5541,5204,5204,1,1,-0.038174124995856977,0.029307194186604286,0.79150653343581856,0.81537503043677906,-0.030436391335988938,0.70292083013066875,0.0054194391316299481,0.040755739674190494,0.10124235107617927,-0.043998411690411118,-0.028380117863759498
20260820,5541,5204,5204,1,1,-0.00028536860304142873,0.0027550943004097796,0.51152959262106068,0.53344221692680382,-0.00075471925414703767,0.41641045349730976,-0.0011433123825355968,0.20850018125828337,0.070214717609117877,-0.002235753669566689,0.0028069909517236249
20260821,5543,5205,5205,1,1,0.005288444567204586,-0.00080620885350339382,0.57271853986551391,0.4727611047788004,-0.005574342012060295,0.45955811719500478,-0.0035608990671294949,0.16554861985189467,0.084373518022341623,0.010093484777677032,-0.0025072713054350628
20260824,5545,5207,5207,1,1,-0.019263800080501492,0.01356846966032659,0.63798732475513731,0.69183103398796209,-0.012097303582927476,0.52102938352218164,0.0010242132066387022,0.084439890537410356,0.10140601006991629,-0.024525500464430826,-0.010595685511881238
20260825,5546,5208,5208,1,1,0.0024848983650265725,0.0014016585732341338,0.54531490015360984,0.53319773328724718,-0.0036509318374026503,0.47388632872503839,0.0015690353163622696,0.1773396004874756,0.095060639178071796,0.0035056190922472135,0.00099315067489177955
20260826,5547,5209,5209,1,1,0.0039768334333561825,-0.00060976190384903956,0.54655404108274142,0.50927093345470031,-0.0039205380771646222,0.44269533499712038,0.0018423997091421849,0.17853619874445789,0.094131986968692405,0.0064018876860801191,0.0005173517165738623
20260827,5547,5209,5209,1,1,0.013262733674514162,-0.0050375594234343592,0.55116145133422922,0.3916479998994416,-0.0040488001324822326,0.43751199846419658,-0.00060967972204687207,0.24901488415644787,0.031217721972195019,0.021775647725418623,-0.00040608857979565922
20260828,5547,5208,5208,1,1,-0.0077051169217122297,0.0062648637983393355,0.55337941628264209,0.59738979832659389,-0.0052361272713929933,0.46255760368663595,-0.0020127261511448608,0.1381481970364144,0.12952857737381068,-0.011620065616363163,-0.0015834605540518999
20260831,5545,5206,5206,1,1,-0.00035730255652800352,0.0028651199005266582,0.55781790242028428,0.52217644355817761,-0.0049021704397059886,0.44967345370726086,-0.0037049813787894004,0.19833272271495414,0.064922193191346053,0.00089943533870360246,-0.0021637933424810156
20260901,5546,5207,5207,1,1,-0.0071826085917713898,0.0060965713639448173,0.53005569425773003,0.57577150818561662,-0.0024517474140593109,0.41905127712694451,-1.166198603179229e-05,0.15326119991492432,0.135031852468258,-0.013526032819226621,0.0011602391508305908
20260902,5547,5208,5208,1,1,-0.015192383267289295,0.01215659729711977,0.63805683563748083,0.65761832661429143,-0.012436891896353736,0.51977726574500771,0.0030453351684265016,0.055793156379599036,0.12478135956948685,-0.016938505442763454,-0.012858805275417412
20260903,5549,5209,5209,1,1,-0.0029856245940239464,0.0048469026371091616,0.58322134766749856,0.53762483971914599,-0.0076341096987198528,0.46573238625455943,0.001078770955367329,0.13155849090684896,0.088692891058585327,-0.0020059634082204994,-0.0043162185165463761
20260904,5548,5207,5207,1,1,-0.010207494441281809,0.0109738825791421,0.59458421355867097,0.59252150239919399,-0.0079551930094935771,0.50105627040522371,-0.0013947827258204495,0.090875297776993477,0.11221184812997405,-0.014000200509484027,-0.0051786330653108403
20260907,5549,5207,5207,1,1,0.010721949991885393,-0.0021408013652860999,0.5684655271749568,0.45158185320696514,-0.005750779615826279,0.45534856923372385,-0.004078613291131049,0.19805438246062146,0.049099974518047193,0.019888271636411717,-0.0031378675813197978
20260908,5549,5207,5207,1,1,-0.0016540791078986409,0.0034504939578368842,0.54407528327251775,0.53772094218009348,-0.0034731436990484183,0.44574611100441713,0.0033672258208806427,0.16073450567675737,0.093000296638144006,-0.0026818056428178998,-0.00017833668395781751
20260909,5550,5207,5207,1,1,-0.0013625752135413415,0.0035992952217971629,0.63068945650086428,0.5096679599853855,-0.012052311428893618,0.51738044939504513,0.0014256157746544863,0.12711337051594257,0.096977338128117818,0.0046136469229902909,-0.0098109323248062597
20260910,5549,5206,5206,1,1,-0.009098011814832772,0.0087973170243092948,0.6534767575873992,0.6043200954185145,-0.015286588422755258,0.54033807145601231,-0.00064255564242918575,0.065279497872393052,0.11211314259040736,-0.006233389178101267,-0.013075298747897058
20260911,5550,5207,5207,1,1,-0.012686279756470626,0.012494378152992171,0.70443633570193964,0.68209296686299437,-0.017785555667545604,0.55425388899558292,0.00026453870428258877,0.078916638869064221,0.11313445216505182,-0.0090533181525668284,-0.017951121119019642
20260914,5550,5207,5207,1,1,-0.0046363053070232084,0.0051938719880250481,0.5807566737084694,0.55502423348202401,-0.0064475881996740618,0.46283848665258304,-0.0017283046925583049,0.14926585286133709,0.085816121926634722,-0.0052131463644483527,-0.0037910485265014436
20260915,5548,5205,5205,1,1,-0.0075143171933044223,0.0093411843889571779,0.63208453410182519,0.54421962384126887,-0.011387518961370253,0.4974063400576369,0.00057348749064532051,0.091630478439724744,0.11658941680060476,-0.0049802358846424847,-0.011387825805907593
