trade_date,contract_rows,P_contract_rows,P_volume,P_amount,P_interest,C_contract_rows,C_volume,C_amount,C_interest,near_put_interest_share,far_put_interest_share,near_interest_share,put_interest_term_spread,matched_put_interest_growth,matched_call_interest_growth,matched_interest_imbalance,matched_contract_rows,matched_prior_interest_coverage
20201117,106,53,617165,29217.428900000006,1215811,53,758675,44942.788299999993,1492694,0.41912752936814623,0.47887147512015205,0.50189347998249956,-0.059743945752005811,,,,0,
20201118,106,53,910873,43184.492799999993,1228011,53,1364811,78570.091700000004,1486754,0.42595323490892867,0.47691163155907029,0.48208739983018789,-0.050958396650141624,0.010034454368318761,-0.0039793822444519778,0.0066974216403514119,106,1
20201119,106,53,846047,41181.165400000005,1283229,53,1116933,67348.796800000011,1428113,0.46520688179708314,0.48014469744057192,0.45942673406748391,-0.014937815643488783,0.044965395261117369,-0.039442301819937929,0.041940646796315706,106,1
20201120,106,53,653962,31278.031500000001,1276730,53,865528,48587.339099999997,1394580,0.47422315471100523,0.48063225447616786,0.41982809932205545,-0.0064090997651626291,-0.0050645675869233006,-0.023480634935750883,0.0099707082323071006,106,1
20201123,106,53,1134408,46223.356300000014,1315577,53,1879879,123042.70170000001,1308753,0.50792992838790274,0.45482846077075911,0.87514870462175109,0.053101467617143627,0.030426950099081248,-0.061543260336445381,0.046671483279739155,106,1
20201124,106,53,730729,33515.539900000003,1294832,53,1057486,60304.492200000001,1371213,0.48877301261790357,0.46434455444373129,0.87318931225842022,0.024428458174172274,-0.015768746337158523,0.047724818968896347,-0.031705235240994847,106,1
20201125,106,53,919844,43242.267500000002,1258845,53,1316986,80880.1731,1422919,0.46893250412375731,0.47259700808161864,0.86988415087979409,-0.0036645039578613314,-0.027792794740939365,0.037708218927329305,-0.03289254307410415,106,1
20201126,102,51,650685,36281.702699999994,993483,51,849316,56267.921700000006,1174844,0.45538495816407321,0.47020202761190744,0.81139652829116637,-0.01481706944783423,0.076820436104289583,0.054247454805298127,0.0050442576499699701,84,0.73945619375903326
20201127,102,51,809726,44332.525099999992,1090155,51,1274200,99990.137699999977,1205061,0.47593503894087791,0.47111844390413338,0.7993042920579152,0.0048165950367445309,0.097306144141369302,0.025720010486498635,0.030648052623059162,102,1
20201130,174,87,1570062,86392.383301999973,1196165,87,2665011,209611.82643199997,1371263,0.46451071991744858,0.47116329640121668,0.79114935258164976,-0.0066525764837681023,-0.063875320481949813,-0.11596923309276459,0.030548758809628374,102,1
20201201,174,87,1246673,70258.917632000012,1300539,87,2289665,172186.06004700001,1377348,0.48871089964376763,0.4745455459254676,0.78452750246743053,0.014165353718300022,0.087257192778588233,0.0044375149041431146,0.038283059933910513,174,1
20201202,182,91,1032118,62944.352061999998,1353299,91,2361884,176137.669685,1475484,0.48129089361702126,0.46823504214762696,0.77882432127172707,0.013055851469394308,0.040245621238578777,0.033384446051397322,0.0023746334330014673,174,1
20201203,182,91,651267,41745.583311000002,1359926,91,1252207,95453.455542000011,1580675,0.46268680777643195,0.46167777758842132,0.78050031269118114,0.0010090301880106289,0.0048969222618209284,0.071292538583949405,-0.034843252380970899,182,1
20201204,182,91,825840,52922.627814000007,1373514,91,1476593,106704.006863,1639507,0.455872354335563,0.45581494007706902,0.77468726570442092,5.7414258493981851e-05,0.0099917201377133762,0.03721954228415076,-0.015385970418972177,182,1
20201207,182,91,826405,53436.351294,1394790,91,1455697,94652.151436,1733345,0.44103620886100486,0.46183108786129068,0.7668041820445729,-0.020794879000285815,0.015490195221890712,0.057235498232090502,-0.024082805928003822,182,1
20201208,182,91,740284,42570.593068999995,1410924,91,1361922,76558.08146300001,1827235,0.42693634901058208,0.46402028150499408,0.76319661881952061,-0.037083932494411997,0.011567332716753059,0.054166943107113702,-0.024856983474178702,182,1
20201209,182,91,875019,49448.321416999999,1403892,91,1405659,75612.554699,1896626,0.41413769272718659,0.45871638063794457,0.74836949836359024,-0.044578687910757975,-0.0049839679529159612,0.037975958210082449,-0.023600755861586786,182,1
20201210,182,91,899566,55911.532361000005,1401837,91,1260342,54802.796797999996,1920750,0.4074227826808926,0.46024724900911657,0.72572335953881717,-0.052824466328223962,-0.001463787812737732,0.012719429133629931,-0.0079317852531026953,182,1
20201211,182,91,1525219,90440.205937999999,1393660,91,1655021,72720.63036499999,1991379,0.3957256866516935,0.45072662924934287,0.7093510591753891,-0.055000942597649372,-0.0058330604770740107,0.036771573604060914,-0.023718265315550803,182,1
20201214,190,95,834081,40829.415205000005,1394133,95,1058221,52927.388208999997,1873896,0.41267020342714505,0.4566816675981813,0.6835529917268176,-0.044011464171036241,-0.0020543030581346958,-0.059166035194706784,0.033960908574465466,182,1
20201215,190,95,786877,37989.378531000002,1420716,95,983715,52301.193435000008,1830896,0.427350693699933,0.45561578004736664,0.66120834835152531,-0.028265086347433632,0.019067764696768529,-0.022946844435336861,0.021292038718138669,190,1
20201216,190,95,697175,28845.548549000006,1442237,95,926867,51267.814829000003,1767627,0.44234753228500179,0.4616596352895963,0.63926664805736322,-0.019312103004594516,0.015147995799301197,-0.034556304672684848,0.026076296925955495,190,1
20201217,190,95,1288942,49857.590004999998,1467551,95,1946559,117048.01052299999,1646909,0.47393481808495574,0.46701824422244592,0.60540928443454078,0.0069165738625098228,0.017551900277138918,-0.068293819906575307,0.045494762394917669,190,1
20201218,190,95,1054695,46763.157569000003,1414222,95,1467384,79695.486638000002,1744341,0.45463403076158471,0.43939186000428526,0.54784565006301922,0.015242170757299445,-0.036338771190916025,0.059160524351983018,-0.048406786409200951,190,1
20201221,190,95,1048904,48034.583948000007,1376862,95,1678784,94811.042480999997,1699128,0.4658999335241687,0.43078781597857368,0.47926683766852296,0.035112117545595012,-0.026417351731199204,-0.025919817283432539,0.0024862571998722203,190,1
20201222,190,95,1182244,54098.268190000003,1328439,95,1488201,78479.124484999993,1765317,0.45446644252747354,0.41138465058827711,0.41801745192574979,0.043081791939196423,-0.035169101914353074,0.038954687345508991,-0.037260199155393872,190,1
20201223,190,95,1177160,58616.924798000007,1310819,95,1387937,76736.325347000005,1675561,0.46829616858060918,0.42218640810392288,0.36317715762896885,0.046109760476686301,-0.013263687681557076,-0.05084412601249521,0.023316641648533368,190,1
20201224,148,74,774975,49875.803991999994,890404,74,925729,63520.087584000001,1221842,,0.42154370276946906,0,,0.082486000956518271,0.091448316153767056,-0.018015611566966998,130,0.63682284237103115
20201225,148,74,833296,51707.481562999994,958580,74,1008839,71741.733003000001,1229219,,0.43814811141242865,0,,0.076567490712081257,0.0060376055169162621,0.028784052615083659,148,1
20201228,148,74,732774,43366.230303999997,998735,74,998614,74224.542466000014,1288769,0.40809963186339782,0.50237771984691215,0.69764905329127291,-0.094278087983514336,0.041890087420976864,0.048445395002843269,-0.0088650739853158352,148,1
20201229,148,74,537349,33840.507902999991,1033436,74,801594,59957.136565000001,1360161,0.40106174348387341,0.50314637596969247,0.69938214327641623,-0.10208463248581906,0.034744952364741399,0.055395497563954441,-0.016039753373108857,148,1
20201230,148,74,746470,42324.298591999992,1083670,74,1042703,82891.923813000001,1288897,0.43374755739368154,0.50947834087058363,0.69626021098666546,-0.075730783476902097,0.048608718875672995,-0.05239379749897255,0.05075958902020683,148,1
20201231,150,75,1216739,60806.055841000009,1158704,75,2150141,194161.94302100004,1295484,0.44632340264690601,0.52898839159287703,0.68777656805428111,-0.082664988945971019,0.069083761661760501,0.0016549033786252896,0.03065498255686773,148,1
20210104,150,75,885876,45884.344187000002,1218895,75,1618374,137132.781185,1386537,0.4431892784176214,0.52233839249386615,0.68870037675134099,-0.079149114076244753,0.051946830251729519,0.070284928258473281,-0.012575238734766856,150,1
20210105,150,75,939541,49825.133418999998,1296981,75,1568153,138021.27990699999,1355639,0.47095493958338275,0.52772968863220193,0.68316117649719899,-0.056774749048819184,0.064062942255075292,-0.022284295334347372,0.041829531532582696,150,1
20210106,158,79,1166083,63998.168137000001,1393948,79,2263525,206068.31012900002,1361132,0.49819631231797157,0.52229047382895266,0.67796216443805624,-0.024094161510981094,0.073915500689678573,-0.014992191874090373,0.043802353899163843,150,1
20210107,158,79,1308890,72151.652996000004,1466209,79,2324311,233984.62372899996,1339365,0.51791278813745467,0.53250031022318345,0.67829185756640176,-0.014587522085728777,0.051839092993425866,-0.015991836206921885,0.034128954513117586,158,1
20210108,166,83,1272257,81471.311696999983,1475897,83,2466863,248940.898885,1449720,0.49272257751259579,0.52928751475702751,0.67862163776051343,-0.036564937244431717,0.0058756971209425121,0.030487581801823999,-0.011483924501724068,158,1
20210111,166,83,1221685,73693.422543000008,1526749,83,2315351,218862.78345899997,1441754,0.50603187440009045,0.53137686349886892,0.67313996313967006,-0.02534498909877847,0.034454978904354436,-0.0054948541787379632,0.020104477106880361,166,1
20210112,166,83,1443747,68585.902759000004,1590509,83,2526844,240207.14091299998,1407724,0.52414251826510727,0.54286521994805048,0.66139489492644499,-0.01872270168294321,0.041761939912847497,-0.023603194442325112,0.032942530292204522,166,1
20210113,174,87,1357561,75854.934440000012,1607166,87,2631070,247581.72915900001,1542690,0.49525647038240317,0.53845273486533285,0.65325049780053435,-0.04319626448292968,0.0096283642532044768,0.057082212138174812,-0.021693444105244656,166,1
20210114,174,87,1199552,81007.194546999977,1575772,87,1762881,137933.22921300001,1629911,0.4643365919549885,0.54046824026433504,0.64247213464338182,-0.076131648309346545,-0.019533763158254967,0.056538254607212075,-0.037657277031076977,174,1
20210115,174,87,1458007,81551.742283,1608704,87,2425080,179836.99157300004,1638323,0.46913968081581925,0.53991422000290079,0.62840623130020168,-0.070774539187081542,0.020898962540265978,0.005161017994234041,0.0076489160032355043,174,1
20210118,174,87,1264888,62827.728706000009,1639482,87,1918792,144069.77294499998,1609877,0.48010083071099341,0.54305273214995886,0.61153384405970534,-0.062951901438965452,0.019132170989815404,-0.017362876551205105,0.018239454122186232,174,1
20210119,174,87,1286947,67967.483131999979,1577643,87,1854208,117156.13763699998,1656028,0.45803453788635351,0.53075553432339184,0.58959121073232246,-0.072720996437038332,-0.037718620881473541,0.028667407510014741,-0.033234247123817347,174,1
20210120,174,87,1085833,57071.220181999997,1583518,87,1516900,91828.506579999987,1607164,0.47298571678992785,0.52656688803938889,0.56498140522935225,-0.053581171249461046,0.003723909655099411,-0.029506747470453398,0.016927819806034691,174,1
20210121,174,87,1342553,64249.430949999987,1599491,87,2251800,152482.75407400003,1531480,0.50204884885398149,0.52053212427666284,0.52323608235272701,-0.018483275422681356,0.010087034059606521,-0.047091647149886381,0.028726460361765918,174,1
20210122,174,87,1027118,49886.139746000001,1570653,87,1573030,101464.06197899999,1529282,0.50159486153137589,0.5113693941621793,0.48048459080593625,-0.0097745326308034119,-0.018029485630116082,-0.0014352129965784731,-0.0085085425575644105,174,1
20210125,174,87,1240017,61096.570875000012,1575998,87,1935318,144842.93292100003,1337173,0.52691603834367728,0.57986154603058593,0.73416974149474923,-0.052945507686908644,0.0034030431928630958,-0.12562038917609702,0.063696174274621889,174,1
20210126,174,87,1359271,77351.11524600003,1553091,87,1673084,103915.01849200002,1499453,0.48526636821538127,0.57545923020680745,0.73923193244716534,-0.090192861991426176,-0.014534916922483404,0.12136051206537972,-0.06356887391780297,174,1
20210127,174,87,958983,54964.513734,1509157,87,1299000,79619.558413000006,1440090,0.48829864000400841,0.5731474722449571,0.72409025083351786,-0.084848832240948691,-0.028288104174191982,-0.039589770402940275,0.0050544725972827909,174,1
20210128,146,73,1164388,99411.828383,1108495,73,1144182,85073.112859000001,1233925,0.41812262098966829,0.56627832235256303,0.6280684078858616,-0.14815570136289474,0.075088170534479068,0.16755791872388909,-0.047797193718083109,128,0.70513592113512369
20210129,148,74,1160775,98767.75826100001,1171584,74,1202974,93723.879138000004,1346570,0.41308219729673545,0.55646051076433489,0.63611717154709357,-0.14337831346759944,0.056420642402536775,0.09126243491298093,-0.02137490287821996,146,1
20210201,148,74,843411,69187.018169999996,1212141,74,872339,70242.270227000001,1372829,0.41734754116101386,0.55914434839583937,0.63630177526238219,-0.14179680723482552,0.034617236152081288,0.019500657225394891,0.0056779688613166632,148,1
20210202,148,74,725790,54615.721275999997,1236386,74,878997,71265.173389000003,1328796,0.43598029875653022,0.55901842384006539,0.62607253598380153,-0.12303812508353518,0.020001798470639966,-0.032074642945334055,0.026413459343822172,148,1
20210203,148,74,849067,57643.644602,1284278,74,945146,71598.879044000001,1299882,0.45681620882684576,0.56265193415235015,0.62050027862051882,-0.10583572532550439,0.03873547581418748,-0.021759547740962497,0.029941735128345668,148,1
20210204,148,74,1123864,75175.506806000019,1276417,74,1163528,95901.178380999991,1276049,0.45667146709451689,0.56739238856555729,0.60801789328437672,-0.1107209214710404,-0.0061209488911279338,-0.018334741153427772,0.006180731843229521,148,1
20210205,148,74,1129535,67847.729700999989,1251885,74,1661466,143925.787308,1161679,0.47735074332230254,0.575115581277303,0.57718378298648798,-0.097764837955000461,-0.019219424373069303,-0.089628219605986922,0.03519655109999506,148,1
20210208,148,74,1007277,60825.817403999994,1260712,74,1337498,119548.94577400001,1152393,0.48258455101541109,0.57321481068286839,0.56019816792058363,-0.090630259667457302,0.0070509671415505421,-0.0079936023634756253,0.0075046694431968658,148,1
20210209,150,75,1117457,58854.326936999998,1282860,75,1533886,138328.96338200002,1095133,0.50868661385298652,0.57410227128536984,0.52939222276936893,-0.065415657432383312,0.017544054470806973,-0.051032937548214891,0.033536874690492123,148,1
20210210,150,75,1378267,67591.689815999998,1329566,75,2283645,225298.31853300001,1087796,0.51987263801856942,0.58162559446606144,0.51201764568153219,-0.061752956447492013,0.036407714013999969,-0.006699642874427124,0.022726307436565205,150,1
20210218,158,79,1582194,76145.241345999995,1393260,79,2350333,206681.075071,1284908,0.47133371060104978,0.56980081616570555,0.50343779777818265,-0.098467105564655766,0.046950659087251025,0.13280615115334124,-0.03393864882462784,150,1
20210219,158,79,1356157,75922.995666999996,1402369,79,1667392,125463.94345599998,1305956,0.47254550750768293,0.55756626867079739,0.46773153148163532,-0.085020761163114467,0.0065379039088181677,0.016380939335734541,-0.004457898085556993,158,1
20210222,158,79,1983237,134271.273525,1365845,79,2139815,132480.18037100002,1417966,0.47421619008031729,0.60981787981254076,0.87889264034088521,-0.13560168973222347,-0.026044500413229327,0.085768586384227338,-0.054843491826128694,158,1
20210223,158,79,1595794,105789.80871699998,1391554,79,1738255,104369.91310700001,1391470,0.4836263836012879,0.61456027788542966,0.87483219691960978,-0.13093389428414176,0.018822780037266309,-0.018685920536881704,0.01875306908407216,158,1
20210224,158,79,2226365,184452.82670800004,1325220,79,2026562,121066.548276,1556692,0.43889039411766351,0.59953756056546392,0.86958900896349367,-0.16064716644780042,-0.047669008892216903,0.11873917511696264,-0.083203019449347188,158,1
20210225,148,74,1309381,112692.09270199999,1158642,74,1418702,126594.062368,1145549,0.48376061323850644,0.58418994362362142,0.81001054166082587,-0.10042933038511498,0.059539776462853383,0.03968143024623362,0.0097354877520528637,130,0.74178045686336014
20210226,148,74,1896934,176837.81600499997,1208091,74,1468823,121221.31864000001,1336872,0.4521382030253539,0.56856053693452557,0.80621722201855195,-0.11642233390917167,0.042678411450646533,0.16701424382544963,-0.061572152655747725,148,1
20210301,150,75,989786,85383.134667000006,1226973,75,922920,70943.511174999992,1383047,0.4470200165432307,0.56265884502867847,0.80040459460080771,-0.11563882848544776,0.01479110431250626,0.034434111867104704,-0.011066958537314688,148,1
20210302,150,75,1745347,160660.758535,1255661,75,1543975,102933.59439100001,1517315,0.42774372817201478,0.54781926999333475,0.79115650478042365,-0.12007554182131996,0.023381117595904718,0.097081299478614977,-0.040451797304235218,150,1
20210303,150,75,1191567,83484.341659000012,1340374,75,1423846,109629.24058099999,1443315,0.46194263572066557,0.55282063773841783,0.78468571740593152,-0.090878002017752257,0.067464865118849748,-0.048770360801811095,0.057235619781779573,150,1
20210304,150,75,1913918,159782.53961100001,1332943,75,1602067,110825.90161,1649153,0.41880002326365073,0.54936273078094222,0.78415047671168203,-0.13056270751729149,-0.0055439750398023242,0.14261474452908754,-0.076613802763167871,150,1
20210305,150,75,2109880,185303.14854000002,1362358,75,1612951,111012.55961499999,1745426,0.4104948993381628,0.5398740387501848,0.78455034198000895,-0.129379139412022,0.022067710322196822,0.058377239710324026,-0.022419801374603636,150,1
20210308,150,75,2169996,208085.45935700001,1335332,75,2033244,122251.771412,1905370,0.38139926169409039,0.51765417568579686,0.77504688798908383,-0.13625491399170647,-0.01983766381523799,0.091636081965090474,-0.060161838789310966,150,1
20210309,154,77,2286825,230689.62625500001,1337848,77,2260584,130503.53476000001,1996456,0.36979445534254896,0.50336144196114052,0.76458925160993119,-0.13356698661859157,-0.0062980592092453415,0.0474941874806468,-0.030519313408020856,150,1
20210310,158,79,1455652,125860.554347,1377275,79,1489802,82302.583716999987,2018344,0.37458391558981929,0.49878605144217558,0.75024907093522564,-0.12420213585235629,0.023155096842092673,0.010869761216876305,0.0027822897972110522,154,1
20210311,158,79,1501107,102890.959713,1407499,79,1861558,116484.46101599999,1909682,0.39723760017131415,0.49878424471627097,0.73344113571131631,-0.10154664454495682,0.021944782269336188,-0.053837205154324538,0.040901526349098646,158,1
20210312,158,79,1164665,76683.300411000004,1437651,79,1466476,88406.206596999982,1895565,0.40498661999755031,0.49986753477347368,0.72255893407447946,-0.094880914775923364,0.021422395326746235,-0.0073923302413700289,0.013345367648011971,158,1
20210315,158,79,1606627,117043.646976,1385746,79,1596468,82711.58400100001,1965372,0.38364690498308834,0.48582338872914238,0.70765666861029664,-0.10217648374605404,-0.036104033593688592,0.036826487089601255,-0.036514885323963402,158,1
20210316,158,79,1152027,76087.364061999993,1400401,79,1327484,71420.206995,1936891,0.39077323223226984,0.48497874234944738,0.69376818090835324,-0.094205510117177538,0.010575531157946695,-0.014491404171831083,0.012872122079855141,158,1
20210317,158,79,1308183,86973.311236000009,1413130,79,1451937,77850.78138,1922984,0.39389986158801499,0.48404729330569796,0.67069740422539514,-0.090147431717682969,0.0090895393533709269,-0.0071800633076409565,0.0079813213827258749,158,1
20210318,158,79,1159133,77386.039838000012,1429061,79,1248174,70868.947419999982,1861654,0.4034271096089122,0.4886066282299823,0.63789936229664379,-0.085179518621070094,0.011273555865348553,-0.031893141076576821,0.023158980778234795,158,1
20210319,158,79,1869992,153723.274301,1357319,79,1806776,73859.414476000005,1951981,0.36669366953614879,0.47252978533950502,0.58937237482246996,-0.10583611580335622,-0.050202195707531032,0.04851975716217944,-0.049250390872500355,158,1
20210322,158,79,1243446,96269.982210999995,1281187,79,1307492,59474.714618999998,1868558,0.35308067424576639,0.4684453366376628,0.53470773030832652,-0.11536466239189641,-0.05608998326848736,-0.04273760861401827,0.0022031849635874654,158,1
20210323,158,79,1436782,112126.66626899998,1247929,79,1467342,66071.644126000014,1911496,0.31072397426907133,0.46779661616960216,0.46354668966663237,-0.15707264190053083,-0.025958739824865535,0.022979217128930439,-0.024191164681585334,158,1
20210324,158,79,1367626,124552.03504499998,1204546,79,1393148,64784.077531000003,2016775,0.24129033186656251,0.45809974791041685,0.38822365110462448,-0.21680941604385434,-0.034763996990213389,0.055076756634594055,-0.047053498658774937,158,1
20210325,122,61,838584,73444.513001999992,1001783,61,912274,53969.690162999992,1239173,,0.44703376594631933,0,,0.079430432326454664,0.12796903940116375,-0.032959393685988124,104,0.61177634889537558
20210326,122,61,887037,67513.632645000005,1052937,61,1065460,72479.102254999991,1218022,,0.4636530205961446,0,,0.051062954751677755,-0.017068641747358924,0.032265247510437509,122,1
20210329,122,61,757838,53990.229592999996,1108790,61,889859,69492.945982999998,1262230,0.45486610650259673,0.4925956647586025,0.66136599438216459,-0.037729558256005769,0.053044959005144658,0.036294910929359242,0.0051277896254401777,122,1
20210330,122,61,702027,49718.553927000001,1170155,61,824681,61877.583190999991,1258531,0.47536262207534469,0.49438086175109047,0.66121062994557556,-0.019018239675745785,0.055344113853840672,-0.0029305277168186462,0.027441354353822407,122,1
20210331,124,62,809645,66324.971346999984,1159423,62,903369,61467.050057000008,1363875,0.44434858982648312,0.48889142833155119,0.66013487110915947,-0.044542838505068072,-0.0092210006366677914,0.082593913062133553,-0.04724241832826475,122,1
20210401,124,62,849543,52992.241801000004,1224746,62,1073254,76691.187900999998,1322849,0.47361017964071855,0.4943248309299848,0.65552020631222785,-0.02071465128926625,0.056340955803015812,-0.030080469251214371,0.042146825305611944,124,1
20210402,124,62,869508,55256.438545999998,1268476,62,1194255,89852.385773000002,1344726,0.48018162059751168,0.49538359186479747,0.65603156587206046,-0.015201971267285785,0.035705362581302573,0.016537790783377391,0.008577894053018632,124,1
20210406,124,62,769067,50775.356494,1274558,62,866967,62540.240266000001,1401408,0.46432039896255006,0.49849657410823389,0.6495254424009872,-0.034176175145683829,0.0047947300540175774,0.042151337893370097,-0.019363217998455536,124,1
20210407,124,62,959885,70998.12389800002,1263009,62,1039534,60153.058143000002,1490914,0.44039666011865158,0.49183316662840654,0.64567782033121479,-0.051436506509754953,-0.0090611804249002403,0.063868623555738233,-0.037763932725602641,124,1
20210408,124,62,858066,59209.993417000005,1299229,62,921755,62476.672878000005,1493994,0.45282011447031539,0.48687326029371586,0.63832891251432489,-0.034053145823400466,0.028677547032523124,0.0020658468563579122,0.012033742410372403,124,1
20210409,124,62,1117371,82747.492971999993,1282131,62,1154058,58702.993578000001,1604665,0.42234342555162036,0.48182144781749597,0.63359724760599645,-0.059478022265875619,-0.013160112651426347,0.074077272064010963,-0.045742498898226173,124,1
20210412,124,62,1081793,81359.206447999997,1283132,62,1103742,53893.228024999997,1696766,0.40499828588459286,0.47407259835460636,0.62941852372128171,-0.069074312470013499,0.00078073145411818295,0.057395780427690515,-0.0315574775633609,124,1
20210413,124,62,997181,73409.959877000016,1276387,62,1078622,52308.887802999998,1750600,0.39483950889727898,0.46540030791579928,0.61976579351018024,-0.070560799018520304,-0.0052566688384359517,0.031727415565847031,-0.020329219322272104,124,1
20210414,124,62,962696,66725.172707999984,1279722,62,987785,50877.371546000017,1789456,0.38758460785008531,0.46409186725005858,0.61605485247189962,-0.076507259399973271,0.0026128439101933817,0.022195818576488061,-0.01173477124282331,124,1
20210415,124,62,1443175,112417.59224700002,1283845,62,1389726,61065.076675000004,1863427,0.37196361595129174,0.46289006009576761,0.60452099469000453,-0.090926444144475871,0.0032217934832721481,0.041337143802362281,-0.02275788501025356,124,1
20210416,130,65,1139722,74532.241769,1342085,65,1185371,60268.022721000008,1827804,0.39216642646647593,0.46769017552080433,0.58663252877308958,-0.075523749054328404,0.042412440754140884,-0.019313340420633596,0.028735997397110895,124,1
20210419,130,65,1378189,74267.755716999993,1402093,65,1845720,108790.11704400001,1712905,0.43281450488145051,0.47355307909728406,0.57544178198509277,-0.040738574215833545,0.044712518208608248,-0.062861772925324591,0.055177641866954966,130,1
20210420,130,65,940190,53781.468481999989,1407808,65,1210548,71195.219746000002,1726297,0.43532517343820004,0.46676651905878269,0.55903200435211964,-0.03144134562058265,0.004076049163643211,0.0078182969866980364,-0.0024645280671127235,130,1
20210421,130,65,1018116,61177.393020999996,1402968,65,1102710,60604.477471000006,1716474,0.43541588355307798,0.46673924221599211,0.54239315877647354,-0.031323358662914136,-0.0034379688139291723,-0.0056902143721503312,0.0015899275869825677,130,1
20210422,130,65,980328,64132.706646999999,1374775,65,1146828,58468.297205000003,1794722,0.41107355409323054,0.45878447625824403,0.52467410443991591,-0.047710922165013492,-0.020095255201829264,0.045586475530651788,-0.034121807682271382,130,1
20210423,130,65,1246398,66819.683394000007,1373616,65,1564040,85759.259451999998,1655314,0.43100910248705748,0.4741802068321273,0.47905762100807875,-0.043171104345069822,-0.00084304704406175553,-0.077676654100189327,0.043618593107991585,130,1
20210426,130,65,1590794,90933.480349000005,1313066,65,1894014,97209.822763999997,1734406,0.41445108042809053,0.46910790142578918,0.69958936456184007,-0.054656820997698641,-0.044080732897694846,0.047780662762472857,-0.046102749155642421,130,1
20210427,130,65,1033070,66664.294123,1336524,65,1139526,45577.94776499999,1735405,0.4205358629501928,0.46836787689605874,0.69600697151529223,-0.047832013945865948,0.017865057811260059,0.00057598970483266321,0.0073697149637470009,130,1
20210428,130,65,1133391,83334.205791999993,1317584,65,1146013,52778.113504999994,1798966,0.40480161743391396,0.46277315439298622,0.69004732797484403,-0.057971536959072256,-0.014171088585016057,0.036626032539954653,-0.026856414975736743,130,1
20210429,122,61,888098,61414.777529999985,1097200,61,1239104,83429.150614000013,1224515,0.4818276362243083,0.46049581093717551,0.56656566374425799,0.021331825287132788,0.098303283217934051,0.054511983916481974,0.016120695630975592,104,0.68969629879193339
20210430,122,61,957884,70400.870580000017,1133935,61,1132582,75858.651544000022,1331056,0.46164572958328409,0.45776429079329745,0.58009096179255826,0.0038814387899866465,0.03348067808968283,0.0870066924455805,-0.030066567171250561,122,1
20210506,122,61,1140335,80372.13494399999,1166129,61,1349135,72014.420536000005,1521180,0.42220932016408758,0.45129477982053473,0.59670622172589749,-0.029085459656447155,0.028391398096010795,0.14283696553713743,-0.064069199441296132,122,1
20210507,124,62,1000205,80218.697089000023,1196703,62,1195746,61556.861577999996,1655765,0.39899197598704811,0.449499503468822,0.59331778656237333,-0.050507527481773895,0.025277649385273843,0.088458302107574383,-0.039103802353953339,122,1
20210510,124,62,913715,77565.294271999999,1228547,62,1172526,54367.311380000006,1748945,0.38939742966276281,0.44646848466983569,0.59324525473116296,-0.057071055007072879,0.026609777029053993,0.056276101983071272,-0.021502782853304578,124,1
20210511,124,62,1049533,70924.130541000006,1286766,62,1335606,70031.046249999999,1743785,0.41011682562146884,0.44538651883510316,0.58941492817642738,-0.035269693213634323,0.047388500399252124,-0.0029503500681839624,0.021286035361304079,124,1
20210512,124,62,753554,46952.984959000001,1333069,62,1020517,58222.566409999999,1764421,0.42137487568387649,0.44308356562888079,0.58561093014021026,-0.0217086899450043,0.035984009524653277,0.011834027704103431,0.0084694169476111775,124,1
20210513,124,62,1007059,67980.660301000011,1329028,62,1180453,58356.578120999991,1823230,0.40454038819626575,0.44491681210355005,0.57720275434307722,-0.040376423907284298,-0.0030313509653288767,0.033330480650593027,-0.02029062240717484,124,1
20210514,124,62,1394497,75404.545339000004,1424998,62,1996833,115314.97266699999,1623771,0.48056420092860586,0.45106996891919798,0.55370610236459372,0.029494232009407872,0.072210668247772059,-0.10939870449696418,0.09371980339172746,124,1
20210517,124,62,1203394,54880.120360999994,1494707,62,1805475,122603.228259,1577144,0.51187525834472314,0.45695238310668385,0.5394744081011742,0.054922875238039293,0.048918665149003719,-0.028715256030560958,0.038158351780669508,124,1
20210518,124,62,828607,40473.238191000004,1483123,62,1003547,60847.484704999995,1632963,0.49791835819112334,0.4515402350574767,0.52647199082438678,0.046378123133646643,-0.0077500138823194112,0.035392456237350552,-0.021942144980339216,124,1
20210519,124,62,905710,51373.752508000012,1451757,62,1064367,57526.618482999991,1669424,0.48017357733112354,0.45009254638050433,0.49992038270129158,0.030081030950619203,-0.021148616803865896,0.022328123784801004,-0.021766729159593157,124,1
20210520,124,62,862637,45492.482074000007,1473427,62,1077213,62541.378568000007,1675197,0.48306953695288335,0.45372681992998798,0.48503346223620225,0.02934271702289537,0.01492674049444914,0.0034580789541782076,0.0050932643765292688,124,1
20210521,124,62,1428767,79951.778133999993,1393821,62,1684561,85497.260037,1787847,0.43927592890422679,0.43710814054668679,0.44772144673800029,0.0021677883575400014,-0.054027786921238719,0.067245822431630423,-0.061060323493691213,124,1
20210524,124,62,1098222,63774.248012000004,1372360,62,1304322,62728.433902000004,1738684,0.44694268282454025,0.39788688491708546,0.88141151330550127,0.04905579790745479,-0.015397242544056949,-0.027498438065449674,0.0087067538159229692,124,1
20210525,124,62,2229886,91194.928256999978,1517183,62,3339090,239667.579401,1444807,0.52965289358644341,0.39392912051090001,0.87153737858669345,0.1357237730755434,0.10552843277274185,-0.16902266311762229,0.14101375615388276,124,1
20210526,126,63,1104551,55771.801822000001,1589725,63,1963782,159290.98732900003,1459432,0.54124207433936189,0.38797526774311836,0.87031333578428394,0.15326680659624353,0.047611922886032866,0.0082973019925844764,0.020340379272043456,124,1
20210527,122,61,1278828,79375.685182999994,1231951,61,1878535,167758.36695999996,1390094,0.48523160181865627,0.40182692764845596,0.81550164089479771,0.08340467417020031,0.10414826990004526,0.096063255147016885,-0.0024411211807600789,104,0.7561099674434606
20210528,126,63,1161411,80298.024336000002,1275788,63,1701356,139608.15597200001,1523630,0.46694489355642543,0.40746250836253506,0.81151403613179596,0.059482385193890375,0.035514399517513277,0.092852713557500424,-0.032540250071985799,122,1
20210531,126,63,836637,63552.434039,1321788,63,1124021,81687.837516999993,1669219,0.44855474531649808,0.41278265839055761,0.81454774261644991,0.035772086925940472,0.036056147259576045,0.095554038710185543,-0.035574894495927364,126,1
20210601,126,63,939728,69098.027855000008,1362084,63,1240615,94784.538851000019,1751623,0.44271180497420654,0.4145141007048202,0.81331480450793858,0.028197704269386337,0.030485978084231358,0.049366799682965506,-0.014078201756130962,126,1
20210602,126,63,956939,72839.547156000015,1384337,63,1509373,102708.977205,1826483,0.43414716868818076,0.4183655746246891,0.8099258133436319,0.015781594063491666,0.016337465237092574,0.042737506872197954,-0.016895295543222274,126,1
20210603,126,63,940814,69356.619069999986,1384237,63,1343416,85271.060400999981,1899824,0.42213225054847359,0.41888880362453546,0.80556481746228226,0.0032434469239381314,-7.2236745821284849e-05,0.040154219885977588,-0.022872973259167439,126,1
20210604,126,63,1354147,91088.956160000002,1391525,63,2191740,132022.18945900002,1922014,0.4207178834382938,0.41696669866351621,0.79564145766807026,0.0037511847747775939,0.005264994361514683,0.011680029307978002,-0.0045376745438041495,126,1
20210607,126,63,720878,49500.841906000001,1420384,63,1041185,62066.472845000004,2058803,0.406364096446517,0.41557638167058736,0.79509954480745071,-0.0092122852240703601,0.020739117155638597,0.071169616870636734,-0.032572424830370185,126,1
20210608,126,63,1275952,84228.43647700001,1436436,63,1960537,121276.40013899999,2211088,0.38627300554984073,0.42225313335025738,0.79048856155572933,-0.03598012780041665,0.011301169261270191,0.073967737564011704,-0.039156561576023367,126,1
20210609,126,63,827932,52247.938357999992,1458958,63,1199424,68311.961418000021,2219750,0.39076378094213499,0.41773601796459886,0.78379855101301865,-0.026972237022463874,0.0156790835094637,0.0039175283842162768,0.0037998379174475619,126,1
20210610,126,63,1215281,67628.293801999986,1485324,63,1870016,112020.23976799998,2175930,0.4017028420420285,0.41939148928946457,0.77474876094365486,-0.017688647247436073,0.018071801929870495,-0.019740961820024779,0.019078980990064991,126,1
20210611,126,63,1019031,62584.896376000004,1469503,63,1376585,73689.35671800001,2368769,0.37278033566724239,0.41605694013899303,0.7671947167892218,-0.043276604471750635,-0.010651548079745565,0.088623714917299728,-0.056991402399287239,126,1
20210615,126,63,1164679,82370.075104000003,1415570,63,1824921,67973.210375000039,2552966,0.33907795091133458,0.41049545054839559,0.75327702709513034,-0.07141749963706101,-0.036701524256840576,0.077760642764237456,-0.062040939255998531,126,1
20210616,128,64,1229295,82393.292174000002,1411926,64,1743424,64882.33682099999,2700578,0.32051126693991011,0.40389537673972165,0.72640026611524267,-0.083384109799811534,-0.0074570667646248505,0.057715613917302462,-0.039788476153422826,126,1
20210617,128,64,1106368,80746.953804999983,1392914,64,1536228,60067.352730000006,2661583,0.31296482622806676,0.40919673678198026,0.68219387016441246,-0.096231910553913502,-0.013465294923388335,-0.014439501469685378,0.0048590834197364914,128,1
20210618,128,64,1564655,117031.841697,1368832,64,1964961,73969.428738000002,2747288,0.28875869733924825,0.41005646136423735,0.63894419987755458,-0.1212977640249891,-0.017288935282436677,0.032200761727137574,-0.027077834809102089,128,1
20210621,128,64,1406134,112248.08221699999,1248225,64,1685805,60115.009077999995,2686302,0.25521506360713919,0.40203073165890202,0.57747017621177843,-0.14681566805176283,-0.088109424677389192,-0.022198619147319101,-0.014484757490063458,128,1
20210622,130,65,1229160,85035.344334000009,1265560,65,1697026,71202.691533999998,2653357,0.24442552332596684,0.40828431043609875,0.52086405504377864,-0.16385878711013191,0.010120771495523644,-0.012319165901674495,0.011621727338508542,128,1
20210623,130,65,1249030,89340.793587000007,1231411,65,1702530,87916.342243999999,2547186,0.21287807131919464,0.413826725011329,0.43760263399351662,-0.20094865369213435,-0.026983311735516293,-0.040013839072540934,0.01837803658510757,130,1
20210624,96,48,678962,49707.571400000008,993424,48,812632,52055.121599999999,1359446,,0.42221797209365586,0,,0.09591749942006704,0.067124201528345195,0.0003468116154127411,78,0.56239736600648338
20210625,96,48,1037208,63119.750499999995,1057670,48,1558251,109171.50300000001,1392940,,0.43159458257331845,0,,0.064671278326273576,0.0246379775290817,0.013069995367359862,96,1
20210628,96,48,563892,37514.198499999999,1086463,48,908802,60888.141900000002,1546328,0.40843496799844631,0.42236309869897654,0.6962330090007145,-0.013928130700530228,0.02722304688607978,0.11011816732953322,-0.050842443310033014,96,1
20210629,96,48,668268,44041.805499999995,1122713,48,936414,57999.059200000003,1682588,0.38999159956728707,0.4249672741734975,0.70780711232056737,-0.034975674606210427,0.033365149112302948,0.088118432829257437,-0.037986304267980255,96,1
20210630,96,48,500738,34551.3531,1143939,48,803020,52817.635199999997,1734399,0.38642378585261794,0.42445336742471984,0.7105777709219695,-0.0380295815721019,0.018905989331200405,0.030792445922590676,-0.010902573378043925,96,1
20210701,96,48,964458,64806.747499999998,1176565,48,1515608,95665.030899999998,1721348,0.39604651765081855,0.42993714355510038,0.70618027525325988,-0.033890625904281824,0.028520751543570068,-0.0075247967739833803,0.015869227311038524,96,1
20210702,96,48,1378366,111964.29060000001,1186724,48,1597002,78830.385099999985,1857715,0.37411387340032204,0.42753778827825062,0.70637348950003598,-0.05342391487792858,0.0086344570848189434,0.079221052338051337,-0.043551341948498801,96,1
20210705,98,49,878346,68911.311399999991,1190002,49,993227,45819.202000000005,1920884,0.36504408061318555,0.42370154204856608,0.7019263965314062,-0.058657461435380531,0.0011249456486933777,0.033984760848677006,-0.020298977906931293,96,1
20210706,98,49,1006073,80410.540899999993,1220005,49,1135031,58163.640999999996,2002896,0.36067635867139203,0.41994684464720244,0.69856598139378157,-0.059270485975810416,0.025212562667961902,0.042694925877877057,-0.016718388266236693,98,1
20210707,98,49,956194,65393.650299999994,1251434,49,1164797,68355.949500000002,1981212,0.37292180479089071,0.41929465715165931,0.69374469088171109,-0.046372852360768602,0.025761369830451516,-0.010826323483595753,0.016479873257043885,98,1
20210708,98,49,1012770,72970.320899999992,1269911,49,1166232,58332.470999999998,2153691,0.35098780012166714,0.4165238702765594,0.69573186369209972,-0.065536070154892268,0.0147646619797768,0.087057316430548579,-0.047639611637030468,98,1
20210709,98,49,1183515,87676.103000000003,1282483,49,1288956,59125.144300000007,2274734,0.33605893920825375,0.41511287980405531,0.69045267691006762,-0.079053940595801564,0.0098999063713913812,0.056202584307591015,-0.031683297299160355,98,1
20210712,98,49,1085372,75018.395399999994,1262264,49,1637609,84265.627199999988,2250440,0.33319075883815963,0.41565660464757198,0.68287735032613051,-0.082465845809412353,-0.015765511121784849,-0.010679930048963967,0.0011455584520145945,98,1
20210713,98,49,773042,50216.318499999994,1278339,49,1094390,60467.541700000002,2213487,0.34289382619020597,0.41456796502173754,0.67630059458861924,-0.071674138831531564,0.012735053839767274,-0.016420344465971098,0.015096062748241811,98,1
20210714,98,49,1190570,868927311,1283798,49,1371314,545123111,2365814,0.32379287850225869,0.40864371163910335,0.67036276732978739,-0.084850833136844661,0.0042703852420993178,0.068817661906304395,-0.042060515042845775,98,1
20210715,98,49,1372959,80171.558800000013,1317199,49,1851429,98356.157399999996,2142072,0.36512254031023844,0.41079561703279971,0.65732462128581426,-0.045673076722561268,0.026017332944902546,-0.094572946140313655,0.070457626728539904,98,1
20210716,98,49,1017869,58914.0504,1266920,49,1318171,61384.492599999998,2284519,0.32967122229688728,0.40660414662220462,0.64822540947486362,-0.076932924325317342,-0.038171149537769157,0.066499632131879788,-0.055712894421975037,98,1
20210719,98,49,1413081,85731.719199999992,1294057,49,1656890,72760.060299999997,2303714,0.33591447662565471,0.40065471850813816,0.63286351465949331,-0.064740241882483451,0.021419663435733906,0.0084022063287720519,0.002236276619139453,98,1
20210720,98,49,973318,52971.369499999993,1308908,49,1117480,53682.065699999999,2343676,0.33231804799636577,0.40206962216595121,0.626772717615803,-0.06975157416958544,0.011476310548917087,0.017346771344012323,-0.0069795993130190885,98,1
20210721,98,49,1029235,54737.144999999997,1333480,49,1615742,75804.326000000001,2289989,0.34215233936520989,0.40896056172132678,0.61292728045969203,-0.066808222356116886,0.018772900769190807,-0.02290717658925551,0.021425653728976528,98,1
20210722,98,49,856638,42970.184600000001,1350556,49,1255921,59254.265299999999,2206219,0.35528261089643554,0.41469200955246577,0.58876819590780971,-0.059409398656030232,0.012805591384947655,-0.036580961742610989,0.027831340629656278,98,1
20210723,98,49,1203466,71081.981,1264312,49,1505831,59262.217799999999,2335719,0.31185380582236732,0.39993755776217965,0.55336884599049285,-0.088083751939812327,-0.063858144349438303,0.058697708613696102,-0.060657196477145729,98,1
20210726,98,49,2399443,207089.96339999998,1152386,49,2713264,83608.6921,2496183,0.29560851123987497,0.37728675567748143,0.75222888754467843,-0.081678244437606462,-0.088527198982529628,0.068700044825597606,-0.075663237344345088,98,1
20210727,106,53,2020034,175037.37999999998,1100488,53,2095495,73443.6875,2611076,0.27166208859251428,0.36913764940344346,0.74516268613447056,-0.097475560810929174,-0.070961466036553719,0.045269918110971835,-0.053384491289598747,98,1
20210728,114,57,2045477,205308.17909999998,1056096,57,2179836,97974.902600000001,2672810,0.25294599731341533,0.36730133163143847,0.73527490368488779,-0.11435533431802314,-0.071129353523164268,0.022797115059079092,-0.037127744530338153,106,1
20210729,104,52,996738,81048.101800000004,1022210,52,1237069,66641.655799999993,1725268,0.37687412342317889,0.36397901864349513,0.62620010060135145,0.012895104779683753,0.094648122290550779,0.062917580897032949,-0.0054143389363620993,86,0.6836206115144764
20210730,104,52,1225658,106601.21460000001,1048549,52,1207104,59484.296900000001,1827927,0.3656289837476891,0.36264709806036305,0.62995484752871223,0.0029818856873260469,0.025766721123839525,0.059503219210000999,-0.027778202409628031,104,1
20210802,104,52,1572520,116143.50769999997,1115853,52,1963028,108494.17550000001,1762706,0.40273830012743295,0.36279305358549679,0.62209807059712863,0.039945246541936152,0.064187748975012129,-0.035680308896361833,0.046071999210144633,104,1
20210803,104,52,1018325,67033.193800000008,1196914,52,1181784,76848.288799999995,1763480,0.42653857791553562,0.36758413840552706,0.62293667667209163,0.058954439510008561,0.072644873473477242,0.00043909761469014118,0.027891385933031077,104,1
20210804,106,53,844196,54709.094399999994,1241558,53,959804,60898.951300000001,1774464,0.43573565299325773,0.37200556308707461,0.6221330613636108,0.063730089906183118,0.037243277294776403,0.0059643432304307391,0.011504887525106455,104,1
20210805,106,53,1121387,70177.182699999976,1302133,53,1184269,69489.060499999992,1788729,0.44862977935465304,0.37614902336765577,0.62272692860438283,0.07248075598699727,0.048789504799614677,0.0080390472841376324,0.015354662532302483,106,1
20210806,106,53,892527,61448.947200000002,1240186,53,911488,44715.421200000012,1890925,0.41054860436793339,0.37238815968532785,0.62097830450597247,0.038160444682605543,-0.047573481357127113,0.057133305268713144,-0.05310589731925916,106,1
20210809,106,53,1233598,71836.077499999985,1331813,53,1492058,83550.042400000006,1857958,0.44309756022520996,0.37552440252906166,0.62157534192893471,0.0675731576961483,0.07388165968653089,-0.01743432447082777,0.039792265429108069,106,1
20210810,106,53,1521186,84172.924499999994,1446507,53,1895863,105752.56989999999,1767834,0.49224746683907988,0.38229760060132789,0.6159085174846104,0.10994986623775199,0.086118696844076456,-0.048507016843222506,0.064210879088185333,106,1
20210811,106,53,1077645,57227.693899999998,1434385,53,1306109,73757.663,1840188,0.47337433567203469,0.382711764277258,0.61023528869260202,0.090662571394776681,-0.0083801875829152567,0.040928050936909231,-0.026280970189534961,106,1
20210812,106,53,984360,58131.941399999989,1403357,53,1083925,49236.722899999993,2016570,0.43023331362060796,0.37836935086089746,0.61656900863673403,0.051863962759710502,-0.021631570324564187,0.095849989240229805,-0.063339556027610322,106,1
20210813,106,53,1157743,66538.170000000013,1390112,53,1351671,64051.323799999991,2101211,0.41222072585379327,0.37581812531844311,0.61379769216425983,0.03640260053535016,-0.0094380831107123853,0.041972755718869166,-0.028622248369628941,106,1
20210816,106,53,1025580,60364.292899999986,1430711,53,1225479,60563.581700000002,2089194,0.42596019272091701,0.37676303453773458,0.6036918610019304,0.049197158183182432,0.029205560415275892,-0.0057190829478810075,0.015070504791450117,106,1
20210817,106,53,1889394,114138.8572,1315850,53,1984027,80983.580600000001,2244720,0.36744778015389074,0.37247712675107653,0.57969987951367341,-0.0050293465971857909,-0.080282460958222876,0.074443062731369136,-0.076816561810617051,106,1
20210818,106,53,1595831,92940.576799999995,1360246,53,1765936,75785.271600000007,2144287,0.39416738131139678,0.38041477969182175,0.56165657449936979,0.013752601619575033,0.033739407987232586,-0.044741883174738942,0.040675790673965123,106,1
20210819,106,53,1652623,99834.357999999993,1338606,53,1623387,66325.550799999997,2253634,0.36850794378672252,0.37746880884766976,0.53907366991069638,-0.0089608650609472318,-0.015908887068956646,0.050994573021242023,-0.03737644930151892,106,1
20210820,106,53,2445372,181377.87589999998,1236577,53,2336696,83563.9323,2488103,0.30130264111853422,0.36104191586101447,0.48621975579110149,-0.059739274742480253,-0.076220336678604464,0.10404040762608303,-0.093673585283834043,106,1
20210823,114,57,1278181,80440.498999999996,1228373,57,1528437,61058.664500000006,2317744,0.33617251164098083,0.42656776165087629,0.88686413900048988,-0.090395250009895456,-0.019355850868971361,-0.068803019810675034,0.039534671434861515,106,1
20210824,114,57,1506092,80289.557400000005,1296592,57,1919234,92497.354999999996,2174232,0.36686988981653074,0.42362757135847795,0.88197125524083042,-0.056757681541947214,0.055536062743157005,-0.061918831415376331,0.059707843819027967,114,1
20210825,114,57,1122212,63952.536699999997,1292948,57,1346896,57059.5242,2097977,0.37450664128319378,0.42933067913125678,0.87615090277726582,-0.054824037848063001,-0.0028104446117205722,-0.035072154213533789,0.020920392390971137,114,1
20210826,106,53,1202034,88742.872199999998,1003658,53,1242461,59673.894799999995,1689385,0.36236331763402768,0.41705871126038646,0.81127928518037029,-0.054695393626358779,0.018833562459711656,0.20024470657191004,-0.10985387418047921,88,0.68524488155886665
20210827,108,54,1191124,84883.093599999993,1095962,54,1205490,70507.814599999998,1680975,0.38978142714431224,0.41524562987772479,0.80818758221738551,-0.025464202733412544,0.089530497440363149,-0.005098896935867194,0.036565327772337834,106,1
20210830,108,54,1223830,86853.573900000003,1120435,54,1249401,68163.736000000019,1854270,0.36820755078159462,0.41215983374994969,0.80782329676388076,-0.043952282968355072,0.022330153782704146,0.10309195556150448,-0.053592141269319396,108,1
20210831,108,54,1418885,102695.3805,1129336,54,1477722,78809.351300000009,2018514,0.34513487883598781,0.41575354754391941,0.80700065123814668,-0.070618668707931598,0.0079442359440752928,0.08857609733210374,-0.052221312701595621,108,1
20210901,108,54,1899128,117053.51360000001,1283972,54,2501616,150511.0062,1880805,0.40248716507652771,0.41858954707356616,0.80004341538124168,-0.016102381997038451,0.13692647715117556,-0.068222960058736279,0.092871324872532052,108,1
20210902,108,54,937010,58208.933199999999,1361408,54,1349732,84559.227199999994,1948473,0.40824467432513389,0.42362840723042516,0.8003330029085638,-0.01538373290529127,0.060309726380326049,0.035978211457328109,0.0030864733913321539,108,1
20210903,108,54,1354650,81938.535900000017,1412606,54,1898692,124300.92310000001,1926252,0.42278020249721221,0.42425135866575725,0.79581791139365621,-0.0014711561685450403,0.037606654287326062,-0.01140431507134048,0.022181764238653898,108,1
20210906,108,54,1227779,58895.2209,1534354,54,1505122,107605.28170000001,1885135,0.45457458197699663,0.42608798150388838,0.79407800405265228,0.028486600473108248,0.086186806512219258,-0.021345597564596946,0.048778654258432072,108,1
20210907,108,54,1426579,69614.408899999995,1601854,54,1673769,114659.83270000001,1830996,0.47621628901634316,0.4320216590022577,0.78297857465371334,0.044194630014085468,0.043992455456824175,-0.028718898116050044,0.035572274102943453,108,1
20210908,110,55,1109354,60706.305499999988,1572941,55,1300668,81512.051200000002,1996825,0.44454482633311143,0.42710141256648892,0.77548976599586639,0.017443413766622506,-0.018181432265362511,0.088999102128022131,-0.055953799321263674,108,1
20210909,110,55,929436,52896.723900000012,1561747,55,1093374,61075.227299999999,2043720,0.434721366030481,0.42805905749094469,0.76576321458496222,0.0066623085395363102,-0.0071166051364927232,0.023484782091570369,-0.016272495171952447,110,1
20210910,110,55,1470777,69348.871899999998,1665588,55,1972242,128992.41560000004,1894143,0.47606204069436275,0.44312577624266819,0.75210036938184377,0.032936264451694564,0.066490282997182001,-0.073188597263813049,0.070287150041866975,110,1
20210913,110,55,1152067,57872.088600000003,1657042,55,1340805,83469.255900000004,1961280,0.46304877363510644,0.44399687598595228,0.73283057726758427,0.019051897649154159,-0.0051309207318976846,0.035444525571722937,-0.021260876172946776,110,1
20210914,110,55,1610297,88978.399300000019,1553782,55,1882635,97887.008799999981,2054334,0.42769695433549854,0.43762999801372404,0.70418800282474292,-0.009933043678225506,-0.062315861637785887,0.047445545766030349,-0.054255536129730851,110,1
20210915,110,55,1790203,110857.78699999998,1414254,55,1850163,80179.717199999985,2169326,0.37259490490709474,0.43616848411914422,0.65310332125974579,-0.06357357921204948,-0.089798955065768557,0.05597531852172042,-0.070540969303647671,110,1
20210916,110,55,1728596,116248.28750000001,1295455,55,2008826,87980.676699999996,2105864,0.34825518295274605,0.42875710745271073,0.59487628181890617,-0.080501924499964683,-0.084001176592040747,-0.029254247632674851,-0.015441820749083318,110,1
20210917,110,55,1549371,103777.9948,1263448,55,1975581,90378.356599999999,1970611,0.33699537135205043,0.44133703449461475,0.48559318181888456,-0.10434166314256432,-0.024707149225561675,-0.064226844658534454,0.030354694752241704,110,1
20210922,110,55,1386048,106675.12730000001,1217567,55,1327203,70113.074999999983,2067469,0.28474689474822906,0.42881848441633441,0.40381383948303762,-0.14407158966810535,-0.036314118190855497,0.049151253088509095,-0.044136176860100573,110,1
20210923,92,46,886632,62590.630200000007,946739,46,1078194,68065.3217,1268577,,0.4273607015883964,0,,0.10393194878059817,0.11894909511869164,-0.023373583668667694,74,0.59618616051696238
20210924,92,46,870459,57947.176999999996,1009483,46,1081879,73619.258800000011,1267244,,0.44339220292990772,0,,0.066273809360341135,-0.0010507836733599932,0.028924541690666251,92,1
20210927,92,46,1255227,76570.323699999994,1065738,46,1522831,109685.2504,1202065,0.48554318001123126,0.43738207579276378,0.6760820935504539,0.048161104218467476,0.055726545172132665,-0.051433662341269719,0.053337093116566016,92,1
20210928,92,46,847718,51208.963199999998,1125789,46,1055761,78560.831399999995,1234080,0.49279440867009389,0.4434012322611447,0.68135900763983082,0.049393176408949191,0.056346869493252565,0.026633335135787167,0.012362625854185747,92,1
20210929,92,46,1327831,87049.912000000011,1137021,46,1481424,107501.16189999998,1299724,0.47778638423373287,0.44374670983118075,0.67180357403010982,0.034039674402552123,0.0099770027953728444,0.053192661739919614,-0.023057212074060043,92,1
20210930,92,46,815742,49453.8361,1138076,46,989941,66928.183199999999,1360650,0.46171490540534837,0.44313279580187853,0.66352573271339077,0.018582109603469843,0.0009278632496673324,0.046876106004043933,-0.024570071960750919,92,1
20211008,92,46,1301583,56331.747100000001,1284579,46,1461207,102198.36660000002,1318837,0.51405728925108773,0.45319965474040963,0.66090167687376888,0.060857634510678105,0.1287286613547777,-0.030730165729614522,0.075364805905089233,92,1
20211011,94,47,1152202,48119.302800000005,1361501,47,1290237,90875.980800000019,1342186,0.52580641861131283,0.46214155072698604,0.65075802043653719,0.063664867884326792,0.059835167786488806,0.012413209517173085,0.023235625808553071,92,1
20211012,94,47,1278539,61124.354899999998,1295718,47,1334392,78608.081600000005,1407770,0.4917635557295636,0.45756322612279299,0.63488204867193787,0.034200329606770608,-0.048316527127045809,0.048863570324828305,-0.048588094701790555,94,1
20211013,94,47,1147598,51709.43450000001,1390340,47,1306214,88174.419300000009,1366831,0.53101343787264277,0.45944041828888171,0.62625314135394572,0.071573019583761055,0.073026692536493285,-0.029080744723925071,0.05014300044978931,94,1
20211014,94,47,909185,42489.9228,1372169,47,1051541,68123.785200000013,1417813,0.51029680125364985,0.46201333581853993,0.61732692182243465,0.048283465435109918,-0.013069465022944027,0.037299417411516128,-0.025081142954136687,94,1
20211015,94,47,984260,42883.840200000006,1458074,47,1205581,81668.0239,1394019,0.5383250271676453,0.46865474648195882,0.61108876884449426,0.069670280685686481,0.062605262179804388,-0.01678218495669034,0.039318891663100333,94,1
20211018,94,47,1507015,82079.223500000007,1356484,47,1571126,77888.263299999991,1634125,0.45378282748680276,0.45329632871716885,0.58554093831724574,0.00048649876963391403,-0.069674104332153236,0.17224012011314049,-0.11980534996579704,94,1
20211019,94,47,948321,42785.761299999998,1377710,47,1059995,56716.167600000008,1533529,0.48718647083375222,0.45521415006094279,0.56374450878131266,0.031972320772809426,0.015647807124890525,-0.061559550218006576,0.040734846982671422,94,1
20211020,94,47,931367,39491.951399999998,1383149,47,1056679,53434.921699999992,1588193,0.47606052651407432,0.45238185041300494,0.55385479019244499,0.023678676101069385,0.003947855499343113,0.035645886057583523,-0.016908608327931854,94,1
20211021,94,47,1325709,52375.106400000011,1439161,47,1603136,84701.556299999997,1550026,0.50037189058152665,0.45974942939473817,0.53434060833263364,0.040622461186788472,0.040495998623431027,-0.02403171402971805,0.03169577921356747,94,1
20211022,94,47,1624670,62984.477400000003,1584492,47,1931543,119911.68770000001,1498523,0.54568332034128786,0.4818101831122158,0.5030624242827233,0.063873137229072063,0.10098314226135922,-0.033227184576258721,0.06584867390364002,94,1
20211025,100,50,1037183,42024.787600000003,1482104,50,1209766,71069.080400000006,1509428,0.51250614335275635,0.44751722874273442,0.73729313274937391,0.064988914610021931,-0.064664889440905982,0.0053752928717143477,-0.035846727959481225,94,1
20211026,100,50,1202919,55087.4781,1424428,50,1531107,82986.652200000011,1564148,0.48604353428325953,0.45122794345906919,0.72945409452528565,0.034815590824190334,-0.038914947938876086,0.036252143195965626,-0.037571384828910405,100,1
20211027,100,50,1482740,77946.738499999992,1278804,50,1514540,68270.487999999998,1721993,0.41898336661368663,0.44457605510522508,0.7197864434015363,-0.025592688491538451,-0.10223331751411795,0.10091436360242126,-0.10154300911203196,100,1
20211028,94,47,791920,52540.335800000001,955946,47,908386,53688.745600000002,1366239,0.39428676566353604,0.44059892448922422,0.62491016004323519,-0.046312158825688177,0.088751272247132293,0.10596227566980414,-0.02522941665676607,76,0.70123037313087155
20211029,94,47,621584,39855.030899999998,996592,47,811538,53104.233299999993,1385162,0.40666128654641226,0.43811168681635004,0.62587194143475777,-0.031450400269937784,0.042519138110311668,0.013850431732661709,0.0093545518552570102,94,1
20211101,94,47,722345,46949.212899999999,1046005,47,767324,48369.364099999992,1450526,0.41011001744409387,0.43449104722534976,0.63605458934817949,-0.024381029781255892,0.049581975372068009,0.04718870428152086,-0.0066971651984209955,94,1
20211102,94,47,1337828,91174.642500000016,1092303,47,1530265,82515.413799999995,1656745,0.37923765005295573,0.43087811788147512,0.64948047469523995,-0.051640467828519387,0.044261738710618018,0.14216842717745148,-0.064057285889900825,94,1
20211103,94,47,899385,59784.639199999998,1149570,47,998617,52838.235000000001,1797196,0.3670526092584121,0.4350679183678372,0.66096154224665282,-0.068015309109425104,0.052427760429111701,0.084775267165435833,-0.030259202458451071,94,1
20211104,96,48,681969,46102.250100000005,1170120,48,777334,44272.392399999997,1769377,0.3801048313935107,0.43287752829875653,0.65961047077101964,-0.052772696905245831,0.01742912567307776,-0.015511385513878286,0.016259519758270592,94,1
20211105,96,48,813681,52161.237800000003,1184984,48,910865,52206.181200000006,1731919,0.38926053676847239,0.43824234485826558,0.65320238622950433,-0.048981808089793188,0.012702970635490377,-0.021170163283460788,0.017799643952689865,96,1
20211108,96,48,683705,45112.515099999997,1197806,48,789668,42422.739700000006,1839431,0.37374308999715794,0.43406903921785722,0.65801648011004743,-0.060325949220699282,0.010820399262774855,0.062076806132388411,-0.032462512466132742,96,1
20211109,96,48,721605,46707.168399999995,1217966,48,936766,46546.217700000008,1944668,0.36159209178614288,0.43045583863588177,0.65846790997630456,-0.068863746849738894,0.01683077226195227,0.057211713839768925,-0.028011314230664251,96,1
20211110,96,48,1247735,85776.284700000004,1220903,48,1502964,62231.328699999998,2029839,0.3470119698178481,0.42784788087455006,0.64663298410024539,-0.080835911056701959,0.0024113973624879511,0.043797193145565204,-0.026001744115822446,96,1
20211111,96,48,1195613,62547.584100000007,1272308,48,1539090,83344.013900000005,1744445,0.41455586142353673,0.4339430431157662,0.62905249451977008,-0.019387181692229472,0.042104081978666608,-0.14059932832111316,0.10360680730737783,96,1
20211112,96,48,683049,35232.231099999997,1268873,48,846394,46630.522500000006,1810797,0.4008994314474788,0.43070921677042973,0.6270866683768066,-0.029809785322950921,-0.0026998179686050861,0.038036166230520307,-0.023133150112057566,96,1
20211115,96,48,658456,34382.712100000004,1268722,48,833562,42818.306400000001,1872423,0.38594422535328021,0.43253184072987383,0.61448802904673294,-0.046587615376593616,-0.00011900324145915313,0.034032528218237608,-0.020059616777122223,96,1
20211116,96,48,885803,45540.457900000001,1274309,48,1077438,54815.081600000005,1858332,0.38725321238633031,0.43542909606010044,0.59458903845030442,-0.048175883673770126,0.0044036439818967432,-0.0075255431064454991,0.006264594598466483,96,1
20211117,96,48,777136,41478.243000000002,1258640,48,939741,45340.078499999989,1930024,0.36898594417266001,0.4299989517406681,0.57816596543254484,-0.061013007568008093,-0.012296075755566351,0.038578682388292297,-0.027887332126470925,96,1
20211118,96,48,1024790,60752.4283,1244168,48,1214088,48773.608599999992,1990409,0.35220282449152179,0.42427099722346789,0.54982274343755,-0.072068172731946101,-0.011498124960274582,0.031287175703514566,-0.023475976145495417,96,1
20211119,96,48,1232482,67018.505499999999,1219213,48,1657905,77520.929400000008,1826343,0.37095308421328027,0.42949150435007377,0.49824104367150035,-0.058538420136793501,-0.02005758064827258,-0.082428284839949975,0.043007478257589785,96,1
20211122,96,48,741061,39328.993800000004,1202747,48,998937,45771.812699999995,1758257,0.39563716438185853,0.48788735386630944,0.88554490301262678,-0.092250189484450906,-0.013505433423036008,-0.037279963292765929,0.016949286107364302,96,1
20211123,96,48,864510,46462.490100000003,1218681,48,1048867,51484.534500000002,1689644,0.40862508636588779,0.49452657809666262,0.87885157264060931,-0.085901491730774826,0.013248006438594319,-0.039023305466720733,0.028553490640336857,96,1
20211124,96,48,938028,53322.896999999997,1220567,48,1037126,59415.5213,1648015,0.41393824248532712,0.5044302622671587,0.8722909088880848,-0.090492019781831579,0.0015475747960294777,-0.02463773433930461,0.014962220522121841,96,1
20211125,92,46,669150,40468.713800000012,941732,46,708718,39439.722999999998,1213577,0.41945232059293808,0.50310916142552997,0.79100769309644237,-0.083656840832591894,0.047009564014747825,0.10023690106586855,-0.034342428238262397,74,0.67757832964161391
20211126,92,46,801123,52797.042299999994,973113,46,826035,41977.424899999991,1397220,0.3859939480554907,0.49887658326089657,0.78256557201034627,-0.11288263520540587,0.033322643809491445,0.15132373141547673,-0.070645090796725665,92,1
20211129,164,82,810571,51019.787254000003,1062567,82,864255,41233.430163999998,1520254,0.38441648296428726,0.50003981974926837,0.76664430094071556,-0.1156233367849811,-0.026060693876250755,-0.010330513448132721,-0.0046094789213161191,92,1
20211130,164,82,830043,50929.539799000006,1100739,82,929056,44437.123687000007,1637590,0.37343151637548344,0.49577756245998661,0.7667011524181353,-0.12234604608450317,0.035924322889756596,0.07718183935052958,-0.030650207660538612,164,1
20211201,164,82,551499,30131.748350999998,1128758,82,644126,32335.780175000007,1642152,0.3819720413510031,0.49022465218843148,0.76547451920127318,-0.10825261083742838,0.025454717239963332,0.0027858010857418525,0.0085661730201155514,164,1
20211202,164,82,713429,38882.444978999993,1157336,82,803511,43067.490611000001,1622202,0.39395994851916877,0.48739029579836468,0.76006552168022168,-0.093430347279195913,0.02531809298361562,-0.012148692691054178,0.017513380080912046,164,1
20211203,164,82,929203,46118.309315000006,1206023,82,1096327,59996.308932999993,1576829,0.41598370441043048,0.48418875140385514,0.74499075049625352,-0.068205046993424667,0.042068163437411432,-0.02797000620144717,0.033840156169838299,164,1
20211206,164,82,982688,43107.963900000002,1293991,82,1228244,69227.738694,1547828,0.44652582855098089,0.47936594518827191,0.73163421034203802,-0.032840116637291028,0.072940565810104788,-0.018391975287111031,0.042032059196823977,164,1
20211207,164,82,945211,40846.060240999992,1380919,82,1170962,63789.81719899999,1563550,0.4643662129041396,0.48111910152753617,0.72415297970533909,-0.016752888623396578,0.0671782106676167,0.010157459355949111,0.025056486707985274,164,1
20211208,172,86,1404570,55797.145597999988,1522526,86,1804329,109417.177822,1522780,0.50510518583061814,0.48744840576053061,0.7085035132758416,0.01765678007008753,0.10239775106287914,-0.031111892808033,0.064544065500434886,164,1
20211209,172,86,2116448,81072.027687000009,1658551,86,3115634,221164.97008300002,1541279,0.52815185113954566,0.49605197207440155,0.69385779869555575,0.03209987906514411,0.089341659846859753,0.012148176361654342,0.038592509258511293,172,1
20211210,180,90,1009469,43242.513305,1636373,90,1356081,86238.647058000017,1586280,0.51720271023334252,0.48794549770789253,0.67766247250324496,0.029257212525449994,-0.013503353228209444,0.024080001090003821,-0.018597863011472485,172,1
20211213,180,90,1644116,64743.322157000002,1685667,90,2333676,155767.70338600001,1630002,0.5159792255568183,0.4939800138559402,0.65521528234573478,0.021999211700878096,0.030123938735239459,0.027562599288902336,0.0017290102285291032,180,1
20211214,180,90,1095829,49410.217185000001,1655095,90,1310812,68400.707664000001,1703503,0.49799674301979235,0.48356098979345713,0.63955317069801154,0.014435753226335224,-0.018136440945928228,0.045092582708487476,-0.031388235677324849,180,1
20211215,180,90,1199880,56245.450168999989,1589295,90,1445910,66921.680682999999,1779063,0.47170687553554835,0.47202870266631608,0.61498065229408516,-0.00032182713076772673,-0.039756026089136878,0.044355660072215898,-0.042088990703859172,180,1
20211216,180,90,1099360,53271.256659999999,1596033,90,1306154,65029.300051999999,1836944,0.46302268794191326,0.46773153847940718,0.5987249550463053,-0.0047088505374939249,0.0042396156786499673,0.032534542059499863,-0.015183362338563775,180,1
20211217,180,90,1594084,75627.129929000002,1515817,90,1668961,70448.225139000002,1931721,0.43372111057759721,0.44685150321885531,0.54609869419858459,-0.013130392641258093,-0.050259612426560102,0.051594931582018833,-0.05097412537281782,180,1
20211220,180,90,1447938,71058.812216999999,1463250,90,1572545,62534.221677000009,2034710,0.4007785256670181,0.43469553740905326,0.48295206348843328,-0.033917011742035152,-0.034678988294761175,0.053314634980931509,-0.045120894969105492,180,1
20211221,180,90,1090622,56105.664193000004,1459930,90,1206226,49341.791695,2012476,0.40090820807093508,0.43459170135734471,0.42020921516665966,-0.033683493286409627,-0.0022689219203827098,-0.010927355741112985,0.0054071515969307824,180,1
20211222,180,90,1129104,59643.316417999995,1394678,90,1139630,49162.601547000006,2033611,0.35643464296238925,0.4331711673286594,0.34346841821095014,-0.076736524366270153,-0.044695293609967601,0.010501988595143496,-0.024878139249845783,180,1
20211223,146,73,835019,45893.640335999997,1056673,73,961969,50246.174549000003,1392352,,0.4314668082195976,0,,0.066749540756513251,0.075535719744444105,-0.013901847359582012,128,0.65653158178904991
20211224,148,74,660015,33192.274281999998,1088594,74,710967,41468.895366000004,1432864,,0.431731958255898,0,,0.030204235368936273,0.028626381834478638,-0.0032429232041322567,146,1
20211227,148,74,621213,37626.068605,1144244,74,644613,36611.644972000002,1503497,0.39127143144438331,0.53220689376847796,0.70988740968244246,-0.14093546232409465,0.051120987255119904,0.049294978448757173,-0.0059421969352652319,148,1
20211228,148,74,720694,39190.621569999996,1189089,74,847420,52881.986856000003,1535713,0.39575011027699109,0.53696855785390585,0.71218679375602334,-0.14121844757691476,0.039191815731609694,0.021427378970493457,0.0047697263440797267,148,1
20211229,148,74,1052162,64073.938223999998,1236747,74,1151240,63546.39113399999,1781259,0.36490543125866354,0.52699134051507002,0.7230850435685019,-0.16208590925640648,0.040079422145861243,0.15989055246650904,-0.072624726493888361,148,1
20211230,148,74,751449,42504.384472000005,1221942,74,845518,44654.581576000004,1776906,0.35956526226814595,0.52896935736067185,0.71721340994942062,-0.16940409509252591,-0.011970920487375348,-0.0024437771261787309,-0.0034632137908274536,148,1
20211231,148,74,576300,31911.496658,1233699,74,694421,38697.961616000001,1807702,0.35838719328780033,0.52441013838727646,0.71541339007911153,-0.16602294509947613,0.0096215695998664429,0.01733124881113576,-0.0063487712614977484,148,1
20220104,148,74,953637,56340.418532000003,1256292,74,1133972,54477.349124000008,1908277,0.34848780780961253,0.51872359446871708,0.71510717573230353,-0.17023578665910455,0.018313219026683168,0.055636935733876493,-0.025640157282778561,148,1
20220105,148,74,978867,54273.554880000003,1267793,74,1142278,59283.731061999999,1952259,0.34412577166158487,0.51807276161470261,0.71489932460718031,-0.17394698995311775,0.0091547188074110157,0.023048016613940219,-0.01026395695590774,148,1
20220106,148,74,1269721,78008.286191999985,1310181,74,1371495,56939.220135999989,2153255,0.32823232377596701,0.50975019605092198,0.72423079277341917,-0.18151787227495497,0.033434480234549334,0.1029556016901446,-0.049256347413023142,148,1
20220107,148,74,779861,43023.884712999992,1317636,74,921348,42315.454684000004,2148184,0.33056975813089667,0.50909002184512386,0.72210212878914659,-0.17852026371422719,0.0056900535116903694,-0.0023550392313033061,0.0036166396607299803,148,1
20220110,148,74,765104,41658.141323000003,1341860,74,849221,40148.532264999994,2163586,0.33326497601532473,0.50876820560097691,0.71779454026677347,-0.17550322958565218,0.018384440012264389,0.0071697768906201706,0.0025454293644794016,148,1
20220111,148,74,882190,45679.935108999998,1368409,74,1028886,45074.060014999995,2217933,0.3337542839793417,0.50120618661416094,0.71450352476144219,-0.16745190263481924,0.019785223495744714,0.025118946046055021,-0.0079299467171937612,148,1
20220112,148,74,716178,35629.534661999998,1382332,74,833227,37271.765697999996,2165731,0.34348334912307238,0.50144659194136787,0.7080426700427811,-0.15796324281829549,0.010174589614654683,-0.023536328644733633,0.018438007306609352,148,1
20220113,148,74,1185579,64636.951500000003,1373255,74,1371694,52657.710918000004,2299413,0.32325255980626644,0.48739359388660541,0.6913657863983349,-0.16414103408033898,-0.0065664399001108273,0.061726040768682724,-0.040235756805896625,148,1
20220114,148,74,1477580,91511.904217000003,1370915,74,1540718,49857.582054999992,2414474,0.30969820044450674,0.47106603274537701,0.67489549951141081,-0.16136783230087026,-0.0017039806882188668,0.050039292636859932,-0.03196613470098577,148,1
20220117,156,78,957899,56648.427032,1347237,78,1080842,34104.138396000002,2381278,0.30576631166779961,0.46849203818404306,0.65852303128725509,-0.16272572651624345,-0.025204334331450164,-0.013817502279999701,-0.00031463080808867994,148,1
20220118,156,78,1135741,56593.661449000014,1390864,78,1426731,53413.234158999992,2217941,0.33137469408500519,0.48013894006702873,0.6367825360472511,-0.14876424598202354,0.032382572628275499,-0.068592159336289163,0.055508426276949401,156,1
20220119,156,78,950972,48930.528144000011,1380813,78,1051847,41211.488326000006,2186424,0.32964591772363544,0.4809322863018301,0.6203490264313809,-0.15128636857819466,-0.0072264434193422215,-0.014210026326218777,0.0059482294000368545,156,1
20220120,156,78,1622204,71528.183304000006,1428710,78,2042922,99111.680854999999,2046278,0.35517005710801458,0.48537116003829084,0.57011937882950958,-0.13020110293027626,0.034687535531603482,-0.064098271881391722,0.052713907149987513,156,1
20220121,156,78,1078333,46076.387366999996,1387548,78,1249079,54769.171177999997,2114868,0.32510482344699226,0.48167488217724869,0.54612016390971263,-0.15657005873025642,-0.028810605371278986,0.033519394725447862,-0.031583418417560002,156,1
20220124,156,78,1141485,56553.117200000008,1347145,78,1297316,48606.482884000005,2071272,0.35599988282051032,0.50769246902388832,0.74893583784541207,-0.151692586203378,-0.029118271944466066,-0.020614052508241647,0.00091165641088894066,156,1
20220125,156,78,1501475,82736.496371000001,1268786,78,1609056,53366.649230000003,2164956,0.32297474503727597,0.49775202973665383,0.73377207722653592,-0.17477728469937787,-0.058166715535447187,0.045230177398236447,-0.050328265978082841,156,1
20220126,156,78,1294181,83277.051414000001,1250257,78,1338075,52758.316529999996,2160064,0.31611905160626347,0.49735653004966968,0.72141126890987683,-0.18123747844340621,-0.014603723559370927,-0.0022596302188127612,-0.0039714690270847373,156,1
20220127,132,66,1101232,76927.345421999999,1052464,66,1096669,57045.047404000004,1363789,0.39540546801285925,0.49243983609064801,0.58600817050201282,-0.097034368077788757,0.060752492098225142,0.1497240036472457,-0.05395223155719002,114,0.63612252336363639
20220128,132,66,1400089,107429.82866600002,1117617,66,1442997,68008.841383000006,1578009,0.37288775450072187,0.47832177273724535,0.60433902922734828,-0.10543401823652349,0.061905205308685145,0.15707708450500774,-0.061693456769634634,132,1
20220207,140,70,1019000,60800.424594999997,1130945,70,1155456,51302.431882999997,1606180,0.3722970932624674,0.47302329851036412,0.59404703840708772,-0.10072620524789672,-0.00090639279824841605,0.017380762720618198,-0.010550425021868761,132,1
20220208,140,70,1059313,64019.741511999993,1199758,70,1234201,56293.968308999989,1688941,0.38321871033468691,0.46399026085987272,0.60246602363209178,-0.080771550525185809,0.060845576044812083,0.051526603494004411,-0.0050958578800748963,140,1
20220209,140,70,825770,45353.625763999997,1220593,70,976389,50546.545032999995,1667766,0.39356792834629517,0.46505951553493197,0.59404249956463173,-0.071491587188636796,0.017366002143765661,-0.012537442101293058,0.014542878991546021,140,1
20220210,140,70,619966,32138.581928,1254238,70,685929,37045.20380499999,1664059,0.40213492274100665,0.46938006752111183,0.58882834749170487,-0.067245144780105182,0.027564470712186616,-0.0022227338847296322,0.012931910472347794,140,1
20220211,140,70,998892,47715.356646000015,1287427,70,1218101,63842.703021000008,1663515,0.41286234657067233,0.46832220162926086,0.57781582965710609,-0.055459855058588525,0.026461484981319335,-0.00032691148571054274,0.011559138771687735,140,1
20220214,140,70,1132644,58060.141624000004,1227725,70,1089380,44702.492536999998,1803602,0.36212622064985422,0.46081587755384007,0.56544411078052614,-0.098689656903985845,-0.046373114747476941,0.084211443840302005,-0.067703465537445329,140,1
20220215,140,70,802421,40241.557221999996,1296246,70,759924,33743.851782000005,1803803,0.3706499366247889,0.47652888757830536,0.55149418605963973,-0.10587895095351646,0.055811358406809342,0.0001114436555293241,0.022537984189762439,140,1
20220216,140,70,742885,33409.717419999994,1338340,70,909347,44483.227121999997,1766573,0.38402039923168568,0.48403051749165782,0.52985703625190139,-0.10001011825997214,0.03247377426815589,-0.020639726178523929,0.025587982641564699,140,1
20220217,140,70,946830,41593.405785000003,1430065,70,935395,46874.069645999996,1715725,0.41739650237526371,0.4936425397003279,0.51210633894824509,-0.076246037325064187,0.068536395833644667,-0.028783412856417483,0.045918516879538976,140,1
20220218,140,70,917387,41679.111599999997,1430663,70,922923,44982.918799999999,1685859,0.4184988832321575,0.49585066938209521,0.47565940493922393,-0.077351786149937707,0.00041816281078132811,-0.017407218522781914,0.0096840539260408358,140,1
20220221,140,70,912500,42355.060599999997,1341992,70,1020683,41902.27169999999,1728185,0.42618947402443336,0.52263433696975281,0.88681336613491668,-0.096444862945319454,-0.061978956609627843,0.025106488739568375,-0.042033074048570811,140,1
20220222,140,70,1230345,69192.856509000005,1313516,70,1276975,42354.328857999993,1803382,0.41027521628705882,0.50530561316908462,0.88274816821083013,-0.095030396882025803,-0.021219202498971679,0.043512123991355095,-0.033767759969539214,140,1
20220223,140,70,864366,44646.244074000009,1263587,70,1000219,37044.650750000001,1725096,0.41120564184737446,0.50351800059188789,0.87450291650201772,-0.092312358744513434,-0.038011718167117875,-0.043410658418460424,0.0090978273912075396,140,1
20220224,134,67,1444619,89362.035067999997,1089868,67,1277198,52787.683765000002,1397876,0.42653011565184179,0.48618950651332732,0.80615288389802164,-0.059659390861485528,0.070049197687556686,0.18297568490553043,-0.065958296349548085,116,0.71396598434828984
20220225,136,68,965465,52820.77191000001,1100961,68,910783,42857.152696000005,1406469,0.42951703678023856,0.477490131111658,0.80067120517821033,-0.047973094331419441,0.0062677315050997003,0.0061250067960248265,-0.00069581114455506677,134,1
20220228,136,68,692198,40910.631720000005,1162466,68,705598,31950.904059,1467014,0.43239737982534071,0.480559828559118,0.79875792932442913,-0.048162448733777286,0.055864830815987122,0.043047518288707391,0.00038286213373852908,136,1
20220301,136,68,891377,43397.457591999999,1296798,68,977894,52047.436560000002,1426957,0.4766850847034883,0.47382441384119234,0.79781441429203437,0.0028606708622959665,0.11555778835682076,-0.027305124559138496,0.06632071740420159,136,1
20220302,136,68,588671,31160.159553999998,1291889,68,564392,30234.550303999997,1467000,0.46603529625677487,0.47661971734015396,0.78941486953625173,-0.010584421083379092,-0.0037854777690897118,0.028061812654480829,-0.016503687005622752,136,1
20220303,136,68,706667,36042.798222999998,1291649,68,773717,38838.576868000011,1567808,0.44491099002520323,0.47701051707146358,0.78814963820053952,-0.032099527046260345,-0.00018577447443240093,0.068717109747784597,-0.036626337630836184,136,1
20220304,136,68,1022813,59881.956982000003,1300393,68,1066366,42742.272401999995,1738425,0.41793085198347496,0.46305464819361941,0.77846748308059255,-0.045123796210144451,0.0067696409783153163,0.10882518777809527,-0.056609698974315753,136,1
20220307,136,68,1565566,110165.51973899998,1250569,68,1699211,57424.278471999998,2094617,0.35400927482419564,0.43892654904410333,0.76645364413219474,-0.08491727421990769,-0.03831457105659597,0.20489350992996533,-0.13360984435395604,136,1
20220308,144,72,2011293,147834.02542600001,1287447,72,1879819,71996.325528000001,2232679,0.34102182605627196,0.43906396663688085,0.74789339927036702,-0.098042140580608894,-0.019315207717447019,0.064840016098408448,-0.047820958236701933,136,1
20220309,152,76,2542992,216791.09427099998,1272323,76,2364571,92627.121612999996,2361604,0.31996910677704166,0.4337826174112554,0.73505494194022059,-0.11381351063421374,-0.079218018295122053,0.055653768410058049,-0.064272131168032057,144,1
20220310,152,76,1285480,81229.944728000002,1272491,76,1504730,61997.396969000001,2260333,0.32792120540490427,0.44467920586232146,0.72361912169980724,-0.11675800045741719,0.00013204194217977667,-0.042882295253564948,0.027914429761522454,152,1
20220311,152,76,2168332,163230.697289,1237548,76,2279071,84493.716950999995,2237505,0.32065538398856563,0.43969676950773817,0.70205231402226098,-0.11904138551917254,-0.027460312096509915,-0.010099396858781428,-0.0034292679171110704,152,1
20220314,152,76,1710112,128308.15530599999,1248659,76,1653398,63049.310722000002,2420494,0.30176152995562461,0.42910748753997291,0.69727291284936876,-0.1273459575843483,0.0089782376117936435,0.081782610541652423,-0.049460540601826794,152,1
20220315,160,80,2812020,341953.340272,1155107,80,2895351,101446.37621900001,2576282,0.27348536291005898,0.3845946882788901,0.6752790984804854,-0.11110932536883111,-0.13927661595359503,0.055697721208976349,-0.084140672247791246,152,1
20220316,184,92,2605274,240356.57196999999,1276599,92,3121998,142099.70110399998,2458690,0.31179048053143482,0.39350834172614618,0.63316894623146969,-0.081717861194711361,-0.024894663438105733,-0.050229361537285126,0.026973601519434183,160,1
20220317,184,92,1888550,111705.62189599998,1293850,92,2494832,133243.52877,2229388,0.33665873630867377,0.4120538510801362,0.59447672850939959,-0.075395114771462435,0.013513248874548703,-0.093261858957412277,0.06600640539460266,184,1
20220318,184,92,1720690,95439.007763000001,1295074,92,2161117,100333.193119,2072402,0.34554983186663807,0.43188296709648266,0.54787740135341723,-0.086333135229844593,0.00094601383467944502,-0.07041663452032576,0.044904715491828825,184,1
20220321,184,92,1523182,95349.891849999985,1231972,92,1517903,64778.719253000003,2071333,0.31418914323798641,0.42933001471667293,0.48964960849815564,-0.11514087147868651,-0.048724628862906676,-0.00051582656260706179,-0.018421215177183148,184,1
20220322,184,92,1336409,69147.687523000001,1271109,92,1469804,64619.774672,2024107,0.30372774669953195,0.44945316666190371,0.43718803259027633,-0.14572541996237176,0.031767767449260208,-0.022799810556776722,0.026144422025819597,184,1
20220323,184,92,1262926,65520.03392300001,1241181,92,1349094,60300.783767000001,1948634,0.25763959100929723,0.46557410050967357,0.36774358387555389,-0.20793450950037634,-0.023544794348871734,-0.037287060417260549,0.013821552213876116,184,1
20220324,140,70,859590,49579.401674000001,1034048,70,849223,44712.024581000005,1176991,,0.46767515181776531,0,,0.080427195591723191,0.074218329591211885,-0.0022193783063208152,122,0.63225641612444605
20220325,140,70,1166388,78439.240497000021,1015385,70,1072432,56201.249582999997,1322513,,0.43431535507537111,0,,-0.018048485176703596,0.12363900828468527,-0.074256944359642682,140,1
20220328,142,71,1363351,96031.09228099999,1055781,71,1174283,58809.134685000005,1407879,0.42792966600255505,0.42971096162615685,0.65642093470689944,-0.0017812956236017974,0.036248319602909244,0.064403147643917302,-0.020688669907754743,140,1
20220329,142,71,734993,48964.221347999999,1072129,71,770322,40212.883649000003,1451016,0.4234677921365011,0.42776751336332736,0.66278751320276874,-0.0042997212268262586,0.015484271832889586,0.030639706963453535,-0.010873659514705763,142,1
20220330,144,72,1179335,64938.395727000003,1174945,72,1274554,72370.019358999998,1352968,0.48108162531983806,0.43369942974549647,0.65613492236481241,0.04738219557434159,0.094271305038852601,-0.067575409230497804,0.07891896819247407,142,1
20220331,144,72,608588,33541.281103999994,1174867,72,722143,40228.875568000003,1421786,0.4631272826593178,0.43174805902686963,0.65987330613678452,0.031379223632448161,-6.6386086157224378e-05,0.050864469817467964,-0.027254102494824781,144,1
20220401,144,72,1194273,59795.517868000003,1229003,72,1410317,81994.372105999995,1396712,0.48743998777174857,0.43082151915216116,0.65778197557617635,0.056618468619587414,0.046078407172897018,-0.017635565408577664,0.030504653490474085,144,1
20220406,144,72,926115,45809.538693000002,1295732,72,1041311,53614.126406000003,1512405,0.47683306318654139,0.43069989745951143,0.66591159904235442,0.046133165727029968,0.054295229547853013,0.08283239493897096,-0.018647873055529635,144,1
20220407,144,72,1058580,54676.207609999998,1257508,72,1018497,53172.269285999995,1534106,0.45821329642960901,0.43630377266442782,0.6460821589231176,0.021909523765181182,-0.029499927454134035,0.014348669833807743,-0.021339770816025002,144,1
20220408,144,72,913095,46264.455625000002,1290147,72,887992,48259.050166000001,1526413,0.46726434077737866,0.44116930793103865,0.64718805919277411,0.026095032846340016,0.025955302073624981,-0.0050146469670283543,0.014447556144939809,144,1
20220411,144,72,1506965,92588.971533000004,1261325,72,1365327,57660.744428999991,1788958,0.40329732092674703,0.43300580360803997,0.65620960415804042,-0.029708482681292947,-0.022340089927736916,0.17200128667667269,-0.10344782287613259,144,1
20220412,144,72,1241726,69345.838574000009,1250464,72,1376548,66755.878756999999,1684007,0.42121263751142313,0.43479587110185547,0.63803629342392543,-0.013583233590432342,-0.0086107862763363918,-0.058665994394502277,0.030846318194082321,144,1
20220413,144,72,873410,43076.575600000004,1329651,72,928984,48183.094706000003,1651132,0.44998787723771538,0.43942297590540397,0.62957786594998699,0.010564901332311416,0.063326093354146934,-0.019521890348436793,0.038188143621116034,144,1
20220414,144,72,1328585,57166.552296000002,1424968,72,1445294,78464.759482000009,1584826,0.48207932759040417,0.45921259842519685,0.62234956943897157,0.022866729165207322,0.07168572805946824,-0.040157903789642499,0.054221659208335528,144,1
20220415,144,72,934222,37490.594607999999,1436463,72,1065811,61638.647674,1662634,0.46791959832885677,0.4559522329083594,0.63154622136706273,0.011967365420497367,0.0080668478169334326,0.049095610496041837,-0.022032404875549621,144,1
20220418,144,72,1303596,62855.981458999995,1377476,72,1281197,53284.162219999998,1846351,0.42047806924167547,0.43820495408097271,0.61630695443645089,-0.017726884839297241,-0.041064058036997822,0.11049755989592418,-0.078314425137386789,144,1
20220419,144,72,1212655,62533.821022000004,1365157,72,1313685,50074.635269999999,1940025,0.40008059486298875,0.4322775910427335,0.59764091659702856,-0.032196996179744752,-0.0089431685198145018,0.050734665293868823,-0.032878004930165294,144,1
20220420,144,72,1325247,70154.541150999998,1326715,72,1429219,53586.705481000005,2018806,0.37813002349449731,0.42203666274870233,0.58014282379336435,-0.043906639254205015,-0.028159398516068114,0.040608239584541433,-0.035466428172487928,144,1
20220421,144,72,1875474,108859.85400399999,1299038,72,2049086,75410.872617000001,2136756,0.35253132288390082,0.41002445387972097,0.5554550127277712,-0.057493130995820152,-0.020861300279261183,0.058425623858855184,-0.043528945117965186,144,1
20220422,144,72,1416785,78847.350783000002,1290469,72,1600237,58199.126646000004,1957276,0.37997040274098443,0.41568002491102979,0.5135015218251433,-0.035709622170045363,-0.0065964198121994892,-0.083996488134349456,0.049744251256041545,144,1
20220425,144,72,2304093,165279.93840400001,1211985,72,2345137,77735.382424999989,2219599,0.33133692343526328,0.41207700699231414,0.72939872665218164,-0.080740083557050868,-0.060818198654907632,0.13402453205373183,-0.10493650209606974,144,1
20220426,156,78,2029836,151809.62173400004,1201035,78,2109747,81299.982289000007,2186658,0.33365026911427215,0.40754884148080661,0.71746938108028091,-0.073898572366534465,-0.074731122909936998,-0.018729959781023511,-0.014279120079823196,144,1
20220427,156,78,1419560,97462.733795999986,1171637,78,1684641,70894.46003799999,2102332,0.33659504149396446,0.40891256711426821,0.70588909058088212,-0.072317525620303746,-0.024477221729591561,-0.03856387235681117,0.016213983970802551,156,1
20220428,140,70,1049444,70510.167404000022,1020500,70,1092908,65334.306828000008,1396537,0.42911595032029154,0.41238843145017817,0.5872198067303066,0.016727518870113367,0.10237129471650909,0.026107845462057019,0.02586737647120731,122,0.69653683342756145
20220429,142,71,1254740,70873.987144999992,1090491,71,1428338,90375.422569999981,1441089,0.43814477966699927,0.41957314415790825,0.60209868935605437,0.018571635509091022,0.068564429201371874,0.0314964802221495,0.010750352601139329,140,1
20220505,144,72,761032,38875.938567999998,1110551,72,787976,45249.620230999994,1460444,0.44195368161446835,0.41675959806598162,0.60308518686345169,0.025194083548486734,0.018333943150379048,0.013088712772077227,0.00044675657099518877,142,1
20220506,144,72,1263270,88283.925845999998,1118061,72,1194696,49944.472022000002,1652717,0.39774190429930179,0.41249895129104142,0.6085334155244484,-0.014757046991739631,0.0067624089303417855,0.13165379843390093,-0.071864394913253429,144,1
20220509,144,72,979077,71905.100625999999,1117308,72,994963,38242.924956000003,1840851,0.35775433817290081,0.40963896733262761,0.61550275019023659,-0.051884629159726803,-0.00067348740363897854,0.11383316078917322,-0.068171105732758086,144,1
20220510,144,72,1338273,84570.011977000002,1173431,72,1422134,64472.303382999999,1834565,0.38197947459695408,0.40298619080160397,0.61324582878434675,-0.021006716204649889,0.050230554153375795,-0.0034147250374962448,0.021097243251630489,144,1
20220511,144,72,1052567,54501.396097000004,1214894,72,1267604,61434.268662999995,1702358,0.42162924345752451,0.40866177491953687,0.60071361678730528,0.012967468537987636,0.035334842866772735,-0.0720644948530033,0.057736114010789909,144,1
20220512,144,72,850574,48924.239950999996,1202738,72,838101,37042.148908999996,1776199,0.39893110704059126,0.4110106774389638,0.60128797621433416,-0.012079570398372541,-0.010005811206574402,0.043375717681004816,-0.029478769746322908,144,1
20220513,144,72,858108,42086.034329000002,1256291,72,1020429,47103.649723999995,1721674,0.42735655987400017,0.41387354781717289,0.59250091925190529,0.013483012056827282,0.044525906722827413,-0.030697573864189767,0.036280726984155756,144,1
20220516,144,72,1013308,54722.811331000004,1243680,72,1122259,41612.199915000005,1783191,0.41222312322738913,0.40901406983461552,0.58138024382274633,0.0032090533927736087,-0.010038279347698902,0.035730922346506946,-0.024892166294768408,144,1
20220517,144,72,1005499,45754.092485999994,1297029,72,1018064,42978.493065000002,1689357,0.45152208435067909,0.41225747200909524,0.56173850265839709,0.039264612341583849,0.042896082593593204,-0.052621396137598274,0.048625461739201965,144,1
20220518,144,72,1090288,49629.761387000006,1272869,72,1098123,44575.844655000001,1724484,0.42887797955543444,0.41964687059401373,0.54354158485837334,0.0092311089614207087,-0.018627185668169333,0.020793118328452778,-0.019852423631774325,144,1
20220519,144,72,1093520,53471.595110999988,1304035,72,1119460,41213.808382000003,1697449,0.44388594553544319,0.42429680752103743,0.51899227182287166,0.01958913801440576,0.024484844866203826,-0.015677153281793279,0.019417466010843567,144,1
20220520,144,72,1598031,58563.769442999997,1335468,72,1910655,90022.595903000009,1554226,0.49023892194502655,0.43893388380650683,0.45248389621876917,0.051305038138519721,0.024104414375381029,-0.084375436316496105,0.058189882071668551,144,1
20220523,144,72,1127534,48356.294334999999,1234554,72,1291994,52959.397152000005,1639167,0.43054929819486615,0.42200707316461411,0.88901079819509266,0.0085422250302520375,-0.075564521201556309,0.05465164010896742,-0.06431649856351572,144,1
20220524,144,72,1097272,52925.340798000005,1206747,72,1238095,43396.093944000007,1761462,0.40398956363389626,0.42707632843217436,0.88877939525147998,-0.023086764798278092,-0.022523923619379955,0.074608017364917664,-0.052232628010861176,144,1
20220525,144,72,898145,49046.188136999997,1198677,72,1005233,35919.751113999999,1789452,0.39804644604762546,0.425076015337298,0.88531485755802375,-0.027029569289672539,-0.0066874000929772357,0.015890209382887623,-0.012148740199898322,144,1
20220526,134,67,909380,56170.803270999997,939678,67,1075417,50383.335242000001,1335786,0.41180446840274143,0.41834169606041033,0.82307784258507277,-0.0065372276576688981,0.064495414335514104,0.071097878992199728,-0.01500700608763446,116,0.69667708455692512
20220527,134,67,851868,46605.703376999991,981863,67,1034230,55571.480085999996,1299613,0.43054075820802823,0.42957600679645613,0.81581265812132142,0.00096475141157209565,0.044893037827851666,-0.027079936456887554,0.034436053481839306,134,1
20220530,134,67,709202,37945.159630000002,1075156,67,732976,37809.908436000005,1314929,0.45123273189410512,0.44388231682945306,0.81053267980009081,0.0073504150646520605,0.095016310829514908,0.011785046779310457,0.034178312636205688,134,1
20220531,134,67,1040546,51543.333874999997,1151817,67,1182716,66548.651788000003,1274506,0.48127953957473812,0.44822353151222993,0.80147490667977839,0.033056008062508191,0.071302211027981052,-0.030741583766119691,0.048987379109947972,134,1
20220601,136,68,742113,41049.546117000005,1154079,68,705532,36433.943316000004,1342226,0.4672673290907513,0.44323829478729543,0.79389818151227509,0.024029034303455876,0.0014585650324660949,0.050505058430482086,-0.025837038184940753,134,1
20220602,136,68,731186,39904.101326999997,1175081,68,648673,30034.178611999996,1358587,0.46597963240962387,0.45563701813457519,0.78795130222270637,0.010342614275048678,0.018198060964630672,0.012189452446905365,0.0018591478204786674,136,1
20220606,136,68,1171078,58428.536252999998,1279116,68,1308893,67017.900242000003,1380518,0.48892804193736072,0.45292090630940157,0.7780664557604543,0.036007135627959153,0.088534322314802127,0.0161425068839905,0.032405192787689628,136,1
20220607,136,68,1047035,43206.806985000003,1384182,68,1443314,79693.583156000022,1375997,0.5143185671559436,0.45925126907498187,0.76690569705805312,0.055067298080961724,0.082139540119895299,-0.0032748576983422165,0.041203789694371482,136,1
20220608,140,70,1221975,50617.234816000004,1469627,70,1575314,90382.130677000008,1358371,0.53762714785160992,0.46429561641145312,0.75512995412302275,0.073331531440156805,0.061179815949058719,-0.019891758484938557,0.040597004759473934,136,1
20220609,140,70,1025042,46802.910775000004,1492323,70,1210604,66972.920343000005,1400839,0.53210994273622469,0.46823042391042263,0.74483903770338478,0.063879518825802062,0.015443374407247553,0.031263918325700413,-0.0069915183815547257,140,1
20220610,140,70,1336922,52382.487078000006,1478153,70,1415634,75708.629419000019,1371971,0.53515417132250187,0.47470760196394979,0.72659224651278331,0.060446569358552082,-0.009495263424875177,-0.020607650129672288,0.0050802547524127582,140,1
20220613,144,72,1376860,63050.987223000004,1309506,72,1346681,59818.249263000005,1436350,0.48282250677857053,0.46307757153633211,0.70018347648237922,0.019744935242238415,-0.11448341274550064,0.038419179414142135,-0.077868190998005696,140,1
20220614,144,72,1693892,74902.906520000004,1380795,72,1747837,77516.684280000001,1488228,0.4876457817626289,0.46855290051034271,0.66643557754678162,0.019092881252286198,0.054439613106010969,0.03611793782852369,0.0070691980934178634,144,1
20220615,144,72,2120543,80769.148256999993,1571399,72,3332081,201668.06252499999,1432503,0.54617688341284287,0.48297833124687489,0.63515587392664608,0.063198552165967981,0.13803931792916399,-0.037443859408639001,0.08585814752966428,144,1
20220616,144,72,1444258,59790.434515000001,1409928,72,1617200,80752.594305999999,1431407,0.50838252492947966,0.47719795045057239,0.60999107813756559,0.031184574478907268,-0.10275620641224793,-0.00076509438374649131,-0.053388892180903369,144,1
20220617,144,72,1726010,65882.027308999997,1493832,72,2124300,107665.90466,1423678,0.53415290404756322,0.48065135480706045,0.58636748460159516,0.053501549240502766,0.059509421757706779,-0.0053995823689558598,0.032249981082836061,144,1
20220620,148,74,1590375,62049.833911000002,1489757,74,1794103,92137.472280000002,1444091,0.53097251472414242,0.48044432594696279,0.54105018392227544,0.050528188777179628,-0.0031181551874641862,0.0045958425992394351,-0.0038392327704103841,144,1
20220621,148,74,1480021,60166.151171000005,1443080,74,1616611,85099.622163999986,1372368,0.53831905799620516,0.49026940653184636,0.46386294472496031,0.0480496514643588,-0.031331955479987676,-0.049666537635093634,0.0085369112510259564,148,1
20220622,148,74,1154269,52051.047847999995,1327344,74,1208754,59758.063981000007,1393515,0.50922134570765665,0.47382099711627224,0.39601464096448952,0.035400348591384412,-0.080200681874878735,0.015409132244412578,-0.048618550227175213,148,1
20220623,106,53,996586,54873.415899999993,930232,53,1084126,70824.952999999994,940367,,0.49729097470917072,0,,0.16709903449267843,0.059458703066146562,0.047889110048382609,88,0.60398535903551043
20220624,108,54,1133011,54584.993799999989,1071171,54,1365354,97106.002600000022,966071,,0.52579467731374085,0,,0.15142459085475451,0.025471969986186244,0.062497093177105299,106,1
20220627,114,57,1306059,60672.311799999996,1200106,57,1647598,121576.8085,1022113,0.55342002624245656,0.50910541582467728,0.6982588124752781,0.044314610417779288,0.11944871547119927,0.012432833611608256,0.056909782932022805,108,1
20220628,114,57,896777,42901.386599999998,1245291,57,1009234,74698.418900000004,1049158,0.55502365598267234,0.51274134286327266,0.70950280437699853,0.042282313119399673,0.037650840842392258,0.026459892399372673,0.0081630118363671626,114,1
20220629,114,57,998315,46325.552499999998,1238555,57,1106228,81177.810199999993,1111402,0.52522288250270188,0.53138613379311528,0.7028447754575935,-0.0061632512904133963,-0.0054091774533020793,0.059327575064956853,-0.030063862827197294,114,1
20220630,114,57,1333360,60286.748300000007,1366681,57,1737458,123780.413,1090584,0.56473754022470202,0.53668680886256614,0.69491690965361896,0.028050731362135872,0.10344796960974684,-0.018731296146668804,0.063381585280071082,114,1
20220701,120,60,813438,42581.640200000009,1336695,60,1024644,69203.480499999991,1183252,0.53451571882131999,0.52063340380778611,0.70681843705443015,0.013882315013533875,-0.022145621399580442,0.063861197303463096,-0.040659839292872361,114,1
20220704,120,60,798668,42059.1178,1368092,60,905611,59586.182000000008,1227055,0.53094907925312396,0.51853658104046041,0.69580181777756711,0.012412498212663547,0.023488529544884958,0.037019164134098233,-0.0049231194148130894,120,1
20220705,120,60,993353,51027.749300000003,1373686,60,1311182,84440.8796,1269455,0.5205153681316026,0.51781492144485652,0.70445352707252473,0.0027004466867460719,0.0040889063016229903,0.034554278333082056,-0.014182626263560406,120,1
20220706,120,60,1226712,70162.9179,1299240,60,1283055,73294.905700000003,1377406,0.47647297706708835,0.50578497795205646,0.69549876972898173,-0.029312000884968104,-0.054194335532283214,0.085037279777542329,-0.069007669284385509,120,1
20220707,120,60,929150,52375.383200000004,1332526,60,856984,47692.821599999988,1380845,0.48023230018800667,0.5159797139974388,0.69609463652408754,-0.035747413809432138,0.025619592992826574,0.0024967220993664906,0.011150895561086524,120,1
20220708,120,60,911333,49347.908299999996,1337417,60,956877,55515.854599999999,1364932,0.48793486536459546,0.51048044232945511,0.69066245699574702,-0.022545576964859648,0.0036704724710812397,-0.011524102994905293,0.0076672154305474629,120,1
20220711,120,60,1184394,74599.789700000008,1283592,60,1195230,53885.420100000003,1486421,0.44713808108681807,0.49796581576828702,0.68028561598808379,-0.05082773468146895,-0.040245488131226088,0.089007364469438771,-0.064874670148082278,120,1
20220712,120,60,967458,56001.053599999992,1255129,60,1056880,48108.779799999997,1542653,0.43035775776763652,0.48630281763411609,0.67364469426138274,-0.055945059866479574,-0.022174491582995219,0.037830466604010571,-0.030575668778449777,120,1
20220713,120,60,983349,59149.481799999994,1266722,60,1012925,45585.408299999996,1582441,0.42024823568332459,0.49273666071359529,0.66413680087801219,-0.072488425030270698,0.0092365007899586418,0.025791931173115405,-0.010077625776418606,120,1
20220714,120,60,1204532,73490.887900000002,1240399,60,1259193,54659.485699999997,1628601,0.4079470077257033,0.47694277510716671,0.6463781805507145,-0.068995767381463402,-0.020780408013755188,0.029170123878236219,-0.025440102935493689,120,1
20220715,120,60,1492269,85428.545500000007,1197240,60,1608336,66004.509900000005,1744821,0.37841705419711547,0.45643727203333018,0.63442600272394079,-0.078020217836214711,-0.034794449205457274,0.071361862113556357,-0.055552108748692923,120,1
20220718,122,61,1271715,63816.751400000001,1261958,61,1362765,55270.054400000001,1658716,0.41566243828757637,0.45797242904507701,0.61202482714606288,-0.042309990757500637,0.047462497076609537,-0.04947269662618687,0.048654667595267397,120,1
20220719,122,61,1113465,56781.535499999998,1225189,61,1262994,48939.340100000009,1712547,0.38729705237380413,0.45995601187646085,0.59048328372597125,-0.072658959502656717,-0.029136468884067457,0.032453415774611208,-0.031020237109653456,122,1
20220720,122,61,834502,36672.321400000008,1253620,61,1018084,41468.3102,1672735,0.40462357141739702,0.45962845412779096,0.56792904483564022,-0.055004882710393943,0.023205399330225786,-0.02324724518509565,0.023229793282990713,122,1
20220721,122,61,1016854,48556.945699999989,1217305,61,1013158,35019.616900000001,1719855,0.38309122724840672,0.45073519529439759,0.5364191940513966,-0.067643968045990877,-0.028968108358194668,0.028169435086848785,-0.028511578397016082,122,1
20220722,122,61,1555643,71285.787399999972,1216443,61,1533534,60487.460600000006,1680290,0.3937190881832498,0.44767117215039876,0.51406705416067,-0.053952083967148956,-0.00070812162933693687,-0.023004846338790189,0.013177014531043594,122,1
20220725,122,61,992515,48796.968899999993,1216027,61,1041292,38196.728200000005,1668651,0.40635376284169156,0.46842919301108166,0.75524755275978805,-0.0620754301693901,-0.00034198067644764283,-0.0069267804962238663,0.0038743646722014078,122,1
20220726,122,61,940158,41460.335299999999,1192964,61,1021976,40321.830299999994,1652986,0.39969651199550388,0.47770672857092611,0.75025035576872401,-0.078010216575422231,-0.018965861777740133,-0.0093878228581051396,-0.0025645843314227794,122,1
20220727,122,61,941284,51804.763499999994,1160427,61,1019336,37417.371899999998,1771883,0.36852195491228695,0.47682857980392368,0.74871142546320135,-0.10830662489163673,-0.027274083710824466,0.071928618875174988,-0.053210351552205763,122,1
20220728,110,55,814666,46803.9375,915014,55,1021351,53371.237100000006,1203504,0.40642001122921145,0.47605184168996068,0.63389879151369022,-0.069631830460749222,0.12316550233604601,0.13814500419457124,-0.024453001709846586,92,0.6368422847516122
20220729,110,55,1206949,78012.364200000011,965720,55,1353185,63094.799999999981,1340072,0.38603487891428173,0.47873120420594206,0.64627858887531919,-0.092696325291660331,0.055415545554494246,0.11347531873595768,-0.040529275654018516,110,1
20220801,110,55,821654,56520.764099999993,955355,55,847830,38183.901600000012,1399422,0.36866132372993859,0.47394074699812949,0.6480983124941343,-0.1052794232681909,-0.010732924657250549,0.044288665086652058,-0.030234730626179637,110,1
20220802,114,57,1440510,112214.8979,998344,57,1364746,56233.085400000004,1524377,0.35915972001884489,0.46664081089296761,0.65964964020991623,-0.10748109087412272,0.01020667709908882,0.088270014334489527,-0.048317101789256481,110,1
20220803,118,59,1149249,78893.607899999988,972894,59,1103239,44611.296400000007,1552477,0.34808319133291266,0.45525665503443991,0.65322798115603609,-0.10717346370152725,-0.047688972939187294,0.017929947775386274,-0.029706812604326838,114,1
20220804,118,59,922742,57742.024799999992,1029258,59,953066,43429.873800000001,1558766,0.36856305294200253,0.45435298025902632,0.66036481887339527,-0.085789927317023784,0.057934369006284341,0.0040509456822870804,0.019828769713440123,118,1
20220805,118,59,969272,50198.161999999997,1068825,59,1005394,46301.593699999998,1515696,0.39102948502140139,0.45640655241244749,0.65555048691807882,-0.065377067391046095,0.038442256460479295,-0.027630831054821569,0.031930538511234827,118,1
20220808,118,59,573096,31012.887999999999,1060256,59,636463,27681.447199999999,1600613,0.37053970772538602,0.45117531953779483,0.65371876631280978,-0.080635611812408803,-0.0080172151661871676,0.056025086824798641,-0.036171499477079115,118,1
20220809,118,59,467854,23840.527700000002,1080540,59,516173,23169.387899999998,1591233,0.37715424286131682,0.4541177961671094,0.6456267055621866,-0.076963553305792576,0.019131228684393202,-0.005860254789883626,0.011148237662207346,118,1
20220810,118,59,868183,48583.716399999998,1039975,59,1004545,37317.375699999997,1643357,0.35716444476264642,0.44047204519903238,0.63503845219301969,-0.083307600436385965,-0.037541414477946213,0.03275698782013696,-0.034691944263228948,118,1
20220811,118,59,1023139,42852.923900000002,1149077,59,1328563,55649.978900000002,1538253,0.41363510743718418,0.45043017388463352,0.62072428767587162,-0.036795066447449343,0.10490829106468906,-0.06395688824765404,0.079828362647633613,118,1
20220812,118,59,681522,26410.730599999999,1188210,59,868414,37793.529300000002,1569666,0.41286188068661256,0.45981713368027938,0.61707052818908459,-0.046955252993666818,0.034056029317443476,0.020421218096112928,0.0028727398570328171,118,1
20220815,118,59,787922,32420.114100000003,1159254,59,985290,41397.161300000007,1621719,0.39220008585665561,0.45315384040884699,0.59556457398184015,-0.060953754552191375,-0.02436942964627465,0.033161831880157942,-0.029373691928135999,118,1
20220816,118,59,748496,32506.612299999997,1157694,59,935553,35487.422200000001,1694118,0.37516234681236604,0.44931364782625588,0.58479521090450559,-0.074151301013889837,-0.0013456930060193883,0.044643369165681603,-0.026594648707484753,118,1
20220817,118,59,1000720,41662.771700000005,1191462,59,1292470,48478.396900000007,1695451,0.3896839664169745,0.44242873362493923,0.5634170478985685,-0.052744767207964727,0.029168329454933688,0.00078684011385275407,0.011373470621485568,118,1
20220818,118,59,822199,38816.725599999991,1122855,59,996456,35820.280599999998,1772803,0.34877624181152317,0.43274921209074452,0.53561573915151584,-0.083972970279221348,-0.057582197334031637,0.045623258944080362,-0.050558849539282961,118,1
20220819,118,59,765591,34535.435100000002,1121062,59,1131249,39318.568899999998,1757418,0.34642349192974342,0.43331051672602255,0.50464759178455298,-0.086887024796279133,-0.001596822385793357,-0.0086783472275261259,0.0046939244897014768,118,1
20220822,118,59,796265,37427.609899999989,1113651,59,983788,32555.883599999994,1666870,0.36314165124839137,0.43232202338318659,0.45971420464006568,-0.069180372134795221,-0.0066106959293955195,-0.051523314316798852,0.02888225730246519,118,1
20220823,118,59,958785,48938.044099999992,1077825,59,1154057,36647.765400000004,1728825,0.32005694420050856,0.42733227733326323,0.40369800295726221,-0.10727533313275467,-0.03216986291037318,0.037168465447215443,-0.035166431039362768,118,1
20220824,118,59,1119830,61347.313800000004,969929,59,1221933,42522.234800000006,1836713,0.19987869412556827,0.41419861882608078,0.32015305122634097,-0.2143199247005125,-0.10010530466448635,0.062405390944716789,-0.076883116883116887,118,1
20220825,106,53,806608,47495.120999999999,878795,53,991160,46500.933599999989,1098164,,0.44451857625777774,0,,0.084262590041843444,-0.044041654738047525,0.060701110588772943,88,0.67984694877365903
20220826,108,54,523045,26307.572799999998,894103,54,623531,31768.926100000001,1142652,,0.43898407024899905,0,,0.017275928970920409,0.038218335330606361,-0.013550103972818859,106,1
20220829,108,54,602202,32466.382799999999,926056,54,582111,26976.703300000008,1221638,0.42448805410319185,0.45604805447812274,0.78776492368093409,-0.031560000374930897,0.035737493331305228,0.069125157965854875,-0.023092124482326053,108,1
20220830,108,54,617929,34117.430799999995,957024,54,725827,32100.515200000002,1288750,0.415105793559289,0.46676474633347365,0.78631776839521694,-0.051658952774184641,0.033440742244529489,0.054936077626923853,-0.016829213100190251,108,1
20220831,108,54,1007192,46953.492200000001,1010902,54,1206262,60004.98320000001,1254714,0.43978265110567932,0.46756287347263559,0.76924774542552665,-0.027780222366956264,0.056297438726719495,-0.026410087293889429,0.039146414554625711,108,1
20220901,108,54,628332,31316.299899999998,1009803,54,740927,36533.069399999993,1338222,0.42033965740857021,0.46197535951514002,0.76642199295152313,-0.041635702106569805,-0.0010871479134475944,0.066555406251942673,-0.037343927655878136,108,1
20220902,108,54,935012,49856.617699999995,1046010,54,1002736,41831.911500000009,1516191,0.39116868222618628,0.46469933858521767,0.76774343620972751,-0.073530656359031388,0.035855508450658199,0.1329891452987621,-0.060374996007282716,108,1
20220905,108,54,760485,44333.524199999985,1067299,54,868388,33990.867300000005,1606372,0.38257549908654342,0.45397292818301205,0.7673150511038942,-0.071397429096468623,0.02035257789122475,0.059478654074585587,-0.026887820276395177,108,1
20220906,108,54,642404,31495.4676,1081324,54,770428,33810.9859,1563769,0.39505521068148086,0.45145042382212186,0.75621046216522447,-0.056395213140640998,0.013140647559868416,-0.026521254105524746,0.021179868428090068,108,1
20220907,108,54,523784,27058.609299999996,1088013,54,550640,24040.485900000003,1602240,0.39051306406050196,0.44728500885685862,0.75490186238989421,-0.056771944796356666,0.0061859350204009162,0.024601459678507503,-0.012015456545384226,108,1
20220908,108,54,448902,20959.923500000004,1113533,54,626319,25034.002399999994,1629065,0.39604845799263189,0.43530587885499572,0.7461505477652941,-0.039257420862363834,0.023455602092989698,0.016742185939684441,-0.00048508448833622713,108,1
20220909,108,54,973881,39894.933500000006,1204965,54,1273471,57655.313199999997,1489316,0.44877690433289302,0.44298333444585364,0.73310578963367223,0.0057935698870393848,0.08210982521398108,-0.085784790662128282,0.084292703487714934,108,1
20220913,108,54,774652,28808.9067,1250181,54,956647,43915.782700000003,1488078,0.45984182158701659,0.44805257854241237,0.72167132473589968,0.011789243044604214,0.037524741382529786,-0.00083125407905374014,0.017241705672125514,108,1
20220914,108,54,826729,37575.762600000002,1212517,54,853733,35407.412099999994,1571376,0.43271059210970508,0.44259140394406093,0.71291030222785146,-0.0098808118343558515,-0.030126837633910608,0.055976904436460993,-0.044174784050741732,108,1
20220915,108,54,1162224,49926.794100000006,1221638,54,1255637,57150.931499999999,1626891,0.4246552630802703,0.43825141938708773,0.69027979002495676,-0.013596156306817431,0.0075223687585411177,0.035328909185325476,-0.01666515200117246,108,1
20220916,108,54,1363651,65615.532399999996,1179522,54,1448966,51710.563199999997,1866878,0.37094707612195205,0.42029987499388938,0.67097196691176475,-0.049352798871937331,-0.034475024516264226,0.14751264835812603,-0.099034624537787747,108,1
20220919,112,56,815341,39911.100000000006,1173570,56,992789,30970.044299999998,1877826,0.36489208967453629,0.4209987666552848,0.64872405941411737,-0.056106676980748504,-0.010433887625665312,0.0056848921032868777,-0.0075236344537815128,108,1
20220920,112,56,607501,28826.9136,1169660,56,806753,24344.678200000002,1855952,0.36953245372821114,0.41546613206043875,0.6287299891724385,-0.045933678332227612,-0.0033317143417094849,-0.011648576598683798,0.0058871414919597458,112,1
20220921,112,56,1004160,51366.810400000002,1181815,56,1176500,35152.649700000002,1940829,0.35910241131821086,0.40844699167525583,0.60758158791075767,-0.049344580357044976,0.010391908759810543,0.04573232497392174,-0.02403546786567478,112,1
20220922,112,56,999674,59016.240900000004,1130402,56,1132424,32895.246299999999,1947037,0.34062047767020787,0.40408568080647667,0.57931936262587169,-0.0634652031362688,-0.043503424816912967,0.0031986331613964962,-0.018452631808172817,112,1
20220923,118,59,1125906,59647.6005,1150433,59,1288302,42073.572500000002,1913248,0.34302138172317759,0.41359811539917996,0.53971513352728306,-0.070576733676002368,0.0069683174658218931,-0.017633460483801797,0.013715950178053896,112,1
20220926,118,59,1078474,65990.934599999993,1069429,59,1111653,34175.568299999999,1902086,0.33746901641890442,0.44468848555062107,0.79085416025158883,-0.10721946913171665,-0.070411749315257816,-0.0058340581043335726,-0.022796759845427773,118,1
20220927,118,59,1018042,57794.25299999999,1065377,59,1112077,36261.199499999995,1866173,0.34598266310582948,0.42972084282889317,0.79179171428084116,-0.083738179723063688,-0.0037889378350502933,-0.018880849761787846,0.010722140053137878,118,1
20220928,118,59,951335,56513.5625,1014066,59,1002418,32175.788900000003,1935951,0.31960469290506371,0.43000359591801307,0.78129753150575065,-0.11039890301294936,-0.04816229372325477,0.037390960002100557,-0.041305452746840408,118,1
20220929,102,51,791888,46987.929199999999,818868,51,911448,38225.138899999998,1192078,0.39881360096062962,0.42277400493821549,0.64976533432523798,-0.023960403977585865,0.056092584452477647,0.074684199674692447,-0.020908713222797144,84,0.62826417610474783
20220930,102,51,739803,41686.987699999998,832234,51,830557,35375.857300000003,1210677,0.40173238592924232,0.41761968011816447,0.6447383170387746,-0.015887294188922152,0.016322533057831056,0.015602166972295438,-0.0026022578428262122,102,1
20221010,102,51,1047403,66393.778600000005,881876,51,1404845,41443.8269,1445188,0.36620907222536603,0.40158352976506845,0.63940054936177093,-0.03537445753970242,0.059649089078312109,0.19370236652715794,-0.090492928962642036,102,1
20221011,110,55,762105,48476.6708,907577,55,832125,26480.252999999997,1548334,0.35839113110184806,0.38886331031261467,0.63386702531158501,-0.030472179210766615,0.0030469136250447907,0.07018948399792968,-0.04243544655411282,102,1
20221012,110,55,1576964,101826.22819999998,957687,55,1737818,55298.095600000008,1631699,0.35523926528184402,0.39324067526957751,0.61549494745086286,-0.038001409987733492,0.055212946119172254,0.053841742156408114,-0.013540800134858307,110,1
20221013,110,55,831858,50478.495200000005,949629,55,977471,34543.167200000004,1670774,0.35007043163210699,0.38254551815448273,0.62039693894412429,-0.03247508652237574,-0.0084140225355465829,0.023947431480928774,-0.018202384657984558,110,1
20221014,118,59,1130614,48072.0766,1046808,59,1604340,68937.630300000004,1538329,0.40471733819411354,0.40525710197056719,0.59993609623010313,-0.00053976377645365003,0.089780324737344791,-0.079461973911492512,0.08320132437644133,110,1
20221017,118,59,660908,28918.382699999995,1003951,59,848484,32088.737600000004,1512395,0.3957170786993438,0.4035176113921386,0.58276127368811759,-0.0078005326927947927,-0.04094065005234962,-0.016858552364286183,-0.0065462681474908295,118,1
20221018,118,59,791685,32063.4342,1001721,59,1048195,36640.676299999999,1593777,0.37014397701449231,0.40690690017739189,0.57017535748438253,-0.036762923162899586,-0.0022212239441964797,0.053810016563133306,-0.033227545019643562,118,1
20221019,118,59,1089637,53529.6679,971973,59,1381782,37384.945200000002,1760939,0.32225305238785301,0.3956470351758794,0.54489936009648321,-0.073393982788026391,-0.029696891649471261,0.10488418392284492,-0.075865980247335971,118,1
20221020,118,59,1315058,71475.127300000007,957651,59,1651068,50708.722600000001,1792403,0.30571331298845889,0.39612860121128135,0.52976341555474915,-0.090415288222822465,-0.014734977206156961,0.017867739881960703,-0.016753558109445163,118,1
20221021,118,59,955943,54476.629999999997,976838,59,1204450,34631.429799999998,1871739,0.30253960303671168,0.38247606367084402,0.49482636418113324,-0.079936460634132345,0.020035482654954674,0.044262367335917201,-0.021871934151111213,118,1
20221024,118,59,1991581,155829.58290000001,958946,59,2264360,58362.305500000002,1954848,0.3068860594176327,0.38745807639895713,0.72422724461646915,-0.080572016981324435,-0.018316240768684267,0.044402024000141045,-0.035456650811966819,118,1
20221025,134,67,1466694,108930.68969999999,924315,67,1607792,47767.164799999999,1983224,0.29091494596494483,0.38474406635967623,0.7123715279485503,-0.093829120394731402,-0.098175496847580576,0.012054645680891814,-0.040397502362898678,118,1
20221026,134,67,1346488,91477.993100000007,828958,67,1483863,48172.679200000006,1979223,0.25779634832811882,0.38383198319831985,0.70327767334085656,-0.12603563487020103,-0.10316504654798418,-0.0020174221368841846,-0.031420386794467764,134,1
20221027,120,60,924410,59211.70610000001,778431,60,1070939,45507.215600000003,1355691,0.35305654157616856,0.38200325581826783,0.5958731506446211,-0.02894671424209927,0.065013866526603514,0.10905868038816358,-0.044034282785211785,102,0.69332532340329911
20221028,128,64,1335041,95456.483899999992,823285,64,1361705,51986.285500000005,1505194,0.33539557528863867,0.38188222656443072,0.60899668839615906,-0.046486651275792046,0.0058682143953670907,0.10868405853546273,-0.066900580191760359,120,1
20221031,136,68,1218004,95441.0818,854869,68,1211958,46166.463799999998,1631677,0.32530658973894594,0.37419431667634229,0.62176207478164491,-0.048887726937396347,-0.0041407289091869763,0.082613271113225278,-0.054867576645526973,128,1
20221101,136,68,1262395,71541.726200000005,945708,68,1764199,82058.638200000001,1523963,0.38725585069099355,0.37589056014225564,0.61926953023297437,0.011365290548737916,0.10626072532750631,-0.066014290818587257,0.079850925741973,136,1
20221102,136,68,1135639,52609.002500000002,986745,68,1499264,72244.231100000019,1456537,0.42094313777740378,0.37682103173386639,0.6128318384861019,0.04412210604353739,0.043392886599246276,-0.044243856314096865,0.043917995554873503,136,1
20221103,136,68,839283,43794.024300000012,958633,68,942632,37975.7713,1594105,0.37652367112008395,0.37388696856814851,0.62362882520650376,0.0026367025519354326,-0.028489630046263217,0.094448682045152305,-0.067810428759349103,136,1
20221104,136,68,1334604,52195.582699999999,1053522,68,2079057,104211.11679999999,1381470,0.46061102979950713,0.38883487159585595,0.61057120516207031,0.071776158203651186,0.098983656936491859,-0.13338832761957337,0.12046829717738365,136,1
20221107,138,69,982405,41377.571200000006,1089698,69,1507385,75488.268900000025,1432050,0.46529126118258862,0.38114972589649448,0.60576949005213843,0.084141535286094138,0.03407712416067249,0.036329417214995621,-0.0058673704061450718,136,1
20221108,138,69,806110,35230.149900000004,1060791,69,1042531,45397.873999999996,1541379,0.42683509773401068,0.37783679500458994,0.60858245233785646,0.04899830272942074,-0.026527533316570279,0.076344401382633292,-0.054817531331441523,138,1
20221109,138,69,696969,31282.687799999996,1059019,69,968665,38547.581300000005,1642285,0.40404681390615743,0.37296479368590119,0.61370286350592163,0.031082020220256246,-0.001670451578114822,0.065464755910129832,-0.039458605702163967,138,1
20221110,138,69,941954,42670.8606,1073158,69,1199334,49126.7264,1676950,0.40186984613651122,0.37176523889599605,0.61315228347395812,0.030104607240515169,0.013351035250547913,0.021107785798445459,-0.0075985524028395176,138,1
20221111,138,69,1704289,56178.973700000002,1149620,69,2773627,152057.49050000004,1432425,0.4855698274717043,0.39079671079692918,0.57441950082202287,0.094773116674775115,0.071249527096662379,-0.14581531947881571,0.11671796162187086,138,1
20221114,140,70,1508583,53436.8505,1223561,70,2026688,115429.79670000001,1362870,0.52004342908720047,0.41237498028219938,0.56371463224806695,0.10766844880500109,0.064216871661940469,-0.048972197497251166,0.055759678859198816,138,1
20221115,142,71,1618222,55809.997499999998,1318194,71,2045025,109506.35609999998,1326648,0.56265992686716748,0.41864571946682938,0.5538069948979939,0.1440142074003381,0.077262187990627354,-0.027547014755625994,0.051065734983844535,140,1
20221116,144,72,1011061,35881.410000000003,1312411,72,1176201,58842.7088,1371211,0.55255914671371809,0.41479606970558353,0.53895854185127412,0.13776307700813456,-0.0045676129613698739,0.033212276353637139,-0.01893572470491621,142,1
20221117,144,72,1239577,48712.430500000002,1187360,72,1412204,60356.188699999999,1478270,0.48722218395383032,0.40346938499316559,0.50104328057532366,0.083752798960664732,-0.095283413503849029,0.078076240636926045,-0.086491316586315065,144,1
20221118,144,72,1015445,38605.292800000003,1192432,72,1296058,54115.847099999999,1498261,0.49083609883455748,0.4004550858201093,0.47259943813731259,0.090381013014448175,0.0042716615011453981,0.013523240003517626,-0.0055968007562940091,144,1
20221121,144,72,1374899,65450.417399999998,1093054,72,1548829,49774.24549999999,1500173,0.47227660288178541,0.38666266989789383,0.4069516475032845,0.085613932983891583,-0.08334060139278382,0.00127614614543127,-0.037644577066205623,144,1
20221122,144,72,1259591,49464.720800000003,1114225,72,1729303,68412.973299999998,1486675,0.48952049980813095,0.39451070533784688,0.35669037640816642,0.09500979447028407,0.019368667970658358,-0.0089976289401289059,0.013369057163140751,144,1
20221123,144,72,1158714,48685.579599999997,1132824,72,1386905,64832.254300000008,1453731,0.51065036639911687,0.40632276524005179,0.30330961452588484,0.10432760115906509,0.016692319773833831,-0.022159517043065902,0.01981737091006959,144,1
20221124,132,66,706314,37513.850700000003,788534,66,865679,44286.495600000009,1223793,,0.39185182129942103,0,,0.059708688140616355,0.12301287222278826,-0.048768942546952652,114,0.69669038547411521
20221125,134,67,767601,38194.525000000009,859058,67,898496,50230.817400000007,1192109,,0.41881426524510196,0,,0.088126827758853776,-0.025896536424052107,0.050281589423587715,132,1
20221128,134,67,1424797,86724.286599999992,843712,67,1406111,63248.491999999991,1318611,0.38141593375890315,0.42723991476655021,0.80857531460378496,-0.045823981007647063,-0.017863753087684418,0.1061161353533947,-0.069154778718651388,134,1
20221129,134,67,1520633,67112.293600000005,1006352,67,1996463,126486.8484,1133841,0.47583556355940587,0.44734217577008084,0.80276031180365504,0.028493387789325031,0.19276720018205265,-0.14012472215080868,0.16066517351940482,134,1
20221130,136,68,727013,34411.045499999993,1063800,68,951119,58991.065900000009,1182682,0.4805010278360492,0.44506190606776919,0.80358934547439065,0.035439121768280013,0.05698801214684325,0.038974600495131149,0.0061485109053248934,134,1
20221201,208,104,1063608,47574.392791999999,1142766,104,1638610,107489.898302,1194652,0.49594051552426771,0.46095439381342906,0.79879123032337396,0.034986121710838647,-0.03702763677382967,-0.096267635763459661,0.033146938190468475,136,1
20221202,216,108,780521,36392.705715000004,1102480,108,856358,45211.646159999989,1280338,0.46332027563818734,0.46020334889186276,0.79428055352947646,0.0031169267463245776,-0.035752726279920821,0.061613758651054867,-0.048970274037420776,208,1
20221205,216,108,1147363,45196.388906000007,1173055,108,1335723,84189.477278000006,1252647,0.48785154557367122,0.46761081233634894,0.78965594289817953,0.020240733237322284,0.06401476670778608,-0.021627882637241105,0.041239406450681505,216,1
20221206,224,112,1122965,47691.446916000001,1251140,112,1371446,88311.553118999989,1230341,0.51233527266452328,0.47531569750189584,0.7799967035814499,0.037019575162627438,0.065215185988721752,-0.028105284250072048,0.046051411096663976,216,1
20221207,224,112,1194106,53224.050035999993,1255540,112,1357171,79049.933548999994,1265661,0.50342134056028054,0.47974668873885795,0.77070332750145665,0.023674651821422588,0.003516792685071215,0.028707488411749263,-0.012460300925133016,224,1
20221208,224,112,697458,30381.265066,1279995,112,856064,47595.571024999997,1294275,0.50166476700833595,0.48240426693998101,0.76956107945165042,0.019260500068354947,0.019477674944645331,0.022607949522028409,-0.0016496106419123266,224,1
20221209,224,112,1219930,48692.265038999998,1364998,112,1332426,75061.242597999997,1298543,0.51872924259696396,0.49172909420372068,0.76836023924542551,0.027000148393243273,0.066408853159582656,0.0032975990419346741,0.031362289114972401,224,1
20221212,224,112,814096,35861.077323000005,1293731,112,883292,45248.726343000002,1336657,0.49415966055144211,0.48481133694559542,0.75190276111356957,0.0093483236058466979,-0.052210332908912686,0.029351357636982371,-0.041066009496380944,224,1
20221213,224,112,666081,29514.259552,1309363,112,705936,35434.054179000006,1346521,0.49332264418245148,0.49206900441072582,0.74629464238648979,0.0012536397717256564,0.012082882763109178,0.0073796044909052961,0.0021928323882256153,224,1
20221214,224,112,885328,38041.244132,1332323,112,1061213,56562.07546,1365062,0.49458465853597455,0.49207017343597281,0.74017984084585631,0.0025144851000017399,0.017535244237083223,0.013769558736922781,0.0016638527887513159,224,1
20221215,224,112,885685,39597.206137000001,1329911,112,970614,47040.437202000001,1398592,0.48542594381405491,0.49283129413467036,0.73151614639969242,-0.0074053503206154558,-0.0018103718092384504,0.024562986882647089,-0.013324757125883031,224,1
20221216,224,112,836231,33354.163252999999,1328055,112,978768,46109.943543000001,1409233,0.48314790625655513,0.49040262110978122,0.72102095212487693,-0.0072547148532260963,-0.0013955821103818226,0.0076083661282203814,-0.004580167219900436,224,1
20221219,224,112,1188530,47054.423990000003,1222579,112,1285080,50938.372665999996,1485107,0.44229047671059196,0.47204781123135348,0.68978308415377554,-0.029757334520761514,-0.07942140950487743,0.053840635295937578,-0.06625170606819597,224,1
20221220,224,112,1681535,77869.147748999996,1128357,112,1564544,50762.887461999999,1632226,0.39051425244739968,0.44385133888720441,0.6583163773739098,-0.053337086439804726,-0.077068230355666179,0.099062895804814061,-0.089131826954824162,224,1
20221221,224,112,940523,37130.077527999994,1157623,112,991042,33436.167656999998,1564660,0.40765668848309861,0.45584514819628497,0.63511839143836257,-0.04818845971318636,0.025936826731256152,-0.041395002897883011,0.035076648664430665,224,1
20221222,224,112,1174347,41612.111818999998,1205446,112,1358736,53420.58266900001,1488340,0.43129695609925661,0.47291394184308261,0.6108699800206846,-0.041616985743825996,0.041311376847211916,-0.048777370163485996,0.045602532874061956,224,1
20221223,224,112,1060121,38164.185629,1199233,112,972373,36931.748196999994,1489661,0.42653538159101773,0.47333468686469365,0.58419223665938491,-0.046799305273675929,-0.0051541089356138721,0.00088756601314215837,-0.0027968071702800445,224,1
20221226,224,112,800993,32115.791063999997,1107552,112,840144,30946.860005999995,1423259,0.41537969443817263,0.46221771533577183,0.52500957203046772,-0.046838020897599197,-0.076449697431608371,-0.044575242286667906,-0.0094012631215659673,224,1
20221227,224,112,973644,32088.894388000001,1114513,112,1034317,41025.418631,1365309,0.4229369403689433,0.47312869488561754,0.47211009499875395,-0.050191754516674236,0.0062850322151917024,-0.040716412121757181,0.02564830009036629,224,1
20221228,224,112,816512,28141.284144000001,1111383,112,853102,34470.328915000006,1301798,0.41639802773275419,0.49169398822140037,0.41366229884952682,-0.075295960488646174,-0.0028084015170751707,-0.046517674753480717,0.02434892504381363,224,1
20221229,174,87,748269,34514.938073999998,725362,87,744092,33954.589015999991,834868,,0.46490709703056599,0,,0.025050415614394934,0.1400012791599812,-0.058846353093666932,156,0.58633770115047312
20221230,174,87,639692,25255.018755999998,793650,87,698002,35949.824233000007,864994,,0.47849327522964541,0,,0.094143338084983777,0.036084746331156541,0.024459214346602743,174,1
20230103,174,87,894797,39181.974606000003,835941,87,985368,46768.224142999999,898542,0.47424060623004166,0.49720014621363323,0.66404455967570741,-0.02295953998359157,0.053286713286713284,0.03878408405145007,0.0052711733198926355,174,1
20230104,174,87,626264,24174.908160000003,889125,87,669798,31803.808719000001,900908,0.49604803276674725,0.49801416765445689,0.66396653022597907,-0.0019661348877096363,0.063621714929642165,0.0026331545993398195,0.02929864403398592,174,1
20230105,174,87,1180754,38255.100848999995,1040433,87,1272065,69093.032142999989,845669,0.56820940965631539,0.51940348828860328,0.66032696004775993,0.048805921367712113,0.17017629692113032,-0.061314806839322104,0.11538725822373107,174,1
20230106,176,88,841680,27413.801026000001,1113352,88,883219,49703.267302,840097,0.59118254515875901,0.52879182016389747,0.65955087642421173,0.062390724994861535,0.069647925431046503,-0.011333039286056366,0.043501358887271205,174,1
20230109,184,92,829091,26414.497904,1196094,92,994943,57995.639410000003,846076,0.61384933983323753,0.53219788694487569,0.65522018245297897,0.081651452888361842,0.07370086010533955,-0.014347152769263549,0.048175304295121089,176,1
20230110,184,92,660508,22091.269583999998,1228817,92,774924,42434.71480799999,878813,0.61355583048185824,0.52507365299604714,0.65503527659029337,0.088482177485811109,0.027358217665166783,0.038692741550404454,-6.8554527781722385e-06,184,1
20230111,184,92,874742,28521.928519999998,1269709,92,980987,52262.070044,891638,0.61667456391806585,0.53382905188905772,0.64738378427897048,0.082845512029008139,0.033277534409110548,0.01459354834304909,0.013316853527421795,184,1
20230112,184,92,690048,23589.286678000004,1257013,92,687993,35103.267176999994,913002,0.60446276500953844,0.53618233333624699,0.6309615371322318,0.068280431673291453,-0.0099991415355801996,0.023960396483774807,-0.015758691223574928,184,1
20230113,184,92,1283698,36248.07918499998,1282726,92,1168857,70654.311313000013,863013,0.62553564387495231,0.55792621272747511,0.58978887926257573,0.067609431147477195,0.020455635701460525,-0.054752344463648489,0.034885473141890722,184,1
20230116,192,96,1895932,52035.762638,1322943,96,2446115,170597.78726999997,882266,0.6362058701942952,0.55583709698315475,0.5484740902109505,0.080368773211140443,0.026216043020878974,-0.060441731468703255,0.03998156346135294,184,1
20230117,200,100,964959,29001.694267999999,1288065,100,1041747,58213.177737999998,939577,0.61918731708340469,0.53497164286808441,0.51353134839440084,0.08421567421532028,-0.027856075431821326,0.035595840710171307,-0.030952621724290079,192,1
20230118,200,100,991121,35417.218315000006,1272164,100,1035471,52947.948845000006,956515,0.60701447120322538,0.53893030175931322,0.46831688188384241,0.068084169443912157,-0.012344873899997283,0.018027261203711883,-0.014741596719760178,200,1
20230119,200,100,1207870,42342.149860999998,1190278,100,1252803,61519.977733,946147,0.61267802709666075,0.51936549526645692,0.40476777794680363,0.093312531830203826,-0.064367487210768418,-0.010839349095414081,-0.032089861303489647,200,1
20230120,200,100,1009891,31578.372796999996,1169021,100,1263311,65561.057396000004,927953,0.64537623809510469,0.51208152898670212,0.34058696006722067,0.13329470910840258,-0.017858853141871057,-0.019229570035100254,-0.0014337035000058509,200,1
20230130,200,100,1071403,34346.978618000001,1225547,100,1424086,76629.616313000006,951951,0.557544656333259,0.57513027088388369,0.69982153829762417,-0.017585614550624684,0.048353280223366386,0.025861223574900883,0.015511875683723308,200,1
20230131,168,84,964963,42558.746464000011,890657,84,916143,47245.103162999992,889224,0.44509563400118124,0.58545474247941798,0.60596129741257987,-0.14035910847823674,0.082987937316581578,0.1436723919034692,-0.02727670442526979,150,0.73166129199659424
20230201,170,85,1212057,54988.653346999999,939747,85,1151748,56287.491351999997,965552,0.43666508973211399,0.58428981004708069,0.61684596485905885,-0.14762472031496671,0.054419378054627092,0.085664579453546011,-0.015566209201626401,168,1
20230202,170,85,825135,38186.688424000007,985361,85,889629,42998.849495000002,998083,0.43974131038588654,0.58883742992101085,0.61734992265977762,-0.14909611953512431,0.048538596026377313,0.033691608530664323,0.0068666387795301423,170,1
20230203,170,85,1287346,65451.243176999997,974185,85,1176547,49318.29316999999,1091621,0.4103322194253971,0.57348598369471304,0.62462399663860013,-0.16315376426931594,-0.011342036065969731,0.093717656747985892,-0.052794028971828798,170,1
20230206,170,85,1297521,69619.108872000012,971400,85,1161871,44613.001183999993,1213045,0.37535113391277775,0.55936103292145578,0.62318071638333761,-0.18400989900867804,-0.0028587999199330724,0.11123274469802248,-0.060126168672179285,170,1
20230207,172,86,895084,40897.604016000005,1004180,86,861851,36593.177253000002,1209568,0.38965031447644405,0.55703323840698693,0.61787927081131189,-0.16738292393054288,0.033225241918879968,-0.0029545482649036103,0.01641561128799306,170,1
20230208,172,86,781346,34904.124929000005,1033001,86,734042,31466.966505,1221744,0.39596209669830101,0.55650466315903979,0.61266795136478847,-0.16054256646073878,0.028701029695871259,0.010066403873118336,0.0075189226596703868,172,1
20230209,172,86,1093236,42255.165020999993,1036363,86,1090559,49816.376296000009,1200349,0.40349428654925329,0.55473817532259906,0.60429550161129375,-0.15124388877334577,0.0032545951068779218,-0.017511851910056445,0.010979955604735791,172,1
20230210,172,86,725560,30551.566352000002,1030073,86,767227,30724.446109,1245928,0.39058002738185071,0.54525365988398855,0.59915483341176035,-0.15467363250213784,-0.0060693019723784044,0.037971456634695408,-0.023189842948041588,172,1
20230213,172,86,1053199,39773.904963000008,1082613,86,1051515,41392.536181999996,1210682,0.42113647721407649,0.5440299936250923,0.58548638531021957,-0.12289351641101581,0.051006093742870649,-0.028288954096865951,0.038570281823250514,172,1
20230214,172,86,686176,22648.716337000002,1095323,86,677246,25462.930745999995,1210897,0.41910184402310691,0.54858598177918849,0.56874149040421118,-0.12948413775608159,0.011740113965008734,0.00017758585656679459,0.0054484922349719508,172,1
20230215,172,86,969687,38235.978359000001,1096115,86,997486,35394.228782999999,1259662,0.4149731741659573,0.52881521649349872,0.55802862495049399,-0.11384204232754142,0.00072307438079908853,0.040271798509699835,-0.020801571402554831,172,1
20230216,172,86,1627771,55645.43389,1090518,86,1707716,62975.829049000007,1222771,0.42191908983569815,0.52469630612378626,0.51842030978403475,-0.10277721628808811,-0.0051062160448493085,-0.029286427628998891,0.013283939863577919,172,1
20230217,172,86,1388583,52229.364027000003,1061073,86,1261495,41396.265603000007,1260761,0.39400088324435595,0.51602316505686985,0.48372622676728827,-0.1220222818125139,-0.027000929833345254,0.031068777391678411,-0.029151135028956606,172,1
20230220,174,87,1734714,59426.696743999993,1124569,87,1769307,66057.722823000004,1126856,0.48575494250562301,0.61341384889710737,0.8923917074741553,-0.12765890639148436,0.058824416416212645,-0.10623900961403469,0.084570645446659834,172,1
20230221,174,87,1167717,38072.92483299999,1179766,87,1304736,58310.102188000004,1129575,0.49918111591412656,0.60412275721540842,0.88864442280286882,-0.10494164130128186,0.049082804167641117,0.00241290812668167,0.023308793319786358,174,1
20230222,174,87,1151886,43119.315654999999,1121345,87,1196907,50618.814807000002,1182664,0.47226859326519482,0.59945198559548729,0.88658594649586875,-0.12718339233029247,-0.049519141931535574,0.046999092579067349,-0.048286502513054587,174,1
20230223,166,83,915399,37569.274538999998,872153,83,961674,45382.088241999998,875061,0.48192873655504642,0.58152191883187732,0.82690500419525026,-0.099593182276830894,0.037281772104373945,0.10795632188066034,-0.032992209217789961,148,0.69431629824362662
20230224,168,84,1261104,55660.391891000007,888339,84,1088019,44417.616151000002,1005938,0.44387893982577536,0.58348662674181473,0.82035045560918496,-0.13960768691603936,0.014844872401975342,0.14931187654346384,-0.067370110358547952,166,1
20230227,168,84,831342,35723.800402000001,920647,84,748424,32090.582952000008,1049424,0.44231488780020556,0.57670742122165441,0.81396457285042012,-0.13439253342144886,0.036368998771865245,0.043229304390529036,-0.0059009321234434033,168,1
20230228,168,84,994208,43963.637535000002,937494,84,950768,37500.464671000002,1100367,0.4338244442758516,0.57071618200268559,0.80850705715453608,-0.136891737726834,0.018299087489558972,0.04854377258381741,-0.017306990458719508,168,1
20230301,168,84,1224469,41673.180821999995,1012502,84,1406519,65804.791821000006,1036855,0.47420219372372913,0.57421968130995715,0.80147285221657327,-0.10001748758622803,0.080009045391223832,-0.057718924686036566,0.06797323271803131,168,1
20230302,168,84,615611,23086.422012999999,1051647,84,681543,31747.887383000001,1058030,0.47970585047438602,0.5737578450641373,0.80030876764547365,-0.094051994589751275,0.038661652026366365,0.020422334849135124,0.0087686040060370157,168,1
20230303,168,84,730637,26874.661959000001,1064866,84,835571,37584.383583999996,1084979,0.47616767741249066,0.56992170335612335,0.79569364303007895,-0.093754025943632691,0.01256980716913565,0.025470922374601853,-0.0065081052691952374,168,1
20230306,168,84,965554,40500.128517000005,1025017,84,1010538,37208.853571000007,1170648,0.43873252066856816,0.57081304380397901,0.78721936178788654,-0.13208052313541085,-0.037421609855136706,0.078959131927899065,-0.058384674243957123,168,1
20230307,168,84,1272782,55335.853035999993,980463,84,1372698,49112.198288999993,1195831,0.41959212262811352,0.5541521225424928,0.77015881126355168,-0.13455999991437928,-0.043466596163770944,0.021512017275901893,-0.031761220404752093,168,1
20230308,170,85,965254,46338.810399000002,962237,85,933637,28384.626166000002,1310196,0.3861247477724854,0.54105579348954147,0.7591550553965728,-0.15493104571705607,-0.020984983625083251,0.095443252432827044,-0.061898346455028591,168,1
20230309,170,85,960204,43459.842625999991,955195,85,1059493,32584.887446999997,1410762,0.36246186540043152,0.52978550188103624,0.75339577177438133,-0.16732363648060472,-0.0073183633553895767,0.076756454759440568,-0.047353651350776897,170,1
20230310,170,85,1371623,66800.133332999991,986079,85,1317824,39144.571531999994,1516657,0.34546864502168279,0.52701995743052565,0.73268295177757459,-0.18155131240884287,0.03233266505792011,0.075062271311532355,-0.031704295555667325,170,1
20230313,174,87,1060520,43023.683403000017,1006206,87,1113768,35602.754654000011,1468940,0.35724465692264706,0.53063496057350723,0.71579009884669431,-0.17339030365086017,0.013596273726547264,-0.031666355675673538,0.02454673605206462,170,1
20230314,174,87,1243142,52638.447897999999,1012283,87,1199152,38003.790110000002,1494930,0.35280745637064925,0.51942853937304234,0.69427128847848185,-0.16662108300239309,0.0060395187466582394,0.017693030348414504,-0.0080451819811841411,174,1
20230315,174,87,976223,37828.465557000003,1022860,87,1049405,34392.325674999993,1454595,0.35996488410915928,0.52157716718065827,0.67265883739563381,-0.161612283071499,0.010448659120028687,-0.026981196443980653,0.020306212515649846,174,1
20230316,174,87,1258670,55113.735621,1018810,87,1144029,35799.170513000005,1488959,0.35149738027392224,0.508287866800469,0.65071782927374888,-0.15679048652654676,-0.0039594861466867408,0.023624445292332229,-0.015505427949246304,174,1
20230317,174,87,1613909,63335.113961999989,1026927,87,1777306,56582.534114000009,1424933,0.35361995276199282,0.51384944676365252,0.59298410186552253,-0.1602294940016597,0.0079671381317419337,-0.043000512438556064,0.028767801181049768,174,1
20230320,174,87,1024357,45038.24027799999,976995,87,955703,26766.932557999997,1444571,0.32559113476108814,0.49870865089136601,0.55022039457111638,-0.17311751613027787,-0.048622735598538164,0.013781700613291993,-0.028374377003580954,174,1
20230321,178,89,1160364,49295.776713999992,982717,89,1106363,35914.125310000003,1384416,0.3269459653482078,0.50116903923499279,0.49372510965797023,-0.17422307388678498,-0.005766662060706554,-0.042105234010650916,0.022791036874485353,174,1
20230322,178,89,968889,35571.612676999997,968174,89,979562,33938.128921000003,1352825,0.30655259587924844,0.49917372738256949,0.42589807233867832,-0.19262113150332105,-0.014798767091644899,-0.022819008159397174,0.0072019611910272893,178,1
20230323,130,65,658716,25922.102164000004,769464,65,692649,32626.783267000006,733913,,0.51182371421140538,0,,0.14116792754651625,0.087735597426222681,0.026527028345428482,112,0.57410192766132173
20230324,130,65,486618,21375.957544999997,801755,65,553997,26698.998711,824959,,0.49286783048526045,0,,0.041965576037345478,0.12405557606964313,-0.039082013360587531,130,1
20230327,130,65,640893,30463.496706999998,846925,65,658826,28054.527285,924269,0.45099481434254246,0.54251705855057475,0.70311778382266421,-0.091522244208032288,0.056338906523813383,0.12038174018345155,-0.033281818438889686,130,1
20230328,130,65,459318,21789.544944000001,858404,65,540945,23188.130604000002,951469,0.44844568768819282,0.53545558378939462,0.70297694921135345,-0.0870098961012018,0.01355373852466275,0.02942866200207948,-0.0088759334098918591,130,1
20230329,130,65,472308,21321.526275,877120,65,571315,24477.593737999996,986839,0.44362417234723545,0.53424113772055337,0.70265923231144034,-0.090616965373317926,0.021803253479713514,0.037174096055678112,-0.0092017506200711315,130,1
20230330,130,65,836695,35121.131846999997,904246,65,949525,42189.233066999994,963061,0.46094566576329626,0.53603825122468451,0.68964021449070778,-0.07509258546138825,0.030926213060926667,-0.024095115819297779,0.027309613569826374,130,1
20230331,130,65,643415,23457.667528000002,898783,65,766766,34586.037811000002,989013,0.44856101337391951,0.53559411691837944,0.6835600880603625,-0.087033103544459922,-0.0060414975570807061,0.02694741039248812,-0.016823693158114869,130,1
20230403,130,65,647178,25315.181955000007,937584,65,833750,36189.006394000004,1030920,0.44866264786623594,0.53685881584132089,0.68672098202492859,-0.088196167975084949,0.043170598464812977,0.042372547175820743,-0.0016453048952323238,130,1
20230404,130,65,576113,22813.313020000001,968218,65,703342,31117.820001000004,1060132,0.4514970774271585,0.53380308004377186,0.68598170927108237,-0.082306002616613361,0.03267333913548013,0.028335855352500678,0.00072237597688396872,130,1
20230406,132,66,447803,18628.444401999997,975186,66,488632,21524.112284000003,1126893,0.43549699175107387,0.52666721609709044,0.68829715724290097,-0.091170224346016571,0.0066906419835202399,0.061326325400987799,-0.028858924741785193,130,1
20230407,132,66,654491,22125.614285,1022969,66,809751,35126.558944000004,1069736,0.46997861850824335,0.52815924948003479,0.67605085284356847,-0.058180630971791436,0.048998857653821941,-0.050720875895049485,0.049922005785700725,132,1
20230410,132,66,561380,21057.959712,1051739,66,644245,26830.119232000001,1067754,0.47869503478160419,0.53178083875291704,0.66983755077275553,-0.05308580397131285,0.028124019398437294,-0.0018527935864549759,0.014694856656814984,132,1
20230411,132,66,684351,25005.180726999999,1060079,66,732437,28620.160628999998,1114381,0.46759351995593168,0.52639094764161953,0.66120692033884276,-0.058797427685687853,0.007929724009473834,0.043668298128595164,-0.018064225737004086,132,1
20230412,132,66,540391,20097.159965999996,1057403,66,668741,22846.216649999998,1171751,0.45116305495906156,0.51844259361215561,0.65533875183141233,-0.067279538653094051,-0.0025243401671007537,0.051481495108046532,-0.027614212264194329,132,1
20230413,132,66,697942,25189.502973000002,1080969,66,839351,28320.722177999996,1156363,0.46586392714253139,0.51400469748285116,0.64090756311535346,-0.048140770340319772,0.022286677832387462,-0.013132482925126584,0.017474790884793066,132,1
20230414,132,66,797602,26046.8698,1097073,66,940135,34666.103360000001,1153755,0.47204197564820005,0.51357065928009771,0.62997483592704551,-0.041528683631897656,0.01489774452366349,-0.0022553471530998483,0.0083635329937622131,132,1
20230417,132,66,1368408,37858.722644000001,1220338,66,1543098,61220.353573,1078659,0.5281076347447673,0.53486346347259606,0.59951839867559631,-0.006755828727828761,0.11235806550703555,-0.065088341979016348,0.088128013335536964,132,1
20230418,134,67,1150519,31243.627186999998,1231679,67,1286121,53726.543689999999,1061592,0.53335633761750456,0.54220575538674631,0.57877546962395632,-0.0088494177692417519,0.0088319793368722439,-0.024303324776412193,0.016090930088208031,132,1
20230419,134,67,904670,28191.340424000002,1182060,67,1015534,37032.983424999991,1111854,0.50857718305461486,0.52400461592614522,0.56405689140918103,-0.015427432871530367,-0.040285658844552839,0.047345872990753511,-0.043553945434272705,134,1
20230420,134,67,1094799,39255.838595999994,1140549,67,1154268,39660.040682000006,1214207,0.46229757359166318,0.51118997739417515,0.5487608907249838,-0.048892403802511974,-0.035117506725546928,0.092056151257269389,-0.062715515926054774,134,1
20230421,134,67,1585646,55856.254697000004,1083570,67,1597600,47089.484067999998,1298634,0.42073026890799087,0.48827398744240835,0.49469734749836708,-0.067543718534417485,-0.049957520457253483,0.069532624997220405,-0.060051232484384792,134,1
20230424,134,67,1644708,66596.443486999997,1025037,67,1494332,37774.931588000007,1412314,0.38407997650115094,0.52156195631161806,0.7347017315109724,-0.13748197981046711,-0.054018660538774604,0.08753813622621924,-0.072291457826449787,134,1
20230425,136,68,1684023,66506.091258999993,1046908,68,1627329,45860.586457999991,1485527,0.37881069718855942,0.51154114825068231,0.73940377541773039,-0.13273045106212289,0.013034651432094646,0.050801025834198342,-0.023954695076745205,134,1
20230426,136,68,898033,38857.705782999998,994469,68,975846,29832.932853000002,1471586,0.36294149896909295,0.50870066799669889,0.72336829470551145,-0.14575916902760594,-0.050089406136928936,-0.0093845483791274078,-0.015201969645815194,136,1
20230427,128,64,832445,33098.902680999992,825689,64,997854,41180.676627000001,939775,0.43946543034992541,0.50991775383271098,0.59938746980963642,-0.070452323482785573,0.077327861832339834,0.0088138804052443134,0.0300303573279628,110,0.68458529919243483
20230428,130,65,823587,27925.861459,881645,65,975309,43361.679305000005,939244,0.46302628874220586,0.51606880770575814,0.60112121057351653,-0.053042518963552276,0.067594457477331046,-0.0013854380037774999,0.032350702138361359,128,1
20230504,132,66,861639,30406.452889000007,972024,66,938373,42334.747951999998,957129,0.49459303347648109,0.51893114869252355,0.6192199374544165,-0.024338115216042455,0.10242104248308559,0.018378610882795098,0.040110627281509194,130,1
20230505,132,66,842982,31254.958088999996,1005233,66,867587,39003.856604000008,995912,0.49222374180756023,0.51874418854745485,0.61896664159768533,-0.026520446739894621,0.034164794284914778,0.040520138873652349,-0.002889350922399623,132,1
20230508,132,66,1122087,36171.965334,1092890,66,1245274,57106.917541999996,954774,0.53845231249225567,0.52617931824982633,0.61484110674407522,0.012272994242429336,0.087200678847590557,-0.04130686245371077,0.064360653525856446,132,1
20230509,132,66,1586273,56912.418115999993,1160488,66,1880180,81982.246136000002,1023740,0.53450877255757923,0.52620162985955865,0.61415566506793251,0.0083071426980205754,0.061852519466734986,0.072232800641827286,-0.00066807835660538054,132,1
20230510,132,66,1228412,50781.243682000008,1060827,66,1234684,42457.149735999999,1163678,0.45415480042345713,0.51140047443003289,0.60298358511219352,-0.057245674006575764,-0.085878526964518379,0.1366929103092582,-0.10969505015044217,132,1
20230511,132,66,699890,28540.717101999999,1061190,66,800622,27537.816940000001,1208315,0.44013414242778159,0.50900145575209987,0.60137254599571277,-0.06886731332431828,0.00034218586065399919,0.038358549358155782,-0.019902854792414493,132,1
20230512,132,66,1245191,52368.248944000006,1014539,66,1339170,41207.756284000003,1337674,0.38869655511945039,0.49346662764689897,0.59324261875944062,-0.10477007252744858,-0.04396102488715499,0.10705734845632141,-0.077554356566740326,132,1
20230515,132,66,1233693,45292.478500999998,1039347,66,1530608,55218.517262999994,1318759,0.40215059476763881,0.49290805242866925,0.57464210684337347,-0.090757457661030438,0.024452485315990809,-0.014140216525102528,0.018588027529819792,132,1
20230516,132,66,845764,29262.311704000003,1069027,66,1000074,38682.685022999991,1352614,0.40546095722267095,0.48906566739482271,0.56956501810136184,-0.083604710172151764,0.028556391657454151,0.025671862713353994,-0.0017704886888036415,132,1
20230517,132,66,1005796,37337.687668999999,1063800,66,1061725,35743.565890999998,1452157,0.37809054798249619,0.480930693286449,0.56504662043111231,-0.1028401453039528,-0.004889492968839889,0.07359305759070954,-0.043264051112448132,132,1
20230518,132,66,1277736,50461.854985999998,1075212,66,1361046,44890.449129000001,1411654,0.3952540389088286,0.47544441489500389,0.53732368370471106,-0.080190375986175289,0.010727580372250424,-0.027891612270574049,0.02063429541919834,132,1
20230519,132,66,1225095,45185.668600999998,1053979,66,1252831,36519.216916999998,1443858,0.37157427045535851,0.47261167565467116,0.50134896712635768,-0.10103740519931265,-0.019747733470236568,0.022812955582600269,-0.021487687716185755,132,1
20230522,132,66,1256497,41523.474203999998,1040617,66,1428465,49252.99300699999,1362969,0.3858349612052745,0.4699599098938459,0.44001670836824647,-0.084124948688571399,-0.01267767194602549,-0.056022822188885608,0.02703418998117171,132,1
20230523,132,66,1133951,45223.997443,990399,66,1191687,35735.751957000008,1425087,0.33883848091527963,0.45264857286777421,0.37455360950135913,-0.11381009195249459,-0.048257908529266771,0.045575504651976677,-0.046736834047127918,132,1
20230524,132,66,1526175,74657.521432999987,929262,66,1531707,45302.606667,1614681,0.20758384241713079,0.42744770718324393,0.28273668081399622,-0.21986386476611314,-0.061729666528338577,0.13304029859229646,-0.10380147100831882,132,1
20230525,126,63,1314014,71228.986842000013,835865,63,1261700,46236.930542000002,1257441,,0.39930378071815587,0,,0.047979752652079481,0.18079337776616386,-0.083004827703752504,108,0.71726331918600372
20230526,134,67,1090621,53530.475463999996,887240,67,1097758,39930.915556000007,1364984,,0.39393950157710778,0,,0.037228499817554273,0.08450654941265634,-0.035897284009122413,126,1
20230529,134,67,728433,36484.969116,916758,67,785433,27457.949468999996,1427942,0.37960191649958414,0.43975690572888859,0.81066106538149874,-0.060154989229304456,0.033269464857310312,0.046123617566213228,-0.014847546247620131,134,1
20230530,134,67,1218005,62920.289388000005,946405,67,1338311,43232.372711000004,1533930,0.36712662195964396,0.44244368256104999,0.80832024706340067,-0.075317060601406027,0.032338959681835339,0.074224303228002261,-0.032558962767091741,134,1
20230531,134,67,1160912,62163.454051000001,975817,67,1182454,39634.807722999991,1686948,0.34985403848610264,0.43530836676782331,0.8055859229034481,-0.085454328281720671,0.031077604196934717,0.0997555299133598,-0.04983439736971014,134,1
20230601,142,71,1000016,47891.100353000002,1004519,71,1146797,41461.688773999995,1705283,0.35557992842948233,0.43033622983186681,0.79776455991987605,-0.074756301402384484,0.014010823750764744,0.010061958044942702,-0.0012400643691801566,134,1
20230602,142,71,962750,39908.508064999995,1046094,71,1170470,46106.299470000005,1636627,0.378606344617122,0.4324496660343371,0.78954986373909175,-0.053843321417215095,0.041387967773630963,-0.040260766101579623,0.040678617847355637,142,1
20230605,142,71,542581,23637.516200999999,1035525,71,655378,24736.634484999999,1678806,0.36818759637935849,0.43125679474673373,0.78887873291798238,-0.063069198367375234,-0.010103298556343884,0.025771907710186864,-0.019662126624423487,142,1
20230606,142,71,1035072,40789.566382000012,1041035,71,1226013,45443.670344000006,1676662,0.36939576003269464,0.43244349277559957,0.78330660114059814,-0.063047732742904927,0.0053209724535863449,-0.0012770981280743577,0.0028198476899095946,142,1
20230607,142,71,897393,40400.238873000002,1042035,71,977409,34109.498234000006,1695719,0.36651537855962585,0.43019232038002242,0.77854840135381043,-0.063676941820396571,0.00096058249722631803,0.011366035611232318,-0.0066442285508649416,142,1
20230608,142,71,986506,41579.67575799999,1082715,71,1140405,42829.030363000013,1684281,0.37984937274493996,0.43024669356789164,0.7728684826432709,-0.050397320822951674,0.039038995811081202,-0.0067452213485842882,0.019036772478462274,142,1
20230609,142,71,624952,22759.614727999993,1108494,71,749101,29804.542287000004,1689632,0.3870711828834606,0.42593971568850814,0.76627178332927104,-0.03886853280504754,0.02380958978124437,0.0031770233114308123,0.0073827356454436504,142,1
20230612,142,71,854601,32723.908375000003,1127062,71,909982,35996.939963000004,1705306,0.39054779816693741,0.42075433496753295,0.75586858769764376,-0.03020653680059554,0.016750654491589492,0.0092765762012083103,0.0010342636464548058,142,1
20230613,142,71,724667,25935.287903999993,1148833,71,817818,29191.789523000007,1701271,0.39701771691130927,0.42161789184651938,0.75338092925731837,-0.024600174935210106,0.019316594827968648,-0.0023661442579806791,0.0091111042067979868,142,1
20230614,142,71,985300,34736.327953999993,1165264,71,1139781,43247.100873000003,1694332,0.40118382420794324,0.42570741892685471,0.74274967512893431,-0.024523594718911468,0.014302339852702699,-0.0040787152664096427,0.0081997007828486252,142,1
20230615,142,71,1283519,41620.882251999989,1203239,71,1347648,53370.388946999999,1572648,0.43257758936099139,0.43578652074983876,0.72467503180064607,-0.0032089313888473692,0.032589181507366574,-0.071818274104484839,0.055832712033448084,142,1
20230616,142,71,1207098,36028.547843,1218343,71,1474942,61709.132989000012,1460781,0.45231901367710176,0.46016737821051834,0.68971536965067681,-0.0078483645334165852,0.01255278460887654,-0.071132891785065697,0.045740694776120208,142,1
20230619,144,72,902812,30832.795104000004,1175962,72,1080342,35470.068458000002,1601161,0.41893699744226165,0.43243342282501268,0.66590136627005714,-0.013496425382751032,-0.035074687505899406,0.092762707072449602,-0.066528835544752682,142,1
20230620,144,72,807300,29668.224173999999,1162409,72,988820,30797.492998000002,1663805,0.40064994659841058,0.42987572987932404,0.63574909755595299,-0.029225783280913464,-0.011525032271450948,0.039124110567269624,-0.027437387540991162,144,1
20230621,144,72,995644,37349.532177999994,1101468,72,1126211,32098.228292,1672991,0.3824785998702227,0.41794277406386521,0.59045421107322182,-0.035464174193642506,-0.052426469512882296,0.0055210796938343137,-0.024813053788566613,144,1
20230626,144,72,1202106,52087.027625000002,1016357,72,1255342,30147.611538999998,1720106,0.35715883003222659,0.4323973465478696,0.81055143080684811,-0.075238516515643006,-0.077270515348607488,0.028162135958890396,-0.047658300230783733,144,1
20230627,144,72,954639,39693.975813999998,1028328,72,1040369,29041.015029999999,1669146,0.36452407775076034,0.44703707368197326,0.79767070970841614,-0.082512995931212918,0.01177834166537939,-0.029626081183368933,0.022997204785886013,144,1
20230628,144,72,948295,38960.923708999995,985746,72,1028711,30635.962015000001,1664323,0.3529161414236251,0.44441806775225884,0.79176617665426829,-0.091501926328633743,-0.041408966788806685,-0.0028895015774533803,-0.013997910637878253,144,1
20230629,100,50,705384,27115.087900000002,715792,50,761022,25464.349099999999,1085289,0.3752225091640965,0.44217830602245822,0.66842246406463679,-0.066955796858361727,0.068358682097717463,0.14186718471168785,-0.055172149639864949,82,0.6009643522489414
20230630,100,50,623883,23424.629199999999,756257,50,713147,26875.638299999999,1109349,0.38721607014777504,0.44228108145023731,0.67035429774561184,-0.055065011302462274,0.056531785770167868,0.022169210228796202,0.0091084187773898002,100,1
20230703,100,50,763695,25035.981199999998,848190,50,898572,37987.277500000004,1068162,0.43832870690840608,0.45135819422391965,0.6716777502254283,-0.013029487315513566,0.12156317230782657,-0.037127179994753678,0.07135483054835802,100,1
20230704,102,51,414726,13124.2876,867178,51,534928,22230.984400000001,1109633,0.43229143171627316,0.4518038850053267,0.67283518758242444,-0.019512453289053544,0.022303964913521733,0.036762213971289003,-0.010619134689242894,100,1
20230705,102,51,527882,19520.491299999998,864884,51,547101,20606.375200000002,1161551,0.41490684500370401,0.45155639627091376,0.67546898864261617,-0.036649551267209757,-0.0026453623131583136,0.046788442665277617,-0.02742396718755612,102,1
20230706,102,51,726107,26941.801600000003,867264,51,767451,25727.943100000004,1263178,0.38807116113952622,0.44699433040760833,0.6773669501446179,-0.05892316926808211,0.0027518141161126811,0.087492499253153763,-0.048976157636440351,102,1
20230707,102,51,671770,25109.1041,855183,51,670493,22067.169300000001,1350318,0.36064522305829516,0.44461972416621948,0.67722617219398218,-0.083974501107924315,-0.013930014390081912,0.068984735326296051,-0.046572964671180911,102,1
20230710,102,51,661911,21760.7523,900034,51,843848,30306.716799999998,1359207,0.37523413932028943,0.44611507758458258,0.67346954131940773,-0.070880938264293147,0.052446084639194188,0.0065828938072365175,0.016305592244120495,102,1
20230711,102,51,607329,18382.222699999998,946906,51,723382,27187.449100000002,1334568,0.39710895537306601,0.45088580374301046,0.66654101690398404,-0.053776848369944452,0.052078032607657046,-0.018127481686012505,0.031652665651871581,102,1
20230712,102,51,677146,21507.5762,987005,51,822078,32444.781299999995,1308915,0.41696775483551252,0.45451187595424436,0.65567310707690163,-0.037544121118731844,0.042347392455006093,-0.019221950473861205,0.028819964636897025,102,1
20230713,102,51,1028770,25843.640700000004,1052866,51,1183443,48925.447700000004,1175438,0.47255601132424446,0.47239413760400473,0.63280055145078951,0.00016187372023973579,0.066728132076331936,-0.10197530015318031,0.086822711592738425,102,1
20230714,102,51,545843,14810.788199999999,1092407,51,645039,25185.258599999997,1188084,0.48301406246394174,0.47231203719162768,0.62704785943027186,0.010702025272314064,0.037555586370915196,0.010758542772991856,0.012069717596880856,102,1
20230717,102,51,714245,22604.474799999996,1019501,51,745217,22744.0262,1290768,0.42792559500699212,0.46198648496601386,0.60760153904155745,-0.034060889959021734,-0.066738861980928349,0.08642823234720777,-0.076996576614422066,102,1
20230718,102,51,627288,19537.223499999996,1041806,51,694882,23364.645300000004,1356059,0.42029516681821361,0.45540791084164373,0.59623873737679145,-0.03511274402343012,0.021878350290975682,0.050583063726401645,-0.018606491278721222,102,1
20230719,102,51,738697,23423.068199999994,1082386,51,805290,26870.026400000002,1366797,0.43190773538862881,0.45602404079316555,0.58410539351285717,-0.024116305404536742,0.038951589835343622,0.0079185345180408824,0.01244523774274198,102,1
20230720,102,51,1055420,33128.6348,1074785,51,1199681,42806.436299999994,1395550,0.4186026124955432,0.4551717692897303,0.5495108962954417,-0.036569156794187097,-0.0070224485534735297,0.02103677429786574,-0.014843317138817312,102,1
20230721,102,51,1107908,35541.175799999997,1049622,51,1229990,41801.115099999988,1360573,0.42226673292819622,0.44837456837525635,0.49341526308037315,-0.026107835447060135,-0.023412124285322182,-0.025063236716706676,0.0039727405392386049,102,1
20230724,102,51,801100,27618.0952,1013641,51,944912,27340.588100000004,1383228,0.41314153793555569,0.44861720614682876,0.72486523043186757,-0.03547566821127307,-0.034279959833158985,0.016651072746556046,-0.02432832198224625,102,1
20230725,102,51,1542438,36932.715600000003,1107574,51,2186226,94448.757899999997,1078647,0.52562890317202937,0.46173981073175829,0.7024038283412336,0.063889092440271078,0.092668903487526655,-0.22019580286113352,0.16626440577269763,102,1
20230726,104,52,716930,20154.779700000003,1111438,52,1068961,40868.934600000001,988328,0.55938399731243249,0.46358438862740459,0.68612788282122861,0.095799608685027904,0.0032602787714410054,-0.094167044454766022,0.048112244827947404,102,1
20230727,98,49,802867,27709.476299999998,840234,49,934781,46524.489600000001,863426,0.51112032698712428,0.46644853374600143,0.59869868400972026,0.044671793241122859,0.11211124928614508,0.10667742159937532,0.00080758818246773247,80,0.72652381265340993
20230728,98,49,1613141,49818.103899999995,1008052,49,1825852,103339.27639999999,846923,0.58236161325729874,0.48035748085327579,0.61834849526273938,0.10200413240402295,0.19972769490403863,-0.019113392462121827,0.10819118838265851,98,1
20230731,108,54,1323205,46624.980100000001,1106222,54,1714286,98499.5098,976668,0.558606470351523,0.48076243736481128,0.646640965197394,0.07784403298671172,0.09333843889005726,0.055267125818994171,0.025489831399345006,98,1
20230801,108,54,864884,33263.097399999999,1117677,54,1014678,48851.018799999998,1052408,0.53289913678037992,0.48139850996743294,0.65319284728478377,0.051500626812946981,0.010355064354171224,0.077549382185143775,-0.030863367724651807,108,1
20230802,108,54,1162559,45649.2696,1049866,54,1308515,59743.485400000005,1195968,0.46377211503805554,0.47445287369025757,0.65353138299624991,-0.010680758652202027,-0.060671374645805541,0.13641097369081193,-0.097402175490821793,108,1
20230803,108,54,876563,34525.7713,1081967,54,1124661,55482.083099999989,1219234,0.46716607747538463,0.47585183438247181,0.65358871302419908,-0.0086857569070871721,0.030576283068505884,0.019453697757799541,0.0039339505947456489,108,1
20230804,108,54,1205940,46310.062199999993,1119198,54,1940074,97723.055500000017,1253041,0.46931109796751647,0.47652500368062028,0.65640898745868359,-0.0072139057131038187,0.03441047647479082,0.027728065326262225,0.0014879186998441249,108,1
20230807,108,54,648768,26035.811900000001,1101770,54,842094,34131.603900000002,1334229,0.44189340834637508,0.47181207022668753,0.65261438941477401,-0.029918661880312447,-0.015571864853225256,0.064792772143928257,-0.041570853526984419,108,1
20230808,108,54,776976,32916.119399999989,1123624,54,997986,45361.8753,1401628,0.43072704254149907,0.47137652875357794,0.64997948719573329,-0.040649486212078867,0.019835355836517604,0.050515316336251122,-0.018696641501084361,108,1
20230809,108,54,541028,20979.091500000006,1136663,54,712758,32122.161300000003,1466794,0.41901841725971167,0.4690521091268865,0.64865369391543626,-0.050033691867174823,0.011604415712017544,0.046493078049239883,-0.02064229629359763,108,1
20230810,108,54,768949,30843.509900000005,1148956,54,1083796,45745.253000000012,1523109,0.41073537800261584,0.46566826304465053,0.64952387011543511,-0.054932885042034696,0.010814990898797621,0.038393257676265377,-0.016909055920647047,108,1
20230811,108,54,1402056,57927.890600000006,1049361,54,1722690,57843.956500000008,1638717,0.35686442977564475,0.44861485560866604,0.63475353021750114,-0.091750425833021287,-0.086683040951959861,0.075902643868560951,-0.080538085712735283,108,1
20230814,108,54,1327987,59120.423299999995,1035682,54,1604618,49445.389799999997,1737933,0.33158799856834825,0.44149262782852594,0.61951460458643326,-0.10990462926017769,-0.013035552112190181,0.060544926305152139,-0.041998409272349983,108,1
20230815,110,55,1061213,44410.960399999996,1057335,55,1459183,44845.984699999994,1784677,0.33080776221782993,0.43450975463836505,0.60242110167022522,-0.10370199242053513,0.019969450082168078,0.026772608610343435,-0.0093188852814828308,108,1
20230816,110,55,866005,34649.7912,1065780,55,1036092,32849.828600000001,1861487,0.31611483563951437,0.43368049160290006,0.59195386003394979,-0.1175656559633857,0.0079870618110627189,0.043038600262120259,-0.024055141216856226,110,1
20230817,110,55,1135773,46491.142799999994,1094411,55,1374772,41619.401799999992,1909962,0.30961664102510061,0.43629923878016585,0.56855923016216692,-0.12668259775506524,0.026863893111148642,0.026041009150211632,-0.0067790194744790956,110,1
20230818,110,55,924549,37899.785900000003,1091134,55,1201000,36117.625899999999,1912078,0.30599730884764909,0.42830309182992771,0.53129749081982891,-0.12230578298227862,-0.0029943046990573013,0.0011078754446423541,-0.0017950500819971422,110,1
20230821,110,55,1203772,58027.59580000001,1038621,55,1498245,40155.335799999993,1959103,0.27336144406272839,0.4130341956601542,0.47657356047454669,-0.13967275159742581,-0.048126994484637087,0.024593661974040809,-0.033143847320801861,110,1
20230822,112,56,1347181,67066.583599999998,1010878,56,1642319,49445.030200000001,1932195,0.25078123247367989,0.40761161373845517,0.40894228583524772,-0.15683038126477528,-0.027536512356287807,-0.013820610759107612,-0.00050838569528081977,110,1
20230823,112,56,966584,54787.369900000005,925684,56,1130271,35902.662299999996,2001935,0.15999480153963774,0.39537718406022099,0.33641911737832009,-0.23538238252058324,-0.08427723226739528,0.036093665494424734,-0.052643614344598313,112,1
20230824,104,52,592232,28893.559799999999,827340,52,812997,36101.705800000003,1243926,,0.39943686614852947,0,,0.063542176580254753,0.04451527658589078,-0.0017918250363409501,86,0.66358088262167991
20230825,104,52,694896,34665.403999999995,859928,52,800002,38502.572899999999,1290038,,0.39997283677974443,0,,0.039388884859912487,0.037069729228265992,-0.0065293400268241746,104,1
20230828,104,52,1178131,59158.229000000007,930822,52,2227200,125276.08370000002,1357118,0.3796134047379221,0.52808884312295301,0.81663592576728405,-0.14847543838503091,0.082441785823929442,0.051998468262175225,0.0017739815420336879,104,1
20230829,106,53,858852,39223.758799999996,956221,53,997422,52235.07420000001,1403676,0.3800552219542116,0.51143273442309312,0.80863656337543544,-0.13137751246888152,0.027061027779747362,0.032313328686230672,-0.0081575565792809251,104,1
20230830,106,53,526072,23521.986999999997,960434,53,685610,29871.491399999999,1448008,0.37368213432136504,0.50391613966667026,0.80730073632663768,-0.13023400534530521,0.0044058852503762206,0.031582786910939561,-0.017000318234228019,106,1
20230831,106,53,546697,24003.374499999994,958938,53,679166,26045.092199999996,1492574,0.36305487276710352,0.50432495269102473,0.8010407454664713,-0.14127007992392121,-0.0015576291551527748,0.030777454268208462,-0.01912522701397833,106,1
20230901,106,53,532386,19603.8629,970405,53,629998,27497.6476,1460913,0.37195685080001406,0.50418132833735652,0.7945139220784776,-0.13222447753734246,0.011958020226542279,-0.021212348600471401,0.017592408277014349,106,1
20230904,106,53,830342,27344.348599999998,1006122,53,1072779,56024.996299999992,1372362,0.39891354457017725,0.51255760277286466,0.78796746162681774,-0.11364405820268741,0.0368062819132218,-0.060613465688921925,0.051111372514825296,106,1
20230905,108,54,506399,19757.764199999998,996895,54,572546,24762.910400000001,1415557,0.38759659138442443,0.50564500425713887,0.78286573162906459,-0.11804841287271445,-0.0091966978159706281,0.029237183775126387,-0.020759862164302974,106,1
20230906,108,54,503090,19533.066400000003,1006574,54,573272,23515.879300000004,1464642,0.38164207726749155,0.49719912440768221,0.77779603239862483,-0.11555704714019066,0.0097091469011280022,0.034675396328088519,-0.016334418259928072,108,1
20230907,108,54,692378,26888.550999999992,992971,54,822037,29225.364599999997,1512787,0.36975923732809612,0.48471217576196912,0.76932768447711231,-0.114952938433873,-0.013514157925795819,0.03287151399454611,-0.024986889045716765,108,1
20230908,108,54,626963,23780.602500000005,990871,54,633683,21298.052000000003,1579819,0.35758974695168588,0.47636753830666229,0.76544702006076193,-0.1187777913549764,-0.0021148653888180017,0.04431026972072076,-0.027589256424602856,108,1
20230911,108,54,629764,22490.475900000005,1027208,54,782525,29313.674699999996,1573427,0.36780238112717489,0.48080956644072131,0.75947412843401707,-0.11300718531354642,0.036671776649028986,-0.0040460331215158192,0.016621607428355813,108,1
20230912,108,54,328883,12084.093899999998,1043757,54,424852,13620.726400000001,1585516,0.37098602879237463,0.47567825122413088,0.75175343146185281,-0.10469222243175624,0.016110661131922648,0.0076832290281023527,0.0017149657679758981,108,1
20230913,108,54,844174,31797.6008,1041112,54,925189,29712.283599999999,1594221,0.37001620595357726,0.46527105220997145,0.73709698167176596,-0.095254846256394188,-0.002534114741266406,0.0054903261777238454,-0.0043167826239420551,108,1
20230914,108,54,735526,26435.439999999999,1064385,54,805344,29380.656500000005,1607354,0.37292024035745469,0.46681451039759109,0.72877627642520471,-0.093894270040136396,0.022353983048893876,0.0082378791898990167,0.0038477110862270535,108,1
20230915,108,54,974699,33227.669999999991,1056599,54,1093496,38128.833500000008,1662570,0.361004434961612,0.45772709854968124,0.71496034266351227,-0.096722663588069246,-0.0073150222898669187,0.034352109118464258,-0.023580896187838707,108,1
20230918,108,54,766667,26169.040899999996,1099609,54,800306,26257.600899999994,1608126,0.38016963622571293,0.46620753884613497,0.69862634268124468,-0.086037902620422047,0.040706076761382513,-0.032746891860192355,0.03583962600338559,108,1
20230919,108,54,603202,22008.944999999996,1104637,54,713329,23231.322700000004,1608667,0.37991510985067029,0.46501166143448902,0.68032000837355489,-0.085096551583818736,0.0045725344190525909,0.00033641642508111926,0.0016571045541753531,108,1
20230920,108,54,546847,18852.092000000004,1089860,54,622391,19441.615900000001,1630360,0.37117000530629884,0.4570637831168386,0.65676893780650092,-0.085893777810539751,-0.013377245194575232,0.013485078018011186,-0.013441177251056277,108,1
20230921,108,54,904353,33677.176899999999,1047378,54,955545,25869.177000000003,1680687,0.35082981300404714,0.43802455782871325,0.62042143424001994,-0.087194744824666104,-0.038979318444570865,0.030868642508403051,-0.034118196322356277,108,1
20230922,108,54,1399913,44014.024900000019,1123030,54,1627890,52055.469200000007,1512357,0.38841046057465228,0.47586128640114844,0.56862274876517183,-0.087450825826496159,0.072229892168825388,-0.10015547213728672,0.089434086064664881,108,1
20230925,108,54,689787,21142.041200000007,1049954,54,818944,22124.760599999998,1497665,0.39515472234861376,0.49013626730792459,0.82126252002359845,-0.094981544959310826,-0.06507038992725038,-0.0097146374830810456,-0.022153862032407386,108,1
20230926,108,54,636102,23152.449399999998,1009176,54,715498,19315.0952,1531235,0.37502412783033356,0.49431645312869749,0.81369313862993031,-0.11929232529836392,-0.038837891945742387,0.0224148925160166,-0.029183327648286499,108,1
20230927,108,54,850699,30030.002799999998,978820,54,1035925,32001.595000000001,1470714,0.37633204493732614,0.4940531897091362,0.80239465955565425,-0.11772114477181006,-0.030079986048023338,-0.039524305544217576,0.011874062897696476,108,1
20230928,94,47,535366,20251.547700000003,716949,47,663564,24536.645599999996,943323,0.40514064110570736,0.48752242913323601,0.67607416134223786,-0.082381788027528657,0.049820688663389026,0.16855350688972018,-0.068535209972699809,76,0.59501072448882109
20231009,94,47,756252,27744.543099999999,783755,47,1047711,30814.388899999994,1096348,0.39114355844252807,0.47252101957339981,0.68388593603648307,-0.081377461130871742,0.093180965452214867,0.16221909144587804,-0.051930647508360073,94,1
20231010,94,47,597926,22225.161299999996,814906,47,737017,22647.812900000001,1203396,0.37284276143940154,0.47043826446022463,0.68322877349375866,-0.097595503020823093,0.039745838942016318,0.097640530196616407,-0.040368533000585606,94,1
20231011,96,48,579654,20484.348300000001,837066,48,671360,20513.6728,1208443,0.37990364612006827,0.46886543065927316,0.67044584013074493,-0.088961784539204891,0.02548637511565751,0.0040427257527862817,0.0078798911163938789,94,1
20231012,96,48,704679,23295.574499999999,885080,48,870922,29691.116800000003,1176975,0.40333940592414969,0.47815585697223889,0.65404802490719205,-0.074816451048089205,0.057359873653929319,-0.026040119393301961,0.038856832211444682,96,1
20231013,96,48,576513,21379.944100000001,864260,48,658085,18750.034200000002,1266586,0.369424172865704,0.46953559116851673,0.63869655526490421,-0.10011141830281273,-0.023523297329055001,0.076136706387136516,-0.053553857680808704,96,1
20231016,96,48,676246,24805.4015,866488,48,863336,21519.4401,1358514,0.34502446332384051,0.46210165233928352,0.62069472297103556,-0.11707718901544301,0.0025779279383518847,0.072579359001283761,-0.042095956253994891,96,1
20231017,96,48,521747,17779.372000000003,901119,48,651192,19017.742600000001,1386205,0.35035519687063071,0.46236410617489415,0.61068348865311606,-0.11200890930426344,0.039967085522246128,0.020383301165832667,0.0031190983199116226,96,1
20231018,96,48,615606,21330.635299999998,915510,48,774322,19196.573100000001,1440237,0.34152995156323912,0.4550408970233924,0.58507641100678465,-0.11351094546015328,0.015970143787890391,0.038978361786315877,-0.017330732331755361,96,1
20231019,96,48,1589919,76875.130799999999,884815,48,1778053,38924.747199999998,1627569,0.290342318069442,0.42160049136188177,0.52887416891685346,-0.13125817329243977,-0.033527760483227927,0.13007025926982851,-0.092551110114965654,96,1
20231020,110,55,1242158,57736.492999999995,878798,55,1242019,29169.782599999995,1682405,0.27116507599633999,0.41268703995945305,0.4915690009733707,-0.14152196396311306,-0.038591117917304747,0.0316035756394967,-0.034064458299368251,96,1
20231023,110,55,1207317,58579.7811,883538,55,1472024,33516.675500000005,1770132,0.29418261251586447,0.44392399572643354,0.74110797499312275,-0.14974138321056907,0.0053937309825466146,0.052143806039568356,-0.032401570668158672,110,1
20231024,110,55,1184132,56375.652200000004,908311,55,1308145,34023.200700000001,1794349,0.29954309281483216,0.44024644636200944,0.74032397711883846,-0.14070335354717728,0.028038409213865165,0.013680900633399091,0.00020952115372295727,110,1
20231025,110,55,980891,45250.808400000002,908785,55,1282991,37291.366199999997,1769431,0.30371581818200399,0.43599523969363158,0.73080513296911076,-0.13227942151162758,0.00052184769313594131,-0.013886930580394337,0.0093951884439774144,110,1
20231026,102,51,595327,26069.897599999993,810790,51,747856,26497.458499999997,1205218,0.38416019189487388,0.43156559295288044,0.61996331363764434,-0.047405401058006558,0.096234434581462816,0.10546223243546195,-0.023970852145831414,84,0.68077257398208357
20231027,102,51,887794,34210.254000000001,855261,51,1047280,39977.751600000003,1163806,0.41487106755005865,0.43699921583608964,0.60588133033723002,-0.022128148286030991,0.054848974457011063,-0.03436058870677338,0.042600525394740497,102,1
20231030,104,52,549422,22135.9931,892150,52,701685,25553.328100000002,1228060,0.4116028070933922,0.43519977694806772,0.61092533286797057,-0.02359696985467552,0.042958816080705189,0.054410271127662169,-0.013165486831293861,102,1
20231031,104,52,457847,19449.954600000001,914389,52,537984,20135.990599999997,1283714,0.40493152833143348,0.43365633456625269,0.61501804055587928,-0.028724806234819211,0.024927422518634758,0.04531863264009902,-0.015760231297843139,104,1
20231101,104,52,499870,18837.037499999999,916735,52,670486,25892.473600000001,1290522,0.40446601482112715,0.43249322249278993,0.61245881200059626,-0.028027207671662779,0.0025656476619906844,0.0053033619638019058,-0.0020299321733330969,104,1
20231102,104,52,501213,17450.512700000003,932011,52,567153,20722.175799999994,1279414,0.41156638234473591,0.4368806134842883,0.60945679821834342,-0.02531423113955239,0.016663485085657251,-0.0086073697310080719,0.011953297690300676,104,1
20231103,104,52,520330,16695.1492,945264,52,673344,25637.154299999998,1264096,0.42046144414148517,0.43910279117920636,0.60390610855632398,-0.01864134703772119,0.014219789251414415,-0.011972668737406343,0.012919723707564126,104,1
20231106,104,52,618942,19188.276699999995,983838,52,884631,32643.757900000001,1241424,0.43965708072878629,0.44577187851117334,0.59684028217800866,-0.0061147977823870492,0.040807647387396534,-0.01793534668253044,0.027721150016294313,104,1
20231107,106,53,484583,17413.1757,1002609,53,570659,19808.516,1289875,0.43296798386878699,0.44382793860669439,0.59685432919051995,-0.010859954737907407,0.018968570028805556,0.038272983283712897,-0.012965214882562144,104,1
20231108,106,53,617788,23158.244099999996,1006726,53,697044,21854.319799999997,1350662,0.41834664885737527,0.43994997278612208,0.59706123896448104,-0.021603323928746809,0.0041062866980049054,0.047126271925574184,-0.024719910804175734,106,1
20231109,106,53,553625,19308.550800000005,1035773,53,601791,18970.797400000003,1375589,0.42343121219741481,0.43864759056995817,0.59863222527351767,-0.01521637837254336,0.028852935158126442,0.018455394465824906,0.0017476970273879395,106,1
20231110,106,53,653235,25030.032299999995,989150,53,737535,19549.2091,1455899,0.38593200840641384,0.43172254116662578,0.59336111464432817,-0.045790532760211944,-0.045012758587064924,0.058382263888414346,-0.052639545617787789,106,1
20231113,106,53,597429,23277.181099999994,975163,53,706914,18764.331200000004,1497179,0.37025105825999777,0.42794844124931708,0.58095522383230147,-0.057697382989319312,-0.014140423596016782,0.028353615188965717,-0.022603636982326324,106,1
20231114,106,53,588164,21948.331199999997,990219,53,684809,19699.394800000002,1528597,0.36633045915217438,0.42899022136076626,0.57232048708599592,-0.062659762208591874,0.015439470119354405,0.02098479874483946,-0.0066180164394731801,106,1
20231115,106,53,671372,22589.509299999998,1025527,53,938473,28875.577500000003,1486995,0.38528583942444389,0.43662427150999034,0.55431952436635379,-0.051338432085546448,0.03565675875740619,-0.027215806389780956,0.030534187491265737,106,1
20231116,106,53,710808,25849.2955,989535,53,949753,23949.039000000001,1495473,0.37125989616119143,0.42842250228603679,0.52867717126061564,-0.057162606124845361,-0.035096101809118631,0.00570143141032754,-0.017699347508200923,106,1
20231117,106,53,872683,34291.238899999997,940827,53,983896,23718.989000000001,1499223,0.35068741695201633,0.41948486866349022,0.49286612979242228,-0.068797451711473889,-0.049223119950279677,0.0025075678397403363,-0.021109791195843233,106,1
20231120,106,53,823803,32040.537100000001,953761,53,973413,26931.955800000003,1504533,0.34600355078071654,0.42187619490214301,0.44679358937539609,-0.075872644121426469,0.013747479611023067,0.0035418346703592462,0.0031245261367594925,106,1
20231121,106,53,928602,31999.140299999999,955415,53,1238049,37998.024099999995,1435016,0.34639344685464513,0.43360313936189948,0.38894743249229952,-0.087209692507254355,0.0017341870762172076,-0.046205035050743318,0.028951378476292908,106,1
20231122,106,53,713971,32756.058399999998,900244,53,827738,23908.5455,1513523,0.29071222524183138,0.41483688244782613,0.33735940544385601,-0.12412465720599475,-0.057745586996226769,0.054708100815600659,-0.055922132870599488,106,1
20231123,100,50,569999,23067.5916,709485,50,707855,25689.961299999995,1018211,,0.41065384187958992,0,,0.047093132785242235,0.066263509073716934,-0.019238993160191564,82,0.66264059455614399
20231124,102,51,413788,17659.211400000004,730806,51,508748,17921.317899999998,1078876,,0.40383117033821414,0,,0.029952712178552048,0.057334874598683375,-0.021489891740213558,100,1
20231127,174,87,789544,36405.295574000003,770906,87,888432,28072.141523999999,1193123,0.38356381159486874,0.42785111867618486,0.79793933796293237,-0.044287307081316118,-0.051266683634233985,-0.0020753080057393063,-0.019465850906402342,102,1
20231128,182,91,452269,20396.803777000001,810428,91,513820,17854.172707000002,1246111,0.38487083923003818,0.42977850016016322,0.79507074750345119,-0.044907660930125048,0.045379073453832242,0.044127889580537802,-0.0089952846928431293,174,1
20231129,182,91,567124,25120.539951000002,830944,91,691253,21393.731316999998,1321617,0.37486678801139256,0.4275410785124239,0.78815141591806226,-0.05267429050103134,0.025315018730843457,0.060593317930746141,-0.026739099039697279,182,1
20231130,182,91,451828,18500.308797000002,850913,91,593234,19355.931495999997,1347765,0.3759619363324711,0.42783687867541864,0.78700200757000338,-0.051874942342947539,0.02403170370085108,0.019784854462374501,-0.0028705342148259679,182,1
20231201,182,91,851268,37019.564337999996,857606,91,955235,30266.060611999997,1439942,0.3585492947338485,0.42470152873617173,0.77747059038592448,-0.066152234002323229,0.0078656689931873181,0.068392486820773646,-0.038879726817660429,182,1
20231204,182,91,521263,23112.952933999997,879454,91,638032,19875.881824,1512521,0.35245838585030148,0.42071130021086123,0.77714984479352833,-0.068252914360559747,0.025475568034738563,0.050404113499015933,-0.02208049625078562,182,1
20231205,190,95,1106455,57068.828353000012,882418,95,1207177,31292.187551999996,1598408,0.33759807165138483,0.41546047040786949,0.76757499316759825,-0.077862398756484652,-0.013607306351440781,0.056189633069557383,-0.040533450391412956,182,1
20231206,198,99,992716,47028.747096000006,910475,99,998053,27706.133953999997,1639729,0.34024568017202589,0.40911183659802447,0.75641478093517223,-0.068866156425998581,0.019765009326645648,0.02544782058147857,-0.0093658321865378712,190,1
20231207,198,99,989355,44949.841800000002,928376,99,958778,25181.612800000003,1677015,0.3385485742917474,0.40986973477377947,0.75070114236212526,-0.071321160482032075,0.01966116587495538,0.022739123355139782,-0.0076013526760996377,198,1
20231208,198,99,595253,24327.266800000001,957303,99,643415,19214.197100000001,1690174,0.34589689158453374,0.40800505846987267,0.74731527412702736,-0.062108166885338933,0.031158711556524513,0.0078466799641028848,0.00605206665717353,198,1
20231211,198,99,1150721,52695.326154999995,988962,99,1450997,41627.436464000006,1708864,0.35257309692872429,0.40488487047062571,0.73229185277330711,-0.052311773541901418,0.033071033935963848,0.011058033078251116,0.004898626125930461,198,1
20231212,198,99,564673,21311.331974000001,1021267,99,755191,24440.905581000003,1712950,0.35757969247653976,0.41611678792886847,0.72779958576806447,-0.058537095452328713,0.032665562478639221,0.0023910621325044005,0.010459903640931625,198,1
20231213,198,99,828285,35128.235325999995,979405,99,982357,25557.637487000004,1836222,0.33080209577777525,0.39148754289992083,0.71914106520501475,-0.060685447122145575,-0.040990260137652543,0.071964739192620919,-0.060395352673178464,198,1
20231214,198,99,982501,43231.395528000008,982310,99,932685,24934.221541999999,1851214,0.32864133344668106,0.39080187101208613,0.70989658107713227,-0.062160537565405072,0.0029660865525497622,0.008164590120366709,-0.0042928271393902675,198,1
20231215,198,99,1210574,50344.770269000001,994758,99,1278649,35637.426203999996,1888939,0.32382162447241503,0.39224146639876978,0.69105977500410065,-0.068419841926354752,0.012672170699677292,0.020378519177145376,-0.008920693807428489,198,1
20231218,198,99,886109,38266.185480000007,1031248,99,953298,27309.173716000001,1912506,0.32904067344933319,0.39509711794316882,0.67790209372114651,-0.066056444493835631,0.036682288556613769,0.012476316069497215,0.0044814000916185018,198,1
20231219,198,99,764585,30712.684082,1038892,99,888570,24688.227036,1942501,0.32175841560773788,0.40004464860856642,0.65894164237992103,-0.078286233000828542,0.0074123780118846294,0.015683610927233693,-0.0075926860736325111,198,1
20231220,198,99,717868,31248.159703000001,1035777,99,864198,25222.067484000003,1962012,0.31742121353739688,0.39582363565270823,0.64168925831671275,-0.078402422115311343,-0.0029983867427990588,0.010044267673478675,-0.0075890699414669586,198,1
20231221,206,103,1109523,46123.997195000011,1082669,103,1193426,36576.588317999995,1889775,0.3285086222917516,0.41928573687715254,0.60643531047178689,-0.090777114585400942,0.039717043340410145,-0.037175613604809754,0.038053712252596829,198,1
20231222,206,103,1069835,44669.746432000014,1071240,103,1416014,43979.057734999995,1830658,0.32918456434012966,0.42267141274961673,0.57248600743375544,-0.093486848409487067,-0.010556319613843197,-0.03128256009313278,0.016043363642847433,206,1
20231225,206,103,583722,27063.237948000002,1030387,103,688707,19034.415437000007,1828024,0.3465608082965051,0.4155081196521932,0.79818437586477242,-0.068947311355688101,-0.038136178634106267,-0.0014388269136015575,-0.013170345753020955,206,1
20231226,206,103,730201,34395.106879999999,982829,103,832011,20398.330356999999,1853373,0.3252896268458087,0.42433115385310949,0.78554101576686008,-0.099041527007300789,-0.046155473623017369,0.013866885773928569,-0.025506129104596924,206,1
20231227,206,103,946177,47925.679125999995,935932,103,1138007,30708.273759,1833154,0.31213134489314676,0.42533559699274742,0.77154772368933289,-0.11320425209960067,-0.047716337226516518,-0.010909298883710943,-0.0094062411633586036,206,1
20231228,168,84,983660,34007.623102000005,800048,84,1252486,52812.983378000004,936500,0.47710223425863235,0.43434731862952008,0.61664002377129801,0.042754915629112267,0.12433961694548309,-0.021392707850998952,0.065248291231372879,150,0.58968952210223879
20231229,170,85,578937,22253.051447000002,815659,85,781251,31382.649168,979694,0.46485955789565292,0.43751742468563337,0.61441287590796911,0.027342133210019548,0.019191348519088856,0.044336358782701549,-0.015068400067259874,168,1
20240102,170,85,499468,19322.361763000001,824142,85,664449,22317.479202999999,1101636,0.42578756649102945,0.43150138677249256,0.62106120227772876,-0.0057138202814631112,0.010400179486770819,0.12446947720410659,-0.063195928600113735,170,1
20240103,170,85,499107,19689.033606000001,836719,85,640823,21430.904580999995,1170182,0.40999567407990239,0.42837233901890787,0.62315031982145608,-0.018376664939005471,0.015260719633267082,0.062222004364418014,-0.029063059189584677,170,1
20240104,170,85,807783,31084.822396000003,839124,85,935704,29676.582078999996,1282410,0.37972647669485149,0.42204000434226108,0.62658434887208969,-0.042313527647409588,0.0028743222037506022,0.095906448740452344,-0.054722679394748418,170,1
20240105,170,85,819150,31611.339820000001,849846,85,910580,30072.111281000009,1306060,0.37869979682006333,0.42002543509350121,0.62506157504084126,-0.041325638273437881,0.01277761093712014,0.018441839973175507,-0.0060937038953889026,170,1
20240108,170,85,1048104,43892.944681000008,842914,85,1001970,31565.063119999999,1394165,0.35786992629465736,0.40857303018179991,0.6268017356561838,-0.050703103887142553,-0.0081567719327972354,0.06745861599007702,-0.04408216313698278,170,1
20240109,170,85,756559,30515.244010999999,860918,85,803634,23142.500127000003,1414851,0.36333570889282463,0.40299501839710494,0.62273895109740929,-0.039659309504280316,0.021359237122648336,0.014837555095702445,-0.0011988847957537486,170,1
20240110,170,85,666563,26422.543932,872933,85,715650,21887.837510000001,1437075,0.36463480869457549,0.39909702278599529,0.61531908114603928,-0.034462214091419807,0.013956032978750589,0.015707661089400932,-0.0044859561756927001,170,1
20240111,172,86,584301,22811.385018000001,894630,86,679459,20948.658203000006,1464134,0.36576224158872239,0.40074635545480281,0.61362730650459307,-0.034984113866080413,0.022644349566347016,0.018783988309587184,-0.0031285605937295454,170,1
20240112,172,86,494816,19869.064490000008,899267,86,615230,18208.515550999997,1473548,0.36433271710826376,0.40162969096580159,0.60708104087339299,-0.03729697385753783,0.0051831483406547954,0.0064297393544579936,-0.0020252132048818789,172,1
20240115,172,86,721138,27926.205206999999,885360,86,829976,23492.112862999995,1499298,0.35255872992302606,0.39791589594318261,0.58739408334444598,-0.045357166020156547,-0.015464817456884329,0.017474829459237159,-0.016713060225934176,172,1
20240116,172,86,934443,36275.137973000004,882935,86,1085137,30660.589749999996,1505254,0.34902538784003617,0.39679948315115315,0.56705352884549753,-0.047774095311116982,-0.0027389988253365863,0.0039725258087451596,-0.0035145500948144345,172,1
20240117,172,86,1067553,44044.843514000007,866045,86,1200459,30903.881633999998,1601946,0.31974444602340013,0.38861317214722707,0.54745094289241736,-0.06886872612382694,-0.019129380985010221,0.064236334864414907,-0.047559887429344999,172,1
20240118,172,86,2220604,106706.76514200002,895509,86,2227990,62761.319887999998,1647688,0.32193951002310273,0.38301151603834915,0.50583104651350252,-0.061072006015246427,0.034021326836365315,0.02855402117174986,-0.0065956480392351515,172,1
20240119,172,86,1086380,46258.197077999997,914043,86,1367092,39803.862836,1558801,0.33709824586495774,0.39840803526861068,0.46934986598426753,-0.061309789403652948,0.020696609414310743,-0.053946499580017578,0.042238568227313887,172,1
20240122,172,86,1367121,55456.409630000002,865946,86,1519393,43272.406036,1555376,0.30285397671126912,0.39785459152795,0.42337656866785994,-0.095000614816680873,-0.052620062732278462,-0.0021972015671018943,-0.018065029577280248,172,1
20240123,172,86,1119078,49295.013238,864012,86,1293581,36734.785214999996,1551017,0.28182553928273779,0.40393283787796669,0.37809525268640665,-0.1221072985952289,-0.0022333956158929079,-0.0028025377786464493,0.0010015190049072367,172,1
20240124,172,86,1184112,52828.590817000004,889419,86,1573312,50295.572221999995,1484074,0.28164820427430698,0.41619640853931106,0.30819008103246986,-0.13454820426500408,0.029405841585533533,-0.043160713261040984,0.038239706438307777,172,1
20240125,144,72,1044674,39001.056152999998,800926,72,1292627,62235.950113999999,934543,,0.46150406604785221,0,,0.16682835891875439,-0.027503392937057759,0.085489943398501592,126,0.69180991896753008
20240126,146,73,806172,31503.593997,833398,73,867258,42855.209620000001,970788,,0.46192465743554156,0,,0.040315834421656933,0.037915858339316648,-0.0018116140363210176,144,1
20240129,146,73,777062,30169.877373999996,856640,73,782134,38847.943953000002,987085,0.52009174340221631,0.40268101932005529,0.52758030617364304,0.11741072408216102,0.027888235872896263,0.016787393334074998,0.0038493813830724772,146,1
20240130,146,73,953724,40358.489648000002,797817,73,858979,36807.551999000003,1040213,0.46784068680493252,0.3977750794453272,0.51788382126515886,0.07006560735960532,-0.068667118042584976,0.05382312566800225,-0.060720009762844245,146,1
20240131,146,73,1180093,54914.653035999996,786868,73,958313,39690.264551,1135947,0.42064790689423126,0.39661659072106736,0.52475303136287166,0.024031316173163897,-0.013723698542397567,0.092033073995422085,-0.058042034134372124,146,1
20240201,146,73,802319,37599.973141000002,788907,73,675560,28424.891198000005,1171530,0.41065641053309027,0.3931396471936251,0.52944726099333972,0.017516763339465169,0.0025912859590172684,0.03132452482378139,-0.017445256043873175,146,1
20240202,146,73,1267557,73420.818281999993,772367,73,1185169,48176.099359,1255247,0.37366727833886637,0.3890459552310408,0.52812566888964074,-0.015378676892174425,-0.020965715857509188,0.071459544356525226,-0.051140128450952518,146,1
20240205,148,74,1059029,59371.877435999995,803546,74,953449,41983.552416999999,1230107,0.39783607986199326,0.39222440444087148,0.51678580367447147,0.0056116754211217867,0.039764775035701937,-0.020195228508811412,0.027649740039277691,146,1
20240206,148,74,896191,36147.169323000002,812807,74,988050,49125.40215699999,1153568,0.42334237395008933,0.40323229593137361,0.50326514525459287,0.020110078018715727,0.011525164707434298,-0.062221416510921411,0.042190088476254307,148,1
20240207,148,74,853809,35132.333489999997,835971,74,1026369,52692.354864000001,1092240,0.45288463062882145,0.41491799005372293,0.49068022119985832,0.03796664057509852,0.028498770310787187,-0.053163749341174515,0.04296840633144746,148,1
20240208,152,76,666972,25952.166516000001,851841,76,846213,42694.915566000003,1061933,0.4694990178965926,0.42279745049579254,0.47778055298065497,0.046701567400800059,0.018775770929852831,-0.031233977880319345,0.025832753780576919,148,1
20240219,152,76,682118,20200.92338,917264,76,730052,31119.505000000001,1071567,0.49545053185603982,0.43162146837056509,0.46352153601789192,0.063829063485474735,0.076801891432790856,0.0090721354360397497,0.029151299996760329,152,1
20240220,152,76,554827,17218.779633999999,935867,76,523837,21834.67427,1046629,0.51346521133799805,0.43789682831973131,0.45214920988491275,0.075568383018266738,0.02028096600324443,-0.023272459864852126,0.021892760118883907,152,1
20240221,152,76,1386506,38031.126073999993,1021117,76,1909902,87875.199458000017,964545,0.58076082829488185,0.46274568671654343,0.43637990755727812,0.11801514157833842,0.091092003457756282,-0.078427026195528687,0.08440571885138734,152,1
20240222,156,78,690060,20298.250569000003,1090596,78,937922,39008.737549999998,1002578,0.5840136024820396,0.47170189023195591,0.43916272608010609,0.11231171225008368,0.067770882278916131,0.030855999460885703,0.019862393498994289,152,1
20240223,156,78,669668,20536.863164999999,1096570,78,967460,44567.039593999994,1018768,0.57286679916976468,0.47736765339609505,0.42955688405351766,0.095499145773669636,0.0054777387776958654,0.016148369503420183,-0.0048806262642283917,156,1
20240226,156,78,931901,32838.076261000009,1035327,78,1068625,35739.789583000005,1078065,0.48821453447618646,0.4997825866629178,0.85527105241242518,-0.011568052186731348,-0.055849603764465558,0.058204615771206003,-0.056983801170309427,156,1
20240227,156,78,746784,28242.915833999999,1051893,78,888372,33657.253432999998,1097376,0.48644231410451932,0.50644567219152858,0.85119266131880189,-0.02000335808700926,0.016000741794621409,0.017912649051773318,-0.0012988598423766154,156,1
20240228,156,78,893947,32439.258791999997,1052396,78,1150657,49569.661928999994,1088455,0.48808419558370086,0.51062758984404433,0.84500322535290873,-0.022543394260343463,0.00047818551886931465,-0.0081293922958038077,0.0043847466278069428,156,1
20240229,148,74,567092,24315.794680999999,754140,74,707368,33099.671927999996,879631,0.44941970816963256,0.50461760461760463,0.77943053218596736,-0.055197896447972072,0.075089655411375411,0.052523215927015802,0.0058982388562016774,130,0.7067255030826527
20240301,150,75,487406,19566.365294000003,784310,75,542339,27199.801108,900397,0.45139588402410774,0.51409545300332171,0.77430556173862874,-0.062699568979213971,0.039975336144482454,0.022550364868905257,0.0063111660079656203,148,1
20240304,150,75,346924,13085.675087000001,813591,75,410333,20064.967988,921668,0.45365210331066019,0.52000120693686969,0.77081173473239439,-0.066349103626209494,0.037333452333898585,0.023624023625134247,0.0047545359519489145,150,1
20240305,150,75,612204,21476.190847999998,846225,75,690284,33981.749759999992,879634,0.47925542419144224,0.52479154595764876,0.7569923151311897,-0.045536121766206528,0.040111063175477607,-0.045606443968977985,0.043029887757389529,150,1
20240306,158,79,480414,16389.690741999995,849789,79,526940,24917.792279999994,906161,0.47015783517700294,0.5248437245939549,0.74782425467695546,-0.05468588941695196,0.0037165056574788029,0.024050912083889434,-0.010435962613400051,150,1
20240307,158,79,540691,18777.084627999997,844381,79,584214,23587.503736999999,926847,0.46144932479502504,0.52053738190158916,0.74154936575076724,-0.059088057106564118,-0.0063639326938804809,0.022828172918499031,-0.014860332014009511,158,1
20240308,158,79,449584,16796.650331999997,859625,79,450033,16778.608035999998,949001,0.46186235365262757,0.51273297714368293,0.73600899246168083,-0.050870623491055367,0.018053461648236992,0.023902542706617166,-0.0039012481735835251,158,1
20240311,158,79,547913,18475.352896999997,878139,79,608225,23807.727625000003,951828,0.46963789438958375,0.50645832677599067,0.72221575580324671,-0.036820432386406921,0.02153729824051185,0.0029789220453929977,0.0086734349721833033,158,1
20240312,158,79,674260,21023.683718999997,901171,79,822167,35269.546328999997,940652,0.4799427331940746,0.51147982802717096,0.70386133738149648,-0.031537094833096357,0.026228193941961353,-0.011741617182936414,0.018693233265955071,158,1
20240313,158,79,676574,24773.995292,910531,79,650932,23667.711977000003,1025580,0.45366803171299591,0.50726621928408788,0.68990362639332148,-0.053598187571091971,0.010386486027624058,0.090286312047388406,-0.041028915373518521,158,1
20240314,158,79,701485,25503.561556999997,914974,79,727928,26506.574139999993,1055900,0.44430269229022934,0.50695999655706114,0.68167878819244665,-0.062657304266831804,0.0048795702727309669,0.029563759043663099,-0.013365452703899725,158,1
20240315,158,79,631474,21165.412612000004,918650,79,631305,21243.418998000001,1086298,0.4340891707282365,0.50778538269616724,0.67295111893176285,-0.073696211967930747,0.0040176005001235004,0.028788711052182971,-0.013558451732581585,158,1
20240318,158,79,561961,16931.011542,944158,79,627508,22993.862446999996,1094737,0.44082781001008525,0.50605594305026247,0.65895742546820701,-0.065228133040177216,0.027766831764001524,0.0077685865204575539,0.008513437754994144,158,1
20240319,158,79,592811,18515.692912000006,942868,79,651095,20748.080520000003,1131936,0.43289013023674916,0.49341611812266628,0.64400396374790103,-0.060525987885917121,-0.0013662967427061996,0.033979850868290737,-0.018877382111388768,158,1
20240320,158,79,631395,20278.416031000001,954833,79,723543,22662.946898000002,1105804,0.44516317224279794,0.49377876212853034,0.6255376371481246,-0.048615589885732391,0.012690005387816746,-0.023086110875526533,0.018361734409611703,158,1
20240321,158,79,624778,18930.260485000003,952956,79,688037,24054.724126000001,1100648,0.44771966757135995,0.48924537348493013,0.60696365998507984,-0.041525705913570188,-0.0019657887819126488,-0.0046626707807170169,0.0015912555195310965,158,1
20240322,158,79,1222581,41586.087504999996,914488,79,1090964,31800.237945000001,1160735,0.41302263251431154,0.47714843597191936,0.568861274185955,-0.064125803457607822,-0.040367026389466043,0.054592385576496753,-0.047991238817220845,158,1
20240325,158,79,742428,24220.274071999997,876491,79,669746,19579.403661999993,1107776,0.41341886626931906,0.54281810284639864,0.78128598621052514,-0.12939923657707958,-0.04155002580679025,-0.045625401146687228,0.0072098275703382239,158,1
20240326,158,79,695538,22708.741810000003,881952,79,697565,22014.335468999998,1111298,0.41344534999623073,0.54456403736013181,0.77864342154772359,-0.13111868736390109,0.0062305260407693863,0.0031793431162978796,0.00097718704186482977,158,1
20240327,158,79,700287,23220.649958000002,866426,79,748979,24789.694395000002,1124184,0.40355520751761942,0.54127583422448222,0.76981427803537605,-0.1377206267068628,-0.017604132651210042,0.011595449645369649,-0.014254107613194532,158,1
20240328,118,59,769955,28669.493399000003,609430,59,736212,28153.245327000004,689584,0.41781810604481995,0.54928733248024864,0.60956617865550333,-0.13146922643542869,0.11691149622222846,0.10553897496394474,-0.0016510337325080498,100,0.57446009012312804
20240329,118,59,478211,16873.663057000002,661403,59,441429,16825.843433000005,710853,0.44171646464274383,0.54583569661327069,0.61327259636685871,-0.10411923197052686,0.085281328454457447,0.030843233021647834,0.02363638883029744,118,1
20240401,118,59,608014,18290.653646000002,762086,59,705451,29282.128407999997,765692,0.47154220143371278,0.5402984582133753,0.60327023952432879,-0.068756256779662517,0.15222640356938205,0.077145345099479082,0.033407760651073849,118,1
20240402,120,60,456521,15715.649934000001,752735,60,474849,19561.712231999998,795743,0.4514426903192631,0.53928938429013695,0.60533375353088648,-0.087846693970873857,-0.012276829649147209,0.037414521765931991,-0.024875341836313916,118,1
20240403,120,60,421914,14980.185658000002,728569,60,404731,15978.751512999999,794637,0.43915707176411395,0.54007008140068047,0.6119848530008416,-0.10091300963656652,-0.032104259799265344,-0.001389895984004886,-0.014892042379678627,120,1
20240408,120,60,584707,19844.360481,756409,60,611022,18760.837172999996,845128,0.43370835866601326,0.53372958400152759,0.6141462857242761,-0.10002122533551433,0.038211892078855947,0.063539704292651863,-0.014870608440355409,120,1
20240409,120,60,483730,16607.589645,765663,60,540746,16148.587633000001,904555,0.41383741081174075,0.52994207576147379,0.61600521608556491,-0.11610466494973304,0.01223412201599928,0.070317159057562875,-0.03132803051069067,120,1
20240410,120,60,630132,21930.460022999996,760670,60,652913,19617.155438000009,939917,0.39648801945120915,0.52452948175940706,0.60317172835026966,-0.12804146230819791,-0.0065211457259917224,0.039093255799813167,-0.024161516640342759,120,1
20240411,120,60,550895,19528.515432,764115,60,642358,18686.134811,954485,0.39669262973420311,0.51579464931308749,0.59763761200977539,-0.11910201957888439,0.0045289021520501663,0.015499240890419048,-0.0065406827172029419,120,1
20240412,120,60,560062,20379.275078999999,745035,60,630656,16554.874080999998,1015787,0.36729116825772901,0.50365958887196438,0.59061960834201299,-0.13636842061423537,-0.024970063406686168,0.064225210453804929,-0.046771790992668448,120,1
20240415,122,61,916457,28145.423211000001,794017,61,1139270,37258.13130400001,877204,0.44314784945653002,0.51438088646907199,0.55127478651835993,-0.071233037012541967,0.064105713154415558,-0.13664281980375806,0.10595108420953396,120,1
20240416,122,61,918781,28407.373422999997,802663,61,942824,32134.949824000003,906321,0.43625175665994903,0.50787444526511283,0.53337597075221299,-0.071622688605163798,0.01088893562732284,0.033192963096383511,-0.012249128032737741,122,1
20240417,122,61,783524,21797.138077,856212,61,810528,28086.228034,878749,0.46976319015525453,0.51879401219843158,0.5157770117022803,-0.049030822043177047,0.06671417518933849,-0.030421892464149017,0.047467384129986002,122,1
20240418,122,61,1007393,29123.736598,861208,61,1267522,49232.72482499999,837046,0.48900170456016062,0.52368302662867672,0.47775715529008028,-0.034681322068516096,0.0058350034804464318,-0.04745723750467995,0.026916455182566062,122,1
20240419,122,61,792768,24880.257805999998,814801,61,760309,25063.150065999998,881923,0.44853073544039829,0.50599392752140915,0.44852727962827188,-0.057463192081010861,-0.053885936962963649,0.053613540952349097,-0.053751676722092218,122,1
20240422,122,61,636973,19947.600606000004,816951,61,710542,25386.058244,898442,0.44608260527777921,0.5397018673546744,0.67779570046047755,-0.093619262076895193,0.0026386811012750352,0.018730660159673805,-0.0084686725713787273,122,1
20240423,122,61,635169,21149.828168999997,809017,61,704940,20954.620702,939958,0.42631065808382324,0.53806797052483901,0.67558541431409824,-0.11175731244101578,-0.0097117207763990736,0.046208881597253913,-0.028827213355773283,122,1
20240424,122,61,576144,17779.131023999998,797330,61,684618,19820.686532,922753,0.42788755880295753,0.53483173106266035,0.66661085540639609,-0.10694417225970282,-0.014445926352598277,-0.018304009328076361,0.0031549907803141838,122,1
20240425,118,59,463875,16719.939564,626135,59,510474,19895.964043,677906,0.43384290836297545,0.53470790837205728,0.54090247162474181,-0.10086500000908183,0.069683490487122135,0.077514813735878527,-0.0066630636643861488,100,0.70028655593945177
20240426,118,59,637335,20474.294244000001,665507,59,849441,35719.520454000005,664275,0.46936570210292233,0.5370758184810106,0.54072547229545898,-0.06771011637808827,0.062881008089309812,-0.020107507530542582,0.040645194437904944,118,1
20240429,120,60,646734,21999.083269000002,721467,60,945519,45985.512447000008,695140,0.48267069142300417,0.54220511670934279,0.55283716655360304,-0.059534425286338621,0.082965318170958383,0.043728877347484096,0.019676909448315589,118,1
20240430,120,60,422311,14612.599608999997,719915,60,584914,24695.003627999995,736693,0.45593774900838624,0.53987185524065129,0.54365416089984397,-0.083934106232265049,-0.0021511725415022448,0.059776447909773572,-0.030428340393630696,120,1
20240506,120,60,568456,15198.378377000001,769228,60,694833,30816.613719000001,740914,0.47787673475677289,0.5478808732585897,0.55005688206804393,-0.070004138501816804,0.068498364390240513,0.0057296594375133196,0.030956853182187657,120,1
20240507,128,64,380643,11199.832603999999,793735,64,375886,16008.581753999999,745683,0.48946595966291073,0.54740705332177653,0.54883079189667783,-0.057941093658865794,0.030798410874279147,-0.007516391915930864,0.019375661361646784,120,1
20240508,128,64,383016,11638.179079000001,776357,64,383577,15150.043659999999,776020,0.46314142670925545,0.5440505529582278,0.54310325391319247,-0.080909126248972341,-0.021893957051156872,0.040683507603096761,-0.030995480110015603,128,1
20240509,128,64,507345,14078.537527,826055,64,528789,21386.991985999994,766855,0.4838721491396471,0.55794254174732572,0.53138909291799286,-0.074070392607678615,0.064014364525598402,-0.011810262622097369,0.037917979975225093,128,1
20240510,128,64,563701,16446.398555,851794,64,628630,26851.907381999998,770242,0.49255263426174933,0.56131748383848501,0.52612210826393491,-0.068764849576735676,0.03115894220118515,0.0044167411049024913,0.014032180098059526,128,1
20240513,128,64,549864,17133.003636000001,858583,64,599486,23183.576591000001,786046,0.48977861159671587,0.55610061462838034,0.51337292483593566,-0.066322003031664467,0.0079702369352214267,0.020518226739128741,-0.0055578297892278595,128,1
20240514,128,64,437856,13625.244404000001,857550,64,439819,16329.830755999999,821815,0.47265337872073193,0.54872329338196979,0.5006428024878451,-0.076069914661237858,-0.0012031451822363127,0.045504970447022182,-0.022377083220592609,128,1
20240515,128,64,593449,18219.736489999999,838812,64,601979,19889.934276,862236,0.44614706633687701,0.53744798969678897,0.48557183571539425,-0.091300923359911967,-0.021850620955046352,0.04918503556153149,-0.035227005445510655,128,1
20240516,128,64,565098,16379.749566999999,854564,64,578151,20103.837993000001,822740,0.4743141807654877,0.53930968835830362,0.45884765075382877,-0.064995507592815915,0.018778939738582662,-0.045806484535556392,0.032478801303666913,128,1
20240517,128,64,694181,17257.221868000001,894277,64,786341,29412.089845000002,778267,0.51293026473611458,0.55077008850790998,0.42519718464805711,-0.0378398237717954,0.046471651040764644,-0.054054743904514181,0.050191259306601545,128,1
20240520,128,64,680895,17117.262385999999,899331,64,848544,36307.021644999993,756664,0.53965485939246849,0.5451653913082386,0.3791786810950516,-0.0055105319157701116,0.0056514927701372172,-0.027757826041705482,0.015937996250023914,128,1
20240521,128,64,444813,12042.144741,891403,64,480300,18430.173038999998,769500,0.54648495550465936,0.53155703794448328,0.34437291039874091,0.014927917560176085,-0.0088154417005529666,0.016963936436780395,-0.012538685201344208,128,1
20240522,128,64,470906,12823.294770000002,914409,64,554642,23290.890500000001,746636,0.60002913101365674,0.5299311856249872,0.29346164613240461,0.070097945388669536,0.02580875316775914,-0.029712800519818065,0.027617506862230967,128,1
20240523,122,61,513995,19872.842654000004,671645,61,536932,21367.365555999993,664378,,0.50271963880861337,0,,0.042416826520324864,0.16083013546166269,-0.053123231923871327,104,0.70653835386759545
20240524,122,61,541230,21255.305987,703746,61,555088,21121.998398000003,751120,,0.48371877547485476,0,,0.047794593870273731,0.13056121665678275,-0.040898248009203435,122,1
20240527,124,62,455287,17330.637645999999,739614,62,446664,17715.958756000004,755123,0.46731377875903191,0.58245929561524412,0.76118608156485057,-0.11514551685621222,0.050683058944562383,0.0052068910427095537,0.021828127126484503,122,1
20240528,124,62,382770,13970.188270999999,755985,62,350910,14139.290136,776578,0.46727459551656075,0.57316609856082801,0.75440030850281525,-0.10589150304426725,0.022134518816571889,0.028412589737036219,-0.003401267246345009,124,1
20240529,124,62,413291,15538.639138999999,783051,62,432644,17463.120473999999,787929,0.47698831721773138,0.56193509533612696,0.74738125246661324,-0.084946778118395572,0.035802297664636204,0.01461669014574196,0.010254064596365697,124,1
20240530,124,62,604656,23831.60628,776557,62,550414,19883.204277000001,861623,0.44802935097925201,0.55057634771976194,0.74638867523715346,-0.10254699674050993,-0.0082932018476446611,0.093528731649679092,-0.0510432978141033,124,1
20240531,124,62,438669,15831.669595999998,776315,62,438056,15404.055935000002,891450,0.43946445110942772,0.53926405343306028,0.73929960156257024,-0.099799602323632552,-0.00031163198580400406,0.0346172281844844,-0.018355125810350512,124,1
20240603,124,62,516930,18947.423951999994,786497,62,537284,18637.657752999996,922000,0.4321222813287125,0.53937592867756312,0.73686579490628312,-0.10725364734885062,0.013115809948281303,0.0342700095350272,-0.012212751796566062,124,1
20240604,124,62,446812,15788.938065,806655,62,528319,19530.586331000002,900027,0.44804759853456583,0.53929131102895311,0.73041902357908506,-0.091243712494387286,0.025630104119914,-0.023831887201735357,0.02465968626225273,124,1
20240605,124,62,355580,11406.684453,806691,62,365489,12939.408513000002,939118,0.43516045717585328,0.53487153040846691,0.73009590396200275,-0.099711073232613634,4.4628744630604159e-05,0.043433141450200941,-0.02288358346780478,124,1
20240606,124,62,607062,20668.909161999996,812008,62,617788,22926.996354000003,950137,0.43233441676034939,0.5354496745539632,0.72388027091981644,-0.1031152577936138,0.0065911234909029606,0.011733349802687202,-0.0032661075753418617,124,1
20240607,124,62,598036,20796.021452999998,802806,62,579451,18765.006145000003,995715,0.41141965143087766,0.53586382614789785,0.71914756625026899,-0.12444417471702018,-0.01133240066600329,0.04796992433722716,-0.031087112581541246,124,1
20240611,124,62,663517,25082.947875000002,815383,62,725978,20299.174837999999,1108349,0.38325138753402099,0.52604618936799941,0.7156521802413226,-0.14279480183397841,0.015666300451167531,0.11311871368815374,-0.055632933949617491,124,1
20240612,126,63,389178,14260.423111,824850,63,485428,12810.971427999999,1119703,0.38356147454583783,0.52240558368764534,0.70741707734373915,-0.1388441091418075,0.010897946118572499,0.010185419935417455,-0.0012491344948256827,124,1
20240613,126,63,476591,18220.311468,822150,63,607466,16171.972554999998,1163435,0.37006186546959147,0.51438053828312402,0.69513669774902609,-0.14431867281353256,-0.0032733224222585926,0.03905678559403699,-0.023877981212134615,126,1
20240614,126,63,664854,22680.709013999996,838781,63,804030,22906.340744999998,1144898,0.37994395971716938,0.51508846936328423,0.68258322036982799,-0.13514450964611485,0.02022866873441586,-0.015932991529393564,0.017711656766141969,126,1
20240617,126,63,414232,15351.857688999999,834443,63,481462,13349.631289000001,1203409,0.36315950853062923,0.50442610338251892,0.67216363111747079,-0.14126659485188969,-0.0051717909680834449,0.051105862705673341,-0.031683049525654101,126,1
20240618,126,63,400907,13464.479965,834005,63,510842,15264.459584000002,1223408,0.35966049330522737,0.49451186109143264,0.66106853606932592,-0.13485136778620527,-0.00052490104177277538,0.016618622596307656,-0.010028696882796199,126,1
20240619,126,63,396897,12976.995629000001,836669,63,514973,14466.119698,1204919,0.36356548204833972,0.4936729443442337,0.64454483470710056,-0.13010746229589398,0.0031942254542838473,-0.015112701568078679,0.010281358191087546,126,1
20240620,126,63,496123,17194.139747000001,832266,63,581481,16603.862975,1194635,0.36264915358099736,0.48910914015282586,0.62074220694547977,-0.1264599865718285,-0.0052625351244040353,-0.0085350135569278937,0.0028806007872303327,126,1
20240621,126,63,777104,27893.711964999999,804950,63,810932,19615.777694000004,1187719,0.34932365392530051,0.48183800088372447,0.5877273144711942,-0.13251434695842396,-0.032821237440914322,-0.0057892159529898254,-0.010064625751331713,126,1
20240624,126,63,760010,27271.545671000007,765695,63,799625,21375.152810000003,1154752,0.35792225336978051,0.56852574858027882,0.80634508528483217,-0.21060349521049831,-0.048767004161749179,-0.027756565315533388,-0.0031555667298482589,126,1
20240625,126,63,724711,24454.295725,749667,63,700727,18233.620585999994,1197688,0.33978384543947016,0.56520658637377952,0.79956351050527508,-0.22542274093430936,-0.020932616772997081,0.03718200964362911,-0.030703268561954586,126,1
20240626,126,63,629626,28182.746818000003,732125,63,695685,19624.932370000002,1194691,0.3316283884213283,0.55822581861620468,0.78667968295882951,-0.22659743019487638,-0.023399722810261089,-0.002502321138727281,-0.0074691055303218986,126,1
20240627,92,46,464853,17273.749799999998,594466,46,542892,17377.622599999999,701984,0.40632893670943632,0.55322714023089292,0.64461953796906934,-0.14689820352145661,0.069814761279992879,0.098005173199489093,-0.020126586632726772,74,0.60350339627655158
20240628,92,46,515790,17534.831099999996,627291,46,560465,18583.573799999995,725049,0.41917275466426296,0.54381933471676158,0.64152062351183869,-0.12464658005249862,0.055217623884292792,0.032856874230751697,0.0075282502217594201,92,1
20240701,92,46,446231,14511.337199999998,656997,46,496958,15943.592200000001,761653,0.42106411317507386,0.53885691154837245,0.64301624784125755,-0.11779279837329859,0.04735601180313443,0.050484863781620273,-0.0051007882633065651,92,1
20240702,92,46,434161,13043.571099999999,679762,46,489625,18133.153900000005,752389,0.44406534643894424,0.52799236493465929,0.63565084966599195,-0.083927018495715044,0.034650082116052278,-0.012163019117629681,0.022577097945229621,92,1
20240703,92,46,328958,10183.9166,694965,46,335203,11445.321899999999,773562,0.44032800174737213,0.52847773432940348,0.62664084487380889,-0.088149732582031348,0.022365180754440526,0.028141028111787918,-0.0041685548521070755,92,1
20240704,92,46,444496,13753.0329,690900,46,430447,14892.418299999999,797495,0.42867644126456839,0.52296580903862888,0.62334192200323169,-0.094289367774060495,-0.0058492154281150847,0.030938696575064442,-0.019065362775080062,92,1
20240705,92,46,923137,31769.101100000007,685156,46,782432,22322.593199999999,885040,0.3866053062083934,0.52072901856545306,0.62910872273270346,-0.13412371235705967,-0.0083137936025474025,0.10977498291525339,-0.062677582227836023,92,1
20240708,92,46,454570,15057.195100000003,691841,46,371475,10546.2377,908417,0.38131250430032576,0.51796955946082113,0.62666832473263689,-0.13665705516049537,0.0097569020777749892,0.026413495435234566,-0.010630520011514486,92,1
20240709,98,49,769407,24160.129700000001,721095,49,721206,22292.921200000001,885381,0.40832789030026656,0.51676232053452942,0.62613633817125181,-0.10843443023426286,0.037515845403784977,-0.025699651151398533,0.030808157184653975,92,1
20240710,98,49,320382,9121.4143000000004,721760,49,338295,10798.6734,908281,0.39822871793151821,0.51607627305650383,0.62190398891807019,-0.11784755512498563,0.00092220858555391448,0.025864571297554387,-0.013840854142856787,98,1
20240711,98,49,514483,14389.650099999999,749563,49,604029,20514.715799999998,885687,0.42390340138238858,0.51216663483186531,0.60940895887478974,-0.08826323344947673,0.038521115052094879,-0.024875561637863173,0.030917627225327461,98,1
20240712,98,49,467889,11916.499900000001,767822,49,559254,18871.933799999999,842614,0.451206882392028,0.51241203528249024,0.58219078560091797,-0.061205152890462244,0.024359526817625737,-0.048632304640352633,0.037506191713805231,98,1
20240715,100,50,419964,10688.391199999998,792136,50,455663,15900.290500000003,828894,0.47093139622411639,0.51189074875805518,0.56711350190927989,-0.040959352533938787,0.03166489108152671,-0.017876512851673482,0.02445052147368787,98,1
20240716,100,50,447706,11920.251599999998,798934,50,481782,16137.429599999999,811627,0.48385619703150295,0.51092520999954549,0.54918006831160071,-0.027069012968042538,0.0085818596806608964,-0.020831372889657786,0.014845499466388655,100,1
20240717,100,50,543246,13762.439700000003,806673,50,603858,21200.566699999999,784566,0.49937889377837841,0.51546924857159659,0.529682216184998,-0.016090354793218187,0.0096866574710802143,-0.033341670496422615,0.021607377801896359,100,1
20240718,100,50,591840,16407.4303,817718,50,672089,23876.247899999998,779643,0.50755464822341712,0.51643123131077973,0.50843171956746158,-0.0088765830873626106,0.013692041260833076,-0.0062748067084222358,0.010034947610007046,100,1
20240719,100,50,829797,21213.418599999997,859161,50,1001433,32475.250899999999,764219,0.53450337580678164,0.52429234258306168,0.48474355973339578,0.010211033223719967,0.050681286213584635,-0.019783413690625067,0.035600593729282232,100,1
20240722,102,51,661477,18905.614500000003,822179,51,746353,23183.826399999998,809606,0.49924054213189412,0.50763616810502543,0.4506678269502416,-0.0083956259731313154,-0.043281759763303965,0.055094154947730949,-0.048842538407520113,100,1
20240723,102,51,623819,17789.592199999996,766389,51,610948,16836.876,841973,0.45795209752828353,0.48834539438834967,0.38964486850597069,-0.030393296860066144,-0.06785626974174723,0.039978705691410391,-0.054024886857030795,102,1
20240724,102,51,799515,27688.367399999999,742550,51,785983,23340.295099999999,884117,0.43114047630787439,0.46796297387915065,0.31169563284925556,-0.036822497571276258,-0.03110561346783422,0.050053861584635137,-0.041024968259633095,102,1
20240725,96,48,724945,29573.3845,582617,48,658873,22349.2821,728393,,0.44440317007498037,0,,0.098677166376245101,0.21200421023651525,-0.066616829307939496,78,0.68830436715074439
20240726,96,48,525495,23773.8177,621592,48,558717,19167.789399999998,803319,,0.43623215765756596,0,,0.066896434535895791,0.10286479963426337,-0.027422369013203562,96,1
20240729,96,48,275443,11602.561600000001,649844,48,314639,10678.8505,847014,0.38858323964519559,0.50673493433135808,0.61443236432580783,-0.11815169468616249,0.045451035405861082,0.054393086681629586,-0.010837869873978095,96,1
20240730,96,48,516110,23155.6459,660447,48,579880,18004.4274,910554,0.37369428978231112,0.49809097536578334,0.62455148023457652,-0.12439668558347222,0.016316223585968324,0.075016469621517479,-0.035365412083176895,96,1
20240731,98,49,633073,21312.841200000003,694289,49,793224,28065.9899,851572,0.41593041508077344,0.50306033919254589,0.6189909700807511,-0.08712992411177245,0.048470202756617869,-0.064920916277343241,0.058005055375521725,96,1
20240801,98,49,321837,11785.6119,710768,49,391383,13375.797999999999,913796,0.39995505318052721,0.50071006073496238,0.62723413789792215,-0.10075500755443517,0.023735072858708694,0.073069570159657662,-0.02959192320654962,98,1
20240802,98,49,462557,17874.323800000002,713679,49,482277,14823.609399999999,949856,0.38532892021219672,0.50311771122554338,0.62912773100656127,-0.11778879101334666,0.0040955698624586361,0.039461761706113839,-0.02040485939612105,98,1
20240805,98,49,828167,33204.876699999993,721370,49,729799,24756.388599999998,969008,0.38529771759112252,0.4966832886389323,0.6278424115789486,-0.11138557104780977,0.010776553604631775,0.020163056294848904,-0.0068895454559116578,98,1
20240806,98,49,776346,35669.1901,721886,49,830440,23499.256100000002,1068949,0.35141566217420261,0.49320675693685939,0.63548791485536071,-0.14179109476265678,0.00071530559906843923,0.10313743539785017,-0.058818205158846129,98,1
20240807,98,49,475614,19509.147700000001,746507,49,524654,14963.462400000002,1074661,0.36311516141437972,0.49143818339801193,0.63536971877388582,-0.12832302198363221,0.034106493269020315,0.00534356643768786,0.010558761694963522,98,1
20240808,98,49,497716,18867.1924,747044,49,528533,14834.628200000001,1086779,0.3634734951728793,0.48321559632345173,0.63341009464926545,-0.11974210115057243,0.00071935025391590436,0.011276114048988472,-0.0063591058046264812,98,1
20240809,98,49,375004,14104.097499999998,745519,49,444401,12423.3842,1089752,0.36099304793331166,0.48191152732210185,0.62599310946448783,-0.12091847938879019,-0.0020413790887819192,0.0027356067792991953,-0.0024527994250262974,98,1
20240812,98,49,304549,11868.1646,747801,49,341268,8537.2473000000009,1110281,0.35738536235110957,0.47714000549086,0.62362048607112064,-0.11975464313975043,0.0030609548515866127,0.01883823108376952,-0.0099424008770366886,98,1
20240813,98,49,327667,12699.261999999999,743412,49,412431,10469.413100000002,1132817,0.34904827933946803,0.47098261022888815,0.61308347754991532,-0.12193433088942013,-0.0058692085193788185,0.020297564310296223,-0.014490749062743195,98,1
20240814,98,49,304912,11886.236599999998,745350,49,328223,8527.6293000000005,1158316,0.34440399737820432,0.46546638528465639,0.61069641418189957,-0.12106238790645207,0.0026068990008232314,0.022509372652423119,-0.012557635555148119,98,1
20240815,98,49,703108,22482.058799999999,780398,49,859877,25020.7919,1102279,0.37509575826358349,0.47341346542366103,0.59906186775532921,-0.098317707160077539,0.04702220433353458,-0.048377990116686635,0.047847153859973339,98,1
20240816,98,49,419701,13011.986500000001,795196,49,508080,15630.532000000001,1091552,0.38395990743153152,0.47496832858530058,0.58790734109695619,-0.091008421153769059,0.018962119328855276,-0.0097316559600609288,0.013557822186174261,98,1
20240819,98,49,458270,11665.449400000001,814190,49,532560,17263.798500000001,1073577,0.396738935904837,0.47847363515179459,0.57718087030867682,-0.081734699246957587,0.023885935039914687,-0.016467378558236347,0.019594031635385329,98,1
20240820,98,49,485945,14932.848599999999,800523,49,552336,15133.753399999998,1084322,0.38237744541963642,0.47938740876533542,0.56356941817496931,-0.097009963345699002,-0.016786008179908867,0.010008597427105834,-0.012931680657623531,98,1
20240821,98,49,455828,14312.899800000001,793280,49,471962,11854.545399999999,1090145,0.37353880094951142,0.47823586436509946,0.54486480746512334,-0.10469706341558804,-0.0090478349778832096,0.0053701760178249637,-0.0069321350031434949,98,1
20240822,98,49,432709,14518.6389,803803,49,443102,11952.631399999998,1075352,0.37810785545946485,0.48270757968911543,0.52543669894181166,-0.10459972422965058,0.01326517749092376,-0.013569754482201908,0.013441469662981006,98,1
20240823,98,49,518701,14913.319300000001,816268,49,553867,14970.167199999998,1038802,0.39067381987268102,0.48888989028297253,0.49757475459147094,-0.098216070410291512,0.01550753107415623,-0.03398887062096876,0.026083532225920691,98,1
20240826,98,49,403253,12832.282999999999,781273,49,461479,12347.3554,1028798,0.41656845074887894,0.52211697093153842,0.85734371745638704,-0.10554852018265948,-0.042871948918737475,-0.0096303241618710782,-0.013471728829639852,98,1
20240827,98,49,319324,10361.4422,768469,49,382643,8462.9801000000007,1025517,0.41247333376008027,0.5208193929071111,0.85338570089175725,-0.10834605914703083,-0.016388637518511454,-0.0031891586103394449,-0.0052611195914414408,98,1
20240828,98,49,599290,20992.6973,737805,49,577709,14294.268600000003,1064581,0.39070212238852214,0.51401378814395737,0.84878211437505613,-0.12331166575543523,-0.039902715659317425,0.03809200627585891,-0.03886763887789537,98,1
20240829,92,46,404327,13681.809200000002,600319,46,427225,11702.3547,719769,0.43996880418000267,0.50326509172735345,0.76636860572931498,-0.063296287547350782,0.10025950310861149,0.13170705792579857,-0.024424201990729082,74,0.64118174464293443
20240830,94,47,664351,20645.905700000003,635296,47,782662,24899.263199999998,736483,0.4556102070360874,0.48592198007563608,0.75230339580938332,-0.030311773039548684,0.055826985319471813,0.02319077370656419,0.012743089854615752,92,1
20240902,94,47,496807,18402.467799999999,634796,47,620415,15182.059300000001,840383,0.41365339034420678,0.47953061229958704,0.74703612239599393,-0.065877221955380261,-0.00078703470508235528,0.14107589720332989,-0.076105553445562302,94,1
20240903,94,47,413539,16985.960199999998,657789,47,528702,13306.827299999999,921094,0.39693143295557859,0.47553736858211576,0.74957042415429131,-0.078605935626537171,0.036221085199024568,0.096040733808275519,-0.039126099273376319,94,1
20240904,94,47,464790,17805.873099999997,662530,47,564013,13852.993800000002,990300,0.37697852702238832,0.47078378359098011,0.74556548465359418,-0.093805256568591788,0.0072074783859261858,0.075134568241677829,-0.040829497815860961,94,1
20240905,100,50,365745,13881.477499999999,684182,50,431749,11218.2415,1035783,0.37421697194716891,0.46589241417985544,0.74288255865671682,-0.091675442232686533,0.027410079543567837,0.045810360496819143,-0.01646025302057683,94,1
20240906,100,50,385602,13883.299000000001,697727,50,524022,13423.576999999999,1047436,0.37624234262882539,0.46583758910986006,0.73699648686111263,-0.089595246481034674,0.019797363859323982,0.011250426006219449,0.0011000223841764222,100,1
20240909,100,50,660398,28170.763499999997,686309,50,791020,16220.095400000002,1155183,0.34515859828585166,0.44619563267957707,0.72749379307648365,-0.10103703439372541,-0.016364566657159605,0.10286738282816325,-0.06828301998151462,100,1
20240910,106,53,539465,20017.728000000003,714886,53,540364,13232.434900000002,1178027,0.34843907869831797,0.45222894086613596,0.71841759235633118,-0.10378986216781799,0.036040617272977624,0.019606417338205288,0.0011327771176850075,100,1
20240911,106,53,417243,17593.571599999999,719854,53,539132,12561.296499999999,1236381,0.33532554324479386,0.44762328354115721,0.70922154035685891,-0.11229774029636336,0.0069493597580593267,0.049535367185981304,-0.028203092271012985,106,1
20240912,106,53,399100,17888.290499999999,717250,53,599313,12616.7125,1267203,0.32736926490920287,0.43868029381690288,0.69396251763080308,-0.1113110289077,-0.0036174001950395498,0.024929208714789375,-0.01708690418073493,106,1
20240913,106,53,431529,17430.738499999999,712563,53,590822,12552.396699999999,1270743,0.32785947730837184,0.42334784414135701,0.67094487688737892,-0.095488366832985172,-0.0065346810735447888,0.0027935539925331618,-0.0041457268073368326,106,1
20240918,106,53,599807,24383.254499999995,725742,53,687820,14777.1859,1254952,0.33409996695589311,0.42664003887156765,0.65087590511204663,-0.092540071915674538,0.018495206739614602,-0.012426588224369522,0.014606923994582783,106,1
20240919,106,53,801770,32605.021200000003,737206,53,1042559,27093.065900000001,1208423,0.34519932895016903,0.43236981157156623,0.6133512606976973,-0.087170482621397205,0.015796247151191472,-0.037076318456801538,0.02927913145594423,106,1
20240920,106,53,559677,22253.489800000003,732227,53,728088,17505.381099999999,1203559,0.33641209121975335,0.4350594708211199,0.57580073417206246,-0.098647379601366547,-0.006753878834409921,-0.0040250806216035277,-5.910684925029386e-05,106,1
20240923,106,53,571941,21425.529099999996,708863,53,670117,17891.281200000001,1162936,0.36014448965341284,0.45100008106291789,0.79569440949589143,-0.090855591409505054,-0.031908137776946219,-0.033752396018807557,0.0089157582501371534,106,1
20240924,106,53,1312839,37796.4211,834876,53,1982200,70425.530599999998,873331,0.49464118994200662,0.46791013883581711,0.77938973438230852,0.026731051106189507,0.17776777741256067,-0.24902918131350307,0.22204200344160885,106,1
20240925,106,53,1133975,32701.083199999997,950357,53,1780385,96723.233700000012,781225,0.56462350094420866,0.49201681899920047,0.78258090000935565,0.072606681945008189,0.13832113990580638,-0.10546516727334768,0.12152332826173877,106,1
20240926,98,49,1376619,44932.970300000001,832139,49,1830833,117072.39789999998,634083,0.59024439770831827,0.51319185181241855,0.70533316237241017,0.077052545895899716,0.25954091527302037,0.0174019710136512,0.13089465090854224,76,0.68512550950518081
20240927,112,56,1528843,62312.401899999997,902489,56,1832796,218606.3242,629363,0.60955555045221943,0.54533838417039182,0.68222517580027309,0.064217166281827609,0.058404905911151862,-0.18670741842944852,0.11389066594281085,98,1
20240930,128,64,1451806,59806.603900000002,969953,64,1346087,239981.29560000001,586056,0.64416223144602047,0.58209121224498406,0.66485605160381467,0.062071019201036415,0.020299416391778735,-0.21711476524676537,0.10116120878518291,112,1
20241008,160,80,958076,58075.046600000009,999488,80,827415,208223.60629999998,594970,0.65010918161829956,0.58052367692203766,0.66576479280106471,0.069585504696261902,-0.011805726669230365,-0.17513514066915106,0.058603774142694548,128,1
20241009,176,88,843339,58586.984200000006,990019,88,1108438,116735.55650000001,724553,0.58254235314361391,0.56695100108177132,0.67111908977867363,0.015591352061842589,-0.0110586620349619,0.096663697329277112,-0.043002073431849572,160,1
20241010,176,88,961206,57783.9421,987696,88,1421800,138719.72839999999,764960,0.57177314603745344,0.54732896605246839,0.66328475182808266,0.024444179984985048,-0.002346419614169021,0.055768177069172302,-0.024921671414207161,176,1
20241011,176,88,899376,50494.713400000001,952539,88,1253656,84234.8367,861836,0.52498666162397256,0.52501258290027519,0.65287054770926622,-2.5921276302631746e-05,-0.035594960392671432,0.12664191591717214,-0.075333094457782926,176,1
20241014,176,88,885186,44438.387600000002,995972,88,1291025,88570.130099999995,890797,0.52844790167930633,0.52686422357280627,0.6361759176666566,0.0015836781065000638,0.045597083164048924,0.033603841102019409,0.0079763003789183606,176,1
20241015,176,88,887427,38076.309800000003,991896,88,1084438,56804.356100000005,950845,0.51711174555194916,0.50093427986674588,0.59533102971523222,0.016177465685203285,-0.0040924845276774846,0.067409297516718175,-0.033986142447750625,176,1
20241016,176,88,905303,38895.773799999995,1015891,88,1199092,49045.6368,1002412,0.51272400993349709,0.49012235488405281,0.5847729503449185,0.02260165504944428,0.024191044222378152,0.054232813970731299,-0.014192318996716495,176,1
20241017,176,88,980976,42150.9683,1004894,88,1255805,51694.814200000008,1061717,0.49400016240555811,0.47662075477841814,0.55418315299783072,0.017379407627139964,-0.010824980239021707,0.059162300531118941,-0.034832232821335546,176,1
20241018,176,88,1314338,57618.674299999999,1028219,88,2184647,110140.00340000002,975572,0.5183690644041089,0.50745350280274193,0.52066458028806395,0.010915561601366974,0.023211403391800528,-0.081137440579740178,0.05297078163234397,176,1
20241021,176,88,727373,32365.458900000001,1012466,88,1274070,69381.936600000001,939158,0.53686650533624514,0.50225585881000878,0.47746645870311083,0.034610646526236355,-0.015320666122683981,-0.037325794508247467,0.010310955583691113,176,1
20241022,176,88,639839,23008.6211,1039190,88,932648,46755.033300000003,969351,0.5360093615692757,0.50255345713948407,0.44333125388030414,0.033455904429791627,0.026394960423362365,0.032149010070722926,-0.0017774940254885162,176,1
20241023,176,88,643111,26483.619399999996,1034966,88,1057322,61879.137099999993,937368,0.56871527954825662,0.49688730615540694,0.3877938523596916,0.071827973392849687,-0.0040647042408029329,-0.032994240476359959,0.013820479641690163,176,1
20241024,148,74,382861,20626.689799999996,641938,74,508217,30038.865499999996,693433,,0.48071884143058369,0,,0.062387183551424301,0.13344943835021136,-0.036140706846932651,130,0.61220614764030834
20241025,148,74,442881,23719.856900000002,673390,74,776919,47187.070900000006,709952,,0.48678490207049308,0,,0.04899538584723135,0.023822056348630653,0.011182660099702629,148,1
20241028,148,74,319247,16731.542000000001,690702,74,460330,27472.906299999999,741133,0.4311353332237074,0.56757193903540903,0.624337999839367,-0.13643660581170164,0.025708727483330612,0.043919870639141802,-0.010025720320788351,148,1
20241029,148,74,403925,22489.449100000002,700450,74,635916,41479.790099999998,776250,0.42127966498549385,0.56430351323968342,0.62904787702309206,-0.14302384825418957,0.014113177607709259,0.047382858407330398,-0.017717823631912894,148,1
20241030,148,74,485277,27717.950500000003,712230,74,552323,32224.373199999998,850429,0.39783245266071399,0.55806846614737249,0.63835616087706915,-0.1602360134866585,0.01681776001142123,0.095560708534621577,-0.042255705288819667,148,1
20241031,150,75,477848,29732.842300000004,716379,75,810557,46998.225599999998,852661,0.39681122132210139,0.56354099060252316,0.64157382858308265,-0.16672976928042177,0.0053662440503769848,0.0025398945708577669,0.0010635717709365894,148,1
20241101,150,75,411159,24886.650100000003,738211,75,711530,49660.845699999998,835381,0.41504090126716048,0.5672337883898011,0.64463596662921518,-0.15219288712264062,0.030475488533304299,-0.020265967365693985,0.024927344108499463,150,1
20241104,150,75,326538,17755.866900000001,745598,75,427248,26533.065999999999,877462,0.40518151655209317,0.55926200347873611,0.6482588444050128,-0.15408048692664295,0.010006624122371518,0.050373422426413815,-0.022047646403896309,150,1
20241105,150,75,543978,29526.583199999994,780906,75,1015111,75075.783899999995,870493,0.42654043900006061,0.55875583601447298,0.64954926095994969,-0.13221539701441237,0.047355277240550539,-0.007942224278658221,0.026047712345815929,150,1
20241106,152,76,572296,29590.649699999994,789270,76,852059,60067.181900000003,936341,0.40860557372121792,0.54864544722534625,0.65166888713620852,-0.14003987350412833,0.010669658063838669,0.075005772590934106,-0.034491967113943998,150,1
20241107,152,76,752004,34738.489200000004,847910,76,1158568,92908.702200000014,917558,0.44182390883034178,0.55460249899073466,0.65905754168299846,-0.11277859016039288,0.074296501830805675,-0.020059999508725987,0.044867006526963495,152,1
20241108,156,78,631125,32787.829099999995,854763,78,1036046,81829.362399999969,987927,0.42155550964322841,0.54670820933136854,0.6619214300831936,-0.12515269968814013,0.0080032078876295827,0.075923265886189209,-0.03561548552565099,152,1
20241111,156,78,630083,31329.503200000006,876894,78,1035261,54497.258300000001,1065402,0.40907934642818611,0.53151285806686643,0.65374227203268709,-0.12243351163868033,0.02589138743721944,0.078421786225095574,-0.030034351952851538,156,1
20241112,156,78,767182,35939.254499999988,868256,78,1001659,53775.940599999994,1136614,0.38582116975623743,0.5158464260273653,0.63659139994114333,-0.13002525627112788,-0.0098506775049207775,0.066840497765162821,-0.041111138570022285,156,1
20241113,156,78,559044,24879.909800000009,892906,78,713251,35929.002399999998,1148466,0.3923479810492459,0.51449972110813036,0.63114023313732137,-0.12215174005888446,0.028390244351896216,0.010427462621435245,0.0063834562839485852,156,1
20241114,156,78,534648,24027.958899999998,886938,78,684035,33828.3145,1204757,0.37620983906992728,0.50130255721434103,0.61773537728971006,-0.12509271814441375,-0.0066837942627779407,0.049014076167688027,-0.030498605839601994,156,1
20241115,156,78,585511,28585.919699999999,862553,78,757113,33148.857499999998,1271861,0.35089718577693946,0.48668026173291673,0.60805260835058239,-0.13578307595597727,-0.027493466285129286,0.055699199091601044,-0.043739168473415101,156,1
20241118,156,78,868693,37680.223300000005,862217,78,1022878,43770.207500000004,1266178,0.351661672136866,0.48284977768550719,0.59264375268688374,-0.13118810554864119,-0.0003895412803619024,-0.0044682555719532243,0.002505137241416145,156,1
20241119,156,78,893484,40251.792300000001,842396,78,894165,34534.965800000013,1326342,0.32874702254317562,0.47076334278061782,0.57976804943704585,-0.14201632023744221,-0.022988412429817553,0.047516225996660819,-0.037579960486657786,156,1
20241120,156,78,431861,18489.409299999999,855232,78,602502,22456.654300000002,1311771,0.33964807771993089,0.46536527648301956,0.56240577424212146,-0.12571719876308868,0.015237489256834078,-0.010985854327164486,0.012637303353378785,156,1
20241121,156,78,399972,16007.589999999998,847038,78,544258,18858.055199999999,1296835,0.33828186074481337,0.46259477477054528,0.54296593128417592,-0.12431291402573191,-0.0095810259672229284,-0.011386133707788937,0.0031112093522713165,156,1
20241122,156,78,819610,37961.309099999991,797984,78,954846,28766.329999999994,1365600,0.30152901827389322,0.44169001068530339,0.51986611104537661,-0.14016099241141017,-0.057912395901954815,0.053025249935419697,-0.054956147122520782,156,1
20241125,158,79,891899,46982.368099999992,764796,79,947917,26136.827700000002,1361446,0.34443147899173876,0.48309220027859201,0.88993068521833352,-0.13866072128685325,-0.041956981593615911,-0.0030587287639132982,-0.013544193338460629,156,1
20241126,158,79,703206,33869.644900000007,785889,79,767282,23087.900199999996,1359390,0.35176337509253969,0.48385719960445911,0.88969360162477706,-0.13209382451191942,0.027579903660584,-0.0015101590514790891,0.010887283761679056,158,1
20241127,158,79,698693,34069.716200000003,788059,79,908426,31295.6325,1343082,0.35515693358615297,0.48421248757866842,0.8866710367826437,-0.12905555399251545,0.002761204190413659,-0.011996557279367952,0.0086133318789770475,158,1
20241128,138,69,368810,17529.633799999996,626869,69,492906,19923.2127,845397,0.41395547412881911,0.47943052845665995,0.8193254479829053,-0.065475054327840843,0.051528473745763727,0.12180495993054538,-0.04545953595959687,120,0.62398405361259535
20241129,140,70,549780,25183.826899999993,675885,70,838865,38891.07959999999,877250,0.4247464014317896,0.48195439325223582,0.81771320587070662,-0.057207991820446225,0.07671618791166894,0.037540942302847068,0.011108047051280136,138,1
20241202,212,106,424439,20133.859935000004,698126,106,605627,28776.510494999999,892011,0.42961145829290065,0.47923254974551882,0.81008743271806138,-0.049621091452618171,-0.041032128246669179,-0.050817896836705616,0.010847093137428491,140,1
20241203,212,106,443843,20281.515939000001,723389,106,583851,29622.621757999997,889883,0.4391232860578711,0.48549646708813687,0.79998413162814452,-0.046373181030265775,0.036186877440462034,-0.0023856208051246004,0.017225559810255343,212,1
20241204,212,106,376772,17570.499781999999,723756,106,549539,29625.985904999998,890570,0.43764997847264386,0.48919921448832643,0.79275623387097771,-0.051549236015682565,0.00050733422819534166,0.00077201160152514433,-0.0001983546481932371,212,1
20241205,212,106,308427,13971.786175000001,723753,106,404270,18281.726211000001,937664,0.42271324834179724,0.4843873995100576,0.79066303041319552,-0.06167415116826036,-4.145043357153516e-06,0.05288073930179548,-0.029174404674148838,212,1
20241206,212,106,536286,21762.562709999998,763148,106,806033,42510.876355000008,930298,0.44073871433703449,0.48698410423740024,0.7857244931341183,-0.046245389900365752,0.054431553306169368,-0.0078556924442017614,0.028145251914480231,212,1
20241209,212,106,453076,17755.007501,769967,106,634033,31325.962095999999,955616,0.43482206077482849,0.48637421636983408,0.77915927544487862,-0.051552155595005589,0.0089353572308385788,0.027214935429292549,-0.010923879474160972,212,1
20241210,212,106,671515,24498.806675,783813,106,1137112,64030.120858999995,948954,0.43916252713471604,0.49693519918676571,0.77177658623461776,-0.057772672052049667,0.017982588864198075,-0.0069714194823025152,0.011884678975163756,212,1
20241211,220,110,406825,15928.758320000001,800118,110,522023,22570.446663999996,997809,0.42853120491120472,0.49796614218036117,0.76249258173440859,-0.069434937269156449,0.020666919277940021,0.0408512952155742,-0.013023678313356614,212,1
20241212,220,110,639252,19828.523057000002,838277,110,762407,37507.724136000004,982906,0.44555431339397472,0.50581104288969458,0.75540898416029578,-0.060256729495719863,0.047691715471967884,-0.014935724171660107,0.029512877886588275,220,1
20241213,220,110,956266,35434.872025000011,796544,110,983624,35332.177340000002,1092165,0.39830732478871761,0.49025139659001438,0.74514284625106353,-0.091944071801296767,-0.049784259856825372,0.11115915458853644,-0.082908746677297113,220,1
20241216,220,110,573585,19992.464820000001,802411,110,586029,19412.184872000002,1108371,0.39709296787343379,0.47860110350751078,0.71971423218347252,-0.081508135634076995,0.007365569259199743,0.014838417272115477,-0.0054741095637284515,220,1
20241217,220,110,739193,24883.504845999996,828597,110,769775,29789.679444000001,1100617,0.40602448651744755,0.4841552302662791,0.69953825754944765,-0.078130743748831555,0.03263414883395168,-0.0069958524717806583,0.017762361169406035,220,1
20241218,220,110,647938,18213.441783999999,833895,110,685042,28265.587219000001,1074503,0.41459937399667884,0.48503670056400194,0.68253529924051481,-0.0704373265673231,0.0063939406007986997,-0.023726691483049962,0.016282278689663251,220,1
20241219,220,110,622851,21587.900620000004,834488,110,658677,25766.543869999994,1082545,0.41288216902738578,0.47981356061538077,0.66503497853192928,-0.066931391587994993,0.00071112070464506927,0.0074843904577278986,-0.0039032738453928374,220,1
20241220,220,110,609290,18961.023108999998,826657,110,696733,25049.086006999998,1104021,0.40685538285151918,0.46372897659974099,0.62524097752188612,-0.056873593748221818,-0.0093841972562816959,0.019838436277475762,-0.015287686753436169,220,1
20241223,220,110,795950,24170.795848000002,800055,110,938646,36914.081019000005,1014534,0.4256405186197868,0.50521545729359429,0.80821883082064316,-0.079574938673807494,-0.032180215010578751,-0.081055523400370103,0.0325714593526212,220,1
20241224,220,110,653195,18708.704872999999,830710,110,790853,30076.302678999997,975081,0.4462752687605579,0.51464959383175002,0.79889699306287387,-0.068374325071192121,0.038316115767041019,-0.038887804647256767,0.038635746166211744,220,1
20241225,220,110,592966,18087.037428,840588,110,841443,37427.122453999997,949885,0.46002268978648403,0.5049744969080322,0.78965279007279077,-0.044951807121548171,0.011891032971795211,-0.025839904582285984,0.019423067232032944,220,1
20241226,172,86,327693,10608.900009999999,549231,86,330308,15430.177396999999,573534,0.47370541667848937,0.51527260980366352,0.62778943055759662,-0.041567193125174151,0.11093091749617866,0.13591834682487808,-0.014308614249024784,154,0.54736318280141616
20241227,172,86,378175,15013.654291000001,578919,86,448581,23340.977193999996,618241,0.46767718724578289,0.51058448540533474,0.62943883858465033,-0.042907298159551854,0.054053758800941681,0.077950043066322139,-0.013376797459842443,172,1
20241230,172,86,318263,11498.774026999999,619389,86,418105,22238.415355999998,644289,0.47685756189804968,0.51354651823242081,0.63775898607081871,-0.036688956334371137,0.069906152674208313,0.042132437026984625,0.012046844197935114,172,1
20241231,172,86,564783,22454.106219000001,607212,86,629001,32941.620635999992,695561,0.43962959872388852,0.51207221897681376,0.63471303135695933,-0.072442620252925249,-0.019659696894843145,0.079579195050668253,-0.050209784454584155,172,1
20250102,172,86,1044641,47167.060458999993,614688,86,939331,31589.480825000002,827919,0.3788227467945568,0.51083034587420928,0.64189554050410125,-0.13200759907965248,0.01231200964407818,0.19028956482609002,-0.095858603148821789,172,1
20250103,182,91,758005,37098.414825,633414,91,740066,26989.167776999995,889461,0.36740440107887401,0.50332900501373901,0.6429739801362554,-0.135924603934865,0.01976775209537196,0.073768086008413863,-0.033912909059778583,172,1
20250106,182,91,907185,44100.074775999994,633404,91,709505,24882.526947000002,941372,0.34991699191469322,0.4937917493501775,0.63647909289956162,-0.14387475743548428,-1.5787462859993622e-05,0.058362311557223982,-0.034094065501108099,182,1
20250107,182,91,500532,20253.160354,646614,91,490704,18027.238727000004,977943,0.3481009199202853,0.4832964662620457,0.63072825391783727,-0.1351955463417604,0.020855567694551977,0.0388486166998806,-0.014834490746620473,182,1
20250108,182,91,799772,33092.258476000003,661023,91,829926,28768.476504999995,980172,0.35758213536532846,0.47422193981868854,0.61259204421168723,-0.11663980445336009,0.022283773626924255,0.0022792739454139967,0.0074974285297468787,182,1
20250109,182,91,451259,16775.386971,663729,91,440645,13750.812658999999,1017811,0.34821054412600855,0.46580768571402792,0.60454464360050908,-0.11759714158801937,0.0040936548350057412,0.038400403194541369,-0.021285100186144851,182,1
20250110,182,91,587461,23394.272520000006,663467,91,585747,18127.986199999999,1049231,0.33699772517554638,0.46037147232115155,0.59161918797125934,-0.12337374714560517,-0.00039473941925092924,0.03087017137759368,-0.018841062359503787,182,1
20250113,190,95,629611,26880.570045,670362,95,552498,17173.301331999995,1100057,0.3258901374461044,0.44997482433497055,0.57484019319720359,-0.12408468688886615,-0.0036942304590883946,0.047650136147330761,-0.030622444820978364,182,1
20250114,190,95,798175,26569.869902999999,709932,95,1174031,39421.463309999999,1035981,0.36565231717280849,0.45762639951039635,0.55451846684227679,-0.091974082337587859,0.05902780885551389,-0.058247890791113553,0.058543203614511596,190,1
20250115,190,95,449776,15256.928147999999,702294,95,548456,17685.879171000004,1050038,0.35627141314070648,0.45323355497093182,0.54100250409169037,-0.096962141830225335,-0.010758776896942242,0.013568781666845241,-0.012426163273885927,190,1
20250116,190,95,724805,24611.339731999997,698200,95,757428,23627.436878000004,1059803,0.34136131727955421,0.45754352134047033,0.51977271938671321,-0.11618220406091612,-0.0058294674310189181,0.0092996634407516675,-0.0079088894113672516,190,1
20250117,190,95,884292,24047.347450000001,688629,95,862172,26108.088432999997,1024202,0.34555423375460831,0.45756007320961173,0.49567645611271632,-0.11200583945500342,-0.013708106559725007,-0.033592092115232737,0.014806573140091343,190,1
20250120,190,95,584995,19775.402492000001,667482,95,824061,26829.534568999996,989191,0.33287623895431434,0.45796928929330438,0.44018584234788638,-0.12509305033899004,-0.030708843223274069,-0.03418368642123331,0.0080942019381947203,190,1
20250121,190,95,450664,18617.431734999998,655123,95,586359,17274.514209999998,1019930,0.2981138523137592,0.45177443141742418,0.39482213398620819,-0.15366057910366498,-0.018515855109201448,0.031074888469466464,-0.026014789883097026,190,1
20250122,190,95,771947,34269.831922000012,632763,95,797689,21945.103224999999,1133540,0.21341455068099377,0.42985946763711191,0.33088320633549284,-0.21644491695611814,-0.034130995248220566,0.11138999735275951,-0.081173550926448304,190,1
20250123,164,82,508908,26391.057937000001,562141,82,778127,38336.121704999998,723402,,0.43727903306229354,0,,0.10189652287736081,0.070284998545622923,0.0037288585902088482,146,0.66911679366450716
20250124,164,82,328276,17202.897507000001,582030,82,461556,23540.485095,729257,,0.4438616412730394,0,,0.035380803036960479,0.0080937017038935476,0.010916787692049196,164,1
20250127,166,83,276105,12955.391895999999,601847,83,371360,18339.413415000003,751722,0.43408689267641071,0.4576054018445323,0.5514081661149155,-0.023518509168121593,0.033857361304400119,0.030483080724627944,-0.001924826525390704,164,1
20250205,166,83,401198,17312.419393000004,618901,83,569123,17722.151038000004,847671,0.39838804714833731,0.45179305474606746,0.55777281988201055,-0.053405007597730147,0.028336105355680097,0.12763894099148354,-0.058286648113247276,166,1
20250206,166,83,390390,15942.162579000002,668903,83,607036,20382.642627000001,874590,0.41543875006078795,0.45614891848757422,0.55954772713578871,-0.040710168426786264,0.080791596717407141,0.031756424367472759,0.015739424999249952,166,1
20250207,166,83,634563,23778.753109999998,695469,83,1020748,40822.852251000004,858316,0.4359097647483427,0.46173438913254944,0.54745090215184211,-0.02582462438420674,0.039715773438002221,-0.018607576121382592,0.027755227914865826,166,1
20250210,166,83,354477,11974.420834999997,716015,83,471360,19617.382536000005,876939,0.43712456542310374,0.4641992585128743,0.54332830703209256,-0.027074693089770563,0.029542653950068228,0.021697137184906259,0.0012376229658543493,166,1
20250211,168,84,248360,8748.0123680000033,710417,84,370683,13216.656360000001,888356,0.43070365698700019,0.46021447786447239,0.53753472193988761,-0.029510820877472199,-0.0078322381514353747,0.012880029283678797,-0.010611103647688509,166,1
20250212,168,84,434058,14530.388854999997,733254,84,572626,22986.642129000007,858721,0.45598969210837448,0.46583538065386204,0.53236137502159264,-0.0098456885454875631,0.032145908670541387,-0.033359373944679839,0.032820168967076624,168,1
20250213,168,84,605847,18930.652443000003,734468,84,842710,37081.292557000008,838954,0.46491765904714205,0.46879313712509618,0.51517838189627452,-0.0038754780779541309,0.001655633654913577,-0.023019117967302535,0.013179227060726457,168,1
20250214,168,84,557440,16868.247383000002,748497,84,722525,29341.263218000004,833912,0.48103668806909566,0.46501736297253082,0.49900499807571874,0.01601932509656484,0.019100900243441511,-0.0060098646648087976,0.012120715230878938,168,1
20250217,168,84,509846,16696.438600999998,757580,84,710023,29849.983391999998,855176,0.47496100311592437,0.46480532001800368,0.48614731552696128,0.010155683097920698,0.012134985176961297,0.02549909342952254,-0.0076977570274183223,168,1
20250218,168,84,628678,19444.399344000001,756627,84,798983,32813.717639999995,840586,0.48972452113000003,0.45977716973706406,0.46547893111313271,0.029947351392935972,-0.0012579529554634494,-0.017060815551418654,0.0084557118373765165,168,1
20250219,168,84,444644,13922.190350999997,767294,84,579898,22965.671571999996,833707,0.50275551791086637,0.45970107572908431,0.45425830464815448,0.04305444218178206,0.014098095891370517,-0.0081835766953054171,0.010985385167789142,168,1
20250220,168,84,397623,13232.624908,748789,84,496323,17290.464615000001,864027,0.47989890000355984,0.45222345836156747,0.4354340482733306,0.027675441641992371,-0.02411722234241373,0.036367692726581399,-0.030496545598659837,168,1
20250221,168,84,632683,18213.796769000004,784203,84,1013452,37200.419906999996,841890,0.50271226926279189,0.46796768558221957,0.4114137383286196,0.034744583680572316,0.047295032378947874,-0.025620727130054963,0.035683549766371364,168,1
20250224,170,85,437389,12682.138815,755812,85,642816,21388.729015000001,874538,0.46257775334646517,0.47127273494535171,0.8837206734750207,-0.008694981598886542,-0.036357932831167443,0.038323296392640371,-0.037375476064407137,168,1
20250225,170,85,491969,15845.479816000001,754113,85,628608,18841.426274999994,931695,0.4443890575063818,0.47004315028094246,0.88534993308846555,-0.025654092774560655,-0.0022479135022995134,0.065356794101571344,-0.036100223878308337,170,1
20250226,170,85,442505,14315.061193000001,782658,85,611339,21856.390421,895341,0.46588366777008156,0.47045665697204719,0.88197370797002861,-0.0045729892019656382,0.037852417343289403,-0.039019206929306265,0.038497266592636886,170,1
20250227,164,82,391284,13990.141128999996,594360,82,533082,23966.985450000004,698328,0.45704760805244643,0.4715198541345576,0.81077491243053235,-0.014472246082111173,0.078008803115579575,0.057242712072270725,0.004125376947119553,146,0.70452664155342171
20250228,164,82,481467,19269.936518000002,610538,82,567255,24896.195827,791856,0.42651077023267664,0.47206529484796617,0.80587338508293671,-0.045554524615289527,0.027219193754626825,0.13393133312712652,-0.05983655762256631,164,1
20250303,166,83,416828,16861.479061000002,632082,83,540459,18342.350257999999,859082,0.41201300008049585,0.47130856522729403,0.79978325657003524,-0.059295565146798179,0.033285397469117399,0.084872754642258186,-0.033432116794567007,164,1
20250304,166,83,335962,14076.274946999998,645824,83,405892,13298.225166,889379,0.40765664734859697,0.47095239904747427,0.79429951609005456,-0.063295751698877301,0.021740850079578284,0.035266714935244831,-0.011102065232261508,166,1
20250305,166,83,350706,12870.594940000001,666605,83,461629,15712.982125,893718,0.41645215736619506,0.46696121305020816,0.7867653043632632,-0.050509055684013093,0.032177497274799328,0.0048786850150498266,0.010709984282208932,166,1
20250306,166,83,552213,16537.458682999997,680823,83,879178,35407.287394999999,801567,0.45426377511060306,0.47556840673998724,0.76483516483516478,-0.021304631629384174,0.021328972929996026,-0.10310970574610784,0.068171141488012413,166,1
20250307,166,83,325230,9467.5090810000002,682007,83,432756,16953.037568,819839,0.44941477907513594,0.46864455286325601,0.75570730953772891,-0.019229773788120075,0.0017390716823609074,0.022795349608953464,-0.01152733086434744,166,1
20250310,166,83,414279,14057.092481,670651,83,488697,16336.855023000002,871854,0.42484338770167668,0.46457090872333973,0.7498698545547664,-0.039727521021663048,-0.016650855489753039,0.063445383788768281,-0.04219540485509167,166,1
20250311,166,83,368765,12589.852441999999,686569,83,465872,16105.874763000002,869914,0.43364600046982421,0.46245594002879414,0.74117288785036517,-0.028809939558969933,0.023735146894584516,-0.0022251432005817489,0.011577272034774603,166,1
20250312,166,83,383418,12588.371283,682948,83,472807,17565.650783000001,903963,0.42115785955533558,0.45569024778853107,0.73343054525427076,-0.034532388233195488,-0.0052740511150372359,0.039140650685010242,-0.024201998993885573,166,1
20250313,166,83,465907,15448.509024999999,677544,83,562781,20157.143528999997,920944,0.41318627595448898,0.45156170616454677,0.7217157714039768,-0.038375430210057793,-0.0079127547046041573,0.018785060892979027,-0.014106021068604351,166,1
20250314,166,83,992679,25399.242404999997,781773,83,1500745,65454.907458000001,804020,0.49297199044233853,0.49301734099161998,0.70148247595997715,-4.5350549281453212e-05,0.15383355176933158,-0.12696103128963324,0.13835136704185455,166,1
20250317,174,87,495857,13963.619736000002,803115,87,713335,28253.356310999992,847769,0.48632756190183085,0.48679783597556053,0.68493122472566215,-0.00047027407372968177,0.025550895208711479,0.032558891569861449,-0.0039116076310085866,166,1
20250318,174,87,413013,10457.322269999999,812053,87,496583,19021.635654000005,869745,0.48103755853588609,0.4865566354069622,0.67194514442281417,-0.0055190768710761118,0.01112916581062488,0.025922155681559481,-0.0078975869897582145,174,1
20250319,174,87,444477,12224.044364999998,817913,87,565217,22906.974575,877107,0.47730539116277226,0.49248121587036553,0.6551450720345483,-0.015175824707593266,0.0072162777552696681,0.0084645499542969488,-0.00089309179818265923,174,1
20250320,174,87,683561,20033.446345,779896,87,750597,24457.370671000004,936887,0.44324210456291679,0.47310343305766106,0.63044310201114528,-0.029861328494744266,-0.046480493646634792,0.068155880639420283,-0.057696664346143407,174,1
20250321,174,87,848448,30749.841161,743891,87,1012698,29688.069070000001,1059635,0.39364711824679988,0.43912207475495946,0.58619670578633187,-0.045474956508159581,-0.046166411931847326,0.13101686756247019,-0.092471209232617049,174,1
20250324,174,87,525481,17344.266668,707631,87,705486,20372.745687999995,986739,0.40250603515964845,0.48101374359979421,0.80727231950518485,-0.078507708440145763,-0.048743700353949704,-0.06879349964846386,0.020313541362863636,174,1
20250325,174,87,401786,12312.259722999999,724665,87,515774,15261.594576000001,992994,0.40628087958066705,0.48625448515090686,0.80480817205277644,-0.079973605570239803,0.024071867965083496,0.0063390623052296501,0.0063616565449104981,174,1
20250326,174,87,553254,21386.956776999999,705291,87,592890,17445.118507000003,1022907,0.3886011858160982,0.48708068836779944,0.8019225806302287,-0.098479502551701237,-0.026735112086274347,0.030124049087909898,-0.028694286817115621,174,1
20250327,120,60,429042,14968.253248000001,487336,60,513950,19684.68561,600953,0.42995761088802292,0.48095043015157724,0.65009661955601872,-0.050992819263554312,0.089984768323660411,0.063790472037501364,0.0038889923105171658,102,0.56881850343537022
20250328,120,60,417867,16352.612701999999,496276,60,450785,16602.221674999997,650440,0.40647253536730293,0.48151013230323036,0.64940665343467785,-0.075037596935927431,0.018344632861106096,0.082347537993819817,-0.037257566694140987,120,1
20250331,120,60,550208,22238.612239999999,512186,60,615418,22444.312044000002,724561,0.37794466557688688,0.48497607792785363,0.66182816695734858,-0.10703141235096675,0.032058773746866664,0.11395516880880635,-0.050763222977616082,120,1
20250401,120,60,282542,10833.802363999999,555523,60,325490,10613.306366999999,783713,0.37898286143027576,0.48521996771400544,0.6628010298408944,-0.10623710628372968,0.084611840229916482,0.08163839897537957,-0.01278757902788525,120,1
20250402,122,61,265231,10256.747755000002,540891,61,292415,9564.3302669999994,776799,0.37678370810545703,0.47749441527662806,0.66537273562066945,-0.10071070717117103,-0.02734900265155538,-0.0088603863914468693,-0.0061594819733041825,120,1
20250403,122,61,502185,19536.826959999999,573932,61,501519,18140.824334999998,794773,0.38942927187064291,0.47824539240775593,0.66339934463598804,-0.088816120537113019,0.061086244733227213,0.023138546779797604,0.011434404146650578,122,1
20250407,122,61,1115519,125863.26827499999,513265,61,1418648,53030.243487000014,956993,0.29434664547593709,0.45574460065281375,0.66076430123148455,-0.16139795517687666,-0.10570416007471269,0.20410859452950716,-0.1628451711654447,122,1
20250408,138,69,746125,49587.634225999995,558993,69,952412,40720.267947999993,970323,0.32884300035246522,0.43398072629730089,0.65116888857502309,-0.10513772594483567,-0.0095720534226958788,0.010035601096350757,-0.0098737772554204767,122,1
20250409,138,69,718238,38124.966382999992,594855,69,834037,38414.40254399999,959765,0.35140292340967982,0.44036804825228382,0.64891870682224595,-0.088965124842603993,0.064154649521550353,-0.010880912850669314,0.030353439053799215,138,1
20250410,138,69,594224,23015.202702000002,616618,69,752633,31605.524287999997,961073,0.35885174049917318,0.44886891711814247,0.64469024669596264,-0.090017176618969297,0.036585386354657856,0.0013628336103108573,0.013157556187364115,138,1
20250411,138,69,525199,21751.194572,637145,69,631330,24133.499843999998,955893,0.37226598372848035,0.44728888767945246,0.63091338687463827,-0.075022903950972109,0.033289654210548511,-0.0053898090987885413,0.016294065187669828,138,1
20250414,138,69,451959,13919.243332000002,654506,69,495478,19775.279171999999,942171,0.38139592927269861,0.45495854218391341,0.61228037981382588,-0.073562612911214798,0.027248114636385753,-0.01435516318249009,0.019511775613638847,138,1
20250415,138,69,518360,15877.293464,679002,69,531891,17138.485301000004,928298,0.39376659097450989,0.46264698411749766,0.58359360418092454,-0.068880393142987772,0.037426700442776691,-0.014724503301417682,0.024030533414084378,138,1
20250416,138,69,641742,20280.509696000001,693795,69,643773,22861.899397999994,900882,0.40842419117974277,0.46948782545337486,0.56365019373829306,-0.061063634273632095,0.02178638649076144,-0.029533619591984469,0.026260810054128041,138,1
20250417,138,69,537674,15806.378032000002,694470,69,667890,25575.482190999999,891268,0.40252688002743109,0.47964691199024601,0.54070785968426061,-0.077120031962814917,0.00097290986530603417,-0.010671763893606488,0.0064520902979098588,138,1
20250418,138,69,517865,12992.277840999999,688670,69,607157,18227.027318,894799,0.39584943177031051,0.47803274593665257,0.52468725311325959,-0.082183314166342059,-0.0083516926577101962,0.0039617713190645241,-0.0058843264145779445,138,1
20250421,138,69,431240,12058.548434,680187,69,524202,17797.551604000004,879802,0.39279069549388329,0.4756966214505069,0.47856940016884736,-0.082905925956623605,-0.012317946186126883,-0.016760188601015424,0.0041137527794986826,138,1
20250422,138,69,353590,10966.841961999999,685130,69,435342,15817.196893999997,837505,0.40881165073831721,0.48147821710298949,0.43369093709260592,-0.07266656636467228,0.0072671191892817706,-0.048075589734963092,0.030282264810841616,138,1
20250423,138,69,407831,12564.23697,680958,69,495698,16565.304508999998,838056,0.40447247846645901,0.47479068391554458,0.37687539417016563,-0.070318205449085569,-0.0060893553048326594,0.00065790651996107483,-0.0031018596052238391,138,1
20250424,128,64,317136,12161.295345999999,504912,64,312255,14242.869074,525478,,0.49002028358194472,0,,0.11723474986982817,0.05323567927037047,0.027702092368480827,110,0.62312460582983431
20250425,128,64,278421,11273.617575,522515,64,292432,13923.607112999998,565308,,0.48033089942021817,0,,0.034863500966505055,0.075797654706762224,-0.021571443822242065,128,1
20250428,128,64,269308,11053.173450999999,552917,64,262175,11842.647149,569279,0.51822720114105725,0.4544703608706494,0.59977045008180385,0.063756840270407844,0.058183975579648432,0.0070244893049452688,0.024297151282883338,128,1
20250429,128,64,227373,9305.050135999998,559951,64,233092,9831.7340920000006,588794,0.50677390635574082,0.45805300646452413,0.60329054751054412,0.048720899891216696,0.012721620062324001,0.034280203555725752,-0.011121943047382097,128,1
20250430,128,64,320683,12760.225856000001,574995,64,340184,14028.678753999999,629382,0.49046867395039784,0.45635329849615408,0.61754583490053361,0.034115375454243757,0.026866636544983401,0.068934126366776829,-0.02223644063739124,128,1
20250506,128,64,413619,12014.171173000001,665979,64,415886,14668.422522000003,708518,0.49729915177039835,0.46412273458212006,0.61498133499018182,0.033176417188278295,0.15823441942973418,0.12573603947999784,0.0098374512299720107,128,1
20250507,128,64,439125,12606.624251000001,627774,64,526672,19899.845067999999,679239,0.49671664673748556,0.45390505665651676,0.61681712423671375,0.042811590080968798,-0.05736667372394625,-0.041324285339257437,-0.0064940119912957252,128,1
20250508,130,65,597289,16195.272216999998,655021,65,603056,26935.501611,654867,0.52414409729928535,0.46363491646416427,0.60195604509698541,0.060509180835121079,0.043152472067973506,-0.037147454725067315,0.040031736486171136,128,1
20250509,130,65,255543,6597.5974340000002,662115,65,219504,9227.6547819999996,648345,0.53197994327571863,0.46565760047265653,0.59702776124414325,0.066322342803062095,0.010830187123771604,-0.0099592741732290671,0.01039478184394391,130,1
20250512,130,65,444551,11610.074915000001,691967,65,540483,22428.666262999999,641563,0.55028672896108055,0.4732605707282333,0.5925018559762435,0.077026158232847253,0.045085823459670903,-0.010460480145601494,0.027955069212337653,130,1
20250513,130,65,330490,7345.6006320000006,725490,65,343928,13264.182162000003,656042,0.55607644175515458,0.48069856182596615,0.58950787965823448,0.075377879929188429,0.0484459519023306,0.022568321427513745,0.014280893568198691,130,1
20250514,130,65,831438,21506.028383000001,802200,65,1133187,50526.728677999999,618897,0.6076248521412132,0.50463420371677248,0.58121085330558009,0.10299064842444072,0.10573543398254973,-0.056619850558348402,0.082412133776126786,130,1
20250515,134,67,439580,12209.134126000003,788866,67,524398,22065.864034000002,645846,0.58706634987107575,0.49881600581669161,0.57820454558127343,0.088250344054384144,-0.016861131887309897,0.028964431884465427,-0.022132197872488647,130,1
20250516,134,67,541755,16216.448246999998,772585,67,523427,18717.486685999997,699422,0.54494954510204463,0.49769766316404807,0.57466031071863111,0.047251881937996565,-0.020638486130724356,0.082954760113091969,-0.048690608289329147,134,1
20250519,134,67,410961,11646.680915000001,770059,67,399185,13263.551498999997,730483,0.52922626807212925,0.49236403291790282,0.5648925521578203,0.03686223515422643,-0.003269543157063624,0.04440952672349454,-0.022817146929328461,134,1
20250520,134,67,427126,11195.897467000001,785800,67,558834,19706.203096000005,719166,0.54298213774457127,0.49617495960094837,0.55468163400369175,0.046807178143622896,0.020441290862128748,-0.015492489216039251,0.018032151049420811,134,1
20250521,134,67,422494,10574.100328,797629,67,540768,20533.070605000001,694994,0.566902550716328,0.49728889443395186,0.53282443054944217,0.069613656282376146,0.015053448714685671,-0.033611155143596888,0.023921470651164213,134,1
20250522,134,67,429854,11726.340404999999,801678,67,438169,16541.180636000001,686772,0.57363898495302479,0.50150681767575278,0.51422822399140045,0.072132167277272008,0.0050762948689177549,-0.011830317959579508,0.008221098026762283,134,1
20250523,134,67,634070,17564.328181000001,777571,67,672460,25057.427775000004,720644,0.54472703457512839,0.49354122514885457,0.49734584155144623,0.051185809426273821,-0.030070676755505326,0.049320589657120557,-0.038952601699754778,134,1
20250526,134,67,548011,16277.269950999998,757445,67,541931,15945.392939999998,731393,0.50697166943178207,0.5220545907404347,0.88215574830841237,-0.01508292130865263,-0.025883166939096237,0.014915825289602077,-0.020607856682785849,134,1
20250527,134,67,517021,14501.839984999999,739413,67,482756,13188.172387000002,751526,0.49086354067482513,0.53259310740446564,0.87840146377551331,-0.04172956672964051,-0.023806348975833228,0.027526924649265171,-0.025634085105296883,134,1
20250528,134,67,474532,11729.805369,706811,67,441244,10679.261432999998,725295,0.48716498789649215,0.53646957272334916,0.87056824006044242,-0.049304584826857012,-0.04409173222542747,-0.034903649374738867,-0.0042731459838397145,134,1
20250529,124,62,452070,13920.496909999998,524804,62,453724,17214.966104000003,549587,0.47730625633586904,0.53058295565626945,0.79052318941614363,-0.053276699320400411,0.11683454059064094,0.096776720161267052,0.0066382408608553264,106,0.65669719978828378
20250530,124,62,490789,17745.666342,550006,62,427775,15893.885681000003,585424,0.47102531655483615,0.53387926361480875,0.78715816915177506,-0.062853947059972604,0.048021737639194824,0.065207146457248802,-0.0098986309453448513,124,1
20250603,124,62,463235,14114.091782999996,602839,62,410510,14806.194688,625297,0.48345937406618755,0.51697916897261642,0.7793094575845021,-0.033519794906428868,0.096058952084159085,0.068109609445461752,0.011414177888553236,124,1
20250604,124,62,308925,9249.9988599999997,625307,62,325618,11318.648996000002,646614,0.48520256339944956,0.51363251894420636,0.7741282674002552,-0.028429955544756802,0.037270315955006232,0.034090999956820515,0.00093719262361823116,124,1
20250605,124,62,271069,9318.1756499999992,635267,62,326426,11889.512205999999,669658,0.48049115598407049,0.50791695988740326,0.7691422878709504,-0.027425803903332768,0.01592817607990955,0.035637954018935561,-0.0102868024036084,124,1
20250606,124,62,259733,8248.2362589999993,646889,62,306297,11718.494544000001,687104,0.47814876822322183,0.50712788528719865,0.76610521944268073,-0.028979117063976823,0.018294669800257214,0.026052104208416832,-0.0044630917485679253,124,1
20250609,124,62,386042,11325.228907000001,660410,62,411175,14488.337218000002,714679,0.47445928874937793,0.49864766225781343,0.75989263240415716,-0.024188373508435501,0.02090157662288275,0.040132207060357673,-0.010535287666427036,124,1
20250610,124,62,550289,18242.857962999999,647029,62,537174,18128.208779000001,726127,0.46481163054335822,0.48993911610916124,0.74582276157989336,-0.025127485565803021,-0.020261655638164171,0.016018380279817931,-0.018056285811318396,124,1
20250611,124,62,447277,12946.127597999999,676376,62,516233,19021.158263000001,707231,0.4867563918615106,0.49462426929178349,0.73393022729720214,-0.007867877430272896,0.045356545069850041,-0.02602299597728772,0.03513293464107501,124,1
20250612,124,62,355135,11330.905296000001,685047,62,371286,13397.924329000001,716438,0.48765264237309758,0.49177634950898991,0.72156962079508524,-0.0041237071358923294,0.012819792541426662,0.013018377305293462,-0.00038739324099979259,124,1
20250613,124,62,466694,15348.944768000001,677702,62,469444,14940.820586,762989,0.46244780043530798,0.48944507409301152,0.7054198297900105,-0.026997273657703547,-0.010721892074558387,0.064975615475449375,-0.038456351655565345,124,1
20250616,124,62,481029,14657.904942999998,704400,62,468316,15048.077290999998,749016,0.48379628022921101,0.48658951300591352,0.6938846139026954,-0.0027932327767025145,0.039394896281846593,-0.018313501243137187,0.028230203423218442,124,1
20250617,124,62,414703,11143.391492999999,703609,62,370013,11755.623125,774171,0.47453248761275069,0.47958203218832574,0.68448889550542025,-0.005049544575575049,-0.0011229415105053946,0.033584062289724118,-0.017851736873682415,124,1
20250618,124,62,424154,12330.604096000001,699260,62,465943,13931.652339999999,776952,0.47137087462344951,0.47817822823750217,0.66000344124014709,-0.006807353614052658,-0.0061809897258278393,0.00359222962368779,-0.0048248047747296617,124,1
20250619,124,62,585377,18485.936102000003,692734,62,566058,15931.157538000003,796239,0.46027153608549398,0.47389548623637073,0.63510688239477819,-0.013623950150876751,-0.0093327231644881724,0.024823927346863128,-0.017485970849715354,124,1
20250620,124,62,520960,14211.054314000003,689063,62,490284,14447.991651999999,747535,0.47908261678298902,0.48052412698637609,0.60699096058883562,-0.0014415102033870641,-0.0052992923690767307,-0.061167564010303439,0.030244336196828283,124,1
20250623,124,62,725336,20099.498435999998,705158,62,624093,19880.645787000001,713584,0.49131104201595804,0.52372905055831886,0.82357257344887236,-0.032418008542360821,0.023357806180276695,-0.045417271432106859,0.034836467821895895,124,1
20250624,124,62,733056,15986.545786000001,755535,62,885162,30227.283818,695146,0.51587595817756038,0.54275284018429304,0.81627111680652054,-0.026876882006732661,0.071440726759109299,-0.025838583824749434,0.04850423826178403,124,1
20250625,126,63,663315,17611.881797000002,815393,63,1020870,37697.439571000003,645498,0.56122067712075741,0.5450689175040746,0.80974555938807202,0.016151759616682804,0.07841066264302779,-0.098964821778446538,0.088259927578840561,124,1
20250626,94,47,409847,12551.481,525849,47,517402,20521.009100000003,497206,0.49824963339272532,0.55084413803909282,0.70055568859934214,-0.052594504646367501,0.078581842168284927,0.10510897670054506,-0.0073954297629730123,70,0.6125556252999026
20250627,94,47,679564,20708.900700000002,518225,47,718154,26369.231500000002,579541,0.44132818714060318,0.54333607369973647,0.69860972192616644,-0.10200788655913329,-0.014498458683005958,0.16559534679790669,-0.087931733875500337,94,1
20250630,96,48,355800,11263.050000000001,543532,48,397080,14205.9094,608764,0.44232970028970775,0.53593232623050135,0.68627939348917288,-0.093602625940793605,0.047793911910849536,0.050137954001528796,-0.0039070257231504707,94,1
20250701,96,48,307986,8289.886199999999,564742,48,297597,10938.4784,614653,0.45415003632961409,0.53166969702616584,0.68149517337278864,-0.077519660696551751,0.039022541451101317,0.0096736994960280182,0.013296062817192804,96,1
20250702,96,48,317804,9576.6373999999996,586532,48,360376,14569.8218,617101,0.47031953471793919,0.52388402333370021,0.68296482399535408,-0.053564488615761019,0.03858399056560341,0.0039827349740422643,0.016399933864396577,96,1
20250703,96,48,358072,9657.7798000000003,606984,48,349778,13889.329600000001,620815,0.48042602118870953,0.52419035249420265,0.68144052894651319,-0.04376433130549312,0.034869367741231512,0.0060184637522869028,0.013906232215301509,96,1
20250704,96,48,737801,21855.0072,654759,48,928945,36368.165999999997,610012,0.51610684289914954,0.5209559518100304,0.67356462157971675,-0.0048491089108808616,0.078708829227788546,-0.017401319233588106,0.047709763568792612,96,1
20250707,96,48,345554,9541.5269000000008,649144,48,338269,11497.3789,627664,0.50173412437857612,0.52184569077767928,0.66797827081283956,-0.020111566399103165,-0.008575674408446466,0.028937135662904991,-0.018396215599503784,96,1
20250708,96,48,471786,12576.313999999998,681001,48,633911,22111.480299999999,649414,0.51194029171709088,0.51173629841735613,0.66085244077975669,0.00020399329973475044,0.049075397754581418,0.034652298044813783,0.0079158338606900962,96,1
20250709,96,48,456042,12368.5491,704651,48,522285,19485.962299999999,658175,0.51871393717698799,0.51384751517911031,0.65835183655140128,0.004866421997877679,0.034728289679457153,0.013490623854736731,0.011191244837137284,96,1
20250710,96,48,666537,17123.725300000002,764029,48,830261,31400.334300000002,650875,0.55208233416754593,0.51767938698057381,0.64840582823993709,0.034402947186972122,0.084265828048211103,-0.011091275116800242,0.048926275254507913,96,1
20250711,96,48,1199300,32006.488899999997,834090,48,1605631,70949.819300000003,684901,0.55844485484858419,0.53188816112228354,0.64841529673316034,0.026556693726300651,0.091699398844808253,0.052277318993662378,0.025468158970502593,96,1
20250714,96,48,464754,11633.1708,842842,48,539811,18971.404399999999,717423,0.54606725467809514,0.52956791856539176,0.64388357106004424,0.016499336112703378,0.01049287247179561,0.047484234947824576,-0.015648545646419234,96,1
20250715,96,48,828163,22999.299800000001,806367,48,833562,28014.099099999999,753022,0.51640107270743685,0.51827592336829442,0.62483254659356968,-0.0018748506608575743,-0.043276201233445888,0.049620656154040224,-0.046193435089552093,96,1
20250716,96,48,672527,17635.210200000001,790887,48,626378,21197.8305,774495,0.49679177315554873,0.51793589626693415,0.60064508215885959,-0.021144123111385416,-0.019197214171710896,0.028515767135621536,-0.023697101877722622,96,1
20250717,96,48,524747,12756.027999999998,791747,48,588267,20115.255899999996,763246,0.50486497443636114,0.5148880156758564,0.57105080215795179,-0.010023041239495267,0.0010873866936743175,-0.014524302932878843,0.0077354920396427197,96,1
20250718,96,48,772902,17178.336800000001,809088,48,967824,36201.897700000001,719837,0.53338866690171194,0.52436799656209232,0.53427342740814621,0.0090206703396196186,0.021902198555851807,-0.056874192593213718,0.039067699983215361,96,1
20250721,104,52,454711,10787.316500000001,790696,52,739649,25018.1214,707871,0.54906828490866744,0.50792890434978633,0.47900160620112414,0.041139380558881111,-0.023463455149501662,-0.038605962183105344,0.0057596023349739192,96,1
20250722,104,52,702825,18476.888599999998,803752,52,1044592,39519.168300000005,668005,0.59595124242989816,0.50968852067609705,0.42230069230178624,0.086262721753801119,0.016512034966662283,-0.056318170966178867,0.035315070997826589,104,1
20250723,104,52,762595,21430.600999999999,830884,52,1293033,58560.430500000002,631948,0.67014328112459609,0.50961161408292432,0.36369931748826934,0.16053166704167177,0.033756681165334583,-0.053977140889664002,0.042934397458276062,104,1
20250724,98,49,465870,17115.0766,546740,49,521231,28508.445,503567,,0.52055256225084667,0,,0.14726560935349017,0.09831001590521718,0.026838174862296022,80,0.63630068251173066
20250725,106,53,400030,16953.033499999998,570029,53,480369,24533.546700000003,588853,,0.49187837933456557,0,,0.040088524710099861,0.1425232392114654,-0.047464217604947886,98,1
20250728,106,53,408865,14778.692100000002,596627,53,418294,22676.070800000001,612081,0.45718098919810918,0.55541697438380344,0.62919662978982516,-0.098235985185694263,0.046660783925028378,0.039446177568934863,0.0029079751001396172,106,1
20250729,106,53,379485,14860.292200000002,617903,53,409206,21280.177199999995,616829,0.46780013502293061,0.55510801031352242,0.62621038411574337,-0.087307875290591808,0.035660471282727736,0.0077571432539157402,0.013674104912021761,106,1
20250730,106,53,792967,28409.310600000001,631458,53,931754,51752.6394,626121,0.47220670408834603,0.55195226386298113,0.62486650938032517,-0.0797455597746351,0.021937100159733811,0.015064142574360156,0.0034525710842514814,106,1
20250731,106,53,792280,32807.798000000003,640996,53,855907,37737.538,731919,0.41718182878549814,0.55409252597641012,0.63695276109591636,-0.13691069719091198,0.015104725888340951,0.1689737287201675,-0.076543899031392859,106,1
20250801,106,53,657708,25024.963399999997,660303,53,599746,22662.474600000001,783141,0.4068452520866544,0.5507767548906789,0.64841310088926207,-0.1439315028040245,0.030120312763262172,0.069983153873584378,-0.023246158720678266,106,1
20250804,106,53,403671,14044.573200000001,675559,53,378467,13827.923800000002,787547,0.41313671371868677,0.55198806322273453,0.65003834308655695,-0.13885134950404776,0.023104544428845544,0.0056260622288962017,0.007516744674542275,106,1
20250805,106,53,455400,13882.437099999999,684411,53,463691,18208.059800000003,751464,0.43455184962164112,0.55173510077561461,0.64074240445721253,-0.11718325115397349,0.013103222664489704,-0.045816948067861345,0.030712060506894238,106,1
20250806,106,53,339332,10245.638800000001,704447,53,362866,15584.929099999999,749518,0.44557034511115845,0.55340035166526647,0.63896586231442987,-0.10783000655410802,0.029274807096905223,-0.0025896117445413222,0.015309132062331331,106,1
20250807,106,53,426442,13233.563499999998,718649,53,495213,20710.663,752190,0.45164910112000339,0.55371688180464229,0.63799640885236253,-0.1020677806846389,0.020160494685902558,0.0035649577461782105,0.0079300395814204602,106,1
20250808,106,53,330320,10675.242999999999,720520,53,357806,13604.753799999999,756711,0.44994039001958613,0.55379878056717202,0.63594657842950764,-0.10385839054758589,0.0026034962826080605,0.0060104494874965103,-0.0018016927753479477,106,1
20250811,106,53,425737,12650.061499999998,735809,53,481453,18906.785,781621,0.44995018348823179,0.54623395530448393,0.63696315480780008,-0.096283771816252139,0.021219397102092932,0.032918776124570677,-0.0065128608863474977,106,1
20250812,106,53,561954,15955.0283,765661,53,713251,30183.701400000002,752065,0.47823417815511338,0.54916765797402889,0.63000699731044996,-0.070933479818915512,0.040570311045393576,-0.037813723019212639,0.039150405620028604,106,1
20250813,106,53,630732,17766.635399999999,786742,53,922352,35818.466399999998,760507,0.48438422084685295,0.54850722521230133,0.62425763403304835,-0.064123004365448377,0.027533072730620993,0.011225093575688272,0.008327590092019244,106,1
20250814,106,53,932435,26926.905900000002,828574,53,1363895,62087.4542,722383,0.51700429596458297,0.56227468625484511,0.61940401958274793,-0.045270390290262141,0.05317117937011117,-0.050129716097287731,0.051676233107922513,106,1
20250815,106,53,739987,21773.6096,850970,53,1136215,44401.843099999998,805439,0.51525393312197165,0.51161216208542815,0.58535422108911506,0.0036417710365435063,0.027029571287537385,0.11497502017627768,-0.039111335775266494,106,1
20250818,106,53,790437,23157.250000000007,877647,53,1230791,57913.950100000002,825316,0.52344436138446016,0.50443315449650505,0.57500485917779776,0.019011206887955101,0.031348931219666969,0.024678467270643711,0.0041052662717963985,106,1
20250819,106,53,780802,23935.874900000003,865567,53,974849,40692.754999999997,928194,0.47303988995873453,0.49521589299211255,0.57146409137003207,-0.022176003033378022,-0.013764075989549329,0.1246528602377756,-0.067504696226518127,106,1
20250820,106,53,809445,24966.632399999999,899243,53,899894,36252.000999999997,891711,0.50054777329650579,0.50403042262538955,0.55349606969246556,-0.0034826493288837579,0.038906289172299775,-0.039305360732777843,0.039112791503438861,106,1
20250821,114,57,628954,16741.839100000001,903659,57,865350,40761.720399999991,855412,0.51809065469252713,0.50879402445856914,0.52919694543312923,0.009296630233957992,0.0045905278106140391,-0.05779675253529451,0.031081758660468108,106,1
20250822,114,57,845671,21986.940900000001,909357,57,1325218,68129.229099999997,756930,0.56384933706382778,0.52859602723275412,0.48626617143385265,0.035253309831073665,0.0063054758487438292,-0.11512814877509317,0.059224442901963596,114,1
20250825,122,61,860766,28128.683299999997,904944,61,1454708,87953.972500000003,755176,0.54760586400593003,0.52677185526771853,0.88008637929788203,0.020834008738211507,-0.0060493293612959489,-0.055941764760281662,0.02211083684863412,114,1
20250826,122,61,669594,23112.7156,916679,61,945032,58761.286899999999,797919,0.53409126854419497,0.53879437156973142,0.88502144526005511,-0.0047031030255364481,0.012967653247051751,0.056600050849073595,-0.018678167843288438,122,1
20250827,122,61,778069,31008.387599999991,924364,61,1065221,65206.065499999997,853950,0.51620625251075858,0.54773316222019297,0.88607467522608496,-0.031526909709434392,0.0083835235671374606,0.070221413451741349,-0.028196696835059879,122,1
20250828,112,56,707733,31180.3508,646534,56,884757,54721.556699999994,707534,0.46043883728970536,0.55410777295484348,0.81812065568346637,-0.09366893566513812,0.10176232623568164,0.088165796056735621,0.0018772901738854523,94,0.67876595471890788
20250829,112,56,650308,28156.4676,697102,56,980491,73525.669500000004,730634,0.47354532815719513,0.55312691809315961,0.81513809275664406,-0.079581589935964481,0.078213984106017626,0.032648607699417978,0.020285539574083428,112,1
20250901,112,56,425432,16081.8184,716091,56,532900,37919.423199999997,779449,0.46287560401518479,0.54945673488953128,0.81587119033927546,-0.08658113087434649,0.027239916109837586,0.066811837390540266,-0.020890416715695338,112,1
20250902,112,56,614656,24968.377,734307,56,762350,53359.831099999996,810453,0.45702935366187775,0.55250855072757077,0.80808280898003571,-0.095479197065693022,0.025438107726531965,0.039776816700002181,-0.0085507575858887099,112,1
20250903,112,56,729949,31403.547900000001,768837,56,963841,51779.318400000004,879700,0.449985322375062,0.52856935113282721,0.79143325263551867,-0.078584028757765212,0.047023928683779401,0.085442339037550608,-0.022474041275020069,112,1
20250904,112,56,909842,44977.8995,760736,56,965523,51676.650599999994,968734,0.41456738965326073,0.52855557408140719,0.77805454850329869,-0.11398818442814646,-0.010536693733522191,0.10120950323974082,-0.058921941090797479,112,1
20250905,114,57,614355,23970.606400000001,767325,57,769080,41049.171800000004,929074,0.4291966953229871,0.52835376563380565,0.76674296554053611,-0.099157070310818551,0.0079580826988600514,-0.041378747932869088,0.026678115260744623,112,1
20250908,114,57,442440,16040.571599999999,782241,57,502298,25968.033400000004,967259,0.42201927803062422,0.52736540375874019,0.76170620177193482,-0.10534612572811597,0.019438960023458119,0.04110006307355496,-0.013716702261673109,114,1
20250909,114,57,542957,20286.094400000002,783974,57,543699,25580.360100000002,972921,0.42156689873225306,0.51977106590355304,0.74888937585911508,-0.098204167171299983,0.0022154297716432659,0.0058536545020516735,-0.00224578450985996,114,1
20250910,114,57,476193,15800.9998,785891,57,482688,23088.946,945745,0.4288215618226025,0.52353658696536076,0.73582323305821773,-0.094715025142758258,0.0024452341531734471,-0.027932380943570957,0.016559327677521992,114,1
20250911,114,57,683865,23010.089699999997,804257,57,919986,42898.641900000002,892807,0.4494642337634186,0.53774606707621986,0.72308469215067905,-0.088281833312801261,0.023369653043488221,-0.05597491924355931,0.041177245102319425,114,1
20250912,114,57,445758,14754.953199999998,792260,57,669877,32759.5726,948829,0.43015468844139637,0.51658480334848234,0.71211006444817004,-0.086430114907085964,-0.014916873586428219,0.062748163936886689,-0.04008039767504349,114,1
20250915,114,57,397117,13804.5406,798739,57,476249,23188.931099999998,980761,0.42204629188297887,0.51080994589445328,0.69796684461927505,-0.088763654011474402,0.0081778709009668535,0.033654114703492409,-0.014619011434797416,114,1
20250916,114,57,477890,16215.388199999999,799370,57,487662,22108.019499999999,1022767,0.40809701716180846,0.50578474173633348,0.68673486131942874,-0.097687724574525014,0.00078999522998125793,0.042830006494956468,-0.023250913177858948,114,1
20250917,114,57,513195,18038.611299999997,815341,57,587558,27323.970399999998,1063556,0.4030481291822437,0.49890284434919435,0.67765289954691499,-0.095854715166950655,0.019979483843526779,0.039881028621377108,-0.013620271143168708,114,1
20250918,114,57,1131934,48985.255400000002,813735,57,1443669,56092.417399999998,1150414,0.39789806479750672,0.43888999205718826,0.60002219790861078,-0.040991927259681538,-0.0019697280033752749,0.081667537957568759,-0.047082942811660249,114,1
20250919,114,57,823370,26197.263200000001,804615,57,723421,28948.503100000002,1120311,0.40948208630927552,0.42941933412309019,0.57286981421623484,-0.019937247813814674,-0.011207579863223285,-0.026167101582560713,0.010682998082121061,114,1
20250922,114,57,469642,20498.577799999999,762479,57,640726,23969.437700000002,1088222,0.37747773367146731,0.58322355813361759,0.83223492071382676,-0.20574582446215028,-0.052367902661521346,-0.028642939326669111,-0.0052194214219144011,114,1
20250923,114,57,661067,28541.786700000001,762581,57,793223,31808.0448,1069979,0.37743049692818426,0.5934839963684887,0.82088553717204349,-0.21605349944030444,0.00013377417607566896,-0.016764042631007278,0.0099124601975143466,114,1
20250924,114,57,509598,20053.175899999998,763847,57,667566,29423.839799999998,1000480,0.39598415393005859,0.59219681011134517,0.81165622925908865,-0.19621265618128658,0.0016601515117738313,-0.064953611239099082,0.038615379578294848,114,1
20250925,94,47,407250,13379.775599999997,502649,47,476583,22614.8433,650825,0.36586273690607313,0.5876310491633755,0.68477486271905563,-0.22176831225730237,0.057926291082881672,0.073722178235242367,-0.016187545419132275,76,0.59509546699676419
20250926,94,47,375852,13529.671399999999,530564,47,412376,20298.096700000002,695731,0.3648071783441233,0.58061336708650635,0.68560256708214584,-0.21580618874238305,0.055535771482684737,0.06899857872700034,-0.014730284341042798,94,1
20250929,94,47,545535,23003.216800000009,564480,47,928214,47829.568100000004,723789,0.37535811081199066,0.57336909309365158,0.68278907588399629,-0.19801098228166092,0.063924427590262442,0.040328805242255988,0.0047769908545659892,94,1
20250930,94,47,365695,10086.4049,579666,47,453772,22430.620199999998,756980,0.37333428511811284,0.56262028370525441,0.68123497171277958,-0.18928599858714157,0.02690263605442177,0.045857287137549753,-0.013976118341743844,94,1
20251009,94,47,769505,18886.579700000002,631668,47,896093,46036.775899999993,795142,0.38513629111937075,0.55224509058066829,0.65545097104730132,-0.16710879946129753,0.089710281437931499,0.050413485164733547,0.010354274804248843,94,1
20251010,102,51,674471,22892.052899999999,648172,51,794075,37899.3701,915203,0.35101437724534668,0.52628590773484174,0.63722843207803626,-0.17527153048949506,0.025111292641070943,0.13717046766489507,-0.065326147139422905,94,1
20251013,102,51,842522,29465.464200000002,654864,51,700383,29942.0753,948237,0.33551003433553767,0.52216867431439273,0.60897473084977183,-0.18665863997885507,0.010324420061341743,0.036094724339845917,-0.016849444311185735,102,1
20251014,102,51,961430,31796.154200000001,670280,51,909829,42740.691299999991,953659,0.34216783992598315,0.51363165146055012,0.5883583065620076,-0.17146381153456697,0.023540765716240319,0.0057179797877534837,0.0062341674042995423,102,1
20251015,102,51,818916,22041.434600000001,704890,51,748457,35382.601900000001,915281,0.37061797795635049,0.51939302067810034,0.56677289002210263,-0.14877504272174985,0.051635137554454855,-0.040242896045651538,0.044945037960169687,102,1
20251016,102,51,774971,20010.266299999999,702400,51,816493,41829.638099999996,830293,0.40424931579839668,0.52139230711558571,0.53877717194506658,-0.11714299131718903,-0.0035324660585339556,-0.092854544123607941,0.050919316541278667,102,1
20251017,102,51,900981,28041.754000000001,677507,51,839177,39248.336199999998,886126,0.36352004899842599,0.50109332203441126,0.49285030438728267,-0.13757327303598527,-0.035439920273348517,0.06724493642605682,-0.052669386498144115,102,1
20251020,102,51,557095,18342.780999999999,650867,51,564562,24228.756499999996,848385,0.35690343777787825,0.49543758719796299,0.44256069026421174,-0.13853414942008474,-0.039320626945551856,-0.04259100850217689,0.007099492016349105,102,1
20251021,102,51,634834,18554.5226,674217,51,614707,30389.565300000002,809253,0.37639316586685007,0.50402054393844753,0.38811502760419825,-0.12762737807159746,0.035875224892335918,-0.046125285100514508,0.041675448823813473,102,1
20251022,102,51,567343,15799.8298,686468,51,501517,27325.1466,801536,0.38264688067837677,0.50138525504512732,0.33730016854793399,-0.11873837436675055,0.018170707650504214,-0.0095359547632199084,0.013460332868207648,102,1
20251023,98,49,406947,20654.351600000002,540833,49,493612,28375.242399999999,546480,,0.49740323163615263,0,,0.087932024853564605,0.10692843370945566,-0.009228272994625291,80,0.66269983145206601
20251024,100,50,351927,15850.072099999998,559429,50,490719,31649.266199999998,568728,,0.49587867646081174,0,,0.033923595638579745,0.039626335821987997,-0.0030423622268840713,98,1
20251027,100,50,337632,14564.951500000001,587667,50,535289,33430.234399999994,589095,0.45636159034382906,0.56203866212276465,0.59280041333761624,-0.10567707177893559,0.05047646797001943,0.035811495125965313,0.0069768658085709702,100,1
20251028,100,50,367638,14757.572399999999,599155,50,395210,24614.626399999997,616210,0.44680005263792782,0.56232852323645222,0.60024107984021258,-0.11552847059852439,0.01954848579212377,0.046028229742231731,-0.013279660628062429,100,1
20251029,100,50,286894,10099.449500000001,607510,50,308254,18993.240699999998,625544,0.44952206893205454,0.55789992384536125,0.60171573994326277,-0.1083778549133067,0.013944638699501799,0.015147433504811672,-0.00080551932958411671,100,1
20251030,100,50,382987,18152.201900000004,617170,50,490370,29525.557499999995,652536,0.44085635611468543,0.55489674953718049,0.60350191304128675,-0.11404039342249506,0.015900972823492617,0.043149642551123503,-0.014056156502472722,100,1
20251031,100,50,564916,24757.626399999997,654657,50,495040,27361.267199999998,735563,0.41761252492305084,0.55439727625884405,0.61041561767202313,-0.13678475133579321,0.060740152632175901,0.1272374244486128,-0.035866570686442376,100,1
20251103,100,50,462100,19534.890600000002,685067,50,454868,21796.413700000001,781363,0.41071577851516389,0.55613271101258288,0.61180076785117599,-0.14541693249741899,0.046451806060272785,0.06226523085038263,-0.011070190329588123,100,1
20251104,100,50,486170,18828.601699999999,689133,50,448116,22873.189600000002,800706,0.40457118832846872,0.55319793198964273,0.60986724068842335,-0.14862674366117401,0.0059351859015249605,0.024755459370356673,-0.010417817420538314,100,1
20251105,100,50,457145,18275.5589,705972,50,404307,20154.922699999999,807684,0.41135238829752085,0.55247117959174685,0.60990674235097009,-0.141118791294226,0.02443505099886379,0.0087148091808978579,0.0066188359950303359,100,1
20251106,100,50,514105,17455.024000000001,709724,50,502057,26105.975600000002,751991,0.43746627461381576,0.55718113876760422,0.59841487567685903,-0.11971486415378846,0.005314658371720125,-0.068953947335839261,0.039272463492365503,100,1
20251107,100,50,326040,10692.376099999999,706929,50,267323,13717.9949,756556,0.43956788471505664,0.54967225483138604,0.60512885338763289,-0.1101043701163294,-0.0039381506050239247,0.006070551376279769,-0.0050351812767878831,100,1
20251110,100,50,365615,11872.661199999999,719250,50,376014,18837.096300000001,755947,0.4471252526276086,0.54874180623884217,0.60206535127172844,-0.10161655361123356,0.017428907287719134,-0.00080496354532909656,0.0088350751801350887,100,1
20251111,100,50,367109,13483.562600000001,711128,50,380354,18024.322400000001,785146,0.42535932049652575,0.54914142778760389,0.59681916547370339,-0.12378210729107814,-0.011292318387208898,0.038625723761057322,-0.025298993964873843,100,1
20251112,100,50,452992,15930.438999999998,722346,50,462601,23957.084600000002,760377,0.44022596763110372,0.55361558233402719,0.58594693681827281,-0.11338961470292347,0.015774937845226177,-0.031546998902115021,0.024051076206630603,100,1
20251113,100,50,415267,13751.627899999999,742900,50,425231,24305.079299999998,721691,0.46708657424075151,0.56065224792930857,0.57084674151350101,-0.093565673688557061,0.028454507950483564,-0.050877393713907704,0.039953517953117336,100,1
20251114,100,50,401669,14156.2102,718979,50,384500,19614.101800000004,755390,0.43924205627723761,0.55095649070743691,0.56666343364517291,-0.11171443443019929,-0.032199488491048596,0.04669449944643899,-0.039342041566553396,100,1
20251117,100,50,626528,24687.968199999999,720596,50,566395,23504.806199999999,819966,0.40367114830875361,0.54544214228575782,0.54802013810544459,-0.14177099397700421,0.002249022572286534,0.085486966997180266,-0.042702335711073687,100,1
20251118,100,50,521569,19312.084500000001,723308,50,491986,20410.222300000001,864826,0.38111544680292131,0.54330320279514666,0.54170554877611088,-0.16218775599222535,0.0037635512825494452,0.054709585519399584,-0.027358846966236996,100,1
20251119,100,50,522492,18953.069200000002,720826,50,494307,21774.205099999999,808920,0.40501805635191279,0.54287651574358231,0.51988238570324752,-0.13785845939166952,-0.0034314565855762692,-0.064644217449521632,0.033639478784535812,100,1
20251120,100,50,473968,17610.696700000004,703962,50,504549,21399.508099999999,806581,0.39555674722247414,0.53755482163627244,0.50368576068340987,-0.1419980744137983,-0.023395382519498464,-0.0028915096672106019,-0.0094950403531043719,100,1
20251121,100,50,842887,37815.379999999997,653363,50,824863,32071.448199999999,866757,0.34742615347986444,0.50039269621680249,0.46142475594032051,-0.15296654273693805,-0.071877459294677842,0.074606270170013922,-0.073334555851769859,100,1
20251124,100,50,511228,22190.325999999997,633652,50,501483,16769.939299999998,860216,0.41055034767400345,0.52887053623356983,0.88490281604532661,-0.11832018855956639,-0.030168528061735971,-0.007546521112607109,-0.0086637897008130932,100,1
20251125,100,50,434812,17314.782999999999,646227,50,493147,17359.535,827407,0.42742140672971501,0.52006340579710142,0.88013305881921833,-0.092641999067386405,0.019845277849671428,-0.038140420545537401,0.030380194234028709,100,1
20251126,100,50,327731,12589.3351,663304,50,364378,14283.400399999997,813342,0.43960922456369,0.51696327583286428,0.87606169657453448,-0.077354051269174273,0.026425698709586571,-0.016998889301154087,0.021132791452965934,100,1
20251127,98,49,300714,11619.981400000001,542917,49,324281,14378.906700000001,552561,0.49357608966490485,0.50343958573584868,0.79498355968809964,-0.0098634960709438335,0.050002987988287083,0.068764029712089378,-0.0093570899061800033,80,0.67966459124258627
20251128,98,49,248044,10403.686800000001,567988,49,242566,11311.4,576998,0.49614105262925012,0.49578186013121256,0.78953192440780939,0.00035919249803756381,0.046178329284218396,0.044224981495255729,0.00057874279538247227,98,1
20251201,98,49,304140,10745.3969,590411,49,292413,15118.706199999999,571292,0.51023146520456253,0.50138261818818064,0.77368828349414609,0.0088488470163818889,0.039477946717184166,-0.0098891157335034095,0.024567112610983891,98,1
20251202,98,49,224151,8041.1204000000007,598040,49,207101,9208.6751000000004,601893,0.49861163153870647,0.49766947390497818,0.76953129883085136,0.00094215763372829109,0.012921507221240797,0.053564551927910771,-0.019774417385510754,98,1
20251203,98,49,306120,10882.218499999999,615439,49,245388,10545.755499999997,635672,0.49140935980886624,0.4935334966220763,0.76243195048241119,-0.0021241368132100535,0.029093371680824025,0.056121270724198487,-0.013650762167554354,98,1
20251204,98,49,246539,9040.4758000000002,628064,49,265098,10909.449699999999,643614,0.49421111923220284,0.49288275667060821,0.75527138159188101,0.0013283625615946315,0.020513812091856383,0.012493864760442492,0.0037430731565784329,98,1
20251205,98,49,405412,14576.6441,660303,49,485776,21329.268900000003,619346,0.52339183749094642,0.49471864622662964,0.74231605698125036,0.028673191264316777,0.051330756101289038,-0.037705829891829572,0.044434990618694353,98,1
20251208,98,49,413444,13597.025699999998,667988,49,525600,25931.507299999997,620387,0.53107426239386346,0.48606236033248496,0.72005200349277187,0.045011902061378506,0.011638596220220111,0.0016808052364913958,0.0051920487571201169,98,1
20251209,100,50,254428,9262.193299999999,669837,50,320986,13289.590099999999,666866,0.50579222740319829,0.48995215311004786,0.70448932934241937,0.01584007429315043,0.0026317838044994822,0.071798732081748973,-0.033208499078296302,98,1
20251210,100,50,352234,13377.198199999999,661499,50,413662,15822.659799999999,693101,0.48976751461213597,0.48509036907032083,0.69378488114572567,0.004677145541815142,-0.01244780446586259,0.039340737119601239,-0.025864384234942243,100,1
20251211,100,50,373147,11023.446800000002,660995,50,346484,13324.7983,713794,0.47702564822362703,0.48858458685165534,0.67369247208117022,-0.011558938628028315,-0.00076190591368996776,0.029855677599657193,-0.015648161818987157,100,1
20251212,100,50,454347,14363.5574,665016,50,418870,18121.836899999998,690587,0.49183710747873066,0.4880347020172095,0.66634184196995727,0.0038024054615211633,0.0060832532772562573,-0.032512181385665889,0.019805221019370971,100,1
20251215,100,50,444890,13353.066499999999,666792,50,407275,17990.199400000001,667105,0.50660446527075875,0.48749411205531362,0.64826444620536672,0.019110353215445131,0.0026706124363925078,-0.034002956904778107,0.018632298689218008,100,1
20251216,100,50,747093,25103.313000000002,635678,50,559030,19492.630999999998,730377,0.46290381129490987,0.46936416858642405,0.62313230433620903,-0.0064603572915141738,-0.046662227501229767,0.094845638992362521,-0.070759586384855799,100,1
20251217,172,86,641859,22797.127773999997,655364,86,727875,29427.086911000006,668046,0.51030037327915945,0.47484952670357428,0.57428990260010127,0.035450846575585171,-0.071523633034334996,-0.18004948129527629,0.062982822799960467,100,1
20251218,180,90,495356,13068.673004,651412,90,409645,17813.396848,662436,0.5113263248549792,0.47672056704853411,0.55147246865695265,0.034605757806445092,-0.0061385733729652529,-0.012008155127042151,0.0030217392947008109,172,1
20251219,180,90,399389,11521.778337,661409,90,479281,20094.104501999998,657999,0.52216868380800618,0.47856043670721743,0.52127317706122744,0.043608247100788755,0.015346662327374994,-0.0066980055431770016,0.010986050136697701,180,1
20251222,180,90,322074,8574.0064050000001,619975,90,406377,17912.915830000002,635952,0.51858344900271747,0.47218877776938584,0.46235012066784137,0.04639467123333163,-0.062645050188310111,-0.03350612994852576,-0.014693711118926063,180,1
20251223,180,90,422067,10746.453595000001,659363,90,458723,20486.065144,644621,0.54020804742925688,0.48178894021524227,0.40849197536166088,0.058419107214014609,0.063531594015887732,0.013631531939517447,0.024459224142804478,180,1
20251224,180,90,339137,9882.5633990000006,646260,90,449035,17905.721059999996,635000,0.55613342067477889,0.47605835236819438,0.35386494544432823,0.080075068306584507,-0.019872209996617946,-0.014925048982270202,-0.0026702781629222446,180,1
20251225,144,72,293036,8634.5384759999997,462970,72,260001,11644.163096,477817,,0.49210926596562238,0,,0.14690710532258514,0.078369306104381753,0.028875411146959597,126,0.64613505455567177
20251226,144,72,422296,15225.999101000001,497428,72,482276,23598.188123999997,509176,,0.49416453739504312,0,,0.074428148692139873,0.065629728536238774,0.0032940506193219082,144,1
20251229,144,72,303946,11002.454768,481219,72,317199,14771.549940999999,512163,0.47267734525342359,0.50606370104623521,0.64813233982496155,-0.033386355792811628,-0.032585620431499637,0.0058663409115904917,-0.019070061315075243,144,1
20251230,144,72,286820,11279.244939999999,477652,72,294704,13863.440552000002,508070,0.47505760350305787,0.50123968326650958,0.63665617689368803,-0.026182079763451716,-0.0074124255276703539,-0.0079915964253567708,0.00052950425918730159,144,1
20251231,144,72,294801,11545.937215999998,476645,72,305266,14390.464239999999,532076,0.45904543950245713,0.49597835564863785,0.63504973129339037,-0.036932916146180716,-0.002108229422257208,0.047249394768437418,-0.025375308657004714,144,1
20260105,144,72,545858,18000.395194000001,545987,72,599778,31243.685990000002,500711,0.52459967509863081,0.51629398601846754,0.64221389550758667,0.0083056890801632699,0.14547933996999865,-0.0589483457250468,0.099836327388841906,144,1
20260106,152,76,550062,20013.109507000005,601052,76,934334,56052.374578999996,552620,0.5241835900889964,0.51467848720502407,0.66405182755583914,0.0095051028839723273,0.099826552646857886,0.049711310516445617,0.02829182820641675,144,1
20260107,152,76,450500,17708.113148,622336,76,617761,33017.657789999997,610392,0.50529677329468103,0.50395180629876424,0.66375875294468856,0.0013449669959167965,0.03541124561601991,0.10454199992761753,-0.031627707008577831,152,1
20260108,152,76,353043,15608.674481,603179,76,441881,22141.53282,625782,0.48518685842238535,0.50175704739227278,0.66100795712801297,-0.016570188969887434,-0.030782406931303991,0.025213305547910195,-0.028024835973548098,152,1
20260109,152,76,398742,16810.386383000001,624875,76,619766,32570.128913999997,635632,0.49268766389562085,0.50149884774644915,0.65437082063011154,-0.0088111838508282969,0.035969422012371119,0.015740305729471285,0.0096390365520142626,152,1
20260112,152,76,408784,19576.744107000002,646953,76,692928,35098.223264999993,653185,0.49521521735262192,0.50200698671998212,0.6483811718448349,-0.0067917693673602009,0.035331866373274658,0.027615035114657537,0.0035898253639210253,152,1
20260113,152,76,480803,23054.229185999997,662220,76,843831,45865.599425000008,678004,0.48956937931767824,0.50238405493536209,0.64555850365312062,-0.012814675617683846,0.023598313942434768,0.037996892151534407,-0.0073469124046831955,152,1
20260114,152,76,675661,29244.430758999995,658009,76,881758,46834.366134999997,710544,0.47369272619971903,0.49280212618950409,0.62774112511535907,-0.019109399989785059,-0.0063589139560871009,0.047993817145621558,-0.027421535504512679,152,1
20260115,152,76,443580,17411.654795000002,656012,76,507681,24017.646147999996,752362,0.45555593043263787,0.48182780554376287,0.61030734733813607,-0.026271875111124998,-0.0030349128963281656,0.058853498164786418,-0.032015566806692909,152,1
20260116,152,76,534878,21690.596891000001,650256,76,664758,26775.131490999996,817031,0.4208333092848362,0.4753653187616268,0.59041278223006133,-0.054532009476790599,-0.0087742297396998844,0.085954633540768932,-0.050004473243612846,152,1
20260119,152,76,575870,15811.558962000001,628367,76,490045,17762.487656000001,810130,0.42114562842156172,0.45815090747973353,0.57637728823904399,-0.037005279058171803,-0.033662126916168399,-0.0084464359369473135,-0.010214770525466387,152,1
20260120,152,76,411012,16903.74365,632706,76,476660,18282.721454999999,819088,0.42244259015931129,0.45227988013659137,0.55199773521587769,-0.029837289977280079,0.0069052003049173494,0.011057484601236839,-0.0032109903600772193,152,1
20260121,152,76,407008,15884.464243,638239,76,538077,22740.734727999996,837209,0.42438577534981542,0.44171427997630214,0.52752723240669952,-0.017328504626486718,0.0087449779202346742,0.022123386009806029,-0.0086706516213732807,152,1
20260122,152,76,422535,16433.376196000001,646964,76,514334,21750.144790999999,899616,0.40330463353120688,0.43351521254368092,0.50300534081651127,-0.030210579012474037,0.013670427535766382,0.074541721362288274,-0.036383525546139203,152,1
20260123,152,76,615432,22454.460682999998,649385,76,630947,22667.189560999999,972906,0.37044386878025209,0.42642371127464868,0.46686198715273647,-0.055979842494396581,0.0037420938413883927,0.081468093053035956,-0.045823041808377193,152,1
20260126,152,76,729660,27553.435373,626396,76,957176,40031.337707999999,889577,0.37560097912946755,0.51041851465499088,0.72113157688164631,-0.13481753552552334,-0.035401187277193033,-0.085649589991222172,0.037194313473969835,152,1
20260127,152,76,501965,20106.157991,645490,76,659698,30273.316823999998,900035,0.3836596361773642,0.50396163851537024,0.71745005742385271,-0.12030200233800603,0.030482314701881875,0.011756149270945629,0.0056966713787118903,152,1
20260128,152,76,484928,23731.401522999997,644189,76,560466,28566.830876999997,896941,0.38399243780367515,0.50144102552609759,0.71046569724812314,-0.11744858772242245,-0.002015523090985143,-0.0034376440916186594,0.0011601235826013813,152,1
20260129,128,64,531891,26517.515739000002,509828,64,767700,47941.483956000004,606950,0.41891071532596064,0.50933341945485078,0.58410713678098958,-0.090422704128890141,0.13603171899374228,0.00086103406879993374,0.057302543679464579,110,0.68137859882034613
20260130,130,65,522376,27063.251237000004,495085,65,588632,34364.296287000005,664866,0.37212497652889998,0.50187865734803538,0.57850547135180708,-0.12975368081913541,-0.029060781283099399,0.094734327374577806,-0.064753245497314593,128,1
20260202,130,65,699756,42773.239421999999,524451,65,669842,37622.024103999996,778835,0.34290650717666415,0.49033889443414613,0.59642396220016169,-0.14743238725748198,0.059315067109688237,0.17141649595557601,-0.072936701636534651,130,1
20260203,130,65,523607,25652.063715,541868,65,532613,25830.573048000002,792435,0.35360898692182557,0.48013504018149861,0.58509199184892791,-0.12652605325967303,0.033209966231354311,0.017461978467839787,0.0029287508651209327,130,1
20260204,130,65,387795,17373.399666000001,562510,65,447109,23718.185015000003,755457,0.38446158962421018,0.48301446265301112,0.57038605670703435,-0.098552873028800947,0.038094148390382901,-0.046663764220409243,0.043183594730732078,130,1
20260205,130,65,391634,16583.742539000003,570731,65,407603,21688.586138999999,775595,0.37911389225957737,0.48138534157109819,0.56191591041099997,-0.10227144931152082,0.014614851291532595,0.026656712427047469,-0.0090419562857036642,130,1
20260206,130,65,389204,18006.479721,575623,65,404138,18994.514455,801275,0.37301797873234699,0.47376509615728268,0.5529414669786723,-0.10074711742493569,0.0085714636142070425,0.033110063886435573,-0.015440539661270748,130,1
20260209,130,65,427098,13443.41035,585314,65,396493,20886.773241999996,755761,0.40096910453226114,0.47670998261843972,0.53153104785340122,-0.075740878086178576,0.016835671958903658,-0.056801971857352342,0.040093746958743494,130,1
20260210,130,65,263308,8223.379081000001,588110,65,260717,12407.734193999999,739068,0.40840557831404767,0.47986410148660319,0.51408703278686052,-0.071458523172555521,0.0047769231557762155,-0.02208767057310446,0.014532371418451616,130,1
20260211,130,65,302845,9515.3001789999998,560815,65,265443,13182.655712,717317,0.39823474322954755,0.47740245057597702,0.48789326923979681,-0.079167707346429472,-0.046411385625138156,-0.029430309524969285,-0.0041772844335876578,130,1
20260212,130,65,230295,7413.7978409999996,549876,65,253143,12930.777947999999,733821,0.38032109930825503,0.47032548688739478,0.46633356625434197,-0.090004387579139755,-0.019505541042946425,0.02300795882434126,-0.021471178250759702,130,1
20260213,130,65,542502,23699.755615000002,527889,65,593018,23690.404813999998,749246,0.34900963406818114,0.45358111118182398,0.38483402302810588,-0.10457147711364284,-0.039985378521703072,0.02102011253425563,-0.029143949078326115,130,1
20260224,130,65,328729,11950.701481999999,535769,65,447032,14816.156462000001,766668,0.3983487191884495,0.48576425251363214,0.85116900088065683,-0.087415533325182648,0.014927380566747934,0.023252710057844819,-0.007471410618297987,130,1
20260225,130,65,356742,17945.650194000002,534064,65,480681,21633.986011000001,748280,0.40554143568085643,0.47457568700053671,0.84162362049496864,-0.069034251319680273,-0.0031823416435068099,-0.023984306114250235,0.012809064853040876,130,1
20260226,128,64,300827,12537.514361,468395,64,345703,14322.971595000001,601590,0.4176929659169758,0.50212961761270458,0.76236022000308412,-0.084436651695728782,0.076827581833569511,0.12497623058350796,-0.036067807391934117,110,0.7257303812393554
20260227,128,64,192458,7853.3507629999995,485084,64,228995,9912.5226589999984,610320,0.42171822665875125,0.50530450304611452,0.74735713946635218,-0.083586276387363267,0.03563018392595993,0.0145115444073206,0.007438422033953747,128,1
20260302,128,64,455201,19207.300254000002,507469,64,445558,19719.604419000003,615652,0.43235760255891476,0.50708920684908576,0.73932550455382817,-0.074731604290171005,0.046146646766333253,0.0087364005767466245,0.015567772255715699,128,1
20260303,128,64,670732,29169.897000999998,531470,64,552619,25802.149998000001,661982,0.42278564297512355,0.50736149632396876,0.73354102217768291,-0.084575853348845209,0.047295499823634547,0.075253552331511958,-0.019881206032119424,128,1
20260304,128,64,653928,35034.695867000002,571020,64,573864,22550.207109999999,732425,0.41147732221575878,0.51173674990315732,0.7346094388332457,-0.10025942768739854,0.074416241744595185,0.10641225894359665,-0.025885414746466554,128,1
20260305,128,64,325159,15149.102355999999,568046,64,345767,13826.826714999999,743481,0.40919793586978354,0.49619264706697946,0.725039591255079,-0.086994711197195929,-0.0052082238800742527,0.015095060927740041,-0.010763783665593869,128,1
20260306,128,64,238376,9603.3989520000014,587796,64,325015,10604.843237999999,764239,0.4152401448721269,0.48482873793989539,0.71965296756370956,-0.069588593067768489,0.034768311017065519,0.027920014095854501,-0.00076856976638681478,128,1
20260309,128,64,554969,29976.611135000003,579012,64,560910,19232.863858999997,781036,0.40283372559471409,0.47933675161598616,0.70072600378810157,-0.076503026021272069,-0.014943960149439602,0.021978726550202228,-0.018920368185734837,128,1
20260310,132,66,255230,9928.254872999998,589036,66,297096,11973.961649999999,785728,0.41026961070736356,0.46913368148303297,0.69091931415137431,-0.058864070775669408,0.014693995979357942,0.0056130575287182665,0.0030322459207322095,128,1
20260311,132,66,203489,7751.5948679999992,605784,66,288099,9148.989626999999,791882,0.41839068334774993,0.46512010602954063,0.67825932662023691,-0.0467294226817907,0.028432897140412472,0.0078322269284027048,0.0077060499111120161,132,1
20260312,132,66,337582,13928.202551,606766,66,345929,12232.504080999997,819228,0.40739494909427476,0.46112409205628574,0.66295860992402489,-0.053729142962010978,0.0016210398425841553,0.034532922834462708,-0.018862875679883463,132,1
20260313,132,66,312465,12699.617526,616856,66,333283,11243.750902,825023,0.4088489959131868,0.46358541174586654,0.65352155069877571,-0.054736415832679741,0.016629145337741402,0.0070737328313973643,0.0030119341315601607,132,1
20260316,132,66,431122,20504.436498000003,609814,66,455830,16461.910793999999,831581,0.39974746326965227,0.46208199529802652,0.62581526923570574,-0.062334532028374245,-0.011415954452903108,0.0079488693042496991,-0.0094321368159186736,132,1
20260317,132,66,506373,20180.280228,603714,66,690612,22534.680385000003,810167,0.40511030960528993,0.45949842213060715,0.59769952351011157,-0.054388112525317223,-0.01000305011036152,-0.025750949095758559,0.010624429805847806,132,1
20260318,132,66,383205,16859.155929,612455,66,516859,16456.042188000003,847993,0.39010737908311094,0.46073855849332346,0.5858250345099586,-0.070631179410212519,0.014478710117704741,0.04668913939965464,-0.020571038156676553,132,1
20260319,132,66,609564,27191.27347,615138,66,605939,19765.162510000002,910731,0.36935609210275749,0.44511641304954869,0.55407574306837615,-0.075760320946791193,0.0043807300128172683,0.073984101283854936,-0.041120943710423102,132,1
20260320,132,66,462644,25073.702192999997,618886,66,686311,16726.546645000002,954117,0.34893338637883436,0.44277920754919309,0.52572245571051046,-0.093845821170358723,0.0060929417464048721,0.04763865510232989,-0.025977328328971885,132,1
20260323,140,70,998446,75612.267726999999,585348,70,1185148,34440.288621999993,1080213,0.33172285333210688,0.42270645823464392,0.78326761973893477,-0.090983604902537041,-0.10295434054090737,0.12706617741849269,-0.1175795596066886,132,1
20260324,156,78,636767,42146.187180999994,575049,78,900620,26590.647876000003,1054649,0.33349626018560796,0.41527945544939421,0.76327761339831057,-0.081783195263786246,-0.060056581725742637,-0.024898793108396215,-0.0049580891963728734,140,1
20260325,156,78,444392,26177.300611000002,545408,78,686722,22448.277946999999,1000087,0.3333857361326909,0.40869324225128456,0.74084807780031636,-0.075307506118593659,-0.051545172672241846,-0.051734747769163009,0.015291790258072355,156,1
20260326,120,60,398502,20343.450911999997,482350,60,735225,18175.863321999997,681286,0.41847317659899097,0.40814222964779434,0.61731331791041189,0.010330946951196629,0.056274658316282117,0.085957695579967047,-0.026309751143964062,102,0.68241307801060502
20260327,122,61,319753,16119.128280999999,509964,61,387140,13470.158063000001,712715,0.42287371967241744,0.40790303399650429,0.61348972215929121,0.014970685675913142,0.055320825126982484,0.046076097263117108,-0.0040450793890873093,120,1
20260330,122,61,349696,19247.809147000007,528627,61,457721,16123.936063000001,729268,0.42493576362569146,0.41280423585169584,0.61353213106022364,0.012131527773995621,0.036596700943596017,0.023225272373950317,0.0017257186882247916,122,1
20260331,122,61,385688,17891.220807000002,542943,61,451311,16780.998967,751907,0.42241558943666035,0.41434300533110668,0.61523883075259678,0.0080725841055536707,0.02708147710956875,0.03104345727496613,-0.0066166094944331601,122,1
20260401,122,61,350484,14427.224573000001,550929,61,581160,18550.687806000005,716137,0.44579454168218335,0.41877108461798263,0.5934023957710175,0.027023457064200729,0.014708726330388272,-0.047572372647149183,0.033792331158049194,122,1
20260402,122,61,359668,15650.363690000002,561016,61,328273,12902.559596000001,755160,0.42949447516287742,0.4215060917604711,0.59346850269264906,0.0079883834024063183,0.018309074309030747,0.054490970303168247,-0.02283701085815577,122,1
20260403,122,61,299880,13593.057928,570241,61,404779,10882.695718000001,798729,0.41323149362726863,0.42145909834015421,0.59696852378065257,-0.0082276047128855834,0.016443381293938141,0.057695058000953439,-0.02609377469274626,122,1
20260407,122,61,272043,11437.648035,573990,61,317315,9576.3160179999977,814821,0.4130249142128295,0.41369609014245218,0.59613655133779897,-0.00067117592962268047,0.0065744132743874957,0.020147008559849459,-0.0090162677049168347,122,1
20260408,122,61,531565,16840.153385000001,583010,61,731970,29304.567384000005,736783,0.45461407224618505,0.42541987199318032,0.55913995603856059,0.029194200253004732,0.015714559487099079,-0.09577318208539054,0.062685275390243891,122,1
20260409,124,62,237201,8771.3992830000007,591276,62,334148,11634.467477999999,766144,0.44247277276392238,0.42688753583453826,0.55825684018211019,0.015585236929384128,0.014092382634946228,0.037678665224360496,-0.014809140524309494,122,1
20260410,124,62,341003,11981.998220999998,589827,62,519025,18881.247865000001,743143,0.45646144240810216,0.4258834772271245,0.54311499883718317,0.030577965180977662,-0.0024506321920727378,-0.030021771364129982,0.015877178765599447,124,1
20260413,124,62,194621,6811.5630649999994,599617,62,282831,9770.7880109999987,755973,0.4550756622624974,0.4279866616708029,0.52945875965446776,0.027089000591694501,0.016598087235748786,0.017264510329775024,-0.002280621469350398,124,1
20260414,124,62,300917,9574.9678349999995,614355,62,513297,16239.962275000002,739877,0.48033353158500747,0.42653938814588488,0.50407463418380305,0.053794143439122588,0.0245790229429786,-0.021291765711209262,0.02274581547518055,124,1
20260415,124,62,372225,10184.462894999999,626469,62,623478,22930.417761000004,734872,0.49530322824358997,0.42945354822447596,0.46669423752020983,0.06584968001911401,0.019718241082110507,-0.0067646379060303267,0.012641113191831237,124,1
20260416,124,62,315473,9155.1059019999993,633250,62,485362,17067.999460999999,739190,0.49680380450367145,0.43217258966984257,0.45228789601002595,0.064631214833828887,0.010824158896928658,0.0058758532098106882,0.0018092454425452549,124,1
20260417,124,62,373105,12338.389901999999,608162,62,521867,16125.760794,790511,0.45564996916329747,0.41988924514665266,0.41733843435885298,0.035760724016644818,-0.039617844453217525,0.069428698981317385,-0.055673836379003819,124,1
20260420,124,62,336429,9402.8789419999994,615647,62,448817,14312.296713,764349,0.48130909803537308,0.42547782564753522,0.36976556453786824,0.05583127238783786,0.012307575941936523,-0.033095048645749393,0.024056373433962049,124,1
20260421,124,62,257897,8121.7127700000001,614623,62,429604,13249.828615,776637,0.47998171554922453,0.42226046920725585,0.33807124477092709,0.057721246341968679,-0.0016632908143790191,0.016076425821189011,-0.0096464047721877451,124,1
20260422,124,62,300585,10555.864943,610788,62,514135,14622.236536999997,759943,0.50582438482965963,0.42322464590963982,0.270802951126078,0.082599738920019816,-0.0062395972815856224,-0.021495241663737369,0.0092427008610899471,124,1
20260423,116,58,279161,13170.448838999999,464108,58,356975,15641.996467000001,621426,,0.42753888869441214,0,,0.089457646911426464,0.074011371954498306,-0.0048272543277710694,98,0.729197048873922
20260424,116,58,267760,11560.495133999999,488063,58,331057,16278.971434000001,632222,,0.43565967588604687,0,,0.051615141303317333,0.017372945451268534,0.012122144492940801,116,1
20260427,116,58,192266,8272.2418269999998,503315,58,273853,12133.730445000001,674737,0.44856623090916781,0.40578273525148734,0.50161198317221989,0.04278349565768047,0.031250064028619254,0.06724694806571109,-0.024335771700951098,116,1
20260428,116,58,200390,8145.4044129999993,509136,58,271738,13157.123133999999,680412,0.45088285025582642,0.40534520412688585,0.49767054376956626,0.045537646128940568,0.011565321915698916,0.0084106844592782073,0.00012393340871200931,116,1
20260429,116,58,237649,8570.2278019999994,515959,58,294907,14053.147091000003,689578,0.45248777055551831,0.40396505519891818,0.49514863500664019,0.048522715356600132,0.013401134470946858,0.013471249772196846,-0.001969655701157078,116,1
20260430,116,58,309424,10874.845448999999,535482,58,400963,20205.370182999999,735929,0.43945752597836396,0.40250968625743355,0.50508372194357298,0.036947839720930409,0.03783827784765844,0.067216471523163443,-0.022253983079739567,116,1
20260506,120,60,498258,16006.118666,554507,60,721780,43594.199796999994,720400,0.46106564458616733,0.40888175880507038,0.49933838311343492,0.05218388578109695,0.035351328335966478,-0.037343276321492973,0.036504324722689989,116,1
20260507,120,60,216640,7838.2346519999992,561940,60,417432,23509.997034999997,747635,0.4476986431165802,0.41028744698597713,0.5028868144245271,0.037411196130603064,0.013404700030838204,0.037805385896724039,-0.0155321133227757,120,1
20260508,120,60,302411,12606.519738000001,559263,60,428203,20435.498753,812476,0.41349507291154647,0.40195096858193674,0.49832220269307792,0.011544104329609728,-0.0047638537922198099,0.086728149431206408,-0.051557184582784493,120,1
20260511,120,60,398612,14883.281735,592187,60,734123,36605.956050000001,784138,0.44642231671890814,0.41490100680179531,0.48747425208435508,0.031521309917112827,0.058870334708357251,-0.034878568720799134,0.044660099333765385,120,1
20260512,120,60,226179,8532.8371429999988,592801,60,391506,19964.433727000003,792600,0.44267407659222252,0.41378128213918408,0.48835680066637743,0.02889279445303844,0.0010368346485147427,0.010791467828366945,-0.0057021415726663397,120,1
20260513,120,60,322524,11892.391898,612523,60,526233,27629.658769000001,848498,0.42993083727262155,0.40854443555721126,0.50025632759556504,0.021386401715410286,0.033269174647141284,0.07052485490789806,-0.026112295284903071,120,1
20260514,120,60,507878,18312.783593,588943,60,569216,26144.664991000001,882904,0.40273926688808315,0.3976346607026402,0.49055234681322174,0.0051046061854429503,-0.038496513600305621,0.040549300057277686,-0.039688683461770916,120,1
20260515,120,60,733174,30130.990378999999,579902,60,785033,30441.807074000004,950011,0.36405828851171596,0.39319531966923493,0.48573415612521759,-0.029137031157518978,-0.015351230934063228,0.076007131013111282,-0.051736355748933142,120,1
20260518,120,60,545897,22013.956841000003,603542,60,556154,16744.586598000002,987827,0.35934699068617509,0.39612116035608641,0.45851590674444459,-0.036774169669911316,0.040765508654910659,0.039805854879575081,-0.0092658863608584274,120,1
20260519,120,60,461337,20438.220976000001,616438,60,677291,20942.87586,1004690,0.36962420159994508,0.38831971215402711,0.43150448329804925,-0.018695510554082029,0.021367195654983413,0.017070802883500855,-0.0024928222178514222,120,1
20260520,120,60,419865,19495.426286999998,626289,60,510569,17083.367795999999,1002684,0.37565088726505785,0.39063598673819194,0.41156667421743637,-0.014985099473134089,0.015980520344300645,-0.0019966357782002409,0.0073140430613745488,120,1
20260521,120,60,586942,23199.531625999996,596840,60,782355,30315.699342,1000674,0.36455170960604905,0.37930201038387285,0.3861969284776221,-0.014750300777823799,-0.047021423017169391,-0.0020046196009909402,-0.01684435530852875,120,1
20260522,120,60,376837,16910.068839000003,591463,60,523489,15775.511992,1032779,0.35415351548947765,0.36986152897788471,0.36379123307979966,-0.015708013488407058,-0.0090091146705984851,0.032083375804707624,-0.023462705178170583,120,1
20260525,120,60,378329,14867.854100999997,580800,60,550609,21045.707022999999,968503,0.36526276303420346,0.43245278934146375,0.85689113104408887,-0.067190026307260287,-0.018028177586763668,-0.062235967230162503,0.033008012352839046,120,1
20260526,120,60,362012,15231.001011,599222,60,487632,19686.091085,970385,0.37299749997575327,0.43303812930808833,0.85396344435263094,-0.06004062933233506,0.031718319559228651,0.0019432051320439896,0.01067576839391649,120,1
20260527,120,60,575865,27003.185003000002,601906,60,720954,27115.571779999998,1038919,0.35332159383256595,0.43904221626701007,0.84239818384044607,-0.085720622434444116,0.0044791412865348738,0.070625576446461974,-0.041953176814323583,120,1
20260528,114,57,424098,21304.501659999998,549411,57,577066,20421.868393999997,892811,0.36446717272512125,0.44118653368193411,0.78518563716265599,-0.076719360956812865,0.12571088844129247,0.11403019017382028,-0.023766223524379199,96,0.76507427665960726
20260529,114,57,436236,21758.987599,574417,57,634501,25666.001371999999,926678,0.36341647469326083,0.44703417420771924,0.76979937978608948,-0.08361769951445841,0.04551419611183613,0.03793300037745951,-0.0061439917016936369,114,1
20260601,114,57,379772,19067.342132000002,593861,57,534620,18462.452266,983704,0.35476260714430324,0.44784947114573298,0.76711070542259752,-0.093086864001429737,0.033849973103163726,0.061538096296663999,-0.025036390101892285,114,1
20260602,118,59,339538,15687.596271000002,589011,59,556767,18496.787558,979822,0.35438085543874936,0.43828597689008952,0.74894905958760427,-0.083905121451340159,-0.01076009369195822,-0.0039646072395761326,-0.0015783818733301005,114,1
20260603,118,59,355008,14149.617412999998,597521,59,569663,20370.337097,973346,0.3549179169869931,0.45080029537564492,0.73448038567237073,-0.095882378388651823,0.014447947491642771,-0.006609363741577552,0.009552323287437223,118,1
20260604,118,59,364878,17390.472577,613250,59,542863,16536.923268000002,1020632,0.34179041916167663,0.45968009086176709,0.71547394487484406,-0.11788967170009046,0.026323761005889332,0.048580874632453412,-0.020088906317339405,118,1
20260605,118,59,405116,20060.152149999998,623776,59,545337,18768.841946,1066343,0.333593011054931,0.4556705354470813,0.70937135195805734,-0.12207752439215031,0.017164288626172034,0.044786955533434189,-0.021534602866057646,118,1
20260608,118,59,652361,37376.086928999997,660648,59,825299,26324.294841000003,1165319,0.32362597319562664,0.44763063438025819,0.69209848808877705,-0.12400466118463155,0.059110962909762477,0.092818164511794046,-0.03674534160020685,118,1
20260609,122,61,391002,22931.018083999996,673095,61,529536,18048.056321,1177130,0.32770808743760477,0.44030614740343083,0.67954329878798525,-0.11259805996582606,0.014096765599835314,0.010118259463717661,-0.0013570891478323541,118,1
20260610,122,61,437152,20325.186651000004,682787,61,623142,18776.912627000002,1140927,0.34049057781342035,0.44198579418142542,0.66596352278920923,-0.10149521636800507,0.014399156136949465,-0.030755311647821398,0.024805091272683051,122,1
20260611,122,61,340613,16172.608048999997,684557,61,419741,13992.630869999999,1144035,0.3395177151779542,0.44029766941612825,0.65424490536981461,-0.10077995423817404,0.0025923164910872645,0.0027241006655114655,-0.0007336676693823703,122,1
20260612,122,61,643556,22193.925783000002,676320,61,1024793,39298.182149000007,1069827,0.36044412862285635,0.43393201071042703,0.63426332376369232,-0.073487882087570677,-0.012032599184582146,-0.064865148356475111,0.036077484753296522,122,1
20260615,122,61,606359,20533.715936000001,679780,61,1052375,46178.149545,1050806,0.36618938681345053,0.43224760839321313,0.59711334773308,-0.066058221579762599,0.0051159214572983206,-0.017779510145098227,0.01287463197542933,122,1
20260616,122,61,564078,18857.520100000005,682619,61,674396,27197.478746000001,1083051,0.35448243907139915,0.43130121986399605,0.58182389687767255,-0.076818780792596908,0.0041763511724381419,0.030685968675473876,-0.016991932212556904,122,1
20260617,122,61,578679,18454.741418000001,691051,61,721340,27762.892313,1079158,0.35818376629858001,0.43047280799112098,0.5546429828342303,-0.072289041692540967,0.012352424998425184,-0.0035944752370848649,0.00698035306710767,122,1
20260618,122,61,675423,24923.516707999999,683885,61,1131464,47366.965004999998,1049483,0.35843616866994299,0.43510431992669246,0.52907461081547602,-0.076668151256749473,-0.010369712220950407,-0.027498290333760209,0.012715447723969316,122,1
20260622,122,61,782823,25838.361204999997,671463,61,1545271,73231.355511000016,975015,0.39877444401423034,0.43759598061224225,0.76705367457081119,-0.038821536598011908,-0.018163872580916382,-0.070956842559622216,0.035795053329702634,122,1
20260623,124,62,806079,33858.394931000003,671208,62,1163092,49792.750154999987,1097423,0.35998190396173979,0.44482773023559791,0.76987455269075344,-0.084845826273858116,-0.00074911052433268848,0.11295826218058183,-0.067197375245827765,122,1
20260624,124,62,506328,27672.689029999998,676528,62,784323,31027.444301,1087741,0.36520992647990308,0.44145357936934526,0.76062437190700516,-0.076243652889442182,0.0079260080332773149,-0.0088224868624040137,0.0084822667927905819,124,1
20260625,94,47,543777,26153.038499999999,540145,47,722317,39191.759500000007,802536,0.36887430419608219,0.46336562763268746,0.64637914739241864,-0.094491323436605268,0.063302664366494149,0.069207005892679738,-0.016851694224604741,76,0.68854239347854551
20260626,96,48,789407,48187.414700000001,573468,48,856321,37488.046999999999,886573,0.35472673551907768,0.46015250486778231,0.63909643633295232,-0.10542576934870462,0.061620490794138609,0.10302216972198132,-0.036788336172180885,94,1
20260629,96,48,605264,32174.656299999995,603272,48,914075,47459.045199999993,853993,0.38336699136553937,0.46556127619897031,0.62760788188833194,-0.082194284833430942,0.051971513667719911,-0.036748242953484937,0.042727567239550124,96,1
20260630,96,48,435011,19946.282799999997,615889,48,629728,31953.443300000003,869304,0.38040944205356747,0.47076687693689406,0.62065401601004044,-0.090357434883326593,0.020914280788765265,0.017928718385279506,-0.0018486685674877254,96,1
20260701,96,48,530813,27514.445800000001,615558,48,903593,48816.207200000004,899044,0.36810045509252698,0.46875471554120973,0.61933828160797355,-0.10065426044868275,-0.00053743450524363972,0.034211277067631114,-0.020247200195530144,96,1
20260702,96,48,596452,35991.569700000007,628843,48,725523,33179.595600000001,990268,0.33886505456314453,0.46817452446035623,0.61702131601848176,-0.1293094698972117,0.021582044259030018,0.10146778133217062,-0.051458402933575946,96,1
20260703,96,48,506646,24577.9499,641010,48,676347,29577.883000000002,994138,0.3459069896384932,0.4644676076978595,0.61106334105536619,-0.1185606180593663,0.01934823159357741,0.0039080329769314972,0.0051244170412034756,96,1
20260706,96,48,334638,17562.1109,650559,48,547879,23793.079300000001,989390,0.35362651755579066,0.46272391523619899,0.60523223588050601,-0.10909739768040833,0.01489680348200496,-0.0047759968937914048,0.0087435510424744428,96,1
20260707,96,48,386769,20395.1872,649187,48,571991,22263.366300000002,1034644,0.3397231980127442,0.45470560093714091,0.60151761073409382,-0.11498240292439671,-0.0021089555290142786,0.045739293908367784,-0.028431371951200921,96,1
20260708,96,48,368556,17052.030500000001,650729,48,476507,20610.036500000002,1038851,0.34114718638462865,0.44937400903570163,0.59349009813089648,-0.10822682265107297,0.0023752786177172369,0.0040661328920865531,-0.0015827004016436329,96,1
20260709,96,48,555253,22591.770199999999,642113,48,880112,39529.6345,967709,0.35951714089430098,0.45233117734527795,0.57598107119917608,-0.092814036450976967,-0.013240534846303146,-0.068481428039247214,0.037006830099788113,96,1
20260710,96,48,591115,21331.068800000001,620173,48,817473,41771.111899999996,955824,0.3534096418174742,0.44404782563177359,0.55756070601657237,-0.090638183814299389,-0.034168440757312186,-0.01228158464993092,-0.0062460321700163121,96,1
20260713,96,48,695502,33515.993199999997,625545,48,752053,31761.281000000003,1058779,0.31751224119773741,0.43641304205415238,0.54684846858442915,-0.11890080085641497,0.0086620991239541225,0.10771334471618206,-0.061918265072839603,96,1
20260714,96,48,636628,27108.6001,631464,48,839221,30535.711800000001,1039607,0.32676603039019148,0.43213882131172621,0.51492426114749168,-0.10537279092153473,0.0094621490060667092,-0.018107650416186949,0.014896777579610573,96,1
20260715,96,48,396627,14933.8089,634351,48,616122,29347.920999999998,1001559,0.33596014366700022,0.43620065028841915,0.48318000378993953,-0.10024050662141892,0.0045719154219401262,-0.036598445374069241,0.024496266167027013,96,1
20260716,96,48,707366,28491.625999999997,636642,48,886360,31782.961799999997,1059913,0.32135034637326815,0.42170804641847959,0.46286739893490042,-0.10035770004521144,0.0036115652060137054,0.058263167721522145,-0.034270222689512256,96,1
20260717,96,48,984046,57139.200499999992,698744,48,1189694,39093.463799999998,1120696,0.30647136947942782,0.43678547224617703,0.40473002682143955,-0.13031410276674921,0.097546187653343636,0.057347159625365476,0.00077745784840456097,96,1
20260720,98,49,793952,36434.703399999999,657501,49,1184878,47384.074800000002,1036423,0.30958553530733673,0.43484554576402634,0.3727681997539441,-0.12526001045668961,-0.066522217006514547,-0.075434372925396356,0.020916875522138681,96,1
20260721,98,49,621004,23049.089200000002,623305,49,957428,43628.526299999998,927380,0.35660960590139062,0.42325507334563578,0.31960843111270182,-0.066645467444245154,-0.052009046374073956,-0.10521090327018988,0.044185571489629996,98,1
20260722,98,49,656175,21781.575599999996,614358,49,829189,39677.697,880372,0.38715770060839488,0.41986822879355873,0.27062211904491112,-0.032710528185163845,-0.014354128396210523,-0.050689037934827146,0.024544636725060215,98,1
20260723,92,46,240715,12893.392699999997,479665,46,334141,17221.809699999998,678899,,0.41401683463321837,0,,0.045612233752048058,0.071182485260240361,-0.022144093456109439,74,0.72937788095508893
20260724,92,46,297329,17109.984500000002,491657,46,385818,19448.151899999997,712920,,0.40815738636882493,0,,0.025000781795628198,0.050112019608218601,-0.019014055330564387,92,1
20260727,92,46,246126,14003.876399999997,510056,46,392557,18634.5118,770298,0.38842374123791634,0.41031122720789154,0.54552412848321641,-0.021887485969975196,0.037422430678298084,0.08048308365595018,-0.032359077086811384,92,1
20260728,92,46,383178,21332.753699999997,524919,46,417436,19736.2677,809135,0.37431981921962421,0.41755815468325175,0.55694971867705501,-0.043238335463627542,0.029139937575481906,0.050418149858885784,-0.018724509002978864,92,1
20260729,94,47,294756,16209.773900000002,541258,47,379895,19651.640100000001,832503,0.37247074874396624,0.42153835432557413,0.56128977311191686,-0.049067605581607887,0.030227520817497557,0.028844383199342509,-0.0056009726742695569,92,1
20260730,94,47,383336,21931.386000000002,552052,47,457985,25145.556499999992,840455,0.3753700725290936,0.42335495496084724,0.5608072347212617,-0.047984882431753639,0.019942430412114,0.0095519175306275177,0.0020687732436719341,94,1
20260731,94,47,237362,12028.4128,553820,47,370685,19003.184300000001,853194,0.37293855734512554,0.41999139501104737,0.56059712270098239,-0.047052837665921832,0.0032025968568178361,0.015157266004723632,-0.0078785959424261427,94,1
20260803,94,47,220775,12140.296900000001,560628,47,383671,14136.583500000001,902807,0.3583547049511015,0.4154454439930354,0.56672896302193132,-0.057090739041933902,0.012292802715683795,0.058149729135460397,-0.030422582859872042,94,1
20260804,94,47,163779,9019.3317999999999,563411,47,312900,11508.058199999998,930078,0.35267461508466363,0.40937331485370032,0.56665298505713801,-0.056698699769036687,0.0049640760004851705,0.030206899148987547,-0.016733233795829673,94,1
20260805,94,47,245209,10720.946800000002,565755,47,400594,17797.223600000005,896397,0.37243289852679473,0.40532653165711735,0.55917920982223457,-0.032893633130322619,0.0041603731556536881,-0.036213091805203435,0.024121369491171343,94,1
20260806,94,47,142456,6352.5371000000005,566308,47,231282,9251.8788999999997,894162,0.37296047067294297,0.40623922042083477,0.55536505371558476,-0.0332787497478918,0.00097745490539190988,-0.0024933149039990093,0.0019067785018247077,94,1
20260807,94,47,253975,8957.4998000000014,565710,47,373213,17839.302499999998,859895,0.39039614156959823,0.40461999565176882,0.5483040533668162,-0.014223854082170584,-0.0010559624797813205,-0.038323033186380098,0.023053537559826632,94,1
20260810,94,47,194910,6358.7816000000021,557955,47,281355,12148.957800000004,852436,0.39083876461533423,0.40122336824991578,0.54121516657437552,-0.010384603634581546,-0.013708437185130191,-0.0086743148872827497,-0.00020763114607482436,94,1
20260811,94,47,191173,7832.4720000000007,551807,47,303356,12125.634899999999,872646,0.37484431252343509,0.40183343987595721,0.53546589462762195,-0.026989127352522124,-0.01101880976064378,0.023708524745552746,-0.01868843462557546,94,1
20260812,94,47,153551,6053.1721000000007,560942,47,251292,9282.1654999999973,887661,0.37393035525486579,0.40223717328028141,0.53017424373689681,-0.028306818025415625,0.016554701190814904,0.017206289835740952,-0.0041279003238436085,94,1
20260813,94,47,260579,8910.0686000000005,557542,47,371856,14447.233500000004,888114,0.36784782260161486,0.40446989481346057,0.51342712235829269,-0.036622072211845713,-0.0060612327121164038,0.00051032995704441227,-0.0026598039628524862,94,1
20260814,94,47,267217,12109.5303,587528,47,425517,13538.334600000002,926846,0.34729028760365982,0.42756851925941469,0.49329623989846627,-0.080278231655754873,0.053782495309770383,0.043611518341113868,-0.0060498486500246253,94,1
20260817,94,47,213999,8194.6076999999987,594523,47,453813,13712.332899999999,911993,0.36288987565877845,0.42450337354271589,0.48478011517965958,-0.06161349788393744,0.01190581555262047,-0.016025315964032859,0.014427083402118632,94,1
20260818,94,47,237704,9594.5432000000001,603468,47,361446,13279.273099999999,927706,0.36097487099257219,0.42352066922341297,0.47004847260990584,-0.062545798230840777,0.015045675272445306,0.017229298909092503,-0.0044924846466947582,94,1
20260819,94,47,628188,26982.457400000003,656394,47,572019,18911.626,1005878,0.32330074786400065,0.44819456443125549,0.42689824529318909,-0.12489381656725485,0.087703076219451573,0.084263764597835952,-0.016488002016753159,94,1
20260820,94,47,291010,11026.452799999999,661404,47,493309,13217.2997,1009358,0.32392142246261241,0.44676430733510875,0.41430676541601974,-0.12284288487249634,0.0076326109013793546,0.0034596640944528066,0.00092042698186578368,94,1
20260821,94,47,239013,8813.7678999999989,661890,47,313471,8815.600800000002,999208,0.32531147084463385,0.44678326445826611,0.39777063123307593,-0.12147179361363225,0.00073480051526752176,-0.010055896916653952,0.0063659575690613026,94,1
20260824,94,47,302648,12317.4853,641563,47,413273,11514.079399999999,998550,0.3843475339391853,0.44215855958254757,0.881986789934596,-0.057811025643362268,-0.030710541026454548,-0.00065852154906686101,-0.011840963025661339,94,1
20260825,94,47,236724,10032.124599999997,647745,47,331407,8812.1489000000038,987986,0.38875552274594261,0.44968341571554221,0.88114243723448415,-0.060927892969599606,0.0096358424659776197,-0.01057934004306244,0.010210272097105504,94,1
20260826,94,47,337736,13858.586000000001,629548,47,537616,19320.444800000001,910841,0.40282419109602113,0.44941058879294354,0.87399806152861392,-0.04658639769692241,-0.028092845178272315,-0.078083090246218068,0.036037710357020809,94,1
20260827,90,45,254546,9544.0489000000016,481028,45,342235,12309.047,631032,0.42881053298503469,0.44718970226774279,0.79622232613348198,-0.018379169282708108,-0.055185764940069618,0.0066350029490717371,-0.028315007053206498,72,0.71792255073231503
20260828,90,45,163641,5753.8135999999986,472725,45,180588,7857.6091000000006,642519,0.41538736412573629,0.45360375271482434,0.77788358422013482,-0.038216388589088046,-0.017260949466559119,0.018203514243334728,-0.017795802384763412,90,1
20260831,90,45,246729,11238.893,486829,45,322536,12028.2102,661134,0.41288411287696475,0.46109356597928092,0.76775035432326655,-0.048209453102316169,0.029835528055423343,0.028971905889164366,-0.0040448547582412455,90,1
20260901,90,45,200465,7902.5976000000001,491746,45,254431,11814.575699999999,661625,0.4143096186025042,0.46274854351668809,0.7513193933261717,-0.04843892491418389,0.010100055666363343,0.00074266336325162525,0.0038555249602992433,90,1
20260902,92,46,291946,12091.333199999999,491412,46,335528,13064.6389,691541,0.39940449320365329,0.46134169836809857,0.74156454229373436,-0.061937205164445286,-0.00075648810564803777,0.042504439826185528,-0.02470497350809063,90,1
20260903,92,46,254221,9140.8748999999989,478643,46,266066,11779.2336,696524,0.38805186153176008,0.45949591405457824,0.73061445734946606,-0.071444052522818158,-0.025984306447542998,0.0072056465198737313,-0.015006513361054919,92,1
20260904,92,46,301541,11786.2402,479407,46,411205,18123.4251,701426,0.385756428744504,0.45801365119591614,0.71997141001310094,-0.07225722245141214,0.0015961791982751236,0.0070378048710453625,-0.0035212016675076818,92,1
20260907,92,46,281228,12658.441400000002,505894,46,348302,13585.3246,737139,0.38607691984421127,0.45774523592840793,0.70828610342605547,-0.071668316084196659,0.055249506160736074,0.050914850604340298,-0.007813128528758935,92,1
20260908,92,46,192900,7628.4326000000019,511951,46,459731,10889.437400000001,747565,0.38477024338812099,0.45662537502991035,0.69805623747534762,-0.07185513164178936,0.011972863880575772,0.014143872458247359,-0.0035147900337320088,92,1
20260909,92,46,180520,7207.7695999999996,517653,46,218510,7783.3734999999979,753935,0.38321277306985835,0.45892103353787006,0.68459202194421465,-0.075708260468011712,0.011137784670798572,0.0085209981740718196,-0.00053036245668971257,92,1
20260910,92,46,186136,7262.5627000000004,518868,46,277031,7871.0822000000007,766332,0.37884330522516191,0.45503104347038836,0.67340958605664492,-0.076187738245226455,0.002347132152233253,0.01644306206768488,-0.0087937287863679124,92,1
20260911,92,46,502476,23732.002099999994,525828,46,627130,18844.288500000002,830391,0.35864554732958853,0.44030130500607872,0.64398596391880658,-0.081655757676490193,0.01341381623071764,0.083591706988615899,-0.044428104575163399,92,1
20260914,92,46,189055,7873.426300000001,538102,46,284331,7360.0009,846719,0.35925994067169092,0.43975078178137089,0.63583957782269329,-0.080490841109679967,0.023342233582083875,0.019663026212952694,-0.0029891927483688108,92,1
20260915,92,46,212860,9097.5851999999995,541647,46,354032,8886.5857999999971,868046,0.35404053728535539,0.43315988198615735,0.61842543021778495,-0.079119344700801952,0.0065879703104615855,0.025187813194223821,-0.012840648719220752,92,1
20260916,96,48,342668,12914.4949,545969,48,517566,14852.8467,867359,0.35516175418531926,0.4313769634414561,0.59143949599809809,-0.07621520925613684,-0.00077172032707649083,-0.0011669888462132192,0.00042207771479322096,92,1
