ts_code,trade_date,open,close,high,low,pre_close,change,pct_chg,swing,vol
HSI,2020-01-02,28249.37,28543.52,28543.52,28245.97,28189.75,353.77,1.255,1.06,126273.28
HSI,2020-01-03,28828.36,28451.5,28883.3,28428.17,28543.52,-92.02,-0.3224,1.59,179790.48
HSI,2020-01-06,28326.5,28226.19,28367.87,28054.29,28451.5,-225.31,-0.7919,1.1,179342.66
HSI,2020-01-07,28352.68,28322.06,28473.08,28264.07,28226.19,95.87,0.3396,0.74,130268.72
HSI,2020-01-08,27999.58,28087.92,28198.61,27857.73,28322.06,-234.14,-0.8267,1.2,170924.16
HSI,2020-01-09,28367.65,28561.0,28561.0,28325.86,28087.92,473.08,1.6843,0.84,169278.62
HSI,2020-01-10,28665.14,28638.2,28665.14,28504.27,28561.0,77.2,0.2703,0.56,144840.1
HSI,2020-01-13,28772.37,28954.94,28971.4,28671.84,28638.2,316.74,1.106,1.05,176505.57
HSI,2020-01-14,29149.53,28885.14,29149.53,28790.49,28954.94,-69.8,-0.2411,1.24,164350.47
HSI,2020-01-15,28891.07,28773.59,28972.68,28619.1,28885.14,-111.55,-0.3862,1.22,124012.07
HSI,2020-01-16,28806.12,28883.04,28987.73,28709.57,28773.59,109.45,0.3804,0.97,162092.62
HSI,2020-01-17,28988.16,29056.42,29101.15,28813.13,28883.04,173.38,0.6003,1.0,154508.28
HSI,2020-01-20,29169.12,28795.91,29174.92,28795.42,29056.42,-260.51,-0.8966,1.31,163338.39
HSI,2020-01-21,28449.38,27985.33,28492.03,27980.5,28795.91,-810.58,-2.8149,1.78,223652.17
HSI,2020-01-22,28116.5,28341.04,28393.93,27937.68,27985.33,355.71,1.2711,1.63,134328.81
HSI,2020-01-23,28109.75,27909.12,28133.03,27706.37,28341.04,-431.92,-1.524,1.51,175326.3
HSI,2020-01-24,27935.42,27949.64,27977.63,27774.5,27909.12,40.52,0.1452,0.73,61212.87
HSI,2020-01-29,27101.54,27160.63,27333.3,27101.54,27949.64,-789.01,-2.823,0.83,220383.61
HSI,2020-01-30,27030.61,26449.13,27134.55,26330.05,27160.63,-711.5,-2.6196,2.96,222356.78
HSI,2020-01-31,26757.61,26312.63,26818.84,26295.49,26449.13,-136.5,-0.5161,1.98,187425.52
HSI,2020-02-03,26189.61,26356.98,26512.58,26145.59,26312.63,44.35,0.1686,1.39,242148.27
HSI,2020-02-04,26491.66,26675.98,26730.26,26491.66,26356.98,319.0,1.2103,0.91,250023.81
HSI,2020-02-05,26869.32,26786.74,26926.12,26641.92,26675.98,110.76,0.4152,1.07,249893.08
HSI,2020-02-06,27174.53,27493.7,27608.22,27029.49,26786.74,706.96,2.6392,2.16,224953.39
HSI,2020-02-07,27356.28,27404.27,27410.58,27224.12,27493.7,-89.43,-0.3253,0.68,146451.47
HSI,2020-02-10,27092.15,27241.34,27314.64,27044.88,27404.27,-162.93,-0.5945,0.98,161201.79
HSI,2020-02-11,27514.25,27583.88,27674.81,27436.99,27241.34,342.54,1.2574,0.87,186862.54
HSI,2020-02-12,27717.22,27823.66,27892.48,27614.83,27583.88,239.78,0.8693,1.01,179656.12
HSI,2020-02-13,27953.65,27730.0,27953.65,27695.6,27823.66,-93.66,-0.3366,0.93,161701.02
HSI,2020-02-14,27698.56,27815.6,27960.66,27695.59,27730.0,85.6,0.3087,0.96,144533.59
HSI,2020-02-17,27766.71,27959.6,28055.58,27766.71,27815.6,144.0,0.5177,1.04,141299.92
HSI,2020-02-18,27766.5,27530.2,27771.3,27496.25,27959.6,-429.4,-1.5358,0.98,159222.14
HSI,2020-02-19,27486.46,27655.81,27697.46,27448.6,27530.2,125.61,0.4563,0.9,147153.81
HSI,2020-02-20,27767.28,27609.16,27767.28,27383.13,27655.81,-46.65,-0.1687,1.39,158207.31
HSI,2020-02-21,27450.46,27308.81,27484.53,27264.78,27609.16,-300.35,-1.0879,0.8,177361.34
HSI,2020-02-24,27105.35,26820.88,27105.35,26813.22,27308.81,-487.93,-1.7867,1.07,204465.7
HSI,2020-02-25,26722.39,26893.23,26914.05,26667.04,26820.88,72.35,0.2698,0.92,192404.29
HSI,2020-02-26,26479.9,26696.49,26776.06,26479.9,26893.23,-196.74,-0.7316,1.1,204000.0
HSI,2020-02-27,26529.17,26778.62,26849.57,26419.97,26696.49,82.13,0.3076,1.61,211036.97
HSI,2020-02-28,26249.06,26129.93,26313.55,25989.41,26778.62,-648.69,-2.4224,1.21,319142.62
HSI,2020-03-02,26077.73,26291.68,26375.91,26077.73,26129.93,161.75,0.619,1.14,220153.56
HSI,2020-03-03,26419.13,26284.82,26527.75,26233.39,26291.68,-6.86,-0.0261,1.12,213629.5
HSI,2020-03-04,26321.56,26222.07,26372.48,26038.39,26284.82,-62.75,-0.2387,1.27,195706.24
HSI,2020-03-05,26348.16,26767.87,26805.58,26315.36,26222.07,545.8,2.0815,1.87,252284.32
HSI,2020-03-06,26397.78,26146.67,26408.8,26084.23,26767.87,-621.2,-2.3207,1.21,264651.93
HSI,2020-03-09,25134.02,25040.46,25321.28,24948.38,26146.67,-1106.21,-4.2308,1.43,467789.24
HSI,2020-03-10,25285.68,25392.51,25578.61,24978.97,25040.46,352.05,1.4059,2.39,322566.11
HSI,2020-03-11,25459.96,25231.61,25493.23,25140.38,25392.51,-160.9,-0.6337,1.39,262762.56
HSI,2020-03-12,24657.67,24309.07,24657.67,24117.94,25231.61,-922.54,-3.6563,2.14,374892.84
HSI,2020-03-13,22519.32,24032.91,24184.48,22519.32,24309.07,-276.16,-1.136,6.85,549515.57
HSI,2020-03-16,23317.81,23063.57,23631.53,22842.25,24032.91,-969.34,-4.0334,3.28,406702.93
HSI,2020-03-17,23001.76,23263.73,23401.2,22676.46,23063.57,200.16,0.8679,3.14,363797.37
HSI,2020-03-18,23023.34,22291.82,23425.03,22167.42,23263.73,-971.91,-4.1778,5.41,421715.36
HSI,2020-03-19,22221.38,21709.13,22380.34,21139.26,22291.82,-582.69,-2.6139,5.57,562839.76
HSI,2020-03-20,22147.34,22805.07,22805.07,22147.34,21709.13,1095.94,5.0483,3.03,452818.79
HSI,2020-03-23,21659.55,21696.13,22064.31,21659.55,22805.07,-1108.94,-4.8627,1.77,
HSI,2020-03-24,22497.57,22663.49,22753.01,22383.25,21696.13,967.36,4.4587,1.7,361406.67
HSI,2020-03-25,23255.91,23527.19,23569.45,23062.23,22663.49,863.7,3.811,2.24,360537.49
HSI,2020-03-26,23604.83,23352.34,23604.83,23163.67,23527.19,-174.85,-0.7432,1.88,251950.81
HSI,2020-03-27,23768.41,23484.28,23791.2,23354.01,23352.34,131.94,0.565,1.87,219967.43
HSI,2020-03-30,23020.85,23175.11,23491.51,22973.33,23484.28,-309.17,-1.3165,2.21,255343.59
HSI,2020-03-31,23613.27,23603.48,23627.53,23238.04,23175.11,428.37,1.8484,1.68,287632.66
HSI,2020-04-01,23365.9,23085.79,23540.01,22947.64,23603.48,-517.69,-2.1933,2.51,287997.76
HSI,2020-04-02,22838.67,23280.06,23280.06,22756.13,23085.79,194.27,0.8415,2.27,256093.74
HSI,2020-04-03,23072.95,23236.11,23236.11,23030.58,23280.06,-43.95,-0.1888,0.88,187063.06
HSI,2020-04-06,23558.83,23749.12,23832.93,23271.47,23236.11,513.01,2.2078,2.42,183403.66
HSI,2020-04-07,24093.05,24253.29,24262.01,23796.03,23749.12,504.17,2.1229,1.96,253503.46
HSI,2020-04-08,24191.32,23970.37,24191.32,23897.4,24253.29,-282.92,-1.1665,1.21,184085.41
HSI,2020-04-09,24181.32,24300.33,24308.69,24045.18,23970.37,329.96,1.3765,1.1,172533.46
HSI,2020-04-14,24347.61,24435.4,24546.39,24283.13,24300.33,135.07,0.5558,1.08,205044.78
HSI,2020-04-15,24499.86,24145.34,24603.6,24090.5,24435.4,-290.06,-1.187,2.1,190662.52
HSI,2020-04-16,24025.45,24006.45,24102.91,23854.79,24145.34,-138.89,-0.5752,1.03,186547.34
HSI,2020-04-17,24457.83,24380.0,24666.64,24308.78,24006.45,373.55,1.556,1.49,193757.9
HSI,2020-04-20,24503.56,24330.02,24503.56,24225.55,24380.0,-49.98,-0.205,1.14,137509.16
HSI,2020-04-21,24247.84,23793.55,24247.84,23676.13,24330.02,-536.47,-2.205,2.35,216066.17
HSI,2020-04-22,23540.54,23893.36,23939.29,23483.31,23793.55,99.81,0.4195,1.92,166836.24
HSI,2020-04-23,23983.65,23977.32,24107.88,23806.3,23893.36,83.96,0.3514,1.26,181434.48
HSI,2020-04-24,23844.55,23831.33,23957.17,23730.49,23977.32,-145.99,-0.6089,0.95,130166.49
HSI,2020-04-27,24030.66,24280.14,24318.81,24030.54,23831.33,448.81,1.8833,1.21,159271.3
HSI,2020-04-28,24401.12,24575.96,24582.66,24176.88,24280.14,295.82,1.2184,1.67,168755.73
HSI,2020-04-29,24786.02,24643.59,24855.47,24549.62,24575.96,67.63,0.2752,1.24,164800.9
HSI,2020-05-04,23895.11,23613.8,23897.53,23584.95,24643.59,-1029.79,-4.1787,1.27,255677.4
HSI,2020-05-05,23755.77,23868.66,23928.45,23697.88,23613.8,254.86,1.0793,0.98,133296.73
HSI,2020-05-06,23868.02,24137.48,24235.03,23868.02,23868.66,268.82,1.1262,1.54,189000.0
HSI,2020-05-07,24120.81,23980.63,24120.81,23913.5,24137.48,-156.85,-0.6498,0.86,131706.0
HSI,2020-05-08,24193.36,24230.17,24263.73,24097.12,23980.63,249.54,1.0406,0.69,127411.32
HSI,2020-05-11,24470.18,24602.06,24766.83,24470.18,24230.17,371.89,1.5348,1.22,145820.0
HSI,2020-05-12,24358.0,24245.68,24411.04,24136.2,24602.06,-356.38,-1.4486,1.12,147962.86
HSI,2020-05-13,24111.67,24180.3,24320.2,23979.37,24245.68,-65.38,-0.2697,1.41,135903.85
HSI,2020-05-14,24038.07,23829.74,24081.19,23790.27,24180.3,-350.56,-1.4498,1.2,169772.08
HSI,2020-05-15,23834.68,23797.47,23985.12,23671.61,23829.74,-32.27,-0.1354,1.32,150947.86
HSI,2020-05-18,23736.67,23934.77,23952.05,23722.17,23797.47,137.3,0.577,0.97,164511.47
HSI,2020-05-19,24489.55,24388.13,24552.55,24314.45,23934.77,453.36,1.8941,0.99,202298.75
HSI,2020-05-20,24462.9,24399.95,24514.87,24315.75,24388.13,11.82,0.0485,0.82,143202.13
HSI,2020-05-21,24528.91,24280.03,24528.91,24208.16,24399.95,-119.92,-0.4915,1.31,147434.5
HSI,2020-05-22,23756.91,22930.14,23756.91,22878.26,24280.03,-1349.89,-5.5597,3.62,368098.91
HSI,2020-05-25,22725.7,22952.24,22968.65,22519.73,22930.14,22.1,0.0964,1.96,176902.9
HSI,2020-05-26,23198.34,23384.66,23481.48,23165.49,22952.24,432.42,1.884,1.38,142114.82
HSI,2020-05-27,23515.14,23301.36,23515.14,23134.61,23384.66,-83.3,-0.3562,1.63,183714.61
HSI,2020-05-28,23206.75,23132.76,23451.78,22798.69,23301.36,-168.6,-0.7236,2.8,235679.26
HSI,2020-05-29,22781.11,22961.47,23089.77,22781.11,23132.76,-171.29,-0.7405,1.33,362141.2
HSI,2020-06-01,23539.91,23732.52,23806.32,23539.91,22961.47,771.05,3.358,1.16,256914.88
HSI,2020-06-02,23792.24,23995.94,23995.94,23766.15,23732.52,263.42,1.11,0.97,181329.39
HSI,2020-06-03,24303.56,24325.62,24364.01,24219.96,23995.94,329.68,1.3739,0.6,245511.83
HSI,2020-06-04,24643.84,24366.3,24643.84,24204.1,24325.62,40.68,0.1672,1.81,188887.35
HSI,2020-06-05,24388.18,24770.41,24810.22,24253.56,24366.3,404.11,1.6585,2.28,239761.83
HSI,2020-06-08,25018.05,24776.77,25018.78,24678.55,24770.41,6.36,0.0257,1.37,212343.95
HSI,2020-06-09,24906.01,25057.22,25253.67,24837.73,24776.77,280.45,1.1319,1.68,220339.65
HSI,2020-06-10,25179.03,25049.73,25303.78,24968.3,25057.22,-7.49,-0.0299,1.34,197134.92
HSI,2020-06-11,24997.84,24480.15,25059.32,24480.15,25049.73,-569.58,-2.2738,2.31,183895.82
HSI,2020-06-12,23920.7,24301.38,24317.72,23895.03,24480.15,-178.77,-0.7303,1.73,182451.96
HSI,2020-06-15,23991.38,23776.95,24242.97,23684.96,24301.38,-524.43,-2.158,2.3,210453.83
HSI,2020-06-16,24318.15,24344.09,24534.77,24302.25,23776.95,567.14,2.3853,0.98,161158.99
HSI,2020-06-17,24363.39,24481.41,24532.01,24195.82,24344.09,137.32,0.5641,1.38,127827.93
HSI,2020-06-18,24386.31,24464.94,24464.94,24121.89,24481.41,-16.47,-0.0673,1.4,181132.71
HSI,2020-06-19,24373.36,24643.89,24776.54,24334.36,24464.94,178.95,0.7315,1.81,239028.57
HSI,2020-06-22,24528.53,24511.34,24628.95,24391.17,24643.89,-132.55,-0.5379,0.96,161229.42
HSI,2020-06-23,24541.44,24907.34,24907.34,24184.88,24511.34,396.0,1.6156,2.95,154905.37
HSI,2020-06-24,25034.87,24781.58,25071.32,24770.95,24907.34,-125.76,-0.5049,1.21,143191.37
HSI,2020-06-26,24697.98,24549.99,24756.58,24537.77,24781.58,-231.59,-0.9345,0.88,150926.01
HSI,2020-06-29,24627.64,24301.28,24627.64,24148.62,24549.99,-248.71,-1.0131,1.95,183585.54
HSI,2020-06-30,24468.24,24427.19,24598.61,24271.77,24301.28,125.91,0.5181,1.34,189232.33
HSI,2020-07-02,24563.57,25124.19,25124.19,24563.57,24427.19,697.0,2.8534,2.3,274654.64
HSI,2020-07-03,25319.28,25373.12,25453.58,25182.6,25124.19,248.93,0.9908,1.08,232056.89
HSI,2020-07-06,25545.54,26339.16,26453.61,25543.15,25373.12,966.04,3.8073,3.59,488338.19
HSI,2020-07-07,26571.08,25975.66,26782.62,25911.74,26339.16,-363.5,-1.3801,3.31,391384.07
HSI,2020-07-08,26078.61,26129.18,26299.84,25849.78,25975.66,153.52,0.591,1.73,258267.95
HSI,2020-07-09,26351.13,26210.16,26374.94,26016.75,26129.18,80.98,0.3099,1.37,245268.17
HSI,2020-07-10,25931.78,25727.41,26137.91,25570.36,26210.16,-482.75,-1.8418,2.17,214215.08
HSI,2020-07-13,25848.8,25772.12,26103.84,25715.24,25727.41,44.71,0.1738,1.51,212728.88
HSI,2020-07-14,25663.16,25477.89,25663.16,25254.32,25772.12,-294.23,-1.1417,1.59,218027.92
HSI,2020-07-15,25888.78,25481.58,25888.78,25299.36,25477.89,3.69,0.0145,2.31,184931.73
HSI,2020-07-16,25549.4,24970.69,25576.49,24919.95,25481.58,-510.89,-2.0049,2.58,193505.17
HSI,2020-07-17,25142.06,25089.17,25263.97,25015.28,24970.69,118.48,0.4745,1.0,136250.04
HSI,2020-07-20,25019.6,25057.99,25222.11,24766.17,25089.17,-31.18,-0.1243,1.82,165062.05
HSI,2020-07-21,25427.06,25635.66,25635.66,25378.38,25057.99,577.67,2.3053,1.03,175217.19
HSI,2020-07-22,25575.25,25057.94,25779.66,25057.94,25635.66,-577.72,-2.2536,2.82,239005.12
HSI,2020-07-23,25235.9,25263.0,25346.36,24992.37,25057.94,205.06,0.8183,1.41,191000.0
HSI,2020-07-24,25040.76,24705.33,25101.1,24598.46,25263.0,-557.67,-2.2075,1.99,302970.64
HSI,2020-07-27,24909.96,24603.26,24972.46,24526.91,24705.33,-102.07,-0.4132,1.8,149121.1
HSI,2020-07-28,24942.74,24772.76,24942.74,24642.35,24603.26,169.5,0.6889,1.22,135841.82
HSI,2020-07-29,24710.51,24883.14,24905.44,24671.51,24772.76,110.38,0.4456,0.94,108033.51
HSI,2020-07-30,24979.24,24710.59,25197.31,24616.05,24883.14,-172.55,-0.6934,2.34,177968.19
HSI,2020-07-31,24747.29,24595.35,24938.85,24534.79,24710.59,-115.24,-0.4664,1.64,176323.39
HSI,2020-08-03,24566.81,24458.13,24647.28,24250.98,24595.35,-137.22,-0.5579,1.61,201272.31
HSI,2020-08-04,24664.6,24946.63,25062.41,24539.44,24458.13,488.5,1.9973,2.14,190661.59
HSI,2020-08-05,25029.39,25102.54,25167.22,24868.29,24946.63,155.91,0.625,1.2,147793.63
HSI,2020-08-06,25201.44,24930.58,25201.44,24641.09,25102.54,-171.96,-0.685,2.23,159620.61
HSI,2020-08-07,24909.37,24531.62,24909.37,24167.79,24930.58,-398.96,-1.6003,2.97,161016.47
HSI,2020-08-10,24376.82,24377.43,24536.01,24272.67,24531.62,-154.19,-0.6285,1.07,125644.41
HSI,2020-08-11,24662.04,24890.68,25031.57,24662.04,24377.43,513.25,2.1054,1.52,162836.39
HSI,2020-08-12,24868.63,25244.02,25291.8,24685.44,24890.68,353.34,1.4196,2.44,176395.01
HSI,2020-08-13,25490.02,25230.67,25490.02,25144.46,25244.02,-13.35,-0.0529,1.37,176119.65
HSI,2020-08-14,25072.45,25183.01,25378.53,25040.55,25230.67,-47.66,-0.1889,1.34,142976.68
HSI,2020-08-17,25212.28,25347.34,25588.67,25163.29,25183.01,164.33,0.6525,1.69,195568.91
HSI,2020-08-18,25470.97,25367.38,25470.97,25257.88,25347.34,20.04,0.0791,0.84,153477.6
HSI,2020-08-19,25359.03,25178.91,25382.51,25079.25,25367.38,-188.47,-0.743,1.2,113223.86
HSI,2020-08-20,25055.35,24791.39,25055.35,24621.32,25178.91,-387.52,-1.5391,1.72,199570.15
HSI,2020-08-21,25007.13,25113.84,25178.79,24885.86,24791.39,322.45,1.3007,1.18,121026.79
HSI,2020-08-24,25352.79,25551.58,25551.58,25325.15,25113.84,437.74,1.743,0.9,135226.38
HSI,2020-08-25,25586.99,25486.22,25621.08,25352.26,25551.58,-65.36,-0.2558,1.05,135083.74
HSI,2020-08-26,25520.41,25491.79,25603.17,25360.03,25486.22,5.57,0.0219,0.95,131987.62
HSI,2020-08-27,25469.77,25281.15,25469.77,25186.42,25491.79,-210.64,-0.8263,1.11,170126.83
HSI,2020-08-28,25330.77,25422.06,25749.4,25258.16,25281.15,140.91,0.5574,1.94,206527.26
HSI,2020-08-31,25732.49,25177.05,25847.11,25177.05,25422.06,-245.01,-0.9638,2.64,319537.82
HSI,2020-09-01,25085.67,25184.85,25254.14,24995.45,25177.05,7.8,0.031,1.03,172945.2
HSI,2020-09-02,25239.86,25120.09,25239.86,24931.17,25184.85,-64.76,-0.2571,1.23,234995.58
HSI,2020-09-03,25026.99,25007.6,25216.02,24854.58,25120.09,-112.49,-0.4478,1.44,200734.11
HSI,2020-09-04,24668.801,24695.45,24813.96,24488.64,25007.6,-312.15,-1.2482,1.3,339374.51
HSI,2020-09-07,24621.021,24589.65,24908.29,24475.61,24695.45,-105.8,-0.4284,1.75,168287.29
HSI,2020-09-08,24785.26,24624.34,24785.26,24341.32,24589.65,34.69,0.1411,1.81,207459.1
HSI,2020-09-09,24295.42,24468.93,24520.92,24213.36,24624.34,-155.41,-0.6311,1.25,174934.84
HSI,2020-09-10,24584.94,24313.54,24615.6,24293.21,24468.93,-155.39,-0.6351,1.32,134947.8
HSI,2020-09-11,24352.63,24503.31,24572.66,24293.03,24313.54,189.77,0.7805,1.15,130659.89
HSI,2020-09-14,24569.03,24640.28,24750.95,24556.52,24503.31,136.97,0.559,0.79,109138.07
HSI,2020-09-15,24621.65,24732.76,24826.87,24621.65,24640.28,92.48,0.3753,0.83,173376.96
HSI,2020-09-16,24823.96,24725.63,24829.87,24635.24,24732.76,-7.13,-0.0288,0.79,130320.21
HSI,2020-09-17,24676.41,24340.85,24713.79,24250.9,24725.63,-384.78,-1.5562,1.87,163090.03
HSI,2020-09-18,24381.13,24455.41,24501.16,24295.01,24340.85,114.56,0.4706,0.85,230181.29
HSI,2020-09-21,24483.91,23950.69,24542.55,23928.02,24455.41,-504.72,-2.0638,2.51,160208.15
HSI,2020-09-22,23839.67,23716.85,23908.51,23675.62,23950.69,-233.84,-0.9763,0.97,155322.77
HSI,2020-09-23,23701.12,23742.51,23795.19,23559.99,23716.85,25.66,0.1082,0.99,164293.34
HSI,2020-09-24,23537.83,23311.07,23590.42,23225.33,23742.51,-431.44,-1.8172,1.54,191365.75
HSI,2020-09-25,23425.75,23235.42,23495.26,23124.25,23311.07,-75.65,-0.3245,1.59,179407.54
HSI,2020-09-28,23284.09,23476.05,23523.81,23250.34,23235.42,240.63,1.0356,1.18,144683.94
HSI,2020-09-29,23584.61,23275.53,23601.4,23256.92,23476.05,-200.52,-0.8541,1.47,152674.66
HSI,2020-09-30,23548.89,23459.05,23780.87,23368.49,23275.53,183.52,0.7885,1.77,145301.6
HSI,2020-10-05,24039.39,23767.78,24039.39,23674.52,23459.05,308.73,1.316,1.56,142042.75
HSI,2020-10-06,23895.21,23980.65,24005.03,23842.25,23767.78,212.87,0.8956,0.68,132545.22
HSI,2020-10-07,23999.79,24242.86,24243.91,23905.42,23980.65,262.21,1.0934,1.41,153707.61
HSI,2020-10-08,24263.33,24193.35,24263.33,24021.93,24242.86,-49.51,-0.2042,1.0,118203.03
HSI,2020-10-09,24343.81,24119.13,24343.81,24059.29,24193.35,-74.22,-0.3068,1.18,135896.95
HSI,2020-10-12,24217.25,24649.68,24702.81,24196.8,24119.13,530.55,2.1997,2.1,243040.35
HSI,2020-10-14,24808.85,24667.09,24808.85,24498.94,24649.68,17.41,0.0706,1.26,255004.28
HSI,2020-10-15,24533.75,24158.54,24573.25,24102.21,24667.09,-508.55,-2.0617,1.91,213420.28
HSI,2020-10-16,24194.41,24386.79,24456.97,24194.41,24158.54,228.25,0.9448,1.09,269752.51
HSI,2020-10-19,24565.43,24542.26,24771.85,24478.47,24386.79,155.47,0.6375,1.2,360553.76
HSI,2020-10-20,24571.64,24569.54,24600.39,24456.84,24542.26,27.28,0.1112,0.58,187905.2
HSI,2020-10-21,24695.54,24754.42,24903.0,24653.16,24569.54,184.88,0.7525,1.02,192944.72
HSI,2020-10-22,24696.31,24786.13,24817.01,24556.55,24754.42,31.71,0.1281,1.05,248687.12
HSI,2020-10-23,24773.12,24918.78,24970.59,24683.25,24786.13,132.65,0.5352,1.16,236815.67
HSI,2020-10-27,24839.97,24787.19,24872.52,24602.11,24918.78,-131.59,-0.5281,1.09,243516.46
HSI,2020-10-28,24773.54,24708.8,24844.79,24586.06,24787.19,-78.39,-0.3163,1.04,201194.04
HSI,2020-10-29,24290.01,24586.6,24678.9,24258.56,24708.8,-122.2,-0.4946,1.7,193674.9
HSI,2020-10-30,24535.9,24107.42,24600.54,24029.95,24586.6,-479.18,-1.9489,2.32,253774.42
HSI,2020-11-02,24274.83,24460.01,24486.02,24232.66,24107.42,352.59,1.4626,1.05,235541.32
HSI,2020-11-03,24689.56,24939.73,25048.53,24689.51,24460.01,479.72,1.9612,1.47,224435.3
HSI,2020-11-04,24790.0,24886.14,25093.72,24733.23,24939.73,-53.59,-0.2149,1.45,230556.15
HSI,2020-11-05,25500.91,25695.92,25695.92,25343.44,24886.14,809.78,3.2539,1.42,261749.2
HSI,2020-11-06,25750.78,25712.97,25799.97,25540.98,25695.92,17.05,0.0664,1.01,237047.6
HSI,2020-11-09,26157.77,26016.17,26172.23,25950.41,25712.97,303.2,1.1792,0.86,235010.15
HSI,2020-11-10,26474.04,26301.48,26474.04,26041.87,26016.17,285.31,1.0967,1.66,384714.41
HSI,2020-11-11,26226.8,26226.98,26432.56,26168.63,26301.48,-74.5,-0.2833,1.0,412077.37
HSI,2020-11-12,26409.34,26169.38,26460.94,26071.15,26226.98,-57.6,-0.2196,1.49,267902.05
HSI,2020-11-13,26114.6,26156.86,26156.86,25909.18,26169.38,-12.52,-0.0478,0.95,243510.5
HSI,2020-11-16,26362.07,26381.67,26394.4,26191.54,26156.86,224.81,0.8595,0.78,209023.65
HSI,2020-11-17,26515.09,26415.09,26530.54,26339.88,26381.67,33.42,0.1267,0.72,239456.56
HSI,2020-11-18,26434.24,26544.29,26618.01,26344.86,26415.09,129.2,0.4891,1.03,229275.86
HSI,2020-11-19,26460.61,26356.97,26460.61,26311.64,26544.29,-187.32,-0.7057,0.56,241389.01
HSI,2020-11-20,26406.87,26451.54,26564.25,26313.28,26356.97,94.57,0.3588,0.95,214935.44
HSI,2020-11-23,26659.79,26486.2,26662.66,26369.34,26451.54,34.66,0.131,1.11,223515.55
HSI,2020-11-24,26630.34,26588.2,26630.34,26409.77,26486.2,102.0,0.3851,0.83,201498.94
HSI,2020-11-25,26819.96,26669.75,27040.41,26591.3,26588.2,81.55,0.3067,1.69,285997.44
HSI,2020-11-26,26695.25,26819.45,26819.45,26612.0,26669.75,149.7,0.5613,0.78,197765.29
HSI,2020-11-27,26758.49,26894.68,27009.15,26704.6,26819.45,75.23,0.2805,1.14,273359.72
HSI,2020-11-30,26853.39,26341.49,26960.93,26322.68,26894.68,-553.19,-2.0569,2.37,574206.01
HSI,2020-12-01,26422.71,26567.68,26662.18,26375.24,26341.49,226.19,0.8587,1.09,356423.89
HSI,2020-12-02,26670.12,26532.58,26670.12,26379.48,26567.68,-35.1,-0.1321,1.09,370408.74
HSI,2020-12-03,26623.42,26728.5,26781.99,26556.02,26532.58,195.92,0.7384,0.85,283041.39
HSI,2020-12-04,26811.59,26835.92,26835.92,26652.34,26728.5,107.42,0.4019,0.69,320535.02
HSI,2020-12-07,26870.58,26506.85,26870.58,26256.4,26835.92,-329.07,-1.2262,2.29,280602.12
HSI,2020-12-08,26460.35,26304.56,26460.35,26270.91,26506.85,-202.29,-0.7632,0.71,254268.03
HSI,2020-12-09,26510.42,26502.84,26666.94,26445.66,26304.56,198.28,0.7538,0.84,253771.62
HSI,2020-12-10,26335.26,26410.59,26434.47,26287.02,26502.84,-92.25,-0.3481,0.56,200056.89
HSI,2020-12-11,26634.21,26505.87,26704.01,26443.01,26410.59,95.28,0.3608,0.99,249742.04
HSI,2020-12-14,26522.1,26389.52,26544.12,26318.11,26505.87,-116.35,-0.439,0.85,221097.67
HSI,2020-12-15,26418.93,26207.29,26436.04,26127.68,26389.52,-182.23,-0.6905,1.17,258714.44
HSI,2020-12-16,26421.21,26460.29,26510.19,26318.74,26207.29,253.0,0.9654,0.73,204344.45
HSI,2020-12-17,26608.44,26678.38,26678.38,26390.59,26460.29,218.09,0.8242,1.09,226242.28
HSI,2020-12-18,26650.49,26498.6,26668.1,26363.05,26678.38,-179.78,-0.6739,1.14,308002.67
HSI,2020-12-21,26422.62,26306.68,26498.65,26274.65,26498.6,-191.92,-0.7243,0.85,204497.73
HSI,2020-12-22,26260.78,26119.25,26365.2,25998.87,26306.68,-187.43,-0.7125,1.39,174753.39
HSI,2020-12-23,26083.11,26343.1,26343.1,26071.76,26119.25,223.85,0.857,1.04,200946.18
HSI,2020-12-24,26342.87,26386.56,26470.4,26221.3,26343.1,43.46,0.165,0.95,129780.3
HSI,2020-12-28,26288.37,26314.63,26514.08,26264.32,26386.56,-71.93,-0.2726,0.95,266962.96
HSI,2020-12-29,26490.45,26568.49,26618.78,26432.91,26314.63,253.86,0.9647,0.71,230470.73
HSI,2020-12-30,26695.11,27147.11,27159.47,26670.97,26568.49,578.62,2.1778,1.84,255280.29
HSI,2020-12-31,27194.79,27231.13,27340.99,27163.51,27147.11,84.02,0.3095,0.65,205470.53
HSI,2021-01-04,27087.13,27472.81,27502.83,27079.24,27231.13,241.68,0.8875,1.56,287044.33
HSI,2021-01-05,27281.34,27649.86,27690.21,27150.38,27472.81,177.05,0.6445,1.96,328249.01
HSI,2021-01-06,27613.34,27692.3,27756.43,27389.78,27649.86,42.44,0.1535,1.33,307938.26
HSI,2021-01-07,27715.94,27548.52,27752.36,27457.47,27692.3,-143.78,-0.5192,1.06,377514.28
HSI,2021-01-08,27630.03,27878.22,27920.77,27538.2,27548.52,329.7,1.1968,1.39,566728.4
HSI,2021-01-11,28003.98,27908.22,28176.65,27794.81,27878.22,30.0,0.1076,1.37,436609.46
HSI,2021-01-12,27894.29,28276.75,28276.75,27781.42,27908.22,368.53,1.3205,1.77,339960.62
HSI,2021-01-13,28309.32,28235.6,28414.54,28136.64,28276.75,-41.15,-0.1455,0.98,355936.66
HSI,2021-01-14,28408.12,28496.86,28510.92,28280.09,28235.6,261.26,0.9253,0.82,320559.26
HSI,2021-01-15,28394.37,28573.86,28667.59,28294.66,28496.86,77.0,0.2702,1.31,448537.18
HSI,2021-01-18,28454.59,28862.77,28864.25,28390.29,28573.86,288.91,1.0111,1.66,295644.4
HSI,2021-01-19,29100.17,29642.28,29848.43,29100.17,28862.77,779.51,2.7007,2.59,456824.53
HSI,2021-01-20,29794.41,29962.47,29993.47,29676.54,29642.28,320.19,1.0802,1.07,393783.42
HSI,2021-01-21,29951.78,29927.76,30135.5,29745.87,29962.47,-34.71,-0.1158,1.3,300488.89
HSI,2021-01-22,29809.23,29447.85,29862.89,29413.52,29927.76,-479.91,-1.6036,1.5,338173.86
HSI,2021-01-25,29677.3,30159.01,30191.16,29673.26,29447.85,711.16,2.415,1.76,306651.53
HSI,2021-01-26,29892.85,29391.26,29965.11,29345.74,30159.01,-767.75,-2.5457,2.05,481072.36
HSI,2021-01-27,29556.58,29297.53,29636.63,29194.37,29391.26,-93.73,-0.3189,1.5,380897.18
HSI,2021-01-28,28914.85,28550.77,29191.68,28467.01,29297.53,-746.76,-2.5489,2.47,299347.01
HSI,2021-01-29,28826.18,28283.71,28972.06,28259.73,28550.77,-267.06,-0.9354,2.49,319675.76
HSI,2021-02-01,28457.85,28892.86,28982.77,28382.26,28283.71,609.15,2.1537,2.12,246427.64
HSI,2021-02-02,29378.12,29248.7,29511.0,29198.86,28892.86,355.84,1.2316,1.08,273919.46
HSI,2021-02-03,29305.41,29307.46,29312.0,28967.01,29248.7,58.76,0.2009,1.18,268135.55
HSI,2021-02-04,29093.54,29113.5,29409.0,28775.38,29307.46,-193.96,-0.6618,2.16,303224.62
HSI,2021-02-05,29305.09,29288.68,29495.64,29184.09,29113.5,175.18,0.6017,1.07,267526.65
HSI,2021-02-08,29629.08,29319.47,29706.08,29293.64,29288.68,30.79,0.1051,1.41,219673.41
HSI,2021-02-09,29442.5,29476.19,29527.67,29263.98,29319.47,156.72,0.5345,0.9,185104.34
HSI,2021-02-10,29796.19,30038.72,30075.5,29732.23,29476.19,562.53,1.9084,1.16,199828.49
HSI,2021-02-11,29995.28,30173.57,30184.17,29828.62,30038.72,134.85,0.4489,1.18,119211.12
HSI,2021-02-16,30675.82,30746.66,30793.48,30497.4,30173.57,573.09,1.8993,0.98,326967.62
HSI,2021-02-17,30636.37,31084.94,31168.3,30503.46,30746.66,338.28,1.1002,2.16,314403.29
HSI,2021-02-18,31183.36,30595.27,31183.36,30570.55,31084.94,-489.67,-1.5753,1.97,368758.1
HSI,2021-02-19,30483.46,30644.73,30720.15,30099.71,30595.27,49.46,0.1617,2.03,331719.17
HSI,2021-02-22,31071.61,30319.83,31071.61,30298.58,30644.73,-324.9,-1.0602,2.52,444991.01
HSI,2021-02-23,30189.97,30632.64,30948.47,30126.4,30319.83,312.81,1.0317,2.71,460571.03
HSI,2021-02-24,30702.65,29718.24,30792.88,29532.68,30632.64,-914.4,-2.9851,4.11,484633.53
HSI,2021-02-25,30174.22,30074.17,30453.12,29833.05,29718.24,355.93,1.1977,2.09,366389.23
HSI,2021-02-26,29412.13,28980.21,29579.67,28980.21,30074.17,-1093.96,-3.6375,1.99,412639.32
HSI,2021-03-01,29457.89,29452.57,29550.75,29195.97,28980.21,472.36,1.6299,1.22,262906.21
HSI,2021-03-02,29708.39,29095.86,29765.96,28957.31,29452.57,-356.71,-1.2111,2.75,289584.96
HSI,2021-03-03,29249.43,29880.42,29912.0,29183.59,29095.86,784.56,2.6965,2.5,322861.8
HSI,2021-03-04,29525.48,29236.79,29597.16,29102.1,29880.42,-643.63,-2.154,1.66,295790.9
HSI,2021-03-05,28667.14,29098.29,29397.27,28513.13,29236.79,-138.5,-0.4737,3.02,399671.33
HSI,2021-03-08,29362.59,28540.83,29386.33,28422.27,29098.29,-557.46,-1.9158,3.31,490690.61
HSI,2021-03-09,28665.26,28773.23,29047.13,28326.13,28540.83,232.4,0.8143,2.53,437794.44
HSI,2021-03-10,29255.37,28907.52,29255.37,28710.91,28773.23,134.29,0.4667,1.89,284278.52
HSI,2021-03-11,28909.98,29385.61,29412.42,28893.21,28907.52,478.09,1.6539,1.8,360426.36
HSI,2021-03-12,29550.37,28739.72,29550.37,28707.35,29385.61,-645.89,-2.198,2.87,355723.78
HSI,2021-03-15,28923.95,28833.76,29178.99,28612.74,28739.72,94.04,0.3272,1.97,309671.96
HSI,2021-03-16,29036.82,29027.69,29118.62,28872.4,28833.76,193.93,0.6726,0.85,235160.56
HSI,2021-03-17,28992.24,29034.12,29180.01,28780.23,29027.69,6.43,0.0222,1.38,190132.92
HSI,2021-03-18,29317.61,29405.72,29596.58,29317.61,29034.12,371.6,1.2799,0.96,211374.52
HSI,2021-03-19,29158.48,28990.94,29271.4,28737.54,29405.72,-414.78,-1.4105,1.82,381444.08
HSI,2021-03-22,28801.09,28885.34,29139.07,28801.09,28990.94,-105.6,-0.3643,1.17,206583.06
HSI,2021-03-23,29008.02,28497.38,29043.18,28376.22,28885.34,-387.96,-1.3431,2.31,204956.03
HSI,2021-03-24,28437.49,27918.14,28457.87,27827.05,28497.38,-579.24,-2.0326,2.21,268914.24
HSI,2021-03-25,27628.08,27899.61,28032.01,27505.08,27918.14,-18.53,-0.0664,1.89,259500.76
HSI,2021-03-26,28043.65,28336.43,28415.15,28014.29,27899.61,436.82,1.5657,1.44,241538.41
HSI,2021-03-29,28317.32,28338.3,28484.66,28132.36,28336.43,1.87,0.0066,1.24,284774.41
HSI,2021-03-30,28552.77,28577.5,28694.15,28371.23,28338.3,239.2,0.8441,1.14,226983.98
HSI,2021-03-31,28802.53,28378.35,28802.53,28332.78,28577.5,-199.15,-0.6969,1.64,270375.54
HSI,2021-04-01,28594.55,28938.74,28938.74,28511.65,28378.35,560.39,1.9747,1.5,223297.21
HSI,2021-04-07,29101.4,28674.8,29101.4,28598.86,28938.74,-263.94,-0.9121,1.74,222360.63
HSI,2021-04-08,28604.12,29008.07,29054.82,28587.11,28674.8,333.27,1.1622,1.63,252232.93
HSI,2021-04-09,29152.44,28698.8,29152.44,28604.55,29008.07,-309.27,-1.0662,1.89,189726.58
HSI,2021-04-12,28791.97,28453.28,28791.97,28274.27,28698.8,-245.52,-0.8555,1.8,199232.52
HSI,2021-04-13,28557.84,28497.25,28877.15,28452.12,28453.28,43.97,0.1545,1.49,206211.73
HSI,2021-04-14,28796.55,28900.83,28979.35,28685.06,28497.25,403.58,1.4162,1.03,194150.16
HSI,2021-04-15,28872.82,28793.14,28884.57,28530.99,28900.83,-107.69,-0.3726,1.22,190186.3
HSI,2021-04-16,28827.17,28969.71,29079.18,28711.11,28793.14,176.57,0.6132,1.28,219240.98
HSI,2021-04-19,28960.13,29106.15,29319.76,28806.76,28969.71,136.44,0.471,1.77,202012.83
HSI,2021-04-20,28962.8,29135.73,29220.19,28885.55,29106.15,29.58,0.1016,1.15,201421.05
HSI,2021-04-21,28702.27,28621.92,28778.36,28506.76,29135.73,-513.81,-1.7635,0.93,220203.15
HSI,2021-04-22,28716.98,28755.34,28848.02,28597.0,28621.92,133.42,0.4661,0.88,193489.13
HSI,2021-04-23,28798.45,29078.75,29078.75,28748.57,28755.34,323.41,1.1247,1.15,190100.2
HSI,2021-04-26,29106.45,28952.83,29238.99,28908.65,29078.75,-125.92,-0.433,1.14,178635.36
HSI,2021-04-27,28895.38,28941.54,29045.11,28793.22,28952.83,-11.29,-0.039,0.87,183487.28
HSI,2021-04-28,28991.94,29071.34,29071.34,28887.33,28941.54,129.8,0.4485,0.64,207407.43
HSI,2021-04-29,29268.21,29303.26,29405.12,29162.87,29071.34,231.92,0.7978,0.83,183813.58
HSI,2021-04-30,29143.43,28724.88,29154.75,28701.69,29303.26,-578.38,-1.9738,1.55,257758.43
HSI,2021-05-03,28659.91,28357.54,28684.83,28256.03,28724.88,-367.34,-1.2788,1.49,172598.55
HSI,2021-05-04,28438.15,28557.14,28577.52,28321.34,28357.54,199.6,0.7039,0.9,192112.48
HSI,2021-05-05,28427.67,28417.98,28677.36,28325.96,28557.14,-139.16,-0.4873,1.23,172083.77
HSI,2021-05-06,28647.97,28637.46,28753.97,28384.12,28417.98,219.48,0.7723,1.3,247881.9
HSI,2021-05-07,28721.13,28610.65,28884.03,28530.71,28637.46,-26.81,-0.0936,1.23,220533.71
HSI,2021-05-10,28776.99,28595.66,28842.11,28453.14,28610.65,-14.99,-0.0524,1.36,235882.21
HSI,2021-05-11,28286.56,28013.81,28286.56,27910.71,28595.66,-581.85,-2.0347,1.31,238335.52
HSI,2021-05-12,28073.92,28231.04,28231.04,27897.47,28013.81,217.23,0.7754,1.19,213231.53
HSI,2021-05-13,27920.01,27718.67,28060.93,27718.67,28231.04,-512.37,-1.8149,1.21,216738.15
HSI,2021-05-14,27872.69,28027.57,28064.01,27715.88,27718.67,308.9,1.1144,1.26,188080.52
HSI,2021-05-17,28130.51,28194.09,28268.39,28074.14,28027.57,166.52,0.5941,0.69,185702.79
HSI,2021-05-18,28438.03,28593.81,28617.34,28438.03,28194.09,399.72,1.4177,0.64,206599.0
HSI,2021-05-20,28413.49,28450.29,28508.24,28293.23,28593.81,-143.52,-0.5019,0.75,246583.54
HSI,2021-05-21,28584.34,28458.44,28584.34,28286.92,28450.29,8.15,0.0286,1.05,165324.19
HSI,2021-05-24,28417.99,28412.26,28444.36,28195.52,28458.44,-46.18,-0.1623,0.87,171964.06
HSI,2021-05-25,28461.5,28910.86,28929.24,28461.5,28412.26,498.6,1.7549,1.65,235207.79
HSI,2021-05-26,29056.28,29166.01,29261.86,29027.95,28910.86,255.15,0.8825,0.81,251853.84
HSI,2021-05-27,28998.39,29113.2,29157.95,28950.72,29166.01,-52.81,-0.1811,0.71,380495.5
HSI,2021-05-28,29219.46,29124.41,29336.13,29033.72,29113.2,11.21,0.0385,1.04,259155.95
HSI,2021-05-31,29225.46,29151.8,29225.46,28909.52,29124.41,27.39,0.094,1.08,218858.08
HSI,2021-06-01,29159.06,29468.0,29480.16,29036.45,29151.8,316.2,1.0847,1.52,183203.67
HSI,2021-06-02,29414.64,29297.62,29490.61,29208.73,29468.0,-170.38,-0.5782,0.96,193316.04
HSI,2021-06-03,29365.32,28966.03,29377.9,28902.67,29297.62,-331.59,-1.1318,1.62,224175.25
HSI,2021-06-04,28837.95,28918.1,29023.18,28737.97,28966.03,-47.93,-0.1655,0.98,305457.98
HSI,2021-06-07,28985.6,28787.28,29003.99,28615.61,28918.1,-130.82,-0.4524,1.34,257317.43
HSI,2021-06-08,28900.52,28781.38,28979.2,28638.31,28787.28,-5.9,-0.0205,1.18,162686.3
HSI,2021-06-09,28771.14,28742.63,28859.58,28687.69,28781.38,-38.75,-0.1346,0.6,180702.88
HSI,2021-06-10,28792.02,28738.88,28954.4,28664.94,28742.63,-3.75,-0.013,1.01,194010.46
HSI,2021-06-11,28864.9,28842.13,28965.15,28743.82,28738.88,103.25,0.3593,0.77,203861.91
HSI,2021-06-15,28946.44,28638.53,28946.44,28453.48,28842.13,-203.6,-0.7059,1.71,237645.98
HSI,2021-06-16,28609.37,28436.84,28648.64,28403.64,28638.53,-201.69,-0.7043,0.86,205381.88
HSI,2021-06-17,28240.88,28558.59,28558.59,28216.09,28436.84,121.75,0.4281,1.2,188802.2
HSI,2021-06-18,28586.04,28801.27,28830.85,28532.08,28558.59,242.68,0.8498,1.05,376137.52
HSI,2021-06-21,28501.64,28489.0,28590.22,28314.93,28801.27,-312.27,-1.0842,0.96,218267.3
HSI,2021-06-22,28575.16,28309.76,28579.0,28299.66,28489.0,-179.24,-0.6292,0.98,198008.04
HSI,2021-06-23,28468.24,28817.07,28893.79,28406.61,28309.76,507.31,1.792,1.72,229338.72
HSI,2021-06-24,28865.46,28882.46,28993.37,28782.34,28817.07,65.39,0.2269,0.73,172321.65
HSI,2021-06-25,29002.67,29288.22,29305.17,28971.6,28882.46,405.76,1.4049,1.15,214943.43
HSI,2021-06-28,29366.49,29268.3,29394.69,29209.43,29288.22,-19.92,-0.068,0.63,151261.11
HSI,2021-06-29,29291.89,28994.1,29291.89,28924.61,29268.3,-274.2,-0.9369,1.25,235650.71
HSI,2021-06-30,29107.9,28827.95,29146.28,28827.7,28994.1,-166.15,-0.573,1.1,205150.37
HSI,2021-07-02,28859.02,28310.42,28859.02,28231.73,28827.95,-517.53,-1.7952,2.18,281617.27
HSI,2021-07-05,28098.91,28143.5,28338.79,28042.71,28310.42,-166.92,-0.5896,1.05,182721.26
HSI,2021-07-06,28136.63,28072.86,28151.35,27904.53,28143.5,-70.64,-0.251,0.88,190417.62
HSI,2021-07-07,27777.81,27960.62,27969.41,27703.41,28072.86,-112.24,-0.3998,0.95,204070.23
HSI,2021-07-08,27881.5,27153.13,27921.06,27110.62,27960.62,-807.49,-2.888,2.9,294860.57
HSI,2021-07-09,27131.57,27344.54,27450.79,26861.87,27153.13,191.41,0.7049,2.17,249997.69
HSI,2021-07-12,27672.7,27515.24,27741.19,27420.35,27344.54,170.7,0.6243,1.17,205416.47
HSI,2021-07-13,27694.03,27963.41,28052.32,27612.69,27515.24,448.17,1.6288,1.6,199558.84
HSI,2021-07-14,27965.39,27787.46,27965.39,27708.71,27963.41,-175.95,-0.6292,0.92,186566.37
HSI,2021-07-15,27801.4,27996.27,28181.21,27741.09,27787.46,208.81,0.7515,1.58,208149.32
HSI,2021-07-16,27972.56,28004.68,28218.53,27878.53,27996.27,8.41,0.03,1.21,196881.91
HSI,2021-07-19,27786.54,27489.78,27786.54,27397.29,28004.68,-514.9,-1.8386,1.39,187417.62
HSI,2021-07-20,27395.83,27259.25,27532.86,27121.49,27489.78,-230.53,-0.8386,1.5,226338.08
HSI,2021-07-21,27339.22,27224.58,27371.5,26971.03,27259.25,-34.67,-0.1272,1.47,167253.3
HSI,2021-07-22,27464.28,27723.84,27759.71,27455.43,27224.58,499.26,1.8339,1.12,180719.97
HSI,2021-07-23,27740.95,27321.98,27740.95,27222.04,27723.84,-401.86,-1.4495,1.87,118274.52
HSI,2021-07-26,26825.73,26192.32,26878.75,26177.4,27321.98,-1129.66,-4.1346,2.57,269521.57
HSI,2021-07-27,26011.51,25086.43,26323.61,24748.84,26192.32,-1105.89,-4.2222,6.01,465738.38
HSI,2021-07-28,25356.74,25473.88,25520.75,24848.43,25086.43,387.45,1.5445,2.68,339183.77
HSI,2021-07-29,26221.36,26315.32,26335.36,25857.42,25473.88,841.44,3.3031,1.88,327215.44
HSI,2021-07-30,26042.84,25961.03,26151.0,25636.89,26315.32,-354.29,-1.3463,1.95,242505.88
HSI,2021-08-02,26054.81,26235.8,26300.55,25743.09,25961.03,274.77,1.0584,2.15,176864.03
HSI,2021-08-03,26289.06,26194.82,26289.06,25774.62,26235.8,-40.98,-0.1562,1.96,201003.39
HSI,2021-08-04,26161.83,26426.55,26650.82,26009.83,26194.82,231.73,0.8846,2.45,177652.74
HSI,2021-08-05,26390.01,26204.69,26569.37,26126.37,26426.55,-221.86,-0.8395,1.68,169564.8
HSI,2021-08-06,26262.97,26179.4,26276.87,26002.41,26204.69,-25.29,-0.0965,1.05,155962.66
HSI,2021-08-09,25969.23,26283.4,26527.24,25920.85,26179.4,104.0,0.3973,2.32,158511.33
HSI,2021-08-10,26456.61,26605.62,26610.95,26138.87,26283.4,322.22,1.2259,1.8,173529.62
HSI,2021-08-11,26491.74,26660.16,26822.47,26454.45,26605.62,54.54,0.205,1.38,241441.19
HSI,2021-08-12,26623.77,26517.82,26713.24,26385.45,26660.16,-142.34,-0.5339,1.23,165501.79
HSI,2021-08-13,26296.19,26391.62,26521.95,26200.24,26517.82,-126.2,-0.4759,1.21,133618.81
HSI,2021-08-16,26365.19,26181.46,26449.71,26046.9,26391.62,-210.16,-0.7963,1.53,164828.81
HSI,2021-08-17,26137.9,25745.87,26258.79,25615.38,26181.46,-435.59,-1.6637,2.46,229130.54
HSI,2021-08-18,25800.03,25867.01,26025.14,25708.95,25745.87,121.14,0.4705,1.23,175686.09
HSI,2021-08-19,25787.84,25316.33,25832.92,25183.67,25867.01,-550.68,-2.1289,2.51,231288.69
HSI,2021-08-20,25241.32,24849.72,25244.75,24581.6,25316.33,-466.61,-1.8431,2.62,285582.57
HSI,2021-08-23,25169.45,25109.59,25458.33,25036.99,24849.72,259.87,1.0458,1.7,218498.04
HSI,2021-08-24,25428.68,25727.92,25727.92,25361.75,25109.59,618.33,2.4625,1.46,205290.48
HSI,2021-08-25,25930.05,25693.95,25982.64,25548.47,25727.92,-33.97,-0.132,1.69,171637.53
HSI,2021-08-26,25673.78,25415.69,25706.62,25255.83,25693.95,-278.26,-1.083,1.75,183410.66
HSI,2021-08-27,25337.55,25407.89,25641.33,25304.62,25415.69,-7.8,-0.0307,1.32,152804.6
HSI,2021-08-30,25406.49,25539.54,25583.59,25219.8,25407.89,131.65,0.5181,1.43,199564.1
HSI,2021-08-31,25524.23,25878.99,25878.99,25110.72,25539.54,339.45,1.3291,3.01,291814.99
HSI,2021-09-01,25871.82,26028.29,26101.95,25694.11,25878.99,149.3,0.5769,1.58,218128.36
HSI,2021-09-02,26203.52,26090.43,26359.31,25967.98,26028.29,62.14,0.2387,1.5,202434.41
HSI,2021-09-03,26022.67,25901.99,26052.81,25811.77,26090.43,-188.44,-0.7223,0.92,254936.54
HSI,2021-09-06,25827.17,26163.63,26176.43,25827.17,25901.99,261.64,1.0101,1.35,191247.13
HSI,2021-09-07,26207.22,26353.63,26458.88,26135.4,26163.63,190.0,0.7262,1.24,184223.29
HSI,2021-09-08,26396.11,26320.93,26560.04,26164.79,26353.63,-32.7,-0.1241,1.5,186132.29
HSI,2021-09-09,26076.93,25716.0,26125.09,25624.52,26320.93,-604.93,-2.2983,1.9,209078.86
HSI,2021-09-10,25870.71,26205.91,26205.91,25870.71,25716.0,489.91,1.9051,1.3,200131.7
HSI,2021-09-13,25885.3,25813.81,25886.9,25570.84,26205.91,-392.1,-1.4962,1.21,231555.52
HSI,2021-09-14,25827.7,25502.23,25900.68,25377.83,25813.81,-311.58,-1.207,2.03,239895.4
HSI,2021-09-15,25310.03,25033.21,25411.91,24990.94,25502.23,-469.02,-1.8391,1.65,242086.1
HSI,2021-09-16,25042.03,24667.85,25045.55,24505.21,25033.21,-365.36,-1.4595,2.16,249981.82
HSI,2021-09-17,24589.17,24920.76,24920.76,24424.74,24667.85,252.91,1.0253,2.01,310231.21
HSI,2021-09-20,24640.43,24099.14,24640.43,23871.84,24920.76,-821.62,-3.2969,3.08,265159.06
HSI,2021-09-21,23867.16,24221.54,24284.87,23771.46,24099.14,122.4,0.5079,2.13,207974.01
HSI,2021-09-23,24614.14,24510.98,24827.46,24313.68,24221.54,289.44,1.195,2.12,271191.24
HSI,2021-09-24,24487.24,24192.16,24636.64,24095.79,24510.98,-318.82,-1.3007,2.21,201444.51
HSI,2021-09-27,24131.42,24208.78,24509.0,24131.42,24192.16,16.62,0.0687,1.56,232361.11
HSI,2021-09-28,24323.0,24500.39,24679.46,24232.98,24208.78,291.61,1.2046,1.84,245793.12
HSI,2021-09-29,24276.71,24663.5,24694.46,24045.99,24500.39,163.11,0.6657,2.65,215021.08
HSI,2021-09-30,24494.26,24575.64,24660.68,24346.75,24663.5,-87.86,-0.3562,1.27,158041.02
HSI,2021-10-04,24478.68,24036.37,24478.68,23908.05,24575.64,-539.27,-2.1943,2.32,159628.49
HSI,2021-10-05,23771.65,24104.15,24180.08,23681.44,24036.37,67.78,0.282,2.07,171698.01
HSI,2021-10-06,24259.2,23966.49,24259.2,23812.35,24104.15,-137.66,-0.5711,1.85,187872.23
HSI,2021-10-07,24339.32,24701.73,24741.28,24310.11,23966.49,735.24,3.0678,1.8,176457.55
HSI,2021-10-08,25064.8,24837.85,25064.8,24595.58,24701.73,136.12,0.5511,1.9,235900.79
HSI,2021-10-11,25161.8,25325.09,25437.16,25161.8,24837.85,487.24,1.9617,1.11,211430.35
HSI,2021-10-12,24995.95,24962.59,25188.78,24865.8,25325.09,-362.5,-1.4314,1.28,183525.94
HSI,2021-10-15,25187.05,25330.96,25330.96,24929.56,24962.59,368.37,1.4757,1.61,234524.77
HSI,2021-10-18,25425.32,25409.75,25425.32,25123.25,25330.96,78.79,0.311,1.19,164800.53
HSI,2021-10-19,25471.25,25787.21,25808.62,25458.03,25409.75,377.46,1.4855,1.38,167119.46
HSI,2021-10-20,26074.2,26136.02,26214.63,25915.62,25787.21,348.81,1.3526,1.16,182360.52
HSI,2021-10-21,26141.85,26017.53,26229.8,25840.59,26136.02,-118.49,-0.4534,1.49,208512.21
HSI,2021-10-22,26114.84,26126.93,26195.29,25976.03,26017.53,109.4,0.4205,0.84,169958.37
HSI,2021-10-25,26020.78,26132.03,26212.9,25929.67,26126.93,5.1,0.0195,1.08,145521.47
HSI,2021-10-26,26234.94,26038.27,26234.94,25905.08,26132.03,-93.76,-0.3588,1.26,153346.44
HSI,2021-10-27,25795.17,25628.74,25795.17,25555.17,26038.27,-409.53,-1.5728,0.92,162078.01
HSI,2021-10-28,25648.42,25555.73,25736.38,25473.16,25628.74,-73.01,-0.2849,1.03,202105.11
HSI,2021-10-29,25466.86,25377.24,25516.22,25314.24,25555.73,-178.49,-0.6984,0.79,205134.62
HSI,2021-11-01,25268.35,25154.32,25270.41,24972.5,25377.24,-222.92,-0.8784,1.17,158672.28
HSI,2021-11-02,25609.01,25099.67,25639.66,25030.69,25154.32,-54.65,-0.2173,2.42,196459.33
HSI,2021-11-03,25060.93,25024.75,25187.09,24808.59,25099.67,-74.92,-0.2985,1.51,169045.71
HSI,2021-11-04,25141.1,25225.19,25244.98,25010.36,25024.75,200.44,0.801,0.94,163948.51
HSI,2021-11-05,24950.68,24870.51,25049.37,24724.39,25225.19,-354.68,-1.4061,1.29,202068.92
HSI,2021-11-08,24743.54,24763.77,24837.77,24633.57,24870.51,-106.74,-0.4292,0.82,176262.37
HSI,2021-11-09,24952.82,24813.13,24956.37,24678.66,24763.77,49.36,0.1993,1.12,115469.62
HSI,2021-11-10,24787.44,24996.14,25013.11,24481.26,24813.13,183.01,0.7376,2.14,168805.26
HSI,2021-11-11,24856.11,25247.99,25324.66,24836.21,24996.14,251.85,1.0076,1.95,200186.25
HSI,2021-11-12,25522.83,25327.97,25527.13,25210.56,25247.99,79.98,0.3168,1.25,163211.22
HSI,2021-11-15,25437.99,25390.91,25483.26,25230.33,25327.97,62.94,0.2485,1.0,115580.12
HSI,2021-11-16,25446.65,25713.78,25746.71,25410.87,25390.91,322.87,1.2716,1.32,152878.44
HSI,2021-11-17,25667.81,25650.08,25667.81,25520.67,25713.78,-63.7,-0.2477,0.57,119380.94
HSI,2021-11-18,25369.88,25319.72,25414.21,25222.6,25650.08,-330.36,-1.2879,0.75,134285.12
HSI,2021-11-19,24934.4,25049.97,25077.15,24825.43,25319.72,-269.75,-1.0654,0.99,164036.46
HSI,2021-11-22,25057.06,24951.34,25099.95,24869.94,25049.97,-98.63,-0.3937,0.92,151035.89
HSI,2021-11-23,24688.99,24651.58,24794.72,24618.74,24951.34,-299.76,-1.2014,0.71,148627.03
HSI,2021-11-24,24672.1,24685.5,24851.53,24557.63,24651.58,33.92,0.1376,1.19,179103.1
HSI,2021-11-25,24699.69,24740.16,24762.61,24532.82,24685.5,54.66,0.2214,0.93,118863.51
HSI,2021-11-26,24502.68,24080.52,24502.68,24062.26,24740.16,-659.64,-2.6663,1.78,180412.31
HSI,2021-11-29,23910.49,23852.24,24134.32,23774.31,24080.52,-228.28,-0.948,1.5,174100.85
HSI,2021-11-30,23782.86,23475.26,23888.37,23175.37,23852.24,-376.98,-1.5805,2.99,334485.8
HSI,2021-12-01,23595.57,23658.92,23864.3,23537.65,23475.26,183.66,0.7824,1.39,211863.49
HSI,2021-12-02,23524.05,23788.93,23807.0,23517.52,23658.92,130.01,0.5495,1.22,232824.14
HSI,2021-12-03,23675.26,23766.69,23802.77,23451.93,23788.93,-22.24,-0.0935,1.47,271788.97
HSI,2021-12-06,23420.44,23349.38,23628.3,23314.97,23766.69,-417.31,-1.7559,1.32,235740.28
HSI,2021-12-07,23704.51,23983.66,23989.78,23512.5,23349.38,634.28,2.7165,2.04,212032.88
HSI,2021-12-08,24090.02,23996.87,24097.98,23907.3,23983.66,13.21,0.0551,0.8,177862.34
HSI,2021-12-09,24168.41,24254.86,24324.84,24153.72,23996.87,257.99,1.0751,0.71,174325.18
HSI,2021-12-10,24070.56,23995.72,24214.68,23916.63,24254.86,-259.14,-1.0684,1.23,141393.81
HSI,2021-12-13,24242.26,23954.58,24385.44,23936.93,23995.72,-41.14,-0.1714,1.87,153810.56
HSI,2021-12-14,23693.73,23635.95,23817.58,23560.13,23954.58,-318.63,-1.3301,1.07,155357.77
HSI,2021-12-15,23658.04,23420.76,23745.75,23325.92,23635.95,-215.19,-0.9104,1.78,159712.19
HSI,2021-12-16,23287.93,23475.5,23526.05,23155.62,23420.76,54.74,0.2337,1.58,149895.02
HSI,2021-12-17,23463.78,23192.63,23463.78,23158.7,23475.5,-282.87,-1.205,1.3,218869.42
HSI,2021-12-20,23079.83,22744.86,23145.3,22665.25,23192.63,-447.77,-1.9307,2.07,168161.56
HSI,2021-12-21,22795.57,22971.33,23100.18,22730.08,22744.86,226.47,0.9957,1.63,165119.44
HSI,2021-12-22,23221.13,23102.33,23258.71,22979.76,22971.33,131.0,0.5703,1.21,123079.41
HSI,2021-12-23,23141.79,23193.64,23264.75,23027.15,23102.33,91.31,0.3952,1.03,138790.4
HSI,2021-12-24,23375.99,23223.76,23383.19,23186.57,23193.64,30.12,0.1299,0.85,62287.97
HSI,2021-12-28,23282.35,23280.56,23319.44,23099.48,23223.76,56.8,0.2446,0.95,143302.67
HSI,2021-12-29,23253.98,23086.54,23253.98,23008.28,23280.56,-194.02,-0.8334,1.06,82841.44
HSI,2021-12-30,23130.45,23112.01,23248.26,22990.24,23086.54,25.47,0.1103,1.12,100836.6
HSI,2021-12-31,23553.79,23397.67,23590.12,23394.77,23112.01,285.66,1.236,0.85,67593.64
HSI,2022-01-03,23510.54,23274.75,23605.03,23193.19,23397.67,-122.92,-0.5254,1.76,73433.11
HSI,2022-01-04,23400.62,23289.84,23439.3,23146.89,23274.75,15.09,0.0648,1.26,176014.12
HSI,2022-01-05,23323.77,22907.25,23323.77,22851.5,23289.84,-382.59,-1.6427,2.03,276885.9
HSI,2022-01-06,22843.2,23072.86,23082.95,22709.6,22907.25,165.61,0.723,1.63,176578.61
HSI,2022-01-07,23318.92,23493.38,23497.5,23162.85,23072.86,420.52,1.8226,1.45,260229.06
HSI,2022-01-10,23523.9,23746.54,23790.52,23399.09,23493.38,253.16,1.0776,1.67,254491.72
HSI,2022-01-11,23678.69,23739.06,23863.83,23595.01,23746.54,-7.48,-0.0315,1.13,233148.24
HSI,2022-01-12,24069.52,24402.17,24402.17,24069.52,23739.06,663.11,2.7933,1.4,248949.12
HSI,2022-01-13,24561.48,24429.77,24561.48,24289.19,24402.17,27.6,0.1131,1.12,216054.51
HSI,2022-01-14,24185.86,24383.32,24383.32,24140.81,24429.77,-46.45,-0.1901,0.99,184001.73
HSI,2022-01-17,24390.29,24218.03,24408.88,24111.74,24383.32,-165.29,-0.6779,1.22,163351.19
HSI,2022-01-18,24274.75,24112.78,24385.05,24009.71,24218.03,-105.25,-0.4346,1.55,163886.64
HSI,2022-01-19,24229.78,24127.85,24286.14,23951.6,24112.78,15.07,0.0625,1.39,172989.49
HSI,2022-01-20,24263.15,24952.35,24952.35,24233.18,24127.85,824.5,3.4172,2.98,253139.46
HSI,2022-01-21,24897.59,24965.55,24982.03,24723.92,24952.35,13.2,0.0529,1.03,237014.66
HSI,2022-01-24,24693.43,24656.46,24795.54,24570.87,24965.55,-309.09,-1.2381,0.9,187154.1
HSI,2022-01-25,24251.52,24243.61,24366.89,24001.96,24656.46,-412.85,-1.6744,1.48,218335.44
HSI,2022-01-26,24342.9,24289.9,24487.3,24123.7,24243.61,46.29,0.1909,1.5,195962.13
HSI,2022-01-27,23952.01,23807.0,23952.01,23565.0,24289.9,-482.9,-1.9881,1.59,184682.68
HSI,2022-01-28,23818.94,23550.08,23848.02,23507.03,23807.0,-256.92,-1.0792,1.43,177718.83
HSI,2022-01-31,23624.14,23802.26,23975.7,23469.76,23550.08,252.18,1.0708,2.15,99546.49
HSI,2022-02-04,24392.86,24573.29,24609.33,24140.89,23802.26,771.03,3.2393,1.97,183292.14
HSI,2022-02-07,24609.43,24579.55,24616.5,24365.89,24573.29,6.26,0.0255,1.02,
HSI,2022-02-08,24548.05,24329.49,24548.05,24149.75,24579.55,-250.06,-1.0174,1.62,229489.21
HSI,2022-02-09,24727.34,24829.99,24896.43,24690.45,24329.49,500.5,2.0572,0.85,251112.37
HSI,2022-02-10,25050.59,24924.35,25050.59,24649.74,24829.99,94.36,0.38,1.61,209793.41
HSI,2022-02-11,24837.2,24906.66,24957.81,24732.65,24924.35,-17.69,-0.071,0.9,251471.05
HSI,2022-02-14,24725.1,24556.57,24733.11,24482.86,24906.66,-350.09,-1.4056,1.0,197881.2
HSI,2022-02-15,24458.5,24355.71,24570.09,24219.9,24556.57,-200.86,-0.8179,1.43,262590.89
HSI,2022-02-16,24618.3,24718.9,24728.93,24548.05,24355.71,363.19,1.4912,0.74,181517.3
HSI,2022-02-17,24722.88,24792.77,24861.82,24523.95,24718.9,73.87,0.2988,1.37,156620.67
HSI,2022-02-18,24633.66,24327.71,24763.37,24284.53,24792.77,-465.06,-1.8758,1.93,167784.84
HSI,2022-02-21,24109.59,24170.07,24231.08,23998.77,24327.71,-157.64,-0.648,0.95,161829.46
HSI,2022-02-22,23692.54,23520.0,23813.64,23336.78,24170.07,-650.07,-2.6896,1.97,205760.47
HSI,2022-02-23,23617.97,23660.28,23745.07,23500.92,23520.0,140.28,0.5964,1.04,141604.79
HSI,2022-02-24,23268.03,22901.56,23376.37,22786.39,23660.28,-758.72,-3.2067,2.49,299772.69
HSI,2022-02-25,22908.1,22767.18,23046.86,22718.15,22901.56,-134.38,-0.5868,1.44,252425.56
HSI,2022-02-28,22818.17,22713.02,22818.17,22406.12,22767.18,-54.16,-0.2379,1.81,283384.9
HSI,2022-03-01,22739.84,22761.71,22937.56,22591.73,22713.02,48.69,0.2144,1.52,179604.31
HSI,2022-03-02,22568.36,22343.92,22712.44,22299.14,22761.71,-417.79,-1.8355,1.82,222789.6
HSI,2022-03-03,22434.26,22467.34,22543.42,22378.11,22343.92,123.42,0.5524,0.74,193772.51
HSI,2022-03-04,21879.13,21905.29,22017.94,21838.99,22467.34,-562.05,-2.5016,0.8,243820.5
HSI,2022-03-07,21308.9,21057.63,21327.19,20826.36,21905.29,-847.66,-3.8697,2.29,332287.0
HSI,2022-03-08,21082.39,20765.87,21303.52,20638.95,21057.63,-291.76,-1.3855,3.16,323198.97
HSI,2022-03-09,20820.02,20627.71,20957.72,20102.57,20765.87,-138.16,-0.6653,4.12,367458.09
HSI,2022-03-10,21106.57,20890.26,21114.44,20709.62,20627.71,262.55,1.2728,1.96,269433.06
HSI,2022-03-11,20460.03,20553.79,20778.86,20079.15,20890.26,-336.47,-1.6107,3.35,301999.75
HSI,2022-03-14,20203.84,19531.66,20203.84,19416.78,20553.79,-1022.13,-4.973,3.83,409612.73
HSI,2022-03-15,18931.18,18415.08,19392.69,18235.48,19531.66,-1116.58,-5.7168,5.92,601276.01
HSI,2022-03-16,18956.02,20087.5,20120.85,18584.04,18415.08,1672.42,9.0818,8.35,550105.05
HSI,2022-03-17,21430.71,21501.23,21501.23,20786.69,20087.5,1413.73,7.0379,3.56,482621.8
HSI,2022-03-18,21232.88,21412.4,21646.15,20922.37,21501.23,-88.83,-0.4131,3.37,459050.92
HSI,2022-03-21,21823.07,21221.34,21823.07,21096.31,21412.4,-191.06,-0.8923,3.39,234003.41
HSI,2022-03-22,21319.19,21889.28,21906.32,21266.9,21221.34,667.94,3.1475,3.01,259038.33
HSI,2022-03-23,22088.79,22154.08,22423.51,21983.1,21889.28,264.8,1.2097,2.01,283572.38
HSI,2022-03-24,22002.87,21945.95,22231.67,21900.13,22154.08,-208.13,-0.9395,1.5,240481.98
HSI,2022-03-25,21735.61,21404.88,21944.08,21289.26,21945.95,-541.07,-2.4655,2.98,235815.26
HSI,2022-03-28,21422.2,21684.97,21790.97,21202.69,21404.88,280.09,1.3085,2.75,220027.88
HSI,2022-03-29,21771.29,21927.63,21937.27,21722.17,21684.97,242.66,1.119,0.99,225932.81
HSI,2022-03-30,22101.63,22232.03,22391.35,22033.78,21927.63,304.4,1.3882,1.63,272964.55
HSI,2022-03-31,22262.16,21996.85,22262.16,21922.58,22232.03,-235.18,-1.0578,1.53,222628.63
HSI,2022-04-01,21693.1,22039.55,22039.55,21558.05,21996.85,42.7,0.1941,2.19,193749.78
HSI,2022-04-04,22227.11,22502.31,22523.64,22124.03,22039.55,462.76,2.0997,1.81,186807.62
HSI,2022-04-06,22220.21,22080.52,22244.99,22015.12,22502.31,-421.79,-1.8744,1.02,274977.26
HSI,2022-04-07,21910.4,21808.98,22236.93,21779.19,22080.52,-271.54,-1.2298,2.07,207897.32
HSI,2022-04-08,21667.53,21872.01,21872.01,21568.22,21808.98,63.03,0.289,1.39,173988.61
HSI,2022-04-11,21688.03,21208.3,21688.03,21132.54,21872.01,-663.71,-3.0345,2.54,210490.6
HSI,2022-04-12,21279.18,21319.13,21519.13,20988.2,21208.3,110.83,0.5226,2.5,204526.52
HSI,2022-04-13,21192.62,21374.37,21531.48,21141.06,21319.13,55.24,0.2591,1.83,169686.22
HSI,2022-04-14,21463.35,21518.08,21587.47,21358.73,21374.37,143.71,0.6723,1.07,171943.76
HSI,2022-04-19,21106.0,21027.76,21191.8,20896.43,21518.08,-490.32,-2.2786,1.37,224008.83
HSI,2022-04-20,20972.84,20944.67,21214.98,20889.02,21027.76,-83.09,-0.3951,1.55,187642.91
HSI,2022-04-21,20780.86,20682.22,20920.6,20483.86,20944.67,-262.45,-1.2531,2.09,222618.58
HSI,2022-04-22,20261.61,20638.52,20709.49,20184.96,20682.22,-43.7,-0.2113,2.54,235134.61
HSI,2022-04-25,20284.6,19869.34,20284.6,19784.28,20638.52,-769.18,-3.7269,2.42,291229.25
HSI,2022-04-26,19989.04,19934.71,20258.64,19858.36,19869.34,65.37,0.329,2.01,256570.66
HSI,2022-04-27,19723.46,19946.36,20053.11,19665.49,19934.71,11.65,0.0584,1.94,236102.16
HSI,2022-04-28,20118.79,20276.17,20286.83,19956.67,19946.36,329.81,1.6535,1.66,225566.7
HSI,2022-04-29,20271.4,21089.39,21176.58,20040.07,20276.17,813.22,4.0107,5.61,272710.85
HSI,2022-05-03,20927.62,21101.89,21291.8,20648.53,21089.39,12.5,0.0593,3.05,174166.69
HSI,2022-05-04,21025.7,20869.52,21047.13,20772.8,21101.89,-232.37,-1.1012,1.3,113990.95
HSI,2022-05-05,21163.15,20793.4,21284.85,20776.97,20869.52,-76.12,-0.3647,2.43,182713.62
HSI,2022-05-06,20287.06,20001.96,20320.28,19973.47,20793.4,-791.44,-3.8062,1.67,211055.9
HSI,2022-05-10,19300.68,19633.69,19758.63,19178.89,20001.96,-368.27,-1.8412,2.9,278565.16
HSI,2022-05-11,19511.8,19824.57,20083.49,19474.03,19633.69,190.88,0.9722,3.1,195841.9
HSI,2022-05-12,19556.89,19380.34,19731.27,19342.89,19824.57,-444.23,-2.2408,1.96,227363.93
HSI,2022-05-13,19615.99,19898.77,19925.44,19608.26,19380.34,518.43,2.675,1.64,207526.14
HSI,2022-05-16,20131.53,19950.21,20173.22,19764.96,19898.77,51.44,0.2585,2.05,179637.03
HSI,2022-05-17,20193.6,20602.52,20626.42,20169.24,19950.21,652.31,3.2697,2.29,220740.93
HSI,2022-05-18,20674.23,20644.28,20711.93,20389.61,20602.52,41.76,0.2027,1.56,194597.21
HSI,2022-05-19,20146.96,20120.68,20277.94,19924.87,20644.28,-523.6,-2.5363,1.71,212094.05
HSI,2022-05-20,20470.95,20717.24,20794.13,20408.68,20120.68,596.56,2.9649,1.92,217312.43
HSI,2022-05-23,20608.65,20470.06,20642.76,20303.55,20717.24,-247.18,-1.1931,1.64,169609.98
HSI,2022-05-24,20420.14,20112.1,20509.62,19989.62,20470.06,-357.96,-1.7487,2.54,182520.64
HSI,2022-05-25,20115.56,20171.27,20370.74,20067.98,20112.1,59.17,0.2942,1.51,209745.68
HSI,2022-05-26,20272.22,20116.2,20272.22,19890.76,20171.27,-55.07,-0.273,1.89,185550.03
HSI,2022-05-27,20646.06,20697.36,20779.75,20494.15,20116.2,581.16,2.889,1.42,256582.24
HSI,2022-05-30,20933.5,21123.93,21169.08,20885.02,20697.36,426.57,2.061,1.37,260932.65
HSI,2022-05-31,21106.41,21415.2,21415.2,21029.72,21123.93,291.27,1.3789,1.82,391911.71
HSI,2022-06-01,21407.79,21294.94,21411.95,21154.04,21415.2,-120.26,-0.5616,1.2,207347.09
HSI,2022-06-02,21057.04,21082.13,21115.78,20884.16,21294.94,-212.81,-0.9993,1.09,181614.17
HSI,2022-06-06,21282.51,21653.9,21691.92,21030.07,21082.13,571.77,2.7121,3.14,224470.49
HSI,2022-06-07,21577.48,21531.67,21744.46,21394.59,21653.9,-122.23,-0.5645,1.62,214540.18
HSI,2022-06-08,21788.89,22014.59,22064.12,21734.49,21531.67,482.92,2.2428,1.53,294300.63
HSI,2022-06-09,22121.53,21869.05,22142.82,21737.94,22014.59,-145.54,-0.6611,1.84,254454.96
HSI,2022-06-10,21522.5,21806.18,21935.01,21487.91,21869.05,-62.87,-0.2875,2.04,268614.83
HSI,2022-06-13,21162.53,21067.58,21320.15,20993.76,21806.18,-738.6,-3.3871,1.5,260701.16
HSI,2022-06-14,20783.54,21067.99,21175.01,20717.64,21067.58,0.41,0.0019,2.17,196588.42
HSI,2022-06-15,21111.32,21308.21,21431.07,21111.32,21067.99,240.22,1.1402,1.52,230132.1
HSI,2022-06-16,21515.64,20845.43,21545.84,20697.41,21308.21,-462.78,-2.1718,3.98,234110.04
HSI,2022-06-17,20716.74,21075.0,21145.94,20697.17,20845.43,229.57,1.1013,2.15,309748.01
HSI,2022-06-20,20948.8,21163.91,21175.98,20839.02,21075.0,88.91,0.4219,1.6,208520.58
HSI,2022-06-21,21264.98,21559.59,21564.87,21175.95,21163.91,395.68,1.8696,1.84,213339.69
HSI,2022-06-22,21469.74,21008.34,21519.58,21008.34,21559.59,-551.25,-2.5569,2.37,247063.12
HSI,2022-06-23,21157.58,21273.87,21443.59,21010.89,21008.34,265.53,1.2639,2.06,200727.42
HSI,2022-06-24,21450.68,21719.06,21762.67,21408.66,21273.87,445.19,2.0927,1.66,241082.33
HSI,2022-06-27,21976.8,22229.52,22414.43,21976.8,21719.06,510.46,2.3503,2.01,299472.92
HSI,2022-06-28,22144.63,22418.97,22449.31,21952.44,22229.52,189.45,0.8522,2.24,287398.51
HSI,2022-06-29,22125.61,21996.89,22289.07,21844.05,22418.97,-422.08,-1.8827,1.99,283448.68
HSI,2022-06-30,21917.45,21859.79,22111.91,21719.17,21996.89,-137.1,-0.6233,1.79,282273.01
HSI,2022-07-04,21690.68,21830.35,21886.35,21458.63,21859.79,-29.44,-0.1347,1.96,220370.8
HSI,2022-07-05,22053.16,21853.07,22198.51,21799.19,21830.35,22.72,0.1041,1.83,214381.0
HSI,2022-07-06,21777.64,21586.66,21833.4,21286.66,21853.07,-266.41,-1.2191,2.5,288643.43
HSI,2022-07-07,21352.7,21643.58,21643.58,21200.93,21586.66,56.92,0.2637,2.05,174459.48
HSI,2022-07-08,21961.75,21725.78,21961.75,21614.65,21643.58,82.2,0.3798,1.6,156542.02
HSI,2022-07-11,21470.77,21124.2,21470.77,21001.63,21725.78,-601.58,-2.769,2.16,169392.94
HSI,2022-07-12,20905.07,20844.74,21084.09,20779.59,21124.2,-279.46,-1.3229,1.44,174524.07
HSI,2022-07-13,20911.53,20797.95,21040.34,20751.48,20844.74,-46.79,-0.2245,1.39,205695.93
HSI,2022-07-14,20818.27,20751.21,20888.8,20554.15,20797.95,-46.74,-0.2247,1.61,237120.48
HSI,2022-07-15,20522.11,20297.72,20656.96,20215.97,20751.21,-453.49,-2.1854,2.13,252602.39
HSI,2022-07-18,20479.58,20846.18,20866.33,20294.14,20297.72,548.46,2.7021,2.82,205360.85
HSI,2022-07-19,20719.2,20661.06,20758.71,20549.44,20846.18,-185.12,-0.888,1.0,128750.12
HSI,2022-07-20,20968.42,20890.22,21111.78,20884.92,20661.06,229.16,1.1091,1.1,140527.72
HSI,2022-07-21,20811.6,20574.63,20827.61,20527.35,20890.22,-315.59,-1.5107,1.44,176041.17
HSI,2022-07-22,20717.47,20609.14,20788.46,20513.8,20574.63,34.51,0.1677,1.33,132766.02
HSI,2022-07-25,20516.34,20562.94,20595.09,20353.68,20609.14,-46.2,-0.2242,1.17,137719.26
HSI,2022-07-26,20676.68,20905.88,20952.45,20631.82,20562.94,342.94,1.6678,1.56,170116.63
HSI,2022-07-27,20684.48,20670.04,20770.1,20572.42,20905.88,-235.84,-1.1281,0.95,172985.86
HSI,2022-07-28,20705.46,20622.68,20772.63,20533.42,20670.04,-47.36,-0.2291,1.16,196516.62
HSI,2022-07-29,20647.45,20156.51,20647.45,20050.05,20622.68,-466.17,-2.2605,2.9,218172.64
HSI,2022-08-01,20026.6,20165.84,20251.43,19883.92,20156.51,9.33,0.0463,1.82,197070.74
HSI,2022-08-02,19943.16,19689.21,19943.16,19515.54,20165.84,-476.63,-2.3636,2.12,229121.15
HSI,2022-08-03,19865.69,19767.09,19921.91,19685.48,19689.21,77.88,0.3955,1.2,178974.31
HSI,2022-08-04,20011.25,20174.04,20216.58,19995.46,19767.09,406.95,2.0587,1.12,192440.95
HSI,2022-08-05,20283.59,20201.94,20283.59,20096.54,20174.04,27.9,0.1383,0.93,163542.4
HSI,2022-08-08,20065.35,20045.77,20171.89,19954.04,20201.94,-156.17,-0.773,1.08,137694.22
HSI,2022-08-09,20039.3,20003.44,20250.87,19856.23,20045.77,-42.33,-0.2112,1.97,149720.76
HSI,2022-08-10,19956.51,19610.84,19956.51,19469.11,20003.44,-392.6,-1.9627,2.44,173031.8
HSI,2022-08-11,19840.57,20082.43,20082.43,19789.96,19610.84,471.59,2.4047,1.49,160082.29
HSI,2022-08-12,20158.29,20175.62,20208.02,20011.38,20082.43,93.19,0.464,0.98,156785.46
HSI,2022-08-15,20038.48,20040.86,20260.66,19984.04,20175.62,-134.76,-0.6679,1.37,139335.85
HSI,2022-08-16,20107.14,19830.52,20173.4,19662.61,20040.86,-210.34,-1.0496,2.55,194779.28
HSI,2022-08-17,19995.77,19922.45,20069.85,19800.58,19830.52,91.93,0.4636,1.36,141179.77
HSI,2022-08-18,19991.94,19763.91,19991.94,19675.46,19922.45,-158.54,-0.7958,1.59,158662.47
HSI,2022-08-19,19656.8,19773.03,19898.18,19656.8,19763.91,9.12,0.0461,1.22,139980.23
HSI,2022-08-22,19572.42,19656.98,19825.93,19564.19,19773.03,-116.05,-0.5869,1.32,159611.19
HSI,2022-08-23,19644.23,19503.25,19701.55,19377.09,19656.98,-153.73,-0.7821,1.65,184747.94
HSI,2022-08-24,19542.24,19268.74,19542.24,19189.54,19503.25,-234.51,-1.2024,1.81,199756.85
HSI,2022-08-25,19516.9,19968.38,19990.31,19418.46,19268.74,699.64,3.631,2.97,168429.94
HSI,2022-08-26,20138.69,20170.04,20185.15,20050.97,19968.38,201.66,1.0099,0.67,186893.78
HSI,2022-08-29,19960.29,20023.22,20073.94,19889.67,20170.04,-146.82,-0.7279,0.91,159520.47
HSI,2022-08-30,20062.73,19949.03,20062.73,19645.57,20023.22,-74.19,-0.3705,2.08,165892.54
HSI,2022-08-31,19589.85,19954.39,20173.02,19564.84,19949.03,5.36,0.0269,3.05,278330.51
HSI,2022-09-01,19761.72,19597.31,19839.51,19532.86,19954.39,-357.08,-1.7895,1.54,200025.89
HSI,2022-09-02,19572.47,19452.09,19630.8,19342.49,19597.31,-145.22,-0.741,1.47,209556.08
HSI,2022-09-05,19299.09,19225.7,19299.09,19064.79,19452.09,-226.39,-1.1638,1.2,218108.45
HSI,2022-09-06,19261.7,19202.73,19358.02,19107.6,19225.7,-22.97,-0.1195,1.3,171631.9
HSI,2022-09-07,18915.87,19044.3,19068.9,18818.78,19202.73,-158.43,-0.825,1.3,183959.25
HSI,2022-09-08,19043.84,18854.62,19075.74,18803.76,19044.3,-189.68,-0.996,1.43,171813.17
HSI,2022-09-09,18893.65,19362.25,19417.56,18893.65,18854.62,507.63,2.6923,2.78,199483.4
HSI,2022-09-13,19404.64,19326.86,19492.06,19296.25,19362.25,-35.39,-0.1828,1.01,178722.3
HSI,2022-09-14,18933.3,18847.1,18989.22,18797.79,19326.86,-479.76,-2.4823,0.99,173197.66
HSI,2022-09-15,18833.9,18930.38,19013.03,18833.9,18847.1,83.28,0.4419,0.95,179732.77
HSI,2022-09-16,18732.44,18761.69,18905.28,18678.22,18930.38,-168.69,-0.8911,1.2,279391.95
HSI,2022-09-19,18695.35,18565.97,18697.09,18494.54,18761.69,-195.72,-1.0432,1.08,174574.95
HSI,2022-09-20,18700.68,18781.42,18861.47,18685.46,18565.97,215.45,1.1605,0.95,147816.94
HSI,2022-09-21,18638.85,18444.62,18638.85,18434.65,18781.42,-336.8,-1.7933,1.09,162937.54
HSI,2022-09-22,18080.93,18147.95,18195.09,17965.33,18444.62,-296.67,-1.6084,1.25,172913.41
HSI,2022-09-23,18055.59,17933.27,18165.95,17926.29,18147.95,-214.68,-1.1829,1.32,177679.54
HSI,2022-09-26,17781.87,17855.14,18077.64,17727.4,17933.27,-78.13,-0.4357,1.95,255709.66
HSI,2022-09-27,17838.65,17860.31,17904.21,17648.42,17855.14,5.17,0.029,1.43,190050.0
HSI,2022-09-28,17703.39,17250.88,17703.39,17184.54,17860.31,-609.43,-3.4122,2.91,294845.73
HSI,2022-09-29,17570.17,17165.87,17629.67,17046.83,17250.88,-85.01,-0.4928,3.38,253466.56
HSI,2022-09-30,17165.93,17222.83,17344.81,17016.28,17165.87,56.96,0.3318,1.91,211394.25
HSI,2022-10-03,17050.25,17079.51,17252.11,16906.96,17222.83,-143.32,-0.8322,2.0,136100.16
HSI,2022-10-05,17811.97,18087.97,18164.2,17682.85,17079.51,1008.46,5.9045,2.82,225610.77
HSI,2022-10-06,18100.48,18012.15,18143.85,17958.14,18087.97,-75.82,-0.4192,1.03,108236.8
HSI,2022-10-07,17851.62,17740.05,17881.87,17717.73,18012.15,-272.1,-1.5106,0.91,112925.1
HSI,2022-10-10,17449.36,17216.66,17449.36,17174.61,17740.05,-523.39,-2.9503,1.55,177182.43
HSI,2022-10-11,17194.73,16832.36,17206.51,16789.97,17216.66,-384.3,-2.2321,2.42,179769.35
HSI,2022-10-12,16758.27,16701.03,17040.7,16438.6,16832.36,-131.33,-0.7802,3.58,240743.14
HSI,2022-10-13,16700.65,16389.11,16736.59,16389.11,16701.03,-311.92,-1.8677,2.08,224193.4
HSI,2022-10-14,16671.68,16587.69,17028.68,16535.37,16389.11,198.58,1.2117,3.01,232266.51
HSI,2022-10-17,16479.74,16612.9,16754.52,16308.95,16587.69,25.21,0.152,2.69,206124.79
HSI,2022-10-18,16860.2,16914.58,16914.58,16558.41,16612.9,301.68,1.8159,2.14,197128.2
HSI,2022-10-19,16805.91,16511.28,16923.12,16508.37,16914.58,-403.3,-2.3843,2.45,171397.49
HSI,2022-10-20,16230.79,16280.22,16452.97,16010.72,16511.28,-231.06,-1.3994,2.68,229526.86
HSI,2022-10-21,16331.11,16211.12,16359.04,16137.18,16280.22,-69.1,-0.4244,1.36,205241.31
HSI,2022-10-24,15894.75,15180.69,15993.88,15082.84,16211.12,-1030.43,-6.3563,5.62,359735.75
HSI,2022-10-25,15242.1,15165.59,15435.37,14947.39,15180.69,-15.1,-0.0995,3.21,327532.56
HSI,2022-10-26,15096.32,15317.67,15584.06,15041.4,15165.59,152.08,1.0028,3.58,271864.08
HSI,2022-10-27,15721.27,15427.94,15833.28,15410.97,15317.67,110.27,0.7199,2.76,252617.32
HSI,2022-10-28,15424.94,14863.06,15441.99,14770.09,15427.94,-564.88,-3.6614,4.36,305125.85
HSI,2022-10-31,14830.69,14687.02,15113.15,14597.31,14863.06,-176.04,-1.1844,3.47,418364.17
HSI,2022-11-01,14859.92,15455.27,15632.85,14859.92,14687.02,768.25,5.2308,5.26,378735.9
HSI,2022-11-02,15389.55,15827.17,15867.24,15276.76,15455.27,371.9,2.4063,3.82,277463.82
HSI,2022-11-03,15477.74,15339.49,15623.18,15301.67,15827.17,-487.68,-3.0813,2.03,254480.52
HSI,2022-11-04,15442.76,16161.14,16513.16,15442.76,15339.49,821.65,5.3564,6.98,395112.11
HSI,2022-11-07,16031.79,16595.91,16821.89,15980.85,16161.14,434.77,2.6902,5.2,322783.01
HSI,2022-11-08,16640.6,16557.31,16719.01,16429.81,16595.91,-38.6,-0.2326,1.74,207120.87
HSI,2022-11-09,16552.8,16358.52,16730.2,16213.03,16557.31,-198.79,-1.2006,3.12,327096.51
HSI,2022-11-10,16138.22,16081.04,16138.22,15945.2,16358.52,-277.48,-1.6962,1.18,220474.78
HSI,2022-11-11,17120.05,17325.66,17368.04,16829.0,16081.04,1244.62,7.7397,3.35,511256.6
HSI,2022-11-14,17999.26,17619.71,18011.64,17518.88,17325.66,294.05,1.6972,2.84,554751.79
HSI,2022-11-15,17665.8,18343.12,18356.78,17552.3,17619.71,723.41,4.1057,4.57,490002.22
HSI,2022-11-16,18169.21,18256.48,18414.09,18031.87,18343.12,-86.64,-0.4723,2.08,391838.71
HSI,2022-11-17,18071.6,18045.66,18220.81,17711.84,18256.48,-210.82,-1.1548,2.79,293044.85
HSI,2022-11-18,18316.36,17992.54,18378.06,17910.19,18045.66,-53.12,-0.2944,2.59,279287.42
HSI,2022-11-21,17654.15,17655.91,17746.34,17389.45,17992.54,-336.63,-1.8709,1.98,223098.35
HSI,2022-11-22,17625.19,17424.41,17751.93,17287.6,17655.91,-231.5,-1.3112,2.63,302490.2
HSI,2022-11-23,17460.9,17523.81,17640.84,17375.96,17424.41,99.4,0.5705,1.52,242376.44
HSI,2022-11-24,17684.53,17660.9,17759.24,17517.12,17523.81,137.09,0.7823,1.38,291041.93
HSI,2022-11-25,17673.2,17573.58,17673.2,17412.04,17660.9,-87.32,-0.4944,1.48,317671.14
HSI,2022-11-28,17000.23,17297.94,17364.21,16833.68,17573.58,-275.64,-1.5685,3.02,279925.4
HSI,2022-11-29,17558.6,18204.68,18204.68,17536.45,17297.94,906.74,5.2419,3.86,427339.47
HSI,2022-11-30,18141.56,18597.23,18645.35,18052.32,18204.68,392.55,2.1563,3.26,535965.08
HSI,2022-12-01,19058.9,18736.44,19237.45,18679.35,18597.23,139.21,0.7486,3.0,426200.03
HSI,2022-12-02,18785.28,18675.35,18841.22,18530.82,18736.44,-61.09,-0.326,1.66,375739.4
HSI,2022-12-05,19221.68,19518.29,19539.6,19035.14,18675.35,842.94,4.5137,2.7,489014.23
HSI,2022-12-06,19211.7,19441.18,19569.67,19202.87,19518.29,-77.11,-0.3951,1.88,355207.85
HSI,2022-12-07,19380.8,18814.82,19737.31,18799.81,19441.18,-626.36,-3.2218,4.82,530886.62
HSI,2022-12-08,18965.05,19450.23,19521.6,18965.05,18814.82,635.41,3.3772,2.96,285616.66
HSI,2022-12-09,19484.23,19900.87,19926.48,19404.5,19450.23,450.64,2.3169,2.68,402327.75
HSI,2022-12-12,19594.52,19463.63,19718.08,19366.22,19900.87,-437.24,-2.1971,1.77,311519.85
HSI,2022-12-13,19458.02,19596.2,19707.75,19382.3,19463.63,132.57,0.6811,1.67,258411.73
HSI,2022-12-14,19775.33,19673.45,19859.75,19528.71,19596.2,77.25,0.3942,1.69,275865.61
HSI,2022-12-15,19612.67,19368.59,19675.68,19233.86,19673.45,-304.86,-1.5496,2.25,224339.4
HSI,2022-12-16,19343.7,19450.67,19621.13,19130.53,19368.59,82.08,0.4238,2.53,287597.86
HSI,2022-12-19,19472.21,19352.81,19786.29,19255.95,19450.67,-97.86,-0.5031,2.73,223822.47
HSI,2022-12-20,19156.94,19094.8,19283.14,18885.2,19352.81,-258.01,-1.3332,2.06,193851.69
HSI,2022-12-21,19190.91,19160.49,19255.74,19063.3,19094.8,65.69,0.344,1.01,134843.1
HSI,2022-12-22,19537.45,19679.22,19735.0,19475.68,19160.49,518.73,2.7073,1.35,193979.51
HSI,2022-12-23,19382.23,19593.06,19686.77,19380.47,19679.22,-86.16,-0.4378,1.56,136374.18
HSI,2022-12-28,19787.94,19898.91,20099.77,19787.94,19593.06,305.85,1.561,1.59,282378.06
HSI,2022-12-29,19648.4,19741.14,19764.52,19539.84,19898.91,-157.77,-0.7929,1.13,290236.29
HSI,2022-12-30,20030.85,19781.41,20073.92,19781.41,19741.14,40.27,0.204,1.48,174770.68
HSI,2023-01-03,19570.43,20145.29,20212.55,19303.73,19781.41,363.88,1.8395,4.59,228665.11
HSI,2023-01-04,20319.98,20793.11,20793.11,20233.39,20145.29,647.82,3.2157,2.78,301598.63
HSI,2023-01-05,21295.87,21052.17,21396.09,20962.4,20793.11,259.06,1.2459,2.09,287537.24
HSI,2023-01-06,21220.89,20991.64,21282.71,20862.77,21052.17,-60.53,-0.2875,1.99,275445.95
HSI,2023-01-09,21295.94,21388.34,21470.69,21216.92,20991.64,396.7,1.8898,1.21,269792.44
HSI,2023-01-10,21370.42,21331.46,21395.42,21187.73,21388.34,-56.88,-0.2659,0.97,254315.97
HSI,2023-01-11,21463.82,21436.05,21686.3,21327.41,21331.46,104.59,0.4903,1.68,297131.32
HSI,2023-01-12,21599.82,21514.1,21698.94,21223.84,21436.05,78.05,0.3641,2.22,283462.75
HSI,2023-01-13,21605.07,21738.66,21770.08,21474.98,21514.1,224.56,1.0438,1.37,246360.42
HSI,2023-01-16,21818.65,21746.72,21947.55,21572.51,21738.66,8.06,0.0371,1.73,255909.18
HSI,2023-01-17,21678.05,21577.64,21797.62,21417.25,21746.72,-169.08,-0.7775,1.75,230753.42
HSI,2023-01-18,21514.8,21678.0,21691.67,21422.19,21577.64,100.36,0.4651,1.25,248534.67
HSI,2023-01-19,21452.26,21650.98,21754.08,21383.03,21678.0,-27.02,-0.1246,1.71,166491.55
HSI,2023-01-20,21812.46,22044.65,22051.77,21754.35,21650.98,393.67,1.8183,1.37,195624.19
HSI,2023-01-26,22386.37,22566.78,22566.78,22329.07,22044.65,522.13,2.3685,1.08,245507.97
HSI,2023-01-27,22614.92,22688.9,22700.85,22483.78,22566.78,122.12,0.5411,0.96,201214.1
HSI,2023-01-30,22579.88,22069.73,22623.81,21992.51,22688.9,-619.17,-2.729,2.78,380278.04
HSI,2023-01-31,22190.27,21842.33,22284.32,21631.55,22069.73,-227.4,-1.0304,2.96,330437.22
HSI,2023-02-01,21920.8,22072.18,22072.18,21703.6,21842.33,229.85,1.0523,1.69,254857.1
HSI,2023-02-02,22276.23,21958.36,22311.96,21930.53,22072.18,-113.82,-0.5157,1.73,240124.56
HSI,2023-02-03,21811.08,21660.47,21820.78,21459.65,21958.36,-297.89,-1.3566,1.64,241466.47
HSI,2023-02-06,21349.17,21222.16,21349.17,21085.72,21660.47,-438.31,-2.0235,1.22,231446.98
HSI,2023-02-07,21288.39,21298.7,21512.21,21259.21,21222.16,76.54,0.3607,1.19,177794.2
HSI,2023-02-08,21283.9,21283.52,21443.48,21178.87,21298.7,-15.18,-0.0713,1.24,189449.89
HSI,2023-02-09,21154.25,21624.36,21637.55,21151.27,21283.52,340.84,1.6014,2.28,193382.97
HSI,2023-02-10,21559.44,21190.42,21579.99,21157.52,21624.36,-433.94,-2.0067,1.95,178269.2
HSI,2023-02-13,20910.08,21164.42,21230.15,20799.91,21190.42,-26.0,-0.1227,2.03,177263.4
HSI,2023-02-14,21235.92,21113.76,21237.88,21074.94,21164.42,-50.66,-0.2394,0.77,140873.22
HSI,2023-02-15,21116.84,20812.17,21117.58,20726.83,21113.76,-301.59,-1.4284,1.85,214302.42
HSI,2023-02-16,20947.07,20987.67,21306.54,20887.7,20812.17,175.5,0.8433,2.01,218046.38
HSI,2023-02-17,20958.63,20719.81,21056.68,20703.74,20987.67,-267.86,-1.2763,1.68,163165.08
HSI,2023-02-20,20681.47,20886.96,20973.67,20606.85,20719.81,167.15,0.8067,1.77,191536.75
HSI,2023-02-21,20859.5,20529.49,20941.3,20503.05,20886.96,-357.47,-1.7115,2.1,200460.11
HSI,2023-02-22,20512.49,20423.84,20620.98,20344.86,20529.49,-105.65,-0.5146,1.34,176638.83
HSI,2023-02-23,20339.15,20351.35,20601.22,20323.24,20423.84,-72.49,-0.3549,1.36,172974.84
HSI,2023-02-24,20223.67,20010.04,20233.64,20006.78,20351.35,-341.31,-1.6771,1.11,206188.01
HSI,2023-02-27,19821.03,19943.51,20086.53,19804.56,20010.04,-66.53,-0.3325,1.41,189762.73
HSI,2023-02-28,20020.17,19785.94,20185.05,19783.07,19943.51,-157.57,-0.7901,2.02,275187.53
HSI,2023-03-01,19849.97,20619.71,20674.07,19849.97,19785.94,833.77,4.214,4.17,288963.97
HSI,2023-03-02,20390.02,20429.46,20548.57,20321.25,20619.71,-190.25,-0.9227,1.1,199256.55
HSI,2023-03-03,20703.14,20567.54,20727.25,20498.16,20429.46,138.08,0.6759,1.12,222614.54
HSI,2023-03-06,20437.87,20603.19,20702.75,20410.0,20567.54,35.65,0.1733,1.42,248535.58
HSI,2023-03-07,20606.83,20534.48,21005.66,20358.78,20603.19,-68.71,-0.3335,3.14,363482.97
HSI,2023-03-08,20256.89,20051.25,20269.93,19969.47,20534.48,-483.23,-2.3533,1.46,264354.29
HSI,2023-03-09,20082.42,19925.74,20157.24,19907.58,20051.25,-125.51,-0.6259,1.25,219334.04
HSI,2023-03-10,19580.78,19319.92,19637.72,19281.97,19925.74,-605.82,-3.0404,1.79,358798.98
HSI,2023-03-13,19411.88,19695.97,19791.64,19390.38,19319.92,376.05,1.9464,2.08,313374.0
HSI,2023-03-14,19524.51,19247.96,19639.52,19122.82,19695.97,-448.01,-2.2746,2.62,302739.37
HSI,2023-03-15,19523.49,19539.87,19745.44,19431.09,19247.96,291.91,1.5166,1.63,263391.08
HSI,2023-03-16,19197.97,19203.91,19388.77,19109.07,19539.87,-335.96,-1.7194,1.43,304739.34
HSI,2023-03-17,19439.84,19518.59,19597.18,19303.29,19203.91,314.68,1.6386,1.53,433227.7
HSI,2023-03-20,19352.9,19000.71,19382.97,18829.11,19518.59,-517.88,-2.6533,2.84,283904.26
HSI,2023-03-21,19118.87,19258.76,19295.64,19018.1,19000.71,258.05,1.3581,1.46,192968.38
HSI,2023-03-22,19428.36,19591.43,19775.69,19428.36,19258.76,332.67,1.7274,1.8,236413.32
HSI,2023-03-23,19619.74,20049.64,20051.26,19523.5,19591.43,458.21,2.3388,2.69,253121.32
HSI,2023-03-24,19919.65,19915.68,20118.29,19834.45,20049.64,-133.96,-0.6681,1.42,230689.4
HSI,2023-03-27,19851.79,19567.69,19938.77,19509.49,19915.68,-347.99,-1.7473,2.16,250360.74
HSI,2023-03-28,19688.31,19784.65,19875.11,19559.47,19567.69,216.96,1.1088,1.61,193509.42
HSI,2023-03-29,20348.64,20192.4,20437.69,20107.73,19784.65,407.75,2.0609,1.67,259742.74
HSI,2023-03-30,20216.79,20309.13,20320.02,20017.17,20192.4,116.73,0.5781,1.5,298198.46
HSI,2023-03-31,20583.88,20400.11,20721.97,20357.41,20309.13,90.98,0.448,1.8,304498.28
HSI,2023-04-03,20379.5,20409.18,20475.43,20226.95,20400.11,9.07,0.0445,1.22,265115.23
HSI,2023-04-04,20364.36,20274.59,20364.36,20126.9,20409.18,-134.59,-0.6595,1.16,241528.28
HSI,2023-04-06,20146.22,20331.2,20343.86,20099.48,20274.59,56.61,0.2792,1.21,214323.87
HSI,2023-04-11,20566.59,20485.24,20750.73,20293.37,20331.2,154.04,0.7577,2.25,306422.98
HSI,2023-04-12,20481.53,20309.86,20494.81,20236.92,20485.24,-175.38,-0.8561,1.26,235192.67
HSI,2023-04-13,19977.96,20344.48,20344.48,19885.53,20309.86,34.62,0.1705,2.26,232972.76
HSI,2023-04-14,20422.72,20438.81,20482.68,20297.16,20344.48,94.33,0.4637,0.91,208626.22
HSI,2023-04-17,20374.51,20782.45,20864.74,20299.15,20438.81,343.64,1.6813,2.77,341123.26
HSI,2023-04-18,20643.41,20650.51,20742.39,20559.08,20782.45,-131.94,-0.6349,0.88,234965.9
HSI,2023-04-19,20633.0,20367.76,20633.0,20336.71,20650.51,-282.75,-1.3692,1.43,218374.96
HSI,2023-04-20,20354.83,20396.97,20472.5,20308.33,20367.76,29.21,0.1434,0.81,204718.16
HSI,2023-04-21,20330.15,20075.73,20378.9,19974.91,20396.97,-321.24,-1.5749,1.98,249422.39
HSI,2023-04-24,20049.87,19959.94,20146.37,19734.68,20075.73,-115.79,-0.5768,2.05,224790.2
HSI,2023-04-25,19903.53,19617.88,19910.28,19527.63,19959.94,-342.06,-1.7137,1.92,219627.45
HSI,2023-04-26,19520.97,19757.27,19903.73,19520.97,19617.88,139.39,0.7105,1.95,194104.26
HSI,2023-04-27,19736.35,19840.28,19880.29,19662.6,19757.27,83.01,0.4201,1.1,215045.4
HSI,2023-04-28,19936.02,19894.57,20167.88,19879.07,19840.28,54.29,0.2736,1.46,257485.55
HSI,2023-05-02,20122.9,19933.81,20286.46,19761.13,19894.57,39.24,0.1972,2.64,145941.29
HSI,2023-05-03,19686.15,19699.16,19721.96,19538.72,19933.81,-234.65,-1.1771,0.92,146065.36
HSI,2023-05-04,19695.73,19948.73,19979.77,19695.73,19699.16,249.57,1.2669,1.44,320629.43
HSI,2023-05-05,20061.0,20049.31,20208.75,19968.41,19948.73,100.58,0.5042,1.2,332124.3
HSI,2023-05-08,20128.18,20297.03,20321.74,20081.7,20049.31,247.72,1.2356,1.2,428809.89
HSI,2023-05-09,20252.13,19867.58,20297.83,19817.78,20297.03,-429.45,-2.1158,2.37,403791.94
HSI,2023-05-10,19860.5,19762.2,19880.03,19696.59,19867.58,-105.38,-0.5304,0.92,277951.87
HSI,2023-05-11,19842.98,19743.79,19854.49,19567.62,19762.2,-18.41,-0.0932,1.45,221379.24
HSI,2023-05-12,19850.84,19627.24,19853.37,19596.49,19743.79,-116.55,-0.5903,1.3,228417.9
HSI,2023-05-15,19525.06,19971.13,20063.35,19498.04,19627.24,343.89,1.7521,2.88,258007.44
HSI,2023-05-16,20183.28,19978.25,20183.28,19891.49,19971.13,7.12,0.0357,1.46,172089.77
HSI,2023-05-17,19956.13,19560.57,19987.93,19538.09,19978.25,-417.68,-2.0907,2.25,225803.05
HSI,2023-05-18,19702.73,19727.25,19894.23,19630.76,19560.57,166.68,0.8521,1.35,209539.41
HSI,2023-05-19,19535.49,19450.57,19610.72,19352.81,19727.25,-276.68,-1.4025,1.31,194723.09
HSI,2023-05-22,19479.06,19678.17,19806.44,19410.07,19450.57,227.6,1.1701,2.04,167793.96
HSI,2023-05-23,19713.46,19431.25,19769.14,19363.5,19678.17,-246.92,-1.2548,2.06,188853.86
HSI,2023-05-24,19279.39,19115.93,19304.2,19046.8,19431.25,-315.32,-1.6227,1.32,247666.72
HSI,2023-05-25,18930.23,18746.92,18930.23,18620.84,19115.93,-369.01,-1.9304,1.62,279243.87
HSI,2023-05-29,18827.08,18551.11,18879.09,18517.86,18746.92,-195.81,-1.0445,1.93,219659.47
HSI,2023-05-30,18574.19,18595.78,18666.71,18369.93,18551.11,44.67,0.2408,1.6,224498.0
HSI,2023-05-31,18415.0,18234.27,18415.0,18044.86,18595.78,-361.51,-1.944,1.99,437292.37
HSI,2023-06-01,18190.27,18216.91,18465.64,18190.27,18234.27,-17.36,-0.0952,1.51,262276.5
HSI,2023-06-02,18566.81,18949.94,19024.91,18548.3,18216.91,733.03,4.0239,2.62,373152.8
HSI,2023-06-05,19014.96,19108.5,19123.8,18896.13,18949.94,158.56,0.8367,1.2,209639.45
HSI,2023-06-06,19117.11,19099.28,19377.38,19033.85,19108.5,-9.22,-0.0483,1.8,226363.66
HSI,2023-06-07,19327.15,19252.0,19410.48,19196.09,19099.28,152.72,0.7996,1.12,215605.91
HSI,2023-06-08,19227.84,19299.18,19339.82,19087.66,19252.0,47.18,0.2451,1.31,221210.32
HSI,2023-06-09,19333.43,19389.95,19463.61,19231.13,19299.18,90.77,0.4703,1.2,200301.34
HSI,2023-06-12,19440.99,19404.31,19440.99,19255.65,19389.95,14.36,0.0741,0.96,168819.31
HSI,2023-06-13,19355.65,19521.42,19572.42,19273.42,19404.31,117.11,0.6035,1.54,246629.17
HSI,2023-06-14,19547.58,19408.42,19641.16,19352.34,19521.42,-113.0,-0.5789,1.48,248261.28
HSI,2023-06-15,19626.8,19828.92,19832.2,19510.76,19408.42,420.5,2.1666,1.66,265748.03
HSI,2023-06-16,19915.44,20040.37,20155.92,19876.42,19828.92,211.45,1.0664,1.41,358236.87
HSI,2023-06-19,19983.4,19912.89,20000.22,19718.43,20040.37,-127.48,-0.6361,1.41,190605.43
HSI,2023-06-20,19863.86,19607.08,19863.86,19504.63,19912.89,-305.81,-1.5357,1.8,212167.19
HSI,2023-06-21,19305.24,19218.35,19377.69,19174.16,19607.08,-388.73,-1.9826,1.04,199561.59
HSI,2023-06-23,19135.02,18889.97,19138.42,18800.34,19218.35,-328.38,-1.7087,1.76,168931.34
HSI,2023-06-26,18845.9,18794.13,19001.62,18767.15,18889.97,-95.84,-0.5074,1.24,206605.22
HSI,2023-06-27,18851.66,19148.13,19226.32,18842.42,18794.13,354.0,1.8836,2.04,205953.63
HSI,2023-06-28,19099.39,19172.05,19222.13,19019.26,19148.13,23.92,0.1249,1.06,167519.65
HSI,2023-06-29,19180.28,18934.36,19180.28,18837.32,19172.05,-237.69,-1.2398,1.79,169035.34
HSI,2023-06-30,18881.43,18916.43,19070.11,18838.62,18934.36,-17.93,-0.0947,1.22,186955.52
HSI,2023-07-03,19002.55,19306.59,19371.71,19002.55,18916.43,390.16,2.0625,1.95,221444.75
HSI,2023-07-04,19289.06,19415.68,19449.11,19253.22,19306.59,109.09,0.565,1.01,198740.12
HSI,2023-07-05,19355.06,19110.38,19378.9,19095.6,19415.68,-305.3,-1.5724,1.46,243261.11
HSI,2023-07-06,18840.41,18533.05,18973.01,18483.08,19110.38,-577.33,-3.021,2.56,327713.23
HSI,2023-07-07,18435.46,18365.7,18537.75,18279.73,18533.05,-167.35,-0.903,1.39,246326.61
HSI,2023-07-10,18747.5,18479.72,18781.21,18417.63,18365.7,114.02,0.6208,1.98,195346.15
HSI,2023-07-11,18671.42,18659.83,18806.55,18573.67,18479.72,180.11,0.9746,1.26,211493.24
HSI,2023-07-12,18797.01,18860.95,18932.18,18739.6,18659.83,201.12,1.0778,1.03,181831.18
HSI,2023-07-13,19181.31,19350.62,19368.92,19163.21,18860.95,489.67,2.5962,1.09,272975.65
HSI,2023-07-14,19534.82,19413.78,19534.82,19364.6,19350.62,63.16,0.3264,0.88,246007.07
HSI,2023-07-18,19324.34,19015.72,19324.34,18979.92,19413.78,-398.06,-2.0504,1.77,259122.96
HSI,2023-07-19,18826.59,18952.31,19004.42,18711.03,19015.72,-63.41,-0.3335,1.54,198296.96
HSI,2023-07-20,19003.28,18928.02,19215.74,18888.76,18952.31,-24.29,-0.1282,1.73,180792.64
HSI,2023-07-21,18918.7,19075.26,19169.75,18886.43,18928.02,147.24,0.7779,1.5,163701.32
HSI,2023-07-24,18867.61,18668.15,18946.56,18562.12,19075.26,-407.11,-2.1342,2.02,221287.19
HSI,2023-07-25,19172.28,19434.4,19465.27,19111.82,18668.15,766.25,4.1046,1.89,367088.7
HSI,2023-07-26,19340.77,19365.14,19404.5,19245.66,19434.4,-69.26,-0.3564,0.82,213651.26
HSI,2023-07-27,19502.09,19639.11,19685.79,19482.47,19365.14,273.97,1.4148,1.05,302876.71
HSI,2023-07-28,19418.48,19916.56,19940.59,19381.9,19639.11,277.45,1.4127,2.84,309485.99
HSI,2023-07-31,20237.53,20078.94,20361.03,20019.79,19916.56,162.38,0.8153,1.71,432787.3
HSI,2023-08-01,20211.2,20011.12,20331.28,19891.81,20078.94,-67.82,-0.3378,2.19,301363.53
HSI,2023-08-02,19902.77,19517.38,19981.0,19475.15,20011.12,-493.74,-2.4673,2.53,295822.78
HSI,2023-08-03,19404.14,19420.87,19650.16,19369.06,19517.38,-96.51,-0.4945,1.44,248807.14
HSI,2023-08-04,19671.13,19539.46,19857.39,19461.61,19420.87,118.59,0.6106,2.04,277146.77
HSI,2023-08-07,19474.66,19537.92,19581.82,19352.35,19539.46,-1.54,-0.0079,1.17,227701.94
HSI,2023-08-08,19308.55,19184.17,19370.8,19112.61,19537.92,-353.75,-1.8106,1.32,349104.85
HSI,2023-08-09,19059.58,19246.03,19270.48,19056.1,19184.17,61.86,0.3225,1.12,226424.48
HSI,2023-08-10,19125.0,19248.26,19315.17,19030.39,19246.03,2.23,0.0116,1.48,259834.06
HSI,2023-08-11,19319.91,19075.19,19346.29,19049.92,19248.26,-173.07,-0.8991,1.54,336382.83
HSI,2023-08-14,18697.33,18773.55,18792.72,18554.51,19075.19,-301.64,-1.5813,1.25,389051.04
HSI,2023-08-15,18599.2,18581.11,18745.82,18513.78,18773.55,-192.44,-1.0251,1.24,266837.22
HSI,2023-08-16,18356.65,18329.3,18440.96,18261.85,18581.11,-251.81,-1.3552,0.96,282362.55
HSI,2023-08-17,18023.11,18326.63,18399.2,17900.77,18329.3,-2.67,-0.0146,2.72,316094.29
HSI,2023-08-18,18208.98,17950.85,18336.41,17936.43,18326.63,-375.78,-2.0505,2.18,304941.4
HSI,2023-08-21,17798.47,17623.29,17867.66,17587.38,17950.85,-327.56,-1.8248,1.56,314186.39
HSI,2023-08-22,17641.86,17791.01,17965.26,17573.7,17623.29,167.72,0.9517,2.22,289565.38
HSI,2023-08-23,17762.76,17845.92,18000.53,17730.79,17791.01,54.91,0.3086,1.52,249973.19
HSI,2023-08-24,17992.73,18212.17,18272.95,17945.01,17845.92,366.25,2.0523,1.84,275891.32
HSI,2023-08-25,18037.6,17956.38,18137.65,17956.38,18212.17,-255.79,-1.4045,1.0,246769.68
HSI,2023-08-28,18519.08,18130.74,18564.43,18113.23,17956.38,174.36,0.971,2.51,298584.22
HSI,2023-08-29,18261.69,18484.03,18583.8,18239.92,18130.74,353.29,1.9486,1.9,307123.56
HSI,2023-08-30,18659.96,18482.86,18742.14,18427.22,18484.03,-1.17,-0.0063,1.7,328867.09
HSI,2023-08-31,18580.47,18382.06,18667.18,18312.76,18482.86,-100.8,-0.5454,1.92,407488.12
HSI,2023-09-04,18592.53,18844.16,18899.49,18575.45,18382.06,462.1,2.5139,1.76,404029.6
HSI,2023-09-05,18717.42,18456.91,18725.5,18431.72,18844.16,-387.25,-2.055,1.56,231566.39
HSI,2023-09-06,18405.09,18449.98,18492.59,18256.1,18456.91,-6.93,-0.0375,1.28,235288.77
HSI,2023-09-07,18437.48,18202.07,18437.48,18173.44,18449.98,-247.91,-1.3437,1.43,212330.69
HSI,2023-09-11,17941.65,18096.45,18164.61,17842.37,18202.07,-105.62,-0.5803,1.77,252242.29
HSI,2023-09-12,18015.56,18025.89,18145.58,17892.01,18096.45,-70.56,-0.3899,1.4,188713.91
HSI,2023-09-13,18131.1,18009.22,18200.52,17954.97,18025.89,-16.67,-0.0925,1.36,186596.12
HSI,2023-09-14,18101.96,18047.92,18173.54,17928.63,18009.22,38.7,0.2149,1.36,201384.08
HSI,2023-09-15,18154.01,18182.89,18372.65,18030.79,18047.92,134.97,0.7478,1.89,278139.07
HSI,2023-09-18,18069.04,17930.55,18114.82,17894.81,18182.89,-252.34,-1.3878,1.21,169154.65
HSI,2023-09-19,17942.07,17997.17,18004.74,17832.3,17930.55,66.62,0.3715,0.96,177822.18
HSI,2023-09-20,17939.25,17885.6,17995.38,17833.2,17997.17,-111.57,-0.6199,0.9,165712.01
HSI,2023-09-21,17795.8,17655.41,17823.82,17623.87,17885.6,-230.19,-1.287,1.12,204644.96
HSI,2023-09-22,17578.26,18057.45,18078.69,17573.81,17655.41,402.04,2.2771,2.86,192414.89
HSI,2023-09-25,18046.89,17729.29,18046.89,17722.49,18057.45,-328.16,-1.8173,1.8,155239.13
HSI,2023-09-26,17661.85,17466.9,17718.18,17379.44,17729.29,-262.39,-1.48,1.91,190938.71
HSI,2023-09-27,17472.11,17611.87,17655.31,17472.11,17466.9,144.97,0.83,1.05,157162.43
HSI,2023-09-28,17587.08,17373.03,17627.73,17352.83,17611.87,-238.84,-1.3561,1.56,199713.88
HSI,2023-09-29,17484.95,17809.66,17935.15,17482.39,17373.03,436.63,2.5133,2.61,183991.03
HSI,2023-10-03,17546.39,17331.22,17546.39,17212.87,17809.66,-478.44,-2.6864,1.87,210288.4
HSI,2023-10-04,17266.82,17195.84,17266.82,17094.0,17331.22,-135.38,-0.7811,1.0,129465.5
HSI,2023-10-05,17249.97,17213.87,17336.43,17197.61,17195.84,18.03,0.1049,0.81,108825.99
HSI,2023-10-06,17370.03,17485.98,17603.8,17370.03,17213.87,272.11,1.5808,1.36,114121.0
HSI,2023-10-09,17500.37,17517.4,17633.19,17447.76,17485.98,31.42,0.1797,1.06,122129.8
HSI,2023-10-10,17726.63,17664.73,17916.62,17638.01,17517.4,147.33,0.841,1.59,159684.72
HSI,2023-10-11,17956.83,17893.1,18022.45,17889.71,17664.73,228.37,1.2928,0.75,202913.37
HSI,2023-10-12,18258.26,18238.21,18290.91,18175.35,17893.1,345.11,1.9287,0.65,386157.49
HSI,2023-10-13,17946.77,17813.45,18013.67,17776.95,18238.21,-424.76,-2.329,1.3,213965.12
HSI,2023-10-16,17803.31,17640.36,17858.18,17601.5,17813.45,-173.09,-0.9717,1.44,190458.25
HSI,2023-10-17,17806.23,17773.34,17815.71,17671.99,17640.36,132.98,0.7538,0.81,173095.49
HSI,2023-10-18,17728.25,17732.52,17831.18,17625.89,17773.34,-40.82,-0.2297,1.16,193754.12
HSI,2023-10-19,17540.46,17295.89,17540.46,17292.36,17732.52,-436.63,-2.4623,1.4,227246.55
HSI,2023-10-20,17127.26,17172.13,17309.74,17118.07,17295.89,-123.76,-0.7155,1.11,198991.07
HSI,2023-10-24,17053.15,16991.53,17139.53,16879.66,17172.13,-180.6,-1.0517,1.51,211617.4
HSI,2023-10-25,17465.43,17085.33,17465.82,17001.43,16991.53,93.8,0.552,2.73,249993.41
HSI,2023-10-26,17085.12,17044.61,17174.08,16917.22,17085.33,-40.72,-0.2383,1.5,196721.59
HSI,2023-10-27,17160.23,17398.73,17497.72,17078.24,17044.61,354.12,2.0776,2.46,245209.03
HSI,2023-10-30,17225.65,17406.36,17406.36,17225.65,17398.73,7.63,0.0439,1.04,266523.13
HSI,2023-10-31,17337.7,17112.48,17337.7,17042.1,17406.36,-293.88,-1.6883,1.7,211280.35
HSI,2023-11-01,17139.4,17101.78,17188.85,16979.26,17112.48,-10.7,-0.0625,1.22,152928.4
HSI,2023-11-02,17282.39,17230.59,17459.43,17176.01,17101.78,128.81,0.7532,1.66,180271.46
HSI,2023-11-03,17405.91,17664.12,17729.43,17352.6,17230.59,433.53,2.516,2.19,199872.24
HSI,2023-11-06,17913.54,17966.59,18037.94,17899.35,17664.12,302.47,1.7123,0.78,276409.21
HSI,2023-11-07,17850.59,17670.16,17890.63,17658.91,17966.59,-296.43,-1.6499,1.29,197124.33
HSI,2023-11-08,17650.51,17568.46,17753.59,17537.2,17670.16,-101.7,-0.5755,1.22,214077.78
HSI,2023-11-09,17553.26,17511.29,17617.27,17457.0,17568.46,-57.17,-0.3254,0.91,164379.55
HSI,2023-11-10,17350.87,17203.26,17350.87,17177.53,17511.29,-308.03,-1.759,0.99,167448.45
HSI,2023-11-13,17263.0,17426.21,17456.08,17126.61,17203.26,222.95,1.296,1.92,144026.95
HSI,2023-11-14,17495.1,17396.86,17565.22,17358.89,17426.21,-29.35,-0.1684,1.18,144931.8
HSI,2023-11-15,17836.65,18079.0,18102.28,17766.22,17396.86,682.14,3.9211,1.93,290867.97
HSI,2023-11-16,18174.69,17832.82,18174.69,17722.86,18079.0,-246.18,-1.3617,2.5,188019.94
HSI,2023-11-17,17584.32,17454.19,17631.04,17413.46,17832.82,-378.63,-2.1232,1.22,194503.48
HSI,2023-11-20,17625.84,17778.07,17788.9,17532.73,17454.19,323.88,1.8556,1.47,196456.56
HSI,2023-11-21,17932.54,17733.89,18057.62,17689.01,17778.07,-44.18,-0.2485,2.07,209043.22
HSI,2023-11-22,17736.4,17734.6,17796.86,17650.49,17733.89,0.71,0.004,0.83,123583.77
HSI,2023-11-23,17680.05,17910.84,17927.36,17577.31,17734.6,176.24,0.9938,1.97,167197.43
HSI,2023-11-24,17771.75,17559.42,17771.75,17545.61,17910.84,-351.42,-1.9621,1.26,129821.18
HSI,2023-11-27,17677.52,17525.06,17677.52,17358.24,17559.42,-34.36,-0.1957,1.82,150272.83
HSI,2023-11-28,17541.48,17354.14,17541.48,17303.82,17525.06,-170.92,-0.9753,1.36,178576.55
HSI,2023-11-29,17359.08,16993.44,17359.08,16881.98,17354.14,-360.7,-2.0785,2.75,281013.65
HSI,2023-11-30,16985.18,17042.88,17068.26,16863.05,16993.44,49.44,0.2909,1.21,301399.33
HSI,2023-12-01,17019.17,16830.3,17038.98,16830.3,17042.88,-212.58,-1.2473,1.22,243441.08
HSI,2023-12-04,16919.08,16646.05,16941.91,16617.03,16830.3,-184.25,-1.0948,1.93,247613.23
HSI,2023-12-05,16606.54,16327.86,16606.54,16228.52,16646.05,-318.19,-1.9115,2.27,268237.97
HSI,2023-12-06,16311.96,16463.26,16600.36,16234.84,16327.86,135.4,0.8293,2.24,198676.89
HSI,2023-12-07,16376.44,16345.89,16376.44,16157.98,16463.26,-117.37,-0.7129,1.33,194734.57
HSI,2023-12-08,16373.44,16334.37,16464.14,16249.15,16345.89,-11.52,-0.0705,1.32,187723.57
HSI,2023-12-11,16149.06,16201.49,16276.88,15972.31,16334.37,-132.88,-0.8135,1.86,253229.06
HSI,2023-12-12,16236.06,16374.5,16420.97,16157.68,16201.49,173.01,1.0679,1.63,198079.17
HSI,2023-12-13,16311.71,16228.75,16326.95,16145.25,16374.5,-145.75,-0.8901,1.11,186333.31
HSI,2023-12-14,16419.74,16402.19,16577.75,16319.22,16228.75,173.44,1.0687,1.59,234165.2
HSI,2023-12-15,16610.7,16792.19,16964.33,16610.7,16402.19,390.0,2.3777,2.16,390026.85
HSI,2023-12-18,16669.82,16629.23,16713.41,16572.88,16792.19,-162.96,-0.9705,0.84,156662.0
HSI,2023-12-19,16551.44,16505.0,16579.55,16408.02,16629.23,-124.23,-0.7471,1.03,152145.28
HSI,2023-12-20,16647.95,16613.81,16741.05,16549.49,16505.0,108.81,0.6593,1.16,164732.07
HSI,2023-12-21,16455.14,16621.13,16649.57,16444.73,16613.81,7.32,0.0441,1.23,140441.72
HSI,2023-12-22,16743.06,16340.41,16857.84,16271.5,16621.13,-280.72,-1.6889,3.53,219755.39
HSI,2023-12-27,16561.78,16624.84,16673.57,16439.26,16340.41,284.43,1.7407,1.43,222805.13
HSI,2023-12-28,16678.23,17043.53,17086.1,16644.43,16624.84,418.69,2.5185,2.66,230132.94
HSI,2023-12-29,17066.52,17047.39,17095.12,16950.9,17043.53,3.86,0.0226,0.85,157005.3
HSI,2024-01-02,17135.12,16788.55,17135.12,16725.28,17047.39,-258.84,-1.5184,2.4,172067.0
HSI,2024-01-03,16624.92,16646.41,16657.51,16564.8,16788.55,-142.14,-0.8466,0.55,157746.17
HSI,2024-01-04,16673.4,16645.98,16673.4,16516.33,16646.41,-0.43,-0.0026,0.94,178934.93
HSI,2024-01-05,16573.12,16535.33,16745.73,16455.57,16645.98,-110.65,-0.6647,1.74,193659.98
HSI,2024-01-08,16581.86,16224.45,16592.06,16144.56,16535.33,-310.88,-1.8801,2.71,222717.2
HSI,2024-01-09,16256.1,16190.02,16414.79,16190.02,16224.45,-34.43,-0.2122,1.39,193738.05
HSI,2024-01-10,16143.97,16097.28,16247.3,16036.42,16190.02,-92.74,-0.5728,1.3,178811.37
HSI,2024-01-11,16154.17,16302.04,16459.92,16106.83,16097.28,204.76,1.272,2.19,197086.61
HSI,2024-01-12,16216.97,16244.58,16393.74,16185.91,16302.04,-57.46,-0.3525,1.27,153459.98
HSI,2024-01-15,16258.28,16216.33,16334.71,16104.5,16244.58,-28.25,-0.1739,1.42,136841.54
HSI,2024-01-16,16030.25,15865.92,16197.04,15834.41,16216.33,-350.41,-2.1608,2.24,213916.41
HSI,2024-01-17,15764.38,15276.9,15764.38,15194.94,15865.92,-589.02,-3.7125,3.59,395231.01
HSI,2024-01-18,15301.19,15391.79,15463.69,15183.96,15276.9,114.89,0.7521,1.83,281598.7
HSI,2024-01-19,15404.69,15308.69,15540.75,15207.99,15391.79,-83.1,-0.5399,2.16,224225.73
HSI,2024-01-22,15349.05,14961.18,15362.91,14794.16,15308.69,-347.51,-2.27,3.72,281238.46
HSI,2024-01-23,15038.33,15353.98,15516.8,14994.37,14961.18,392.8,2.6255,3.49,280400.97
HSI,2024-01-24,15602.45,15899.87,15975.11,15412.1,15353.98,545.89,3.5554,3.67,359768.35
HSI,2024-01-25,15989.94,16211.96,16254.93,15828.93,15899.87,312.09,1.9628,2.68,409640.48
HSI,2024-01-26,16158.72,15952.23,16240.96,15888.04,16211.96,-259.73,-1.6021,2.18,331402.15
HSI,2024-01-29,16046.25,16077.24,16258.45,16012.59,15952.23,125.01,0.7837,1.54,292319.88
HSI,2024-01-30,15896.66,15703.45,15896.66,15654.97,16077.24,-373.79,-2.325,1.5,256552.44
HSI,2024-01-31,15652.05,15485.07,15744.04,15411.66,15703.45,-218.38,-1.3907,2.12,259493.78
HSI,2024-02-01,15522.86,15566.21,15805.06,15434.82,15485.07,81.14,0.524,2.39,245456.81
HSI,2024-02-02,15756.12,15533.56,15912.61,15435.85,15566.21,-32.65,-0.2097,3.06,247595.52
HSI,2024-02-05,15336.86,15510.01,15669.77,15336.86,15533.56,-23.55,-0.1516,2.14,231327.73
HSI,2024-02-06,15541.23,16136.87,16154.05,15541.23,15510.01,626.86,4.0416,3.95,331417.11
HSI,2024-02-07,16282.39,16081.89,16408.15,16035.43,16136.87,-54.98,-0.3407,2.31,280964.51
HSI,2024-02-08,15988.62,15878.07,16093.52,15821.86,16081.89,-203.82,-1.2674,1.69,194061.51
HSI,2024-02-09,15709.3,15746.58,15754.01,15531.03,15878.07,-131.49,-0.8281,1.4,74546.64
HSI,2024-02-14,15579.41,15879.38,15911.05,15456.32,15746.58,132.8,0.8434,2.89,140303.28
HSI,2024-02-15,15824.21,15944.63,16029.02,15751.36,15879.38,65.25,0.4109,1.75,105690.02
HSI,2024-02-16,16007.54,16339.96,16394.16,15937.28,15944.63,395.33,2.4794,2.87,174296.11
HSI,2024-02-19,16334.47,16155.61,16334.47,16137.98,16339.96,-184.35,-1.1282,1.2,218582.08
HSI,2024-02-20,16222.09,16247.51,16274.56,16055.08,16155.61,91.9,0.5688,1.36,220592.44
HSI,2024-02-21,16182.93,16503.1,16756.01,16138.81,16247.51,255.59,1.5731,3.8,384426.3
HSI,2024-02-22,16489.84,16742.95,16742.95,16424.79,16503.1,239.85,1.4534,1.93,273967.32
HSI,2024-02-23,16654.68,16725.86,16895.82,16654.68,16742.95,-17.09,-0.1021,1.44,290314.38
HSI,2024-02-26,16684.96,16634.74,16777.41,16590.71,16725.86,-91.12,-0.5448,1.12,225354.97
HSI,2024-02-27,16645.63,16790.8,16828.67,16453.5,16634.74,156.06,0.9382,2.26,242390.96
HSI,2024-02-28,16833.61,16536.85,16844.33,16517.84,16790.8,-253.95,-1.5124,1.94,258772.18
HSI,2024-02-29,16429.57,16511.44,16695.36,16429.57,16536.85,-25.41,-0.1537,1.61,338082.55
HSI,2024-03-01,16390.89,16589.44,16651.67,16321.12,16511.44,78.0,0.4724,2.0,288065.85
HSI,2024-03-04,16629.55,16595.97,16645.96,16473.65,16589.44,6.53,0.0394,1.04,251901.79
HSI,2024-03-05,16343.95,16162.64,16450.37,16095.68,16595.97,-433.33,-2.6111,2.14,269788.95
HSI,2024-03-06,16167.45,16438.09,16545.05,16145.22,16162.64,275.45,1.7042,2.47,248870.11
HSI,2024-03-07,16417.77,16229.78,16512.41,16136.12,16438.09,-208.31,-1.2672,2.29,253541.43
HSI,2024-03-08,16275.39,16353.39,16489.73,16275.39,16229.78,123.61,0.7616,1.32,259631.33
HSI,2024-03-11,16416.17,16587.57,16625.64,16416.17,16353.39,234.18,1.432,1.28,249403.1
HSI,2024-03-12,16701.95,17093.5,17154.87,16613.45,16587.57,505.93,3.0501,3.26,400175.3
HSI,2024-03-13,17059.11,17082.11,17214.67,17050.87,17093.5,-11.39,-0.0666,0.96,280101.4
HSI,2024-03-14,17120.54,16961.66,17209.82,16878.11,17082.11,-120.45,-0.7051,1.94,269909.64
HSI,2024-03-15,16758.36,16720.89,16821.13,16550.42,16961.66,-240.77,-1.4195,1.6,377669.42
HSI,2024-03-18,16690.26,16737.12,16801.64,16641.58,16720.89,16.23,0.0971,0.96,224177.68
HSI,2024-03-19,16628.07,16529.48,16682.54,16492.09,16737.12,-207.64,-1.2406,1.14,243358.29
HSI,2024-03-20,16559.01,16543.07,16654.08,16430.12,16529.48,13.59,0.0822,1.35,229167.26
HSI,2024-03-21,16762.83,16863.1,16973.52,16762.83,16543.07,320.03,1.9345,1.27,322096.71
HSI,2024-03-22,16745.27,16499.47,16747.2,16341.61,16863.1,-363.63,-2.1564,2.41,311041.15
HSI,2024-03-25,16531.95,16473.64,16612.64,16441.3,16499.47,-25.83,-0.1566,1.04,262450.65
HSI,2024-03-26,16548.5,16618.32,16728.9,16452.55,16473.64,144.68,0.8783,1.68,274576.57
HSI,2024-03-27,16530.44,16392.84,16612.0,16354.81,16618.32,-225.48,-1.3568,1.55,276988.96
HSI,2024-03-28,16378.4,16541.42,16725.61,16345.9,16392.84,148.58,0.9064,2.32,320342.13
HSI,2024-04-02,16811.74,16931.52,17007.34,16811.74,16541.42,390.1,2.3583,1.18,398314.13
HSI,2024-04-03,16926.85,16725.1,16926.85,16689.19,16931.52,-206.42,-1.2191,1.4,266736.32
HSI,2024-04-05,16787.93,16723.92,16839.55,16480.36,16725.1,-1.18,-0.0071,2.15,180439.61
HSI,2024-04-08,16650.83,16732.85,16895.06,16580.53,16723.92,8.93,0.0534,1.88,263677.3
HSI,2024-04-09,16819.18,16828.07,17006.85,16805.99,16732.85,95.22,0.5691,1.2,212005.69
HSI,2024-04-10,16926.02,17139.17,17190.5,16918.36,16828.07,311.1,1.8487,1.62,254907.47
HSI,2024-04-11,16856.19,17095.03,17141.36,16856.19,17139.17,-44.14,-0.2575,1.66,248054.53
HSI,2024-04-12,16978.7,16721.69,17031.31,16721.69,17095.03,-373.34,-2.1839,1.81,284032.12
HSI,2024-04-15,16487.36,16600.46,16647.09,16465.4,16721.69,-121.23,-0.725,1.09,256179.06
HSI,2024-04-16,16367.69,16248.97,16449.24,16208.64,16600.46,-351.49,-2.1174,1.45,309291.16
HSI,2024-04-17,16225.54,16251.84,16316.69,16155.83,16248.97,2.87,0.0177,0.99,245052.6
HSI,2024-04-18,16253.24,16385.87,16507.6,16206.55,16251.84,134.03,0.8247,1.85,322801.49
HSI,2024-04-19,16246.34,16224.14,16254.9,16044.45,16385.87,-161.73,-0.987,1.28,339374.33
HSI,2024-04-22,16410.83,16511.69,16637.82,16410.83,16224.14,287.55,1.7724,1.4,291506.33
HSI,2024-04-23,16679.39,16828.93,16846.13,16599.21,16511.69,317.24,1.9213,1.5,299365.59
HSI,2024-04-24,16993.17,17201.27,17217.86,16934.65,16828.93,372.34,2.2125,1.68,331475.27
HSI,2024-04-25,17144.12,17284.54,17438.83,17109.57,17201.27,83.27,0.4841,1.91,314728.42
HSI,2024-04-26,17336.2,17651.15,17758.24,17336.2,17284.54,366.61,2.121,2.44,385096.87
HSI,2024-04-29,17737.93,17746.91,18031.16,17679.19,17651.15,95.76,0.5425,1.99,485088.22
HSI,2024-04-30,17843.44,17763.03,17902.02,17686.94,17746.91,16.12,0.0908,1.21,367996.24
HSI,2024-05-02,17760.68,18207.13,18217.82,17740.62,17763.03,444.1,2.5001,2.69,242496.33
HSI,2024-05-03,18543.3,18475.92,18604.17,18362.22,18207.13,268.79,1.4763,1.33,247608.58
HSI,2024-05-06,18488.55,18578.3,18590.17,18389.54,18475.92,102.38,0.5541,1.09,343862.73
HSI,2024-05-07,18577.55,18479.37,18638.81,18411.02,18578.3,-98.93,-0.5325,1.23,249439.97
HSI,2024-05-08,18510.54,18313.86,18606.56,18298.36,18479.37,-165.51,-0.8956,1.67,291167.63
HSI,2024-05-09,18306.25,18537.81,18560.76,18278.11,18313.86,223.95,1.2228,1.54,290497.45
HSI,2024-05-10,18669.43,18963.68,18993.28,18657.51,18537.81,425.87,2.2973,1.81,650689.98
HSI,2024-05-13,18904.58,19115.06,19123.48,18827.6,18963.68,151.38,0.7983,1.56,376062.59
HSI,2024-05-14,19203.82,19073.71,19301.13,19072.64,19115.06,-41.35,-0.2163,1.2,345524.26
HSI,2024-05-16,19262.79,19376.53,19442.9,19114.38,19073.71,302.82,1.5876,1.72,581345.85
HSI,2024-05-17,19525.12,19553.61,19602.24,19342.96,19376.53,177.08,0.9139,1.34,437605.76
HSI,2024-05-20,19621.43,19636.22,19706.12,19574.56,19553.61,82.61,0.4225,0.67,350123.81
HSI,2024-05-21,19473.67,19220.62,19487.36,19175.8,19636.22,-415.6,-2.1165,1.59,351718.66
HSI,2024-05-22,19225.26,19195.6,19359.68,19149.41,19220.62,-25.02,-0.1302,1.09,283760.51
HSI,2024-05-23,19024.41,18868.71,19024.41,18776.21,19195.6,-326.89,-1.7029,1.29,316600.59
HSI,2024-05-24,18742.28,18608.94,18867.91,18532.41,18868.71,-259.77,-1.3767,1.78,354901.76
HSI,2024-05-27,18606.02,18827.35,18871.13,18504.53,18608.94,218.41,1.1737,1.97,290607.07
HSI,2024-05-28,18814.01,18821.16,19000.52,18776.1,18827.35,-6.19,-0.0329,1.19,243270.54
HSI,2024-05-29,18659.41,18477.01,18694.55,18425.09,18821.16,-344.15,-1.8285,1.43,321557.9
HSI,2024-05-30,18423.78,18230.19,18537.92,18163.21,18477.01,-246.82,-1.3358,2.03,349279.65
HSI,2024-05-31,18409.62,18079.61,18551.18,18077.39,18230.19,-150.58,-0.826,2.6,533705.42
HSI,2024-06-03,18283.56,18403.04,18573.81,18283.56,18079.61,323.43,1.7889,1.61,314093.64
HSI,2024-06-04,18335.45,18444.11,18541.03,18335.45,18403.04,41.07,0.2232,1.12,297146.7
HSI,2024-06-05,18489.78,18424.96,18724.62,18375.27,18444.11,-19.15,-0.1038,1.89,325080.5
HSI,2024-06-06,18577.58,18476.8,18700.68,18383.8,18424.96,51.84,0.2814,1.72,279774.68
HSI,2024-06-07,18562.48,18366.95,18575.69,18302.33,18476.8,-109.85,-0.5945,1.48,331005.92
HSI,2024-06-11,18163.12,18176.34,18267.69,17994.1,18366.95,-190.61,-1.0378,1.49,352846.18
HSI,2024-06-12,18032.4,17937.84,18063.72,17848.76,18176.34,-238.5,-1.3121,1.18,313946.34
HSI,2024-06-13,18104.13,18112.63,18173.53,17971.57,17937.84,174.79,0.9744,1.13,233125.3
HSI,2024-06-14,18028.07,17941.78,18109.89,17927.16,18112.63,-170.85,-0.9433,1.01,262128.83
HSI,2024-06-17,17848.87,17936.12,18122.8,17752.96,17941.78,-5.66,-0.0315,2.06,211842.12
HSI,2024-06-18,17961.89,17915.55,18043.48,17854.79,17936.12,-20.57,-0.1147,1.05,255003.08
HSI,2024-06-19,18056.22,18430.39,18448.66,18039.01,17915.55,514.84,2.8737,2.29,351329.34
HSI,2024-06-20,18453.63,18335.32,18520.37,18274.2,18430.39,-95.07,-0.5158,1.34,268289.76
HSI,2024-06-21,18199.14,18028.52,18240.13,17968.37,18335.32,-306.8,-1.6733,1.48,342621.37
HSI,2024-06-24,17906.36,18027.71,18032.67,17789.57,18028.52,-0.81,-0.0045,1.35,271625.95
HSI,2024-06-25,18088.02,18072.9,18231.46,17959.07,18027.71,45.19,0.2507,1.51,233370.98
HSI,2024-06-26,17934.63,18089.93,18156.35,17934.63,18072.9,17.03,0.0942,1.23,230852.56
HSI,2024-06-27,17946.0,17716.47,17961.92,17677.33,18089.93,-373.46,-2.0645,1.57,280608.78
HSI,2024-06-28,17583.19,17718.61,17865.47,17583.19,17716.47,2.14,0.0121,1.59,282659.63
HSI,2024-07-02,17669.42,17769.14,17986.14,17669.42,17718.61,50.53,0.2852,1.79,337429.02
HSI,2024-07-03,17841.77,17978.57,18017.76,17808.27,17769.14,209.43,1.1786,1.18,308969.18
HSI,2024-07-04,18079.72,18028.28,18133.3,17942.08,17978.57,49.71,0.2765,1.06,299463.08
HSI,2024-07-05,18035.77,17799.61,18105.01,17799.61,18028.28,-228.67,-1.2684,1.69,288655.02
HSI,2024-07-08,17667.97,17524.06,17735.58,17453.56,17799.61,-275.55,-1.5481,1.58,234897.01
HSI,2024-07-09,17481.0,17523.23,17617.64,17376.48,17524.06,-0.83,-0.0047,1.38,261891.16
HSI,2024-07-10,17613.5,17471.67,17765.88,17455.08,17523.23,-51.56,-0.2942,1.77,264197.42
HSI,2024-07-11,17629.13,17832.33,17864.09,17621.05,17471.67,360.66,2.0643,1.39,223159.74
HSI,2024-07-12,18020.17,18293.38,18317.31,18020.17,17832.33,461.05,2.5855,1.67,305902.72
HSI,2024-07-15,18201.48,18015.94,18243.39,17946.49,18293.38,-277.44,-1.5166,1.62,232633.95
HSI,2024-07-16,17845.06,17727.98,17899.55,17727.98,18015.94,-287.96,-1.5984,0.95,233496.83
HSI,2024-07-17,17741.77,17739.41,17807.68,17658.68,17727.98,11.43,0.0645,0.84,275701.58
HSI,2024-07-18,17653.23,17778.41,17864.12,17623.74,17739.41,39.0,0.2198,1.36,201829.15
HSI,2024-07-19,17603.8,17417.68,17629.97,17376.23,17778.41,-360.73,-2.029,1.43,281163.88
HSI,2024-07-22,17465.13,17635.88,17693.35,17313.88,17417.68,218.2,1.2528,2.18,213363.03
HSI,2024-07-23,17679.55,17469.36,17707.68,17451.86,17635.88,-166.52,-0.9442,1.45,221645.6
HSI,2024-07-24,17454.43,17311.05,17516.95,17251.26,17469.36,-158.31,-0.9062,1.52,220818.24
HSI,2024-07-25,17260.83,17004.97,17288.46,16964.52,17311.05,-306.08,-1.7681,1.87,240139.07
HSI,2024-07-26,17079.67,17021.31,17229.19,16924.58,17004.97,16.34,0.0961,1.79,237421.07
HSI,2024-07-29,17196.45,17238.34,17358.66,17154.12,17021.31,217.03,1.275,1.2,225841.38
HSI,2024-07-30,17194.37,17002.91,17194.37,16971.6,17238.34,-235.43,-1.3657,1.29,255268.89
HSI,2024-07-31,17070.86,17344.6,17400.24,17015.83,17002.91,341.69,2.0096,2.26,267895.05
HSI,2024-08-01,17327.85,17304.96,17408.95,17248.12,17344.6,-39.64,-0.2285,0.93,193387.47
HSI,2024-08-02,17025.26,16945.51,17075.52,16865.93,17304.96,-359.45,-2.0772,1.21,243381.86
HSI,2024-08-05,16676.82,16698.36,16944.59,16441.44,16945.51,-247.15,-1.4585,2.97,366747.06
HSI,2024-08-06,16861.3,16647.34,16908.97,16611.14,16698.36,-51.02,-0.3055,1.78,242595.8
HSI,2024-08-07,16684.78,16877.86,16988.26,16684.78,16647.34,230.52,1.3847,1.82,226742.02
HSI,2024-08-08,16773.04,16891.83,17023.1,16665.06,16877.86,13.97,0.0828,2.12,211435.62
HSI,2024-08-09,17097.36,17090.23,17252.22,17079.35,16891.83,198.4,1.1745,1.02,214540.65
HSI,2024-08-12,17102.98,17111.65,17162.76,17002.93,17090.23,21.42,0.1253,0.94,179307.46
HSI,2024-08-13,17160.21,17174.06,17252.88,17074.69,17111.65,62.41,0.3647,1.04,193499.59
HSI,2024-08-14,17233.68,17113.36,17254.23,17055.7,17174.06,-60.7,-0.3534,1.16,157453.4
HSI,2024-08-15,17008.21,17109.14,17283.65,16926.47,17113.36,-4.22,-0.0247,2.09,240702.75
HSI,2024-08-16,17286.04,17430.16,17473.89,17255.86,17109.14,321.02,1.8763,1.27,255171.68
HSI,2024-08-19,17569.66,17569.57,17685.86,17547.65,17430.16,139.41,0.7998,0.79,236157.06
HSI,2024-08-20,17661.69,17511.08,17661.69,17449.99,17569.57,-58.49,-0.3329,1.2,196180.0
HSI,2024-08-21,17313.86,17391.01,17415.48,17232.13,17511.08,-120.07,-0.6857,1.05,206022.43
HSI,2024-08-22,17497.63,17641.0,17652.8,17389.94,17391.01,249.99,1.4375,1.51,294572.98
HSI,2024-08-23,17521.18,17612.1,17635.7,17493.08,17641.0,-28.9,-0.1638,0.81,205412.16
HSI,2024-08-26,17709.27,17798.73,17826.05,17709.27,17612.1,186.63,1.0597,0.66,197009.85
HSI,2024-08-27,17663.8,17874.67,17879.27,17624.42,17798.73,75.94,0.4267,1.43,270269.88
HSI,2024-08-28,17847.99,17692.45,17879.01,17659.29,17874.67,-182.22,-1.0194,1.23,218459.24
HSI,2024-08-29,17614.41,17786.32,17797.17,17502.53,17692.45,93.87,0.5306,1.67,285817.25
HSI,2024-08-30,17794.41,17989.07,18202.6,17778.1,17786.32,202.75,1.1399,2.39,475380.62
HSI,2024-09-02,17862.59,17691.97,17862.59,17645.92,17989.07,-297.1,-1.6516,1.2,307712.03
HSI,2024-09-03,17665.93,17651.49,17725.51,17583.7,17691.97,-40.48,-0.2288,0.8,247076.04
HSI,2024-09-04,17474.74,17457.34,17531.05,17333.3,17651.49,-194.15,-1.0999,1.12,260123.72
HSI,2024-09-05,17469.96,17444.3,17555.61,17332.49,17457.34,-13.04,-0.0747,1.28,255863.49
HSI,2024-09-09,17261.89,17196.96,17305.91,17067.45,17444.3,-247.34,-1.4179,1.37,384186.41
HSI,2024-09-10,17205.42,17234.09,17297.95,17133.5,17196.96,37.13,0.2159,0.96,278672.65
HSI,2024-09-11,17051.84,17108.71,17124.96,16964.28,17234.09,-125.38,-0.7275,0.93,307114.27
HSI,2024-09-12,17177.3,17240.39,17334.19,17127.25,17108.71,131.68,0.7697,1.21,237415.33
HSI,2024-09-13,17298.35,17369.09,17540.81,17298.35,17240.39,128.7,0.7465,1.41,213997.79
HSI,2024-09-16,17252.77,17422.12,17422.12,17177.08,17369.09,53.03,0.3053,1.41,112792.45
HSI,2024-09-17,17386.75,17660.02,17715.77,17368.14,17422.12,237.9,1.3655,2.0,166572.15
HSI,2024-09-19,17633.93,18013.16,18071.1,17602.45,17660.02,353.14,1.9997,2.65,343667.33
HSI,2024-09-20,18069.33,18258.57,18355.15,18047.13,18013.16,245.41,1.3624,1.71,400530.68
HSI,2024-09-23,18237.41,18247.11,18426.92,18212.58,18258.57,-11.46,-0.0628,1.17,272452.44
HSI,2024-09-24,18573.92,19000.56,19002.05,18532.28,18247.11,753.45,4.1291,2.57,600842.14
HSI,2024-09-25,19592.43,19129.1,19592.43,19072.72,19000.56,128.54,0.6765,2.74,650748.87
HSI,2024-09-26,19302.57,19924.58,19954.06,19176.58,19129.1,795.48,4.1585,4.06,742825.63
HSI,2024-09-27,20446.74,20632.3,20743.2,20268.63,19924.58,707.72,3.552,2.38,965609.34
HSI,2024-09-30,21175.41,21133.68,21488.75,20789.93,20632.3,501.38,2.4301,3.39,103570.62
HSI,2024-10-02,21289.6,22443.73,22667.74,21289.6,21133.68,1310.05,6.1989,6.52,769628.66
HSI,2024-10-03,22484.04,22113.51,22484.04,21442.25,22443.73,-330.22,-1.4713,4.64,494218.09
HSI,2024-10-04,22015.08,22736.87,22742.36,21824.68,22113.51,623.36,2.8189,4.15,461995.12
HSI,2024-10-07,22948.35,23099.78,23241.74,22719.91,22736.87,362.91,1.5961,2.3,509840.0
HSI,2024-10-08,22849.23,20926.79,22902.36,20762.82,23099.78,-2172.99,-9.407,9.26,1125790.0
HSI,2024-10-09,21290.04,20637.24,21417.75,20190.53,20926.79,-289.55,-1.3836,5.86,795360.0
HSI,2024-10-10,21046.0,21251.98,21622.65,20983.94,20637.24,614.74,2.9788,3.09,603990.0
HSI,2024-10-14,21228.65,21092.87,21348.86,20693.75,21251.98,-159.11,-0.7487,3.08,574330.0
HSI,2024-10-15,21046.19,20318.79,21095.01,20154.71,21092.87,-774.08,-3.6699,4.46,490640.0
HSI,2024-10-16,20144.75,20286.85,20548.18,20131.34,20318.79,-31.94,-0.1572,2.05,415870.0
HSI,2024-10-17,20471.99,20079.1,20783.35,19977.35,20286.85,-207.75,-1.0241,3.97,364690.0
HSI,2024-10-18,20106.65,20804.11,20952.99,20058.67,20079.1,725.01,3.6108,4.45,458620.0
HSI,2024-10-21,20730.95,20478.46,20845.57,20423.09,20804.11,-325.65,-1.5653,2.03,377500.0
HSI,2024-10-22,20433.49,20498.95,20629.48,20380.04,20478.46,20.49,0.1001,1.22,255660.0
HSI,2024-10-23,20525.44,20760.15,20942.26,20448.84,20498.95,261.2,1.2742,2.41,354200.0
HSI,2024-10-24,20576.05,20489.62,20685.46,20448.46,20760.15,-270.53,-1.3031,1.14,272560.0
HSI,2024-10-25,20521.95,20590.15,20784.47,20521.95,20489.62,100.53,0.4906,1.28,298460.0
HSI,2024-10-28,20592.74,20599.36,20669.41,20428.94,20590.15,9.21,0.0447,1.17,297860.0
HSI,2024-10-29,20729.98,20701.14,20890.08,20563.74,20599.36,101.78,0.4941,1.58,313770.0
HSI,2024-10-30,20586.55,20380.64,20681.52,20270.07,20701.14,-320.5,-1.5482,1.99,362650.0
HSI,2024-10-31,20414.2,20317.33,20553.3,20317.33,20380.64,-63.31,-0.3106,1.16,323820.0
HSI,2024-11-01,20427.88,20506.43,20667.22,20353.34,20317.33,189.1,0.9307,1.54,327880.0
HSI,2024-11-04,20584.45,20567.52,20633.58,20446.26,20506.43,61.09,0.2979,0.91,246360.0
HSI,2024-11-05,20409.94,21006.97,21006.97,20409.94,20567.52,439.45,2.1366,2.9,314730.0
HSI,2024-11-06,20791.8,20538.38,20859.66,20361.92,21006.97,-468.59,-2.2306,2.37,390390.0
HSI,2024-11-07,20386.36,20953.34,20986.31,20370.44,20538.38,414.96,2.0204,3.0,431750.0
HSI,2024-11-08,21199.96,20728.19,21355.44,20705.12,20953.34,-225.15,-1.0745,3.1,415350.0
HSI,2024-11-11,20258.14,20426.93,20505.01,20151.38,20728.19,-301.26,-1.4534,1.71,364970.0
HSI,2024-11-12,20334.09,19846.88,20517.24,19761.31,20426.93,-580.05,-2.8396,3.7,431950.0
HSI,2024-11-13,19671.92,19823.45,19840.28,19608.32,19846.88,-23.43,-0.1181,1.17,286230.0
HSI,2024-11-14,19626.26,19435.81,19859.17,19392.59,19823.45,-387.64,-1.9555,2.35,331000.0
HSI,2024-11-15,19503.03,19426.34,19608.24,19332.34,19435.81,-9.47,-0.0487,1.42,294720.0
HSI,2024-11-18,19595.5,19576.61,19781.08,19470.43,19426.34,150.27,0.7735,1.6,317640.0
HSI,2024-11-19,19699.81,19663.67,19758.57,19522.59,19576.61,87.06,0.4447,1.21,252990.0
HSI,2024-11-20,19623.39,19705.01,19752.93,19575.91,19663.67,41.34,0.2102,0.9,205750.0
HSI,2024-11-21,19646.04,19601.11,19764.62,19552.5,19705.01,-103.9,-0.5273,1.08,207920.0
HSI,2024-11-22,19613.55,19229.97,19711.4,19134.59,19601.11,-371.14,-1.8935,2.94,323760.0
HSI,2024-11-25,19307.34,19150.99,19351.06,19102.06,19229.97,-78.98,-0.4107,1.29,438560.0
HSI,2024-11-26,19054.4,19159.2,19295.75,19054.4,19150.99,8.21,0.0429,1.26,238470.0
HSI,2024-11-27,19187.05,19603.13,19660.99,19061.6,19159.2,443.93,2.3171,3.13,237480.0
HSI,2024-11-28,19558.18,19366.96,19558.18,19312.26,19603.13,-236.17,-1.2048,1.25,216080.0
HSI,2024-11-29,19346.62,19423.61,19658.2,19312.41,19366.96,56.65,0.2925,1.79,248760.0
HSI,2024-12-02,19442.31,19550.29,19690.22,19387.2,19423.61,126.68,0.6522,1.56,239230.0
HSI,2024-12-03,19585.35,19746.32,19768.32,19386.82,19550.29,196.03,1.0027,1.95,262530.0
HSI,2024-12-04,19722.15,19742.46,19823.09,19615.61,19746.32,-3.86,-0.0195,1.05,258910.0
HSI,2024-12-05,19578.66,19560.44,19642.73,19466.69,19742.46,-182.02,-0.922,0.89,200750.0
HSI,2024-12-06,19611.62,19865.85,19934.72,19566.29,19560.44,305.41,1.5614,1.88,349330.0
HSI,2024-12-09,19732.28,20414.09,20433.73,19695.51,19865.85,548.24,2.7597,3.72,396060.0
HSI,2024-12-10,21070.05,20311.28,21070.05,20308.86,20414.09,-102.81,-0.5036,3.73,447240.0
HSI,2024-12-11,20404.5,20155.05,20481.37,20100.07,20311.28,-156.23,-0.7692,1.88,230010.0
HSI,2024-12-12,20213.24,20397.05,20546.44,20121.47,20155.05,242.0,1.2007,2.11,277710.0
HSI,2024-12-13,20238.21,19971.24,20238.21,19927.27,20397.05,-425.81,-2.0876,1.52,310680.0
HSI,2024-12-16,19947.23,19795.49,20049.21,19726.15,19971.24,-175.75,-0.88,1.62,269960.0
HSI,2024-12-17,19678.03,19700.48,19930.83,19620.63,19795.49,-95.01,-0.48,1.57,278710.0
HSI,2024-12-18,19884.54,19864.55,19953.53,19802.22,19700.48,164.07,0.8328,0.77,228810.0
HSI,2024-12-19,19610.1,19752.51,19849.03,19591.49,19864.55,-112.04,-0.564,1.3,238500.0
HSI,2024-12-20,19697.06,19720.7,19875.9,19692.68,19752.51,-31.81,-0.161,0.93,350120.0
HSI,2024-12-23,19843.65,19883.13,19937.39,19746.46,19720.7,162.43,0.8237,0.97,340360.0
HSI,2024-12-24,19911.5,20098.29,20165.46,19908.57,19883.13,215.16,1.0821,1.29,220650.0
HSI,2024-12-27,20083.44,20090.46,20184.88,20009.95,20098.29,-7.83,-0.039,0.87,290660.0
HSI,2024-12-30,20124.75,20041.42,20193.09,19968.07,20090.46,-49.04,-0.2441,1.12,272490.0
HSI,2024-12-31,20003.36,20059.95,20180.4,20003.36,20041.42,18.53,0.0925,0.88,172210.0
HSI,2025-01-02,19932.8,19623.32,19932.8,19542.98,20059.95,-436.63,-2.1766,1.94,403340.0
HSI,2025-01-03,19708.74,19760.27,19891.86,19634.07,19623.32,136.95,0.6979,1.31,339380.0
HSI,2025-01-06,19848.71,19688.29,19851.55,19627.84,19760.27,-71.98,-0.3643,1.13,246570.0
HSI,2025-01-07,19501.45,19447.58,19668.65,19252.61,19688.29,-240.71,-1.2226,2.11,358100.0
HSI,2025-01-08,19390.76,19279.84,19483.59,19111.54,19447.58,-167.74,-0.8625,1.91,323240.0
HSI,2025-01-09,19254.38,19240.89,19405.74,19227.73,19279.84,-38.95,-0.202,0.92,245650.0
HSI,2025-01-10,19328.07,19064.29,19370.49,19036.64,19240.89,-176.6,-0.9178,1.74,260670.0
HSI,2025-01-13,18918.15,18874.14,18929.12,18671.49,19064.29,-190.15,-0.9974,1.35,275480.0
HSI,2025-01-14,18901.56,19219.78,19318.36,18901.56,18874.14,345.64,1.8313,2.21,283860.0
HSI,2025-01-15,19149.94,19286.07,19319.22,19149.94,19219.78,66.29,0.3449,0.88,245190.0
HSI,2025-01-16,19454.92,19522.89,19664.39,19345.19,19286.07,236.82,1.2279,1.66,271070.0
HSI,2025-01-17,19499.1,19584.06,19640.37,19423.7,19522.89,61.17,0.3133,1.11,243580.0
HSI,2025-01-20,19804.64,19925.81,20093.65,19786.73,19584.06,341.75,1.745,1.57,276440.0
HSI,2025-01-21,20128.34,20106.55,20205.25,19920.31,19925.81,180.74,0.9071,1.43,241210.0
HSI,2025-01-22,19997.09,19778.77,20022.34,19733.21,20106.55,-327.78,-1.6302,1.44,228210.0
HSI,2025-01-23,19881.32,19700.56,20044.06,19644.83,19778.77,-78.21,-0.3954,2.02,305970.0
HSI,2025-01-24,19842.85,20066.19,20144.0,19768.13,19700.56,365.63,1.8559,1.91,320980.0
HSI,2025-01-27,20118.02,20197.77,20296.94,20118.02,20066.19,131.58,0.6557,0.89,275120.0
HSI,2025-01-28,20337.46,20225.11,20337.46,20165.73,20197.77,27.34,0.1354,0.85,94520.0
HSI,2025-02-03,20048.87,20217.26,20222.0,19764.67,20225.11,-7.85,-0.0388,2.26,222440.0
HSI,2025-02-04,20488.29,20789.96,20885.49,20297.64,20217.26,572.7,2.8327,2.91,285400.0
HSI,2025-02-05,20827.77,20597.09,20827.77,20417.39,20789.96,-192.87,-0.9277,1.97,296790.0
HSI,2025-02-06,20598.98,20891.62,20891.62,20532.06,20597.09,294.53,1.43,1.75,295740.0
HSI,2025-02-07,20858.52,21133.54,21213.7,20806.1,20891.62,241.92,1.158,1.95,412560.0
HSI,2025-02-10,21223.61,21521.98,21539.63,21223.61,21133.54,388.44,1.838,1.5,373610.0
HSI,2025-02-11,21656.82,21294.86,21682.41,21279.37,21521.98,-227.12,-1.0553,1.87,358340.0
HSI,2025-02-12,21526.41,21857.92,21858.83,21411.09,21294.86,563.06,2.6441,2.1,487300.0
HSI,2025-02-13,21958.69,21814.37,22523.57,21735.56,21857.92,-43.55,-0.1992,3.61,648720.0
HSI,2025-02-14,22027.07,22620.33,22620.33,22027.07,21814.37,805.96,3.6946,2.72,605700.0
HSI,2025-02-17,22755.06,22616.23,22977.25,22319.32,22620.33,-4.1,-0.0181,2.91,673620.0
HSI,2025-02-18,22664.73,22976.81,23141.41,22608.18,22616.23,360.58,1.5943,2.36,522260.0
HSI,2025-02-19,22777.46,22944.24,22975.34,22649.49,22976.81,-32.57,-0.1418,1.42,408040.0
HSI,2025-02-20,22716.71,22576.98,22849.66,22436.13,22944.24,-367.26,-1.6007,1.8,420040.0
HSI,2025-02-21,23090.03,23477.92,23477.92,22901.69,22576.98,900.94,3.9905,2.55,616730.0
HSI,2025-02-24,23472.14,23341.61,23688.45,23221.57,23477.92,-136.31,-0.5806,1.99,526460.0
HSI,2025-02-25,22716.48,23034.02,23248.52,22716.48,23341.61,-307.59,-1.3178,2.28,444980.0
HSI,2025-02-26,23238.34,23787.93,23973.17,23238.34,23034.02,753.91,3.273,3.19,513810.0
HSI,2025-02-27,23783.75,23718.29,24076.53,23441.74,23787.93,-69.64,-0.2928,2.67,625700.0
HSI,2025-02-28,23616.18,22941.32,23616.18,22798.34,23718.29,-776.97,-3.2758,3.45,657830.0
HSI,2025-03-03,23135.12,23006.27,23405.98,22861.75,22941.32,64.95,0.2831,2.37,433820.0
HSI,2025-03-04,22678.25,22941.77,23051.01,22547.53,23006.27,-64.5,-0.2804,2.19,399480.0
HSI,2025-03-05,23200.42,23594.21,23636.65,23090.63,22941.77,652.44,2.8439,2.38,407770.0
HSI,2025-03-06,23987.09,24369.71,24410.93,23987.09,23594.21,775.5,3.2868,1.8,488630.0
HSI,2025-03-07,24182.02,24231.3,24669.62,24065.01,24369.71,-138.41,-0.568,2.48,483080.0
HSI,2025-03-10,24115.98,23783.49,24292.8,23632.42,24231.3,-447.81,-1.8481,2.73,368420.0
HSI,2025-03-11,23274.86,23782.14,23858.61,23238.36,23783.49,-1.35,-0.0057,2.61,355410.0
HSI,2025-03-12,23859.23,23600.31,23962.03,23363.98,23782.14,-181.83,-0.7646,2.51,363270.0
HSI,2025-03-13,23616.33,23462.65,23712.61,23198.73,23600.31,-137.66,-0.5833,2.18,323130.0
HSI,2025-03-14,23653.33,23959.98,24113.53,23454.49,23462.65,497.33,2.1197,2.81,426010.0
HSI,2025-03-17,24226.0,24145.57,24352.47,24077.15,23959.98,185.59,0.7746,1.15,328420.0
HSI,2025-03-18,24679.35,24740.57,24745.13,24475.26,24145.57,595.0,2.4642,1.12,393070.0
HSI,2025-03-19,24697.63,24771.14,24874.39,24601.73,24740.57,30.57,0.1236,1.1,359300.0
HSI,2025-03-20,24753.15,24219.95,24753.15,24186.69,24771.14,-551.19,-2.2251,2.29,410220.0
HSI,2025-03-21,24109.07,23689.72,24230.72,23577.78,24219.95,-530.23,-2.1892,2.7,493100.0
HSI,2025-03-24,23749.58,23905.56,23967.51,23531.2,23689.72,215.84,0.9111,1.84,338610.0
HSI,2025-03-25,23643.32,23344.25,23747.32,23321.67,23905.56,-561.31,-2.348,1.78,423440.0
HSI,2025-03-26,23460.31,23483.32,23596.85,23350.73,23344.25,139.07,0.5957,1.05,311660.0
HSI,2025-03-27,23543.86,23578.8,23865.62,23372.36,23483.32,95.48,0.4066,2.1,379010.0
HSI,2025-03-28,23672.82,23426.6,23775.3,23254.3,23578.8,-152.2,-0.6455,2.21,354080.0
HSI,2025-03-31,23207.07,23119.58,23399.73,23002.81,23426.6,-307.02,-1.3106,1.69,475280.0
HSI,2025-04-01,23217.11,23206.84,23456.58,23123.35,23119.58,87.26,0.3774,1.44,397970.0
HSI,2025-04-02,23167.31,23202.53,23393.03,22980.96,23206.84,-4.31,-0.0186,1.78,357350.0
HSI,2025-04-03,22638.21,22849.81,22998.3,22638.21,23202.53,-352.72,-1.5202,1.55,424990.0
HSI,2025-04-07,20730.05,19828.3,21047.83,19706.03,22849.81,-3021.51,-13.2233,5.87,1268650.0
HSI,2025-04-08,20157.52,20127.68,20454.26,19745.14,19828.3,299.38,1.5099,3.58,842070.0
HSI,2025-04-09,19494.92,20264.49,20441.14,19260.21,20127.68,136.81,0.6797,5.87,867240.0
HSI,2025-04-10,20810.43,20681.78,21211.13,20530.43,20264.49,417.29,2.0592,3.36,661180.0
HSI,2025-04-11,20557.49,20914.69,21127.37,20444.04,20681.78,232.91,1.1262,3.3,513920.0
HSI,2025-04-14,21363.88,21417.4,21517.32,21224.55,20914.69,502.71,2.4036,1.4,453830.0
HSI,2025-04-15,21603.52,21466.27,21603.52,21297.59,21417.4,48.87,0.2282,1.43,294280.0
HSI,2025-04-16,21316.47,21056.98,21363.57,20868.36,21466.27,-409.29,-1.9067,2.31,344180.0
HSI,2025-04-17,21066.81,21395.14,21417.64,21039.16,21056.98,338.16,1.6059,1.8,289280.0
HSI,2025-04-22,21303.51,21562.32,21592.67,21191.02,21395.14,167.18,0.7814,1.88,388360.0
HSI,2025-04-23,22080.19,22072.62,22138.81,21862.87,21562.32,510.3,2.3666,1.28,358530.0
HSI,2025-04-24,22030.15,21909.76,22093.68,21712.1,22072.62,-162.86,-0.7378,1.73,298580.0
HSI,2025-04-25,22080.44,21980.74,22267.96,21923.9,21909.76,70.98,0.324,1.57,302570.0
HSI,2025-04-28,22072.35,21971.96,22072.35,21817.85,21980.74,-8.78,-0.0399,1.16,246600.0
HSI,2025-04-29,22073.36,22008.11,22213.51,21918.1,21971.96,36.15,0.1645,1.34,304520.0
HSI,2025-04-30,22038.73,22119.41,22129.31,21848.33,22008.11,111.3,0.5057,1.28,468230.0
HSI,2025-05-02,22192.51,22504.68,22532.54,22058.3,22119.41,385.27,1.7418,2.14,183100.0
HSI,2025-05-06,22576.56,22662.71,22747.63,22449.16,22504.68,158.03,0.7022,1.33,331740.0
HSI,2025-05-07,23169.83,22691.88,23197.57,22691.88,22662.71,29.17,0.1287,2.23,369410.0
HSI,2025-05-08,22589.13,22775.92,22979.29,22589.13,22691.88,84.04,0.3704,1.72,277370.0
HSI,2025-05-09,22856.21,22867.74,22907.91,22692.44,22775.92,91.82,0.4031,0.95,263590.0
HSI,2025-05-12,23183.81,23549.46,23685.34,22982.91,22867.74,681.72,2.9811,3.07,516140.0
HSI,2025-05-13,23494.44,23108.27,23494.44,23070.48,23549.46,-441.19,-1.8735,1.8,347590.0
HSI,2025-05-14,23316.45,23640.65,23640.65,23278.22,23108.27,532.38,2.3039,1.57,374290.0
HSI,2025-05-15,23644.4,23453.16,23710.82,23371.73,23640.65,-187.49,-0.7931,1.43,288760.0
HSI,2025-05-16,23249.16,23345.05,23374.7,23190.31,23453.16,-108.11,-0.461,0.79,275950.0
HSI,2025-05-19,23156.27,23332.72,23402.2,23059.89,23345.05,-12.33,-0.0528,1.47,281400.0
HSI,2025-05-20,23398.35,23681.48,23709.04,23357.0,23332.72,348.76,1.4947,1.51,329060.0
HSI,2025-05-21,23736.43,23827.78,23917.0,23697.76,23681.48,146.3,0.6178,0.93,346370.0
HSI,2025-05-22,23748.58,23544.31,23778.24,23470.81,23827.78,-283.47,-1.1897,1.29,339770.0
HSI,2025-05-23,23557.38,23601.26,23749.38,23487.4,23544.31,56.95,0.2419,1.11,334870.0
HSI,2025-05-26,23505.9,23282.33,23571.02,23234.27,23601.26,-318.93,-1.3513,1.43,338180.0
HSI,2025-05-27,23216.87,23381.99,23419.55,23167.56,23282.33,99.66,0.4281,1.08,308140.0
HSI,2025-05-28,23385.18,23258.31,23476.22,23180.17,23381.99,-123.68,-0.529,1.27,287470.0
HSI,2025-05-29,23240.71,23573.38,23603.82,23207.37,23258.31,315.07,1.3547,1.7,371130.0
HSI,2025-05-30,23339.64,23289.77,23375.34,23163.22,23573.38,-283.61,-1.2031,0.9,529350.0
HSI,2025-06-02,23043.1,23157.97,23163.35,22668.35,23289.77,-131.8,-0.5659,2.13,230930.0
HSI,2025-06-03,23281.1,23512.49,23535.37,23281.1,23157.97,354.52,1.5309,1.1,367630.0
HSI,2025-06-04,23499.78,23654.03,23716.93,23481.46,23512.49,141.54,0.602,1.0,349870.0
HSI,2025-06-05,23828.69,23906.97,23911.14,23732.31,23654.03,252.94,1.0693,0.76,327260.0
HSI,2025-06-06,23941.57,23792.54,23951.14,23773.36,23906.97,-114.43,-0.4786,0.74,437670.0
HSI,2025-06-09,23977.54,24181.43,24181.43,23957.96,23792.54,388.89,1.6345,0.94,398720.0
HSI,2025-06-10,24231.31,24162.87,24296.47,24003.38,24181.43,-18.56,-0.0768,1.21,368520.0
HSI,2025-06-11,24191.32,24366.94,24439.35,24179.35,24162.87,204.07,0.8446,1.08,370330.0
HSI,2025-06-12,24223.12,24035.38,24288.76,24002.42,24366.94,-331.56,-1.3607,1.18,432870.0
HSI,2025-06-13,23959.81,23892.56,24100.32,23774.92,24035.38,-142.82,-0.5942,1.35,492600.0
HSI,2025-06-16,23791.79,24060.99,24125.05,23718.72,23892.56,168.43,0.7049,1.7,382590.0
HSI,2025-06-17,24107.34,23980.3,24131.44,23880.67,24060.99,-80.69,-0.3354,1.04,337420.0
HSI,2025-06-18,23859.55,23710.69,23880.24,23631.48,23980.3,-269.61,-1.1243,1.04,326430.0
HSI,2025-06-19,23620.02,23237.74,23653.55,23185.58,23710.69,-472.95,-1.9947,1.97,387190.0
HSI,2025-06-20,23291.4,23530.48,23538.63,23291.4,23237.74,292.74,1.2598,1.06,480150.0
HSI,2025-06-23,23335.51,23689.13,23689.13,23272.75,23530.48,158.65,0.6742,1.77,322590.0
HSI,2025-06-24,23832.73,24177.07,24229.21,23832.73,23689.13,487.94,2.0598,1.67,399570.0
HSI,2025-06-25,24327.82,24474.67,24533.39,24287.86,24177.07,297.6,1.2309,1.02,372430.0
HSI,2025-06-26,24345.29,24325.4,24411.48,24235.54,24474.67,-149.27,-0.6099,0.72,325850.0
HSI,2025-06-27,24451.19,24284.15,24471.53,24194.85,24325.4,-41.25,-0.1696,1.14,434160.0
HSI,2025-06-30,24274.91,24072.28,24274.91,24064.26,24284.15,-211.87,-0.8725,0.87,377590.0
HSI,2025-07-02,24304.31,24221.41,24372.7,24122.57,24072.28,149.13,0.6195,1.04,406130.0
HSI,2025-07-03,24234.28,24069.94,24269.14,23920.0,24221.41,-151.47,-0.6254,1.44,359490.0
HSI,2025-07-04,23900.69,23916.06,24068.51,23690.94,24069.94,-153.88,-0.6393,1.57,402120.0
HSI,2025-07-07,23828.85,23887.83,23910.95,23713.78,23916.06,-28.23,-0.118,0.82,251650.0
HSI,2025-07-08,23927.53,24148.07,24159.01,23899.6,23887.83,260.24,1.0894,1.09,303990.0
HSI,2025-07-09,24061.08,23892.32,24061.08,23827.15,24148.07,-255.75,-1.0591,0.97,319760.0
HSI,2025-07-10,23865.64,24028.37,24087.59,23820.58,23892.32,136.05,0.5694,1.12,350110.0
HSI,2025-07-11,24033.12,24139.57,24506.3,24033.12,24028.37,111.2,0.4628,1.97,414200.0
HSI,2025-07-14,24100.57,24203.32,24267.84,24097.32,24139.57,63.75,0.2641,0.71,273030.0
HSI,2025-07-15,24281.94,24590.12,24590.12,24141.88,24203.32,386.8,1.5981,1.85,377490.0
HSI,2025-07-16,24704.05,24517.76,24867.81,24517.75,24590.12,-72.36,-0.2943,1.42,338170.0
HSI,2025-07-17,24547.08,24498.95,24672.51,24447.93,24517.76,-18.81,-0.0767,0.92,320830.0
HSI,2025-07-18,24757.83,24825.66,24825.66,24630.79,24498.95,326.71,1.3336,0.8,290420.0
HSI,2025-07-21,24991.14,24994.14,25010.9,24844.8,24825.66,168.48,0.6787,0.67,360900.0
HSI,2025-07-22,25024.93,25130.03,25130.03,24900.59,24994.14,135.89,0.5437,0.92,382240.0
HSI,2025-07-23,25348.3,25538.07,25538.07,25228.01,25130.03,408.04,1.6237,1.23,413980.0
HSI,2025-07-24,25528.22,25667.18,25735.89,25502.49,25538.07,129.11,0.5056,0.91,359570.0
HSI,2025-07-25,25531.59,25388.35,25585.73,25355.31,25667.18,-278.83,-1.0863,0.9,340630.0
HSI,2025-07-28,25458.87,25562.13,25667.4,25399.36,25388.35,173.78,0.6845,1.06,342540.0
HSI,2025-07-29,25454.83,25524.45,25530.42,25252.32,25562.13,-37.68,-0.1474,1.09,374500.0
HSI,2025-07-30,25335.21,25176.93,25499.57,25082.2,25524.45,-347.52,-1.3615,1.64,466760.0
HSI,2025-07-31,24982.87,24773.33,25000.06,24744.92,25176.93,-403.6,-1.6031,1.01,418640.0
HSI,2025-08-01,24744.34,24507.81,24856.54,24507.63,24773.33,-265.52,-1.0718,1.41,376530.0
HSI,2025-08-04,24431.88,24733.45,24748.76,24372.51,24507.81,225.64,0.9207,1.54,285130.0
HSI,2025-08-05,24746.81,24902.53,24925.9,24686.85,24733.45,169.08,0.6836,0.97,305800.0
HSI,2025-08-06,24864.15,24910.63,25002.97,24806.46,24902.53,8.1,0.0325,0.79,244980.0
HSI,2025-08-07,24982.5,25081.63,25115.16,24820.6,24910.63,171.0,0.6865,1.18,293780.0
HSI,2025-08-08,24968.31,24858.82,24999.11,24812.12,25081.63,-222.81,-0.8883,0.75,248740.0
HSI,2025-08-11,24946.55,24906.81,24969.3,24775.73,24858.82,47.99,0.1931,0.78,252520.0
HSI,2025-08-12,24824.07,24969.68,25016.29,24801.13,24906.81,62.87,0.2524,0.86,236860.0
HSI,2025-08-13,25176.52,25613.67,25613.67,25176.52,24969.68,643.99,2.5791,1.75,327170.0
HSI,2025-08-14,25766.62,25519.32,25766.62,25449.8,25613.67,-94.35,-0.3684,1.24,333000.0
HSI,2025-08-15,25322.1,25270.07,25356.54,25167.81,25519.32,-249.25,-0.9767,0.74,415790.0
HSI,2025-08-18,25293.34,25176.85,25466.1,25176.85,25270.07,-93.22,-0.3689,1.14,372050.0
HSI,2025-08-19,25241.29,25122.9,25260.58,25083.2,25176.85,-53.95,-0.2143,0.7,319550.0
HSI,2025-08-20,24968.57,25165.94,25210.9,24887.93,25122.9,43.04,0.1713,1.29,298420.0
HSI,2025-08-21,25216.42,25104.61,25216.42,25000.85,25165.94,-61.33,-0.2437,0.86,286100.0
HSI,2025-08-22,25205.04,25339.14,25349.08,25140.08,25104.61,234.53,0.9342,0.83,335940.0
HSI,2025-08-25,25606.88,25829.91,25918.86,25590.62,25339.14,490.77,1.9368,1.3,414330.0
HSI,2025-08-26,25714.91,25524.92,25819.7,25524.92,25829.91,-304.99,-1.1808,1.14,363540.0
HSI,2025-08-27,25626.17,25201.76,25653.92,25140.17,25524.92,-323.16,-1.2661,2.01,387120.0
HSI,2025-08-28,25030.54,24998.82,25093.65,24808.78,25201.76,-202.94,-0.8053,1.13,417880.0
HSI,2025-08-29,25095.45,25077.62,25277.51,25066.85,24998.82,78.8,0.3152,0.84,381810.0
HSI,2025-09-01,25508.21,25617.42,25638.34,25471.35,25077.62,539.8,2.1525,0.67,431680.0
HSI,2025-09-02,25587.97,25496.55,25724.73,25416.61,25617.42,-120.87,-0.4718,1.2,381110.0
HSI,2025-09-03,25660.65,25343.43,25789.99,25276.87,25496.55,-153.12,-0.6006,2.01,318620.0
HSI,2025-09-04,25489.13,25058.51,25494.45,25013.26,25343.43,-284.92,-1.1242,1.9,363030.0
HSI,2025-09-05,25136.24,25417.98,25471.8,25090.65,25058.51,359.47,1.4345,1.52,373940.0
HSI,2025-09-08,25440.01,25633.91,25664.01,25387.81,25417.98,215.93,0.8495,1.09,365500.0
HSI,2025-09-09,25711.07,25938.13,26027.94,25675.28,25633.91,304.22,1.1868,1.38,363270.0
HSI,2025-09-10,26042.41,26200.26,26296.6,26017.5,25938.13,262.13,1.0106,1.08,379320.0
HSI,2025-09-11,25987.49,26086.32,26241.46,25878.97,26200.26,-113.94,-0.4349,1.38,399250.0
HSI,2025-09-12,26539.44,26388.16,26585.95,26329.66,26086.32,301.84,1.1571,0.98,333250.0
HSI,2025-09-15,26308.91,26446.56,26532.75,26280.23,26388.16,58.4,0.2213,0.96,285770.0
HSI,2025-09-16,26536.63,26438.51,26601.59,26332.21,26446.56,-8.05,-0.0304,1.02,288250.0
HSI,2025-09-17,26554.19,26908.39,26936.5,26540.57,26438.51,469.88,1.7773,1.5,370080.0
HSI,2025-09-18,26863.69,26544.85,27058.03,26322.08,26908.39,-363.54,-1.351,2.74,411420.0
HSI,2025-09-19,26583.03,26545.1,26637.64,26414.11,26544.85,0.25,0.0009,0.84,416590.0
HSI,2025-09-22,26459.52,26344.14,26479.14,26204.01,26545.1,-200.96,-0.7571,1.04,329840.0
HSI,2025-09-23,26435.58,26159.12,26454.09,26003.67,26344.14,-185.02,-0.7023,1.71,312450.0
HSI,2025-09-24,26073.69,26518.65,26562.88,26057.26,26159.12,359.53,1.3744,1.93,302320.0
HSI,2025-09-25,26536.13,26484.68,26640.53,26403.52,26518.65,-33.97,-0.1281,0.89,368700.0
HSI,2025-09-26,26272.3,26128.2,26406.05,26072.93,26484.68,-356.48,-1.346,1.26,344060.0
HSI,2025-09-29,26321.57,26622.88,26687.72,26321.57,26128.2,494.68,1.8933,1.4,350280.0
HSI,2025-09-30,26674.16,26855.56,26888.4,26558.28,26622.88,232.68,0.874,1.24,350190.0
HSI,2025-10-02,26918.3,27287.12,27381.84,26918.3,26855.56,431.56,1.607,1.73,232460.0
HSI,2025-10-03,27221.46,27140.92,27262.0,26972.71,27287.12,-146.2,-0.5358,1.06,139200.0
HSI,2025-10-06,27003.92,26957.77,27145.17,26873.34,27140.92,-183.15,-0.6748,1.0,113160.0
HSI,2025-10-08,26900.64,26829.46,26906.2,26517.45,26957.77,-128.31,-0.476,1.44,210570.0
HSI,2025-10-09,26862.03,26752.59,26978.41,26480.58,26829.46,-76.87,-0.2865,1.86,401390.0
HSI,2025-10-10,26523.89,26290.32,26558.87,26247.04,26752.59,-462.27,-1.7279,1.17,343200.0
HSI,2025-10-13,25634.0,25889.48,25895.62,25336.09,26290.32,-400.84,-1.5247,2.13,517280.0
HSI,2025-10-14,25969.21,25441.35,26102.68,25331.64,25889.48,-448.13,-1.7309,2.98,475320.0
HSI,2025-10-15,25714.89,25910.6,25982.21,25593.45,25441.35,469.25,1.8444,1.53,350390.0
HSI,2025-10-16,25890.01,25888.51,26062.8,25687.32,25910.6,-22.09,-0.0853,1.45,338090.0
HSI,2025-10-17,25851.94,25247.1,25859.82,25145.34,25888.51,-641.41,-2.4776,2.76,400840.0
HSI,2025-10-20,25884.46,25858.83,25912.77,25710.61,25247.1,611.73,2.423,0.8,290160.0
HSI,2025-10-21,26160.24,26027.55,26367.35,26017.72,25858.83,168.72,0.6525,1.35,306500.0
HSI,2025-10-22,25897.62,25781.77,25947.88,25653.75,26027.55,-245.78,-0.9443,1.13,283030.0
HSI,2025-10-23,25718.53,25967.98,26080.84,25591.66,25781.77,186.21,0.7223,1.9,310400.0
HSI,2025-10-24,26177.11,26160.15,26239.96,26063.99,25967.98,192.17,0.74,0.68,259210.0
HSI,2025-10-27,26495.97,26433.7,26495.97,26319.22,26160.15,273.55,1.0457,0.68,316460.0
HSI,2025-10-28,26508.75,26346.14,26519.24,26245.33,26433.7,-87.56,-0.3312,1.04,285730.0
HSI,2025-10-30,26545.92,26282.69,26588.89,26138.79,26346.14,-63.45,-0.2408,1.71,431880.0
HSI,2025-10-31,26263.01,25906.65,26283.96,25906.65,26282.69,-376.04,-1.4308,1.44,337820.0
HSI,2025-11-03,25999.17,26158.36,26217.12,25920.27,25906.65,251.71,0.9716,1.15,178970.0
HSI,2025-11-04,26148.07,25952.4,26291.65,25911.79,26158.36,-205.96,-0.7874,1.45,342120.0
HSI,2025-11-05,25701.63,25935.41,25980.9,25496.13,25952.4,-16.99,-0.0655,1.87,277000.0
HSI,2025-11-06,26061.58,26485.9,26490.71,26061.58,25935.41,550.49,2.1225,1.65,270520.0
HSI,2025-11-07,26350.74,26241.83,26371.46,26167.23,26485.9,-244.07,-0.9215,0.77,269590.0
HSI,2025-11-10,26319.4,26649.06,26668.89,26302.93,26241.83,407.23,1.5518,1.39,312450.0
HSI,2025-11-11,26748.09,26696.41,26788.43,26511.25,26649.06,47.35,0.1777,1.04,241760.0
HSI,2025-11-12,26754.93,26922.73,27016.4,26739.09,26696.41,226.32,0.8478,1.04,343730.0
HSI,2025-11-13,26779.48,27073.03,27188.81,26733.21,26922.73,150.3,0.5583,1.69,328570.0
HSI,2025-11-14,26660.31,26572.46,26881.88,26535.42,27073.03,-500.57,-1.849,1.28,280990.0
HSI,2025-11-17,26441.7,26384.28,26531.8,26252.36,26572.46,-188.18,-0.7082,1.05,252110.0
HSI,2025-11-18,26172.27,25930.03,26188.82,25821.84,26384.28,-454.25,-1.7217,1.39,351410.0
HSI,2025-11-19,25954.23,25830.65,26045.37,25742.07,25930.03,-99.38,-0.3833,1.17,288670.0
HSI,2025-11-20,25999.78,25835.57,26046.76,25692.13,25830.65,4.92,0.019,1.37,297920.0
HSI,2025-11-21,25460.42,25220.02,25483.67,25178.63,25835.57,-615.55,-2.3826,1.18,395790.0
HSI,2025-11-24,25452.87,25716.5,25770.45,25369.29,25220.02,496.48,1.9686,1.59,442270.0
HSI,2025-11-25,25948.9,25894.55,26069.22,25740.54,25716.5,178.05,0.6924,1.28,296210.0
HSI,2025-11-26,26046.74,25928.08,26136.27,25907.06,25894.55,33.53,0.1295,0.89,256470.0
HSI,2025-11-27,25945.54,25945.93,26123.69,25822.66,25928.08,17.85,0.0688,1.16,268270.0
HSI,2025-11-28,26011.06,25858.89,26011.06,25807.55,25945.93,-87.04,-0.3355,0.78,196160.0
HSI,2025-12-01,25945.87,26033.26,26179.72,25913.98,25858.89,174.37,0.6743,1.03,231860.0
HSI,2025-12-02,26188.55,26095.05,26264.13,25989.45,26033.26,61.79,0.2374,1.06,245300.0
HSI,2025-12-03,25980.89,25760.73,25996.88,25724.82,26095.05,-334.32,-1.2812,1.04,217660.0
HSI,2025-12-04,25804.01,25935.9,25990.73,25649.3,25760.73,175.17,0.68,1.33,216920.0
HSI,2025-12-05,25833.11,26085.08,26131.61,25758.17,25935.9,149.18,0.5752,1.44,297310.0
HSI,2025-12-08,26067.86,25765.36,26151.46,25755.01,26085.08,-319.72,-1.2257,1.52,292310.0
HSI,2025-12-09,25780.97,25434.23,25820.31,25386.58,25765.36,-331.13,-1.2852,1.68,285870.0
HSI,2025-12-10,25435.49,25540.78,25540.78,25257.61,25434.23,106.55,0.4189,1.11,272990.0
HSI,2025-12-11,25710.61,25530.51,25801.34,25471.5,25540.78,-10.27,-0.0402,1.29,235260.0
HSI,2025-12-12,25761.41,25976.79,26006.47,25697.43,25530.51,446.28,1.748,1.21,321950.0
HSI,2025-12-15,25718.14,25628.88,25824.44,25609.28,25976.79,-347.91,-1.3393,0.83,280320.0
HSI,2025-12-16,25547.92,25235.41,25547.92,25086.54,25628.88,-393.47,-1.5353,1.8,291770.0
HSI,2025-12-17,25243.59,25468.78,25494.94,25168.19,25235.41,233.37,0.9248,1.29,247190.0
HSI,2025-12-18,25330.83,25498.13,25511.84,25261.38,25468.78,29.35,0.1152,0.98,261350.0
HSI,2025-12-19,25634.22,25690.53,25747.01,25545.92,25498.13,192.4,0.7546,0.79,335800.0
HSI,2025-12-22,25795.94,25801.77,25859.61,25671.33,25690.53,111.24,0.433,0.73,236210.0
HSI,2025-12-23,25875.85,25774.14,25927.66,25726.45,25801.77,-27.63,-0.1071,0.78,224090.0
HSI,2025-12-24,25780.09,25818.93,25890.87,25772.87,25774.14,44.79,0.1738,0.46,123630.0
HSI,2025-12-29,25928.89,25635.23,26082.94,25630.75,25818.93,-183.7,-0.7115,1.75,293160.0
HSI,2025-12-30,25636.4,25854.6,25930.22,25611.23,25635.23,219.37,0.8557,1.24,313810.0
HSI,2025-12-31,25801.49,25630.54,25808.52,25554.31,25854.6,-224.06,-0.8666,0.98,165100.0
HSI,2026-01-02,25717.42,26338.47,26345.63,25717.42,25630.54,707.93,2.7621,2.45,148970.0
HSI,2026-01-05,26361.44,26347.24,26445.5,26256.0,26338.47,8.77,0.0333,0.72,369220.0
HSI,2026-01-06,26502.4,26710.45,26858.13,26498.36,26347.24,363.21,1.3786,1.37,380090.0
HSI,2026-01-07,26601.83,26458.95,26616.94,26313.51,26710.45,-251.5,-0.9416,1.14,364530.0
HSI,2026-01-08,26302.78,26149.31,26305.69,25960.34,26458.95,-309.64,-1.1703,1.31,324330.0
HSI,2026-01-09,26272.54,26231.79,26299.32,26114.41,26149.31,82.48,0.3154,0.71,324170.0
HSI,2026-01-12,26376.84,26608.48,26608.48,26187.76,26231.79,376.69,1.436,1.6,359960.0
HSI,2026-01-13,26958.52,26848.47,27143.66,26729.54,26608.48,239.99,0.9019,1.56,369170.0
HSI,2026-01-14,26971.97,26999.81,27097.72,26780.27,26848.47,151.34,0.5637,1.18,484960.0
HSI,2026-01-15,26972.36,26923.62,27206.84,26808.35,26999.81,-76.19,-0.2822,1.48,357370.0
HSI,2026-01-16,27094.85,26844.96,27176.31,26741.54,26923.62,-78.66,-0.2922,1.61,336590.0
HSI,2026-01-19,26641.6,26563.9,26715.58,26533.67,26844.96,-281.06,-1.047,0.68,274240.0
HSI,2026-01-20,26544.9,26487.51,26638.55,26363.86,26563.9,-76.39,-0.2876,1.03,277080.0
HSI,2026-01-21,26397.04,26585.06,26692.78,26397.04,26487.51,97.55,0.3683,1.12,299870.0
HSI,2026-01-22,26750.51,26629.96,26779.22,26499.14,26585.06,44.9,0.1689,1.05,299090.0
HSI,2026-01-23,26861.36,26749.51,26895.94,26689.73,26629.96,119.55,0.4489,0.77,280350.0
HSI,2026-01-26,26844.04,26765.52,26911.44,26619.83,26749.51,16.01,0.0599,1.09,292650.0
HSI,2026-01-27,26863.15,27126.95,27188.9,26829.71,26765.52,361.43,1.3504,1.34,306320.0
HSI,2026-01-28,27325.89,27826.91,27826.91,27258.1,27126.95,699.96,2.5803,2.1,505020.0
HSI,2026-01-29,27627.11,27968.09,28056.1,27611.9,27826.91,141.18,0.5074,1.6,439640.0
HSI,2026-01-30,27785.98,27387.11,27887.24,27384.02,27968.09,-580.98,-2.0773,1.8,442750.0
HSI,2026-02-02,27097.34,26775.57,27100.09,26507.62,27387.11,-611.54,-2.2329,2.16,483500.0
HSI,2026-02-03,26995.76,26834.77,27126.48,26431.8,26775.57,59.2,0.2211,2.59,342520.0
HSI,2026-02-04,26797.05,26847.32,27004.22,26593.18,26834.77,12.55,0.0468,1.53,298480.0
HSI,2026-02-05,26627.95,26885.24,26919.39,26410.77,26847.32,37.92,0.1412,1.89,318980.0
HSI,2026-02-06,26354.34,26559.95,26710.34,26295.03,26885.24,-325.29,-1.2099,1.54,291330.0
HSI,2026-02-09,26982.49,27027.16,27111.54,26879.1,26559.95,467.21,1.7591,0.88,273450.0
HSI,2026-02-10,27202.96,27183.15,27397.65,27104.82,27027.16,155.99,0.5772,1.08,255430.0
HSI,2026-02-11,27246.18,27266.38,27325.98,27133.77,27183.15,83.23,0.3062,0.71,240370.0
HSI,2026-02-12,27210.56,27032.54,27215.63,26932.56,27266.38,-233.84,-0.8576,1.04,266880.0
HSI,2026-02-13,26640.16,26567.12,26774.44,26444.46,27032.54,-465.42,-1.7217,1.22,248900.0
HSI,2026-02-16,26501.2,26705.94,26734.41,26382.41,26567.12,138.82,0.5225,1.32,80850.0
HSI,2026-02-20,26657.84,26413.35,26694.34,26356.96,26705.94,-292.59,-1.0956,1.26,169480.0
HSI,2026-02-23,26798.97,27081.91,27156.28,26798.97,26413.35,668.56,2.5311,1.35,181640.0
HSI,2026-02-24,26913.68,26590.32,26913.68,26480.86,27081.91,-491.59,-1.8152,1.6,268380.0
HSI,2026-02-25,26745.2,26765.72,26870.03,26632.53,26590.32,175.4,0.6596,0.89,249940.0
HSI,2026-02-26,27019.74,26381.02,27024.07,26373.01,26765.72,-384.7,-1.4373,2.43,290120.0
HSI,2026-02-27,26447.05,26630.54,26701.5,26375.7,26381.02,249.52,0.9458,1.23,329440.0
HSI,2026-03-02,26305.58,26059.85,26403.85,25882.95,26630.54,-570.69,-2.143,1.96,459350.0
HSI,2026-03-03,26190.24,25768.08,26218.93,25727.0,26059.85,-291.77,-1.1196,1.89,470520.0
HSI,2026-03-04,25469.34,25249.48,25470.05,24958.43,25768.08,-518.6,-2.0126,1.99,470370.0
HSI,2026-03-05,25583.65,25321.34,25736.6,25236.68,25249.48,71.86,0.2846,1.98,348420.0
HSI,2026-03-06,25358.56,25757.29,25806.72,25267.63,25321.34,435.95,1.7217,2.13,366980.0
HSI,2026-03-09,25075.74,25408.46,25442.62,24906.0,25757.29,-348.83,-1.3543,2.08,530080.0
HSI,2026-03-10,25740.29,25959.9,25959.9,25611.79,25408.46,551.44,2.1703,1.37,351860.0
HSI,2026-03-11,26112.08,25898.76,26149.64,25819.1,25959.9,-61.14,-0.2355,1.27,314480.0
HSI,2026-03-12,25719.47,25716.76,25932.58,25521.15,25898.76,-182.0,-0.7027,1.59,304650.0
HSI,2026-03-13,25583.55,25465.6,25697.17,25419.87,25716.76,-251.16,-0.9766,1.08,278610.0
HSI,2026-03-16,25436.27,25834.02,25856.73,25317.81,25465.6,368.42,1.4467,2.12,301810.0
HSI,2026-03-17,25938.43,25868.54,26250.14,25844.95,25834.02,34.52,0.1336,1.57,290140.0
HSI,2026-03-18,25923.03,26025.42,26117.95,25791.82,25868.54,156.88,0.6065,1.26,253600.0
HSI,2026-03-19,25550.56,25500.58,25737.83,25449.06,26025.42,-524.84,-2.0166,1.11,355230.0
HSI,2026-03-20,25337.28,25277.32,25563.88,25121.46,25500.58,-223.26,-0.8755,1.73,460250.0
HSI,2026-03-23,24789.14,24382.47,24789.14,24203.54,25277.32,-894.85,-3.5401,2.32,509440.0
HSI,2026-03-24,24759.82,25063.71,25077.09,24555.5,24382.47,681.24,2.794,2.14,389070.0
HSI,2026-03-25,25280.52,25335.95,25390.3,25015.2,25063.71,272.24,1.0862,1.5,457470.0
HSI,2026-03-26,25267.16,24856.43,25278.03,24793.1,25335.95,-479.52,-1.8926,1.91,397370.0
HSI,2026-03-27,24768.66,24951.88,25095.57,24712.92,24856.43,95.45,0.384,1.54,340920.0
HSI,2026-03-30,24532.85,24750.79,24811.86,24409.57,24951.88,-201.09,-0.8059,1.61,414910.0
HSI,2026-03-31,24818.2,24788.14,24988.53,24559.57,24750.79,37.35,0.1509,1.73,380470.0
HSI,2026-04-01,25357.23,25294.03,25429.76,25203.69,24788.14,505.89,2.0409,0.91,385770.0
HSI,2026-04-02,25254.49,25116.53,25254.49,24901.77,25294.03,-177.5,-0.7017,1.39,319460.0
HSI,2026-04-08,25772.56,25893.02,25934.18,25668.67,25116.53,776.49,3.0916,1.06,487130.0
HSI,2026-04-09,25756.41,25752.4,25854.8,25653.63,25893.02,-140.62,-0.5431,0.78,291800.0
HSI,2026-04-10,25891.88,25893.54,26073.97,25843.65,25752.4,141.14,0.5481,0.89,257290.0
HSI,2026-04-13,25708.64,25660.85,25717.38,25508.53,25893.54,-232.69,-0.8986,0.81,228880.0
HSI,2026-04-14,25929.4,25872.32,25995.09,25668.53,25660.85,211.47,0.8241,1.27,270710.0
HSI,2026-04-15,26168.25,25947.32,26216.58,25947.32,25872.32,75.0,0.2899,1.04,302170.0
HSI,2026-04-16,26122.8,26394.26,26403.07,26122.8,25947.32,446.94,1.7225,1.08,280550.0
HSI,2026-04-17,26210.97,26160.33,26280.96,26015.44,26394.26,-233.93,-0.8863,1.01,279320.0
HSI,2026-04-20,26204.61,26361.07,26411.69,26094.64,26160.33,200.74,0.7673,1.21,287320.0
HSI,2026-04-21,26442.29,26487.48,26529.49,26342.02,26361.07,126.41,0.4795,0.71,246000.0
HSI,2026-04-22,26303.6,26163.24,26303.6,26073.45,26487.48,-324.24,-1.2241,0.87,256210.0
HSI,2026-04-23,26098.81,25915.2,26115.07,25840.55,26163.24,-248.04,-0.948,1.05,260780.0
HSI,2026-04-24,25733.61,25978.07,26004.59,25639.26,25915.2,62.87,0.2426,1.41,288580.0
HSI,2026-04-27,25976.97,25925.65,26086.02,25858.24,25978.07,-52.42,-0.2018,0.88,260140.0
HSI,2026-04-28,25814.37,25679.78,25896.66,25609.61,25925.65,-245.87,-0.9484,1.11,326360.0
HSI,2026-04-29,25842.63,26111.84,26132.94,25811.46,25679.78,432.06,1.6825,1.25,378320.0
HSI,2026-04-30,26008.32,25776.53,26072.24,25734.16,26111.84,-335.31,-1.2841,1.29,412970.0
HSI,2026-05-04,26138.34,26095.88,26326.44,26091.86,25776.53,319.35,1.2389,0.91,181110.0
HSI,2026-05-05,25945.75,25898.61,25945.75,25690.36,26095.88,-197.27,-0.7559,0.98,148200.0
HSI,2026-05-06,26029.65,26213.78,26213.78,25877.82,25898.61,315.17,1.2169,1.3,354430.0
HSI,2026-05-07,26531.35,26626.28,26669.26,26518.79,26213.78,412.5,1.5736,0.57,398900.0
HSI,2026-05-08,26359.79,26393.71,26470.49,26274.8,26626.28,-232.57,-0.8735,0.73,306120.0
HSI,2026-05-11,26310.87,26406.84,26427.14,26219.26,26393.71,13.13,0.0497,0.79,307950.0
HSI,2026-05-12,26497.03,26347.91,26592.37,26328.84,26406.84,-58.93,-0.2232,1.0,308230.0
HSI,2026-05-13,26369.99,26388.44,26458.9,26220.12,26347.91,40.53,0.1538,0.91,282040.0
HSI,2026-05-14,26836.66,26389.04,26844.8,26366.86,26388.44,0.6,0.0023,1.81,312430.0
HSI,2026-05-15,26391.02,25962.73,26391.02,25847.15,26389.04,-426.31,-1.6155,2.06,325990.0
HSI,2026-05-18,25838.96,25675.18,25838.96,25505.71,25962.73,-287.55,-1.1075,1.28,301710.0
HSI,2026-05-19,25693.37,25797.85,25845.46,25671.12,25675.18,122.67,0.4778,0.68,310010.0
HSI,2026-05-20,25709.62,25651.12,25713.53,25555.06,25797.85,-146.73,-0.5688,0.61,285950.0
HSI,2026-05-21,25833.24,25386.52,25833.71,25341.73,25651.12,-264.6,-1.0315,1.92,302770.0
HSI,2026-05-22,25641.8,25606.03,25732.36,25483.24,25386.52,219.51,0.8647,0.98,328080.0
HSI,2026-05-26,25622.36,25599.45,25768.38,25431.17,25606.03,-6.58,-0.0257,1.32,408280.0
HSI,2026-05-27,25608.78,25328.23,25638.41,25258.03,25599.45,-271.22,-1.0595,1.49,371710.0
HSI,2026-05-28,25230.58,25006.16,25230.58,24727.26,25328.23,-322.07,-1.2716,1.99,423700.0
HSI,2026-05-29,25161.52,25182.39,25313.33,25055.8,25006.16,176.23,0.7047,1.03,676610.0
HSI,2026-06-01,25180.05,25398.18,25486.76,25174.3,25182.39,215.79,0.8569,1.24,370300.0
HSI,2026-06-02,25395.07,26038.32,26045.07,25394.64,25398.18,640.14,2.5204,2.56,375130.0
HSI,2026-06-03,25953.01,25633.21,25953.01,25569.45,26038.32,-405.11,-1.5558,1.47,317480.0
HSI,2026-06-04,25465.3,25253.4,25499.09,25188.02,25633.21,-379.81,-1.4817,1.21,278300.0
HSI,2026-06-05,25186.12,24961.95,25216.18,24928.14,25253.4,-291.45,-1.1541,1.14,357480.0
HSI,2026-06-08,24582.91,24657.06,24837.98,24458.54,24961.95,-304.89,-1.2214,1.52,380670.0
HSI,2026-06-09,24551.93,24565.9,24740.65,24486.39,24657.06,-91.16,-0.3697,1.03,335900.0
HSI,2026-06-10,24442.52,24407.96,24505.96,24207.03,24565.9,-157.94,-0.6429,1.22,394230.0
HSI,2026-06-11,24380.02,24249.29,24492.71,23999.67,24407.96,-158.67,-0.6501,2.02,342080.0
HSI,2026-06-12,24501.5,24718.1,24771.61,24445.51,24249.29,468.81,1.9333,1.34,375190.0
HSI,2026-06-15,25001.42,24842.67,25047.9,24796.3,24718.1,124.57,0.504,1.02,363620.0
HSI,2026-06-16,24826.19,24493.95,24844.98,24378.69,24842.67,-348.72,-1.4037,1.88,314520.0
HSI,2026-06-17,24495.85,24312.16,24560.19,24254.07,24493.95,-181.79,-0.7422,1.25,305500.0
HSI,2026-06-18,24145.19,23924.81,24163.25,23749.99,24312.16,-387.35,-1.5932,1.7,483530.0
HSI,2026-06-22,23811.76,23768.52,23863.71,23444.86,23924.81,-156.29,-0.6533,1.75,405030.0
HSI,2026-06-23,23800.02,23336.28,23825.81,23252.13,23768.52,-432.24,-1.8185,2.41,368920.0
HSI,2026-06-24,23420.7,23412.18,23565.65,23248.87,23336.28,75.9,0.3252,1.36,346010.0
HSI,2026-06-25,23388.5,23076.91,23388.5,22978.59,23412.18,-335.27,-1.432,1.75,426570.0
HSI,2026-06-26,22952.09,22671.86,22962.46,22518.0,23076.91,-405.05,-1.7552,1.93,419450.0
HSI,2026-06-29,22827.65,23026.68,23183.17,22783.64,22671.86,354.82,1.565,1.76,345760.0
HSI,2026-06-30,23007.87,22881.02,23086.85,22685.14,23026.68,-145.66,-0.6326,1.74,449470.0
HSI,2026-07-02,23071.43,23055.03,23335.92,22953.7,22881.02,174.01,0.7605,1.67,414450.0
HSI,2026-07-03,23240.85,23350.03,23516.7,23226.2,23055.03,295.0,1.2795,1.26,339460.0
HSI,2026-07-06,23404.61,23616.32,23686.56,23229.38,23350.03,266.29,1.1404,1.96,339690.0
HSI,2026-07-07,23568.49,23496.89,23820.92,23398.27,23616.32,-119.43,-0.5057,1.79,369300.0
HSI,2026-07-08,23541.22,24199.46,24310.92,23541.22,23496.89,702.57,2.9901,3.28,444770.0
HSI,2026-07-09,24181.34,24030.18,24353.76,23917.32,24199.46,-169.28,-0.6995,1.8,366620.0
HSI,2026-07-10,24213.44,24175.12,24499.63,24064.62,24030.18,144.94,0.6032,1.81,334080.0
HSI,2026-07-13,24157.65,24213.72,24449.77,24095.73,24175.12,38.6,0.1597,1.46,299130.0
HSI,2026-07-14,24181.52,24340.73,24436.58,23902.05,24213.72,127.01,0.5245,2.21,357140.0
HSI,2026-07-15,24551.34,24681.1,24774.84,24449.53,24340.73,340.37,1.3984,1.34,324690.0
HSI,2026-07-16,24825.02,25008.6,25221.44,24825.02,24681.1,327.5,1.3269,1.61,343610.0
HSI,2026-07-17,25022.54,24562.24,25166.56,24332.51,25008.6,-446.36,-1.7848,3.34,374740.0
HSI,2026-07-20,24835.03,25143.05,25155.55,24756.36,24562.24,580.81,2.3646,1.63,333810.0
HSI,2026-07-21,25150.54,25132.29,25253.65,24991.39,25143.05,-10.76,-0.0428,1.04,289460.0
HSI,2026-07-22,24978.9,24892.66,25040.27,24802.06,25132.29,-239.63,-0.9535,0.95,303290.0
HSI,2026-07-23,24966.53,25210.81,25267.39,24876.83,24892.66,318.15,1.2781,1.57,270020.0
HSI,2026-07-24,24932.5,24963.23,25031.34,24812.5,25210.81,-247.58,-0.982,0.87,247340.0
HSI,2026-07-27,24993.77,25207.18,25276.96,24938.34,24963.23,243.95,0.9772,1.36,263010.0
HSI,2026-07-28,25271.95,25310.85,25440.68,25069.85,25207.18,103.67,0.4113,1.47,308410.0
HSI,2026-07-29,25487.16,25807.92,25808.93,25487.16,25310.85,497.07,1.9639,1.27,387040.0
HSI,2026-07-30,25875.83,25858.88,25971.63,25657.33,25807.92,50.96,0.1975,1.22,374380.0
HSI,2026-07-31,25837.72,25884.43,25917.2,25622.92,25858.88,25.55,0.0988,1.14,358540.0
HSI,2026-08-03,25987.31,26009.4,26133.88,25811.74,25884.43,124.97,0.4828,1.24,292300.0
HSI,2026-08-04,26090.98,25852.92,26187.57,25768.04,26009.4,-156.48,-0.6016,1.61,
