trade_date,open,high,low,close,pre_close,vol,amount,pct_chg,target_next_return,target_next_direction,hangseng_ret1_lag1,hangseng_ret5_lag1,hangseng_vol20_lag1,hangseng_gap_lag1,hangseng_intraday_lag1,hangseng_range_lag1,hangseng_vol_chg_lag1,hangseng_pct_chg_lag1
2020-01-02,3066.3357,3098.1001,3066.3357,3085.1976,3050.124,292470208.0,327197122.6058,1.1499,-0.0004576044010924374,0.0,,,,,,,,
2020-01-03,3089.022,3093.8192,3074.5178,3083.7858,3085.1976,261496667.0,289991708.3815,-0.0458,-0.00012241446860550287,0.0,,,,,0.01041262159120726,,,1.255
2020-01-06,3070.9088,3107.2032,3065.3088,3083.4083,3083.7858,312575842.0,331182549.9061,-0.0122,0.006938166443931637,1.0,-0.003223849055757677,,,0.009979147631406393,-0.01307254384224421,0.01594512519829373,0.35334372571983685,-0.3224
2020-01-07,3085.4882,3105.4507,3084.329,3104.8015,3083.4083,276583111.0,288159227.6566,0.6938,-0.012209798275348738,0.0,-0.007919090381877991,,,-0.004393441470572745,-0.003541206996981683,0.011021563010737504,-0.0024938953397715125,-0.7919
2020-01-08,3094.2389,3094.2389,3059.1313,3066.8925,3104.8015,297872553.0,306517394.4592,-1.221,0.009126306187777988,1.0,0.003396490989396872,,,0.004481299105547176,-0.0010799684544812171,0.00740482509329109,-0.31969888366160504,0.3396
2020-01-09,3082.6398,3097.3291,3080.1313,3094.8819,3066.8925,243435649.0,271716020.9022,0.9126,-0.0008372532728954107,0.0,-0.00826705402078809,,,-0.011386177417885501,0.0031550473257098144,0.012035847674921987,0.27162055543695196,-0.8267
2020-01-10,3102.2938,3105.2248,3081.3961,3092.2907,3094.8819,210442462.0,241555668.0608,-0.0837,0.0075280438543503525,1.0,0.01684282780640234,0.0006123981905525877,,0.00995908561402925,0.006815862434850883,0.008371570411764184,-0.009673952888833881,1.6843
2020-01-13,3091.493,3115.5696,3075.3837,3115.5696,3092.2907,210621004.0,258524058.0048,0.7528,-0.0028082184394147003,0.0,0.002702986590105372,0.006562044180447479,,0.003646230874269074,-0.0009398174926059655,0.005632505864640558,-0.15591562114857815,0.2703
2020-01-14,3120.6669,3127.1692,3105.6049,3106.8204,3115.5696,229973769.0,271542441.3867,-0.2808,-0.005401824965485691,0.0,0.011060052656940655,0.025818220595836605,,0.004685001152306967,0.006345323655993607,0.010460154618656245,0.19772205863484693,1.106
2020-01-15,3103.1749,3107.9426,3082.0425,3090.0379,3106.8204,202313023.0,232913446.6557,-0.5402,-0.005163852521032131,0.0,-0.0024106421909352305,0.01988132219195915,,0.006720442176706198,-0.009070129089559953,0.012399956622255036,-0.07135127409238962,-0.2411
2020-01-16,3095.7342,3096.3717,3070.884,3074.0814,3090.0379,203375475.0,236843360.101,-0.5164,0.0004600073374765312,1.0,-0.0038618473027999256,0.02441156198109362,,0.00020529587185658116,-0.0040663083783327725,0.012240896183989476,-0.281622260279061,-0.3862
2020-01-17,3081.4641,3091.9516,3067.2525,3075.4955,3074.0814,190304299.0,242273045.2552,0.046,0.006597896176404827,1.0,0.003803835392107935,0.011275515563180516,,0.001130550619508952,0.002670265901829172,0.009667198288430462,0.26778900067542466,0.3804
2020-01-20,3082.1134,3096.3105,3070.4801,3095.7873,3075.4955,210493341.0,271122455.4331,0.6598,-0.014098319997630337,0.0,0.006002830726959507,0.014603571453513098,,0.0036395060907716825,0.0023547544928688158,0.009971942011644218,-0.04792021311823724,0.6003
2020-01-21,3085.7895,3085.7895,3051.2301,3052.1419,3095.7873,234830739.0,286268098.2104,-1.4098,0.002821821619761522,1.0,-0.00896566060099624,-0.005492327043330025,,0.003878660894907293,-0.012794695211922669,0.013060796891014104,0.05557637400621296,-0.8966
2020-01-22,3038.4868,3069.2527,3006.2677,3060.7545,3052.1419,223852865.0,278456923.9748,0.2822,-0.027518182199846475,0.0,-0.028149136457225943,-0.031151311712527496,,-0.012034000661899524,-0.01631142752495829,0.017763981065366533,0.31426797135118356,-2.8149
2020-01-23,3037.9524,3045.0406,2955.346,2976.5281,3060.7545,272763234.0,327490360.4082,-2.7518,-0.07724519718123946,0.0,0.012710588011647594,-0.0150328825843421,,0.00468709856199645,0.007986058008642605,0.016303184561339817,-0.5098014322371256,1.2711
2020-02-03,2716.6978,2766.5773,2716.6978,2746.6056,2976.5281,215912103.0,257019597.4125,-7.7245,0.013355357609406981,1.0,-0.005160850281275775,-0.07157147373561445,,0.011663143551413624,-0.016630035343216387,0.019787040254254054,-0.17090166913026295,-0.5161
2020-02-04,2685.2693,2786.1642,2685.2693,2783.2875,2746.6056,364046200.0,374068466.7565,1.3355,0.012503307689198495,1.0,0.0016855023614135156,-0.05561407883874514,0.012803966112917517,-0.004675321319077552,0.006390702267043968,0.013947294512179192,0.25616868466330445,0.1686
2020-02-05,2792.3713,2842.7426,2778.8641,2818.0878,2783.2875,309761823.0,349184114.8126,1.2503,0.017182537747759463,1.0,0.012103055812919372,-0.04556981771500457,0.013295693181973309,0.005109841871109744,0.006957661392302361,0.009052630460697642,0.03200592883551323,1.2103
2020-02-06,2826.8851,2876.5878,2807.609,2866.5097,2818.0878,316392142.0,358582589.711,1.7183,0.003298052680582142,1.0,0.004152049896573695,-0.013765880982878453,0.013340853908386295,0.007247718734232134,-0.003073393744240538,0.010653779167625735,-0.0005230069461337195,0.4152
2020-02-07,2858.9324,2875.9636,2838.7702,2875.9636,2866.5097,309479642.0,362384162.4639,0.3298,0.005050202999787645,1.0,0.026392162689450105,0.03949354855906417,0.014790548087555559,0.014476938963083885,0.011745189337221351,0.02160509266898471,-0.10513992119188309,2.6392
2020-02-10,2860.499,2891.8479,2851.0503,2890.4878,2875.9636,294929784.0,341520398.2507,0.505,0.00387014261053098,1.0,-0.0032527451743490365,0.0414873009653538,0.014709916133722856,-0.004998235959510766,0.001754258985505297,0.0067819173119661146,-0.4291991144103431,-0.3253
2020-02-11,2894.5414,2913.8159,2882.2428,2901.6744,2890.4878,269168335.0,302956847.2063,0.387,0.008693153167012913,1.0,-0.005945423833585095,0.033553161249885166,0.014115212314369907,-0.011389465948189792,0.005506761183589948,0.00984372143465228,0.0959628234503942,-0.5945
2020-02-12,2895.5561,2926.8991,2892.424,2926.8991,2901.6744,248733429.0,297534420.4934,0.8693,-0.007115243569551177,0.0,0.012574271309707896,0.03403436349854827,0.014466372440210063,0.010018229646559185,0.0025306886431577524,0.008730113863708602,0.14771633210751212,1.2574
2020-02-13,2927.1443,2935.406,2901.2425,2906.0735,2926.8991,274804844.0,334526327.364,-0.7115,0.0037625338794768926,1.0,0.008692758234156939,0.038710197657497725,0.014365169109088362,0.004833982746444754,0.003840211969309948,0.010065661538550697,-0.03932868711755333,0.8693
2020-02-14,2899.8659,2926.9427,2899.5739,2917.0077,2906.0735,250650627.0,308080368.7258,0.3763,0.02283665552202696,1.0,-0.0033661998457428233,0.008594696239502042,0.014368572985140085,0.0046719231042933185,-0.008000744088875744,0.009274480783620951,-0.10529550467829552,-0.3366
2020-02-17,2924.9913,2983.6371,2924.9913,2983.6224,2917.0077,313198007.0,367014340.1286,2.2837,0.0004522019944612765,1.0,0.003086909484312894,0.01500970469200591,0.014403623622394137,-0.0011337901190046074,0.00422549042260667,0.009558961413631436,-0.11223713725489404,0.3087
2020-02-18,2981.4097,2990.6003,2960.7751,2984.9716,2983.6224,311665913.0,374998562.6485,0.0452,-0.0032059601505086688,0.0,0.005176951063432078,0.02636654437703867,0.014433939999935532,-0.0017576467881332825,0.00694680788613411,0.010385179539539059,-0.022627213766954313,0.5177
2020-02-19,2979.5223,2998.2718,2971.8219,2975.4019,2984.9716,315141151.0,381331160.4205,-0.3206,0.01840164853023718,1.0,-0.015357873503197395,-0.0019460641505111287,0.014636560952899986,-0.00690639351063671,-0.00851025516359638,0.009837408260490111,0.1194156105736024,-1.5358
2020-02-20,2981.8802,3031.3706,2968.4451,3030.1542,2975.4019,345732881.0,413761364.103,1.8402,0.0031401042230787546,1.0,0.00456262577097144,-0.006032635533930408,0.014639097860610857,-0.0015888006625451867,0.006161215376589091,0.009039527500708334,-0.07882196780137285,0.4563
2020-02-21,3022.2455,3058.898,3020.141,3039.6692,3030.1542,364557276.0,445062076.6843,0.314,-0.0027752690983611217,0.0,-0.00168680649744124,-0.004357735304724164,0.013275609903689227,0.004030617797851521,-0.005694472054878941,0.01389039048214454,0.07242789530723392,-0.1687
2020-02-24,3027.8925,3042.1821,3007.3557,3031.2333,3039.6692,370430044.0,451601363.0842,-0.2775,-0.005998614491335874,0.0,-0.010878635930973601,-0.018219632148866016,0.013077927512151416,-0.005748092299801999,-0.005160204965599768,0.007959314951994194,0.11428285893584622,-1.0879
2020-02-25,2982.0696,3016.9458,2943.7168,3013.0501,3031.2333,441622762.0,513128644.5509,-0.5999,-0.008337531460230307,0.0,-0.017867127860935694,-0.04072733515500926,0.013232597707419263,-0.007450342947935229,-0.01049497608405714,0.010697280474689206,0.14221111471951708,-1.7867
2020-02-26,2978.4195,3028.7788,2974.9423,2987.9287,3013.0501,469049552.0,495341447.2738,-0.8338,0.001137945493813186,1.0,0.0026975252117007464,-0.023137136671727787,0.013252137456365052,-0.0036721390200471493,0.006393140733295111,0.009209615791875523,-0.06080139997355971,0.2698
2020-02-27,2992.4919,3009.4575,2980.4774,2991.3288,2987.9287,350523658.0,395955641.5136,0.1138,-0.037115612299122636,0.0,-0.0073155957837715,-0.034687828705794566,0.011806546619338743,-0.015369295543896988,0.00817941155366908,0.011012436959041359,0.05852115856389517,-0.7316
2020-02-28,2924.6407,2948.1261,2878.5443,2880.3038,2991.3288,401216914.0,432657775.0453,-3.7116,0.031464528151509574,1.0,0.0030764343926859006,-0.030082045234262833,0.010196592788534893,-0.006267490595205705,0.00940285730763546,0.016092003106026244,0.03391333755394044,0.3076
2020-03-02,2899.31,2982.5068,2899.31,2970.9312,2880.3038,367333369.0,397244201.1803,3.1465,0.0073935067900596785,1.0,-0.024224175853722052,-0.04316848665320827,0.011568858203771232,-0.01977547760116083,-0.004538448233955883,0.012104432565979853,0.41360475611362624,-2.4224
2020-03-03,3006.8888,3026.842,2976.623,2992.8968,2970.9312,410108047.0,447053681.5437,0.7394,0.00627114840712184,1.0,0.0061902194150538215,-0.019730896227118655,0.01165278267021281,-0.001997709140437842,0.008204318397345256,0.011411435086125386,-0.37131278464812567,0.619
2020-03-04,2981.806,3012.0035,2974.3583,3011.6657,2992.8968,353338278.0,389893917.4548,0.6271,0.019926315194943367,1.0,-0.0002609190435910458,-0.022623165755842667,0.011296085525601548,0.004847541123275567,-0.005083816158972687,0.011195937269889204,-0.030082096699501903,-0.0261
2020-03-05,3036.1545,3074.2571,3022.9262,3071.6771,3011.6657,445425806.0,482770471.394,1.9926,-0.012099513975606269,0.0,-0.0023873094812899565,-0.01777087549711598,0.011243449085850094,0.001397764945698654,-0.0037797911673929097,0.012710378081341251,-0.08762844673136705,-0.2387
2020-03-06,3039.9395,3052.4439,3029.4632,3034.5113,3071.6771,362061533.0,377388542.6624,-1.21,-0.030061051346225054,0.0,0.02081452760975777,-0.00040143965596439735,0.01057759173146677,0.004808544863162956,0.015929385581384015,0.01869493903418003,0.2539419460467158,2.0815
2020-03-09,2987.1805,2989.2051,2940.7138,2943.2907,3034.5113,414560736.0,438143854.6098,-3.0061,0.018167114787540406,1.0,-0.023206926811883077,0.0006406446553817169,0.011658907957264843,-0.013825903966210196,-0.009512542342575814,0.012125357751662711,0.047858785448571695,-2.3207
2020-03-10,2918.9347,3000.2963,2904.7989,2996.7618,2943.2907,393296648.0,425017184.7909,1.8167,-0.009424973316197516,0.0,-0.042307873239689764,-0.04758996001776994,0.014699205852773654,-0.03872959730627257,-0.0037224447183539233,0.014261854377631944,0.5696023616748693,-4.2308
2020-03-11,3001.7616,3010.0286,2968.5174,2968.5174,2996.7618,352470970.0,378766618.9683,-0.9425,-0.015169794861232822,0.0,0.014059246515439439,-0.03394773104780635,0.014791322414237326,0.0097929510879593,0.004224920982943692,0.023946844426979353,-0.371709745127097,1.4059
2020-03-12,2936.0163,2944.4651,2906.2838,2923.4856,2968.5174,307778457.0,328209202.3778,-1.517,-0.01233428343207843,0.0,-0.0063365141925708635,-0.037771998930671735,0.014489897665080298,0.002656295104343842,-0.008968985025899379,0.013895829912048812,-0.2050572967680271,-0.6337
2020-03-13,2804.2322,2910.8812,2799.9841,2887.4265,2923.4856,366450436.0,393019665.228,-1.2334,-0.034000103552419336,0.0,-0.03656286697519506,-0.09185639350460084,0.016128535932010097,-0.022746863953588492,-0.014137588831385828,0.021391024988100225,0.3553894144254208,-3.6563
2020-03-16,2897.3009,2898.0349,2784.6616,2789.2537,2887.4265,351878665.0,375627000.7942,-3.4,-0.0034464416055091096,0.0,-0.011360368784161579,-0.0808424170267188,0.016002597386503455,-0.07362478284854168,0.06721295314423359,0.06849953535861306,0.3823968831588722,-1.136
2020-03-17,2796.284,2826.9068,2715.2213,2779.6407,2789.2537,306149677.0,323012822.7991,-0.3446,-0.018306106972746483,0.0,-0.040333858862701244,-0.07894783083058377,0.017336353443873763,-0.02975503174605154,-0.010903253778978494,0.032841632577994044,-0.30095409107737225,-4.0334
2020-03-18,2792.3221,2815.8737,2728.7563,2728.7563,2779.6407,291159852.0,318611391.5594,-1.8306,-0.009757815309487272,0.0,0.008678621739826031,-0.08383495763120696,0.017732717424649817,-0.002679984061444096,0.011389128484081246,0.03142358273242181,-0.11148598040369073,0.8679
2020-03-19,2719.4063,2736.82,2646.8048,2702.1296,2728.7563,302302747.0,330518008.4898,-0.9758,0.01609419474180651,1.0,-0.04177790921748148,-0.1165121845177538,0.01895804797940563,-0.010333252664125658,-0.03177297472912277,0.05405882891522557,0.14773354727622845,-4.1778
2020-03-20,2727.0186,2751.8964,2702.4933,2745.6182,2702.1296,252019507.0,281583369.6644,1.6094,-0.031122608380145578,0.0,-0.026139184687477224,-0.10695349513576613,0.01914396745195063,-0.003159903498233807,-0.023052123675487257,0.05567423386695217,0.2886643854237576,-2.6139
2020-03-23,2677.591,2703.3295,2656.5008,2660.1674,2745.6182,249820250.0,268423241.9737,-3.1123,0.02340856443846362,1.0,0.0504829074219002,-0.05108994291577673,0.023675401705472672,0.0201855164163649,0.029697923091441147,0.030297391005535437,-0.21750294613323184,5.0483
2020-03-24,2703.0193,2723.4066,2667.1333,2722.4381,2660.1674,257021930.0,278999306.6432,2.3409,0.021728023862140455,1.0,-0.04862690620989096,-0.05929004052711695,0.025248795770673644,-0.05023093548934521,0.0016888624186559564,0.017748684831925623,,-4.8627
2020-03-25,2775.3032,2788.6354,2757.8016,2781.5913,2722.4381,273144466.0,293191204.3987,2.1728,-0.005996711306941571,0.0,0.04458675349013852,-0.025801537414679276,0.027969496049741374,0.03693930668741374,0.007375018724244509,0.01704267074358415,,4.4587
2020-03-26,2761.8961,2788.5038,2753.4282,2764.9109,2781.5913,234084022.0,248279785.0007,-0.5997,0.0026374810124984993,1.0,0.03810975273446404,0.055418086096155506,0.029823549017098414,0.026139839892267203,0.011664991823583826,0.02238048950095511,-0.002407888222140997,3.811
2020-03-27,2792.9843,2805.5479,2771.7563,2772.2033,2764.9109,240764066.0,253630725.8923,0.2637,-0.009014310025530992,0.0,-0.007431826750240789,0.07569211663479836,0.029749996999956434,0.0033000116035957205,-0.010696539648877068,0.018751070569838706,-0.3583620757250703,-0.7432
2020-03-30,2739.7191,2759.0989,2723.0543,2747.2138,2772.2033,239706604.0,250687144.2328,-0.9014,0.00112200950650454,1.0,0.005649969125149701,0.029783289417660175,0.029557406045420603,0.01781705816205137,-0.01195410210443193,0.01872146431578173,-0.1357543801070289,0.565
2020-03-31,2767.3072,2771.1683,2743.1154,2750.2962,2747.2138,218598674.0,224271061.5691,0.1122,-0.005735636765232921,0.0,-0.013164976741888545,0.06816791750418161,0.02949169365486291,-0.019733626068161314,0.006700882026510868,0.02206497282437429,0.1491305600404882,-1.3165
2020-04-01,2743.5409,2773.3641,2731.0794,2734.5215,2750.2962,217253427.0,225624646.5716,-0.5736,0.016864522732770837,1.0,0.018484054660366178,0.041475959792600214,0.02997344982521774,0.018906490627228933,-0.0004145973852838214,0.016806392720465965,0.11907412992158761,1.8484
2020-04-02,2720.2284,2780.6379,2719.9043,2780.6379,2734.5215,217864600.0,233111575.7112,1.6865,-0.005988014476822068,0.0,-0.02193278279304567,-0.018761271533064394,0.030203642727585335,-0.010065464922968892,-0.01198798248729993,0.02509672302558771,0.0012685224278392582,-2.1933
2020-04-03,2773.5764,2780.5868,2754.0731,2763.9874,2780.6379,200837404.0,214062212.0382,-0.5988,0.020541338213046823,1.0,0.008415133291951538,-0.003095193029906129,0.02974993890430324,-0.010704420338225495,0.01932643188066563,0.022694913191188184,-0.11740915299791865,0.8415
2020-04-07,2806.9676,2823.2767,2801.8386,2820.7634,2763.9874,270198186.0,286627794.3281,2.0541,-0.0019125319053699963,0.0,0.022078136142409388,0.02476838297639139,0.028774659541877697,0.013888727502150866,0.008077226245955194,0.02416325279919914,-0.01975626325755364,2.2078
2020-04-08,2805.9166,2823.2139,2800.2963,2815.3686,2820.7634,243515305.0,253159668.0523,-0.1913,0.003741961176948694,1.0,0.021228997116524928,0.027530262486718193,0.029032059094738716,0.014481799746685287,0.0066508806481537786,0.01962093753368544,0.3236879558505432,2.1229
2020-04-09,2825.8393,2832.395,2820.4326,2825.9036,2815.3686,238184843.0,247392988.0286,0.3742,-0.010358598219698756,0.0,-0.01166522150190763,0.03831707730166478,0.029099367551510547,-0.0025551172645030817,-0.009133441250828822,0.012118768216600644,-0.3199776371621148,-1.1665
2020-04-10,2827.1873,2833.0148,2789.9756,2796.6312,2825.9036,233454768.0,246376307.2367,-1.0359,-0.004857129534991955,0.0,,,,,,,,
2020-04-13,2784.5979,2792.8906,2774.0808,2783.0476,2796.6312,177124554.0,184120284.1397,-0.4857,0.015894589801482395,1.0,,,,,,,,
2020-04-14,2794.801,2827.2981,2789.4279,2827.283,2783.0476,202696569.0,223605697.2889,1.5895,-0.005697660969913421,0.0,0.013765327777585545,0.043825917974438244,0.028127481771887855,0.008800448220031676,0.004921567557106155,0.010993155299646956,-0.06480864601520331,1.3765
2020-04-15,2826.6618,2829.7503,2808.7039,2811.1741,2827.283,205621146.0,231631632.235,-0.5698,0.003116455860915801,1.0,0.005558360730080647,0.051613200316231955,0.028010677417378945,0.0019456525899030908,0.003605692714808484,0.010833597733034835,0.1726372056325065,0.5558
2020-04-16,2798.4295,2823.3382,2796.8388,2819.935,2811.1741,203003773.0,222432600.8657,0.3116,0.006581534680763834,1.0,-0.011870482987796471,0.016683565538428313,0.026469854104341606,0.0026379760511388017,-0.014470286768985652,0.020998223888293154,-0.07272344008502607,-1.187
2020-04-17,2835.5581,2854.9599,2830.0217,2838.4945,2819.935,245736750.0,280025229.1395,0.6582,0.0049527311044641475,1.0,-0.005752248674071203,-0.01017758827771409,0.026492887571777996,-0.004965347350668892,-0.0007908280594119965,0.010276102966452283,-0.021819913569755656,-0.5752
2020-04-20,2840.4085,2852.99,2833.2615,2852.5528,2838.4945,211847078.0,233759313.1926,0.4953,-0.008953208508533095,0.0,0.015560401475436691,0.017089014479125808,0.0245479347516761,0.018802446842411058,-0.0031822119950952743,0.014906827123543905,0.03792440094207272,1.556
2020-04-21,2842.2372,2842.2372,2808.0214,2827.0133,2852.5528,233235870.0,248688585.7356,-0.8953,0.0060017757963855,1.0,-0.0020500410172271666,0.0012217941073227045,0.02352090394257381,0.0050680885972109735,-0.007082236213839965,0.011403199343724447,-0.3429189085262081,-0.205
2020-04-22,2814.0661,2843.9804,2808.4819,2843.9804,2827.0133,217320000.0,232796777.7502,0.6002,-0.001927228471757303,0.0,-0.02204971471457895,-0.02626721887098238,0.021828372083719325,-0.0033777201991613826,-0.018735277039109488,0.023498131115387455,0.45189417029389567,-2.205
2020-04-23,2850.5104,2853.6357,2835.8961,2838.4994,2843.9804,248779037.0,262662040.5318,-0.1927,-0.010558430979411115,0.0,0.0041948343143416444,-0.010435968182680333,0.018235744236740865,-0.010633554051412974,0.0149877615381806,0.019164017139098603,-0.25857197085063,0.4195
2020-04-24,2834.9387,2834.9387,2802.4989,2808.5293,2838.4994,235185076.0,244122291.4768,-1.0558,0.002480088066020958,1.0,0.0035139469710412374,-0.0012134238923289242,0.01567488955176391,0.0037788741307209772,-0.00026392980217782025,0.01262191671661088,0.08388186428334876,0.3514
2020-04-27,2812.2422,2832.6662,2802.9579,2815.4947,2808.5293,210130981.0,225293706.2885,0.248,-0.0019429622794175927,0.0,-0.006088670460251522,-0.022504922067268174,0.013406728408351262,-0.0055373160970451085,-0.0005544243862852793,0.009453933967599241,-0.33208027341977164,-0.6089
2020-04-28,2819.9914,2821.745,2758.2459,2810.0243,2815.4947,253872745.0,270534752.6151,-0.1943,0.004419214453056375,1.0,0.018832771817603122,-0.002050142170043512,0.013844603367662895,0.008364199564186992,0.010381737330560137,0.01209626151792621,0.20179471409420557,1.8833
2020-04-29,2801.383,2831.7642,2800.7379,2822.4424,2810.0243,202061807.0,222720221.7279,0.4419,0.013335896597925334,1.0,0.012183620028550113,0.03288328139348695,0.014010337378850001,0.0049826730817861264,0.007165244874005827,0.01671242422819633,0.057843247261118336,1.2184
2020-04-30,2832.3843,2865.59,2832.3843,2860.0822,2822.4424,242455278.0,277440934.0071,1.3336,0.006313804547295909,1.0,,,,,,,,
2020-05-06,2831.6326,2879.2634,2830.6536,2878.1402,2860.0822,249826616.0,303890031.0049,0.6314,-0.002299054090554642,0.0,0.010792841474053239,0.0015664253736571432,0.015647469813378518,0.00601216237962543,0.0047521086456048245,0.009764205676341788,-0.6513387978140184,1.0793
2020-05-07,2876.4727,2882.0222,2864.5813,2871.5232,2878.1402,226736957.0,268607485.2836,-0.2299,0.00829566691294703,1.0,0.011262467185003233,-0.005875583913437121,0.015723723699248494,-2.6813403014691595e-05,0.011289583300164718,0.015376229750643663,0.3491693193086558,1.1262
2020-05-08,2882.7078,2903.7967,2879.2034,2895.3444,2871.5232,226822075.0,276562716.9503,0.8296,-0.0001873352268558781,0.0,-0.006498192851946416,-0.02422407914075375,0.015816142322267055,-0.0006906271905765538,-0.005811579296051805,0.008588717629180898,-0.3611748492615856,-0.6498
2020-05-11,2901.5739,2914.2838,2884.3806,2894.802,2895.3444,225120410.0,271930641.5124,-0.0187,-0.0011211820359389169,0.0,0.010405898427188864,-0.016775964865508697,0.015228996307325769,0.008870909563259977,0.0015214918473498429,0.006947690698701435,-0.0331515726041367,1.0406
2020-05-12,2894.6171,2897.9018,2871.23,2891.5564,2894.802,197082985.0,238476218.839,-0.1121,0.0022455380776942313,1.0,0.015348220833778736,0.04185095156222207,0.014872794922681256,0.009905419565772844,0.0053894168330597125,0.01224300118406109,0.13495239118436508,1.5348
2020-05-13,2882.9552,2900.2587,2875.5354,2898.0495,2891.5564,185061310.0,223866906.9235,0.2246,-0.009560671755261652,0.0,-0.014485778833154717,0.015795608132169958,0.015010156775436878,-0.009920307486446345,-0.004611216027588405,0.01117142223049615,0.014588311947681731,-1.4486
2020-05-14,2887.0577,2887.0577,2869.1832,2870.3422,2898.0495,197776202.0,237336974.703,-0.9561,-0.0006561935367845884,0.0,-0.002696562851609019,0.0017740045771141855,0.014703020482879322,-0.0055271702010420976,0.0028463395525901714,0.014057349597949067,-0.08501364591598914,-0.2697
2020-05-15,2880.7067,2884.2199,2863.3698,2868.4587,2870.3422,188983592.0,246878191.0805,-0.0656,0.0024260066913286416,1.0,-0.01449775230249406,-0.00629216163211721,0.01497508593049946,-0.005882061016612705,-0.008666669162707197,0.012031281663172015,0.2225091812076876,-1.4498
2020-05-18,2872.5244,2889.9795,2862.2709,2875.4176,2868.4587,226022882.0,289089595.5434,0.2426,0.00805392580194253,1.0,-0.0013541901841984672,-0.017857901946209953,0.014761829110717505,0.0002073039823347056,-0.0015611705296650902,0.013156249291851206,-0.11752235244507148,-0.1354
2020-05-19,2897.6867,2900.2187,2887.5768,2898.576,2875.4176,197222405.0,256277803.0718,0.8054,-0.005119134361148414,0.0,0.005769520877639378,-0.027123338452145873,0.0147758417667019,-0.002554893440353201,0.008345736786162572,0.00965985039586145,0.08604581504582676,0.577
2020-05-20,2896.4657,2896.4657,2876.1766,2883.7378,2898.576,210519985.0,269176553.6247,-0.5119,-0.005483889693438826,0.0,0.018941481367901192,0.005875273450775653,0.014981687196943322,0.023178831465687777,-0.004141358252805705,0.009947870817225255,0.20676527099402442,1.8941
2020-05-21,2890.7213,2891.5177,2864.2073,2867.9237,2883.7378,203532038.0,250569937.5528,-0.5484,-0.018884149532987782,0.0,0.00048466200565600026,0.009083840977986313,0.014973042652062698,0.003065835715981624,-0.0025732844429728896,0.008164627628276501,-0.3454884364948452,0.0485
2020-05-22,2863.0462,2863.0462,2808.0177,2813.7654,2867.9237,209063712.0,245229603.6979,-1.8884,0.0014941899562770367,1.0,-0.004914764169598795,0.018896135669125957,0.014094277076623234,0.005285256732083354,-0.010146394601309283,0.013145518740817092,0.029126880638361996,-0.4915
2020-05-25,2816.241,2821.4978,2802.4653,2817.9697,2813.7654,172885557.0,202115352.6273,0.1494,0.01014120201505353,1.0,-0.055596718784943766,-0.03644631130956366,0.018920140696601397,-0.021545278156575587,-0.034801243090957557,0.036188176044263595,0.9149676698727678,-5.5597
2020-05-26,2827.8967,2848.3371,2825.901,2846.5473,2817.9697,174562369.0,207427833.7106,1.0141,-0.0034229889663172086,0.0,0.0009637969938256497,-0.041050321352576136,0.018890434478480926,-0.008915776353742189,0.009968449816727398,0.019577726084533367,-0.7327506847547376,0.0964
2020-05-27,2847.3198,2848.9965,2831.9281,2836.8036,2846.5473,198149343.0,227934395.7394,-0.3423,0.003319968996091216,1.0,0.01883999121654356,-0.04114583610961564,0.019422035235920804,0.010722265016399168,0.008031609158241526,0.01376728371609908,-0.21896567205746464,1.884
2020-05-28,2838.2072,2861.9241,2820.1455,2846.2217,2836.8036,207546019.0,239234260.6359,0.332,0.0021535567661508104,1.0,-0.0035621642563971045,-0.0450242725907225,0.01887057176368319,0.005579726196575097,-0.009091164245673133,0.01627263342721249,0.2567481984874629,-0.3562
2020-05-29,2835.584,2855.3756,2829.6271,2852.3512,2846.2217,206792804.0,233798996.6427,0.2154,0.02211505371428313,1.0,-0.007235629164992985,-0.04725158906311078,0.01860647562709232,-0.004060278026690289,-0.0031882965085590076,0.028027977766104644,0.2490882919547559,-0.7236
2020-06-01,2871.9641,2917.1508,2871.9641,2915.4311,2852.3512,260196050.0,307416215.1478,2.2115,0.002046661298221064,1.0,-0.007404650374620125,0.0013663239735999255,0.01858402601806331,-0.015201385394565836,0.007917085690732462,0.013342981987449827,0.42956237816387066,-0.7405
2020-06-02,2916.3168,2926.3588,2909.1277,2921.398,2915.4311,256108049.0,294402745.8878,0.2047,0.0006753958207679212,1.0,0.03358016712344636,0.03399581043070299,0.018014678940600933,0.025191766903425616,0.008182274273775825,0.011602480154798445,-0.3432893672139734,3.358
2020-06-03,2930.3906,2942.7597,2922.6612,2923.3711,2921.398,255663980.0,300447817.0073,0.0675,-0.001409502885213576,0.0,0.011099537680785643,0.026140213285119396,0.01802411303613221,0.002516378370269967,0.008561615047595117,0.009682494737179078,-0.3484296121807944,1.11
2020-06-04,2931.8376,2932.9677,2910.7516,2919.2506,2923.3711,226605873.0,254345984.48,-0.141,0.0039560495423038855,1.0,0.013738990845951538,0.04395709091658162,0.018110802110921646,0.012819668660615235,0.0009076859521814917,0.006003098857556706,0.3030299218184602,1.3739
2020-06-05,2923.1891,2930.7993,2909.1181,2930.7993,2919.2506,217360673.0,253141142.4776,0.3956,0.002378839110545705,1.0,0.001672310921571496,0.053324376339010104,0.01803553099159037,0.013081680960238762,-0.011262043577624281,0.01807723708583796,-0.26219432783023144,0.1672
2020-06-08,2941.9816,2950.0656,2934.2103,2937.7712,2930.7993,231124360.0,274611815.611,0.2379,0.0062429640538377296,1.0,0.016584791289609102,0.07878154142570137,0.01825750226217172,0.0008979615288329246,0.015672756228632068,0.022845487414995296,0.23849524999583416,1.6585
2020-06-09,2939.5351,2957.1186,2932.9385,2956.1116,2937.7712,209048585.0,251414696.2396,0.6243,-0.004180863807712876,0.0,0.00025675796242374815,0.04400080564558673,0.017954102130094535,0.00999741223500128,-0.009644236860986366,0.013735339867204441,-0.12143868995781659,0.0257
2020-06-10,2951.2784,2951.3298,2934.8428,2943.7525,2956.1116,207925969.0,243968496.5381,-0.4181,-0.007764137779925462,0.0,0.011319070242004958,0.04422748181567382,0.0177458012798475,0.005216176281250373,0.006071225378934786,0.016787498935494766,0.03696285380235409,1.1319
2020-06-11,2939.7914,2952.651,2912.1932,2920.8968,2943.7525,233722947.0,289023256.107,-0.7764,-0.0003957688611251342,0.0,-0.0002989158414221649,0.029767381057502318,0.017721912477091022,0.004861273517173803,-0.0051352256222737536,0.013388556272403705,-0.11128185204056784,-0.0299
2020-06-12,2876.8029,2930.255,2872.6165,2919.7408,2920.8968,236008642.0,274321726.179,-0.0396,-0.010175629288736832,0.0,-0.022737969630810317,0.004672436931335566,0.018212667623241443,-0.0020714794131513337,-0.02070938929123467,0.023120808088550188,-0.06951896580835637,-2.2738
2020-06-15,2908.2767,2922.5364,2890.0306,2890.0306,2919.7408,243205046.0,293361556.8336,-1.0176,0.014435383486943065,1.0,-0.007302651331793308,-0.01893509231377266,0.018310166760733694,-0.02285320964128079,0.015914250001045183,0.01726664256550725,-0.007882496113547077,-0.7303
2020-06-16,2912.8251,2931.7791,2909.1341,2931.7493,2890.0306,223313065.0,270948558.455,1.4435,0.0014065663800106876,1.0,-0.021580255936082704,-0.04035312108882638,0.018961430973545315,-0.012756477204175276,-0.008937793490828794,0.022962070466780157,0.14277938865417283,-2.158
2020-06-17,2932.6708,2936.6162,2919.0353,2935.873,2931.7493,234654391.0,278007110.7296,0.1407,0.0011724280988993918,1.0,0.023852512622518862,-0.028460060613268445,0.01925136522001776,0.02276154006296016,0.0010666929844580508,0.009779218949444753,-0.26687490090843013,2.3853
2020-06-18,2929.8799,2942.8983,2920.1054,2939.3151,2935.873,258691377.0,289367727.8042,0.1172,0.009634557383793485,1.0,0.005640794131142268,-0.022687669687457723,0.01929144025317183,0.0007928002237913567,0.004844153461402545,0.013809922654738734,-0.23170633057273982,0.5641
2020-06-19,2938.7887,2973.3164,2935.8239,2967.6341,2939.3151,264313961.0,319089106.6317,0.9635,-0.0007960550123077281,0.0,-0.0006727553682570608,-0.0006213197223057243,0.019253842111534986,-0.0038845801773671473,0.003224350055420322,0.01401267328965118,0.3485449043556894,-0.0673
2020-06-22,2966.9008,2983.4382,2959.035,2965.2717,2967.6341,267883834.0,346028748.3591,-0.0796,0.0018037470225746866,1.0,0.0073145489014074805,0.014094261313555068,0.014026148934148032,-0.003743315945185177,0.011099413457972052,0.018074027567613095,0.27735311751348846,0.7315
2020-06-23,2960.8875,2972.4025,2949.8469,2970.6203,2965.2717,225212208.0,305378770.5299,0.1804,0.0030061734917787852,1.0,-0.0053786151455796904,0.030886636006720813,0.014162386555047144,-0.004681079164044366,-0.000700816559329076,0.009648639074431937,-0.3937547649123889,-0.5379
2020-06-24,2972.9827,2982.9425,2971.2235,2979.5505,2970.6203,213200732.0,297008784.1324,0.3006,-0.006052624380758043,0.0,0.016155787484486872,0.023137032437852367,0.014020236541053818,0.0012280030385936058,0.014909475564596208,0.02947452077283409,-0.04001390527441551,1.6156
2020-06-29,2973.0757,2977.9122,2951.7702,2961.5164,2979.5505,220622729.0,293886016.0053,-0.6053,0.007819541367388716,1.0,-0.009345247558872338,0.003476403375606285,0.01415200077659844,-0.0033734733620698343,-0.0059919880087359045,0.00882954194203926,0.05260772937830538,-0.9345
2020-06-30,2965.1054,2990.8253,2965.1054,2984.6741,2961.5164,214957214.0,297312328.4138,0.782,0.01383966845827489,1.0,-0.010130757690736458,-0.013902431799525217,0.014270849579739373,0.003162934078588142,-0.013251777271391041,0.019512024241150422,0.1958910001891745,-1.0131
2020-07-01,2991.1813,3026.1862,2984.9841,3025.981,2984.6741,273313140.0,369883802.2967,1.384,0.021344582137164725,1.0,,,,,,,,
2020-07-02,3023.7189,3092.4432,3021.6736,3090.5693,3025.981,391127996.0,478216482.3464,2.1345,0.020139752245646125,1.0,0.005181208561853445,-0.003433104840453449,0.012344045804154869,0.006870419994337906,-0.001677685031698406,0.013449497310429746,0.030294802483469496,0.5181
2020-07-03,3103.9952,3152.8126,3103.9952,3152.8126,3090.5693,458793851.0,535489334.7352,2.014,0.057113480198601074,1.0,0.02853377731945428,0.008706268915106952,0.013607374706589247,0.005583122741502411,0.022823229685261515,0.022950654577951823,0.372538934476605,2.8534
2020-07-06,3187.8393,3337.2723,3187.8393,3332.8807,3152.8126,643878906.0,724153675.7008,5.7113,0.0037373674971323823,1.0,0.009907981113022934,0.02387014871529569,0.013465396932895581,0.007765026454584323,0.0021264427740441683,0.01078562134739481,-0.16853189675180147,0.9908
2020-07-07,3380.9536,3407.0811,3336.2416,3345.3369,3332.8807,657840159.0,793638372.4248,0.3737,0.017368415121358893,1.0,0.038073362676722455,0.07287864475708528,0.015670402189935727,0.006795380307979437,0.031066871164203258,0.035882855557377226,0.7440256210029546,3.8073
2020-07-08,3337.5518,3421.5312,3327.7062,3403.4401,3345.3369,587081685.0,696807634.5379,1.7368,0.013854629026672116,1.0,-0.01380074383541463,0.06890089740128924,0.015859547175650336,0.008805140330975014,-0.022408573531824905,0.03306407645498176,-0.2213188240434878,-1.3801
2020-07-09,3403.4832,3456.9721,3393.6379,3450.5935,3403.4401,620001823.0,751406830.3951,1.3855,-0.019495573732460802,0.0,0.00591014819257718,0.06967604542315353,0.01586789715714301,0.003963325667182271,0.0019391370935797347,0.01732622000749938,-0.41569174220595784,0.591
2020-07-10,3418.9347,3433.1085,3372.5066,3383.3222,3450.5935,556120011.0,703197550.4445,-1.9496,0.017723437631804728,1.0,0.0030992170439332334,0.04322408005989442,0.015741019967680077,0.00849433468635441,-0.005349675706506796,0.01370842866098357,-0.05164542850988596,0.3099
2020-07-13,3379.3867,3458.7914,3369.0378,3443.2863,3383.3222,558006875.0,717397053.0992,1.7723,-0.008325680034216298,0.0,-0.01841843010496691,0.013963202002749364,0.01640985613255627,-0.010621072133859544,-0.007881063313046721,0.021653816687879787,-0.1353716263372533,-1.8418
2020-07-14,3435.0237,3451.2224,3366.0828,3414.6186,3443.2863,543211492.0,707327005.1573,-0.8326,-0.015613515371819209,0.0,0.0017378352504195949,-0.021528401057588797,0.015391106742753428,0.0047183140471582785,-0.0029664820030330663,0.015104513046591108,-0.00696206594912141,0.1738
2020-07-15,3422.0778,3432.4506,3345.7488,3361.3044,3414.6186,492030542.0,674727409.7863,-1.5614,-0.04498426265708044,0.0,-0.011416600574574387,-0.019162939459478667,0.015558217774619569,-0.0042278244863053205,-0.007219298013183106,0.015863654212381447,0.02460463690249881,-1.1417
2020-07-16,3356.359,3373.5317,3209.7272,3210.0986,3361.3044,490613123.0,679468340.6485,-4.4984,0.001255444303175146,1.0,0.00014483145974808487,-0.024784551218216544,0.014513208063399242,0.016127316665548008,-0.015728821520365033,0.02313456883595927,-0.16463639803881946,0.0145
2020-07-17,3214.4022,3252.7786,3181.2745,3214.1287,3210.0986,359652413.0,486536118.2688,0.1255,0.03111894679264071,1.0,-0.020049384692786054,-0.04728967698022446,0.014603338825577543,0.0026615304074550927,-0.0226506297603859,0.025765278291220592,0.0453175005150932,-2.0049
2020-07-20,3243.9105,3314.149,3220.684,3314.149,3214.1287,418555306.0,544045656.2323,3.1119,0.0020354244785010245,1.0,0.004744762759859578,-0.024807782827731217,0.014590922161010239,0.006862846000651235,-0.0021036462406025525,0.00995927625548202,-0.3508125033378686,0.4745
2020-07-21,3330.5467,3336.6791,3300.5719,3320.8947,3314.149,359252029.0,488862180.3705,0.2035,0.003694426083428848,1.0,-0.0012427672976027537,-0.02770940070122274,0.0145955900345704,-0.0027729095860883346,0.0015343970327263978,0.018172781323575166,0.19182973669228076,-0.1243
2020-07-22,3315.1816,3381.9757,3311.7862,3333.1635,3320.8947,393335335.0,540577040.5936,0.3694,-0.002416113100962458,0.0,0.023053325506155797,0.006192428022885776,0.015342210473326607,0.014728635457193384,0.008203858409112197,0.01026738377659177,0.059704826313970116,2.3053
2020-07-23,3306.1489,3336.3002,3257.8269,3325.1102,3333.1635,407042499.0,546887089.7077,-0.2416,-0.038597758353993816,0.0,-0.022535795840637696,-0.016625342698529777,0.0162352163722774,-0.0023564831176572376,-0.02022697725339928,0.028152971290772353,0.3104586841686494,-2.2536
2020-07-24,3310.6449,3319.1268,3184.9645,3196.7684,3325.1102,427054026.0,584311865.0166,-3.8598,0.0026459220505308245,1.0,0.008183434073192108,0.011706124260082662,0.015944672101899985,0.007101940542598495,0.0010738669910721477,0.014126859590213786,-0.2242115462495633,0.8183
2020-07-27,3210.3863,3221.9846,3174.6583,3205.2268,3196.7684,299319021.0,402231919.2889,0.2646,0.007092665018275879,1.0,-0.02207457546609659,-0.015299031414749753,0.016711088034397872,-0.008797054981593666,-0.013395360204722095,0.019896291018485508,0.4613624750780865,-2.2075
2020-07-28,3226.1329,3245.2967,3208.4939,3227.9604,3205.2268,289377861.0,389873696.2147,0.7093,0.020629652086190386,1.0,-0.004131497130376416,-0.01814710597298519,0.01659828299384175,0.008282828037512457,-0.012312344138649789,0.018034569868121544,-0.7088771756052008,-0.4132
2020-07-29,3221.9883,3294.5521,3209.9902,3294.5521,3227.9604,324924062.0,453094399.5155,2.063,-0.0023463280486594185,0.0,0.006889330926064252,-0.03366014372167525,0.016474519372825396,0.01379817146183071,-0.006814808637703895,0.01220935762171367,-0.0932676069308016,0.6889
2020-07-30,3299.5718,3312.4508,3282.1617,3286.822,3294.5521,340704121.0,476974005.6088,-0.2346,0.007053774131972945,1.0,0.004455700535588303,-0.0069758328098797895,0.016465832006498614,-0.002512840716981102,0.006986096199552483,0.009443033396359561,-0.22904966381291203,0.4456
2020-07-31,3280.7959,3333.7859,3261.6135,3310.0065,3286.822,353758979.0,495778040.7022,0.7054,0.01751032815192355,1.0,-0.006934414225857277,-0.021866365831453072,0.015212648404102845,0.0038620527795125703,-0.010754930894614989,0.02335959207720577,0.49916336968096253,-0.6934
2020-08-03,3332.1826,3368.1028,3327.6773,3367.9658,3310.0065,407460867.0,572430759.8247,1.751,0.0011050290356273695,1.0,-0.004663587554971427,-0.004451670955215037,0.015024618204045043,0.0014851931904500404,-0.0061396621609882684,0.01635169374749845,-0.0092850742705064,-0.4664
2020-08-04,3376.4402,3391.0743,3352.5017,3371.6875,3367.9658,442328551.0,604942141.5213,0.1105,0.0017431330750552476,1.0,-0.005579103367099769,-0.005898811783478952,0.011807280820825621,-0.0011603819421149852,-0.0044238547861932265,0.01611280181009822,0.13233901511107327,-0.5579
2020-08-05,3363.3324,3383.6365,3333.877,3377.5648,3371.6875,385823027.0,526515054.6575,0.1743,0.002634531245707006,1.0,0.019972908803739253,0.007018596232313268,0.012660634490493063,0.008441773757846383,0.011434606683262682,0.021382256125059486,-0.05415869081424418,1.9973
2020-08-06,3380.7621,3392.7048,3334.3341,3386.4631,3377.5648,415302510.0,570488248.0652,0.2635,-0.00957574290415275,0.0,0.006249741949112986,0.008817215190687344,0.012671943283374999,0.0033174821609169847,0.002922564233487135,0.011982780840538393,-0.25468316767990196,0.625
2020-08-07,3370.5878,3374.133,3307.7127,3354.0352,3386.4631,403929633.0,561435649.5505,-0.9576,0.007518466115084221,1.0,-0.0068503027980435505,0.008902660762045711,0.012659583423291026,0.00393984035081707,-0.010747798538496056,0.0223224422707821,0.07698290321361867,-0.685
2020-08-10,3341.5276,3399.9323,3335.0427,3379.2524,3354.0352,381379630.0,527083944.5847,0.7518,-0.011529887498193392,0.0,-0.016002836676884513,-0.0025911401951994595,0.012509582706122045,-0.0008507623970241962,-0.015164976071253555,0.029745798132253563,0.008706845872207936,-1.6003
2020-08-11,3379.4874,3409.0589,3336.0945,3340.29,3379.2524,400452706.0,514020764.1014,-1.153,-0.00629418403791282,0.0,-0.0062853574284942315,-0.003299516357137766,0.01250184112822068,-0.006310223295485584,2.5023772584065185e-05,0.010734717071273735,-0.24805088354803395,-0.6285
2020-08-12,3327.4929,3335.729,3263.2653,3319.2656,3340.29,378328959.0,480731246.0785,-0.6294,0.0004400069702164,1.0,0.021054311303529527,-0.00224278790361665,0.01338779721716368,0.01167514377028267,0.009270928114624821,0.015158693923026292,0.25929018004781845,2.1054
2020-08-13,3328.1754,3338.1518,3309.4629,3320.7261,3319.2656,324291278.0,387162288.5983,0.044,0.011856653880607748,1.0,0.01419567484697093,0.0056360830417958585,0.013817238820574356,-0.0008858737487283941,0.015094920789765931,0.0243609254548289,0.07997990080192352,1.4196
2020-08-14,3315.6687,3362.0267,3302.7357,3360.0988,3320.7261,305998376.0,367467421.74,1.1857,0.023422585073986424,1.0,-0.0005288381169085143,0.012037024409379926,0.01302102307332859,0.00974488215426872,-0.010174570282800999,0.013688786492801119,-0.0015622615865407141,-0.0529
2020-08-17,3373.9018,3450.8987,3369.3742,3438.801,3360.0988,434598260.0,537425075.0533,2.3423,0.00357345481753657,1.0,-0.0018889708438182273,0.026553077212185805,0.012994309619076098,-0.006270939297291611,0.004409620918577772,0.013395601464408182,-0.20848205356583627,-0.1889
2020-08-18,3441.9337,3456.7206,3432.6402,3451.0894,3438.801,380729275.0,493052155.3261,0.3573,-0.012448417012900337,0.0,0.006525431233200596,0.039787213008098066,0.013062730626514116,0.0011622915608580087,0.0053569133771320665,0.01689154711847382,0.3132312580987229,0.6525
2020-08-19,3444.5646,3454.4613,3406.1642,3408.1288,3451.0894,405722214.0,498262158.3163,-1.2448,-0.01297779590959125,0.0,0.0007906155044277163,0.019151746758224286,0.01195523643466757,0.004877434870877995,-0.004066982922126594,0.008406799293338084,-0.24235817009715177,0.0791
2020-08-20,3385.9645,3394.557,3352.7767,3363.8988,3408.1288,335600982.0,401815550.0958,-1.2978,0.004989359370739743,1.0,-0.007429620244581825,-0.002579224703514016,0.010919291605425997,-0.0003291628855641715,-0.0071027953356259665,0.011954722955228266,-0.304187707096105,-0.743
2020-08-21,3380.2269,3393.9175,3358.0005,3380.6825,3363.8988,287488340.0,361281752.6648,0.4989,0.0014659170152773182,1.0,-0.015390658292992021,-0.017410556279321865,0.01128932077818549,-0.004907281530455498,-0.010535075343190092,0.017237839128063877,0.5667988826517778,-1.5391
2020-08-24,3391.1132,3396.5663,3368.0258,3385.6383,3380.6825,266227841.0,345683380.0148,0.1466,-0.0035621643339750486,0.0,0.013006531703143809,-0.0027466931077737566,0.010522430713976851,0.008702214760850424,0.004267182999408536,0.011815795725854835,-0.5001538775466283,1.3007
2020-08-25,3392.8797,3408.8697,3364.1602,3373.5781,3385.6383,277113421.0,355997790.7678,-0.3562,-0.01299489702046619,0.0,0.017430229706010714,0.00805765023075411,0.011072896085063441,0.00951467398056205,0.007840951627020143,0.009016144086288688,0.11093833686999233,1.743
2020-08-26,3371.8083,3382.6032,3320.1355,3329.7388,3373.5781,294451036.0,381928906.5543,-1.2995,0.006118798267299441,1.0,-0.0025579631474844655,0.004684756565321191,0.011052624263553981,0.0013858242817077482,-0.003938329596408163,0.010520680130152551,-0.0010553804884523288,-0.2558
2020-08-27,3333.4909,3351.8324,3312.9859,3350.1128,3329.7388,237099353.0,317153391.5245,0.6119,0.016027460329097076,1.0,0.0002185494749711303,0.012426272622603651,0.011033144858930782,0.001341509254805029,-0.0011214553371203806,0.009540057332943034,-0.023186752121272747,0.0219
2020-08-28,3346.2893,3405.8768,3339.6494,3403.8066,3350.1128,271325549.0,379367046.3713,1.6027,-0.002388237921625791,0.0,-0.008263052535738002,0.01975524567198539,0.011088981844564872,-0.0008638075239125742,-0.007405642061157125,0.01111534341056482,0.25383608740102304,-0.8263
2020-08-31,3416.5497,3442.7363,3395.4675,3395.6775,3403.8066,323473890.0,436930125.4162,-0.2388,0.004396560038460784,1.0,0.00557371796773487,0.012272914058543138,0.011040234279208238,0.0019627271702433724,0.0036039172911048745,0.019431078095735424,0.19388819566355764,0.5574
2020-09-01,3389.7424,3410.6068,3381.7108,3410.6068,3395.6775,246999249.0,326850955.3479,0.4397,-0.001702072487511641,0.0,-0.009637692618143512,-0.014657801983282592,0.011217187991427954,0.012211048199870511,-0.021585163347969893,0.026357423434607632,0.43644322589528173,-0.9638
2020-09-02,3420.4693,3421.3959,3377.2111,3404.8017,3410.6068,261546319.0,345638982.3295,-0.1702,-0.005821513775677523,0.0,0.0003098059542321341,-0.011824821413297215,0.010341220119620017,-0.003629495909965641,0.003953651626605881,0.010274833628244719,-0.6139008579570877,0.031
2020-09-03,3404.0319,3425.6294,3374.2634,3384.9806,3404.8017,255346279.0,350706563.8996,-0.5822,-0.00874864689032484,0.0,-0.002571387163314398,-0.014581165151603792,0.010272131958666608,0.0021842496580286586,-0.004745271962681263,0.012256971949406184,0.3065919241446391,-0.2571
2020-09-04,3336.4076,3360.1061,3328.5518,3355.3666,3384.9806,221636550.0,308179657.6487,-0.8749,-0.018709103202016575,0.0,-0.004478089051432654,-0.010820314740429215,0.01020128893126201,-0.0037061969125109506,-0.0007747635652550766,0.014388483480751809,-0.15758550893813705,-0.4478
2020-09-07,3349.9184,3368.2446,3285.6326,3292.5907,3355.3666,260616567.0,357726463.915,-1.8709,0.007236338242709417,1.0,-0.012482205409555358,-0.028581869447243835,0.00993378475329361,-0.013547841456197252,0.0010802713921929108,0.013008845311025438,0.5251230503380846,-1.2482
2020-09-08,3301.2173,3324.3929,3276.4431,3316.417,3292.5907,271066278.0,320229901.3276,0.7236,-0.018631281892476093,0.0,-0.004284190002611821,-0.023330771476404055,0.00987301146034684,-0.0030138750255613855,-0.0012741551213493185,0.01752063639253386,-0.7014316684165305,-0.4284
2020-09-09,3280.9974,3289.6148,3238.5606,3254.6279,3316.417,351509747.0,341054534.0591,-1.8631,-0.0060850274158835704,0.0,0.0014107561514702383,-0.02225584031669825,0.008615487851989337,0.007954972925600767,-0.006492568566962675,0.018053937327290086,0.2092616333685413,0.1411
2020-09-10,3282.232,3285.4731,3227.6435,3234.8234,3254.6279,312472804.0,309676743.6263,-0.6085,0.007889982494871273,1.0,-0.006311235143764304,-0.02592188164930942,0.007970279006700377,-0.01335751536893992,0.007141675262251068,0.012490080952423401,-0.17052065007903927,-0.6311
2020-09-11,3225.7836,3262.4976,3220.5363,3260.3461,3234.8234,221698830.0,254844994.26,0.789,0.005664337292289323,1.0,-0.006350502453519646,-0.027753962795310172,0.008037891279639997,0.004741114548122871,-0.01103927851766151,0.013175484175237716,-0.25952552473262713,-0.6351
2020-09-14,3275.9181,3283.5325,3261.1479,3278.8138,3260.3461,213924137.0,269219919.6541,0.5664,0.005143841958942685,1.0,0.007805115997094658,-0.007780380596425607,0.00832076067639442,0.0016077461365149315,0.006187422056673109,0.011500999031815236,-0.03229034946436826,0.7805
2020-09-15,3277.1284,3297.6904,3263.7522,3295.6795,3278.8138,197684400.0,251763868.5335,0.5144,-0.0035668213489813416,0.0,0.005589857043803326,0.002058996366357313,0.00827676179987677,0.0026820866242152075,0.0028999923887920165,0.00793484635341104,-0.17998390963983368,0.559
2020-09-16,3293.1678,3302.4556,3271.075,3283.9244,3295.6795,200443364.0,242270893.4545,-0.3567,-0.0041077072298010275,0.0,0.003753204103200014,0.0044029606478792616,0.008343912508146846,-0.0007560790705299913,0.004512695128068067,0.008328639122607274,0.46285440565313074,0.3753
2020-09-17,3277.3238,3290.4094,3248.499,3270.435,3283.9244,202931972.0,279311053.4282,-0.4108,0.02068675879508386,1.0,-0.000288281615153263,0.010490855137515132,0.008216607894144634,0.0036874170129010952,-0.003961092428444002,0.007869319881808475,-0.2854736078353213,-0.0288
2020-09-18,3270.911,3338.3243,3268.526,3338.0897,3270.435,256260788.0,337025892.9043,2.0687,-0.006337337190189918,0.0,-0.015561989724832137,0.001123242440220551,0.008232611098758042,-0.0019906469521707715,-0.013598412410881555,0.01872105988805945,0.2243078039057842,-1.5562
2020-09-21,3348.8988,3350.5893,3313.0714,3316.9351,3338.0897,216503093.0,287691308.0707,-0.6337,-0.012853311480227725,0.0,0.004706491350959352,-0.0019548379382214875,0.007686614107626118,0.0016548312815700683,0.0030466184299087207,0.00846930160614775,0.34456483621798917,0.4706
2020-09-22,3290.6656,3320.2278,3265.7025,3274.3015,3316.9351,214015065.0,269113293.6565,-1.2853,0.0016519553865153025,1.0,-0.020638378174808847,-0.02798628911684442,0.007516051303796925,0.001165386309205152,-0.021778384253168803,0.025128591178802517,-0.362393308586471,-2.0638
2020-09-23,3278.8358,3289.7624,3264.8907,3279.7105,3274.3015,169178068.0,240742428.7867,0.1652,-0.01723752751957841,0.0,-0.009763393037945933,-0.041075480455881164,0.007654919690174123,-0.0046353570606942895,-0.005151916951870561,0.009723728209917936,-0.03096856839454709,-0.9763
2020-09-24,3262.879,3265.3451,3221.2365,3223.1764,3279.7105,206736011.0,258259919.7245,-1.7238,-0.0011660857283516401,0.0,0.0010819312008130133,-0.03976117089837561,0.007679762750277123,-0.0006632415350267262,0.0017463309750762601,0.009916999938861911,0.05614814976273941,0.1082
2020-09-25,3234.3739,3239.4662,3208.0349,3219.4179,3223.1764,164822419.0,220674476.9582,-0.1166,-0.0005849815272506165,0.0,-0.01817162549368201,-0.04230665732708594,0.008296674767899082,-0.008620823998810478,-0.009633853248154245,0.015377059965437374,0.1525330297717229,-1.8172
2020-09-28,3224.9769,3238.1825,3210.8925,3217.5346,3219.4179,155982783.0,209672387.6168,-0.0585,0.0021210960715076776,1.0,-0.003245239279020762,-0.04988630327604415,0.007988856107421425,0.004919551097397168,-0.008124819909714809,0.01591561434116917,-0.06452654066074714,-0.3245
2020-09-29,3231.8551,3242.7937,3219.7902,3224.3593,3217.5346,151349870.0,207307813.8435,0.2121,-0.001956109543995388,0.0,0.010356171741246811,-0.019817383131759403,0.008538431599190996,0.0020946468796347872,0.008244256056388677,0.01176953117266661,-0.21510833850077837,1.0356
2020-09-30,3232.7104,3244.9134,3202.3435,3218.0521,3224.3593,153504457.0,205762857.2942,-0.1956,0.01678782639970322,1.0,-0.008541470988518096,-0.018607867402289924,0.008562289616860782,0.004624287305573294,-0.013105156286239317,0.014673678067647803,0.05375761292781078,-0.8541
2020-10-09,3262.6105,3280.5124,3260.1873,3272.0762,3218.0521,188325648.0,264171043.7626,1.6788,0.026401891251799148,1.0,-0.0020422507905420995,0.03943282924169722,0.010051424995063453,0.0008443723224076383,-0.002884187784611747,0.009957571012661107,-0.2626484221940988,-0.2042
2020-10-12,3287.3281,3359.1526,3286.1111,3358.4652,3272.0762,259622408.0,355700113.6866,2.6402,0.00038252592285292764,1.0,-0.0030677851558381652,0.028137541801565025,0.009984349343440313,0.006219064329660906,-0.009229450936398265,0.011760256434102778,0.13949313877127167,-0.3068
2020-10-13,3353.1213,3361.8315,3334.4989,3359.7499,3358.4652,204926103.0,288505837.5276,0.0383,-0.005646759599576057,0.0,,,,,,,,
2020-10-14,3353.6247,3353.6247,3332.9635,3340.7782,3359.7499,198659382.0,281159984.7048,-0.5647,-0.0025727538571702624,0.0,0.02199706208308516,0.03710485371372507,0.011087039811009586,0.004068140102897466,0.01785628013089835,0.020979612448707812,0.5813306010061137,2.1997
2020-10-15,3342.9222,3354.5784,3330.0014,3332.1832,3340.7782,191031282.0,263848674.0252,-0.2573,0.0012529323117649316,1.0,0.000706297201424011,0.028624745367619164,0.010962055837398569,0.0064572846381778515,-0.005714089931617039,0.012572577007084872,0.04805285039270579,0.0706
2020-10-16,3334.4568,3348.9543,3319.11,3336.3582,3332.1832,194295421.0,253448029.4766,0.1253,-0.007100886229781889,0.0,-0.020616538067522283,-0.00347813748047876,0.01183900807461777,-0.0054055829041852466,-0.015293626127273585,0.019095888489481364,-0.17801696217672536,-2.0617
2020-10-19,3351.0961,3371.0862,3307.8407,3312.6671,3336.3582,212303540.0,283882790.1908,-0.7101,0.0046596290946347985,1.0,0.009448004722139691,0.007995585563801644,0.012024351235592522,0.0014847751561144484,0.007951423489971576,0.010868206439627614,0.23424154185233803,0.9448
2020-10-20,3307.1498,3328.1029,3293.7662,3328.1029,3312.6671,165084762.0,227823367.0944,0.466,-0.0009249113060776359,0.0,0.0063751727882184195,0.01754333593292956,0.01212635515779724,0.0073252773325229725,-0.0009431953765922652,0.012030283608461687,0.29013616281347865,0.6375
2020-10-21,3332.147,3332.147,3304.1693,3325.0247,3328.1029,177632115.0,246848139.0105,-0.0925,-0.0037666487109102587,0.0,0.001111552073851385,-0.0032511578243611394,0.011583007388935989,0.0011971187657535687,-8.546438088785635e-05,0.005849094582161516,-0.6517034914890569,0.1112
2020-10-22,3315.8206,3320.8787,3281.3662,3312.5005,3325.0247,165949987.0,236428248.9454,-0.3767,-0.010416088993797978,0.0,0.00752476440340355,0.0035403446454365106,0.011653399713155462,0.005128301140355118,0.0023842361819177427,0.010168688546875528,0.02646614267565006,0.7525
2020-10-23,3308.1581,3326.0489,3276.6197,3277.9972,3312.5005,174208982.0,249912883.2876,-1.0416,-0.008199640927087914,0.0,0.0012809833556999273,0.025977977145969833,0.010519223012639443,-0.002347459564796761,0.0036369805853586623,0.010521757326570331,0.25379183715688214,0.1281
2020-10-26,3258.7028,3264.4464,3226.6018,3251.1188,3277.9972,167731795.0,235462468.3929,-0.82,0.0009833230332894072,1.0,,,,,,,,
2020-10-27,3240.7395,3258.3369,3235.5443,3254.3157,3251.1188,149115566.0,217487420.9436,0.0983,0.004585387951144382,1.0,0.005351783436946311,0.0218146791767182,0.010184767258258924,-0.0005248903318106901,0.0058797599979332205,0.011592773861833217,-0.048913485356926856,0.5352
2020-10-28,3256.2225,3275.8714,3238.382,3269.238,3254.3157,173181965.0,256213458.1818,0.4585,0.001067343521640396,1.0,-0.005280756120484287,0.009979928498842439,0.010330520513407894,-0.0031626748982092057,-0.002124801277940458,0.010851654856297133,0.027902462967031028,-0.5281
2020-10-29,3235.7647,3289.7655,3231.1243,3272.7274,3269.238,184703589.0,278605665.2296,0.1067,-0.01472621887175829,0.0,-0.0031625206407018824,0.005667993784173264,0.009262205813667906,-0.0005506876737539912,-0.002613272063661576,0.010438052881347163,-0.1909147222535328,-0.3163
2020-10-30,3278.6312,3279.8563,3219.4216,3224.5325,3272.7274,230188803.0,328917241.6247,-1.4726,0.00018207290514205,1.0,-0.004945606423622406,-0.006779395356465656,0.009329686509372348,-0.016949022210710374,0.012210369612857264,0.017011752897753033,-0.038088835331503645,-0.4946
2020-11-02,3228.715,3242.8041,3209.9094,3225.1196,3224.5325,226779137.0,325321869.1274,0.0182,0.01424902195875144,1.0,-0.019489478008345995,-0.02738265312091892,0.010395530458898548,-0.002062098866862372,-0.017463390378995802,0.02320735685291989,0.2702647819898374,-1.9489
2020-11-03,3239.8063,3278.3806,3237.8539,3271.0744,3225.1196,215297864.0,303730147.8102,1.4249,0.0019460884166988546,1.0,0.014625787413169888,-0.018410612397557147,0.010521878375138072,0.006944334980682365,0.0076284777277533244,0.010509627326358465,-0.07455940763739832,1.4626
2020-11-04,3273.4326,3286.6212,3254.1113,3277.4402,3271.0744,188514128.0,270723846.5225,0.1946,0.013026355141430246,1.0,0.019612420436459388,0.006153985183475763,0.011143961878981262,0.009384705893415557,0.010132622857596418,0.014677835372920962,-0.04829888488659684,1.9612
2020-11-05,3305.5798,3320.408,3291.6,3320.1333,3277.4402,226801462.0,316292709.9793,1.3026,-0.002401801156598049,0.0,-0.0021487802794978306,0.007177200025901609,0.01094225088443958,-0.006003673656450936,0.0038781766841469167,0.014454446780298006,0.02690696398373582,-0.2149
2020-11-06,3326.4645,3326.4645,3292.1507,3312.159,3320.1333,234864132.0,325485056.7306,-0.2402,0.01859050244870497,1.0,0.03253939743166279,0.04511888589719604,0.012803106024206564,0.024703308749368214,0.007647178081095829,0.014163707188017087,0.12689235975598656,3.2539
2020-11-09,3329.4285,3380.8235,3329.4285,3373.7337,3312.159,310219771.0,429948921.8898,1.8591,-0.004026755283026762,0.0,0.0006635294630432664,0.06659982694124889,0.012696349426990034,0.0021349692869530035,-0.001468305037750195,0.01007903200196769,-0.09912582854394003,0.0664
2020-11-10,3387.6219,3387.6219,3346.1715,3360.1485,3373.7337,278701113.0,390008391.7299,-0.4027,-0.005340835382721898,0.0,0.011791714453833979,0.06362057905945262,0.012782350644615808,0.01729866289269566,-0.005413305492020237,0.00862677473664068,-0.00863226014975993,1.1792
2020-11-11,3354.0247,3365.836,3339.0407,3342.2025,3360.1485,271204653.0,355802065.5472,-0.5341,-0.0010543047586134557,0.0,0.010966641131265664,0.05460163361832704,0.012775571417168301,0.01759943911805628,-0.006518083375261274,0.016611591944548407,0.4928725621152221,1.0967
2020-11-12,3344.4562,3350.2848,3329.485,3338.6788,3342.2025,216501309.0,286927436.4286,-0.1054,-0.008558535190626881,0.0,-0.0028325402220711338,0.053878986455914823,0.012169395286361922,-0.0028393839434130985,6.863208626306516e-06,0.010034796520956247,0.06870985616507319,-0.2833
2020-11-13,3327.2293,3327.2293,3291.6425,3310.1046,3338.6788,227898364.0,301527966.899,-0.8559,0.011136989447402934,1.0,-0.002196211687353955,0.018425493230053824,0.012217610198795963,0.00695314519628254,-0.00908617935927214,0.014862176278015893,-0.4305896943508092,-0.2196
2020-11-16,3325.6209,3346.9692,3313.6469,3346.9692,3310.1046,279593761.0,333750600.1253,1.1137,-0.00211361371356511,0.0,-0.00047842172798895355,0.017263272192982848,0.010927907654079971,-0.0020932861229422395,0.001618251859113462,0.00946449629299587,-0.09546136588743082,-0.0478
2020-11-17,3347.1513,3347.6979,3323.9506,3339.895,3346.9692,283632479.0,353623369.9121,-0.2114,0.002218153564707892,1.0,0.00859468605941216,0.01404895493840952,0.010907319508979704,0.007845360643441213,0.0007434924495686168,0.007755518055301767,-0.15271265928517508,0.8595
2020-11-18,3337.3315,3358.8938,3333.9916,3347.3034,3339.895,287531259.0,358745367.4246,0.2218,0.0047154972566871844,1.0,0.001266788645298167,0.004319528786973281,0.010908466043710308,0.005057299253610648,-0.0037714373211631402,0.007226987525808634,0.13592461907177444,0.1267
2020-11-19,3339.0864,3367.3328,3330.4496,3363.0876,3347.3034,253262992.0,319520194.5195,0.4715,0.004352875018777569,1.0,0.004891143660687991,0.012098609904762192,0.010893266238191063,0.0007249644048157311,0.004163161112254343,0.010340680270254534,-0.0434461151373835,0.4891
2020-11-20,3359.5966,3380.1489,3356.3086,3377.7267,3363.0876,261271219.0,312659789.107,0.4353,0.010884006690061732,1.0,-0.0070568849270408185,0.007168301274237399,0.011125418599507499,-0.0031524670654216047,-0.003916765335341799,0.005612129765007886,0.05148387413725786,-0.7057
2020-11-23,3384.1039,3431.6529,3377.9862,3414.4899,3377.7267,373872047.0,431504375.6453,1.0884,-0.003417025775943827,0.0,0.00358804521157019,0.011265878243795324,0.011116434320099374,0.0018932373486024723,0.0016916052527240488,0.009521959466509283,-0.11607207756421722,0.3588
2020-11-24,3407.4087,3413.9263,3396.2436,3402.8225,3414.4899,300994144.0,359505804.8795,-0.3417,-0.011900444410485767,0.0,0.0013103206845423987,0.003962220738869204,0.011114194355294647,0.007872887552104801,-0.006511304102545412,0.011088957391516701,0.039143282612362995,0.131
2020-11-25,3417.515,3423.4853,3362.3274,3362.3274,3402.8225,322110207.0,383477785.1699,-1.19,0.002202640944483747,1.0,0.0038510620625080705,0.006553451076638517,0.010937385808784558,0.005442079271469558,-0.0015824056320722368,0.008327732932621505,-0.1036968657504751,0.3851
2020-11-26,3360.0609,3371.4537,3344.2822,3369.7334,3362.3274,255886822.0,317308634.9999,0.2203,0.011447107358700803,1.0,0.0030671500891372716,0.0047264402249975745,0.010823689640371854,0.00871664873891409,-0.005600679493929062,0.016891327731850994,0.35019873890384545,0.3067
2020-11-27,3373.8434,3408.3071,3364.4919,3408.3071,3369.7334,280649894.0,326069547.1575,1.1447,-0.004856369896949708,0.0,0.005613100985198516,0.01754678174312141,0.010626206340995353,0.0009561394463764028,0.004652513087534338,0.0077784756137571865,-0.36890193622380885,0.5613
2020-11-30,3418.1583,3456.7365,3391.7551,3391.7551,3408.3071,384989968.0,454500571.7901,-0.4856,0.0177439992645696,1.0,0.0028050537949138032,0.016752899831163015,0.009037912041658012,-0.0022729772609058063,0.005089599599977346,0.011355564711431551,0.3237076600091662,0.2805
2020-12-01,3388.9867,3457.6354,3386.9113,3451.9384,3391.7551,316188980.0,385250751.3173,1.7744,-0.0007410039530253432,0.0,-0.020568751886990255,-0.005463599912407191,0.010483140618155272,-0.001535247863146183,-0.019062770100907067,0.02373145915846554,0.742199650852319,-2.0569
2020-12-02,3453.5181,3465.7288,3435.8712,3449.3805,3451.9384,312811114.0,383340845.0665,-0.0741,-0.0021002611918284897,0.0,0.008586833926250925,-0.0007717709359791325,0.009878304335574722,0.0030833487399535286,0.005486568183203033,0.010893081598649077,-0.47686750959300284,0.8587
2020-12-03,3448.5403,3452.1612,3428.8044,3442.1359,3449.3805,298459930.0,352422286.6053,-0.21,0.0007104600373273318,1.0,-0.0013211541241086033,-0.005143280308214315,0.009856371593376717,0.003855812777028289,-0.005157082157860482,0.01093960782424357,0.038486373830437515,-0.1321
2020-12-04,3436.7291,3448.4036,3417.0484,3444.5814,3442.1359,256276705.0,329393208.3448,0.071,-0.008122235113967702,0.0,0.0073841292478906695,-0.0033911955688875617,0.007158362899612104,0.003423715296439145,0.0039469008865127275,0.00851669909221045,-0.26901395723988664,0.7384
2020-12-07,3446.6478,3449.5782,3414.3142,3416.6037,3444.5814,254522508.0,336836800.3322,-0.8122,-0.0018809907628444256,0.0,0.004018931103503709,-0.0021848187076404235,0.0071647998213425915,0.0031086667789064215,0.0009074433854909802,0.006868324073554375,0.12439839579615253,0.4019
2020-12-08,3417.6936,3428.6618,3403.0263,3410.1771,3416.6037,226907328.0,304635033.5096,-0.1881,-0.011205605714729616,0.0,-0.012262296205980627,0.006277549219880774,0.007475757573605753,0.0012915525161798502,-0.013536365794858285,0.02288648945145165,-0.13305381428362395,-1.2262
2020-12-09,3416.0782,3422.536,3371.9156,3371.964,3410.1771,260747424.0,339317806.3212,-1.1206,0.00038903143687174513,1.0,-0.007631612205901361,-0.009903762767392577,0.007320812566688983,-0.0017542635205616275,-0.005887677222712329,0.007146831856670963,-0.0985487760099577,-0.7632
2020-12-10,3365.731,3384.8875,3357.7531,3373.2758,3371.964,247308304.0,321616357.2189,0.0389,-0.007732780106506576,0.0,0.007537856554148847,-0.0011208860955097544,0.007472960706561135,0.007826019519049154,-0.00028592530785997994,0.008412229666643305,-0.001954218171677624,0.7538
2020-12-11,3381.008,3383.1783,3325.172,3347.191,3373.2758,298617158.0,379848803.5906,-0.7733,0.006551493476171677,1.0,-0.0034807590431817914,-0.011894045681575816,0.007503264201285671,-0.006323095939906875,0.0028604236297649077,0.005563554698288966,-0.23783295259715231,-0.3481
2020-12-14,3349.534,3371.1291,3338.6263,3369.1201,3347.191,239807926.0,316229132.8618,0.6551,-0.000560235297043965,0.0,0.00360764375199496,-0.012298814424845483,0.007531205977596042,0.008467058100557256,-0.004818614856607395,0.009882399446585631,0.22182676904906629,0.3608
2020-12-15,3366.5813,3373.5579,3348.4192,3367.2326,3369.1201,225667402.0,315289741.2934,-0.056,-7.406675737209323e-05,0.0,-0.0043895937013196384,-0.004426402986397737,0.0073718972494237756,0.0006123171961531781,-0.00499885001564726,0.008526790480750054,-0.1218239955589997,-0.439
2020-12-16,3371.2632,3378.6626,3359.1705,3366.9832,3367.2326,220813976.0,308823385.2669,-0.0074,0.011253397403349075,1.0,-0.0069053927468176735,-0.0036978379414063234,0.007525258007800439,0.001114457557394033,-0.008010922471122006,0.01168494159802833,0.1571203555936549,-0.6905
2020-12-17,3367.277,3406.1547,3354.0112,3404.8732,3366.9832,275463631.0,364740477.233,1.1253,-0.0029302706485515584,0.0,0.00965380243436087,-0.0016054883174784207,0.0077717509409875206,0.008162614295488035,0.001479114696109729,0.007305219272957909,-0.2359178548276013,0.9654
2020-12-18,3400.4855,3413.8134,3382.7508,3394.896,3404.8732,280992641.0,354027376.8531,-0.293,0.0075623229695400696,1.0,0.0082421621229396,0.01013949328659458,0.0078068762252484335,0.00559895602051208,0.002628489306400583,0.010876298029991389,0.10179941009499416,0.8242
2020-12-21,3394.3945,3423.6088,3381.1158,3420.5693,3394.896,283759794.0,383898951.6025,0.7562,-0.018648094631498968,0.0,-0.006738789986498572,-0.00027427886728492723,0.00794164865410212,-0.001045415801109395,-0.005699332357491427,0.011434352460681618,0.30850199131624834,-0.6739
2020-12-22,3410.9678,3415.7538,3353.8581,3356.7822,3420.5693,323037654.0,432199556.4882,-1.8648,0.007607672609798666,1.0,-0.007242646781339346,-0.0031391249253491793,0.008102769377186098,-0.0028673212924456015,-0.004387907028144733,0.008453276776886327,-0.4095515765904185,-0.7243
2020-12-23,3362.4721,3394.2089,3360.2019,3382.3195,3356.7822,299523527.0,413254779.0617,0.7608,-0.005678410924810695,0.0,-0.007124806322956756,-0.003359370617870061,0.008177554521968207,-0.0017448039813462435,-0.005389405798304492,0.013925360402757084,-0.15718109510935996,-0.7125
2020-12-24,3382.193,3394.0746,3354.0215,3363.1133,3382.3195,275044450.0,363321144.3282,-0.5678,0.009945933132850415,1.0,0.008570307340371563,-0.00442890081703573,0.0084059550424846,-0.001383653818543773,0.00996775307852471,0.010388506561252722,0.13966133094322686,0.857
2020-12-25,3351.7901,3397.0066,3348.3453,3396.5626,3363.1133,294546895.0,359094444.6831,0.9946,0.0002128033795107953,1.0,,,,,,,,
2020-12-28,3396.359,3412.5193,3383.654,3397.2854,3396.5626,316181542.0,398159968.8327,0.0213,-0.005371700593656437,0.0,0.0016497678709037622,-0.010938445287907328,0.008298240979518375,-8.730939031420526e-06,0.0016585132903135236,0.009455986577130338,-0.4371940902160123,0.165
2020-12-29,3399.2939,3407.0884,3376.0876,3379.0362,3397.2854,311769185.0,382102563.8072,-0.5372,0.010481243142645091,1.0,-0.0027260089985204905,-0.006942630931445315,0.00826455596015235,-0.0037212126173326032,0.000998920815554527,0.009465424822333871,0.7212669013904609,-0.2726
2020-12-30,3375.0086,3414.4539,3374.4156,3414.4527,3379.0362,291023543.0,377542350.9372,1.0481,0.017167202228339562,1.0,0.009647105051448612,0.009952225062227482,0.007203710531399371,0.006681454384880103,0.0029459673202985037,0.0070633712121355675,-0.1469860526272342,0.9647
2020-12-31,3419.7267,3474.9182,3419.7267,3473.0693,3414.4527,335673926.0,450482318.8835,1.7167,0.008605961303449927,1.0,0.021778430012394434,0.03935258477942516,0.008478669346449315,0.004765795873231671,0.01693193996953002,0.018386441984471077,0.10223824841903273,2.1778
2021-01-04,3474.6793,3511.6554,3457.2061,3502.9584,3473.0693,380790800.0,523367700.8486,0.8606,0.007341879937826201,1.0,0.00309498874834202,0.03371015560051793,0.008469430405445963,0.0017563563856337616,0.0013362853693668075,0.006537712485785898,-0.21705950065027935,0.3095
2021-01-05,3492.1912,3528.6767,3484.7151,3528.6767,3502.9584,407995934.0,568019462.1877,0.7342,0.006291310280706508,1.0,0.008875136654262983,0.04116679097237386,0.00853181914206776,-0.005288065533820996,0.014238496289566305,0.015555358885217033,0.334334046435643,0.8875
2021-01-06,3530.9072,3556.8022,3513.1262,3550.8767,3528.6767,370230926.0,521799529.7918,0.6291,0.007132858203722003,1.0,0.00644455372420949,0.05074097564738711,0.008587932472568269,-0.006969436326316858,0.0135081341312413,0.019649609923411478,0.13413583342222246,0.6445
2021-01-07,3552.9087,3576.2046,3526.6174,3576.2046,3550.8767,405348226.0,545709628.1103,0.7133,-0.0017047123086860738,0.0,0.0015349083141831255,0.04229860259277052,0.007952337475249765,-0.0013208023476429798,0.002859487479602185,0.013260464971612929,-0.06387318885002813,0.1535
2021-01-08,3577.6923,3588.0625,3544.8912,3570.1082,3576.2046,345557896.0,502170815.6138,-0.1705,-0.010814910315603332,0.0,-0.0051920569977935704,0.014786472666887818,0.007810725515444815,0.0008536669037964018,-0.006040567269231967,0.0106488085135579,0.20370908745377214,-0.5192
2021-01-11,3571.3212,3597.7022,3516.9862,3531.4978,3570.1082,362479154.0,526895927.2773,-1.0815,0.021758784615411697,1.0,0.011967975049113289,0.023762877265835147,0.008025695260885413,0.0029587796368006902,0.008982617825604944,0.013887134408672397,0.4062717808308154,1.1968
2021-01-12,3518.0106,3608.3389,3517.4689,3608.3389,3531.4978,323406153.0,485771186.3307,2.1759,-0.002684642509604651,0.0,0.001076108876391757,0.015848761011341805,0.007908910392700478,0.004511048409833851,-0.003419513940518426,0.01369671377871328,-0.2608410653077602,0.1076
2021-01-13,3613.281,3622.3475,3575.5945,3598.6518,3608.3389,388127791.0,554853439.0623,-0.2685,-0.009099852339145564,0.0,0.01320507004746263,0.022672447527763318,0.008245073096744502,-0.0004991360968202851,0.01371104982417548,0.01774853430279687,-0.2502093239385168,1.3205
2021-01-14,3584.9324,3599.0584,3559.6001,3565.9046,3598.6518,347666819.0,511325103.6958,-0.91,0.00013270125061692895,1.0,-0.001455259179361179,0.01961917211643671,0.008126841140550718,0.0011518296833972208,-0.002604089395294551,0.009827862112866629,0.04592300630110202,-0.1455
2021-01-15,3566.2847,3589.2655,3533.7882,3566.3778,3565.9046,324612744.0,480343780.9559,0.0133,0.008368687131239838,1.0,0.00925285809403742,0.0344243538309863,0.007844849380804899,0.006110017141480961,0.0031237547574427538,0.008175140602643405,-0.10468563580880463,0.9253
2021-01-18,3554.7977,3608.7665,3544.2614,3596.2237,3566.3778,301652565.0,451740700.4495,0.8369,-0.008298232393051608,0.0,0.0027020520857385932,0.024952812625770093,0.0077450567113498126,-0.003596536600874667,0.006321323558156067,0.013086704991356952,0.3359244187486503,0.2702
2021-01-19,3596.3564,3603.1477,3553.0236,3566.3814,3596.2237,323439541.0,467402582.3971,-0.8298,0.004685589712866811,1.0,0.01011098955478884,0.0342031845814601,0.007811467417005171,-0.004174094784533899,0.014344961568590442,0.016587188430264552,-0.41683419584197523,1.0111
2021-01-20,3564.121,3589.9624,3556.4425,3583.092,3566.3814,272271661.0,397144766.1845,0.4686,0.010653396563638173,1.0,0.027007456318295153,0.048291617671762044,0.008939456154578551,0.00822512877315651,0.018629100792194597,0.025924746654600442,0.43514197577805724,2.7007
2021-01-21,3590.9247,3636.2444,3585.8017,3621.2641,3583.092,327466995.0,469855226.6459,1.0653,-0.0040081307519105325,0.0,0.010801800671203399,0.06115931660740359,0.008466917030260937,0.00513219630878603,0.005640655411535356,0.010691822626329698,-0.14849829382122337,1.0802
2021-01-22,3616.5401,3616.5401,3585.0339,3606.7496,3621.2641,324463084.0,485452192.4099,-0.4008,0.00484882565731759,1.0,-0.0011584492199743224,0.050212549733549494,0.008054396985266152,-0.0003567796646939403,-0.0008019556767577818,0.013003934588837335,-0.27039028115055785,-0.1158
2021-01-25,3605.3611,3637.1002,3591.0204,3624.2381,3606.7496,327341070.0,527257347.6528,0.4849,-0.015122930251188493,0.0,-0.016035613757929057,0.030587047042296645,0.009524412218494148,-0.003960536973031004,-0.012123090733977437,0.015015156496844368,0.11814936035588808,-1.6036
2021-01-26,3610.9686,3610.9686,3564.7415,3569.429,3624.2381,278139884.0,436326664.6458,-1.5123,0.0010960296450777118,1.0,0.024149810597378085,0.04491045038296737,0.010324838715917157,0.007791740313809026,0.016231597887947924,0.01758702248211674,-0.09784812047272595,2.415
2021-01-27,3567.5485,3578.7968,3546.492,3573.3412,3569.429,264107161.0,396270389.6188,0.1096,-0.01907606807880524,0.0,-0.025456737472483337,-0.0084683094552781,0.01245470646776062,-0.008825223374374636,-0.016779597796797607,0.020536814703135117,0.45030567392060483,-2.5457
2021-01-28,3534.6685,3549.544,3496.8788,3505.1759,3573.3412,270862461.0,391574388.0266,-1.9076,-0.0063068732156923435,0.0,-0.0031890432734085206,-0.022192429395840985,0.012566361006530762,0.005624801386534761,-0.00876454583040398,0.015047330396859545,-0.23348822544257963,-0.3189
2021-01-29,3521.7175,3531.5981,3446.5471,3483.0692,3505.1759,293662664.0,416528620.977,-0.6307,0.006377823328919341,1.0,-0.02548883813754943,-0.04601045985399499,0.013638965836839812,-0.013061851971821525,-0.012591453872318192,0.024734849661387903,-0.2409260009256915,-2.5489
2021-02-01,3477.1715,3506.3889,3469.875,3505.2836,3483.0692,277567901.0,371473066.2888,0.6378,0.008102425720988737,1.0,-0.009353863310866961,-0.03953225787281578,0.013897398284660897,0.009646324775128612,-0.01881865720674747,0.024949589800905607,0.06570376309548998,-0.9354
2021-02-02,3510.8084,3535.502,3495.5681,3533.6849,3505.2836,264540630.0,384127851.0923,0.8102,-0.004634510564312078,0.0,0.021537132151333793,-0.04198247886784079,0.014502787953129436,0.006156900915756713,0.015286116133158334,0.021231655960268367,-0.2602388314161086,2.1537
2021-02-03,3531.149,3544.0092,3508.5069,3517.308,3533.6849,297351716.0,413731471.9707,-0.4635,-0.0043922226884879345,0.0,0.012315845506467582,-0.004850421519866699,0.014642959842717759,0.01679515285091182,-0.004405319332891233,0.010803361107207782,0.10576572088007019,1.2316
2021-02-04,3503.7785,3524.7219,3465.7706,3501.8592,3517.308,298834854.0,418742552.8015,-0.4392,-0.0015781045679963412,0.0,0.0020089781768077852,0.00033893642228544074,0.014640989051260584,0.0019388895916740978,6.995295407907776e-05,0.011795054139158377,-0.021341485345384825,0.2009
2021-02-05,3509.4874,3536.5417,3492.9624,3496.3329,3501.8592,290146174.0,397391919.5585,-0.1578,0.010329050760583991,1.0,-0.006618110201293437,0.01970980117173715,0.014686081796622247,-0.0072991654684506635,0.0006860629541816099,0.021619751421651654,0.12298121477179258,-0.6618
2021-02-08,3504.5631,3542.2075,3492.1286,3532.4467,3496.3329,249799619.0,359187319.1793,1.0329,0.02011135794348995,1.0,0.0060171398148625155,0.035531760154519976,0.01455170072227257,0.006580795850722243,-0.0005599709811503484,0.010701221083002706,-0.1252546634574081,0.6017
2021-02-09,3539.7726,3604.0112,3528.6755,3603.489,3532.4467,253821760.0,371567972.4607,2.0111,0.014319177885654844,1.0,0.0010512593944145276,0.014765239578221179,0.014551836181192717,0.011622237669980384,-0.010449531338806328,0.014081891024109052,-0.19707724415139083,0.1051
2021-02-10,3612.6125,3662.7655,3612.5049,3655.088,3603.489,257940824.0,392643389.6302,1.4319,0.005545447879777399,1.0,0.005345253512426984,0.0077777815766169045,0.014354303938288347,0.004196187720992173,0.0011442642438650452,0.008993682355103918,-0.17122227730043527,0.5345
2021-02-18,3721.0865,3731.687,3663.6637,3675.3571,3655.088,340309065.0,483546564.6011,0.5545,0.005662279727866482,1.0,0.011002170642274711,0.06021493567243863,0.015193364759187809,-0.0035870562851380017,0.014641747700527175,0.02162316167024321,-0.0391846197106922,1.1002
2021-02-19,3661.7834,3699.6502,3634.0149,3696.168,3675.3571,361059804.0,484990205.7536,0.5662,-0.01453481010603419,0.0,-0.015752644206487032,0.03796555796390244,0.014761929236769396,0.003166163421901569,-0.018859096646416607,0.019714048024541832,0.15946434863758263,-1.5753
2021-02-22,3707.1912,3717.2669,3642.4449,3642.4449,3696.168,488821478.0,599323102.0809,-1.4535,-0.0016712950139615712,0.0,0.0016165897539064389,0.020174295043197565,0.014605489080310478,-0.003654486461469375,0.005290409946902441,0.020278951615723684,-0.10585213604481325,0.1617
2021-02-23,3617.7013,3672.1511,3617.7013,3636.3573,3642.4449,398873174.0,479631810.2402,-0.1671,-0.019876319634486994,0.0,-0.010602149211299872,0.004847288537617622,0.014837508639494922,0.013929964466973699,-0.024195077113802532,0.025225544490031365,0.2937653422453206,-1.0602
2021-02-24,3638.9359,3645.6474,3531.5936,3564.0799,3636.3573,362158952.0,484430414.6197,-1.9876,0.005882556112167814,1.0,0.01031701035263044,-0.003708370275015249,0.014432473872168537,-0.004283005544556184,0.01466281682293813,0.02711327866943844,0.034413009471235156,1.0317
2021-02-25,3595.5424,3608.5568,3568.4735,3585.0458,3564.0799,366232299.0,444735017.1124,0.5883,-0.02118952008925523,0.0,-0.02985051239462211,-0.0439666282128901,0.015119849803273529,0.0022854706613599785,-0.03206270468510042,0.04113912480282472,0.05092590788804863,-2.9851
2021-02-26,3514.5648,3550.4055,3500.7036,3509.0804,3585.0458,333280067.0,424485913.9194,-2.119,0.012059968759906559,1.0,0.011976819623234602,-0.017032044495766896,0.014171583185474342,0.015343438911590956,-0.003315744367211604,0.020864963739440818,-0.27969675881110767,1.1977
2021-03-01,3531.4802,3552.5665,3511.9888,3551.3998,3509.0804,315487526.0,402477044.2174,1.206,-0.012054007549361367,0.0,-0.0363754012163926,-0.05431668022527858,0.016473914536858498,-0.022013575104483207,-0.014685097611087716,0.019932719672729096,0.11887765594296695,-3.6375
2021-03-02,3566.852,3566.852,3485.3635,3508.5912,3551.3998,339830486.0,427680453.0576,-1.2054,0.01947029337587125,1.0,0.016299398796627118,-0.02860372238234854,0.0157608994037349,0.016482972345611024,-0.00018059677729798107,0.012242147313632263,-0.45077654160053626,1.6299
2021-03-03,3500.1576,3577.6218,3498.7192,3576.9045,3508.5912,347656846.0,415490345.7356,1.947,-0.02052414315227047,0.0,-0.012111336973309905,-0.0501680560343476,0.015874110880777535,0.008685829453932259,-0.020618081289494272,0.027456008083505033,0.09665137285571568,-1.2111
2021-03-04,3546.6406,3552.2024,3487.3757,3503.4916,3576.9045,393616120.0,462233734.2309,-2.0524,-0.0004295429165578346,0.0,0.026964660951764197,0.005457254534588785,0.016275338336707003,0.0052780704883788054,0.021572728083931736,0.025034833134335945,0.10877564242444038,2.6965
2021-03-05,3463.3086,3523.5682,3456.6668,3501.9867,3503.4916,356409223.0,408849901.8559,-0.043,-0.02300768303888756,0.0,-0.021540192540800862,-0.02784382744394931,0.01687461000334427,-0.011878681758824006,-0.009777656451309125,0.01656804020827021,-0.08757158211201599,-2.154
2021-03-08,3524.983,3542.3039,3421.2153,3421.4141,3501.9867,387047954.0,453859203.3418,-2.3008,-0.018156849239617023,0.0,-0.00473718215987462,0.004074504636094822,0.016902177082916334,-0.019484013121823573,0.01503986794636658,0.030240665955462258,0.30098974857432026,-0.4737
2021-03-09,3415.3391,3429.1503,3328.3119,3359.292,3421.4141,407652539.0,456196190.2969,-1.8157,-0.0004628356213154383,0.0,-0.01915782680013156,-0.03095621197063614,0.017377833690930457,0.009083007970571488,-0.027986631969454945,0.033131156504385695,0.2051712726364503,-1.9158
2021-03-10,3389.8388,3397.0251,3354.823,3357.7372,3359.292,299749166.0,339571691.506,-0.0463,0.023555774406645025,1.0,0.008142720446462137,-0.011088519122651852,0.017428458561961114,0.00435971904110688,0.0037665801740505156,0.025262054397156633,-0.11406432183933113,0.8143
2021-03-11,3369.9024,3436.8313,3369.9024,3436.8313,3357.7372,322112044.0,369805365.5281,2.3556,0.004727145030365643,1.0,0.004667185435907051,-0.03255978329621867,0.017466755937004724,0.01675654766600765,-0.011890124787346634,0.01892244979100362,-0.43179502333482134,0.4667
2021-03-12,3447.2033,3454.5064,3417.2389,3453.0777,3436.8313,358027035.0,381964281.2215,0.4727,-0.009594947718668423,0.0,0.016538603103967375,0.005090162086877514,0.01784129111093515,8.509896386810212e-05,0.01645210408308828,0.017961070337406983,0.23733320220366316,1.6539
2021-03-15,3441.882,3457.4892,3392.5089,3419.9456,3453.0777,367813293.0,381646491.3245,-0.9595,0.007832814650619024,1.0,-0.021979805762071924,-0.01232271724558387,0.017892026372326685,0.005606825926022907,-0.02743282063811714,0.028688191260960737,-0.013133133203709235,-2.198
2021-03-16,3424.6524,3448.8829,3406.1746,3446.7334,3419.9456,316668747.0,332388484.7303,0.7833,-0.00034307846379988405,0.0,0.003272126520369678,0.010263541740026305,0.017870653950673804,0.006410292097487336,-0.0031181771507695633,0.01970269717311094,-0.1386409871615797,0.3272
2021-03-17,3435.7319,3454.0562,3410.2815,3445.5509,3446.7334,280059818.0,306630472.1479,-0.0343,0.005084005579484963,1.0,0.006725796427521136,0.00884363695003998,0.01730972905662536,0.007042439140785062,-0.00031442837059980633,0.008539295603486938,-0.2752450287601267,0.6726
2021-03-18,3449.6413,3478.1447,3449.3774,3463.0681,3445.5509,284403891.0,316529174.1157,0.5084,-0.01686501631313575,0.0,0.0002215126315596727,0.004379483262486605,0.01702514046532431,-0.0012212477120981946,0.0014445244658569667,0.013772367005435117,-0.2125451083720229,0.0222
2021-03-19,3423.8733,3439.5236,3389.2929,3404.6634,3463.0681,309161716.0,339992292.814,-1.6865,0.011389026004744007,1.0,0.0127987347300349,0.0006843485638039493,0.01711997989843642,0.009764029355806336,0.003005360941768398,0.009608350451124441,0.10590812985394216,1.2799
2021-03-22,3406.1227,3443.6596,3404.2341,3443.4392,3404.6634,312559084.0,332535035.8413,1.1389,-0.009272822357368704,0.0,-0.01410541894570183,0.008741212510072982,0.0173127472128719,-0.008407887989139606,-0.005745841347011282,0.018154971209683034,0.5903327243179373,-1.4105
2021-03-23,3445.3408,3445.4159,3390.0477,3411.5088,3443.4392,326389409.0,343477167.7071,-0.9273,-0.013028897946855689,0.0,-0.003642517282985591,0.0017888752628862914,0.017213666924393883,-0.006548597596352512,0.0029252365101459787,0.011658124917646671,-0.6132617015562936,-0.3643
2021-03-24,3394.1283,3415.2949,3362.1847,3367.0606,3411.5088,317398697.0,344800038.2458,-1.3029,-0.0010303051866663582,0.0,-0.013431034566323219,-0.018269107875962476,0.017117883164481335,0.00424713712907665,-0.01760340760934387,0.023089913430134425,-0.007907090804424755,-1.3431
2021-03-25,3355.0706,3382.226,3344.9695,3363.5915,3367.0606,270676097.0,290223442.6041,-0.103,0.01627284407158247,1.0,-0.020326079099201477,-0.03843684602805253,0.016465280990004456,-0.0021015967081885467,-0.018262863564963094,0.022136070052755717,0.27159705003434276,-2.0326
2021-03-26,3373.3171,3423.2231,3373.3171,3418.3267,3363.5915,274614987.0,322408619.9464,1.6273,0.0049641539528682,1.0,-0.0006637261651384341,-0.051218266378106,0.016099071138331537,-0.010389660629253838,0.009828044511236422,0.018874108375414575,-0.03563288705136358,-0.0664
2021-03-29,3429.6322,3449.8338,3409.8868,3435.2958,3418.3267,284824243.0,327944119.6624,0.4964,0.006223859965712286,1.0,0.015656849683561846,-0.022576363512186837,0.014668156710062899,0.005162796182455631,0.010440153118442153,0.014367942777694763,-0.07173112324576714,1.5657
2021-03-30,3432.5288,3457.6345,3423.3154,3456.6766,3435.2958,285423081.0,331625651.2185,0.6224,-0.004271472778216934,0.0,6.599278737651204e-05,-0.018938326500570923,0.014097351393590753,-0.000674396880623318,0.0007408893214471135,0.012432758819653686,0.16466881490780771,0.0066
2021-03-31,3452.2078,3452.2078,3420.8321,3441.9115,3456.6766,283049261.0,314174120.1719,-0.4271,0.007094894799009044,1.0,0.008440873305738172,0.002811486529638918,0.014057626562565333,0.007568202750341424,0.0008661156168034978,0.011395178962746597,-0.2268178806689427,0.8441
2021-04-01,3444.8102,3470.0311,3438.8255,3466.3315,3441.9115,275244295.0,292651912.2905,0.7095,0.005210378753445877,1.0,-0.006968769136558528,0.01648426435285444,0.01249004398403161,0.007874376694952279,-0.014727178480501535,0.016437756976642463,0.1749324391934941,-0.6969
2021-04-02,3472.6276,3487.5862,3462.8321,3484.3924,3466.3315,262654873.0,317953200.7675,0.521,-0.00040896656760014416,0.0,,,,,,,,
2021-04-06,3491.6336,3493.2806,3471.761,3482.9674,3484.3924,234746671.0,286329672.7403,-0.0409,-0.0009594692158186868,0.0,,,,,,,,
2021-04-07,3483.4211,3483.4211,3453.1947,3479.6256,3482.9674,295786978.0,323650987.0282,-0.0959,0.0008418147055822001,1.0,0.01974709593757229,0.03724532350093779,0.01258923222805853,0.00761848380896013,0.012036909131285523,0.015049853145091246,-0.1913082171313949,1.9747
2021-04-08,3467.4871,3495.9086,3459.3246,3482.5548,3479.6256,331755329.0,348011326.7694,0.0842,-0.009153509946203786,0.0,-0.009120645888521794,0.011941165489089522,0.012705660248258786,0.005620839055190396,-0.014659088566185918,0.01736564895361722,-0.004203141041262626,-0.9121
2021-04-09,3475.4434,3475.4467,3442.1392,3450.6772,3482.5548,280085196.0,306422226.2545,-0.9154,-0.010933940734879521,0.0,0.011622400156234836,0.023634798135385715,0.012200749565492141,-0.002464882056718798,0.014122091502902334,0.016310837390321787,0.12605246265794356,1.1622
2021-04-12,3445.9696,3456.1581,3403.9012,3412.9477,3450.6772,309577239.0,338890339.5644,-1.0934,-0.004827996631768028,0.0,-0.010661515916088216,0.00424459802292021,0.012335663771268867,0.004976890913459542,-0.01556096162105125,0.01888750268459775,-0.28476900288435836,-1.0662
2021-04-13,3411.2928,3425.3945,3387.902,3396.47,3412.9477,270626054.0,290539879.9261,-0.4828,0.005962425694912676,1.0,-0.00855506153567398,0.002640393116583706,0.012423149120331213,0.0032464772046219004,-0.011763349294959702,0.01803908177345397,0.048888601739992765,-0.8555
2021-04-14,3397.021,3420.0278,3392.9751,3416.7212,3396.47,233242327.0,269010070.6139,0.5962,-0.00519026837776515,0.0,0.001545340291172037,-0.015256020130800518,0.01176176595432277,0.003674796016487347,-0.0021216590610494412,0.014937820876890204,0.03443087164460401,0.1545
2021-04-15,3409.6139,3409.6139,3373.0939,3398.9875,3416.7212,234005054.0,272569196.7674,-0.519,0.008128979585832585,1.0,0.01416206826974542,0.007882531002831872,0.011207819100006778,0.01050276781092907,0.003621267130958561,0.010326961373465764,-0.06027157620041734,1.4162
2021-04-16,3407.188,3432.6286,3394.1344,3426.6178,3398.9875,258579672.0,295951094.7046,0.8129,0.014863256707532413,1.0,-0.003726190562693299,-0.007409317476136823,0.011220670555260713,-0.0009691763177736012,-0.0027596888700168742,0.0122342507118307,-0.020627762208055955,-0.3726
2021-04-19,3427.548,3479.0099,3414.3564,3477.5485,3426.6178,302735819.0,368472467.5245,1.4863,-0.0013244387533343227,0.0,0.006132363472688196,0.009439767516411735,0.011202689351840624,0.001181878739171749,0.004944640767720276,0.012783253233235406,0.14216737208080055,0.6132
2021-04-20,3467.1481,3494.2983,3463.4637,3472.9427,3477.5485,285300082.0,358982768.1976,-0.1324,-3.7144292649449184e-06,0.0,0.0047097468355741245,0.02294533354326811,0.011253052656776785,-0.00033069022782750146,0.005042104438067074,0.01770815103085257,-0.08184027991944731,0.471
2021-04-21,3456.2991,3481.2511,3450.1113,3472.9298,3472.9427,253777859.0,323914146.2319,-0.0004,-0.0022505493776464602,0.0,0.001016280064522368,0.022404968900507916,0.010859420189901955,-0.004925075971916715,0.005970762495338899,0.011497226531162637,-0.002933717041509354,0.1016
2021-04-22,3482.8328,3485.3585,3456.3156,3465.1138,3472.9298,251114510.0,317081034.8733,-0.2251,0.002612381734764302,1.0,-0.01763504810073413,-0.009650587889690532,0.01111935866866913,-0.014877265817606067,-0.0027994301496014895,0.009321887593000148,0.08915303616917569,-1.7635
2021-04-23,3462.0858,3482.3587,3456.3329,3474.166,3465.1138,249360433.0,323015935.2795,0.2612,-0.009498740129285643,0.0,0.004661462263887417,-0.0013128127046928562,0.01115402910313186,0.0033212307210697123,0.0013357950592298717,0.008770201300262192,-0.12932919418204492,0.4661
2021-04-26,3484.1072,3497.1208,3438.5724,3441.1658,3474.166,276970771.0,388161675.5537,-0.9499,0.0004200030117700315,1.0,0.011246954478715931,0.003763931361411732,0.010972928218923322,0.0014991998008022644,0.009733162722299182,0.01148238901018038,-0.01767003360964381,1.1247
2021-04-27,3440.0911,3443.8538,3417.2647,3442.6111,3441.1658,253032393.0,327046020.0177,0.042,0.00419948683718574,1.0,-0.004330309934230225,-0.0052676152634408835,0.009857818666703528,0.0009525856510339548,-0.005277867963973559,0.011360185702617896,-0.06220466840308703,-0.433
2021-04-28,3432.1612,3457.0683,3423.325,3457.0683,3442.6111,247381120.0,349669207.2983,0.4199,0.005158359179655347,1.0,-0.00038994460990515734,-0.006665012340517973,0.009854308424614076,-0.0019842619875155565,0.0015974872107582527,0.008700013090257478,0.026798713122278883,-0.039
2021-04-29,3458.0819,3478.2278,3447.5878,3474.9011,3457.0683,276631387.0,371611589.9109,0.5158,-0.008070646960283256,0.0,0.004484903014836172,0.01570195151128928,0.009335292648580224,0.0017414415404293226,0.0027386922020395943,0.006357989243143191,0.1225397733566016,0.4485
2021-04-30,3468.3022,3469.0872,3426.9023,3446.8564,3474.9011,312660354.0,401442334.6771,-0.8071,-0.00161706765619829,0.0,0.00797761644286088,0.019054547781385933,0.00944621826038774,0.0067719616639618785,0.0011975450497314633,0.008332949220778953,-0.12076302779799164,0.7978
2021-05-06,3446.0743,3471.2396,3426.8487,3441.2826,3446.8564,310424192.0,400525169.5664,-0.1617,-0.006511670968260552,0.0,-0.004873037005806546,-0.022474368226576447,0.009691557259311645,-0.004533717312027785,-0.0003408650796916657,0.012305153807419141,-0.11009964069357814,-0.4873
2021-05-07,3446.407,3457.8924,3416.7755,3418.8741,3441.2826,353785389.0,411078841.6427,-0.6512,0.0026666088698614754,1.0,0.007723279416763651,-0.022721021483616433,0.009473647866026292,0.008093115696471198,-0.0003668671811650759,0.01301464776877182,0.36497102992954567,0.7723
2021-05-10,3423.5896,3429.7359,3401.9346,3427.9909,3418.8741,374170884.0,399717549.0094,0.2667,0.0040415801570536924,1.0,-0.0009361863796578662,-0.003976691982699343,0.009174903669696755,0.002921697664527656,-0.003846645309568242,0.012337686373023297,-0.11690186004315883,-0.0936
2021-05-11,3406.598,3448.0959,3384.6966,3441.8454,3427.9909,350934112.0,390326273.8197,0.4042,0.0060740380727151155,1.0,-0.0005239307740300125,0.008397061240149828,0.008959218296990644,0.005813918942771279,-0.006301214963761015,0.013595287069675143,0.067282007238612,-0.0524
2021-05-12,3429.7544,3466.3708,3428.3944,3462.7513,3441.8454,311444547.0,343860406.4326,0.6074,-0.009592141370360685,0.0,-0.020347493290939878,-0.019026064935073972,0.010066510353703775,-0.010809332605017596,-0.009642388470001317,0.01314360291037179,0.010346858549807436,-2.0347
2021-05-13,3432.138,3448.0169,3418.3846,3429.5361,3462.7513,319325327.0,356376917.8186,-0.9592,0.017740037785285434,1.0,0.007754389709932363,-0.00657822969824029,0.009658737069905044,0.002145727410873377,0.005596653406435781,0.011907341414823606,-0.1113008581460253,0.7754
2021-05-14,3436.0919,3490.6437,3422.5649,3490.3762,3429.5361,336982309.0,411116942.8491,1.774,0.007804201736191008,1.0,-0.01814917197524435,-0.03208350181894626,0.010374885648781534,-0.011017305774070008,-0.0072113154687265535,0.012123534945931925,0.016311372222885367,-1.8149
2021-05-17,3490.4091,3530.5055,3490.1438,3517.6158,3490.3762,322135969.0,424476783.398,0.7804,0.0032404334776980903,1.0,0.011144113335885164,-0.020379823597157065,0.010635052316982073,0.005556543658119306,0.005556693666811441,0.012559404906512375,-0.14181977387690914,1.1144
2021-05-18,3520.6488,3529.0144,3510.862,3529.0144,3517.6158,271308558.0,336028774.6535,0.324,-0.005114657508906717,0.0,0.0059412928056197245,-0.014043040097693082,0.010676977358729373,0.0036728121631663946,0.002260179427959308,0.006930675759618119,-0.012722676530504629,0.5941
2021-05-19,3521.1097,3521.1097,3503.8151,3510.9647,3529.0144,278321117.0,349973152.2934,-0.5115,-0.0011450699005889353,0.0,,,,,,,,
2021-05-20,3500.8773,3517.7399,3486.0662,3506.9444,3510.9647,326009333.0,390355321.4864,-0.1145,-0.005813465420210218,0.0,0.014177439314409623,0.020704074169133113,0.011233640860410484,0.008652167883411055,0.005477875928817877,0.00635984349911635,0.10663222392433802,1.4177
2021-05-21,3510.8353,3518.3769,3479.6744,3486.5569,3506.9444,283826285.0,356025931.2925,-0.5813,0.003076158028569642,1.0,-0.005019268156289836,0.007766274285325725,0.010578264143947037,-0.006306259991235907,0.0012951594471499739,0.007519459631297893,0.17692112433007523,-0.5019
2021-05-24,3486.2711,3498.3037,3469.8746,3497.2821,3486.5569,289509242.0,367181627.934,0.3076,0.024035721911023433,1.0,0.0002864645667934873,0.026688509946545036,0.010516468469231365,0.004711727015787925,-0.0044045096021108066,0.010454023491500505,-0.3997925066246175,0.0286
2021-05-25,3502.539,3584.5774,3502.4429,3581.3418,3497.2821,341241127.0,472213531.4332,2.4036,0.003354943669436894,1.0,-0.0016227171974290133,0.013725413940630649,0.010149382012710451,-0.0014213709535728647,-0.00020163283891661,0.00874397893911262,0.039377167383031875,-0.1623
2021-05-26,3586.8388,3603.4881,3585.3695,3593.357,3581.3418,341980288.0,455831256.6606,0.3355,0.004311761954072457,1.0,0.017548762400456885,0.025422703836158522,0.010932836120070046,0.0017330546742850839,0.015788345659926595,0.016462611562755008,0.3131838347330316,1.7549
2021-05-27,3585.7337,3626.3584,3579.2601,3608.8507,3593.357,309551486.0,429004239.2706,0.4312,-0.0022351437259513496,0.0,0.00882540332594739,0.020011324129243224,0.011108998552377512,0.005029943765076483,0.00377646415852273,0.00809073130304667,0.06837958302206637,0.8825
2021-05-28,3610.7668,3622.1801,3582.358,3600.7844,3608.8507,349208830.0,452445031.9652,-0.2235,0.0040804720215961154,1.0,-0.0018106693373552973,0.023300641223692242,0.011077657788695867,-0.0057471008204412755,0.003959185320288494,0.007105188539673393,0.4126254314414286,-0.1811
2021-05-31,3600.0702,3615.6568,3580.6524,3615.4773,3600.7844,331523770.0,449694380.9755,0.408,0.0025547111027359737,1.0,0.0003850487064287478,0.02340149354637866,0.010923610365788925,0.0036498907711965956,-0.0032529690829330438,0.010387384416690706,-0.3840443466397758,0.0385
2021-06-01,3608.5978,3626.0737,3581.9115,3624.7138,3615.4773,352811413.0,471663104.7967,0.2555,-0.007607745472207994,0.0,0.0009404482356896171,0.026028904423653687,0.009913871015638606,0.003469598182417988,-0.002520405153588645,0.010847945074252102,-0.16900652082762058,0.094
2021-06-02,3626.3283,3629.2896,3584.5955,3597.1379,3624.7138,348558420.0,454678066.3756,-0.7608,-0.0035933568184861597,0.0,0.010846671560589716,0.01927095907904497,0.009614953290156348,0.00024904122558466746,0.010594991745275673,0.015220672479915447,-0.17782499842992117,1.0847
2021-06-03,3595.4215,3618.5067,3584.2054,3584.2121,3597.1379,354233031.0,443506527.3292,-0.3593,0.0021295056729482287,1.0,-0.005781865073978598,0.004512444451606479,0.009686100458003435,-0.0018107777928600965,-0.003978291082263774,0.009565630514456394,0.05372787780529009,-0.5782
2021-06-04,3565.4716,3618.8001,3561.8907,3591.8447,3584.2121,330893038.0,435280519.9329,0.213,0.0021427151346493645,1.0,-0.011317984191207331,-0.00505509528323933,0.010005126587766535,0.0023107679053793184,-0.013597331818621439,0.01622077151659429,0.1481017494419099,-1.1318
2021-06-07,3597.1413,3600.3759,3581.8988,3599.541,3591.8447,303718677.0,432219952.2222,0.2143,-0.00539921617784056,0.0,-0.0016546968984013644,-0.007083748649328925,0.009892730596907288,-0.0044217312486384275,0.002779323773014264,0.009846361410245006,0.3093841121056169,-0.1655
2021-06-08,3598.7527,3621.5227,3563.2503,3580.1063,3599.541,304491470.0,443161808.0078,-0.5399,0.0031535935120139413,1.0,-0.004523810347152768,-0.01250420214189174,0.009953139865828119,0.002334178248225127,-0.00684201810554208,0.013430342934010223,-0.17150176521448302,-0.4524
2021-06-09,3576.8015,3598.7082,3572.6364,3591.3965,3580.1063,298323296.0,403236322.7539,0.3154,0.005419201138053165,1.0,-0.0002049516314148736,-0.023300529387810465,0.009951912960541485,0.003933681820581958,-0.004122417174500681,0.011841688412382116,-0.45848665230571584,-0.0205
2021-06-10,3587.5282,3624.3433,3584.1332,3610.859,3591.3965,318174808.0,442117285.3839,0.5419,-0.005846503560510197,0.0,-0.0013463565680311707,-0.018943176954305474,0.008697903493803973,-0.00035578558081650336,-0.0009909235435230368,0.005972264012358096,0.10503032886690278,-0.1346
2021-06-11,3614.1134,3614.4038,3587.1491,3589.7481,3610.859,360554970.0,495372693.0645,-0.5847,-0.009245523383660137,0.0,-0.00013046822785522938,-0.00784194451224407,0.008568686987280605,0.0017183535396725347,-0.0018456502878227976,0.010070755529330571,0.07105793964561435,-0.013
2021-06-15,3587.4658,3592.9465,3547.187,3556.559,3589.7481,349168566.0,444719204.2183,-0.9246,-0.010749097653096729,0.0,0.0035926939393602364,-0.002627074392854256,0.007307564278722177,0.0043850003897158985,-0.0007888473543993246,0.007701413555434371,0.04953077773569703,0.3593
2021-06-16,3556.7139,3561.0921,3513.5592,3518.3292,3556.559,312597306.0,410609314.681,-1.0749,0.002067742836571407,1.0,-0.007059118033238221,-0.005167212741182925,0.0072438574281783715,0.0036165844894255894,-0.01063723207413414,0.017091664173207705,0.15333923441341568,-0.7059
2021-06-17,3508.317,3534.1976,3507.3535,3525.6042,3518.3292,277229918.0,388761041.6794,0.2068,-0.0001439185941519705,0.0,-0.00704261007810103,-0.011970933985792187,0.007368227427496977,-0.0010182086859905626,-0.006030541742093498,0.00855490836994776,-0.14591101179270716,-0.7043
2021-06-18,3520.4966,3535.6221,3503.1833,3525.0968,3525.6042,296708585.0,446297401.4031,-0.0144,0.0011590603696329804,1.0,0.004281418047856311,-0.00640303270786291,0.006700168270832449,-0.0068910610320978005,0.01125000354096617,0.0120442355761048,-0.084171169306126,0.4281
2021-06-21,3515.5006,3540.2959,3504.0075,3529.1826,3525.0968,280898277.0,426562789.1481,0.1159,0.007998849365289162,1.0,0.00849761840483021,0.002170926633188186,0.006851529323579127,0.0009611819070900474,0.007529199567341216,0.010461650942851059,0.6892549150165816,0.8498
2021-06-22,3539.7876,3560.1946,3536.812,3557.412,3529.1826,307536399.0,437092259.1734,0.7999,0.002475929130502763,1.0,-0.01084223022109787,-0.012243547893307505,0.007317422974599653,-0.010403360685136476,-0.00044348325219178975,0.009558259062881632,-0.5442343627284458,-1.0842
2021-06-23,3559.3988,3577.4661,3549.8482,3566.2199,3557.412,310709518.0,470347635.637,0.2476,0.00012169748702262062,1.0,-0.006291551124995687,-0.011479988672603025,0.007447879791815615,0.003024325178138998,-0.00928778701501587,0.009805187967285625,-0.09741282254328176,-0.6292
2021-06-24,3568.5758,3570.4874,3548.8161,3566.6539,3566.2199,335440754.0,461273595.5697,0.0122,0.011469545727439412,1.0,0.017919968237102735,0.01337103560029873,0.007494634228464922,0.005598069358412117,0.01225330403284497,0.01720890604512367,0.14689240143074223,1.792
2021-06-25,3567.3772,3614.2981,3564.5199,3607.5618,3566.6539,346087832.0,483898970.8686,1.147,-0.0003297518007869815,0.0,0.0022691411722288723,0.011340545874288566,0.007220409551678294,0.0016792130497653712,0.0005889391681268563,0.0073230900990280704,-0.28583724879032957,0.2269
2021-06-28,3612.2469,3614.3574,3594.2174,3606.3722,3607.5618,321274974.0,456029594.4013,-0.033,-0.009204346683905684,0.0,0.014048664829796387,0.016907240548767577,0.007903261637203667,0.004162041598949617,0.009845645245765366,0.011549223992693133,0.2210120886562823,1.4049
2021-06-29,3601.6772,3601.8265,3570.5253,3573.1779,3606.3722,306071178.0,440898705.2251,-0.9204,0.005042877937871504,1.0,-0.0006801369287721126,0.02735441749447154,0.007906454634507737,0.002672405492720298,-0.003343606947919242,0.006325410011260445,-0.3513673284686796,-0.068
2021-06-30,3572.6236,3594.1185,3569.501,3591.197,3573.1779,268162818.0,414698378.9335,0.5043,-0.0006725891116527993,0.0,-0.009368497657875619,0.024173288646742286,0.008191749602394913,0.0008059914651687983,-0.010166295175900286,0.012548730196150744,0.4433431175493734,-0.9369
2021-07-01,3600.5464,3607.7049,3573.9374,3588.7816,3591.197,291883192.0,450639036.9874,-0.0673,-0.019511385145309368,0.0,,,,,,,,
2021-07-02,3569.8919,3569.8919,3514.3386,3518.7595,3588.7816,291945548.0,452263194.296,-1.9511,0.004422780244003555,1.0,-0.005730476200330292,0.0003775539983768006,0.00784219741672102,0.003924936452588623,-0.009617663933159104,0.010987752680717737,-0.1386074438631848,-0.573
2021-07-05,3516.9228,3534.3222,3510.5781,3534.3222,3518.7595,288094837.0,445431942.1466,0.4423,-0.0011496688106138464,0.0,-0.017952369141753133,-0.019805792165902836,0.00865706312574137,0.0010777734802509542,-0.01900965452049319,0.021759785208452245,0.31680572808345353,-1.7952
2021-07-06,3533.1304,3538.347,3496.9276,3530.2589,3534.3222,314070211.0,492886901.1857,-0.115,0.006644441856658245,1.0,-0.005896062297910065,-0.03908465587871168,0.00842093207445545,-0.007471100746650805,0.0015868942958996435,0.010458340074078793,-0.4325871282876772,-0.5896
2021-07-07,3508.5901,3557.879,3504.4723,3553.7155,3530.2589,318839189.0,457607653.2252,0.6644,-0.007938620860336032,0.0,-0.00250999342654612,-0.040844189788952545,0.008424434216317538,-0.000244106099099195,-0.0022664405794154963,0.008770053475935818,0.04125783785160664,-0.251
2021-07-08,3557.2177,3558.6772,3521.0579,3525.5039,3553.7155,350877857.0,526858672.9697,-0.7939,-0.0004015879829264435,0.0,-0.003998167625243743,-0.03564449318999385,0.0084151497338377,-0.010510151085425523,0.006581152365863208,0.009475343801807154,0.0692445392122778,-0.3998
2021-07-09,3512.2334,3529.3098,3485.0543,3524.0881,3525.5039,349884317.0,493020839.3281,-0.0402,0.006738792937668103,1.0,-0.028879545589475364,-0.058097089803471946,0.010404437692372901,-0.0028296940482721578,-0.026123773828524266,0.028985051118322926,0.3680384012360065,-2.888
2021-07-12,3545.1977,3565.0321,3527.3927,3547.8362,3524.0881,403639558.0,564759282.7059,0.6739,0.005266956800316747,1.0,0.007049279401674768,-0.034117473354333794,0.01063535251322803,-0.00079401527558709,0.007849527321861727,0.02168884397489357,-0.1650509227210506,0.7049
2021-07-13,3547.5897,3567.4813,3542.8154,3566.5225,3547.8362,362416711.0,511917230.6954,0.5267,-0.010660636516382604,0.0,0.006242562500594184,-0.022323449464352274,0.010802232930592282,0.012000933275893466,-0.005690084451463018,0.011733238152845143,-0.19641219853487613,0.6243
2021-07-14,3560.8281,3560.8281,3525.4938,3528.5011,3566.5225,372221722.0,507716415.4215,-1.0661,0.0102278840156802,1.0,0.016288064359969212,-0.00389878338010452,0.011505549246421408,0.006497853553158128,0.009727006145367811,0.015977690908747334,-0.028930349096873087,1.6288
2021-07-15,3519.063,3565.9347,3514.258,3564.5902,3528.5011,363259164.0,507481841.3079,1.0228,-0.007093774762664151,0.0,-0.006292151064551832,-0.006192995720409655,0.011487248258491534,7.080681504856301e-05,-0.0063625073707178625,0.009179138023581541,-0.06732208309744259,-0.6292
2021-07-16,3559.526,3565.9992,3537.7288,3539.3038,3564.5902,366014779.0,518640630.0714,-0.7094,-5.122476346908211e-05,0.0,0.007514540731682562,0.031051300531467207,0.011574714642512642,0.000501665139599039,0.007009359240901514,0.015838799228141003,0.10946865967043351,0.7515
2021-07-19,3530.4932,3544.8793,3506.3423,3539.1225,3539.3038,336760946.0,486952459.447,-0.0051,-0.0006589203962281687,0.0,0.0003003971600501476,0.024141565372831186,0.011518335180164681,-0.0008468985332689138,0.001148268159939514,0.01214447496041437,-0.055651599384137995,0.03
2021-07-20,3515.0718,3538.6361,3509.1916,3536.7905,3539.1225,293780594.0,422649888.6433,-0.0659,0.007314710893958631,1.0,-0.01838621259018136,-0.000925305394392395,0.011923546593237428,-0.007789412341080104,-0.010679991103606401,0.013899462518407638,-0.04926471851308101,-1.8386
2021-07-21,3543.0534,3569.0898,3543.0534,3562.6611,3536.7905,338978748.0,517239989.15,0.7315,0.003388843244169326,1.0,-0.008386025642984407,-0.025181478224579945,0.011842872358233935,-0.0034176337533439183,-0.004985430264387025,0.014964470432284252,0.18869042182477003,-0.8386
2021-07-22,3563.6608,3576.4732,3558.2933,3574.7344,3562.6611,381067054.0,566769499.1649,0.3389,-0.00680833798449465,0.0,-0.0012718618450616725,-0.020256619352758354,0.01180331460084421,0.002933683061713044,-0.0041932432600491065,0.014691159881508155,-0.3025203809329611,-0.1272
2021-07-23,3571.7152,3571.8541,3541.5101,3550.3964,3574.7344,446421246.0,604195152.7126,-0.6808,-0.023365137481550002,0.0,0.018338574920164108,-0.009730939157251983,0.011840596358251552,0.008804543541167442,0.009450821212134475,0.011176664617048226,0.07743927640168913,1.8339
2021-07-26,3538.0143,3538.0143,3424.7424,3467.4409,3550.3964,442882203.0,639061193.8034,-2.3365,-0.02487644418106738,0.0,-0.014495106017059722,-0.02437806823716615,0.012122555564631089,0.0006171583734433383,-0.0151029434824691,0.018717104124104014,-0.4239403429867199,-1.4495
2021-07-27,3467.4473,3483.8738,3380.2763,3381.1833,3467.4409,469075443.0,702741087.4896,-2.4876,-0.0057949535004505615,0.0,-0.04134619818915031,-0.047197904093812304,0.014237449900956337,-0.018163032108214683,-0.02361203217955299,0.02566980870346873,0.8236400610816474,-4.1346
2021-07-28,3355.8189,3385.536,3312.7206,3361.5895,3381.1833,395825419.0,564697720.1252,-0.5795,0.014913926878936223,1.0,-0.04222191848602952,-0.07970945642304905,0.01637170643601631,-0.006903168562387818,-0.03556425597744994,0.06012334913440277,0.5469756359114832,-4.2222
2021-07-29,3403.8383,3416.6071,3382.571,3411.724,3361.5895,344569428.0,539748855.3829,1.4914,-0.004210950240992606,0.0,0.015444604911898585,-0.06430585889662943,0.01714840175800539,0.010775148157788905,0.004619679028140089,0.026800146533404703,-0.3170820052678458,1.5445
2021-07-30,3398.196,3404.8813,3370.4506,3397.3574,3411.724,381440956.0,568820969.728,-0.4211,0.019700017431195205,1.0,0.03303148165885994,-0.05080537183882172,0.019275743648544112,0.02934299761167125,0.0035833381640006934,0.018761963234497546,-0.03592326301632376,3.3031
2021-08-02,3385.6902,3464.2914,3367.643,3464.2854,3397.3574,432927871.0,657885783.9201,1.97,-0.004703423107114801,0.0,-0.013463260184561676,-0.04981154367289631,0.01913489828420797,-0.010354424722937017,-0.0031413624627729675,0.019536528531669026,-0.2995928343730654,-1.3463
2021-08-03,3446.7841,3470.6571,3435.4619,3447.9914,3464.2854,400698081.0,603419198.4853,-0.4703,0.008476587267590041,1.0,0.010583940621770482,0.0016600285885328692,0.019408488693615222,0.0036123374149639176,0.006946510068582157,0.021472953885111612,-0.31564471223355994,1.0584
2021-08-04,3442.9368,3477.5972,3440.7835,3477.2186,3447.9914,348744218.0,546820755.9833,0.8477,-0.003068400703941876,0.0,-0.0015619878181720726,0.04418285104735897,0.019411735730825695,0.002030050541626416,-0.0035847611135583213,0.019608321453891336,0.12794052831579883,-0.1562
2021-08-05,3461.7185,3486.1572,3449.3885,3466.5491,3477.2186,348436922.0,540401110.8914,-0.3068,-0.0024004852549183164,0.0,0.008846405510707811,0.03739791504081813,0.019598149873051432,-0.0012594093030605658,0.010118558220124418,0.02447010515819532,-0.12349102765469766,0.8846
2021-08-06,3465.4842,3466.3904,3436.9317,3458.2277,3466.5491,336824400.0,516406643.1359,-0.24,0.010527675780284795,1.0,-0.008395344833131868,-0.004204014999627637,0.018667470262683308,-0.0013827003524864434,-0.007022354292400834,0.016763444339121074,-0.04659559128669777,-0.8395
2021-08-09,3441.7502,3502.841,3438.703,3494.6348,3458.2277,349910094.0,539498929.5669,1.0528,0.010100082560844381,1.0,-0.0009650944163047681,0.008411453628766052,0.01855752309463453,0.0022240293626829555,-0.0031820468134411417,0.010473697647253187,-0.08361853502285044,-0.0965
2021-08-10,3488.6642,3529.9309,3477.0641,3529.9309,3494.6348,345112992.0,553440311.8015,1.01,0.0007621678939946364,1.0,0.003972589134968674,0.001814314791239502,0.018511279319825893,-0.00802806787015753,0.012097778794365466,0.02316286851493934,0.01620945378816785,0.3973
2021-08-11,3527.1093,3544.0941,3524.0444,3532.6213,3529.9309,383783554.0,541942732.5995,0.0762,-0.0022317421909899826,0.0,0.012259448929742733,0.0156824898968575,0.018321336426239752,0.006590091084106353,0.00563224086532621,0.017961146579209757,0.09052223186451513,1.2259
2021-08-12,3522.7238,3538.396,3513.4457,3524.7374,3532.6213,381074593.0,538163449.8541,-0.2232,-0.002394079059620191,0.0,0.002049942831627405,0.008839973435806003,0.018321216662255262,-0.004280298673738803,0.006357453304312921,0.01383241585800295,0.3302776184912304,0.205
2021-08-13,3514.4671,3540.0799,3500.7995,3516.2989,3524.7374,378187282.0,532907854.2953,-0.2394,0.0002974149893799627,1.0,-0.005339052728865812,0.01194938768594489,0.018198338828513135,-0.001364958049764109,-0.0039795265659221535,0.012295125010502596,-0.37764391329956304,-0.5339
2021-08-16,3514.3445,3537.85,3510.8976,3517.3447,3516.2989,391099721.0,535458941.4173,0.0297,-0.020006199562982885,0.0,-0.0047590639049515104,0.00810637371368328,0.01819179125455462,-0.00835777601627885,0.003629042838525276,0.012131841908573146,-0.21399096586334032,-0.4759
2021-08-17,3512.109,3531.7249,3438.1233,3446.976,3517.3447,422885804.0,570430624.0187,-2.0006,0.01111406055626718,1.0,-0.00796313375230473,-0.0038784936499844935,0.017868300161012707,-0.001001454249492828,-0.006968658295274932,0.015262799327968412,0.20991637555239961,-0.7963
2021-08-18,3442.3472,3487.4364,3437.6908,3485.2859,3446.976,389203756.0,535463068.0655,1.1114,-0.005661314614103796,0.0,-0.016637345663687242,-0.032314601200798876,0.018110274190933497,-0.001663772761335558,-0.014998527043106114,0.024575023699977,0.3293844646515325,-1.6637
2021-08-19,3475.298,3480.4598,3446.0146,3465.5546,3485.2859,382383031.0,537926524.3717,-0.5661,-0.011028768670965361,0.0,0.004705220681996636,-0.029750384093718885,0.0181841540436185,0.0021036383699599703,0.0025961210122624756,0.012281193061255987,-0.2655930617883051,0.4705
2021-08-20,3442.5062,3453.1531,3394.9723,3427.3338,3465.5546,391136918.0,552667602.5517,-1.1029,0.014529749042827333,1.0,-0.021288892686089245,-0.04530877726751281,0.017963598180858038,-0.003060655251611921,-0.01828419906436518,0.025099537982936567,0.27496784748531766,-2.1289
2021-08-23,3436.7963,3481.2543,3436.6706,3477.1321,3427.3338,384727440.0,564308155.5138,1.453,0.010738418595025445,1.0,-0.01843118651084108,-0.05842384817604973,0.018101315301148082,-0.002962909710846784,-0.015514244104507968,0.026194555055965907,0.21086452868509298,-1.8431
2021-08-24,3482.2658,3522.6973,3481.1409,3514.471,3477.1321,430236463.0,616084137.9418,1.0738,0.007373143781809421,1.0,0.010457663104453507,-0.04094003924914802,0.01616536754083359,0.012866543365478655,-0.0023782800180377484,0.016955523040098647,-0.2677541549475997,1.0458
2021-08-25,3517.9151,3540.3948,3510.0664,3540.3837,3514.471,450047019.0,598611868.6554,0.7373,-0.010936498210631806,0.0,0.02462525274207983,-0.0006971992012699824,0.014198896447103447,0.012707893677276205,0.011767814923936193,0.01458287451129223,-0.062351092458133195,2.4625
2021-08-26,3537.3139,3537.3155,3499.4529,3501.6643,3540.3837,502903147.0,622393475.9721,-1.0936,0.005852188629275501,1.0,-0.0013203554737420964,-0.006690375114866254,0.013813176268314537,0.007856445449146321,-0.009105265898060266,0.01687544115497865,-0.1790410823507287,-0.132
2021-08-27,3494.4176,3530.1927,3493.375,3522.1567,3501.6643,455345906.0,595518692.6378,0.5852,0.0017019401777325083,1.0,-0.010829786778599693,0.003924739486331319,0.01170005692787801,-0.0007850097007272572,-0.010052668520178942,0.01754459707440846,0.06634281301680822,-1.083
2021-08-30,3535.0727,3539.494,3512.9929,3528.1512,3522.1567,512785716.0,699116242.8301,0.1702,0.00447514834398266,1.0,-0.00030689703879760444,0.022461822507456652,0.011367379409368657,-0.003074478796365576,0.002776116870020884,0.013248115632509005,-0.18256770146031798,-0.0307
2021-08-31,3519.0245,3543.9402,3496.3891,3543.9402,3528.1512,524205056.0,703504818.9212,0.4475,0.006535268286976148,1.0,0.005181461349210936,0.017122939880738874,0.011139147664441214,-5.5100994218681976e-05,0.005236850899120737,0.014317993347735718,0.2669755069899029,0.5181
2021-09-01,3543.8663,3582.3236,3514.6744,3567.1008,3543.9402,667276305.0,842528984.3642,0.6535,0.008393875496874204,1.0,0.013291155596381277,0.005871831069126587,0.011605100133445926,-0.000599462637150161,0.013898950134832777,0.030081591132808203,0.3799845175899428,1.3291
2021-09-02,3559.9025,3597.3656,3557.6769,3597.0426,3567.1008,572684039.0,691113292.7745,0.8394,-0.004255773896033488,0.0,0.005769158688186726,0.01301240175216356,0.01149393791764858,-0.00027705872601679893,0.006047893035743268,0.015759502206229847,-0.2910363087216563,0.5769
2021-09-03,3602.7421,3613.948,3569.3989,3581.7344,3597.0426,614532353.0,743840780.5968,-0.4256,0.01120264528827164,1.0,0.002387402322626686,0.026548167686968327,0.011365970076201111,0.006732290135079921,-0.004315832376718842,0.01503479483285309,-0.07466776400482189,0.2387
2021-09-06,3580.1413,3626.2865,3580.1413,3621.8593,3581.7344,521713276.0,654085732.9186,1.1203,0.01511027775154039,1.0,-0.0072225716479183966,0.019446715173908613,0.011474986016813125,-0.0025971208600242823,-0.0046374949226961615,0.009238636542211104,0.2305987185971663,-0.7223
2021-09-07,3621.7099,3681.9254,3615.1444,3676.5866,3621.8593,547721875.0,658867924.8251,1.511,-0.0003808151833007978,0.0,0.010101154390067979,0.024436227120770315,0.011679863239230103,-0.0028885811476262457,0.013027366141935115,0.013483906062816102,-0.2874481853837594,1.0101
2021-09-08,3673.4023,3695.3204,3660.9998,3675.1865,3676.5866,586436193.0,674348482.6573,-0.0381,0.004882228425686863,1.0,0.0072619892576069045,0.018340746682926845,0.011451325338680363,0.0016660532196792754,0.005586628417665107,0.012363727816056089,-0.03741791157594676,0.7262
2021-09-09,3666.8246,3693.4499,3662.1633,3693.1296,3675.1865,604810330.0,679465424.3763,0.4882,0.0027025046724598045,1.0,-0.0012408157813553755,0.01124315120201902,0.011437701578002162,0.001611922152659817,-0.0028481469428639494,0.014997933870969577,0.01030910298133314,-0.1241
2021-09-10,3691.1856,3722.8732,3681.6415,3703.1103,3693.1296,635200433.0,759084638.0822,0.2703,0.0033112705284528143,1.0,-0.022982850529977505,-0.014351239132509463,0.012459083026352616,-0.00927018916124922,-0.013840969776733658,0.019017945034616925,0.1162538439079821,-2.2983
2021-09-13,3699.2534,3716.8315,3692.8157,3715.3723,3703.1103,557484019.0,696192354.6521,0.3311,-0.01420336799087396,0.0,0.019050785503188727,0.011733461405861068,0.013240319430194391,0.006016098926738156,0.012956737561512721,0.013034686576450486,-0.043735851539421944,1.9051
2021-09-14,3709.6336,3723.8451,3655.6341,3662.6015,3715.3723,564952386.0,693778088.2515,-1.4203,-0.0017414670965433254,0.0,-0.014962273777174628,-0.013370468853136974,0.013543399056794355,-0.012234263187197114,-0.0027617991678674514,0.012060638230078686,0.14584402215411885,-1.4962
2021-09-15,3651.1583,3677.5265,3638.3225,3656.2232,3662.6015,474970001.0,604231544.0877,-0.1741,-0.013437636958268828,0.0,-0.012070283309592922,-0.03230674483932583,0.01329534237622668,0.0005380840720528024,-0.012601586668576803,0.02025466213627506,0.035383323019543056,-1.207
2021-09-16,3664.841,3677.9198,3606.7276,3607.0922,3656.2232,546741474.0,673955340.4248,-1.3438,0.0019057178521801887,1.0,-0.01839133283638339,-0.04892380322427825,0.013822014555401172,-0.0075365958192675775,-0.01093716601679251,0.01650718388156648,0.009090452998428589,-1.8391
2021-09-17,3595.2715,3620.9575,3569.2707,3613.9663,3607.0922,516850210.0,628834394.2612,0.1906,0.004018687169274449,1.0,-0.01459501198607771,-0.04075867164411262,0.013393181612145437,0.0003523319622213972,-0.014942079376152773,0.02158492658352645,0.03209474721388439,-1.4595
2021-09-22,3563.2074,3629.4539,3560.5033,3628.4897,3613.9663,472296053.0,559874729.6063,0.4019,0.003784136413560679,1.0,,,,,,,,
2021-09-23,3651.2661,3670.9542,3632.2822,3642.2204,3628.4897,534995486.0,633218929.0713,0.3784,-0.008004210837982195,0.0,0.005079019417290498,-0.050218745576367185,0.013433500169187276,-0.00962606964397894,0.014848017108026301,0.021304079730645985,-0.24291675236639243,0.5079
2021-09-24,3637.8677,3651.4294,3607.7919,3613.0673,3642.2204,507304772.0,606788609.0826,-0.8004,-0.008368678878469926,0.0,0.011949694362951346,-0.020861487599872275,0.01383857833224653,0.016208713401377306,-0.004191086911832009,0.02121169834783415,0.26541113468850064,1.195
2021-09-27,3625.9597,3640.8077,3559.9154,3582.8307,3613.0673,510802795.0,640673648.2334,-0.8369,0.005411279969215421,1.0,-0.013007231860986401,-0.01928380462829138,0.013917866732253877,-0.0009685455253114483,-0.01205035765566076,0.022065621203232126,-0.2973102958135527,-1.3007
2021-09-28,3577.8859,3610.917,3568.8189,3602.2184,3582.8307,444168807.0,500081996.0599,0.5411,-0.01830094477336519,0.0,0.0006869994246070377,-0.028569754694479643,0.013927396574805356,-0.002510730749135326,0.0032057790217070448,0.015607535664446736,0.14277871133693765,0.0687
2021-09-29,3573.5178,3573.5178,3518.0477,3536.2944,3602.2184,452511151.0,511106926.3146,-1.8301,0.00901293738439879,1.0,0.012045629726074703,0.016649971741730107,0.014203853146494035,0.004718122928953905,0.007293097068618248,0.018442895511463178,0.05619753632125146,1.2046
2021-09-30,3541.9283,3572.4259,3541.9283,3568.1668,3536.2944,395629626.0,445734703.1433,0.9013,0.0067260869082690355,1.0,0.006657445044752297,0.018246568962997367,0.013902780692056365,-0.009129650589235538,0.015932554287628076,0.026467741942066945,-0.1337541366711914,0.6657
2021-10-08,3609.0874,3612.5539,3571.7338,3592.1666,3568.1668,407161148.0,492964826.4347,0.6726,-0.00012747181603434132,0.0,0.030677833925618625,0.0015500638595495886,0.015920222156884458,0.01555630382254547,0.014889898320906259,0.01799053595249026,-0.06268176658761604,3.0678
2021-10-11,3600.3569,3614.6988,3586.7487,3591.7087,3592.1666,394361159.0,468673831.4448,-0.0127,-0.012465515368771385,0.0,0.005510545212825235,0.010669508505170233,0.01603313609521696,0.014698160817076422,-0.009054530656538273,0.018995430684409453,0.2903309977534754,0.5511
2021-10-12,3581.2967,3583.6391,3515.1408,3546.9362,3591.7087,405393748.0,461983492.1019,-1.2466,0.0041799736910970164,1.0,0.019616834790450843,0.05361541697019989,0.016036663155576416,0.013042594266412078,0.006489599313244776,0.011086305779284463,-0.10951570545503664,1.9617
2021-10-13,3543.4918,3569.1332,3515.6481,3561.7623,3546.9362,325050667.0,405020008.8069,0.418,-0.0009778305531505938,0.0,,,,,,,,
2021-10-14,3555.1085,3569.6864,3547.182,3558.2795,3561.7623,294969196.0,377519263.0935,-0.0978,0.003958851461780766,1.0,,,,,,,,
2021-10-15,3551.9874,3578.7661,3542.6932,3572.3662,3558.2795,320292984.0,425924720.8639,0.3959,-0.0011836132589093662,0.0,-0.014313868183686629,0.035613784348338395,0.01560986215982169,-0.012996597445458224,-0.0013346162078257118,0.01275336040266785,-0.14153960992790537,-1.4314
2021-10-18,3571.0482,3571.0482,3539.4779,3568.1379,3572.3662,340950616.0,455787893.4246,-0.1184,0.0070107716408605025,1.0,0.014756882198521781,0.05693240854209347,0.015756056015272066,0.008991855412439076,0.005713650467204401,0.0160800622050836,0.24520519140413022,1.4757
2021-10-19,3562.2955,3596.7875,3560.6221,3593.1533,3568.1379,334197652.0,440181531.8002,0.7011,-0.0017122564740000845,0.0,0.0031104229764684632,0.028662769773615038,0.015550151181535863,0.003725085823829799,-0.0006123816730723153,0.011924932967404303,-0.35282537781623446,0.311
2021-10-20,3583.2364,3596.0499,3574.2957,3587.0009,3593.1533,344245008.0,450482950.9318,-0.1712,0.0021695561882908443,1.0,0.014854927734432533,0.038222309902024465,0.015262474312484103,0.0024203307785397588,0.012404573784168482,0.01379745963655684,0.013973052542365139,1.4855
2021-10-21,3590.0496,3610.9602,3576.3547,3594.7831,3587.0009,352310867.0,453571672.4883,0.217,-0.003388104278113535,0.0,0.01352647300735521,0.032020814141233034,0.014985212244609731,0.011129160541214045,0.00237092604950484,0.011595283088011539,0.08727672081171356,1.3526
2021-10-22,3594.7457,3607.5776,3578.7602,3582.6036,3594.7831,353157203.0,455441250.1364,-0.3388,0.0076087122784112005,1.0,-0.004533590041636115,0.04226083911965861,0.014973405332494397,0.00022306380236924994,-0.004755593043338502,0.014891708837076155,0.13401199383160112,-0.4534
2021-10-25,3574.2631,3611.0908,3564.2059,3609.8626,3582.6036,321196816.0,443961628.8447,0.7609,-0.0033865277864038035,0.0,0.0042048572635451364,0.03142281224241006,0.01246731396085999,0.003740170569612067,0.0004629551626584849,0.008427394914121443,-0.20444407596655623,0.4205
2021-10-26,3612.8332,3625.0156,3589.706,3597.6377,3609.8626,337278291.0,465179593.7474,-0.3387,-0.009821027837239038,0.0,0.00019520089042224242,0.02842530918249886,0.01249536528975521,-0.004062857748690751,0.004275429099358297,0.010840538861626805,-0.15522988884566402,0.0195
2021-10-27,3589.8573,3589.8573,3553.1277,3562.3052,3597.6377,350620940.0,470777794.1118,-0.9821,-0.012320280699138264,0.0,-0.0035879340410981397,0.009735834159647405,0.012449980785709469,0.003938079054707888,-0.007496491320353682,0.012622823408667331,0.05237603955976411,-0.3588
2021-10-28,3548.7021,3552.0419,3509.4872,3518.4166,3562.3052,378171666.0,502982768.1047,-1.232,0.008219464403391052,1.0,-0.01572800343494396,-0.0194092291022121,0.012648528809210446,-0.009336257746770493,-0.006451983065046574,0.009217202218119714,0.05537808711469516,-1.5728
2021-10-29,3519.3276,3547.3361,3502.8013,3547.3361,3518.4166,358809377.0,527231831.3804,0.8219,-0.0008052803341640491,0.0,-0.0028487549524479627,-0.017749571154525356,0.012706608353375488,0.0007678879258206095,-0.003613867832794382,0.010270501007852947,0.2207101460650076,-0.2849
2021-11-01,3530.3963,3556.59,3519.2901,3544.4795,3547.3361,382251325.0,564100255.0836,-0.0805,-0.010961045197186214,0.0,-0.0069843436286107785,-0.02869414814522786,0.012689335381253131,-0.0034774980014266044,-0.003519083232090603,0.007903511267336115,0.014878537940807846,-0.6984
2021-11-02,3543.3827,3559.0478,3477.664,3505.6283,3544.4795,417563173.0,585519469.7523,-1.0961,-0.0020228898768303027,0.0,-0.00878424919337173,-0.03741423838867475,0.01284929574682736,-0.004290852748368379,-0.004512760033797192,0.011739259273270058,-0.2568255034545732,-0.8784
2021-11-03,3501.1051,3512.6089,3480.4877,3498.5368,3505.6283,306607669.0,449115126.7198,-0.2023,0.008097356586330706,1.0,-0.0021725890423593963,-0.036046941674696575,0.012826699015646807,0.018076020341635024,-0.019889093721311424,0.024209360459754078,0.21361449478869687,-0.2173
2021-11-04,3505.8944,3527.9517,3503.0059,3526.8657,3498.5368,319440829.0,468829179.5982,0.8097,-0.010008319851816272,0.0,-0.00298489980147143,-0.023566901845350263,0.011680888227764452,-0.0015434465871463354,-0.001443681459546764,0.01507987953626482,-0.1502862861529497,-0.2985
2021-11-05,3520.2073,3525.8723,3491.4565,3491.5677,3526.8657,354533565.0,485823223.5126,-1.0008,0.002022902205218502,1.0,0.008009670426277982,-0.012934085623850344,0.011755567425919456,0.004649397096873953,0.0033447223868485754,0.009375518236945383,-0.030616736611793982,0.801
2021-11-08,3491.9709,3507.2744,3484.2399,3498.6308,3491.5677,298183722.0,421968075.3508,0.2023,0.0023926502905080582,1.0,-0.014060548205979795,-0.019967892489490713,0.012196545699138226,-0.010882375910746256,-0.003213138880383326,0.01288315370468962,0.20905641221585292,-1.4061
2021-11-09,3507.1075,3514.9512,3489.0431,3507.0018,3498.6308,287315989.0,421200703.3256,0.2393,-0.004146048627634014,0.0,-0.00429182996247357,-0.015526160118818577,0.010200659430351075,-0.0051052431172500246,0.0008175871358746534,0.00821052724692822,-0.13663520370185367,-0.4292
2021-11-10,3498.9445,3498.9445,3448.4378,3492.4616,3507.0018,307030708.0,443112742.2924,-0.4146,0.011546068251688135,1.0,0.001993234471165062,-0.011416086346951904,0.010133927582499718,0.007634136482449927,-0.005598164856717491,0.011214366794716601,-0.42296615856645126,0.1993
2021-11-11,3486.451,3534.1991,3482.8291,3532.7858,3492.4616,322087957.0,464803859.1535,1.1546,0.001787371314728281,1.0,0.007375530616250181,-0.0011432681645171527,0.009214667893780807,-0.0010353389515954659,0.0084195866939063,0.021434216481354917,0.3797382777535194,0.7376
2021-11-12,3534.1512,3543.648,3527.3896,3539.1002,3532.7858,308683354.0,443398366.9726,0.1787,-0.0016381565009094823,0.0,0.010075555665794989,0.0009038584050309328,0.008915065710732358,-0.0056020649588296445,0.015765942458413784,0.01954101713304537,0.17050244038996887,1.0076
2021-11-15,3542.9034,3550.4438,3521.2924,3533.3026,3539.1002,313017612.0,464065405.7242,-0.1638,-0.0032592453304168822,0.0,0.0031677769200637584,0.018393671862780625,0.00830249287328194,0.010885619013632386,-0.0076347332956415714,0.01253842385076989,-0.2042029930369349,0.3168
2021-11-16,3530.4575,3549.7654,3517.8065,3521.7867,3533.3026,310399909.0,444700782.7648,-0.3259,0.004423748888596757,1.0,0.002484999784822861,0.025324900045510024,0.008291437831272692,0.0043438143680682995,-0.001850775159515372,0.00998619312957164,-0.34508122103583005,0.2485
2021-11-17,3518.5646,3537.5125,3513.523,3537.3662,3521.7867,276735671.0,401552317.8825,0.4424,-0.0047084749099485235,0.0,0.012715968037380287,0.03629731517144341,0.00810129995896249,0.0021952738204342737,0.010497649002913834,0.01322678076524237,0.27967912666732,1.2716
2021-11-18,3531.4923,3537.9758,3513.1136,3520.7106,3537.3662,312426927.0,432898314.2194,-0.4708,0.01126556667281875,1.0,-0.002477270941883991,0.026161639357116906,0.007447326519412892,-0.0017877573814506498,-0.0006907484510755291,0.005722223648176311,-0.24732353907307214,-0.2477
2021-11-19,3519.2758,3561.9127,3517.6514,3560.3734,3520.7106,317989976.0,440593605.9991,1.1266,0.006096635819152985,1.0,-0.012879491993787129,0.0028410182355109725,0.007882092789369414,-0.010923942537411246,-0.0019771477042855867,0.007470152139876389,0.11764574394177707,-1.2879
2021-11-22,3562.7628,3585.1876,3562.7505,3582.0797,3560.3734,330009385.0,509123407.001,0.6097,0.001956879965568703,1.0,-0.010653751305306658,-0.010976007946945643,0.008031887514735284,-0.015218177768158592,0.004634962140657173,0.009941658122601718,0.20012341952156198,-1.0654
2021-11-23,3580.5058,3598.3749,3577.3608,3589.0894,3582.0797,360011593.0,508083893.7624,0.1957,0.001006689886298151,1.0,-0.003937330064666789,-0.017312101062939456,0.008023650089526168,0.0002830342710988809,-0.004219170166013142,0.009182046924607177,-0.08257122949638074,-0.3937
2021-11-24,3590.0189,3602.7354,3575.2884,3592.7025,3589.0894,336775246.0,481020419.9833,0.1007,-0.0023725037071674615,0.0,-0.0120137836284544,-0.041308590180051175,0.0083120492841224,-0.010514465355367597,-0.001515250320081929,0.0070529278187063124,-0.01607747723795505,-1.2014
2021-11-25,3593.3883,3597.1478,3579.5333,3584.1788,3592.7025,306451518.0,450558843.1137,-0.2373,-0.0056050217137605385,0.0,0.0013759767122432098,-0.03760534080205602,0.007762800751702123,0.0008324010063451848,0.0005431236092590108,0.011922156713687229,0.18652160422866793,0.1376
2021-11-26,3576.1136,3576.1136,3554.8798,3564.0894,3584.1788,301000066.0,434625236.0584,-0.5605,-0.00039073093957731064,0.0,0.0022142553320774194,-0.022889668606129954,0.007810734057234759,0.0005748313787445891,0.001638482102406913,0.009308703489903015,-0.4099857576402943,0.2214
2021-11-29,3528.672,3563.677,3526.3551,3562.6968,3564.0894,333618331.0,490038170.2423,-0.0391,0.0003341289104366041,1.0,-0.026662721663885725,-0.03870064515047322,0.009567683811219916,-0.009598967832059269,-0.017229135751681057,0.01780182504882757,0.4172689825083946,-2.6663
2021-11-30,3570.7468,3582.115,3546.3618,3563.8872,3562.6968,349187938.0,493605518.0477,0.0334,0.0036471693043482745,1.0,-0.00947986173056059,-0.04404973841084281,0.0095926744539623,-0.007060894033849685,-0.0024361692294888604,0.01495025854923392,-0.03561011353721888,-0.948
2021-12-01,3561.886,3576.8853,3558.691,3576.8853,3563.8872,329873517.0,467522790.6186,0.3647,-0.0008525573912029349,0.0,-0.015804804915597104,-0.047717833907603646,0.010034117666771118,-0.0029087414850764715,-0.012933684174233129,0.029892370695582468,0.6529596982333619,-1.5805
2021-12-02,3573.2468,3586.867,3567.137,3573.8358,3576.8853,354041524.0,468424828.2379,-0.0853,0.00940065573242066,1.0,0.007823555521855763,-0.041586356363047194,0.01033797227666864,0.005124969861888706,0.002684826007593788,0.013914648868638637,-0.45665227507185513,0.7824
2021-12-03,3576.4496,3608.4698,3573.2135,3607.4322,3573.8358,377551048.0,493565554.7622,0.9401,-0.005024654378812832,0.0,0.005495178985346794,-0.03844882167293984,0.010214772137900804,-0.005700598336695006,0.011259965864721444,0.012235554285656302,0.09434125246417935,0.5495
2021-12-06,3615.2356,3626.1257,3586.8052,3589.3061,3607.4322,418676743.0,528229670.8262,-0.5025,0.0016109241839252775,1.0,-0.0009348886225652997,-0.013032525875687151,0.00987440841391243,-0.004778272919378934,0.003861837208968266,0.014748036166401773,0.15474251494432245,-0.0935
2021-12-07,3611.217,3614.2228,3572.5688,3595.0882,3589.3061,403842594.0,524119459.3965,0.1611,0.011815927075168764,1.0,-0.017558608287481237,-0.02108229667318462,0.010449721135135677,-0.01456870939958399,-0.0030341018358321925,0.013183577519629284,-0.14229522903687908,-1.7559
2021-12-08,3602.824,3637.715,3591.9857,3637.5675,3595.0882,361036657.0,486034352.1416,1.1816,0.009752038965600063,1.0,0.02716474698685789,0.021656842139341714,0.012401607498810667,0.015209397422972115,0.011776240048834596,0.020440799712883116,-0.10598933356118145,2.7165
2021-12-09,3641.1579,3688.3968,3638.7022,3673.0412,3637.5675,431918157.0,568529389.5842,0.9752,-0.0018222774087042204,0.0,0.0005507916639913013,0.0142842530428271,0.01223366159975638,0.004434685948683459,-0.0038667464784172267,0.007950412906120263,-0.1757314766856446,0.0551
2021-12-10,3654.3684,3667.8547,3651.3525,3666.3479,3673.0412,419988801.0,556324240.4589,-0.1822,0.004018740283757483,1.0,0.010750985441017935,0.019586000715458907,0.012269533980863249,0.007148432274709293,0.0035769833431327225,0.007130929992119763,-0.020087474639428393,1.0751
2021-12-13,3686.9368,3708.9424,3678.0583,3681.082,3666.3479,424092009.0,574187961.6816,0.4019,-0.005312758585655053,0.0,-0.010684044352348376,0.009636596429709154,0.012357097700657328,-0.007598477171173124,-0.0031091923079479278,0.01228825893037516,-0.20937342967693517,-1.0684
2021-12-14,3669.8067,3671.6784,3654.6561,3661.5253,3681.082,362171934.0,487468521.3118,-0.5313,-0.003794866581967926,0.0,-0.001714472414247159,0.025919317772035155,0.012301241596235302,0.010274332255918894,-0.011866880398114565,0.01869124993957249,0.08417273932894709,-0.1714
2021-12-15,3655.0489,3668.4016,3645.2425,3647.6303,3661.5253,377477667.0,481134370.303,-0.3795,0.00750780582122057,1.0,-0.013301422942919472,-0.014497787243481608,0.011940496375448861,-0.010889358110223735,-0.0024386198374000134,0.010747422831041109,0.010008935368295724,-1.3301
2021-12-16,3648.9271,3675.016,3644.6646,3675.016,3647.6303,381329507.0,465911359.475,0.7508,-0.011605990286845058,0.0,-0.009104351633846042,-0.024007714339411845,0.011983906383968882,0.0009345932784592392,-0.010029571342342947,0.01776234930265133,0.02764273224685887,-0.9104
2021-12-17,3670.2578,3673.6535,3631.6605,3632.3638,3675.016,408487837.0,491952923.4886,-1.1606,-0.010671260406240113,0.0,0.0023372426855490236,-0.032132117027267926,0.01190452777012782,-0.0056714641198661875,0.00805438697213523,0.015816309974569582,-0.06343820051925952,0.2337
2021-12-20,3620.0371,3643.9537,3589.3603,3593.6019,3632.3638,423851410.0,491828987.6239,-1.0671,0.008772034542835705,1.0,-0.012049583608442771,-0.03346805180257151,0.01195139752468049,-0.0004992438925689457,-0.0115561090327303,0.012995676343421785,0.3785401138690254,-1.205
2021-12-21,3591.4519,3627.0884,3591.4519,3625.1251,3593.6019,408184348.0,428379392.3414,0.8772,-0.0006916450966064636,0.0,-0.019306564197333342,-0.050500572333140537,0.01244614437460088,-0.004863614001516803,-0.014513538444607343,0.020698385650958915,-0.26355011231283854,-1.9307
2021-12-22,3632.6763,3635.8992,3616.5477,3622.6178,3625.1251,394825177.0,432451306.6373,-0.0692,0.005719979623574956,1.0,0.00995697489454761,-0.028119030544572987,0.012718858230061669,0.0022295147123350123,0.007710270021763055,0.016271808223923934,-0.018256093150194275,0.9957
2021-12-23,3625.4695,3643.5459,3618.048,3643.3391,3622.6178,382925734.0,449988152.7234,0.572,-0.006940226892413137,0.0,0.0057027607892099486,-0.013596057514785875,0.012841411376049053,0.010874424772096214,-0.005116030098449076,0.012143397879008342,-0.2938393340023868,0.5703
2021-12-24,3645.3948,3648.9556,3612.0673,3618.0535,3643.3391,390347625.0,476261146.2668,-0.694,-0.0005747289253738019,0.0,0.003952415189290237,-0.012006560030670244,0.012886002254969187,0.0017080528241091297,0.0022405354123427035,0.010284676913540692,0.1201351246034239,0.3952
2021-12-27,3613.0469,3632.188,3601.9351,3615.9741,3618.0535,329235293.0,407482648.4463,-0.0575,0.003909707207250257,1.0,,,,,,,,
2021-12-28,3619.6419,3631.0766,3607.3643,3630.1115,3615.9741,316202242.0,408761369.6957,0.391,-0.009121290076076205,0.0,0.0012986318663219532,0.0013422367364113175,0.011658314418474468,0.00786206908445597,-0.006512237556569933,0.008477323956049977,-0.8011965721813343,0.1299
2021-12-29,3630.9159,3630.9159,3596.3225,3597.0002,3630.1115,305131766.0,410425339.4969,-0.9121,0.006168584588902792,1.0,0.0024457710551608614,0.023552574076076915,0.011546335462326852,0.0025228472908780386,-7.688227348168208e-05,0.00947133452980909,0.8331906576663233,0.2446
2021-12-30,3596.4921,3628.9177,3595.4957,3619.1886,3597.0002,307839291.0,413947692.7961,0.6169,0.005688236307994643,1.0,-0.008333991965829068,0.005015382217747,0.011161682561381983,-0.0011417251131417006,-0.007200487830470226,0.010553869838182618,-0.5480305476174934,-0.8334
2021-12-31,3626.242,3642.843,3624.9419,3639.7754,3619.1886,329681932.0,433489803.1035,0.5688,-0.0020458679950416947,0.0,0.0011032402430160015,0.0004190053557366902,0.010989010129733795,0.0019019740506807103,-0.0007972175206276688,0.011176209167766014,0.1965729656891284,0.1103
2022-01-04,3649.151,3651.8924,3610.0922,3632.3289,3639.7754,405027769.0,510251060.6248,-0.2046,-0.010228368912297503,0.0,-0.005253514559355632,0.0021955962342015134,0.011353268098343295,0.0048239846104336515,-0.01002911885477753,0.017601752653148804,0.08286102804564166,-0.5254
2022-01-05,3628.2634,3628.2634,3583.4668,3595.1761,3632.3289,423902028.0,538963631.6842,-1.0228,-0.002530307208039151,0.0,0.0006483420874552337,0.000398615840855987,0.01066330471663086,0.005408006530682297,-0.004734062601760125,0.012563400251345336,0.8741892952645891,0.0648
2022-01-06,3581.2184,3594.489,3559.8803,3586.0792,3595.1761,371540543.0,474284290.0054,-0.253,-0.001822742788279763,0.0,-0.01642733483785208,-0.00776599698352376,0.00915049736178503,0.0014568584412775198,-0.017858176444031204,0.02027794093905327,0.45304128887748263,-1.6427
2022-01-07,3588.9851,3607.2316,3577.0976,3579.5427,3586.0792,436306961.0,502891435.4263,-0.1823,0.0039044093537423663,1.0,0.007229588885614868,-0.0016939245007248083,0.009377279146726893,-0.0027960580165667936,0.01005375779225326,0.01629833349703706,-0.4498393483140326,0.723
2022-01-10,3572.7434,3593.5187,3555.1255,3593.5187,3579.5427,356222610.0,443400848.5924,0.3904,-0.007256898370947673,0.0,0.01822574227902396,0.004090578249885679,0.010034754202897695,0.010664477659033,0.007481478559041355,0.014504053680384722,0.3877960835065153,1.8226
2022-01-11,3589.9043,3602.1454,3562.7541,3567.4409,3593.5187,359761863.0,441300566.9336,-0.7257,0.008406922732763444,1.0,0.010775801523663198,0.020270464774057695,0.010152819147880411,0.0012990893604922782,0.009464417039691586,0.016661289265316456,-0.022293942082626472,1.0776
2022-01-12,3578.1629,3599.4993,3572.0965,3597.4321,3567.4409,343132956.0,435817892.9795,0.8407,-0.011723251149062697,0.0,-0.0003149932579651349,0.01928823899176635,0.010148632446777,-0.0028572583626921277,0.0025495498272920525,0.01132038604360902,-0.0875938266426779,-0.0315
2022-01-13,3601.0265,3601.0725,3555.1576,3555.2585,3597.4321,369368365.0,457005419.279,-1.1723,-0.009564030294843429,0.0,0.027933288007191415,0.06525968852655817,0.011490137858823387,0.013920517493110518,0.013820383622107801,0.01401277051408092,0.06557406379808484,2.7933
2022-01-14,3544.0652,3548.4204,3519.3222,3521.2559,3555.2585,376937024.0,463197641.8656,-0.9564,0.005796255818840024,1.0,0.0011310469519720812,0.05880978777663448,0.011210037004081361,0.006528517750675533,-0.005362461871190161,0.01115843386059522,-0.14171780127802158,0.1131
2022-01-17,3522.0851,3546.0853,3519.4257,3541.666,3521.2559,312886733.0,438272981.5694,0.5796,0.00797602032489797,1.0,-0.0019013686989276524,0.03788045823972541,0.01124672973160597,-0.009984130018416026,0.008164274497578283,0.009926822888631306,-0.16058557721886935,-0.1901
2022-01-18,3541.8899,3579.3126,3531.3295,3569.9144,3541.666,377146435.0,470832038.6093,0.7976,-0.0032871376411715003,0.0,-0.006778814369823305,0.01985510310133587,0.010959282714642051,0.0002858511474237435,-0.007062646651597948,0.012186199418290841,-0.1190427367472342,-0.6779
2022-01-19,3567.6309,3578.7348,3541.6619,3558.1796,3569.9144,333235269.0,420763364.2095,-0.3287,-0.0008759254310828357,0.0,-0.004345935652074084,0.0157428305922811,0.009868794890525192,0.0023420567238541246,-0.00667236531787152,0.015498370428973791,0.0032725463181897396,-0.4346
2022-01-20,3556.2262,3576.2594,3540.5545,3555.0629,3558.1796,379509846.0,459701843.4145,-0.0876,-0.009140485249923391,0.0,0.0006249797825053083,-0.011241623183511962,0.009740861018347547,0.004852198709563993,-0.004206806665186358,0.013873970566645608,0.05405587189759409,0.0625
2022-01-21,3546.7495,3547.0003,3514.8853,3522.5679,3555.0629,326534880.0,417768922.5578,-0.914,0.00043635780590634,1.0,0.03417212888840071,0.021391114202057526,0.012041439591545284,0.005607627699940165,0.028405215316230414,0.029806634242172357,0.3807097209478574,3.4172
2022-01-24,3508.2441,3531.6081,3500.1391,3524.105,3522.5679,280268342.0,358009694.2703,0.0436,-0.02583458778895631,0.0,0.0005290082898004034,0.023878208545841995,0.012065371177118617,-0.0021945828749596608,0.0027295814574823662,0.010344115884876598,-0.06581856639292738,0.0529
2022-01-25,3509.2847,3519.8334,3433.0612,3433.0612,3524.105,327353813.0,383727737.4537,-2.5835,0.006584997669135673,1.0,-0.012380660550238232,0.018103454327210056,0.01258840193651347,-0.010899819951893708,-0.001497159365871914,0.008999200898838676,-0.23618965409092674,-1.2381
2022-01-26,3442.6916,3462.1233,3417.7585,3455.6679,3433.0612,275122828.0,338312361.4522,0.6585,-0.01777384337192811,0.0,-0.016744090595324668,0.005425753480104767,0.013347119220501589,-0.016423282174326648,-0.0003261651228458895,0.014800583700985474,0.1541002541043035,-1.6744
2022-01-27,3456.1021,3456.363,3392.0154,3394.2474,3455.6679,280606534.0,346533957.9237,-1.7774,-0.009665677286811891,0.0,0.0019093691079834496,0.006716305016816859,0.013119751398212353,0.004095512178260652,-0.0021772262138035625,0.014997766421749836,-0.10811116949903621,0.1909
2022-01-28,3407.5933,3417.0453,3356.5558,3361.4397,3394.2474,290855257.0,353774612.581,-0.9666,0.02027143310052537,1.0,-0.01988069115146629,-0.04590148823657891,0.01405364647107398,-0.013910720093536999,-0.006054189189132697,0.015932959789871443,-0.05928231715541088,-1.9881
2022-02-07,3407.7621,3434.0256,3407.7621,3429.5809,3361.4397,320485211.0,357140422.9169,2.0271,0.0067203255068279955,1.0,0.032393142499913985,0.013598634856772485,0.01580261564898765,0.02481276987983505,0.007396836615304547,0.019680484122096067,0.6104565021779162,3.2393
2022-02-08,3428.5424,3453.1863,3390.4578,3452.6288,3429.5809,366093865.0,387969865.7364,0.672,0.007911942343758582,1.0,0.0002547481432073617,0.011924709447136417,0.015161399495415432,0.0014707025392204365,-0.0012141687150007963,0.010198471592529961,,0.0255
2022-02-09,3450.818,3484.739,3444.0848,3479.9458,3452.6288,350249936.0,393719989.7698,0.7912,0.0017130439215460314,1.0,-0.01017349788747135,0.021946906372075414,0.015441208828851041,-0.0012815531610627096,-0.008903354848959433,0.016204527747660118,,-1.0174
2022-02-10,3481.9101,3488.8552,3464.2169,3485.9071,3479.9458,355666267.0,404969419.3994,0.1713,-0.006586291413216316,0.0,0.020571742358758804,0.054348435334402145,0.015573167367083246,0.01635258281205232,0.004151275470794635,0.008466268713400879,0.09004451504707767,2.0572
2022-02-11,3472.2757,3500.1471,3459.3299,3462.9479,3485.9071,361356090.0,426297923.4983,-0.6586,-0.00983722567700207,0.0,0.0038002431736781084,0.047142162130822785,0.015464869323049317,0.008884417593402194,-0.005039402265575421,0.016143784190005655,-0.17977724359050917,0.38
2022-02-14,3451.8468,3457.2645,3415.4463,3428.8821,3462.9479,315274448.0,361677855.0975,-0.9837,0.0050180786326832205,1.0,-0.0007097476965296501,0.01356635599058964,0.015468950651041534,-0.003496580653056025,0.002796611534311433,0.009033736085394399,0.18120458896889602,-0.071
2022-02-15,3428.0447,3447.4917,3421.6403,3446.0885,3428.8821,275559322.0,341638876.4517,0.5018,0.005728813987220693,1.0,-0.014056079779464659,-0.0009349235441657999,0.014666334292022054,-0.007289616512210051,-0.006816150389684972,0.010047513396015364,-0.23966102294776448,-1.4056
2022-02-16,3457.073,3475.0576,3453.8014,3465.8305,3446.0885,274993913.0,325563412.5292,0.5729,0.000636182294546872,1.0,-0.008179481092025487,0.0010777044648284662,0.014789707894992414,-0.003993635919022909,-0.0042026289429033525,0.014260542087107388,0.28293041909834926,-0.8179
2022-02-17,3464.2091,3480.9719,3454.2767,3468.0354,3465.8305,297262682.0,355783125.6966,0.0636,0.006551807400812626,1.0,0.014911903615209887,-0.0044740251607028325,0.015152269845237867,0.010781455354822445,0.004086391018063962,0.0074265952419371485,-0.3692463037538971,1.4912
2022-02-18,3451.6318,3490.7573,3447.0273,3490.7573,3468.0354,295149963.0,327220393.2831,0.6552,-4.153826449071474e-05,0.0,0.0029884015874492853,-0.00527917478289297,0.015052498520262646,0.00016101040094818053,0.0028269360203989624,0.0136684884845199,-0.14752419878331047,0.2988
2022-02-21,3488.4057,3492.1994,3471.6858,3490.6123,3490.7573,301541740.0,345398586.1464,-0.0042,-0.009587515634434607,0.0,-0.018757887884250146,-0.023244786735756695,0.01566837227148933,-0.0064175967429214165,-0.01241999767797397,0.019313695081267648,0.06885567711846363,-1.8758
2022-02-22,3473.2874,3473.3931,3437.6717,3457.146,3490.6123,326279484.0,387678927.6137,-0.9588,0.009256334560356905,1.0,-0.006479853631928378,-0.015739168784565605,0.015747153753878466,-0.008965907600838707,0.002508545354773739,0.009549193080647595,-0.03613937961383229,-0.648
2022-02-23,3458.5139,3490.7633,3458.1795,3489.1465,3457.146,325604895.0,415630339.8234,0.9256,-0.016964062701293803,0.0,-0.02689566062489679,-0.03431269299889017,0.014699820533075718,-0.019757079727117044,-0.007282461061583145,0.019729359492959706,0.24016966057298816,-2.6896
2022-02-24,3474.3692,3486.9773,3400.2136,3429.9564,3489.1465,488354901.0,569794044.2197,-1.6964,0.0062536363435989895,1.0,0.005964285714285644,-0.04282633935976121,0.014815349675405222,0.004165391156462528,0.0017914325405612441,0.010380527210884416,-0.373672716890173,0.5964
2022-02-25,3445.3361,3480.1756,3440.9339,3451.4061,3429.9564,377542556.0,441659490.6218,0.6254,0.0031582200657291892,1.0,-0.032067245188983295,-0.07628070602841064,0.016099309196511803,-0.016578417499708342,-0.01574993671574243,0.024935461456922724,0.7499844790853807,-3.2067
2022-02-28,3450.3155,3462.3064,3425.5162,3462.3064,3451.4061,345838388.0,413804526.7236,0.3158,0.007662031297980931,1.0,-0.005867722548158372,-0.06414619378478281,0.015811712611813366,0.0002855700659691873,-0.006151535919609152,0.014353170701035175,-0.1719080940878115,-0.5868
2022-03-01,3471.3646,3491.1317,3465.7154,3488.8347,3462.3064,326001662.0,412562471.1604,0.7662,-0.0013308455112532869,0.0,-0.0023788629070442546,-0.06028323459551421,0.015770401962849897,0.0022396273934672806,-0.004608169717378652,0.01809842062126268,0.1156896508876013,-0.2379
2022-03-02,3478.2925,3486.6206,3466.9999,3484.1916,3488.8347,329367684.0,380143816.188,-0.1331,-0.0008837344077173848,0.0,0.002143704359878207,-0.032240221088435383,0.015308897215742703,0.0011808205161620844,0.0009617481917199022,0.015226068572123027,-0.45604989090327663,0.2144
2022-03-03,3495.928,3500.2872,3473.3376,3481.1125,3484.1916,412594289.0,443621777.1615,-0.0884,-0.0096128751943525,0.0,-0.018354947848821634,-0.055635858916293524,0.01562425663683614,-0.008494528750256358,-0.009944896306156137,0.018157686746733848,0.21547167497511488,-1.8355
2022-03-04,3459.9845,3474.8816,3437.6964,3447.649,3481.1125,393526581.0,430669055.3032,-0.9613,-0.021694145778761054,0.0,0.005523650281597847,-0.018960280435044607,0.015435284386263877,0.0040431580492590324,0.00147453047258983,0.0073984332203121785,-0.13954298619793093,0.5524
2022-03-07,3438.5602,3438.5602,3360.7393,3372.8552,3447.649,393588999.0,458156894.7909,-2.1694,-0.023518679366964834,0.0,-0.02501631256748682,-0.03785668668671305,0.013804173002640037,-0.026180669362728226,0.00119565997368265,0.007964894820659547,0.22974745669786145,-2.5016
2022-03-08,3372.5546,3383.6326,3287.3412,3293.5301,3372.8552,415926766.0,485623581.0039,-2.3519,-0.01127717035286857,0.0,-0.03869658881484794,-0.07288286630311602,0.015564402038696442,-0.02722584362042224,-0.011791786530510717,0.02286342705346508,0.3095667544913052,-3.8697
2022-03-09,3303.706,3321.4811,3147.6768,3256.3884,3293.5301,466285569.0,519833299.622,-1.1277,0.01219258734615325,1.0,-0.013855310402927645,-0.0876840975480313,0.015618290997452489,0.0011758208307390827,-0.015013478073406361,0.031559581966251644,-0.02773091355866164,-1.3855
2022-03-10,3312.1789,3326.5827,3291.2352,3296.0922,3256.3884,378336376.0,466084008.3609,1.2193,0.004142632903290755,1.0,-0.00665322473847707,-0.07680881420986108,0.014133927270780788,0.0026076441776821113,-0.009236782673599842,0.04118055251236772,0.12834113157274274,-0.6653
2022-03-11,3259.3227,3315.6603,3217.4185,3309.7467,3296.0922,384067127.0,458687054.6961,0.4143,-0.02604848884659372,0.0,0.012728024584406139,-0.07019433542199482,0.014693750347036814,0.023214404313421255,-0.0102484676572272,0.019625057749987747,-0.31028929773706615,1.2728
2022-03-14,3271.8902,3297.7973,3223.5328,3223.5328,3309.7467,337968687.0,418055596.1089,-2.6048,-0.04950084578013281,0.0,-0.016106549176506113,-0.061697425599021916,0.014657183554599221,-0.020594765215942723,0.004582593476158303,0.033494556793452986,0.1141062159636057,-1.6107
2022-03-15,3192.3637,3196.9161,3063.9652,3063.9652,3223.5328,465037164.0,508158410.06,-4.9501,0.03483887480184178,1.0,-0.04972951460533559,-0.07246636967218067,0.017197068173987237,-0.017026056994841388,-0.033269913046232835,0.03829269443737633,0.3047859627839582,-4.973
2022-03-16,3107.669,3177.7882,3023.3045,3170.7103,3063.9652,444667189.0,522305342.4852,3.4839,0.013982419018224279,1.0,-0.05716769593572679,-0.11320450335093102,0.019998868488197676,-0.0307439306234083,-0.027261903378447583,0.0592479082679096,0.38384192801563444,-5.7168
2022-03-17,3215.0105,3260.1673,3202.9337,3215.0445,3170.7103,420813458.0,532549484.0157,1.3982,0.011206034628758577,1.0,0.09081796006316556,-0.02618855898206829,0.030274751534112722,0.02937483844762001,0.05968974499921398,0.08345388670589525,-0.08894482037121065,9.0818
2022-03-18,3207.1522,3260.7829,3197.3578,3251.0724,3215.0445,373035611.0,428415081.6367,1.1206,0.0008038270694925576,1.0,0.07037859365276922,0.02924664412984823,0.035142706415230804,0.06686795270690715,0.0032906049309613383,0.035571375233354116,-0.13087593583255064,7.0379
2022-03-21,3255.6152,3267.4982,3223.3892,3253.6857,3251.0724,354228488.0,421076289.7277,0.0804,0.0018982165364036518,1.0,-0.0041313915529482825,0.0417738042472946,0.035026706637708446,-0.012480681337765254,0.00845481159409367,0.03366226025208802,-0.05007218342910491,-0.4131
2022-03-22,3249.5428,3279.1127,3239.5323,3259.8619,3253.6857,361196158.0,402798964.0458,0.1898,0.0034267095793230062,1.0,-0.00892286712372281,0.08650979998627872,0.035033490001090434,0.01917907380770023,-0.027573114140219457,0.03394108086902908,-0.6738254528255894,-0.8923
2022-03-23,3264.7923,3279.8868,3251.9817,3271.0325,3259.8619,349875370.0,405422033.5015,0.3427,-0.006349096195161552,0.0,0.03147492099933369,0.18866059772751442,0.035620036425459585,0.004610924663569715,0.026740696996461866,0.030130990785690173,0.10164035512665848,3.1475
2022-03-24,3256.0573,3266.8866,3236.6592,3250.2644,3271.0325,329006654.0,390727516.5165,-0.6349,-0.011698894403790683,0.0,0.012097245775100962,0.10287890479153705,0.035727469757120156,0.009114507192562016,0.0029557979409464696,0.020119894304426636,0.09049135619632409,1.2097
2022-03-25,3247.1568,3257.1061,3211.6445,3212.2399,3250.2644,340020006.0,389770395.9777,-1.1699,0.0007044305750638635,1.0,-0.00939465777861237,0.02068346787602393,0.035100443412024604,-0.006825379343218141,-0.0025869352498104625,0.014965189256335502,-0.16482223972037247,-0.9395
2022-03-28,3185.1668,3230.2153,3159.8348,3214.5027,3212.2399,344994873.0,374472279.9699,0.0704,-0.0032861692727773617,0.0,-0.024654662933251914,-0.0003511983710373645,0.03547134286639323,-0.009584456357551119,-0.01521604408617927,0.02983785163093889,-0.01959645763351503,-2.4655
2022-03-29,3216.0118,3229.1766,3196.4553,3203.9393,3214.5027,316273649.0,363964468.6542,-0.3286,0.019556113313382584,1.0,0.013085333811728939,0.021847347999702338,0.0356421402236822,0.0008091612753726718,0.012266247164156807,0.027483452371608832,-0.06929443627432263,1.3085
2022-03-30,3217.5921,3266.5959,3216.3023,3266.5959,3203.9393,366753677.0,413008941.329,1.9556,-0.0044061158590199545,0.0,0.01119023913798367,0.0017519991520964506,0.035751014802627275,0.003980637280107002,0.007181016834556075,0.009919312777467626,0.026483388588793844,1.119
2022-03-31,3256.1369,3272.04,3246.063,3252.2029,3266.5959,398439934.0,428089033.6353,-0.4406,0.009382471185915175,1.0,0.013882029202426205,0.0035185392487522282,0.03566677214291509,0.007935194090743058,0.005900017329038443,0.01630682385647695,0.1891042790887525,1.3882
2022-04-01,3234.668,3287.2285,3226.2965,3282.7166,3252.2029,378210460.0,405675715.4332,0.9382,0.00021613196826075765,1.0,-0.01057843120938573,0.0023193345469207927,0.035725349530670546,0.001355251859591844,-0.011917531811827864,0.015274358661804528,-0.20383688635014074,-1.0578
2022-04-06,3269.427,3288.108,3255.6894,3283.4261,3282.7166,429642779.0,433556392.4844,0.0216,-0.014232389758977781,0.0,0.02099679893645745,0.037691543958788154,0.03424052793388226,0.00851015560662538,0.012381276738181457,0.018131495425269598,-0.03648821549496084,2.0997
2022-04-07,3267.8103,3290.2561,3236.4791,3236.6951,3283.4261,402626660.0,398081845.4726,-1.4232,0.0046822760661020535,1.0,-0.018744297807647303,0.006972481750193715,0.03439085333796406,-0.012536490698066172,-0.006286619253373371,0.010215395663823075,0.3866090860844196,-1.8744
2022-04-08,3239.8767,3257.0938,3208.3521,3251.8502,3236.6951,413826799.0,414037258.3748,0.4682,-0.02605418293868511,0.0,-0.012297717626215343,-0.01902885161633905,0.03450262247362788,-0.007704528697693669,-0.004628852051993704,0.020730490042807036,-0.2796440993704099,-1.2298
2022-04-11,3239.855,3239.855,3156.5066,3167.1259,3251.8502,424160185.0,435129505.0947,-2.6054,0.014588494887430858,1.0,0.0028900938971010426,-0.005675358062631752,0.034431839503897756,-0.0064858604116286855,0.009437162426912504,0.013929583135020402,-0.17805446666615943,0.289
2022-04-12,3165.1197,3214.5359,3140.8998,3213.3295,3167.1259,418321923.0,422455849.0245,1.4588,-0.008248484943731982,0.0,-0.0303451763235294,-0.03771628731076637,0.03498717795869256,-0.008411664040021916,-0.02211957471471593,0.025397300019522576,0.19045115924156875,-3.0345
2022-04-13,3199.7972,3225.467,3183.533,3186.8244,3213.3295,391156925.0,398216898.4774,-0.8248,0.012180401279719089,1.0,0.005225784244847542,-0.05258037952547989,0.03278806513257153,0.0033420877675249816,0.0018774219683277416,0.025034066851185637,-0.028743347316956047,0.5226
2022-04-14,3203.6337,3240.0014,3200.2346,3225.6412,3186.8244,371242344.0,401191632.0812,1.218,-0.004463112636334143,0.0,0.0025911001058671612,-0.03198067799127924,0.029381338169148,-0.005934107067220973,0.008576098660760145,0.018313130038608436,-0.18674668240472236,0.2591
2022-04-15,3210.6996,3229.8655,3200.1332,3211.2448,3225.6412,407842082.0,413498819.9165,-0.4463,-0.004895547047674476,0.0,,,,,,,,
2022-04-18,3185.9428,3204.0274,3166.9782,3195.524,3211.2448,347365123.0,366380807.9177,-0.4896,-0.0004679357751655733,0.0,,,,,,,,
2022-04-19,3192.0924,3207.8276,3174.7138,3194.0287,3195.524,339944104.0,362769876.6857,-0.0468,-0.013456015595601944,0.0,0.006723473019321968,-0.013338542196838055,0.02196913193541081,0.004162929714419672,0.002549928133306567,0.01070160196534455,0.01321647977899687,0.6723
2022-04-20,3189.8912,3191.8315,3142.0485,3151.0498,3194.0287,362047037.0,373572708.0957,-1.3456,-0.022609004783104347,0.0,-0.022786419606210417,-0.03859956172295098,0.01619974475130966,-0.01915040747129859,-0.0037070027480338164,0.013726596424959799,0.26451802412024605,-2.2786
2022-04-21,3138.4276,3160.8994,3069.6809,3079.8077,3151.0498,391934694.0,396542033.9467,-2.2609,0.002309105208094797,1.0,-0.0039514432350379325,-0.012430510696284092,0.016197956807352226,-0.0026117855634646414,-0.0013431657324426416,0.015501413369754987,-0.17714472896058098,-0.3951
2022-04-22,3058.4044,3105.6552,3049.3555,3086.9193,3079.8077,342000563.0,348793631.0748,0.2309,-0.05131572438579779,0.0,-0.012530634285476738,-0.02987504649579975,0.016310777247913157,-0.007821082881706798,-0.004746675546632773,0.020852083131412336,0.1709191617020167,-1.2531
2022-04-25,3034.2667,3043.8156,2928.5096,2928.5118,3086.9193,433606108.0,427077210.4344,-5.1316,-0.01437115602539163,0.0,-0.0021129259818336577,-0.03442674567718251,0.014389872268008188,-0.020336791698376655,0.018602174259597426,0.025361397374169814,0.05469825520022553,-0.2113
2022-04-26,2930.4532,2957.68,2878.2563,2886.4257,2928.5118,401615154.0,395985961.2754,-1.4371,0.024894560771129726,1.0,-0.03726914526816849,-0.0766211483552437,0.015852653180785208,-0.017148516463389885,-0.02047168788144693,0.02424204836393306,0.21395259904407382,-3.7269
2022-04-27,2866.8161,2959.1781,2863.6497,2958.282,2886.4257,423060191.0,422928346.5152,2.4895,0.0058151318907393446,1.0,0.003289993527716417,-0.0519812856909152,0.015934040536062167,0.006024357125098412,-0.0027179894582232134,0.020145611278482266,-0.1267066534500092,0.329
2022-04-28,2945.8109,2991.5101,2936.7941,2975.4848,2958.282,375371775.0,388743021.8978,0.5815,0.02405577739802256,1.0,0.0005844077992607222,-0.047664155128727126,0.01525310871938692,-0.010597094214061853,0.011301262557380953,0.019444476493513024,-0.08313951154125121,0.0584
2022-04-29,2986.0606,3048.4941,2968.334,3047.0624,2975.4848,423932794.0,440422728.8478,2.4056,0.00679221403539354,1.0,0.01653484645820069,-0.019632805375825346,0.01546745398963494,0.008644685045291478,0.007822538035338944,0.016552393519419256,-0.045648690369406,1.6535
2022-05-05,3044.8491,3082.2295,3042.1155,3067.7587,3047.0624,383072875.0,409352003.2388,0.6792,-0.021578685442241508,0.0,-0.011011809842625397,0.04689358410531175,0.017670710910124808,-0.0036105770620545874,-0.0074280523359507855,0.013000257322922343,-0.42389376986378835,-1.1012
2022-05-06,3011.3187,3030.6926,2992.7152,3001.5605,3067.7587,343264218.0,346214397.7196,-2.1579,0.0008596861532526034,1.0,-0.0036474245694197993,0.042465893526437926,0.017641303907322062,0.014069801317902808,-0.017471406666776934,0.02433596939460023,0.4718009497670792,-0.3647
2022-05-09,2990.199,3015.9425,2983.6119,3004.1409,3001.5605,292061556.0,299983258.9104,0.086,0.010553200084590042,1.0,,,,,,,,
2022-05-10,2965.7759,3043.7789,2957.3968,3035.8442,3004.1409,370660980.0,384012598.3749,1.0553,0.007529536594796271,1.0,-0.03806207738994116,-0.013523757198721453,0.01838303391083665,-0.024350995989111945,-0.014053293084360319,0.01667885001971768,0.14420301825312265,-3.8062
2022-05-11,3035.3893,3100.8998,3034.6745,3058.7027,3035.8442,423991912.0,472963382.2308,0.753,-0.0012125075117629391,0.0,-0.018411695653825944,-0.06902523022240092,0.01837076918617375,-0.03506056406472158,0.017253796239303343,0.02898415955236395,0.2775289723866372,-1.8412
2022-05-12,3044.7997,3072.1574,3032.9452,3054.994,3058.7027,344440477.0,368879652.308,-0.1213,0.009587743871182663,1.0,0.00972206447183388,-0.06053107091355325,0.018612440104797547,-0.006208206404399785,0.01602978710318892,0.031041541350607185,-0.3523442986109053,0.9722
2022-05-13,3068.0331,3086.0957,3059.2527,3084.2845,3054.994,331737852.0,340942192.6529,0.9588,-0.0034159300155353067,0.0,-0.022408052230136644,-0.07135669627284191,0.018933953410068316,-0.013502436622837233,-0.009027508975097742,0.019590841062378708,0.1492442484875358,-2.2408
2022-05-16,3100.55,3102.577,3063.3977,3073.7488,3084.2845,338108492.0,348957705.4937,-0.3416,0.006489697531561589,1.0,0.026750304690217108,-0.043024709763675006,0.019347395026409357,0.0121592294046442,0.01441579038325358,0.01636606994510934,-0.09129464192175085,2.675
2022-05-17,3076.4982,3093.6965,3057.6406,3093.6965,3073.7488,330356537.0,351671298.4706,0.649,-0.0024952997166981516,0.0,0.0025850844047143884,-0.0025872464498478687,0.01929722470811134,0.011697205405158062,-0.009006766996845217,0.020516846016110646,-0.14431899262333836,0.2585
2022-05-18,3095.8862,3105.8419,3071.305,3085.9768,3093.6965,315037923.0,338849162.214,-0.2495,0.0035606230092204427,1.0,0.03269689892988592,0.049345283540689566,0.020876989392386545,0.012199871580299115,0.020249980191743955,0.022916049505243136,0.20605143642051793,3.2697
2022-05-19,3046.7104,3096.9648,3042.6742,3096.9648,3085.9768,336600749.0,360018210.692,0.3561,0.016016488143488106,1.0,0.0020269365106790893,0.0413481856100788,0.020804367769753182,0.0034806421738700077,-0.0014486633843195929,0.01564468812553026,-0.1260579188898685,0.2027
2022-05-20,3107.0941,3146.5673,3107.0941,3146.5673,3096.9648,372336636.0,415306218.189,1.6016,9.216392733746304e-05,1.0,-0.02536295768125596,0.03820056820468576,0.020948217646725147,-0.024089965840416783,-0.0013044151574231888,0.01710255819045274,0.08609797582448842,-2.5363
2022-05-23,3150.4898,3150.5093,3127.8986,3146.8573,3146.5673,353376325.0,381178569.2216,0.0092,-0.02412886659970248,0.0,0.029649097346610587,0.04113168803900957,0.022098732072613498,0.017408457368240038,0.01203119542571307,0.019156907221823553,0.024306279279391774,2.9649
2022-05-24,3149.059,3153.1299,3070.9272,3070.9272,3146.8573,416312158.0,438605376.4638,-2.4129,0.011897677027316034,1.0,-0.011931125960794042,0.026057369822172438,0.0220816887091348,-0.005241528311686339,-0.006724846120439776,0.016373319998223657,-0.24783452168509612,-1.1931
2022-05-25,3070.1702,3107.6279,3069.9459,3107.4641,3070.9272,342259227.0,342322167.6685,1.1898,0.005034265721685971,1.0,-0.017487002969214682,-0.023803884185041535,0.022413814274189113,-0.00243868361890498,-0.015085107154015676,0.025402954363592484,0.07336169655193459,-1.7487
2022-05-26,3111.4817,3133.2767,3079.4812,3123.1079,3107.4641,370305518.0,377364655.262,0.5034,0.002283462572650885,1.0,0.0029420100337609334,-0.022912399948072704,0.020734757607649958,0.0001720357396792771,0.0027694978414718463,0.015053624435041693,0.13903248666956003,0.2942
2022-05-27,3135.0315,3151.047,3112.5443,3130.2394,3123.1079,359463866.0,372631595.5271,0.2283,0.006012735000396452,1.0,-0.002730120612137954,-0.0002226564907348294,0.020742817239513902,0.00500464274187995,-0.007696246390380579,0.018911055178974987,-0.12257119999957844,-0.273
2022-05-30,3141.956,3150.8923,3123.1495,3149.0607,3130.2394,349362285.0,376667694.1931,0.6013,0.0118658875009936,1.0,0.028890148238732927,-0.0009595872809312622,0.021681997817300024,0.02633996480448597,0.002484735586353981,0.01419751245265003,0.32412468781559944,2.889
2022-05-31,3149.9443,3188.6026,3142.0044,3186.4271,3149.0607,374523265.0,432528021.8802,1.1866,-0.001340215817270729,0.0,0.020609874882593804,0.031942749557158034,0.02184360450412753,0.011409184553005769,0.009096902094728465,0.01372445567937173,0.016813091042410022,2.061
2022-06-01,3179.6949,3190.6094,3160.0399,3182.1566,3186.4271,365664432.0,402419941.2412,-0.134,0.004179995415687587,1.0,0.01378862740029918,0.0647918417271196,0.020173493971076942,-0.0008293911218225647,0.014630152640832783,0.018248498267131142,0.4067742567845407,1.3789
2022-06-02,3170.3055,3197.2818,3163.7555,3195.458,3182.1566,361770632.0,413729263.9169,0.418,0.012803767096923213,1.0,-0.005615637491127923,0.055706457749065796,0.020227138072345458,-0.0003460159139302421,-0.0052714455812581384,0.012043315028577825,-0.6366424324783431,-0.5616
2022-06-06,3196.9552,3237.071,3181.647,3236.3719,3195.458,422027835.0,517314346.904,1.2804,0.0016659395664633259,1.0,-0.009993453843964661,0.04801751821914668,0.020197497661799582,-0.011171668011273894,0.001191525494561363,0.010876762273103328,-0.13250966059480973,-0.9993
2022-06-07,3235.416,3253.093,3222.6354,3241.7635,3236.3719,402203220.0,482203196.9099,0.1666,0.006795653045017058,1.0,0.02712107362965699,0.0462155559936146,0.021004563354153686,0.009504732206849997,0.01745047929027188,0.03139388667084391,0.2118597591233602,2.7121
2022-06-08,3245.0173,3266.6298,3216.0148,3263.7934,3241.7635,434183270.0,508408534.8968,0.6796,-0.007610500100894924,0.0,-0.00564471065258465,0.019302279452734217,0.018873643185119967,-0.0035291564106235684,-0.0021230468062072294,0.016157366571379703,-0.04524721070752591,-0.5645
2022-06-09,3259.4899,3270.5571,3223.4751,3238.9543,3263.7934,422728372.0,468458214.2897,-0.7611,0.014165003810026056,1.0,0.022428357856125514,0.027988998468377657,0.0185436107451086,0.01194612401174644,0.010358490037812862,0.015309077280117957,0.316104755736605,2.2428
2022-06-10,3214.1848,3286.6195,3210.8083,3284.8341,3238.9543,439865730.0,504153681.0881,1.4165,-0.00891460545907019,0.0,-0.0066110702038966185,0.026959925691267594,0.018725279479150977,0.0048576875608403736,-0.011413315444275263,0.0183914394953529,-0.1454779500408936,-0.6611
2022-06-13,3256.275,3272.9906,3229.3089,3255.5511,3284.8341,438578312.0,511966171.7593,-0.8915,0.010245730745863435,1.0,-0.0028748390990920303,0.03434425269173458,0.017696998217066152,-0.015846595988394552,0.013180624927401574,0.020444418024559756,0.05415464890744204,-0.2875
2022-06-14,3224.2141,3289.1343,3195.8192,3288.9066,3255.5511,450388187.0,513844989.4785,1.0246,0.005016864875396543,1.0,-0.03387113194516411,-0.027076877606343364,0.01910273765971304,-0.029516861733692057,-0.004486703621920274,0.01496777519033609,-0.029903724288029565,-3.3871
2022-06-15,3289.1036,3358.5453,3288.8512,3305.4066,3288.9066,550584131.0,621972527.6627,0.5017,-0.006057378841078043,0.0,1.9461181588020793e-05,-0.021534790380866697,0.019114499220915147,-0.013482326873803241,0.013686311379101035,0.021709660055877274,-0.28226246583260384,0.0019
2022-06-16,3306.8353,3319.689,3277.5306,3285.3845,3305.4066,433220868.0,506053993.8414,-0.6057,0.009557846273396509,1.0,0.011402131859754805,-0.03208690236792966,0.017923496245058113,0.002056674604459019,0.009326276140004586,0.015177052960439034,0.15754118721886456,1.1402
2022-06-17,3265.5124,3323.2797,3262.8936,3316.7857,3285.3845,395300700.0,497252170.2219,0.9558,-0.000408678800080442,0.0,-0.021718389296895402,-0.04680678858935339,0.018680764247817297,0.009734745433802372,-0.031149898399489784,0.03981704704430829,0.017137769357367105,-2.1718
2022-06-20,3315.7833,3333.9025,3292.9279,3315.4302,3316.7857,413460410.0,527751758.0463,-0.0409,-0.002627592642426846,0.0,0.011012965431751676,-0.03353086143469419,0.01776301180371134,-0.00617353539840626,0.017293261391512216,0.021528459715151015,0.27996783472063314,1.1013
2022-06-21,3313.7874,3329.39,3279.8269,3306.7186,3315.4302,394456891.0,471793645.3698,-0.2628,-0.01195051795456692,0.0,0.0042187425860023,0.004572428347251911,0.016586221092944324,-0.005988137603796018,0.01026836859390512,0.015988612099644087,-0.39572135454889157,0.4219
2022-06-22,3309.1184,3311.0209,3266.5427,3267.2016,3306.7186,375529782.0,440850994.2562,-1.1951,0.016205642161781553,1.0,0.018695978200625518,0.02333397728022457,0.01672355526484655,0.00477558258374744,0.013854233580280928,0.01837656652291558,0.02284794271288426,1.8696
2022-06-23,3269.0545,3320.1487,3262.2939,3320.1487,3267.2016,400614211.0,474200107.5215,1.6206,0.008914751318216396,1.0,-0.02556866804980984,-0.014072979382125483,0.017324574461981882,-0.0041675189556016345,-0.021490712044021087,0.02371288136741012,0.14675816642353112,-2.5569
2022-06-24,3324.736,3356.7145,3322.9496,3349.747,3320.1487,390819734.0,509615998.4691,0.8915,0.00878818609286025,1.0,0.012639266120026527,0.02055318599808209,0.017477770786565313,0.00710384542519793,0.005496375294338884,0.020596582119291707,-0.2076959822462232,1.2639
2022-06-27,3364.003,3393.3091,3364.003,3379.1852,3349.747,414117738.0,541573846.1341,0.8788,0.008885307617942928,1.0,0.020926610908123644,0.030560379596678677,0.017879003955048035,0.008311134739471537,0.012511491477193326,0.016640601827500046,0.18319062511568696,2.0927
2022-06-28,3377.6793,3412.1017,3358.8666,3409.2103,3379.1852,412056516.0,525512509.3346,0.8885,-0.013989339408014945,0.0,0.02350285877933933,0.050350336965145015,0.017521159852771556,0.01186699608546582,0.011499399366604823,0.02014958290091749,0.21688550269565177,2.3503
2022-06-29,3399.6779,3414.6467,3358.4676,3361.5177,3409.2103,440573559.0,561306976.8123,-1.3989,0.01103620546159867,1.0,0.008522451227017003,0.03986068380706698,0.017111711033912853,-0.0038187959074239552,0.01238855650331483,0.0223518096657059,-0.041154206885821054,0.8522
2022-06-30,3358.9338,3417.0085,3358.9338,3398.6161,3361.5177,381243178.0,510307202.9475,1.1036,-0.0032303736806285066,0.0,-0.01882691310082496,0.04705512191824757,0.01758886901554307,-0.013085346918257246,-0.005817692709941147,0.019850153686810788,-0.013838705366026716,-1.8827
2022-07-01,3400.2616,3404.0523,3378.3621,3387.6373,3398.6161,350489299.0,458435288.4559,-0.323,0.005251270553668919,1.0,,,,,,,,
2022-07-04,3381.8194,3405.6185,3364.0947,3405.4267,3387.6373,357737919.0,489347955.3468,0.5251,-0.0004115490138136835,0.0,-0.006232699258849728,0.027541768375946685,0.017602521886563274,-0.003611419614318101,-0.002630780496818752,0.017854342136547557,-0.004156360674477,-0.6233
2022-07-05,3411.1297,3424.8366,3372.0623,3404.0252,3405.4267,411699672.0,516605703.8777,-0.0412,-0.01429939472833508,0.0,-0.0013467649963702089,0.005124070747076326,0.01741162613016218,-0.007736121893211267,0.006439171109434927,0.019566519166012004,-0.24756314106573463,-0.1347
2022-07-06,3391.0265,3391.0265,3333.0965,3355.3497,3404.0252,384630047.0,487474666.9244,-1.4299,0.0026966786800195486,1.0,0.0010407528967699697,-0.016934688648247986,0.016367845499595246,0.010206432787380981,-0.009073076148724324,0.018291965085305537,-0.027556776246546733,0.1041
2022-07-07,3353.1283,3375.8595,3332.3092,3364.398,3355.3497,334400202.0,438203112.921,0.2697,-0.00247301300262337,0.0,-0.012190964473183907,-0.03712525597741556,0.016563281650233692,-0.0034516889388996885,-0.00876954527671503,0.025018910386504122,0.297437314251777,-1.2191
2022-07-08,3380.3686,3386.3149,3354.1209,3356.0778,3364.398,322921072.0,421883933.1327,-0.2473,-0.012661744611522474,0.0,0.0026368136617709315,-0.01606181601126333,0.015739772804815106,-0.010838175058114574,0.013622633203295154,0.02050571973617046,-0.5034996117438091,0.2637
2022-07-11,3341.1016,3341.1016,3297.005,3313.584,3356.0778,342669193.0,424942266.3128,-1.2662,-0.0096926771737188,0.0,0.0037978929548623253,-0.006130434006914154,0.0157071729809513,0.014700433107646571,-0.010744590025840384,0.016037088134218024,-0.10836803603118028,0.3798
2022-07-12,3307.2211,3319.2512,3277.0794,3281.4665,3313.584,334600539.0,410950560.7183,-0.9693,0.0008609870007814102,1.0,-0.027689684789222624,-0.032347168048153074,0.016866031597001285,-0.011737668336878948,-0.01614147978856839,0.021593701123734082,0.0788966325006335,-2.769
2022-07-13,3279.6025,3297.0185,3266.4811,3284.2918,3281.4665,331845669.0,394134617.511,0.0861,-0.0007757532384911059,0.0,-0.01322937673379343,-0.046141343069875274,0.015340311002514423,-0.010373410590696963,-0.002885902797742257,0.01441474706734456,0.029841564248652475,-1.3229
2022-07-14,3277.4545,3299.2512,3261.4934,3281.744,3284.2918,355926432.0,431969353.5479,-0.0776,-0.016358101058461694,0.0,-0.0022446909867909204,-0.0365369167810119,0.015345255679523122,0.0032041656552204145,-0.005431453365679073,0.013857692636127895,0.1643363412741028,-0.2245
2022-07-15,3261.3826,3288.9198,3228.0609,3228.0609,3281.744,380156371.0,460877019.1414,-1.6358,0.01550230976125655,1.0,-0.0022473368769518887,-0.04123024009891163,0.015087897015800968,0.0009770193696974072,-0.0032212090630009405,0.016090528153014975,0.14216935603026393,-0.2247
2022-07-18,3235.0881,3278.4715,3226.2315,3278.1033,3228.0609,348346022.0,423357272.2997,1.5502,0.00040511230991402414,1.0,-0.021853665400716316,-0.06573112679959003,0.015097599490395122,-0.011040320058444686,-0.01093406087385751,0.02125129088857941,0.0632483050738255,-2.1854
2022-07-19,3278.7221,3283.9295,3256.0152,3279.4313,3278.1033,315651918.0,396042358.3231,0.0405,0.007712617733446558,1.0,0.02702076883512028,-0.013161208471800134,0.016166818046459214,0.008959626992588454,0.017900757730383132,0.028189865659788503,-0.20704799584382982,2.7021
2022-07-20,3291.5507,3308.3472,3287.7441,3304.7243,3279.4313,301515123.0,383422746.8384,0.7713,-0.00990191526718276,0.0,-0.008880284061636212,-0.008811815354856867,0.016234135344558382,-0.006091283870713893,-0.0028060928993397516,0.010038769693056494,-0.4668952040449206,-0.888
2022-07-21,3297.6614,3300.5345,3272.0012,3272.0012,3304.7243,332358707.0,420696576.7415,-0.9902,-0.0006195902373141715,0.0,0.011091396085195937,0.004436494943011127,0.01583070460575101,0.014876293859075851,-0.003729417857902373,0.010980075562434868,0.08753129310504626,1.1091
2022-07-22,3276.1966,3293.6439,3246.7313,3269.9739,3272.0012,300690066.0,383576011.593,-0.062,-0.005989619672499558,0.0,-0.015107069241013238,-0.008509383308250351,0.01515027260232003,-0.0037634835822697443,-0.01138643833246833,0.014373233024831813,0.22531312345028098,-1.5107
2022-07-25,3269.707,3273.1836,3243.0311,3250.388,3269.9739,271245744.0,348281870.965,-0.599,0.0083213450209636,1.0,0.0016773084133225868,0.015342609908896021,0.014828265777302521,0.006942530679774128,-0.005228920326661557,0.013349450269579568,-0.282129557330423,0.1677
2022-07-26,3254.1852,3282.4133,3246.044,3277.4356,3250.388,259468676.0,334421587.0362,0.8321,-0.0005126874193958075,0.0,-0.0022417238176848375,-0.01358714162498842,0.013858840533074504,-0.004502856499591923,0.0022713602913579933,0.011713734779811281,0.03662893442770887,-0.2242
2022-07-27,3271.7825,3282.5739,3265.7267,3275.7553,3277.4356,249131485.0,339768241.053,-0.0513,0.0020821152300356527,1.0,0.01667757626098232,0.01184934364451773,0.013251954345477584,0.005531310211477569,0.011084951742736271,0.015592614674749868,0.21126699540815963,1.6678
2022-07-28,3287.5019,3305.7057,3277.1078,3282.5758,3275.7553,288055056.0,395925555.5486,0.2082,-0.008937371682323447,0.0,-0.011281036722682769,-0.010539860279116242,0.013085973996956664,-0.010590321957267612,-0.000698107953402638,0.009455712938178172,0.016725596410299914,-1.1281
2022-07-29,3282.8114,3294.8045,3246.3677,3253.2382,3282.5758,307331047.0,410553093.4044,-0.8937,0.002065726389171463,1.0,-0.0022912389139063682,0.002335400442194935,0.01261177322266125,0.0017135912654255847,-0.003997979276963659,0.011572788441628692,0.12753715083196937,-0.2291
2022-08-01,3246.6161,3264.3041,3225.5533,3259.9585,3253.2382,292204805.0,399000239.744,0.2066,-0.022605226416225865,0.0,-0.022604724507193197,-0.021962585532438572,0.013333444814813597,0.00120110480306157,-0.02377727031667365,0.028968106957970616,0.10453966810088389,-2.2605
2022-08-02,3231.2621,3231.2621,3155.1866,3186.2664,3259.9585,394176168.0,475962696.161,-2.2605,-0.007090524508559515,0.0,0.0004628777501660686,-0.01931144087372716,0.013358252574731621,-0.006445064150490287,0.006952752838724541,0.018232819074333904,-0.10172392540982145,0.0463
2022-08-03,3188.8906,3217.5496,3159.457,3163.6741,3186.2664,324885673.0,455409764.9427,-0.7091,0.008017576778847069,1.0,-0.023635514315297645,-0.05819750232948828,0.014004492288876055,-0.011042436119695465,-0.012733689144548865,0.02120516675724884,0.15068815238724476,-2.3636
2022-08-04,3179.4278,3190.9992,3155.7039,3189.0391,3163.6741,260898943.0,371146916.0778,0.8018,0.011911926699174069,1.0,0.003955465963337401,-0.04368399867634509,0.01403995957554327,0.008963284966740703,-0.004963331251016112,0.012008099867897203,-0.24700862697583048,0.3955
2022-08-05,3195.2274,3228.8863,3184.4549,3227.0267,3189.0391,274683729.0,414055641.4932,1.1912,0.0030700086863242326,1.0,0.02058724880596996,-0.02175468949719428,0.015044511165203738,0.01235184339222406,0.0081349241051909,0.011186269703836155,0.07254707743491906,2.0587
2022-08-08,3218.8511,3237.9693,3214.0826,3236.9337,3227.0267,254268050.0,392277178.4899,0.307,0.0032432236718347163,1.0,0.0013829654347863318,0.0022538623997905294,0.0149932894836048,0.005430245999313854,-0.0040254215353396905,0.009271816651498623,-0.16271706948774067,0.1383
2022-08-09,3235.7351,3248.7718,3227.5394,3247.4318,3236.9337,259605467.0,391415560.2671,0.3243,-0.005361713831834702,0.0,-0.0077304456898692475,-0.005954128367576028,0.013926333935711487,-0.006761231842090432,-0.0009758115358066144,0.010783617810962638,-0.17203685438996352,-0.773
2022-08-10,3242.3622,3253.1662,3217.8065,3230.02,3247.4318,257583592.0,390066120.1474,-0.5362,0.015989188921430753,1.0,-0.0021116674490428977,0.01595950269208357,0.01369654259115675,-0.0003227613606262558,-0.0017894836645990786,0.019686946423110682,0.08373652962049682,-0.2112
2022-08-11,3243.4716,3281.6654,3237.9041,3281.6654,3230.02,300605376.0,427399149.6163,1.5989,-0.0014558766411711943,0.0,-0.019626624220633992,-0.007904552465739734,0.014255064106544193,-0.0023460964714069332,-0.01732116487301627,0.024365809080837988,0.1447034334692905,-1.9627
2022-08-12,3275.77,3288.2233,3272.8406,3276.8877,3281.6654,299932928.0,403906156.2887,-0.1456,-0.00024434770834536046,0.0,0.024047414593153515,-0.004540984354150179,0.015472938845167752,0.0117144395650568,0.012190173971816431,0.01491369059153005,-0.07778739711428351,2.4047
2022-08-15,3268.3653,3286.891,3261.8151,3276.087,3276.8877,287106773.0,387257744.6461,-0.0244,0.0005487339011449599,1.0,0.004640374695691563,-0.001302845172295286,0.014758373169040004,0.0037774313168277285,0.0008596959365103629,0.009791643740324225,-0.02080962149566723,0.464
2022-08-16,3278.6756,3295.0226,3271.5703,3277.8847,3276.087,303592274.0,409210082.2914,0.0549,0.004466691583141946,1.0,-0.006679348639595628,-0.0002449394560548601,0.01334308462614989,-0.006797312796335331,0.00011877148366545853,0.013710607158540803,-0.11799116813033272,-0.6679
2022-08-17,3282.1008,3295.9976,3263.3483,3292.526,3277.8847,326124759.0,423859011.3683,0.4467,-0.004550366496726244,0.0,-0.010495557575872505,-0.008644513143739152,0.013392462155422832,0.003307243301934104,-0.013757302132476279,0.025487429182180846,0.33497981415365885,-1.0496
2022-08-18,3286.3669,3289.1415,3270.5584,3277.5438,3292.526,301694778.0,418075199.6801,-0.455,-0.005939020555575825,0.0,0.004635783630484669,0.015889681421091595,0.013136592804726847,0.008333114814941922,-0.0036667755230230803,0.013578564757757074,-0.3218329772080821,0.4636
2022-08-19,3275.6229,3286.4911,3258.0637,3258.0784,3277.5438,333535471.0,457863361.1082,-0.5939,0.006051389064179791,1.0,-0.007957856588923562,-0.015860630411758003,0.01286381858043079,0.0034880248162247884,-0.011406096656952691,0.015885596400041137,0.11674507279362167,-0.7958
2022-08-22,3249.7046,3278.1655,3247.187,3277.7943,3258.0784,314537869.0,427653295.8259,0.6051,-0.0004792552113475068,0.0,0.0004614471529165165,-0.019954281454547584,0.012848740551919773,-0.005419474182993156,0.005912966505229766,0.012213170369628329,-0.12527791728176751,0.0461
2022-08-23,3274.427,3284.5963,3262.6331,3276.2234,3277.7943,316566356.0,418311743.9629,-0.0479,-0.01862513404916155,0.0,-0.005869105544269115,-0.01915486660752086,0.012878045534177674,-0.010145637770235583,0.004320365085155542,0.013237222620913518,0.13123959698796206,-0.5869
2022-08-24,3279.1716,3281.8752,3212.386,3215.2033,3276.2234,366140577.0,458360278.3552,-1.8625,0.00965562581999091,1.0,-0.007820631653489007,-0.01650334938266873,0.012134442423745298,-0.0006486245598256168,-0.007176662052928551,0.016506096053412026,0.1462516142232939,-0.7821
2022-08-25,3223.4645,3248.3505,3199.1242,3246.2481,3215.2033,336196165.0,419464277.0281,0.9656,-0.003088334499140588,0.0,-0.012024149821183605,-0.03281273136587115,0.012160964219271219,0.0019991539871559993,-0.01399532499856726,0.018084165459602924,0.07810846736130905,-1.2024
2022-08-26,3250.6276,3266.2737,3232.2766,3236.2226,3246.2481,309927554.0,397556251.3086,-0.3088,0.0013920241456815141,1.0,0.036309587445779945,0.010345624929480213,0.015067587557638219,0.012878890887520367,0.02313277211032494,0.029677602168071297,-0.17058099994532405,3.631
2022-08-29,3203.1022,3240.7275,3198.996,3240.7275,3236.2226,297015097.0,363729979.752,0.1392,-0.004167953029065252,0.0,0.01009896646598274,0.02007835926006285,0.014417640383652067,0.008528984324216449,0.001556705028976646,0.006719623725109412,0.10402055709979052,1.0099
2022-08-30,3240.1835,3243.746,3212.6346,3227.2203,3240.7275,294318914.0,353775673.8494,-0.4168,-0.007772168512945932,0.0,-0.007279112981431801,0.018631549709060113,0.014511900988213297,-0.010399086962643578,0.0031527598045919536,0.009135827197169684,-0.15836818153074184,-0.7279
2022-08-31,3216.5257,3232.0158,3184.3936,3202.1378,3227.2203,344408829.0,431758007.4169,-0.7772,-0.005358326552967196,0.0,-0.0037051982648146353,0.02285670336995116,0.013468728156008277,0.001973209104229934,-0.005667224749573041,0.02083381194433262,0.03916797678965622,-0.3705
2022-09-01,3196.5367,3214.5583,3181.6256,3184.9797,3202.1378,274660541.0,336978641.1987,-0.5358,0.00047045825755187565,1.0,0.0002686847430677375,0.03558354100994654,0.013447630652922067,-0.018004885450570773,0.018608616196652994,0.03048669534308186,0.5174690630808634,0.0269
2022-09-02,3189.6439,3198.2812,3173.7929,3186.4781,3184.9797,250456911.0,313337604.1154,0.047,0.004215845701246224,1.0,-0.01789480911218022,-0.018582879532540897,0.013181174337730509,-0.009655519412019031,-0.008319619952109392,0.015367545687941242,-0.3303624842486155,-1.7895
2022-09-05,3183.946,3199.9118,3172.0394,3199.9118,3186.4781,280675633.0,339591536.2531,0.4216,0.013604999987812283,1.0,-0.007410200685706414,-0.03559487239489856,0.013231158589114311,-0.001267520899552066,-0.0061504756425735385,0.014711712985098345,0.04654458033505726,-0.741
2022-09-06,3207.933,3244.6353,3203.8161,3243.4466,3199.9118,318869689.0,378636070.3275,1.3605,0.0008779857821614723,1.0,-0.011638338091176759,-0.03982975765136676,0.013351544472119161,-0.007865478722337782,-0.0038027699751645994,0.012044978200285895,0.0400010276474525,-1.1638
2022-09-07,3232.1368,3253.7671,3227.8225,3246.2943,3243.4466,301014466.0,368608741.4746,0.0878,-0.003298561070079198,0.0,-0.0011947549374015098,-0.03741034025213252,0.013352724116911033,0.0018724935893101868,-0.0030615158578942703,0.013025273462084704,-0.23964034893964659,-0.1195
2022-09-08,3245.557,3253.7005,3233.8007,3235.5862,3246.2943,281680358.0,328657091.5912,-0.3299,0.008180279666169854,1.0,-0.008250389397757574,-0.04560851020752832,0.01279087319495688,-0.014938500931898746,0.006789537039533444,0.013025231308256828,0.06936219847718483,-0.825
2022-09-09,3241.1809,3266.1974,3236.5078,3262.0542,3235.5862,283827665.0,338566713.3095,0.818,0.0005343258858174771,1.0,-0.009959935518764174,-0.037897548183909,0.011418416829992206,-2.415420887080799e-05,-0.009936021306627296,0.014281438540665879,-0.06830660017244128,-0.996
2022-09-13,3272.0492,3278.1659,3259.6644,3263.7972,3262.0542,276189823.0,339021890.6195,0.0534,-0.008044403003961142,0.0,0.026923374748470286,-0.004618526852384508,0.013165671023260071,0.002070049674827823,0.02480198373527598,0.027786823600793858,0.1493233593301735,2.6923
2022-09-14,3224.6783,3250.8024,3221.9609,3237.5419,3263.7972,255193365.0,306452822.218,-0.8044,-0.01162091523819353,0.0,-0.001827783444589337,0.005261706985961512,0.013119025788135775,0.0021893116760707265,-0.004008319659627779,0.010112977572337993,-0.10989782031705886,-0.1828
2022-09-15,3248.9721,3254.1789,3174.3899,3199.9187,3237.5419,325206121.0,392490591.5214,-1.1621,-0.022975896231363646,0.0,-0.024823484001022522,-0.0185197625545952,0.01398539556026594,-0.020363369942142717,-0.004552824916945308,0.00990486814723138,-0.031399718886371275,-2.4823
2022-09-16,3189.8265,3191.8265,3126.3972,3126.3977,3199.9187,316475893.0,355085342.9179,-2.2976,-0.0034531115475168184,0.0,0.004418716937884426,-0.0059818423360269435,0.013979692021127544,-0.0007003730016817977,0.005122677724741065,0.00950437998418841,0.03703765100761913,0.4419
2022-09-19,3122.7549,3135.5565,3101.2207,3115.6019,3126.3977,249113662.0,289918817.1393,-0.3453,0.002183815589533511,1.0,-0.008911073100487221,-0.004928765469683349,0.014001035418014663,-0.010456208486042118,0.0015614623615503032,0.011994476603216505,0.44114449801627664,-0.8911
2022-09-20,3127.8356,3140.0252,3114.0368,3122.4058,3115.6019,219942534.0,268600300.2376,0.2184,-0.001674478057912876,0.0,-0.010431896060535961,-0.041125385737711184,0.014091099806854527,-0.0035359287995910815,-0.006920437434977056,0.01079593576058443,-0.4702614723461487,-1.0432
2022-09-21,3116.0065,3129.8245,3091.2966,3117.1774,3122.4058,232972496.0,269513754.5033,-0.1674,-0.002652335410875284,0.0,0.011604564695515407,-0.02822186325145426,0.014444454151782053,0.007255748016397723,0.004317490059184914,0.009480248002124426,-0.16637954603211824,1.1605
2022-09-22,3098.7682,3125.6797,3092.8189,3108.9096,3117.1774,221140689.0,269978597.6498,-0.2652,-0.006606850195965852,0.0,-0.017932616383638633,-0.021355009524011592,0.014824359694467517,-0.007591012820116871,-0.01042070728612543,0.010872447344236863,0.09739232089650685,-1.7933
2022-09-23,3106.8055,3124.6583,3072.2409,3088.3695,3108.9096,243057719.0,285552915.2056,-0.6607,-0.012026896393064312,0.0,-0.01608436498014043,-0.04133197537503208,0.014985934571909526,-0.01971794485329592,0.0037066677433075235,0.01245674890564286,0.05942401177790657,-1.6084
2022-09-26,3067.5689,3102.6544,3048.5143,3051.226,3088.3695,262698628.0,293536440.8385,-1.2027,0.013973333997547188,1.0,-0.0118294352805689,-0.044154870909816624,0.011909325958062052,-0.005089280056425172,-0.006774633229930438,0.01320589928890039,0.02719064169441232,-1.1829
2022-09-27,3056.3917,3094.0389,3048.365,3093.8618,3051.226,232735303.0,290065702.6963,1.3973,-0.015771551269678552,0.0,-0.004356706835953572,-0.03828671488750668,0.011351619088323928,-0.008442408997355266,0.004120489014934892,0.019530180496919857,0.3640610695714841,-0.4357
2022-09-28,3089.0975,3089.0975,3044.864,3045.0668,3093.8618,230098650.0,276039741.572,-1.5772,-0.001268346559753608,0.0,0.00028955247620587876,-0.049043682533056465,0.011433151699417799,-0.0009235435846483009,0.0012142174435845199,0.014325846786975677,-0.29675546479514026,0.029
2022-09-29,3067.4727,3076.7615,3026.0792,3041.2046,3045.0668,230030416.0,276441059.4177,-0.1268,-0.005528763174960316,0.0,-0.034122028117093195,-0.06472022736169125,0.01306866372260559,-0.008785961721829105,-0.025560641210525148,0.029050447612611344,0.43916507496642154,-3.4122
2022-09-30,3042.1664,3054.6129,3021.9309,3024.3905,3041.2046,204115336.0,240262768.4089,-0.5529,-0.016613297786777226,0.0,-0.004927864549518768,-0.054115203094564523,0.012964476954582322,0.0185086210094787,-0.02301059124641358,0.03378610250607485,-0.15122036928674376,-0.4928
2022-10-10,3026.9354,3029.4478,2968.281,2974.1454,3024.3905,243404828.0,290120024.1669,-1.6613,0.0018987639272782797,1.0,-0.015106469799552102,0.033448930930969345,0.01960168035913732,-0.008912317519008117,-0.00624985295452174,0.009112737790880012,0.04240334759026965,-1.5106
2022-10-11,2978.0617,2986.9116,2953.4953,2979.7926,2974.1454,208635950.0,246715637.0251,0.1899,0.01534096701897969,1.0,-0.02950329903241533,-0.00035824542191975617,0.020418069511250515,-0.016386086848684145,-0.013335732657243637,0.015487554995617263,0.450455112672298,-2.9503
2022-10-12,2976.7168,3025.5055,2934.0922,3025.5055,2979.7926,248013557.0,306871328.7649,1.5341,-0.0030240896934413675,0.0,-0.022321402641394927,-0.014470555654114037,0.019393266832856,-0.001273766224110795,-0.021074480378581062,0.02419400743233573,0.014494760564499387,-2.2321
2022-10-13,3008.3016,3036.2485,3004.4963,3016.3561,3025.5055,249683281.0,317764786.7347,-0.3024,0.018443014735561203,1.0,-0.007802233317253271,-0.0766774823266515,0.019358616573999926,-0.004401640649320693,-0.0034156270307138525,0.03577038513910124,0.29205591566300804,-0.7802
2022-10-14,3035.0341,3084.2724,3035.0341,3071.9868,3016.3561,277304061.0,372050694.5789,1.8443,0.0042173032774750485,1.0,-0.018676692395618644,-0.09010806594437648,0.019109610884975908,-2.2753087683624607e-05,-0.01865436375230911,0.020805902390451343,-0.0712214837806151,-1.8677
2022-10-17,3060.5176,3087.1944,3052.7149,3084.9423,3071.9868,262608618.0,349214469.6854,0.4217,-0.0012917259424918281,0.0,0.012116582291533673,-0.06495810327479357,0.01942226246066674,0.01724132671023626,-0.005037884604311094,0.0300998650933456,0.03537639015493177,1.2117
2022-10-18,3094.9272,3099.9182,3074.2162,3080.9574,3084.9423,245634757.0,326002905.366,-0.1292,-0.011872835372537027,0.0,0.0015198017324897783,-0.03506835820652776,0.01949141589999961,-0.006507838041342584,0.008080224566649807,0.02686148583678618,-0.11940370027792824,0.152
2022-10-19,3073.2616,3081.3903,3044.3777,3044.3777,3080.9574,230895310.0,313108348.6524,-1.1873,-0.003063778847151588,0.0,0.018159382166870408,0.004884638874168568,0.020176871990215773,0.01488602230796543,0.0032253472675294326,0.021439363386284264,-0.04462748357405921,1.8159
2022-10-20,3029.3028,3070.2648,3013.6929,3035.0504,3044.3777,244736145.0,340091337.7595,-0.3064,0.001277968893037107,1.0,-0.02384333515818915,-0.011361574705272659,0.020248593112561917,-0.006424634841657451,-0.017531332727594107,0.024520265948075562,-0.13986891655681077,-2.3843
2022-10-21,3038.0358,3055.4157,3026.9603,3038.9291,3035.0504,245254122.0,315110985.7968,0.1278,-0.020195831485505744,0.0,-0.013994069508844853,-0.006644045954905531,0.020147675210611712,-0.016987780474923664,0.0030454463399500753,0.02678471929493061,0.2920346977402346,-1.3994
2022-10-24,3034.7458,3064.4211,2965.1675,2977.5554,3038.9291,298085356.0,394725942.5126,-2.0196,-0.00042733042011589006,0.0,-0.004244414387520434,-0.022701774629258042,0.020010227581491954,0.0031258791343116155,-0.007347326666711562,0.013627579971278066,-0.11183365086455233,-0.4244
2022-10-25,2969.156,3001.715,2944.2607,2976.283,2977.5554,255554160.0,337519280.7573,-0.0427,0.0078018790551839245,1.0,-0.06356315911547139,-0.08621071576907102,0.023854240281062915,-0.019515616441060257,-0.04492426744679845,0.05619846130310546,0.5611833253173018,-6.3563
2022-10-26,2977.5643,3028.3478,2977.5643,2999.5036,2976.283,268689492.0,372845274.6292,0.7802,-0.005534482439027544,0.0,-0.0009946846948327703,-0.10340132595665996,0.023893275286162884,0.0040452706695151,-0.005019649523359648,0.03214478393274623,-0.09378226416127688,-0.0995
2022-10-27,3005.0373,3017.2629,2981.6889,2982.9029,2999.5036,265608254.0,381330371.123,-0.5534,-0.022453697705010822,0.0,0.010027964622543628,-0.07229057953108409,0.02416573367533032,-0.004567576995026301,0.014662513778192388,0.03578232037131426,-0.18628523446175826,1.0028
2022-10-28,2967.0221,2974.236,2908.9831,2915.9257,2982.9029,292531308.0,385261361.8777,-2.2454,-0.007696629581473879,0.0,0.00719887554699894,-0.052350643910217376,0.023515939110871926,0.026348654854165154,-0.01865816184061464,0.02757011999866829,-0.07342646104906692,0.7199
2022-10-31,2893.1962,2926.015,2885.0894,2893.4829,2915.9257,301994203.0,396654162.1335,-0.7697,0.026167979081542336,1.0,-0.03661409105817115,-0.083156499982728,0.024534496231484182,-0.0001944524025890848,-0.03642672191917773,0.04355085643319845,0.18884853998280704,-3.6614
2022-11-01,2899.4985,2969.1995,2896.7572,2969.1995,2893.4829,319809578.0,431015902.8741,2.6168,0.011508286997892858,1.0,-0.0118441290016994,-0.032519602205169806,0.024436537373529865,-0.002177882616365645,-0.009687344284048827,0.03470617759734538,0.31562795887571227,-1.1844
2022-11-02,2960.6465,3019.0486,2954.9478,3003.3699,2969.1995,325078248.0,457581522.0447,1.1508,-0.001852652249062059,0.0,0.052308092451702315,0.019101136190547097,0.02786828605562419,0.011772299622387683,0.04006414570199568,0.052626741163285695,-0.09951314492066565,5.2308
2022-11-03,2981.2038,3003.7207,2977.7162,2997.8057,3003.3699,259348567.0,370653283.7634,-0.1853,0.0243480423030753,1.0,0.02406298951749153,0.03326223896976499,0.024564355779254657,-0.004252271231754645,0.02843617909555518,0.03820573823686028,-0.31114858209972596,2.4063
2022-11-04,2996.9971,3081.5903,2996.9971,3070.7964,2997.8057,329806740.0,458770093.6947,2.4348,0.002286247307050404,1.0,-0.03081283640726673,-0.00573310500300106,0.02515454061341291,-0.022077857254329092,-0.008932182605470795,0.020313802151616506,-0.0864662554867266,-3.0813
2022-11-07,3062.859,3088.1927,3054.4571,3077.817,3070.7964,320567097.0,424429131.5189,0.2286,-0.004329107286105693,0.0,0.05356436230930761,0.08733598599480863,0.028547696998385195,0.006732296836465812,0.04651888652028524,0.06978067719330953,0.4399452565944788,5.3564
2022-11-08,3077.3056,3078.276,3047.4624,3064.4928,3077.817,256522007.0,338966942.0215,-0.4329,-0.0053272110804110095,0.0,0.026902186355665547,0.1299712262936934,0.028708650253724616,-0.008003767060986933,0.03518758666374744,0.05204088325452283,-0.20218924561466345,2.6902
2022-11-09,3064.4633,3073.9183,3046.1881,3048.1676,3064.4928,235637324.0,306860895.7081,-0.5327,-0.003948536163169036,0.0,-0.0023258742666113497,0.071305127636075,0.02828837191486478,0.0026928321496078045,-0.005005228176868437,0.017425980256581115,-0.4436777659032405,-0.2326
2022-11-10,3031.6915,3047.9803,3022.8506,3036.1318,3048.1676,270371798.0,335925917.7224,-0.3949,0.016850651872227784,1.0,-0.012006177331945866,0.03357201571727608,0.028361459029442714,-0.00027238724164746486,-0.011736987095838702,0.031235146288859726,0.4569527290694335,-1.2006
2022-11-11,3099.65,3117.7419,3070.3007,3087.2926,3036.1318,409604534.0,513784597.2743,1.6851,-0.001260424748856126,0.0,-0.01696241469277171,0.048342545938619974,0.028306658373600607,-0.01346698845616845,-0.0035431416847705455,0.01179935593195464,-0.3944719530392078,-1.6962
2022-11-14,3100.8669,3121.4056,3075.2152,3083.4013,3087.2926,361788216.0,454546731.4091,-0.126,0.0164352593352024,1.0,0.07739673553451754,0.07205679797341036,0.03318885310685357,0.06461087093869544,0.012009894830914636,0.03352022008526817,0.8410883048809499,7.7397
2022-11-15,3081.1349,3135.5903,3074.4982,3134.0778,3083.4013,331470577.0,446460007.8894,1.6435,-0.004498101482994454,0.0,0.016971936422623957,0.061689898294218226,0.03333952643958285,0.03887874978500094,-0.021086978020207425,0.02844105217348132,0.08164917167704644,1.6972
2022-11-16,3133.6504,3145.7526,3115.3453,3119.9804,3134.0778,303429844.0,386992905.0507,-0.4498,-0.0014569642809294514,0.0,0.041056861889327445,0.1078562882497216,0.034251211995659295,0.0026158205782047528,0.03834074879145022,0.045657959183210146,-0.1241108667795281,4.1057
2022-11-17,3110.9649,3115.4351,3087.1737,3115.4347,3119.9804,287028407.0,377900109.2726,-0.1457,-0.005839153040184009,0.0,-0.004723296800108079,0.11602272088184007,0.0336771374269107,-0.009480938902433178,0.004803180765702075,0.020837240338612034,-0.22355962066828106,-0.4723
2022-11-18,3116.7291,3126.7107,3096.8858,3097.2432,3115.4347,299954276.0,389207386.4672,-0.5839,-0.003938599332464321,0.0,-0.011547680604366173,0.12216995915687034,0.03360670661798332,-0.010126815245874443,-0.0014354014033067797,0.02787886821555969,-0.29052463206322443,-1.1548
2022-11-21,3078.0569,3085.2426,3056.1703,3085.0444,3097.2432,256045549.0,345025496.4746,-0.3939,0.0012635798693851896,1.0,-0.002943644067326945,0.03849088577289406,0.033587716911299796,0.015000836766291714,-0.017679276886892303,0.025927009596767456,-0.048084238212766195,-0.2944
2022-11-22,3084.2328,3118.1197,3076.3214,3088.9426,3085.0444,327565927.0,374142821.1304,0.1264,0.002578455164560234,1.0,-0.01870942068212722,0.002054517355847496,0.03002388023995536,-0.018807239000163345,9.969327325287658e-05,0.019835442911339887,-0.22462872513788668,-1.8709
2022-11-23,3084.7403,3108.2438,3075.3241,3096.9073,3088.9426,326155449.0,356400844.2781,0.2578,-0.0024533185090815923,0.0,-0.013111756913124273,-0.05008471841213491,0.030335581017112208,-0.0017399273104586888,-0.01139165024603983,0.026298842710457956,0.30443617462740136,-1.3112
2022-11-24,3104.0955,3113.2392,3084.8554,3089.3096,3096.9073,267482928.0,308190185.8046,-0.2453,0.004008533168705419,1.0,0.005704640788411375,-0.04013205174272361,0.03033123056104688,0.0020941885550214145,0.0036029070666461216,0.015201662495315538,-0.22155682549992228,0.5705
2022-11-25,3085.4611,3111.4214,3077.9671,3101.6932,3089.3096,311431979.0,325426338.4472,0.4009,-0.0074619565855192915,0.0,0.007823070439590518,-0.021321470093086048,0.0303315740166434,0.009171521489904189,-0.0013361960990763144,0.013816630059330853,0.18297529138672353,0.7823
2022-11-28,3055.2899,3080.1843,3034.7045,3078.5485,3101.6932,305811284.0,338549350.7748,-0.7462,0.02312755507993458,1.0,-0.004944255389023211,-0.02328520597981154,0.02870644745964783,0.0006964537481102262,-0.005636783378222376,0.014787468362314482,0.08754935059504554,-0.4944
2022-11-29,3096.1126,3152.0027,3096.1126,3149.7478,3078.5485,391449748.0,439102619.2642,2.3128,0.0005040086066574467,1.0,-0.015684908823358823,-0.020274797504065245,0.028864184237570027,-0.03262568014030165,0.017512116012547985,0.030189067907620347,-0.12649355763431913,-1.5685
2022-11-30,3141.3992,3158.5732,3137.3687,3151.3353,3149.7478,372718321.0,404504379.2834,0.0504,0.004485654065436995,1.0,0.052418958558071216,0.04478028237398002,0.02887302917837558,0.015068846348177845,0.036795644299659536,0.03863061150634119,0.42305556998438654,5.2419
2022-12-01,3187.9899,3198.4088,3164.5348,3165.4711,3151.3353,387013056.0,462184974.0228,0.4486,-0.0029464492662719666,0.0,0.021563136512149583,0.06125494398763731,0.028807933147137935,-0.0034672402920566947,0.025117465091204938,0.03257568932823861,0.22649030061095488,2.1563
2022-12-02,3160.5789,3170.898,3149.8406,3156.1442,3165.4711,307812484.0,366318678.8083,-0.2946,0.01763867443065492,1.0,0.007485523381707937,0.06089950115792497,0.02729146150846531,0.024824664748460012,-0.0169191296454676,0.03000984555226785,-0.22916021964076272,0.7486
2022-12-05,3181.9155,3213.4395,3177.0642,3211.8144,3156.1442,447398437.0,479203617.3735,1.7639,0.0002238610051688017,1.0,-0.0032604913206564223,0.0626946814479461,0.025457123877773463,0.0026066851547039693,-0.00585192235622789,0.016566647666258982,-0.12601297206501094,-0.326
2022-12-06,3200.275,3224.822,3195.0788,3212.5334,3211.8144,373590296.0,435248700.1791,0.0224,-0.004019880384745544,0.0,0.04513650346579867,0.1283592150279167,0.026491968522536616,0.029254070204842275,0.01543101331413288,0.027012077417558393,0.2634957712669763,4.5137
2022-12-07,3204.9352,3226.0817,3188.6705,3199.6194,3212.5334,354113078.0,402146133.1375,-0.402,-0.0007093031127389793,0.0,-0.003950653464007359,0.06792209475805122,0.02652927191660225,-0.015707830962650937,0.011944804468110526,0.018792629887146837,-0.3196884781569356,-0.3951
2022-12-08,3196.0156,3206.7151,3187.2566,3197.3499,3199.6194,320969294.0,364935622.7005,-0.0709,0.0030025803556876784,1.0,-0.032218208977027096,0.01170012953541999,0.0277058447734017,-0.0031057785587089715,-0.029203128869809247,0.04822238156325902,0.4018453656866612,-3.2218
2022-12-09,3197.1183,3212.1059,3182.9068,3206.9502,3197.3499,373343209.0,447750222.0468,0.3003,-0.008702504953148282,0.0,0.033771782031398745,0.038096351281246665,0.027682829607461993,0.00798466315383295,0.025582848450175444,0.02958040523374655,-0.619897914688254,3.3772
2022-12-12,3195.868,3196.7247,3176.5752,3179.0417,3206.9502,333381792.0,394919615.2495,-0.8703,-0.0008544084212548375,0.0,0.023168877694505374,0.06562233104064985,0.022981613095707617,0.00174805130839073,0.021383447023567204,0.026836700645699284,0.3426164928537503,2.3169
2022-12-13,3179.4354,3187.2035,3171.4827,3176.3255,3179.0417,285821200.0,333539763.0097,-0.0854,6.290287314691945e-05,1.0,-0.021970898759702373,-0.002800450244360486,0.02374711816401966,-0.015393799366560268,-0.006679928878074004,0.017680634062731963,-0.2558039948374322,-2.1971
2022-12-14,3178.5542,3189.835,3168.5925,3176.5253,3176.3255,265623569.0,333950671.1282,0.0063,-0.0024799109895330407,0.0,0.006811165234850813,0.007973795829265606,0.022214829021601996,-0.00028822989339605254,0.007101441976110623,0.016720930268403208,-0.1869088944987798,0.6811
2022-12-15,3177.1995,3179.1,3158.4515,3168.6478,3176.5253,243023333.0,305204998.5624,-0.248,-0.00024938082421166463,0.0,0.003942090813525034,0.04563583387988834,0.022129502950204893,0.009141057960216914,-0.005151873571768495,0.016893071105622562,0.06535966122813619,0.3942
2022-12-16,3156.1349,3175.3526,3151.6089,3167.8576,3168.6478,259771795.0,307227738.3545,-0.0249,-0.019174662396441056,0.0,-0.015496011121587716,-0.004197379671088686,0.022292273769432536,-0.003089442878600468,-0.01244501641031015,0.022457677733188623,-0.2067537431415154,-1.5496
2022-12-19,3165.3092,3170.2552,3096.0981,3107.115,3167.8576,278513541.0,307934621.4619,-1.9175,-0.01073313990631175,0.0,0.00423778912145889,-0.022622126570345902,0.02223609415164087,-0.0012850703122943008,0.0055299658286676046,0.025329670358038566,0.248403101227483,0.4238
2022-12-20,3098.9532,3100.7477,3061.5098,3073.7659,3107.115,218836766.0,261716073.4272,-1.0733,-0.0017422927360863927,0.0,-0.005031189156980087,-0.005693696396818049,0.021700360638501007,0.0011074168653317784,-0.006131815546360553,0.02726589880965541,-0.2507099919464437,-0.5031
2022-12-21,3078.3312,3085.7951,3060.5542,3068.4105,3073.7659,189067920.0,226852792.5811,-0.1742,-0.004555844141453602,0.0,-0.013331914073460238,-0.02558659331911295,0.021709989131362604,-0.010121010850620782,-0.0032437330805441533,0.020562388614366527,-0.14375981082271316,-1.3332
2022-12-22,3085.8004,3096.2449,3044.5991,3054.4313,3068.4105,223639537.0,266315477.4324,-0.4556,-0.002804089913562735,0.0,0.003440203615644233,-0.026073718641112742,0.021710975699043553,0.00503330749732922,-0.001585125457833847,0.010078136455998614,-0.3629815018477167,0.344
2022-12-23,3038.8416,3061.867,3031.5358,3045.8664,3054.4313,192020305.0,233335246.1956,-0.2804,0.006466534448129613,1.0,0.02707289844883931,0.01603782206138904,0.02227625621010512,0.019673818362682782,0.00725632055360359,0.013534100641476272,0.36364065461638617,2.7073
2022-12-26,3048.1963,3071.8363,3047.3491,3065.5626,3045.8664,206503893.0,255470265.3068,0.6467,0.009787828178749125,1.0,,,,,,,,
2022-12-27,3077.7469,3098.0783,3074.3133,3095.5678,3065.5626,222218322.0,267946785.4419,0.9788,-0.0026386435470739933,0.0,,,,,,,,
2022-12-28,3088.6174,3098.6496,3079.4338,3087.3997,3095.5678,224554151.0,260508525.6826,-0.2639,-0.004436775711288754,0.0,-0.0043782223075914395,0.007320570448215991,0.02226243250613156,-0.015091553425389925,0.01087748932914323,0.015564641281514168,-0.3523501036257013,-0.4378
2022-12-29,3076.7264,3086.0048,3064.4594,3073.7016,3087.3997,215570676.0,253916981.2202,-0.4437,0.005061096366673956,1.0,0.01561011909318899,0.028218124396405475,0.021775753600469672,0.0099463789729628,0.005607961212738655,0.015915329203299623,0.7278443800799437,1.561
2022-12-30,3084.5226,3096.3135,3082.1964,3089.2579,3073.7016,217545344.0,250355950.8646,0.5061,0.008822183476491219,1.0,-0.00792857498224775,0.03384900601210794,0.019218519073314407,-0.012589131766513773,0.004719977199161063,0.011291070716938781,0.027448572937430527,-0.7929
2023-01-03,3087.513,3119.8556,3073.054,3116.5119,3089.2579,281370362.0,331392138.948,0.8822,0.0022475447631051804,1.0,0.002039902457507514,0.03240626935949953,0.018782863733439667,0.014675444275254579,-0.012452791569004695,0.014817280055761644,-0.5072206697216224,0.204
2023-01-04,3117.5711,3129.0937,3109.4512,3123.5164,3116.5119,273313626.0,316391228.728,0.2248,0.0101487541413261,1.0,0.018395048684598292,0.023683357368838864,0.01906835486491853,-0.010665569340102654,0.02937390747162949,0.04594313549944113,0.2687838168557839,1.8395
2023-01-05,3132.7614,3159.427,3130.23,3155.2162,3123.5164,257003018.0,335635934.5275,1.0149,0.0007670789722746818,1.0,0.03215739262130257,0.06124872786588709,0.019999733639258097,0.008671505845783134,0.02328397961021622,0.027784161955474514,0.27683856222873615,3.2157
2023-01-06,3155.0747,3170.7418,3151.8407,3157.6365,3155.2162,257380255.0,338539843.6866,0.0767,0.005842344424382029,1.0,0.012458934714431713,0.05795593829008716,0.017812784927286596,0.02417916319396185,-0.011443533417512475,0.020857389779595198,-0.047744711399319684,1.2459
2023-01-09,3169.3737,3183.583,3165.4282,3176.0845,3157.6365,258115218.0,342693770.9741,0.5842,-0.0020708831896631974,0.0,-0.002875238039593997,0.06334487268719036,0.01778931968877824,0.008014375715187594,-0.01080303417999906,0.019947587350852607,-0.04296096168613772,-0.2875
2023-01-10,3178.022,3178.1569,3165.1446,3169.5072,3176.0845,232984175.0,310357698.6084,-0.2071,-0.0024198083538033988,0.0,0.018897999394044573,0.08123435083747821,0.015882662680540584,0.014496247077407931,0.004338855199629732,0.012089098326762485,-0.02073849797275784,1.8898
2023-01-11,3172.3759,3184.757,3160.8896,3161.8376,3169.5072,237742869.0,309248892.8544,-0.242,0.0005102412597028927,1.0,-0.002659392921563808,0.058880760713794444,0.014636504291732176,-0.0008378396827430912,-0.0018230806881661676,0.009710431010541197,-0.05907545232599887,-0.2659
2023-01-12,3167.273,3171.5905,3153.4038,3163.4509,3161.8376,216671305.0,275371843.3434,0.051,0.010069699517068598,1.0,0.004903086802309886,0.030920819444517855,0.013980442015775,0.006204919869525982,-0.0012938051101807346,0.01682444614667723,0.1555967256642372,0.4903
2023-01-13,3170.3548,3195.3067,3167.5098,3195.3059,3163.4509,220226897.0,288062499.1323,1.007,0.01010410302187359,1.0,0.003641062602484979,0.02194215608177208,0.012598942711660349,0.007639933663151632,-0.003968551589781821,0.022163598237548363,-0.04709347472629766,0.3641
2023-01-16,3198.5189,3251.3739,3197.3186,3227.5916,3195.3059,306749549.0,413219640.9599,1.0104,-0.0010369341647810115,0.0,0.010437805904035091,0.0355865477875954,0.012650928661271094,0.004228389753696549,0.0061832708711426765,0.013716585866943177,-0.14028513559729028,1.0438
2023-01-17,3229.4354,3231.2645,3211.7573,3224.2448,3227.5916,226592230.0,302611778.5286,-0.1037,4.999620376211489e-05,1.0,0.000370768023420176,0.01675585856592887,0.012695882297675645,0.003679619626968833,-0.00329672092453015,0.01725221333789667,0.03802703027074905,0.0371
2023-01-18,3227.5947,3234.8169,3220.3703,3224.406,3224.2448,212109730.0,266068176.6824,0.005,0.004922891223996029,1.0,-0.007774965604008366,0.011540700917799462,0.012142011527945026,-0.003157717577639385,-0.004631874176874717,0.017490913572253606,-0.10347292140211906,-0.7775
2023-01-19,3221.5179,3240.2794,3210.3825,3240.2794,3224.406,226465030.0,296815557.2559,0.4923,0.007571692737360802,1.0,0.004651111057557777,0.011287060815775352,0.01214013008336181,-0.002912274002161541,0.00758547604439741,0.012488854202776558,0.07423265839946325,0.4651
2023-01-20,3247.2031,3267.0579,3247.2031,3264.8138,3240.2794,273219182.0,329028168.4249,0.7572,0.0013796192603694468,1.0,-0.0012464249469508193,0.006362339117137239,0.011995893689108274,-0.010413322262201374,0.009263359664669402,0.017116431405111307,-0.40063779552581025,-0.1246
2023-01-30,3308.8694,3310.4903,3266.758,3269.318,3264.8138,353325829.0,453177014.1103,0.138,-0.0041748156649186186,0.0,0.0054114942406493505,0.05150053481288963,0.01110815278063241,0.0021332241462892476,0.0032712916959247718,0.009619006344724401,-0.19895989577308093,0.5411
2023-01-31,3266.1442,3277.2524,3252.0145,3255.6692,3269.318,300162957.0,375260749.5687,-0.4175,0.008984973043330235,1.0,-0.027289555685820033,0.018070393947781094,0.01332510699403845,-0.004804992749758763,-0.022593122726958792,0.027824178342713963,0.6365331540875747,-2.729
2023-02-01,3262.1961,3284.9224,3245.4113,3284.9213,3255.6692,339509410.0,413395187.7485,0.8985,0.00022807243509914699,1.0,-0.01030370557319904,0.008837937128019169,0.013603906879827538,0.0054617795505427225,-0.015679845265514913,0.029577616037894456,-0.14048598274670887,-1.0304
2023-02-02,3291.7828,3295.7636,3272.414,3285.6705,3284.9213,333413133.0,428662803.4302,0.0228,-0.006776272909897685,0.0,0.010523144737763612,0.001248829080978675,0.013321004569903122,0.0035925654451698374,0.0069057698624137576,0.01687457336282355,-0.2597136907106652,1.0523
2023-02-03,3275.6578,3275.6578,3235.3533,3263.4059,3285.6705,293342814.0,378648522.9653,-0.6776,-0.007571261668675722,0.0,-0.005156717641845998,-0.026960869029608925,0.013520224763027971,0.009244669081169166,-0.014269470193116085,0.01728102978500539,-0.05954520721511969,-0.5157
2023-02-06,3244.7007,3250.3514,3226.2112,3238.6978,3263.4059,267053107.0,349127264.8947,-0.7571,0.0029012277712356926,1.0,-0.013566131532591674,-0.04532745086804557,0.013779879842653617,-0.006707240431434669,-0.006905205977879136,0.016446128035062606,0.005572834165599616,-1.3566
2023-02-07,3245.2297,3250.033,3233.8334,3248.094,3238.6978,250946450.0,321257641.9429,0.2901,-0.004922178976347391,0.0,-0.02023547965487371,-0.03840418528001932,0.013050507032624023,-0.014371802643248444,-0.005949177415327966,0.012162709304091605,-0.04237980365607186,-2.0235
2023-02-08,3251.5006,3257.114,3230.4393,3232.1063,3248.094,234530481.0,293332736.1258,-0.4922,0.011842525105068447,1.0,0.0036066074329852427,-0.024888828252297324,0.012792653180020173,0.0031207944902875706,0.0004843015371289727,0.011921500921678095,-0.263724117592254,0.3607
2023-02-09,3227.7278,3270.3826,3225.7724,3270.3826,3232.1063,254754529.0,351760831.7332,1.1843,-0.002968826950094372,0.0,-0.0007127195556536625,-0.035730951813549905,0.012770318139469477,-0.0006948780911510966,-1.7853870766249003e-05,0.0124237629526685,0.06349785521096152,-0.0713
2023-02-10,3266.4367,3269.9944,3247.2296,3260.6734,3270.3826,260626926.0,341749872.0239,-0.2969,0.007202959977530954,1.0,0.016014268316518976,-0.015210607713872948,0.012569547861110145,-0.0060737133707206015,0.022222957561719214,0.02284772443655931,0.02054796646292978,1.6014
2023-02-13,3256.9881,3285.0913,3252.6327,3284.1599,3260.6734,297213188.0,397011413.4057,0.7203,0.0027777575629004403,1.0,-0.02006718349121095,-0.021700821819655935,0.013385131810577102,-0.0030021697751980714,-0.01711640005491799,0.019536763168944708,-0.08137775592056329,-2.0067
2023-02-14,3288.9742,3293.7338,3279.1894,3293.2825,3284.1599,270974168.0,355558052.4425,0.2778,-0.0038838453731193656,0.0,-0.0012269695456720298,-0.002720740961334789,0.013331087617356543,-0.013229563170526926,0.012163511569539542,0.020303514512690246,-0.005658005388106346,-0.1227
2023-02-15,3294.015,3296.1995,3274.5505,3280.4919,3293.2825,269939123.0,357621816.1305,-0.3884,-0.009590756800832212,0.0,-0.0023936398918562585,-0.008683159066046442,0.013299425022167657,0.003378311335722861,-0.0057525174327272,0.007698769916681031,-0.22977642502544882,-0.2394
2023-02-16,3281.7352,3308.8279,3231.3421,3249.0295,3280.4919,380863545.0,468382512.2274,-0.9591,-0.007696205897791963,0.0,-0.01428404983290521,-0.02214624272676713,0.013343431217682809,0.00014587643318875188,-0.014427821586942113,0.018506888398845116,0.419527858031147,-1.4284
2023-02-17,3244.7325,3262.4729,3223.2581,3224.0243,3249.0295,278451237.0,355625842.5427,-0.7696,0.02056870352993312,1.0,0.008432566137985598,-0.029443183520807215,0.013541992067572246,0.006481784455921735,0.0019382185670835383,0.020124763539794272,0.01731959745784195,0.8433
2023-02-20,3230.4728,3291.0388,3225.8427,3290.3383,3224.0243,325007733.0,397720315.3051,2.0569,0.004919038264241671,1.0,-0.01276273164195918,-0.022208620688027758,0.013704944781025623,-0.0013836695545526023,-0.011394828765048048,0.016816540378231538,-0.28994534340730915,-1.2763
2023-02-21,3291.6312,3308.7908,3282.436,3306.5236,3290.3383,324409449.0,390691271.556,0.4919,-0.004650170952960941,0.0,0.008067158916997608,-0.013109737946988331,0.013812238489025195,-0.001850403068367923,0.00993594749309401,0.017703830295741112,0.16031724716752116,0.8067
2023-02-22,3292.0489,3307.0343,3286.7207,3291.1477,3306.5236,255403985.0,320515620.0012,-0.465,-0.0011153252101083755,0.0,-0.017114505892671716,-0.02767247520100624,0.014230237936223984,-0.0013146958676609755,-0.01582060931470064,0.020981990677437022,0.045535578120151854,-1.7115
2023-02-23,3293.5219,3307.4385,3275.3621,3287.477,3291.1477,262324304.0,334364534.3783,-0.1115,-0.0061802105383550465,0.0,-0.00514625545982883,-0.018658794349652008,0.013370705766959815,-0.000828077073517175,-0.004321757134311932,0.013449920090562355,-0.12650813490898294,-0.5146
2023-02-24,3287.2553,3288.3922,3253.9748,3267.1597,3287.477,234206306.0,308004347.731,-0.618,-0.002793037634493345,0.0,-0.003549283582323426,-0.03031875382069571,0.011716650698599224,-0.004146624728748272,0.0005998284097417095,0.013610564908459896,-0.02096098903020227,-0.3549
2023-02-27,3256.9998,3276.5791,3251.7213,3258.0344,3267.1597,242855344.0,324605090.9248,-0.2793,0.0066208324872198965,1.0,-0.016770877607627854,-0.03425562300040397,0.01172038156367306,-0.00627378527714384,-0.010563364611863135,0.011147172054925132,0.17564227206726635,-1.6771
2023-02-28,3265.742,3280.4154,3246.1446,3279.6053,3258.0344,251625032.0,318030137.2864,0.6621,0.009983670900885588,1.0,-0.0033248309348707927,-0.045169330529670204,0.010624222930179618,-0.009445758229368995,0.006179295425111642,0.01409142610409562,-0.0830139201630864,-0.3325
2023-03-01,3279.1364,3315.1604,3272.0351,3312.3478,3279.6053,318398704.0,384387413.8303,0.9984,-0.0005114801048368145,0.0,-0.007900815854380738,-0.03621862988315849,0.010574542425897393,0.0038438569740231188,-0.01169970085169103,0.020155930425486766,0.3716782902330795,-0.7901
2023-03-02,3308.0113,3320.7441,3306.4554,3310.6536,3312.3478,328520016.0,389390626.8788,-0.0511,0.005358186673471321,1.0,0.0421395192747982,0.009590263143463673,0.014596497075130508,0.003236136367541942,0.03877789235953499,0.041650788388117956,0.04884921652749874,4.214
2023-03-03,3314.7727,3330.6046,3302.6231,3328.3927,3310.6536,343996919.0,388860006.7049,0.5358,-0.0019128752445586317,0.0,-0.009226608909630674,0.003838074624042065,0.014652043882212536,-0.011139341920909596,0.001934279613261758,0.011024403349998603,-0.37170881865525374,-0.9227
2023-03-06,3332.0235,3333.0619,3308.7255,3322.0259,3328.3927,340530446.0,431616811.145,-0.1913,-0.011115837477365775,0.0,0.006758866852085266,0.02786101377108685,0.014622031171653642,0.013396340382956895,-0.006549731103591028,0.011213708047104531,0.1108485652612341,0.6759
2023-03-07,3320.211,3342.8585,3284.4099,3285.0988,3322.0259,389957956.0,430081145.2293,-1.1116,-0.0005634229326680895,0.0,0.0017333137555584077,0.03307742719310691,0.01403163474210776,-0.006304594521269968,0.0080889055464195,0.014233593322293283,0.1101442586959589,0.1733
2023-03-08,3271.8798,3283.2479,3263.6927,3283.2479,3285.0988,260443547.0,312822175.7007,-0.0563,-0.0021790008607025513,0.0,-0.0033349204661996534,0.03783191498609617,0.013987411532909628,0.00017667167074630896,-0.003510971847683564,0.031397079772598376,0.3801464314453149,-0.3335
2023-03-09,3285.9427,3289.06,3259.9999,3276.0937,3283.2479,264021859.0,328825695.4925,-0.2179,-0.0140463320691957,0.0,-0.02353261441244192,-0.02756876794096519,0.014806521764967457,-0.013518238591870846,-0.010151607675215613,0.014631975097494513,-0.31844223477255795,-2.3533
2023-03-10,3255.5121,3262.147,3229.4959,3230.0766,3276.0937,281135410.0,342198577.5881,-1.4046,0.011956032250133086,1.0,-0.006259460133408057,-0.024656549903913194,0.014133379657098481,0.0015545165513370929,-0.007801848581993398,0.012451094071441923,-0.18669434649822492,-0.6259
2023-03-13,3228.1239,3268.6955,3228.1239,3268.6955,3230.0766,294928087.0,364414206.5117,1.1956,-0.00715367950303103,0.0,-0.030403889642241833,-0.060659660805327364,0.01491944909496692,-0.017312280497487342,-0.01332224763262757,0.017853791126452516,0.49216642283471934,-3.0404
2023-03-14,3261.9219,3262.0025,3216.9927,3245.3123,3268.6955,319906033.0,409976276.1209,-0.7154,0.0055472319258766944,1.0,0.01946436631207593,-0.044032987124809186,0.01584727735730895,0.004759854078070891,0.01463485247178542,0.02076923713969822,-0.1353649219628874,1.9464
2023-03-15,3261.0284,3273.1232,3256.8566,3263.3148,3245.3123,305168798.0,373276384.4095,0.5547,-0.011161534277967955,0.0,-0.022746277537993964,-0.06265169607411536,0.016417697338795608,-0.008705334136881904,-0.014164247911983452,0.02623379300435575,-0.03452509506968582,-2.2746
2023-03-16,3244.4699,3257.433,3224.7223,3226.8912,3263.3148,327389632.0,392910208.3967,-1.1162,0.007330522950386387,1.0,0.01516576302112016,-0.025503646904806443,0.016808866841997668,0.014314763746391845,0.0008389893405327253,0.0163316008553633,-0.13923234644725113,1.5166
2023-03-17,3245.2604,3279.9228,3240.157,3250.546,3226.8912,343001022.0,431983057.7365,0.7331,-0.004810176505731567,0.0,-0.017193563723811867,-0.036226007164602225,0.016866882128899446,-0.01749755755795701,0.00030940771341958495,0.014314322459668398,0.1458168643667861,-1.7194
2023-03-20,3253.9302,3267.9931,3231.6459,3234.9103,3250.546,392517391.0,480292404.9439,-0.481,0.0064113678824417875,1.0,0.01638624634254171,0.01028316887440539,0.017349322156633026,0.012285518938591089,0.004050959267154486,0.015303654307898725,0.3518066675760032,1.6386
2023-03-21,3240.8388,3255.9997,3237.8934,3255.6505,3234.9103,301810779.0,388047055.8748,0.6411,0.003101377128779559,1.0,-0.026532654254226462,-0.035299606975437214,0.017920200606374403,-0.008488830391949365,-0.018198306197004133,0.02837602511246973,-0.4226263871843017,-2.6533
2023-03-22,3263.4129,3279.3938,3255.7394,3265.7475,3255.6505,290840462.0,382509081.3094,0.3101,0.006400249866225227,1.0,0.013581071444172421,0.0005610984228978655,0.018102760324868777,0.006218714984861151,0.007316855023335567,0.014606822587156001,-0.3861107273641924,1.3581
2023-03-23,3258.7791,3286.6491,3252.9917,3286.6491,3265.7475,306118393.0,426564792.5791,0.64,-0.006388086881559785,0.0,0.017273697787396625,0.002638707422311537,0.01865098541412116,0.00880638213467555,0.008393400163472453,0.018034909828046983,0.20305528783657145,1.7274
2023-03-24,3282.739,3282.739,3260.8444,3265.6537,3286.6491,324513337.0,430761598.8632,-0.6388,-0.004365619048951719,0.0,0.02338828763392975,0.04403946904562672,0.01948083655737355,0.001445019582541951,0.02191160535256831,0.026938309250524255,0.06828727036123894,2.3388
2023-03-27,3261.8235,3261.8235,3229.7037,3251.3971,3265.6537,337861206.0,453585768.7405,-0.4366,-0.0018518500862290121,0.0,-0.006681416723691713,0.02034419494440942,0.019167245618722278,-0.0064834081808948785,-0.00019930069052420674,0.01415686266686086,-0.09279668247687844,-0.6681
2023-03-28,3256.6023,3264.0978,3241.7368,3245.376,3251.3971,295682660.0,396882943.3678,-0.1852,-0.001639008854444124,0.0,-0.017473166871530443,0.02983993756022807,0.019551239437269965,-0.0032080250335413396,-0.014311052051225737,0.02155487535449449,0.08183062078922276,-1.7473
2023-03-29,3253.6212,3254.5564,3229.5848,3240.0568,3245.376,296900508.0,405542776.8654,-0.1639,0.006540533486943945,1.0,0.011087665432148786,0.02730653479247902,0.019647532286492297,0.006164243198865105,0.004893258994804528,0.01613067255255983,-0.2575766443404195,1.1088
2023-03-30,3243.0683,3263.7379,3220.9846,3261.2485,3240.0568,299898295.0,401634271.1052,0.6541,0.0035605075786160345,1.0,0.020609411842008818,0.030675147245504908,0.01772309654973473,0.02850644312636308,-0.007678154412284921,0.016677575797398442,0.2943654861814107,2.0609
2023-03-31,3263.4061,3278.4231,3260.0396,3272.8602,3261.2485,283613746.0,396689286.2543,0.3561,0.007191202361775284,1.0,0.005780887858798378,0.012942377020235929,0.01766947896189025,0.0012078801925476945,0.004567490684723063,0.014998217151007416,0.1380675583612021,0.5781
2023-04-03,3277.34,3299.7321,3276.4158,3296.396,3272.8602,357676775.0,513390565.537,0.7191,0.004902869679492383,1.0,0.004479758611028561,0.02432405019562478,0.017629905927936937,0.013528398311498435,-0.00892786005359536,0.017950547364658224,0.020906200531674912,0.448
2023-04-04,3297.183,3312.5615,3290.9925,3312.5578,3296.396,385871617.0,555811064.0155,0.4903,2.1192083048404697e-05,1.0,0.0004446054457549753,0.043004054132092406,0.017624589942909424,-0.0010102886700120717,0.001456365465295928,0.01218032647863171,-0.13850087686607715,0.0445
2023-04-06,3302.751,3314.5262,3296.055,3312.628,3312.5578,327155424.0,506500167.1652,0.0021,0.0045334701028911795,1.0,-0.006594581457951776,0.024763642520843065,0.01766890703649588,-0.0021960705917630774,-0.004408191566049768,0.011634960346275506,-0.09317799397758897,-0.6595
2023-04-07,3312.4813,3328.8455,3308.061,3327.6457,3312.628,283032247.0,436372798.9258,0.4533,-0.0036926707672033654,0.0,,,,,,,,
2023-04-10,3331.5051,3332.7152,3309.9171,3315.3578,3327.6457,340819845.0,516434325.4021,-0.3693,-0.000539097167732705,0.0,,,,,,,,
2023-04-11,3317.0771,3317.4484,3298.2498,3313.5705,3315.3578,320566055.0,466895849.2546,-0.0539,0.004107683841342746,1.0,0.0027921649710302976,0.00687387333848366,0.016822071778141618,-0.006331570700073286,0.009181871338643122,0.012053511316381786,-0.11949828550187469,0.2792
2023-04-12,3316.8623,3330.7079,3315.3991,3327.1816,3313.5705,343025315.0,482066170.1348,0.4108,-0.0026502310544155305,0.0,0.0075765326198158345,0.008671469432713241,0.016799728082400683,0.011577772094121253,-0.003955444242336625,0.022495474935075182,0.3574781528698878,0.7577
2023-04-13,3321.2733,3334.4697,3309.2515,3318.3638,3327.1816,347862106.0,477587943.3796,-0.265,0.005963390752997011,1.0,-0.008561286077195196,-0.004423995752964038,0.015254021590507118,-0.00018110600608056693,-0.008381698046971975,0.01258906412617099,-0.2645613844812278,-0.8561
2023-04-14,3326.3704,3340.0764,3316.8101,3338.1525,3318.3638,338299275.0,478345417.4613,0.5963,0.014216546428001742,1.0,0.0017045907751209732,-0.0031701420635223965,0.014729280400404846,-0.016341816240978635,0.018346217531719944,0.02259739850496265,-0.009483513712885028,0.1705
2023-04-17,3337.0605,3385.6095,3336.3881,3385.6095,3338.1525,402809926.0,523790271.0223,1.4217,0.0022807414735810383,1.0,0.0046366385378247,0.008099793879925654,0.013561281787044228,0.003845760619096694,0.000787848043747319,0.009118935455710858,-0.11037730708200044,0.4637
2023-04-18,3379.2267,3396.1745,3375.7803,3393.3312,3385.6095,348399486.0,474287388.9442,0.2281,-0.006837794082699689,0.0,0.016813111917963974,0.02219495160147944,0.013643219506689579,-0.0031459757197216387,0.020022076604541805,0.027672354701668057,0.4916996484680176,1.6813
2023-04-19,3391.3549,3394.959,3364.6419,3370.1283,3393.3312,346123443.0,476496941.0172,-0.6838,-0.0009190451295281177,0.0,-0.006348625883858872,0.00806776000671694,0.012990952796052595,-0.006690260291736583,0.00034393542539712385,0.008820423001137867,-0.3728034810137508,-0.6349
2023-04-20,3367.0525,3371.3679,3344.016,3367.031,3370.1283,350354965.0,499672394.2156,-0.0919,-0.019534569179790684,0.0,-0.013692155786951488,0.0028508320589111236,0.013186784901512852,-0.0008479209472307403,-0.01285513497794799,0.014347829666192307,-0.07322681194917635,-1.3692
2023-04-21,3363.9987,3367.6093,3301.2575,3301.2575,3367.031,387395098.0,530517857.7717,-1.9535,-0.007828683463801389,0.0,0.0014341292316879528,0.002580061028839342,0.01133010185438731,-0.0006348268047147165,0.0020702702994817024,0.008060287434651542,-0.06457938135780417,0.1434
2023-04-24,3300.8125,3303.0908,3264.9349,3275.413,3301.2575,354255626.0,473265986.2688,-0.7829,-0.0032183117060351485,0.0,-0.015749398072360865,-0.01776424361300888,0.011857828163320441,-0.0032759767749818147,-0.012514418240888614,0.019806373201509908,0.19751360075221847,-1.5749
2023-04-25,3276.403,3288.5685,3229.4461,3264.8717,3275.413,380895729.0,494240131.3883,-0.3218,-0.00023618079693599192,0.0,-0.005767660752560522,-0.039577143214587385,0.011422022184542534,-0.0012881225240626293,-0.004485315864890871,0.020506850809410105,-0.10398028191424125,-0.5768
2023-04-26,3255.2171,3277.9797,3239.9893,3264.1006,3264.8717,357917842.0,480418149.4028,-0.0236,0.006673752641079611,1.0,-0.01713732606410634,-0.05000506040770891,0.01081887183825638,-0.0028261608000825778,-0.014351725548181538,0.019170899311320468,-0.02323482093970064,-1.7137
2023-04-27,3256.2278,3299.301,3253.1117,3285.8844,3264.1006,341590534.0,466175350.4204,0.6674,0.011379036949687116,1.0,0.007105252963113262,-0.0299733500394741,0.010879037231669525,-0.0049398813735225255,0.012104931261100127,0.019510772825605947,-0.12353726443963531,0.7105
2023-04-28,3283.1224,3324.8808,3283.1224,3323.2746,3285.8844,401554785.0,514904620.6877,1.1379,0.008179913871697586,1.0,0.00420149140038073,-0.02729277927064666,0.010137046763691182,-0.0010588507420307147,0.005265917963554578,0.011018222659304768,0.10245373124274515,0.4201
2023-05-04,3306.4827,3352.7463,3302.0275,3350.4587,3323.2746,483364916.0,550494850.3467,0.818,-0.004762303143745594,0.0,-0.011771457639056515,0.004143159199668789,0.008849832961205622,-0.01242411761725426,0.0006608707136741554,0.009192422321673476,0.0008497752189278174,-1.1771
2023-05-05,3350.6538,3364.1417,3321.1872,3334.5028,3350.4587,436504494.0,499294430.5323,-0.4762,0.018143874403104387,1.0,0.012669068122701743,0.009690610089349239,0.009317494126895946,-0.00017411909949460735,0.012845423855830651,0.014418888927243642,0.7862318398273747,1.2669
2023-05-08,3340.9904,3400.1766,3340.9904,3395.0036,3334.5028,534103659.0,564661993.453,1.8144,-0.010996424274778316,0.0,0.005041924974672707,0.010535637601888803,0.009413220446554977,0.0056279271913550755,-0.0005827226957778597,0.012047884752563203,0.035223263843844776,0.5042
2023-05-09,3402.3938,3418.9534,3356.1183,3357.6707,3395.0036,573013309.0,619108477.5013,-1.0996,-0.011472268558081145,0.0,0.01235553742248463,0.020229640550160077,0.009751870024296023,0.003933801213108934,0.008388736587212398,0.011972481846008708,0.255504377418724,1.2356
2023-05-10,3347.7015,3349.7213,3305.2506,3319.1506,3357.6707,451739731.0,489553667.2965,-1.1472,-0.002892125473306306,0.0,-0.02115826798304965,-0.0033224957998495563,0.010816392229510715,-0.0022121463090903903,-0.01898812618722079,0.02365124355632341,-0.060113928553182205,-2.1158
2023-05-11,3323.6583,3333.2496,3307.2887,3309.5512,3319.1506,354258271.0,401313953.4043,-0.2892,-0.011236961676253876,0.0,-0.005304118569045668,0.0032001364525189313,0.010655040049487911,-0.0003563594559580219,-0.004949522922383598,0.009233132570750875,-0.3734517760975109,-0.5304
2023-05-12,3304.4582,3319.1307,3271.4311,3272.3619,3309.5512,347314983.0,387081199.2853,-1.1237,0.01172694254874429,1.0,-0.0009315764439181695,-0.010273335696056818,0.01053389461656447,0.004087601582819733,-0.0049987451481581235,0.014516096386030028,-0.2275707202651187,-0.0932
2023-05-15,3269.8781,3310.7367,3235.8679,3310.7367,3272.3619,388045887.0,431706863.2693,1.1727,-0.005965228222467811,0.0,-0.005903121943659162,-0.021051597286889212,0.010554763687898872,0.005421957992867599,-0.011264006963936923,0.013010673229405164,0.03129959704897267,-0.5903
2023-05-16,3310.1607,3317.9012,3282.4918,3290.9874,3310.7367,322479410.0,385386011.2023,-0.5965,-0.0020526970112374476,0.0,0.017521057469109147,-0.01605653635039206,0.011329238531047477,-0.005206029986895788,0.02284602454486695,0.028802317595341864,0.12181157572568857,1.7521
2023-05-17,3281.9664,3298.519,3269.8936,3284.232,3290.9874,285744050.0,340482661.4975,-0.2053,0.003985071700172149,1.0,0.0003565146288666554,0.005570381495884069,0.010529469128701736,0.010622834060966868,-0.010158408345917969,0.014610590387223819,-0.4049721624491731,0.0357
2023-05-18,3288.4112,3313.8622,3284.1679,3297.3199,3284.232,309967472.0,368435070.9882,0.3985,-0.004178605782229283,0.0,-0.020906736075482102,-0.01020281142787749,0.011324995347207104,-0.0011072040844417597,-0.01982147841289872,0.022516486679263707,0.27164689988716084,-2.0907
2023-05-19,3288.8911,3302.3424,3268.2242,3283.5417,3297.3199,285404064.0,359507956.5181,-0.4179,0.003937181610941476,1.0,0.008521224074758527,-0.0008377317627467074,0.011273841342804286,0.0072676818722563485,0.001244497589927951,0.013469443886348974,-0.07475132292378284,0.8521
2023-05-22,3278.596,3308.5325,3276.5398,3296.4696,3283.5417,273889998.0,342448401.6305,0.3937,-0.015237998857929758,0.0,-0.014025269614365898,-0.009001265588029828,0.011585174700637031,-0.009720564194198311,-0.004346960327076599,0.013073793863817807,-0.07333333817601684,-1.4025
2023-05-23,3294.7877,3298.2257,3246.238,3246.238,3296.4696,275279083.0,324667932.8729,-1.5238,-0.012780517016928394,0.0,0.011701456563997903,-0.014669174954046293,0.011534990573352184,0.0014647385655022216,0.010221745813196126,0.020378323103127517,-0.1488416999004798,1.1701
2023-05-24,3237.7045,3237.7045,3204.3813,3204.7494,3246.238,288720257.0,342677325.7346,-1.2781,-0.0010886654663232465,0.0,-0.012547914770529855,-0.02737977550586268,0.011781463945226825,0.0017933578173174869,-0.014315599595403294,0.020613705441105523,0.11823669029898909,-1.2548
2023-05-25,3197.3644,3207.021,3168.5716,3201.2605,3204.7494,283588925.0,347709231.7305,-0.1089,0.0035121477930333267,1.0,-0.016227468639433917,-0.02273144392009019,0.011718579083251485,-0.007815246059826308,-0.00847848401842588,0.013246703119974343,0.2711104829409976,-1.6227
2023-05-26,3198.8825,3220.7737,3179.8217,3212.5038,3201.2605,261700479.0,333319265.9731,0.3512,0.0027843079905462975,1.0,,,,,,,,
2023-05-29,3219.7553,3230.9706,3208.955,3221.4484,3212.5038,297389487.0,377875996.064,0.2784,0.0008582785308619556,1.0,-0.019303795316262473,-0.04969420471682584,0.01220764928779355,-0.009714410965095621,-0.00968345339702692,0.016184930578841804,0.12000151465931808,-1.9304
2023-05-30,3214.6728,3230.6317,3186.6256,3224.2133,3221.4484,303532460.0,376622572.8651,0.0858,-0.00609416876978941,0.0,-0.010444915751493977,-0.0462433748728186,0.012220613646546573,0.004275902388232389,-0.014658141358086407,0.019268765215832765,-0.24000700251467144,-1.0445
2023-05-31,3214.6551,3216.3597,3190.2736,3204.5644,3224.2133,294573338.0,384999190.2157,-0.6094,2.187504797834805e-05,1.0,0.0024079421662637213,-0.05500460662754714,0.012212318507274592,0.0012441304051347135,0.001162365626711015,0.015997964542283392,0.021788314919181317,0.2408
2023-06-01,3196.1547,3225.093,3189.5174,3204.6345,3204.5644,312330759.0,400981483.1776,0.0022,0.007936661731626549,1.0,-0.019440432184076095,-0.061600771952396216,0.012656414624015785,-0.009721560483077263,-0.009814281835460181,0.01990451597082776,0.6667352118337817,-1.944
2023-06-02,3212.4489,3233.9916,3211.737,3230.0686,3204.6345,294667098.0,377507927.7291,0.7937,0.0007344735650505196,1.0,-0.0009520534685513171,-0.047029885545720296,0.012554196526903094,-0.002413038745175955,0.0014645192182414224,0.015101783619525156,-0.5112027195013695,-0.0952
2023-06-05,3231.8108,3244.1801,3221.6254,3232.441,3230.0686,278060203.0,357810090.5748,0.0734,-0.011477579946548078,0.0,0.04023898674363546,0.010829512261214091,0.015604183612216441,0.019207428702233242,0.020635208740758193,0.026163053997631903,0.3525886964450198,4.0239
2023-06-06,3228.4068,3247.349,3189.2692,3195.3404,3232.441,308285872.0,387492228.8357,-1.1478,0.0007568207756518675,1.0,0.008367308814698271,0.030046180525046706,0.015705602487775323,0.0034311454284288168,0.0049192846053844885,0.012014286061063955,-0.5765988368486905,0.8367
2023-06-07,3197.4677,3210.3295,3188.0053,3197.7587,3195.3404,258063400.0,331083866.6517,0.0757,0.004949341549755015,1.0,-0.00048250778449387965,0.027076035530641862,0.01533373848447148,0.00045058481827453534,-0.0009326723547650184,0.017977863254572703,0.07675367069264993,-0.0483
2023-06-08,3194.8348,3225.5263,3180.5354,3213.5855,3197.7587,293530741.0,353551633.1556,0.4949,0.005545207992754486,1.0,0.007996112942477485,0.05581413459381701,0.01488854529540795,0.011930816240193431,-0.0038883125551362197,0.011225030472352855,-0.048690570545064205,0.7996
2023-06-09,3213.033,3231.4055,3206.1027,3231.4055,3213.5855,314155501.0,413341768.4127,0.5545,-0.0007959075393044746,0.0,0.0024506544774569594,0.05941018537172327,0.01488436043206181,-0.0012549345522543387,0.003710245144540325,0.01309785996260128,0.025661672638113586,0.2451
2023-06-12,3225.3049,3239.4368,3210.7135,3228.8336,3231.4055,313784444.0,403241619.6234,-0.0796,0.0014989313788111858,1.0,0.0047033086379835165,0.023219598584481194,0.014940547287295464,0.00177468680016446,0.0029234336586938525,0.012046107658460077,-0.09929099055665169,0.4703
2023-06-13,3223.8958,3235.0854,3215.4989,3233.6734,3228.8336,280628454.0,377193491.3894,0.1499,-0.0014487239187482848,0.0,0.0007405898416448231,0.015480545307062332,0.01489486588603786,0.002632291470581416,-0.0018867351919835684,0.0095585599756575,-0.17099396126068633,0.0741
2023-06-14,3238.1189,3248.4609,3226.7743,3228.9887,3233.6734,303537260.0,404009517.761,-0.1449,0.007428455850588822,1.0,0.00603525711555819,0.022102403860250197,0.014377271304856993,-0.0025076903017937635,0.00856442434121285,0.01540894780592559,0.3790569011076066,0.6035
2023-06-15,3230.4512,3252.9751,3229.1452,3252.9751,3228.9887,313255752.0,437522981.5482,0.7428,0.006258578493269162,1.0,-0.005788513335607703,0.008124870143361607,0.014411463853958372,0.0013400664500842208,-0.007119039799300175,0.014795030279559567,0.006595867498102592,-0.5789
2023-06-16,3256.2989,3276.5522,3255.4988,3273.3341,3252.9751,326281846.0,444375632.3957,0.6259,-0.005354907096101202,0.0,0.021665854304471877,0.027448834613698514,0.01451419234389856,0.011251817510132156,0.01029816373530057,0.016561883965825263,0.06806686425298558,2.1666
2023-06-19,3271.1635,3271.1635,3251.7789,3255.8057,3273.3341,327753047.0,455226178.2188,-0.5355,-0.004742574165282676,0.0,0.010663717438972986,0.03354418139293802,0.0145820766415275,0.0043633238724045675,0.006273022338447065,0.014095573536027178,0.29864581144037494,1.0664
2023-06-20,3252.5435,3252.8435,3237.7857,3240.3648,3255.8057,298260596.0,433243981.4599,-0.4743,-0.013104604765488026,0.0,-0.00636115999854292,0.026209641053971833,0.014266839163553327,-0.0028427618851347702,-0.003528428595734545,0.014061117634055703,-0.6309889358563705,-0.6361
2023-06-21,3230.1142,3236.3626,3197.9011,3197.9011,3240.3648,294377372.0,406234561.3598,-1.3105,-0.014785385326644418,0.0,-0.0153573891082609,0.0043880004630811875,0.014506654929709087,-0.0024622242175795783,-0.01292699404848796,0.018040073540304777,0.10716911614414748,-1.5357
2023-06-26,3177.2293,3181.0758,3144.2484,3150.6189,3197.9011,308129811.0,398859657.4078,-1.4785,0.012322594776537521,1.0,-0.017086794651986148,-0.04735255374473235,0.014970186514053227,-0.004335960163073249,-0.012806362365965662,0.01759152060400597,-0.1666305503068397,-1.7087
2023-06-27,3153.3132,3194.4086,3148.2657,3189.4427,3150.6189,287604327.0,354487810.6004,1.2323,-2.0975451291316283e-05,0.0,-0.005073591964412816,-0.06218647659698884,0.014354371144971527,-0.0023329841180266264,-0.002747016592468454,0.012412407219280788,0.20131746239844084,-0.5074
2023-06-28,3183.4865,3192.6589,3157.1229,3189.3758,3189.4427,276231948.0,360118192.4784,-0.0021,-0.00219309370817955,0.0,0.0188356683709221,-0.03840527417165451,0.014698158561136815,0.003061062150788496,0.015726466528677152,0.020426590642929544,-0.0031587762172087253,1.8836
2023-06-29,3185.4242,3196.5025,3179.5251,3182.3812,3189.3758,250340074.0,340636710.9113,-0.2193,0.006184394251700587,1.0,0.0012492081472184058,-0.022187393533356414,0.014697450288932075,-0.0025454182732205233,0.003804309980580456,0.010594768261966188,-0.206550388546777,0.1249
2023-06-30,3178.9242,3212.9928,3177.9913,3202.0623,3182.3812,265379873.0,359739563.3541,0.6184,0.013089283116071826,1.0,-0.01239773524479637,-0.014777023001454226,0.01424343885271013,0.00042927073526310977,-0.012821502084432446,0.017888540870694535,0.009007147670878624,-1.2398
2023-07-03,3209.1623,3246.8605,3209.1623,3243.975,3202.0623,312371395.0,421353472.3564,1.3089,0.00042361608828689334,1.0,-0.000946955693247653,0.0014007433574536599,0.01424338364735862,-0.0027954470074510462,0.001853673159289304,0.012225921552141271,0.10076292211046045,-0.0947
2023-07-04,3241.2305,3246.9576,3233.9895,3245.3492,3243.975,279248721.0,387115944.0596,0.0424,-0.006902893531457344,0.0,0.020625456283241528,0.027267024331533163,0.011963376241136364,0.004552656077283057,0.015999957900387107,0.019515310235599416,0.16930239510641343,2.0625
2023-07-05,3240.0486,3241.8353,3218.6022,3222.9469,3245.3492,264016426.0,351234984.7406,-0.6903,-0.005390129139266953,0.0,0.005650402271970334,0.013972643803859652,0.011890527778792378,-0.0009079801249209929,0.006564342689586722,0.010146276478653113,-0.10817508109802709,0.565
2023-07-06,3215.8633,3229.4799,3199.7164,3205.5748,3222.9469,246119032.0,320808312.5891,-0.539,-0.0027968774898030624,0.0,-0.015724404192899777,-0.003216661755002681,0.01245640485003645,-0.0031222187427892845,-0.012641655463739188,0.014591299403368974,0.20213735159187252,-1.5724
2023-07-07,3197.4716,3212.0472,3189.2114,3196.6092,3205.5748,255688469.0,313607453.159,-0.2797,0.002216911594948856,1.0,-0.030210283625966672,-0.02119480140865604,0.014014394438716549,-0.014126877644505265,-0.016313870027244715,0.02563685285169613,0.298003533982687,-3.021
2023-07-10,3208.7349,3216.5348,3192.6579,3203.6958,3196.6092,236560367.0,311462495.6014,0.2217,0.005515754648116156,1.0,-0.009029814304715056,-0.029113844419903723,0.01406581999451617,-0.005265727983251534,-0.0037840118988079485,0.013922155284748083,-0.28548058891399997,-0.903
2023-07-11,3211.1222,3221.6804,3200.3845,3221.3666,3203.6958,227600467.0,309950254.6796,0.5516,-0.007832979953290575,0.0,0.006208312234219138,-0.04282838139723266,0.014109675922325197,0.020788752947069833,-0.014283504467262231,0.01979668621397486,-0.23188522517671117,0.6208
2023-07-12,3220.3758,3224.3312,3193.4366,3196.1337,3221.3666,271423386.0,365433182.2936,-0.7833,0.012623470663946312,1.0,0.009746359793330273,-0.03892987523486169,0.014353627773632804,0.010373533798130996,-0.0006207347914618522,0.012601922539951958,0.07941992270974296,0.9746
2023-07-13,3202.6992,3238.4675,3202.6992,3236.48,3196.1337,276620508.0,373242517.8247,1.2623,0.0003773235119635121,1.0,0.01077823324221061,-0.013052069084968476,0.014528980542807383,0.007351621102657191,0.00340160482970453,0.010320565621444662,-0.1511143616121675,1.0778
2023-07-14,3240.9695,3248.3849,3233.9985,3237.7012,3236.48,273327494.0,368337829.1075,0.0377,-0.008670163880471704,0.0,0.025962106892812864,0.044114163615810664,0.01573407290576709,0.01698535863782058,0.008826821525745432,0.010906661647477944,0.4063039228793084,2.5962
2023-07-17,3219.0162,3219.0162,3195.8862,3209.6298,3237.7012,250208376.0,322074497.0629,-0.867,-0.003679458609214148,0.0,,,,,,,,
2023-07-18,3206.786,3210.2482,3190.0049,3197.8201,3209.6298,235030259.0,307331649.3099,-0.3679,0.0003176226204844035,1.0,0.0032639781050942673,0.05706725036344906,0.014915226555446906,0.009519074841012776,-0.006196115449233819,0.008796617369366003,-0.10402232171095172,0.3264
2023-07-19,3195.0085,3204.3612,3181.5611,3198.8358,3197.8201,217355860.0,281206091.159,0.0318,-0.009163896440073538,0.0,-0.020503992524897097,0.029004768470517917,0.015261973587928256,-0.004607036857324998,-0.015970532499428147,0.017741006645794994,0.05194242271983818,-2.0504
2023-07-20,3201.9111,3209.0554,3165.6739,3169.522,3198.8358,238932891.0,302376024.1102,-0.9164,-0.000560589262355693,0.0,-0.0033346094704802542,0.01567431214539461,0.015236761260081692,-0.009945981535277149,0.006677789233206832,0.015428813634193152,-0.26753699297599276,-0.3335
2023-07-21,3163.421,3185.6357,3157.3335,3167.7452,3169.522,225331363.0,280673190.4042,-0.0561,-0.0011315304021294326,0.0,-0.0012816379639211117,0.0035560244844505817,0.014926669448035914,0.002689381927585499,-0.0039603689468343806,0.017252778157385733,-0.09241496593574361,-0.1282
2023-07-24,3157.4694,3178.7335,3151.1252,3164.1608,3167.7452,216595211.0,260119088.909,-0.1132,0.021288583058104882,1.0,0.007778943597903876,-0.014230035006630337,0.014425863688138061,-0.000492391702882844,0.008275410044030318,0.014968285113815375,-0.0993071912894532,0.7779
2023-07-25,3201.4575,3231.7486,3201.4575,3231.5213,3164.1608,348617714.0,410846601.1105,2.1289,-0.0026282976999099095,0.0,-0.02134230411538285,-0.03840725505285403,0.014715366978424753,-0.010885828030653188,-0.010571556227842227,0.02015385373515236,0.301417812282482,-2.1342
2023-07-26,3228.0873,3229.8921,3212.8801,3223.0279,3231.5213,317206051.0,328306929.3731,-0.2628,-0.0019723689019259805,0.0,0.04104584546406587,0.022017572829217125,0.0173386084220251,0.02700481836711166,0.013671822026384062,0.018933316906067324,0.5061421480677843,4.1046
2023-07-27,3225.4763,3245.6028,3210.4699,3216.6709,3223.0279,327118867.0,332145068.2675,-0.1972,0.01842115710376202,1.0,-0.003563783806034726,0.02178256898499442,0.016899429927900403,-0.004817745852714772,0.0012600325633362885,0.008173136294405803,-0.5412584486571461,-0.3564
2023-07-28,3206.741,3280.2777,3200.9939,3275.9257,3216.6709,411068434.0,436923617.4084,1.8421,0.00461368827748454,1.0,0.01414758684935924,0.03756811330503673,0.01716556508031897,0.007071986053289514,0.007025913632846548,0.010499278600619449,0.34898076544572376,1.4148
2023-07-31,3287.2089,3322.1291,3281.0133,3291.0398,3275.9257,459030994.0,511505348.4179,0.4614,-2.7498907791967397e-05,0.0,0.014127422271172252,0.04410424812034042,0.017072445127798437,-0.011234215807131798,0.025649793392685805,0.02844782681088902,0.021586999526849837,1.4127
2023-08-01,3288.7604,3305.3402,3279.5656,3290.9493,3291.0398,459890833.0,441023318.5885,-0.0027,-0.008890747724372372,0.0,0.008153014375976486,0.075572030436867,0.017092230817091277,0.016115734845776553,-0.007836430631603775,0.017133480882240607,0.335333558752847,0.8153
2023-08-02,3281.8583,3290.8203,3252.3036,3261.6903,3290.9493,405341499.0,388952703.9735,-0.8891,0.005755390081026324,1.0,-0.0033776683430499777,0.0296752150825339,0.016635324418982994,0.00658700110663224,-0.009899461684610644,0.0218871115706306,-0.36192910641361564,-0.3378
2023-08-03,3254.5651,3280.8636,3247.2719,3280.4626,3261.6903,384691317.0,389530671.9671,0.5755,0.0023233308619339255,1.0,-0.024673281655399504,0.007861549154821512,0.01763002961920516,-0.0054144895438135165,-0.019363636317959787,0.02527844518447736,-0.01855671807463466,-2.4673
2023-08-04,3296.0944,3315.0492,3281.7343,3288.0842,3280.4626,470927697.0,497188089.3893,0.2323,-0.0058554157463485135,0.0,-0.004944823536765841,-0.011112519864698633,0.017272001111839345,-0.005802008261354796,0.000862187141506876,0.014402547882963725,-0.17308250060327168,-0.4945
2023-08-07,3276.7756,3276.7756,3258.5372,3268.8311,3288.0842,360341484.0,393056934.1815,-0.5855,-0.002512060044949971,0.0,0.006106317585154564,-0.01893399261719908,0.01565748687232867,0.012886137438745227,-0.006693565646711752,0.020379107630090664,0.10786916325664819,0.6106
2023-08-08,3260.7218,3274.5186,3246.6745,3260.6196,3268.8311,316520733.0,355750325.3405,-0.2512,-0.0049478019453725874,0.0,-7.881487001182297e-05,-0.026944649468547688,0.015428911475663607,-0.0033163659589363625,0.0032483237191303083,0.011743927416622628,-0.19650972844326375,-0.0079
2023-08-09,3251.1521,3257.0816,3240.2888,3244.4867,3260.6196,271218538.0,309778299.5736,-0.4948,0.0031046513459278557,1.0,-0.018105816791142537,-0.04132452356489791,0.01612260922005978,-0.011739734833595361,-0.006441705876412351,0.013214815087788195,0.4273348138660271,-1.8106
2023-08-10,3242.2057,3257.0298,3234.1158,3254.5597,3244.4867,287412142.0,307263291.7332,0.3105,-0.020067752943662365,0.0,0.003224533560743037,-0.013902993127151375,0.016023232314000376,-0.006494417011525422,0.009782482090371136,0.011174838421469421,-0.43296083918967554,0.3225
2023-08-11,3254.4751,3254.4751,3189.248,3189.248,3254.5597,330137750.0,339187129.8407,-2.0068,-0.0033929001444854556,0.0,0.00011586805174879089,-0.008887861357395499,0.015880949561599158,-0.006288569642674324,0.006444967320261341,0.014796817837237023,0.137631728798155,0.0116
2023-08-14,3159.7138,3180.5067,3141.6551,3178.4272,3189.248,299840327.0,322632054.3965,-0.3393,-0.0007083377590023643,0.0,-0.008991462085404023,-0.023760636169065097,0.014897942323933553,0.0037224143896643636,-0.012666725673152746,0.015397235905998913,0.2582066898777864,-0.8991
2023-08-15,3180.5579,3186.234,3147.3459,3176.1758,3178.4272,273251922.0,300827985.3746,-0.0708,-0.008201088869199236,0.0,-0.015813210772736674,-0.03912238354952824,0.015243448651661343,-0.01980897700101525,0.004076517877151353,0.012487949006012668,0.1454606568694956,-1.5813
2023-08-16,3164.7019,3176.626,3149.7226,3150.1277,3176.1758,281728292.0,303611332.6384,-0.8201,0.0043209676864846,1.0,-0.010250591923211094,-0.03143529274396539,0.014736995055759124,-0.009287002191913585,-0.0009726224783861426,0.012359942578787756,-0.3770717336787275,-1.0251
2023-08-17,3137.3514,3167.4457,3123.2495,3163.7393,3150.1277,294692586.0,320785474.1076,0.4321,-0.010047066773169355,0.0,-0.013551935271897131,-0.04763216102229917,0.014995088591760667,-0.01208001029002026,-0.001489923270313609,0.009639359543105906,0.05655307395182341,-1.3552
2023-08-18,3165.0998,3179.1159,3131.953,3131.953,3163.7393,294390352.0,320449006.9367,-1.0047,-0.012444407690664572,0.0,-0.00014566841068663905,-0.0478812110808976,0.014998364635903729,-0.016704947815792126,0.01684060076202165,0.02719307338523568,0.11284867164387258,-0.0146
2023-08-21,3125.9897,3134.9571,3092.9777,3092.9777,3131.953,265753423.0,293721061.6212,-1.2444,0.008844583651540727,1.0,-0.020504588132133517,-0.05894253215826428,0.015404630323330263,-0.006419619973775936,-0.014175972514660407,0.02182507094866866,-0.0359209281542725,-2.0505
2023-08-22,3103.7807,3126.7838,3074.5307,3120.3338,3092.9777,309316335.0,348637687.6068,0.8845,-0.013438209719742189,0.0,-0.01824760387391111,-0.06127024457281649,0.01522434441659787,-0.008488734516749807,-0.009842419039389316,0.0156137453101106,0.029866781524017227,-1.8248
2023-08-23,3116.2661,3116.3765,3077.6056,3078.4021,3120.3338,272244124.0,297986364.377,-1.3438,0.0012479851153948118,1.0,0.009516951715598854,-0.04252167927535022,0.011665276476191472,0.0010537192544637364,0.008454323977176825,0.022218325863104883,-0.08160529935764416,0.9517
2023-08-24,3085.9107,3106.1824,3072.9511,3082.2439,3078.4021,300024637.0,332447831.2616,0.1248,-0.0058947963203040965,0.0,0.0030863902611486527,-0.02637198365458593,0.011782839049243451,-0.001587880620605553,0.004681704870189041,0.015161590039013973,-0.14702743705506371,0.3086
2023-08-25,3068.615,3085.047,3053.0373,3064.0747,3082.2439,293347686.0,317757173.3997,-0.5895,0.01127962056538645,1.0,0.020522898231080333,-0.00624555632977819,0.01237146171941785,0.008226530209706207,0.01219603695492566,0.018376189067305152,0.09865334794255887,2.0523
2023-08-28,3219.0432,3219.0432,3089.1194,3098.6363,3064.0747,485607764.0,517234120.9086,1.128,0.012021546381548509,1.0,-0.014045003972618209,0.000308063406468273,0.011827708723704797,-0.009585348698150753,-0.0045028163392024645,0.009953234567874144,-0.11155158808209542,-1.4045
2023-08-29,3091.9379,3145.761,3090.4377,3135.8867,3098.6363,398875780.0,443979436.9751,1.2022,0.0003988664513931983,1.0,0.009710197712456514,0.02879428301979936,0.01192427467666324,0.03133705123192976,-0.02096972419796228,0.025127559118263296,0.19059660511902088,0.971
2023-08-30,3144.4067,3153.689,3126.9024,3137.1375,3135.8867,347511867.0,414729469.5993,0.0399,-0.005502181526949257,0.0,0.019485691152153484,0.03895338151122396,0.013125670633987292,0.007222540282415313,0.012175214889750041,0.018966683102840866,0.028198105094553227,1.9486
2023-08-31,3134.5529,3139.9801,3113.9459,3119.8764,3137.1375,313448242.0,362507128.7767,-0.5502,0.004285522336718195,1.0,-6.329788471448605e-05,0.0356910711243803,0.012194187482147328,0.009517946032331803,-0.009490909948359993,0.01703741013188132,0.06840354519417424,-0.0063
2023-09-01,3126.0234,3143.8457,3123.1896,3133.2467,3119.8764,292310992.0,334739632.9247,0.4286,0.013983450457316415,1.0,,,,,,,,
2023-09-04,3145.9435,3177.0603,3143.3793,3177.0603,3133.2467,366391140.0,404500273.0175,1.3983,-0.00714213702522426,0.0,-0.00545370142932422,0.009328377672732202,0.012199760269639674,0.0052811090924240744,-0.01067841663854574,0.01917560377560626,0.2143580915018788,-0.5454
2023-09-05,3169.7384,3169.7384,3150.0753,3154.3693,3177.0603,294061849.0,342760613.428,-0.7142,0.0011753855200151708,1.0,0.02513864060937676,0.04944092294772107,0.013584417961430048,0.011449750463223163,0.013533930024585139,0.017628056920715136,-0.00852363627775432,2.5139
2023-09-06,3147.1363,3162.1547,3136.8998,3158.0769,3154.3693,267002230.0,324001129.6933,0.1175,-0.011312137459350669,0.0,-0.020550133303898876,0.01798988899515397,0.014210846624311164,-0.0067256911425078725,-0.013918050671513416,0.015589975886428412,-0.5566215283342792,-2.055
2023-09-07,3152.2028,3152.2662,3120.8229,3122.3523,3158.0769,269264733.0,317186963.334,-1.1312,-0.0018041525935430514,0.0,-0.0003754691332406024,-0.0018421307474614235,0.013747718517059658,-0.002807620560538071,0.0024389992116311543,0.012813087347773902,0.01594695401785451,-0.0375
2023-09-08,3114.2296,3126.0412,3104.6743,3116.7191,3122.3523,228125064.0,270006714.9343,-0.1804,0.008361324573651796,1.0,,,,,,,,
2023-09-11,3119.6101,3155.1026,3113.8164,3142.779,3116.7191,290442917.0,351883735.9766,0.8361,-0.0018199497960245115,0.0,-0.013436870934277478,-0.015191912939880536,0.013927067613416983,-0.000677507509493247,-0.012768013850048887,0.014311126624527553,-0.10266865044056495,-1.3437
2023-09-12,3140.3409,3147.5141,3134.3176,3137.0593,3142.779,234672051.0,281897501.7606,-0.182,-0.004460355594808174,0.0,-0.005802636733074795,-0.015537431604510044,0.013927129719585362,-0.01430716396541698,0.008627968999506797,0.017703480977713064,0.17224517600387124,-0.5803
2023-09-13,3137.7718,3143.7577,3106.9693,3123.0669,3137.0593,249701038.0,282015557.2107,-0.446,0.0011156341223430566,1.0,-0.003899107283472758,-0.043423002139655,0.0138579858514284,-0.004469937473924435,0.00057339322230332,0.014012140502695464,-0.2901579293017864,-0.3899
2023-09-14,3124.8482,3135.025,3111.8588,3126.5511,3123.0669,263990138.0,281641855.5331,0.1116,-0.002817065743784042,0.0,-0.0009247809678190055,-0.024255956170344817,0.013514036566216178,0.005836605016451335,-0.006722151441445723,0.013622073584161409,-0.01128566949240195,-0.0925
2023-09-15,3133.5883,3141.9642,3107.448,3117.7434,3126.5511,292026365.0,326091455.8716,-0.2817,0.0026264188387024046,1.0,0.0021488992860321243,-0.02179189354134803,0.013399034941604342,0.00514958449061087,-0.002985312087751879,0.013599145326671551,0.07626743543016623,0.2149
2023-09-18,3110.4404,3128.7009,3098.496,3125.9319,3117.7434,259444257.0,299644725.4274,0.2626,-0.00031197096776158784,0.0,0.0074784241064898005,-0.0010537263069529956,0.013216638664178671,0.005878239708509314,0.00159083309968433,0.018941794954764904,0.3229073099181594,0.7478
2023-09-19,3123.9862,3131.1298,3113.5254,3124.9567,3125.9319,253652761.0,274062664.3567,-0.0312,-0.00524448866763505,0.0,-0.013877881898862077,-0.009167543910546083,0.01355946391696408,-0.006261380891596335,-0.007664491306677124,0.012099836714625585,-0.49730785516297615,-1.3878
2023-09-20,3118.6671,3122.1277,3108.1578,3108.5679,3124.9567,228124462.0,243019998.6574,-0.5244,-0.007677779854832867,0.0,0.003715446542353673,-0.0015932639109637048,0.012785730842527404,0.0006424788977472673,0.003070994595383736,0.009617106000652648,0.04997067696418789,0.3715
2023-09-21,3103.1754,3113.4939,3084.701,3084.701,3108.5679,228659100.0,243536277.5366,-0.7678,0.015473331126744538,1.0,-0.006199308002313719,-0.0068642617503702485,0.012137912021672512,-0.0032182837635027495,-0.0029906489959168336,0.009011416794973894,-0.07053266001401148,-0.6199
2023-09-22,3084.7567,3132.5578,3078.8007,3132.4316,3084.701,285978351.0,321443778.9432,1.5473,-0.0053710670011117845,0.0,-0.012870130160576032,-0.021748212536403022,0.01232342644911188,-0.005020798854944775,-0.007888940086986818,0.011179384532808558,0.21102517303031476,-1.287
2023-09-25,3131.2079,3131.2079,3112.1505,3115.6071,3132.4316,258071885.0,294635829.6379,-0.5371,-0.004279904227975417,0.0,0.02277149043834159,-0.0068987933161339665,0.013352188117930743,-0.004369765414680371,0.027260377306969064,0.028596333928240545,-0.061622649133017404,2.2771
2023-09-26,3114.0214,3120.2889,3102.2726,3102.2726,3115.6071,222644313.0,270006131.0189,-0.428,0.0016255824842730249,1.0,-0.018173108606143185,-0.011224418659773305,0.013126264647401664,-0.0005848001794274138,-0.01759860009120673,0.017964884299831802,-0.21468722383019134,-1.8173
2023-09-27,3104.0395,3125.447,3103.8441,3107.3156,3102.2726,240495830.0,293421022.407,0.1626,0.00101685840987642,1.0,-0.01479980303779782,-0.029464076852082632,0.013165979670547084,-0.0038038748308590886,-0.0110379150541986,0.01910623606472688,0.20698578423875702,-1.48
2023-09-28,3117.7549,3121.8352,3105.9397,3110.4753,3107.3156,236329981.0,288396222.7544,0.1017,-0.00435717975320371,0.0,0.008299698286473145,-0.015304490763519252,0.013107552771038372,0.0002982784581122555,0.007999033888866247,0.010488409505979924,-0.19467262997771506,0.83
2023-10-09,3099.9998,3103.3597,3072.6418,3096.9224,3110.4753,264422205.0,302662162.1238,-0.4357,-0.007002532578794907,0.0,0.01580760166075379,0.0065014565680252545,0.013674787727814363,0.00907175434693075,0.006675290716251059,0.013580327956467688,0.04750910444148637,1.5808
2023-10-10,3104.3651,3109.9822,3073.1864,3075.2361,3096.9224,255327379.0,293653291.7165,-0.7003,0.0012095006298864508,1.0,0.00179686811948776,-0.016410195365885616,0.0134614656799171,0.0008229450108028225,0.0009731222825575259,0.01060449571599649,0.06782512456954493,0.1797
2023-10-11,3085.6989,3095.6594,3071.936,3078.9556,3075.2361,259918692.0,326562386.1706,0.121,0.009400947516099434,1.0,0.008410494708118721,0.019243307741751536,0.013614953972984161,0.011944124128009825,-0.0034919214763325934,0.015904757555345005,0.2681169576621514,0.841
2023-10-12,3101.7051,3109.9898,3092.1771,3107.9007,3078.9556,274827998.0,325865894.3683,0.9401,-0.006371374735364088,0.0,0.012928020977393873,0.04054817909447861,0.013949889874997005,0.016535774959481442,-0.0035490674022087276,0.007514408654986609,0.23957776794561703,1.2928
2023-10-13,3091.9972,3094.9153,3080.5481,3088.0991,3107.9007,255085235.0,309538085.3249,-0.6371,-0.004626179257006258,0.0,0.019287323046313976,0.0595066652646965,0.014616704837278947,0.02040786671957351,-0.0010981331189280352,0.00645835545545497,0.6434661522445531,1.9287
2023-10-16,3091.0647,3091.1257,3063.6856,3073.813,3088.0991,263882363.0,314394203.0297,-0.4626,0.0031502892336001675,1.0,-0.023289566245810245,0.01872757489142729,0.015563212038252597,-0.015979638352667247,-0.007428634790550004,0.012979343915877574,-0.5904322803514717,-2.329
2023-10-17,3076.4283,3084.0725,3064.8897,3083.4964,3073.813,259019588.0,300026228.4522,0.315,-0.00803847217074749,0.0,-0.009716815103194554,0.007019306518090573,0.015571979533033515,-0.0005692327988120471,-0.00915279237400235,0.0144093367651971,-0.1163800006405431,-0.9717
2023-10-18,3076.5796,3076.5796,3057.0588,3058.7098,3083.4964,268647155.0,310306035.7772,-0.8038,-0.017431009636808326,0.0,0.007538394908040313,0.006148409853985903,0.015404091172357212,0.009402869329197205,-0.001847106321776093,0.00814722602033051,-0.09558960290380902,0.7538
2023-10-19,3043.1955,3043.1955,3004.7745,3005.3934,3058.7098,304038910.0,355069176.9764,-1.7431,-0.0074316061251747945,0.0,-0.00229669831331647,-0.008974409129776206,0.015379686061921331,-0.00253694578509156,0.00024085851677413395,0.011550445780027889,0.11274652498462423,-0.2297
2023-10-20,2995.3575,3006.2746,2977.1731,2983.0585,3005.3934,267113594.0,307388393.3272,-0.7432,-0.014671921452428904,0.0,-0.02462312181235382,-0.05166735112711174,0.016257650226738266,-0.010830947885579811,-0.013943191911728658,0.013991243207395143,0.15944561890069764,-2.4623
2023-10-23,2969.7858,2973.6611,2923.5113,2939.2913,2983.0585,278904128.0,304028962.456,-1.4672,0.007808821126371601,1.0,,,,,,,,
2023-10-24,2944.3105,2964.7605,2929.0883,2962.2437,2939.2913,310985389.0,339902176.8776,0.7809,0.004007030211592655,1.0,-0.007155457163522616,-0.03600200971737644,0.01609764111763093,-0.00974971510572753,0.002619800248259363,0.011081823485232728,-0.1327756020784463,-0.7155
2023-10-25,2986.4066,2993.2951,2972.4177,2974.1135,2962.2437,332392004.0,362846635.5492,0.4007,0.004769723818542904,1.0,-0.010517041275601935,-0.036780995399187,0.015176309521034846,-0.006928668720770248,-0.0036134086664342258,0.01513324206140991,0.061519977881461685,-1.0517
2023-10-26,2960.1038,2990.3277,2956.006,2988.2992,2974.1135,291814511.0,332258828.0446,0.477,0.009866816549025659,1.0,0.005520397515703657,-0.038710225540050325,0.01484477071846397,0.02789036655321797,-0.021762991234684614,0.027330675930890242,0.16665463028760463,0.552
2023-10-27,2978.4026,3029.2101,2974.8802,3017.7842,2988.2992,321803717.0,385692318.1003,0.9867,0.0012489958692207814,1.0,-0.00238333119699774,-0.0387936965529998,0.014526210738489118,-1.2291246350049079e-05,-0.0023710690940419443,0.0150339501783109,-0.2396450770856582,-0.2383
2023-10-30,3009.6104,3028.2641,3002.3477,3021.5534,3017.7842,360604238.0,439587974.7696,0.1249,-0.0009209832267071949,0.0,0.02077606938498433,0.0059459212564372255,0.015204206845102484,0.006783376093674187,0.013898415114482754,0.024610712712112483,0.22032155003473264,2.0776
2023-10-31,3019.646,3023.0014,3006.6088,3018.7706,3021.5534,319859967.0,386277226.4272,-0.0921,0.0014263753595586959,1.0,0.00043853775534197226,0.013640125016523896,0.014890185592474774,-0.009947852515671984,0.01049075071187433,0.010386390271013984,0.08335000112066382,0.0439
2023-11-01,3038.1821,3038.3303,3013.933,3023.0765,3018.7706,280110445.0,347121456.4829,0.1426,-0.004522115136682769,0.0,-0.016883483967929047,0.0071182524469544095,0.01413225421079535,-0.003944535215863576,-0.012990189010076425,0.01698229842425425,-0.2322751070275686,-1.6883
2023-11-02,3028.6647,3038.6422,3009.121,3009.4058,3023.0765,268794581.0,311936400.7778,-0.4522,0.0071083467706483106,1.0,-0.0006252746533524922,0.0009628142974116294,0.012852724915647864,0.001573120903574532,-0.0021949426467672284,0.012247786410853374,-0.323216086554698,-0.0625
2023-11-03,3012.4654,3040.9807,3012.4654,3030.7977,3009.4058,268486347.0,329300477.5006,0.7108,0.00911073675422136,1.0,0.007531964508957545,0.010911367288544582,0.012856759672048064,0.01056088898348606,-0.0029972706321289566,0.016572543910633977,0.1644939879415297,0.7532
2023-11-06,3047.1301,3058.9891,3037.6941,3058.4105,3030.7977,372949630.0,447638159.9487,0.9111,-0.00037300421248231963,0.0,0.025160484928258287,0.015253412174336844,0.01402037239366125,0.010174927265984568,0.01483461651818252,0.02186982569952635,0.10321453648456647,2.516
2023-11-07,3052.9202,3064.5771,3042.4689,3057.2697,3058.4105,326853455.0,401065573.9186,-0.0373,-0.0016017886809265303,0.0,0.01712341175218479,0.03218536213200229,0.014094502270464498,0.01412014864029465,0.002961447039501852,0.007845847967518344,0.32420405018350706,1.7123
2023-11-08,3051.1531,3062.991,3037.2888,3052.3726,3057.2697,335677834.0,415289260.0783,-0.1602,0.00029701485329791666,1.0,-0.016498957231171896,0.032589081185193436,0.01465352755156948,-0.006456428292736738,-0.0101077891543081,0.012897272103387519,-0.338047766193057,-1.6499
2023-11-09,3047.6532,3063.4674,3045.8336,3053.2792,3052.3726,315621764.0,388556747.0915,0.0297,-0.004686535053852858,0.0,-0.0057554657116857255,0.02728838752457352,0.014595133036863982,-0.0011120442599275027,-0.004648590890574789,0.012246069079170727,0.08250476051210498,-0.5755
2023-11-10,3043.5585,3044.0007,3027.0878,3038.9699,3053.2792,285546497.0,346913084.5402,-0.4687,0.0024886722306791675,1.0,-0.0032541269980407295,0.01629079445335302,0.014275734171868476,-0.0008651868177405042,-0.0023910088496380544,0.009122598110477552,-0.26416132377364576,-0.3254
2023-11-13,3044.0319,3048.6209,3028.168,3046.5329,3038.9699,290430588.0,344120017.2218,0.2489,0.0031305750875034732,1.0,-0.017590365986743572,-0.02609017601782604,0.013896597265628998,-0.009160947023320487,-0.008507354386264265,0.009898756744934276,0.018497459545603334,-1.759
2023-11-14,3046.8171,3059.5294,3044.4259,3056.0703,3046.5329,294844733.0,358249840.1575,0.3131,0.005485639515557139,1.0,0.012959752977051986,-0.030076937248526336,0.013443554131734961,0.0034725976355645116,0.009454324277356152,0.019151602661356116,-0.15067510786001392,1.296
2023-11-15,3077.0291,3080.1284,3064.3464,3072.8348,3056.0703,304250107.0,389515977.9747,0.5486,-0.007129930967977982,0.0,-0.0016842445947798934,-0.015466752989220178,0.013288924435337864,0.003953240549723569,-0.005615286565952671,0.011840210808890847,0.006262852103281702,-0.1684
2023-11-16,3066.8554,3071.4522,3050.9257,3050.9257,3072.8348,271079460.0,329364382.654,-0.713,0.0011274610850078304,1.0,0.03921052419804494,0.02906003144271052,0.015934892412309862,0.02527984935212446,0.013587192662299241,0.019317279095192905,0.6966061659269887,3.9211
2023-11-17,3043.617,3055.8561,3033.7472,3054.3655,3050.9257,267606393.0,328568598.8254,0.1127,0.004568411999153366,1.0,-0.013616903589800389,0.01836129719740809,0.01625496662681206,0.005292881243431635,-0.018810224548534205,0.02499197964489176,-0.4363214318377864,-1.3617
2023-11-20,3056.9268,3072.5134,3043.5148,3068.3191,3054.3655,287556998.0,367109310.1683,0.4568,-0.00012589955197295222,0.0,-0.021232199954914655,0.014586188896755559,0.01599577274503795,-0.013934980558318877,-0.007400343032883949,0.012201098872752697,0.033902033893923544,-2.1232
2023-11-21,3074.8281,3089.7738,3063.3449,3067.9328,3068.3191,330733102.0,391558034.8615,-0.0126,-0.00792774861300749,0.0,0.018556002885267153,0.020191424297078875,0.01637049697263831,0.009834314855057702,0.008636751496666317,0.01467670513498489,0.009991283238449,1.8556
2023-11-22,3060.4984,3067.9625,3043.611,3043.611,3067.9328,289056490.0,330385482.6694,-0.7928,0.005994589978811415,1.0,-0.0024850841514292288,0.01937303628355913,0.016147844121103924,0.008688794677937484,-0.011077627597652184,0.020733971685340455,0.0620996866764596,-0.2485
2023-11-23,3041.6779,3062.8665,3034.2969,3061.8562,3043.611,276592059.0,315612515.6412,0.5995,-0.006820862455918064,0.0,4.003633720506272e-05,-0.019049726201670558,0.016136160699952225,0.00014153691040164063,-0.0001014862091519575,0.008253688277078463,-0.5256217991222218,0.004
2023-11-24,3060.3306,3060.3306,3037.2012,3040.9717,3061.8562,287788413.0,311509355.9317,-0.6821,-0.0030488609940039213,0.0,0.009937636033516384,0.0043750792078876,0.016195519412460065,-0.003075908111826564,0.013053696115112867,0.019738251779008228,0.30225610399709524,0.9938
2023-11-27,3038.1864,3038.3578,3015.0076,3031.7002,3040.9717,310517868.0,350705835.4579,-0.3049,0.0022608765866756197,1.0,-0.01962052031060535,0.006028924859875939,0.016328579215410803,-0.007765688264760318,-0.011947613487698239,0.012625873493370462,-0.25301736464650837,-1.9621
2023-11-28,3028.5983,3039.6945,3020.2306,3038.5545,3031.7002,268920746.0,317303697.7293,0.2261,-0.00555102763501536,0.0,-0.001956784449600124,-0.014231578568427161,0.016338496084225117,0.006725734676885864,-0.00862451294072919,0.018182832918171493,0.14629454355542215,-0.1957
2023-11-29,3038.4641,3038.9767,3017.6611,3021.6874,3038.5545,277956448.0,322141206.0787,-0.5551,0.0026426625070483656,1.0,-0.009752891002941078,-0.021413801484051143,0.016014572424313846,0.0009369440104627369,-0.010679828611952935,0.013561151859109175,0.1725648522017842,-0.9753
2023-11-30,3021.1025,3030.9086,3013.7678,3029.6727,3021.6874,282945357.0,326755696.0999,0.2643,0.0006479577810500903,1.0,-0.02078466579156335,-0.04179175171698257,0.016728971907184344,0.0002846583005555736,-0.02106332824089774,0.02749199902732156,0.45338588383663136,-2.0785
2023-12-01,3027.353,3035.7599,3010.2333,3031.6358,3029.6727,286089700.0,335547176.4257,0.0648,-0.002876994657471821,0.0,0.0029093579640144807,-0.04846003872515192,0.016648472152937663,-0.0004860699187450024,0.003397079100722067,0.01207583632272213,0.07003281856400179,0.2909
2023-12-04,3033.298,3038.9794,3022.3477,3022.9138,3031.6358,288162053.0,344279695.9666,-0.2877,-0.016744738139737758,0.0,-0.012473243958767588,-0.04152301158010907,0.015705530517470048,-0.001391196793030458,-0.01109748595260518,0.012244409395595127,-0.21356112124009208,-1.2473
2023-12-05,3017.0102,3017.0102,2972.2959,2972.2959,3022.9138,293943278.0,340454488.0826,-1.6745,-0.0011312803681491346,0.0,-0.010947517275390228,-0.05015731757837072,0.015121977104314252,0.0052750099522886895,-0.016137402270099965,0.0193032803931006,0.01699303034902222,-1.0948
2023-12-06,2966.9475,2985.3143,2959.603,2968.9334,2972.2959,294104187.0,336218906.3564,-0.1131,-0.0009186127246909592,0.0,-0.019115045311049683,-0.05913747382468959,0.01524927501927021,-0.0023735360641111702,-0.016781340363495323,0.02270929139345373,0.08000656194031741,-1.9115
2023-12-07,2965.6523,2976.0148,2949.1438,2966.2061,2968.9334,296243687.0,348039623.9694,-0.0919,0.001130501349855706,1.0,0.00829257477709855,-0.03119909800487719,0.015477875089747526,-0.0009737957086844995,0.00927540283325845,0.02238627719737923,-0.3001946974748737,0.8293
2023-12-08,2965.3901,2980.8344,2962.327,2969.5594,2966.2061,369138705.0,423492311.9473,0.1131,0.007367793350084195,1.0,-0.007129207702484153,-0.04089625697065291,0.015503738401132642,-0.005273560643517583,-0.0018654848062217289,0.013269546857669803,-0.02004238497453592,-0.7129
2023-12-11,2956.2905,2995.6698,2930.422,2991.4385,2969.5594,360216344.0,405351583.2162,0.7368,0.004011214002895169,1.0,-0.0007047643169015849,-0.02946649792338807,0.01514149390000061,0.0016854389696738803,-0.0023861815232474326,0.013152541709261459,-0.036666943398943275,-0.0705
2023-12-12,2986.3282,3003.7455,2980.4462,3003.4378,2991.4385,287638762.0,333170576.4187,0.4011,-0.011545835908438051,0.0,-0.008134993881000696,-0.026706636108866588,0.01473874488149309,-0.01134479015719625,0.003246628596339285,0.01864595940951501,0.2993239461851136,-0.8135
2023-12-13,2997.3358,2997.3358,2968.7606,2968.7606,3003.4378,282754098.0,331476614.7207,-1.1546,-0.003292619822561682,0.0,0.010678647457733836,0.0028564674121409617,0.015075829146528033,0.0021337543645676416,0.008526699211508282,0.01625097444741199,-0.2456276553551291,1.0679
2023-12-14,2979.699,2986.1773,2958.066,2958.9856,2968.7606,271457650.0,312658124.5598,-0.3293,-0.0055521730149684645,0.0,-0.008901035146111291,-0.014244444903378728,0.011387270962592667,-0.0038346209044551882,-0.005085916804553281,0.011096522031207104,-0.06112973999791471,-0.8901
2023-12-15,2966.3015,2976.3094,2940.0266,2942.5568,2958.9856,289327642.0,322083690.7882,-0.5552,-0.003994213467688912,0.0,0.010687206346761124,0.003444290889024648,0.011746634670255723,0.011768620503735727,-0.0010688354383201482,0.015930370484479744,0.22848978991161317,1.0687
2023-12-18,2936.5751,2951.1479,2924.3254,2930.8036,2942.5568,293086999.0,304915892.9995,-0.3994,0.0005415579535932302,1.0,0.023777312663735728,0.028028016997288407,0.012575328627222195,0.012712326829527054,0.01092608980958043,0.021559925839171542,0.51018873373277,2.3777
2023-12-19,2928.7631,2940.5014,2914.1253,2932.3908,2930.8036,265926980.0,283234126.1819,0.0542,-0.01032645444120217,0.0,-0.009704511442521713,0.026401275438246774,0.011719609355808005,-0.007287316305973124,-0.0024349393094826866,0.008368771434815759,-0.9121249645494469,-0.9705
2023-12-20,2932.1186,2937.1011,2902.0395,2902.1096,2932.3908,265562454.0,290838402.1394,-1.0326,0.005721803201367726,1.0,-0.007470580417734296,0.007969708998748049,0.01175501658909443,-0.0046779075158621675,-0.002805798166201745,0.010314969484455915,-0.029254764514261566,-0.7471
2023-12-21,2892.0201,2924.2562,2882.0195,2918.7149,2902.1096,282541827.0,315943775.5436,0.5722,-0.0013498063822540152,0.0,0.006592547712814367,0.02372702765154444,0.01194913161067238,0.008661011814601771,-0.0020507029394009058,0.011606179945470928,0.07948448205301695,0.6593
2023-12-22,2919.2879,2935.7002,2906.5094,2914.7752,2918.7149,296628367.0,327498019.5805,-0.135,0.0013851497021108994,1.0,0.0004405973103098759,0.013348217524611128,0.011583042170221691,-0.009550488418971992,0.010087425570368902,0.012329501781951288,-0.15952773744881021,0.0441
2023-12-25,2909.8751,2920.6323,2903.987,2918.8126,2914.7752,229814178.0,261487251.019,0.1385,-0.0068294552380649964,0.0,,,,,,,,
2023-12-26,2917.9708,2917.9708,2892.8373,2898.8787,2918.8126,228140855.0,260220552.7727,-0.6829,0.00542799531418825,1.0,,,,,,,,
2023-12-27,2900.1491,2917.9564,2890.165,2914.6138,2898.8787,247900882.0,279048608.0094,0.5428,0.013754721122915203,1.0,-0.016889345068596517,-0.026904173904654383,0.01139969285081284,0.0073358429902179445,-0.024048770057564228,0.03527678322713318,0.44772246568881613,-1.6889
2023-12-28,2913.1096,2961.6476,2909.3886,2954.7035,2914.6138,339213116.0,392449073.4933,1.3755,0.006847150653187306,1.0,0.017406539982778968,-0.00026399298103396696,0.012324979513293663,0.013547395689581743,0.003807561747590116,0.01433929748396774,0.01378246878564049,1.7407
2023-12-29,2950.8372,2975.0319,2950.0173,2974.9348,2954.7035,290672687.0,349002967.2664,0.6847,-0.004255084850935287,0.0,0.025184603280392404,0.03262829445622528,0.013656060156391443,0.0032114594787078232,0.021902803834699336,0.026566872222529556,0.03235960902282997,2.5185
2024-01-02,2972.775,2976.2682,2962.2762,2962.2762,2974.9348,304141793.0,345950729.1946,-0.4255,0.0016781014545503847,1.0,0.0002264789043116,0.026097565820242252,0.012821579053534642,0.0013488989663528184,-0.0011209080703037388,0.008461862067306335,-0.3823775792052313,0.0226
2024-01-03,2957.1117,2971.2834,2953.2901,2967.2472,2962.2762,285455945.0,321018391.3101,0.1678,-0.004346992053779641,0.0,-0.015183555957832828,0.010072720687462233,0.013254042595089584,0.0051462423280044245,-0.020225711871291185,0.02404121686662886,0.09160437310785419,-1.5184
2024-01-04,2965.5087,2966.6828,2936.6347,2954.3486,2967.2472,264980924.0,296291346.8788,-0.4347,-0.008518053692106453,0.0,-0.008466484598133817,0.018726580300004736,0.01309555177582927,-0.009746523672383933,0.0012926377991593352,0.005522216034142265,-0.08689671364391849,-0.8466
2024-01-05,2949.8221,2967.9677,2916.7206,2929.1833,2954.3486,301040239.0,325917001.1646,-0.8518,-0.014217410020055832,0.0,-2.5831395478070895e-05,0.001271591185238341,0.012861177201910854,0.001621370613844153,-0.0016445356076146833,0.009435668111022118,0.12603499799419282,-0.0026
2024-01-08,2923.457,2924.4559,2887.5379,2887.5379,2929.1833,270275055.0,290730589.5888,-1.4217,0.001978640695936784,1.0,-0.006647250567404117,-0.029817766624636866,0.0121652437948406,-0.004377032773077993,-0.0022801982970012125,0.017431235649688386,0.07908172071116937,-0.6647
2024-01-09,2887.1095,2900.7266,2878.4123,2893.2513,2887.5379,262955975.0,294446373.6825,0.1979,-0.005374230714075834,0.0,-0.01880095528785941,-0.048273665352878026,0.012768970411833782,0.0028139746832993584,-0.02155427678197741,0.027063263932440525,0.13979886431834565,-1.8801
2024-01-10,2886.9807,2903.1621,2870.4155,2877.7023,2893.2513,244046526.0,281192192.4193,-0.5374,0.003109390432776804,1.0,-0.0021221058340961108,-0.035651083625447,0.012684120301827168,0.0019507595018628532,-0.004064935624165655,0.013853782408648702,-0.13939581631597697,-0.2122
2024-01-11,2873.7982,2896.1788,2867.7223,2886.6502,2877.7023,267050764.0,298552532.937,0.3109,-0.0016189353320329447,0.0,-0.0057282202245581,-0.03298789348574249,0.01274002740608969,-0.002844344849481373,-0.002892101509108236,0.01302530818368348,-0.08017553759032658,-0.5728
2024-01-12,2880.0399,2904.1743,2878.8752,2881.9769,2886.6502,261602931.0,282877466.3328,-0.1619,0.0014968544681950302,1.0,0.012720161418575016,-0.020662045731161482,0.012947293294263399,0.003534137444338281,0.009153673633495396,0.021934761649172924,0.09731182547099415,1.272
2024-01-15,2872.5562,2904.4643,2869.2236,2886.2908,2881.9769,244611236.0,269229737.0815,0.1497,0.002667021632054567,1.0,-0.0035247122446026014,-0.017583561985155538,0.012741067017049017,-0.005218365308881645,0.0017025375270474097,0.012748711204242029,-0.25020346037024765,-0.3525
2024-01-16,2881.5602,2896.683,2861.1302,2893.9886,2886.2908,286286714.0,300837919.1685,0.2667,-0.020861657851727555,0.0,-0.0017390415757132516,-0.0005004792150119508,0.012586953696083251,0.0008433582154787622,-0.0025802237383044657,0.01417149596973262,-0.11461620235701986,-0.1739
2024-01-17,2887.2917,2887.4893,2833.6152,2833.6152,2893.9886,261251308.0,283073939.8177,-2.0862,0.004294408076297662,1.0,-0.02160846504727021,-0.020018505227294314,0.01320510731386725,-0.01147485281811611,-0.010251243742299687,0.02236202642644797,0.4467617171728744,-2.1608
2024-01-18,2822.6672,2849.2559,2760.978,2845.7839,2833.6152,390396855.0,400709904.7342,0.4294,-0.004745476281596717,0.0,-0.03712485629575846,-0.05096388955152675,0.014045674671700308,-0.006399881002803531,-0.030922878032627943,0.03589076460741002,0.6138850981563149,-3.7125
2024-01-19,2836.9749,2849.8755,2822.8434,2832.2793,2845.7839,266664388.0,296717043.8284,-0.4745,-0.026812115598910058,0.0,0.0075205048144584286,-0.055836570147049125,0.01424439879720585,0.0015899822607989833,0.005921108096821337,0.018310652030189462,-0.33898742159860085,0.7521
2024-01-22,2826.5034,2828.3202,2735.3721,2756.3399,2832.2793,350165758.0,359918989.5701,-2.6812,0.0053100853055167985,1.0,-0.005398982184658174,-0.05761244673608057,0.014223528699769878,0.0008381091477989155,-0.006231868346587954,0.021619317831129466,-0.2278297401388123,-0.5399
2024-01-23,2746.8923,2784.8407,2724.1573,2770.9763,2756.3399,308749417.0,312191330.2169,0.531,0.017970417141424333,1.0,-0.022700178787342318,-0.07740037357404539,0.014615186283040026,0.002636411084161905,-0.025269967848172925,0.03715210119219868,0.22654965390857384,-2.27
2024-01-24,2782.1415,2823.6953,2743.3971,2820.7719,2770.9763,369070600.0,357316181.6443,1.797,0.030252995642788383,1.0,0.0262546136066808,-0.032266644480748674,0.01618764216488426,0.005156678818114546,0.020989697659248074,0.034919037134771354,-0.002982307067474821,2.6255
2024-01-25,2823.8259,2906.794,2821.7093,2906.1087,2820.7719,442009045.0,437679811.2855,3.0253,0.0014156387199142362,1.0,0.035553647979221115,0.04077856109551026,0.018096254620512776,0.01618277475937835,0.01906239084246386,0.036668668319224086,0.24923973761258367,3.5554
2024-01-26,2897.9149,2924.3065,2890.4819,2910.2227,2906.1087,421109084.0,402400231.2626,0.1416,-0.009231836450179443,0.0,0.01962846237107585,0.05328619998063888,0.01822293842125612,0.005664826190402872,0.013884980181288809,0.026792671889770168,0.1298195448562911,1.9628
2024-01-29,2910.6072,2923.8992,2883.3327,2883.356,2910.2227,410581311.0,397014731.3699,-0.9232,-0.018322191224392714,0.0,-0.01602088828247783,0.042037561672487955,0.017405936070551378,-0.003283995272625906,-0.012778858721482877,0.02176911366670028,-0.2119473043674578,-1.6021
2024-01-30,2866.2795,2881.3468,2829.2498,2830.5266,2883.356,335661226.0,329254005.8919,-1.8322,-0.014830597246462851,0.0,0.007836521915744799,0.07459705718399223,0.017566289224238373,0.005893846816401149,0.00193129235802747,0.015412265244420409,-0.12548391047908147,0.7837
2024-01-31,2815.5042,2834.011,2782.5869,2788.5482,2830.5266,377103965.0,355636999.8335,-1.4831,-0.00638608290866205,0.0,-0.0232496373755694,0.022760873727854403,0.017954384672614593,-0.011232027387785504,-0.01215412545780048,0.015033052936946921,-0.13051559396122947,-2.325
2024-02-01,2773.4239,2805.0146,2752.7824,2770.7403,2788.5482,352889185.0,337547960.5208,-0.6386,-0.014648900873170945,0.0,-0.0139064982535686,-0.026088263614734042,0.018079424241050256,-0.0032731660877068913,-0.01066825112365466,0.021166049498677106,0.011399644987843516,-1.3907
2024-02-02,2773.2949,2791.6756,2666.3335,2730.152,2770.7403,426230199.0,392661142.2979,-1.4649,-0.010243751996225847,0.0,0.005239885903002062,-0.03983170449470641,0.018170092422626946,0.0024404151870156543,0.0027926554771477985,0.023909481842833116,-0.055611728069777655,0.524
2024-02-05,2716.081,2739.7383,2635.0897,2702.185,2730.152,478990292.0,424877418.2686,-1.0244,0.03230755851283318,1.0,-0.002097491939271001,-0.0262452334250447,0.01815301494213973,0.01220014377295442,-0.014125304960866059,0.030627879233288014,0.008675441869815614,-0.2097
2024-02-06,2680.4846,2802.9312,2669.6732,2789.486,2702.185,502849313.0,441215054.0989,3.2308,0.014414698621896704,1.0,-0.0015160722976573782,-0.03528155330143723,0.017766668564950037,-0.012662905348162279,0.011289794651577978,0.021431661512235436,-0.06796099730390992,-0.1516
2024-02-07,2791.5145,2829.6956,2770.5293,2829.6956,2789.486,547117439.0,495919878.0834,1.4415,0.01279558126322855,1.0,0.04041647942199922,0.02760030439171013,0.02015014546273199,0.002012893608708044,0.03832643876964692,0.03951125756849929,0.3595422834671993,4.0416
2024-02-08,2832.4855,2867.4738,2827.902,2865.9032,2829.6956,531108893.0,482939732.0246,1.2796,0.015576520518906456,1.0,-0.003407104351711432,0.03854164043171915,0.02012191327017789,0.00901785786215048,-0.012313917060087665,0.02309741604164879,-0.16514937068554225,-0.3407
2024-02-19,2886.5871,2910.544,2867.7103,2910.544,2865.9032,458967704.0,442148454.5745,1.5577,0.0041869148860145255,1.0,0.024793927485303735,0.01604724320337958,0.01828735028457072,0.0039455289962828655,0.02076646380393221,0.028654161306972896,0.5002451641802281,2.4794
2024-02-20,2902.8765,2927.308,2887.4741,2922.7302,2910.544,350138735.0,357057491.9726,0.4187,0.009657203391541191,1.0,-0.011282157361462208,0.017479454366934988,0.018552617376125565,-0.00033598613460494864,-0.010949850224708735,0.012025121236526883,0.22640596173581606,-1.1282
2024-02-21,2906.0243,2994.6149,2898.0496,2950.9556,2922.7302,444245463.0,450922050.7181,0.9657,0.01267460615130922,1.0,0.005688426497049592,0.03181198711085198,0.01846689469080798,0.004114979254884243,0.0015669990734856754,0.01358537374942819,0.009155239889965472,0.5688
2024-02-22,2945.4465,2988.3578,2944.4988,2988.3578,2950.9556,354132536.0,365264217.8733,1.2675,0.005529190647786342,1.0,0.015731025861808856,0.03927861163345159,0.017616371077959696,-0.003974762902130835,0.019784427171099406,0.03798735929382403,0.5554352570100569,1.5731
2024-02-23,2992.9115,3009.1359,2979.9728,3004.881,2988.3578,380083270.0,398232220.6743,0.5529,-0.009271215732003957,0.0,0.014533633074998109,0.05006826749821114,0.017060453668474695,-0.0008034854057721308,0.015349451541070147,0.019278802164441826,-0.33874326386813003,1.4534
2024-02-26,3002.1179,3009.479,2967.0571,2977.0221,3004.881,409026558.0,427564895.7567,-0.9271,0.012918479846018016,1.0,-0.0010207281273610924,0.023616948878699917,0.015436913447902713,-0.0052720697368146,0.004273873770015424,0.01440247984972776,0.05795557556576192,-0.1021
2024-02-27,2966.4166,3015.4807,2961.1479,3015.4807,2977.0221,372984687.0,412614978.5167,1.2918,-0.019110817058122676,0.0,-0.00544785141092885,0.02965719028869862,0.014997230630350028,-0.0024453152184701343,-0.003009896337779483,0.011162355777221663,-0.25328760129237793,-0.5448
2024-02-28,3016.2555,3031.4881,2957.8524,2957.8524,3015.4807,544109093.0,576555221.675,-1.9111,0.019378519360871316,1.0,0.00938157133805495,0.03343835455402089,0.014512576711494534,0.0006546540553082902,0.008721207908622075,0.022553403299360147,0.07287515629513663,0.9382
2024-02-29,2943.6242,3015.1712,2943.6242,3015.1712,2957.8524,409696374.0,452808746.1349,1.9379,0.003929859770483324,1.0,-0.015124353812802305,0.002045070320121578,0.014982440002843928,0.002549610500988786,-0.01762901718645027,0.019444576792052887,0.06539610094225168,-1.5124
2024-03-01,3013.8229,3032.2315,3003.7632,3027.0204,3015.1712,379132184.0,442984248.1971,0.393,0.00405847942088533,1.0,-0.0015365683307280165,-0.01382731239118562,0.01383626780619886,-0.006487329811904807,0.004983088419234338,0.01607258939882752,0.26734203572016213,-0.1537
2024-03-04,3026.6071,3040.3447,3007.6829,3039.3055,3027.0204,387760002.0,461727516.6448,0.4058,0.002792611667369327,1.0,0.004723997422393156,-0.008156232325273627,0.013282424439827372,-0.007300998580378137,0.012113436183148085,0.020019453179128986,-0.16010099659896682,0.4724
2024-03-05,3027.1028,3052.5413,3022.1777,3047.7931,3039.3055,383509955.0,458900476.7855,0.2793,-0.0025796370495096976,0.0,0.0003936238956832039,-0.0023306646211482818,0.013293851206338695,0.0024178031325952087,-0.0020192969743617617,0.010386727942594667,-0.13414981050604524,0.0394
2024-03-06,3041.7518,3060.5629,3034.3536,3039.9309,3047.7931,340982739.0,401334635.5997,-0.258,-0.004121672634072038,0.0,-0.02611055575540333,-0.037410963146484955,0.014804662136168578,-0.015185614338902753,-0.011093401533901037,0.02137205598708594,0.06860069734326757,-2.6111
2024-03-07,3040.2111,3063.6924,3023.1177,3027.4013,3039.9309,377154391.0,423391257.0397,-0.4122,0.0061497958661773655,1.0,0.017042389114649614,-0.005972116817894446,0.015144432263965535,0.0002975998970466964,0.016739807452628597,0.02473791410314156,-0.08070887289757955,1.7042
2024-03-08,3026.1654,3049.194,3016.9032,3046.0192,3027.4013,319204392.0,370647474.7694,0.615,0.00736574477271823,1.0,-0.01267239685389232,-0.017058475820400765,0.012699691687247126,-0.0012361533487162957,-0.011450397952949776,0.022891345649038244,0.018596127856907785,-1.2672
2024-03-11,3042.6188,3068.4554,3035.4451,3068.4554,3046.0192,361608821.0,427851361.2879,0.7366,-0.004080359127918154,0.0,0.007616246184483089,-0.01422893117549473,0.012766455780779342,0.002810266066453071,0.0047925118845078,0.013206586903827417,0.023735421587913308,0.7616
2024-03-12,3068.182,3075.1308,3044.8572,3055.935,3068.4554,415743914.0,494558502.7942,-0.408,-0.003959639193896414,0.0,0.014319966685806484,-0.0005061469742353442,0.012680846332197435,0.0038389593839565084,0.010440925014787439,0.012808964991356604,-0.04019220021798553,1.432
2024-03-13,3053.3413,3061.951,3031.8985,3043.8346,3055.935,365047453.0,442453946.2741,-0.396,-0.001840014565837489,0.0,0.030500549507854302,0.05759331396356049,0.01389079155500356,0.006895524781508122,0.02344337038489508,0.03264010340272856,0.4728322381042158,3.0501
2024-03-14,3042.4131,3059.9975,3020.637,3038.2339,3043.8346,364072290.0,436338838.3398,-0.184,0.005398531034756848,1.0,-0.0006663351566384978,0.039178517698832405,0.013893982315981565,-0.0020118758592446717,0.0013482532207131914,0.009582589873343626,-0.3567510206360023,-0.0666
2024-03-15,3031.5229,3056.4473,3023.2152,3054.6359,3038.2339,360268463.0,405917703.9906,0.5399,0.009916173642822601,1.0,-0.007051236644653458,0.04509488113825322,0.014101311410906049,0.0022497220776589444,-0.009280081118936745,0.019418561290145017,-0.037064444150173514,-0.7051
2024-03-18,3057.2093,3085.3124,3055.9221,3084.9262,3054.6359,406653508.0,485520636.5026,0.9916,-0.007186687318484264,0.0,-0.014194954974925844,0.022472404804141588,0.01364521195762997,-0.011985855158044623,-0.0022358989781816607,0.015960112394659647,0.3359320263945236,-1.4195
2024-03-19,3077.9805,3090.0459,3062.6279,3062.7558,3084.9262,384123680.0,446930657.7741,-0.7187,0.00552773420590702,1.0,0.0009706421129496157,0.009015787122526042,0.013324643154061573,-0.0018318402907979703,0.0028076255253064453,0.009572456968498547,-0.5215803110002817,0.0971
2024-03-20,3058.6478,3081.7547,3056.645,3079.6859,3062.7558,349187729.0,407432569.6658,0.5528,-0.0008354423417011869,0.0,-0.01240595753630247,-0.032996168134086123,0.013660631390679535,-0.006515457856548723,-0.005929130680830674,0.011378899117649915,0.0820958501465121,-1.2406
2024-03-21,3084.4116,3090.0513,3069.272,3077.113,3079.6859,366877968.0,437634616.2556,-0.0835,-0.009450221685066373,0.0,0.0008221674245045829,-0.031555820680232216,0.013210925064228276,0.0017865050806196159,-0.0009626179342846486,0.013549125562328807,-0.06008267189890226,0.0822
2024-03-22,3070.5481,3073.2058,3027.7615,3048.0336,3077.113,394740486.0,456762466.5595,-0.945,-0.007128563149697675,0.0,0.019345260583434554,-0.005810752013659104,0.013525681468837552,0.013284112320143926,0.005981686863136826,0.012735846490403456,0.34039971210562747,1.9345
2024-03-25,3040.501,3065.2611,3026.3055,3026.3055,3048.0336,387485389.0,443472341.3423,-0.7129,0.0017101379883821544,1.0,-0.021563650811535107,-0.013242118092996136,0.014394880404772438,-0.006987445961893046,-0.014678771975608629,0.024051924023459518,-0.0349266235268999,-2.1564
2024-03-26,3026.9218,3036.4939,3006.2597,3031.4809,3026.3055,345928787.0,396410716.1433,0.171,-0.01264797676937357,0.0,-0.0015655048313674147,-0.015742254342443585,0.014351935446363812,0.0019685480806352906,-0.0035271096271161095,0.010384575989410578,-0.16986215418143935,-0.1566
2024-03-27,3026.8138,3030.4495,2993.1388,2993.1388,3031.4809,343198010.0,376242896.147,-1.2648,0.005854990754187384,1.0,0.008782515582469896,0.0053746397345832975,0.014331081337986832,0.004544229447772441,0.004219113514819961,0.01677528463654676,0.045167101228306805,0.8783
2024-03-28,2988.5899,3033.3666,2984.1201,3010.6636,2993.1388,353200026.0,392929088.7204,0.5855,0.010131753012857514,1.0,-0.013568158514217998,-0.00908114394728421,0.014251036705180287,-0.005288139836036487,-0.008324037351697733,0.015476293632569388,0.008747484211646395,-1.3568
2024-03-29,3008.3757,3041.2978,3008.1672,3041.1669,3010.6636,334822785.0,364571210.0901,1.0132,0.011907172868414362,1.0,,,,,,,,
2024-04-01,3049.0207,3078.4883,3049.0207,3077.3786,3041.1669,375393640.0,420902006.7734,1.1907,-0.000786383579842953,0.0,,,,,,,,
2024-04-02,3076.8752,3085.5365,3063.9808,3074.9586,3077.3786,367304262.0,396705813.2949,-0.0786,-0.0018415532488794684,0.0,0.009063713182096533,-0.019075970610386017,0.014400562274774997,-0.000880872380868758,0.009953353196893389,0.023163161477815983,0.14541193110586903,0.9064
2024-04-03,3074.8929,3079.02,3057.3972,3069.2959,3074.9586,363211380.0,392704394.0409,-0.1842,-0.007247036690076092,0.0,0.023583223205746684,0.0261856896009387,0.015302361813202258,0.016342006913554252,0.007124783038519489,0.011824861468966906,0.21785138442709417,2.3583
2024-04-08,3057.3255,3077.3512,3045.4692,3047.0526,3069.2959,402936740.0,421808399.7331,-0.7247,0.0004871264775672124,1.0,-7.055264243560622e-05,0.006354432939069676,0.014283387850819814,0.003756629257822164,-0.0038128584048183756,0.021476104776652977,-0.39086445373846246,-0.0071
2024-04-09,3044.6136,3051.5851,3033.2089,3048.5369,3047.0526,333489965.0,347834663.4756,0.0487,-0.006954811667196914,0.0,0.0005339657209553206,0.020741372452851348,0.01382616410004177,-0.00437038684710267,0.004925880571719166,0.01880719352879005,0.37932985582964207,0.0534
2024-04-10,3045.9609,3049.6072,3013.5897,3027.3349,3048.5369,348991721.0,364717833.491,-0.6955,0.0022830311902393152,1.0,0.005690602617007823,0.017329225665027703,0.013477187887996412,0.005159312370576652,0.0005285632236529114,0.012003932384500964,-0.2181128930497387,0.5691
2024-04-11,3013.5727,3050.3372,3009.8972,3034.2464,3027.3349,340894392.0,364147836.4547,0.2283,-0.004868721274580712,0.0,0.018486968499655587,0.01226410859745597,0.013931512786490253,0.0058206318371625265,0.012593037229070791,0.016171789159422287,0.18428750262823534,1.8487
2024-04-12,3035.5773,3043.5599,3014.8297,3019.4735,3034.2464,334229771.0,363119193.0138,-0.4869,0.012553214989301953,1.0,-0.002575387256208983,0.0221182534035671,0.013683333195560844,-0.01651071784689684,0.014169275500572898,0.01663849532970394,-0.027252015535323082,-0.2575
2024-04-15,3013.6722,3066.9412,2995.542,3057.3776,3019.4735,461239244.0,459849043.2723,1.2553,-0.016455114997898757,0.0,-0.021839095924371055,-0.00013334194375480557,0.012843656817067136,-0.006804901775545158,-0.015137201316944293,0.01811169679140678,0.13543872933020218,-2.1839
2024-04-16,3043.5505,3052.4346,3005.34,3007.0681,3057.3776,448070473.0,435170805.4763,-1.6455,0.021387111252984203,1.0,-0.007249865294716051,-0.00791198152137862,0.012918247339245384,-0.014013535713196301,0.00685980047745649,0.010865528544064548,-0.10321067725636013,-0.725
2024-04-17,3008.0614,3071.3806,3002.0564,3071.3806,3007.0681,413358368.0,416254660.835,2.1387,0.0009259679506994356,1.0,-0.021173509649732636,-0.03441274014191764,0.013613540553108174,-0.014021900597935177,-0.007253314303973357,0.014493574274447949,0.18840644551533714,-2.1174
2024-04-18,3060.0309,3102.5527,3057.7606,3074.2246,3071.3806,416321349.0,441432075.7562,0.0926,-0.002915727107251742,0.0,0.00017662658002337572,-0.05177205197217827,0.013315094599543505,-0.0014419375505031473,0.001620901369076222,0.009899704412033538,-0.23281021723772355,0.0177
2024-04-19,3060.2989,3080.3227,3055.0577,3065.261,3074.2246,375543855.0,396614941.1212,-0.2916,-0.006741938125334079,0.0,0.008247066178352691,-0.0414834019010204,0.013479868738478762,8.61440919919243e-05,0.00816021913169318,0.018524056353003675,0.27556467086751013,0.8247
2024-04-22,3059.0649,3078.4226,3042.542,3044.5952,3065.261,357216399.0,382192259.1895,-0.6742,-0.007428803671502893,0.0,-0.00987008929034583,-0.029754767610211563,0.013378217389536826,-0.008515263455648014,-0.001366461615354586,0.012843382743790774,0.05006616422258503,-0.987
2024-04-23,3038.6118,3044.9438,3016.5169,3021.9775,3044.5952,325595128.0,348651765.3849,-0.7429,0.007559553305740874,1.0,0.017723589663304118,-0.0053474421793131555,0.014008168518185007,0.011506927331741634,0.0061459414301408,0.013990880256210682,-0.15204199564830034,1.7724
2024-04-24,3029.4028,3045.6398,3019.1239,3044.8223,3021.9775,305264093.0,335157362.7134,0.756,0.002652929860635922,1.0,0.01921305450865418,0.03569210848441484,0.0139985863118909,0.01015644067930066,0.008965555694782745,0.014954253622736492,0.02660381470022699,1.9213
2024-04-25,3037.9273,3060.2635,3034.6499,3052.9,3044.8223,292280148.0,315797661.2188,0.2653,0.01170549313767233,1.0,0.02212499546911184,0.058419846614291115,0.01386601766726347,0.009759384583571062,0.012246096519954897,0.016828758572291828,0.10188767102065022,2.2125
2024-04-26,3054.9793,3092.43,3054.9793,3088.6357,3052.9,439382563.0,484160092.9824,1.1705,0.00790235637048431,1.0,0.004840921629623907,0.05484420418323843,0.013849019688896735,-0.003322429099711921,0.00819056329517065,0.019141609892758038,-0.051843098318638425,0.4841
2024-04-29,3086.6819,3119.6857,3080.5858,3113.0432,3088.6357,506925445.0,554918811.2318,0.7902,-0.0026400854315159483,0.0,0.02121028387217705,0.08795597178032244,0.014413228420089404,0.0029887980819853777,0.018167187734336343,0.024417195945046894,0.2017848048059303,2.121
2024-04-30,3110.1594,3123.2876,3104.2943,3104.8245,3113.0432,440213213.0,473803228.5309,-0.264,0.011561329794969044,1.0,0.005425142271183292,0.07480881726825062,0.013871488308323394,0.004916393549428744,0.0005062597495875121,0.019940343830288743,0.23083585827465392,0.5425
2024-05-06,3132.5115,3142.3816,3126.7689,3140.7204,3104.8245,450656899.0,511256135.5805,1.1561,0.002234391829339488,1.0,0.014762897831783306,0.0689274924296508,0.013626459820353896,0.018463645835450126,-0.003633657439614413,0.01328875006659463,0.020862616633241515,1.4763
2024-05-07,3139.6637,3151.219,3133.6904,3147.738,3140.7204,379102564.0,426951665.9062,0.2234,-0.006118107669698003,0.0,0.005541266686584612,0.052526322647532764,0.013572526493187975,0.000683592481456996,0.004854355803997512,0.010858999172977443,0.3283933441621585,0.5541
2024-05-08,3141.4874,3144.9856,3126.1729,3128.4798,3147.738,334000320.0,367220116.4828,-0.6118,0.00825969852833941,1.0,-0.005325029738996623,0.04127253702193778,0.01374429386906186,-4.036967860354679e-05,-0.005284873409034052,0.01226107878546481,-0.3210242519977431,-0.5325
2024-05-09,3128.1644,3158.4646,3128.1644,3154.3201,3128.4798,360881462.0,398979066.8962,0.826,7.199649775557759e-05,1.0,-0.00895647416551526,0.031009912160256503,0.014095015295565259,0.0016867458143865477,-0.010625297803305567,0.016678057747639707,0.15468086438937867,-0.8956
2024-05-10,3158.5891,3163.1441,3137.1517,3154.5472,3154.3201,384287495.0,406707822.8448,0.0072,-0.0020689181635956677,0.0,0.01222844337567297,0.01816211561075254,0.013831262419914432,-0.00041553227992352504,0.012649231819733764,0.015433666086777872,-0.0023043511450140386,1.2228
2024-05-13,3139.4753,3157.3656,3126.1697,3148.0207,3154.5472,397030565.0,425963088.1946,-0.2069,-0.0007135912416331713,0.0,0.022973048056917023,0.026399767914128347,0.014359699148647443,0.007100083558953196,0.015761059657418475,0.018112711264167688,0.8064385092966635,2.2973
2024-05-14,3148.8488,3155.8071,3137.6091,3145.7743,3148.0207,343526194.0,370069674.8709,-0.0714,-0.008224429832744296,0.0,0.007982627844384638,0.028891771582975956,0.01286391911274488,-0.003116483720459251,0.011133809902150738,0.015602456907098253,-0.5482777152786209,0.7983
2024-05-15,3141.2518,3142.9725,3117.9287,3119.9021,3145.7743,321027962.0,333005622.1982,-0.8224,0.000800954619697869,1.0,,,,,,,,
2024-05-16,3127.1841,3137.8779,3116.1627,3122.401,3119.9021,367417361.0,377502921.4777,0.0801,0.01012851968725359,1.0,-0.002163215809942609,0.03216235185506866,0.012619709372199582,0.004643459136408623,-0.006775214514612271,0.01195340218654828,-0.08469273448314141,-0.2163
2024-05-17,3121.7126,3154.0263,3116.7842,3154.0263,3122.401,383915244.0,389572549.3179,1.0129,0.005427602173133428,1.0,0.01587630303700749,0.058025451761671176,0.010855664582645884,0.009913121254333968,0.00590464828822812,0.017223707396201392,0.5202829887130083,1.5876
2024-05-20,3156.1482,3174.2658,3155.9903,3171.1451,3154.0263,426867280.0,448816915.0428,0.5428,-0.004156038145337493,0.0,0.009138891225622059,0.05479611669339568,0.010660003949980698,0.007668555721793258,0.001459145961715036,0.013381136870224054,-0.28402743280551945,0.9139
2024-05-21,3164.6826,3165.2237,3148.342,3157.9657,3171.1451,335783572.0,346584200.8314,-0.4156,0.00018182591406867843,1.0,0.00422479531912523,0.035464635555968016,0.010719567531703887,0.0034684132495226283,0.0007537676917535041,0.006728169376396362,-0.22303157893846226,0.4225
2024-05-22,3157.1889,3166.9191,3152.457,3158.5399,3157.9657,354098082.0,364137830.7253,0.0182,-0.013345691786258551,0.0,-0.021164969632648356,0.005522347301028407,0.011995550640776195,-0.00827806981180712,-0.012994468941909698,0.01586659754270431,0.004544759866451642,-2.1165
2024-05-23,3149.8752,3150.6282,3110.2773,3116.387,3158.5399,353943727.0,356689462.8821,-1.3346,-0.008829615833977011,0.0,-0.0013017269994411995,0.006390471491912075,0.011986510942587741,0.00024140740517220038,-0.0015427619704493356,0.010939813596023461,-0.21470098689756156,-0.1302
2024-05-24,3110.7533,3130.4245,3087.7941,3088.8705,3116.387,306532279.0,322748606.3691,-0.883,0.011386751241270865,1.0,-0.017029423409531286,-0.02620799492994874,0.012851136700762853,-0.008918189585113145,-0.008184222270230745,0.012930046468982515,0.10951040323815775,-1.7029
2024-05-27,3094.14,3125.5064,3091.9893,3124.0427,3088.8705,319396765.0,345383767.8449,1.1387,-0.004632010951706955,0.0,-0.01376723686992909,-0.048311795110979605,0.012959273275302243,-0.006700511057724734,-0.007114395900605475,0.01778075978697007,0.11420000778817929,-1.3767
2024-05-28,3122.3877,3130.3103,3106.3645,3109.5721,3124.0427,310066974.0,320985406.5281,-0.4632,0.00046485495544557054,1.0,0.01173683186683383,-0.04119275502107855,0.013073488872347381,-0.00015691382743987514,0.011895612280326429,0.019700208609410436,-0.19986893896880176,1.1737
2024-05-29,3108.0267,3128.1365,3100.9797,3111.0176,3109.5721,289970346.0,297512177.2918,0.0465,-0.0062165511374799864,0.0,-0.00032877701853939456,-0.020782888377169906,0.012486797524666986,-0.0007085436877733997,0.00038003594130131546,0.01191989313419052,-0.17779792243683445,-0.0329
2024-05-30,3103.7078,3121.218,3085.3841,3091.6778,3111.0176,302380762.0,318475183.0048,-0.6217,-0.0015733851696965173,0.0,-0.018285270408412768,-0.03743514138656778,0.013367712257711025,-0.008594050526109953,-0.009775228691582538,0.014316864635335927,0.27900346339747806,-1.8285
2024-05-31,3094.7587,3107.6035,3086.8134,3086.8134,3091.6778,276072816.0,301121881.3201,-0.1573,-0.0026968588383088354,0.0,-0.013358221920105051,-0.03384015123450412,0.013808185702804662,-0.002880877371392865,-0.010507615701012551,0.020279796352331854,0.08269526996433108,-1.3358
2024-06-03,3085.9814,3097.2043,3061.2766,3078.4887,3086.8134,357563362.0,367608352.547,-0.2697,0.004128811647091668,1.0,-0.008259924882845326,-0.028444930232458088,0.012779334709709942,0.009842464615015034,-0.01792595393060792,0.025989306748860044,0.42397114806666636,-0.826
2024-06-04,3071.3196,3095.3221,3063.5879,3091.1992,3078.4887,309287598.0,325589691.9204,0.4129,-0.008344916755930742,0.0,0.017889213318207586,-0.02253689446470153,0.012990320960874404,0.011280663686882741,0.006534832384940348,0.016053996739973927,-0.5301528807953719,1.7889
2024-06-05,3086.0509,3092.3459,3064.7359,3065.4034,3091.1992,290542344.0,299722764.3995,-0.8345,-0.005418373320783876,0.0,0.0022316965023170265,-0.02003330294200778,0.012935406604144205,-0.0036727627609352,0.005926224881309228,0.011170980446708702,-0.05546520176231162,0.2232
2024-06-06,3069.4393,3077.6725,3040.8295,3048.7939,3065.4034,369867104.0,371317019.0324,-0.5418,0.0008150108146043333,1.0,-0.0010382718385436585,-0.0028170142247040397,0.012882871157792984,0.0024761292358372877,-0.003505720457463557,0.018941006098965932,0.08984688771802318,-0.1038
2024-06-07,3053.9153,3065.0247,3031.0443,3051.2787,3048.7939,316342484.0,318911097.4856,0.0815,-0.0076143814722660075,0.0,0.002813574629198623,0.013527560601398037,0.012723340631609698,0.008283328701934822,-0.0054248185178049635,0.017198409114592434,-0.15008827903956679,0.2814
2024-06-11,3042.1338,3043.1997,3013.8611,3028.0451,3051.2787,310481942.0,332683377.7725,-0.7614,0.003111710588458605,1.0,-0.00594529355732587,0.015893041940617136,0.01248995332254179,0.004637166608936649,-0.010533614042951056,0.014794769657083312,0.16815169548631204,-0.5945
2024-06-12,3025.2963,3042.0423,3021.3085,3037.4675,3028.0451,279452106.0,312058601.4829,0.3112,-0.0028144498665417794,0.0,-0.010377879833069703,-0.012318616924160364,0.011384138234936765,-0.011097650943678872,0.0007278485194175399,0.014895777469857551,0.06389595084465327,-1.0378
2024-06-13,3038.0859,3040.4021,3022.8224,3028.9187,3037.4675,297862463.0,336871037.0653,-0.2814,0.0012263782451473748,1.0,-0.013121453493937674,-0.02744887121145989,0.011382723088307517,-0.007919086020617971,-0.0052438943235509905,0.011826363283257398,-0.11681013167329901,-1.3121
2024-06-14,3020.9588,3037.9046,3011.5773,3032.6333,3028.9187,348746753.0,396194698.2999,0.1226,-0.0055208125558734444,0.0,0.009744205545372253,-0.01695146149571003,0.01174071263325016,0.00927034693140305,0.0004695061292643299,0.011258880667906455,-0.29764600232433125,0.9744
2024-06-17,3017.7169,3026.6242,3012.0452,3015.8907,3032.6333,295763448.0,338146875.6477,-0.5521,0.004760019983482744,1.0,-0.009432644513800659,-0.028956312781434068,0.01099418724834062,-0.004668565525823731,-0.004786424725442107,0.010088540427315058,0.11726002320436457,-0.9433
2024-06-18,3015.0713,3031.9758,3012.5234,3030.2464,3015.8907,273625999.0,317319995.6921,0.476,-0.0040251842226426415,0.0,-0.0003154647978070857,-0.023456806927660945,0.010605799746325984,-0.005178415965417016,0.004888264635240169,0.02061333936766587,-0.2129948202134493,-0.0315
2024-06-19,3029.0993,3030.2259,3015.3263,3018.0491,3030.2464,261296248.0,300290286.695,-0.4025,-0.004178924723259203,0.0,-0.0011468478132393711,-0.01434777298400014,0.010446593806742392,0.0014367655880982433,-0.002579906680199029,0.010520112488096573,0.18543434326541686,-0.1147
2024-06-20,3015.7224,3028.5143,3001.7677,3005.4369,3018.0491,295515907.0,324101266.446,-0.4179,-0.002428665196730573,0.0,0.028737046867107097,0.02745871297770508,0.012092297612133714,0.007851838207590722,0.020722498950500157,0.022865611159021155,0.320448450627838,2.8737
2024-06-21,2998.2413,3011.9141,2985.9291,2998.1377,3005.4369,255001251.0,280275384.7545,-0.2429,-0.011686854809904279,0.0,-0.0051583281742817455,0.012294735772772958,0.01211084545692687,0.0012609608369655856,-0.0064112047331609245,0.013356743943020102,-0.26965648367329287,-0.5158
2024-06-24,2982.8263,2990.6429,2960.1267,2963.0989,2998.1377,298653884.0,318595817.7411,-1.1687,-0.004421924627625584,0.0,-0.01673273223483418,0.004834525894309438,0.012091918396908418,-0.0074271951621243115,-0.009375168277182322,0.014821666597583355,0.24455836942194864,-1.6733
2024-06-25,2962.7654,2971.6534,2935.5382,2949.9963,2963.0989,273209938.0,296569297.319,-0.4422,0.00763689093440556,1.0,-4.492881279227756e-05,0.005106455576791458,0.01178684027774413,-0.006775930581101486,0.006776921719433782,0.013484190604664084,-0.23220002385393457,-0.0045
2024-06-26,2943.4471,2976.669,2933.3304,2972.5251,2949.9963,282388409.0,276215175.4762,0.7637,-0.008973078141543578,0.0,0.002506696635346417,0.008782872979060219,0.011415316171262221,0.0033454054896602248,-0.0008359123884205122,0.015109517514981073,-0.1517965598213351,0.2507
2024-06-27,2962.6964,2963.0644,2944.8979,2945.8524,2972.5251,270548519.0,266670979.3877,-0.8973,0.007315505692002677,1.0,0.0009422948171018408,-0.01847275071227461,0.011428530576121945,-0.0076506814069684514,0.008659225197285902,0.012268092005156755,-0.010850137874543364,0.0942
2024-06-28,2940.3032,2985.4679,2939.984,2967.4028,2945.8524,315201432.0,313347004.2491,0.7316,0.009209231722771216,1.0,-0.020644634888028812,-0.033751797077989254,0.011616996750535829,-0.00795636025125579,-0.012790036776997638,0.015731956950634774,0.19518221892795928,-2.0645
2024-07-01,2965.2452,2996.4086,2961.8556,2994.7303,2967.4028,297782235.0,294321888.8315,0.9209,0.0007616044757019491,1.0,,,,,,,,
2024-07-02,2992.8556,3004.987,2989.4701,2997.0111,2994.7303,281364683.0,282559369.5348,0.0762,-0.004883365296845299,0.0,0.00012079155723454527,-0.017189985644966987,0.011312549126008523,-0.007522943340293131,0.007701674155827343,0.015933196624384117,0.00728199567451604,0.0121
2024-07-03,2995.6642,2998.5369,2978.0686,2982.3756,2997.0111,246284642.0,257840296.8267,-0.4883,-0.008318402283065796,0.0,0.002851803837885747,-0.014342919871686455,0.011228476322902277,-0.0027761771380487854,0.005643648744554142,0.017874991322682825,0.17711172413697973,0.2852
2024-07-04,2984.8303,2995.5695,2955.2895,2957.567,2982.3756,274268789.0,259006711.0392,-0.8318,-0.002581074241090664,0.0,0.011786164102483232,-0.005219416917041642,0.010767112352378006,0.004087423476881957,0.007667400711924843,0.011789540743108444,-0.0881136462600427,1.1786
2024-07-05,2954.3723,2957.1069,2920.2046,2949.9333,2957.567,272324556.0,271508929.397,-0.2581,-0.009316651329031811,0.0,0.002764958503373771,-0.0034079733862983907,0.010776482435627734,0.0056261426798684955,-0.0028451768058356253,0.010635996077552192,-0.03125039298627641,0.2765
2024-07-08,2939.8367,2947.61,2917.2322,2922.4498,2949.9333,277533424.0,270872022.8985,-0.9317,0.012634126341537266,1.0,-0.012683960976865194,0.004692808443216956,0.01108408545103457,0.00041545837983436584,-0.01309397935325185,0.016940051962804983,-0.036758865176608424,-1.2684
2024-07-09,2919.5729,2963.7822,2904.0389,2959.3724,2922.4498,315062031.0,320361092.7852,1.2634,-0.006761163279079052,0.0,-0.015480676262007997,-0.01097998093529906,0.01144390515311316,-0.007395667657886906,-0.00814524815244766,0.015844167372206494,-0.20608510989698203,-1.5481
2024-07-10,2949.0261,2958.8594,2935.3304,2939.3636,2959.3724,301549456.0,306035255.3617,-0.6761,0.010554597600650695,1.0,-4.7363453446358506e-05,-0.013839161602643646,0.011428644347837413,-0.0024571931390329205,0.0024157656884618017,0.01376165112422577,0.1087818348399594,-0.0047
2024-07-11,2957.2502,2971.3608,2947.4027,2970.3874,2939.3636,328372424.0,337653177.1351,1.0555,0.0003055493704289258,1.0,-0.002942379915118476,-0.02819467844216761,0.011271440235947288,0.0051514475356426725,-0.008052346211712691,0.01773645612138854,0.008767629108207942,-0.2942
2024-07-12,2965.6121,2977.1417,2963.3033,2971.295,2970.3874,303713014.0,302581575.9789,0.0306,0.0009139785850948989,1.0,0.020642560213190997,-0.010869034650005327,0.012009013782485851,0.009012303918286113,0.011526377081569006,0.013910519143275995,-0.16880878881794814,2.0643
2024-07-15,2963.8472,2977.3126,2959.1288,2974.0107,2971.295,268992597.0,268733339.4738,0.0914,0.0007712144411584632,1.0,0.02585472565839675,0.02774049543782131,0.013194806175206648,0.010533676754523658,0.015161344204855043,0.016662993562815573,0.31537930501873035,2.5855
2024-07-16,2963.9001,2977.3613,2959.6655,2976.3043,2974.0107,260783630.0,279121370.473,0.0771,-0.004518825578419539,0.0,-0.015166142068879673,0.028068837929109858,0.013482906213407427,-0.005023675231149216,-0.01019367655817005,0.01622991486537741,-0.27380095475097654,-1.5166
2024-07-17,2970.8081,2972.7949,2957.948,2962.8549,2976.3043,282307991.0,305469105.9783,-0.4519,0.0048191695111361454,1.0,-0.015983623391285673,0.01168448967456337,0.013966584927906141,-0.009484933897426218,-0.006560919380489749,0.009523233314498145,0.0037023128386124426,-1.5984
2024-07-18,2951.1434,2978.0919,2937.9045,2977.1334,2962.8549,278022665.0,301283750.6047,0.4819,0.0017383164624062974,1.0,0.0006447435071565977,0.015324236320855444,0.013967904004317886,0.0007778664010225089,-0.0001330194225266368,0.008404792875443226,0.16615054788054806,0.0645
2024-07-19,2963.5144,2986.2425,2955.1199,2982.3086,2977.1334,280932413.0,319112460.4701,0.1738,-0.006066810121527988,0.0,0.0021984947639182018,-0.003023721521528744,0.0122031637500257,-0.004858109711653347,0.007091053591892216,0.013550619778222465,-0.3118975014421501,0.2198
2024-07-22,2978.1932,2978.6007,2946.5608,2964.2155,2982.3086,278749559.0,316415459.8552,-0.6067,-0.016478896355544892,0.0,-0.020290340924750794,-0.04786977584240859,0.012877466868932257,-0.009821463224214066,-0.010572717254229147,0.014272367438933044,0.33151615474596774,-2.029
2024-07-23,2960.5004,2960.5004,2915.3682,2915.3685,2964.2155,296295994.0,307194049.8618,-1.6479,-0.004602059739617914,0.0,0.012527500792298474,-0.02109576297434368,0.012835668920381996,0.002724243412440819,0.009776623477752544,0.021786483618943368,-0.2759426210612794,1.2528
2024-07-24,2909.1521,2922.0298,2894.2885,2901.9518,2915.3685,306118853.0,288660361.5507,-0.4602,-0.005241368929697621,0.0,-0.009442114598194107,-0.014588238479510851,0.012969313430584207,0.002476201924712429,-0.01188887726214749,0.01450565551591413,0.03808462875464791,-0.9442
2024-07-25,2891.8918,2897.7674,2872.8497,2886.7416,2901.9518,274639500.0,273281622.4586,-0.5241,0.0014395815683676538,1.0,-0.009062152248279332,-0.024147364540308858,0.013039381367609635,-0.0008546392083053078,-0.008214533502383103,0.015208914350611717,-0.0037397901907176845,-0.9062
2024-07-26,2885.9953,2899.1162,2875.3959,2890.8973,2886.7416,278387536.0,275443434.9629,0.144,0.00032792586578556104,1.0,-0.017681192070960305,-0.04350445287289462,0.013470748293975628,-0.0029010371987833183,-0.014823157403207166,0.01871290303014541,0.08387829416748893,-1.7681
2024-07-29,2889.4726,2898.9512,2878.5825,2891.8453,2890.8973,256899727.0,260094898.4415,0.0328,-0.004338302605606192,0.0,0.0009608955499480487,-0.022756762094607308,0.012832620207248503,0.0043928333892973015,-0.00341692784462444,0.017912998376356848,-0.011382982457707413,0.0961
2024-07-30,2885.2152,2885.2152,2865.1493,2879.2996,2891.8453,262478837.0,269477482.5904,-0.4338,0.02064727824780732,1.0,0.012750487477168226,-0.02254154598466318,0.013242602873458239,0.010289454806944986,0.0024359678887211356,0.012016701417223519,-0.050002336949177106,1.275
2024-07-31,2877.5409,2940.5927,2876.3009,2938.7493,2879.2996,412723417.0,418871723.4034,2.0647,-0.002164934586288081,0.0,-0.013657347517220364,-0.026701035412860064,0.013483200407367555,-0.0025507096390952055,-0.01113504013232236,0.012922938055520453,0.12248456573578004,-1.3657
2024-08-01,2940.12,2947.8768,2928.8262,2932.3871,2938.7493,346621137.0,352586120.3701,-0.2165,-0.009224430157941943,0.0,0.020095971807178703,0.0019380684591632225,0.014050238902437898,0.003996374738206576,0.016035513149308178,0.022608482900868136,0.048277839153120894,2.0096
2024-08-02,2913.0198,2931.2593,2902.7202,2905.3375,2932.3871,312205039.0,314917985.4095,-0.9224,-0.015364720966152823,0.0,-0.0022854375425204188,0.017641313098464728,0.014011101137334975,-0.0009657184368622174,-0.0013209948147058226,0.009272626638838703,-0.32589950641996346,-0.2285
2024-08-05,2889.3634,2919.0252,2860.6978,2860.6978,2905.3375,355540572.0,356863001.4189,-1.5365,0.0023022005330308737,1.0,-0.020771501349902022,-0.0044532412605141625,0.014447054754306719,-0.016162996042753064,-0.004684216276285902,0.012111556455490226,0.22993585733318334,-2.0772
2024-08-06,2878.6508,2888.2009,2845.335,2867.2837,2860.6978,297300803.0,295835558.778,0.2302,0.0008893783339263273,1.0,-0.014584984459009909,-0.0313243618585084,0.01440555920644362,-0.015856117638241574,0.0012916131492695104,0.029692231157398125,0.41004075038163457,-1.4585
2024-08-07,2864.0101,2886.9417,2857.7247,2869.8338,2867.2837,263097150.0,263793649.8051,0.0889,2.3555371046368734e-05,1.0,-0.0030553898706220384,-0.02091230265878019,0.014396371005319613,0.009757844482931155,-0.012689413034582153,0.01783588328434659,-0.4132757167194292,-0.3055
2024-08-08,2864.758,2886.3994,2850.8745,2869.9014,2869.8338,289128632.0,271107919.4814,0.0024,-0.0026855626468561544,0.0,0.013847257279541392,-0.02690981631170497,0.01484930108071893,0.0022490079496182425,0.01157222330770935,0.018229939437772014,-0.06758378847942481,1.3847
2024-08-09,2879.8726,2887.8489,2862.1941,2862.1941,2869.9014,284253916.0,252884027.0378,-0.2686,-0.0013938607448041873,0.0,0.0008277115700687787,-0.02387350216354145,0.01391734489719125,-0.006210502990308009,0.007082198575809828,0.02121358987454554,-0.06989234044719694,0.0828
2024-08-12,2858.8946,2869.2688,2851.2952,2858.2046,2862.1941,244241371.0,217626684.5266,-0.1394,0.0034082234700762992,1.0,0.01174532303486342,0.008540315399182541,0.01270295451768873,0.012167420581428834,-0.0004170234468947598,0.0102339414971618,0.014578675917746864,1.1745
2024-08-13,2860.4099,2867.946,2845.3099,2867.946,2858.2046,231674601.0,210908509.4135,0.3408,-0.006029437095398604,0.0,0.0012533476729104098,0.024750334763413928,0.01242453142942746,0.0007460402814940537,0.0005069292018118343,0.009352126916957706,-0.17939724491065334,0.1253
2024-08-14,2866.2434,2866.2434,2850.401,2850.6539,2867.946,217885170.0,207457552.3846,-0.6029,0.009367675255140595,1.0,0.003647222798502714,0.03163988961599884,0.012073565026920337,0.0028378327046192364,0.0008070996800157992,0.010413373345060373,0.07617340761245828,0.3647
2024-08-15,2844.2005,2889.0866,2839.3875,2877.3579,2850.6539,271900000.0,254987115.6349,0.9368,0.0007200703117258289,1.0,-0.0035344001360191335,0.013953190748116073,0.01207035414260072,0.0034715145981787376,-0.0069816777380106165,0.011559875766126286,-0.2061458521337851,-0.3534
2024-08-16,2877.9403,2888.6753,2873.0601,2879.4298,2877.3579,263653441.0,243608265.3924,0.072,0.0049468127335488,1.0,-0.0002465909675248845,0.012864799136623972,0.012040864389764021,-0.006144322330623675,0.005934192957401274,0.020871412744195194,0.42443322826338914,-0.0247
2024-08-19,2877.9542,2905.1547,2877.7709,2893.6738,2879.4298,261687730.0,242994885.2902,0.4947,-0.009335122708026056,0.0,0.01876307049916015,0.019890311599083166,0.01205925516945463,0.010339502745316365,0.008337363560422029,0.01274348096982074,0.058373803791829104,1.8763
2024-08-20,2895.5506,2896.5194,2855.3293,2866.661,2893.6738,263658002.0,237307803.9642,-0.9335,-0.0035152743906586847,0.0,0.007998205409474046,0.02676071565278626,0.011854478295781673,0.00800336887326325,-5.12246679784667e-06,0.007929359225618073,-0.07743948137835233,0.7998
2024-08-21,2858.9388,2863.891,2848.1509,2856.5839,2866.661,229200027.0,209909187.787,-0.3515,-0.0027347700167322797,0.0,-0.0033290513085976192,0.019623781447136057,0.011679021900049267,0.005243156207010102,-0.008527496519302291,0.012049241956405141,-0.1854644870114548,-0.3329
2024-08-22,2856.2001,2861.6071,2845.5024,2848.7718,2856.5839,245399415.0,230124077.1896,-0.2735,0.001964249997139067,1.0,-0.006856801522236444,0.016224166382288407,0.011597253657584967,-0.01126258346144271,0.004455967646729064,0.010470513526292982,0.048952441221180365,-0.6857
2024-08-23,2844.7703,2860.7327,2839.3371,2854.3675,2848.7718,226692565.0,214581900.3232,0.1964,0.00040387231146654656,1.0,0.014374668291260884,0.031086308253950756,0.011190189664055968,0.006130753763007535,0.008193681087095728,0.015114705816395978,0.3575417358817017,1.4375
2024-08-26,2855.4741,2860.6545,2844.3828,2855.5203,2854.3675,227351523.0,216806649.0369,0.0404,-0.002377535190346891,0.0,-0.0016382291253330683,0.010438228908971503,0.011216695782158587,-0.006792131965308035,0.005189148219469031,0.008084575704325093,-0.36050828493900156,-0.1638
2024-08-27,2850.8773,2853.7804,2843.1576,2848.7312,2855.5203,230693006.0,215686326.2359,-0.2378,-0.003967345181602355,0.0,0.010596692046945133,0.013043005605714919,0.011115580115066585,0.005517229631900822,0.005051591624047669,0.006630668688004204,-0.041764769812019154,1.0597
2024-08-28,2844.3269,2852.5621,2830.9615,2837.4293,2848.7312,228730623.0,213862368.7275,-0.3967,-0.005047984807938444,0.0,0.00426659654930428,0.020763425214207043,0.01052239347071544,-0.007580877961517518,0.011937974841200516,0.014318437326708264,0.3161672878428856,0.4267
2024-08-29,2829.4506,2831.4309,2815.3829,2823.106,2837.4293,277510534.0,257644228.8076,-0.5048,0.006768502493353035,1.0,-0.010194314076847122,0.017333093362605245,0.010033418393193723,-0.0014926149685559054,-0.008714706810122652,0.012292254905964561,-0.2128215628193093,-1.0194
2024-08-30,2819.6498,2867.9649,2817.0141,2842.2142,2823.106,397516975.0,384092892.1384,0.6769,-0.010970038781735747,0.0,0.005305652976269393,0.008237628252366624,0.01004452843174558,-0.0044109210425916645,0.009759622945077373,0.016653431265878916,0.2687531680556887,0.5306
2024-09-02,2832.3499,2839.2784,2810.3739,2811.035,2842.2142,340714193.0,314813036.7155,-1.097,-0.0028659550663722166,0.0,0.011399210179508845,0.021404034726125953,0.008802768841483902,0.0004548439474831856,0.010939390516459868,0.02386665707127725,0.5087631678568414,1.1399
2024-09-03,2809.1733,2814.903,2794.9111,2802.9787,2811.035,275736139.0,252782482.5251,-0.2866,-0.00667161687671769,0.0,-0.01651558418528576,-0.00599818076907721,0.009014138050995874,-0.007030936007253241,-0.009551806317001033,0.01204453593209665,-0.4349514103378027,-1.6516
2024-09-04,2786.5046,2800.6065,2781.9352,2784.2783,2802.9787,257453500.0,234711697.2576,-0.6672,0.001449495907072329,1.0,-0.00228804367179003,-0.012485824913131105,0.008988906814293087,-0.0014718541801732599,-0.0008173925742940291,0.00801550081760243,-0.21946823458474185,-0.2288
2024-09-05,2785.2635,2796.0186,2777.471,2788.3141,2784.2783,242040948.0,227514507.2378,0.1449,-0.00807208197957332,0.0,-0.010999071466488153,-0.01328871919943253,0.009122604137633402,-0.010013318988935205,-0.000995722969268864,0.011203020254947314,0.051461220488903336,-1.0999
2024-09-06,2791.7645,2804.0932,2765.6394,2765.8066,2788.3141,253645375.0,228570135.0269,-0.8072,-0.010600524273823075,0.0,,,,,,,,
2024-09-09,2754.7237,2756.556,2726.9667,2736.4876,2765.8066,261468847.0,236605848.4738,-1.0601,0.0028154704592853186,1.0,-0.000746963741326101,-0.01922938528037277,0.009137573165440666,0.0007229050932158199,-0.0014688070264614606,0.012780870396062571,-0.0165133039226113,-0.0747
2024-09-10,2737.881,2750.1181,2718.6273,2744.1921,2736.4876,262159015.0,226408492.9619,0.2815,-0.008161564199532623,0.0,-0.014178843519086493,-0.04403284883543179,0.009463074158522766,-0.010456710788051105,-0.0037614652856668984,0.013669794718045386,0.406483817438982,-1.4179
2024-09-11,2732.7314,2732.7314,2710.6208,2721.7952,2744.1921,242264900.0,219755948.4114,-0.8162,-0.0017165508999354984,0.0,0.0021591025390534924,-0.02588066789622645,0.009469770518322727,0.0004919474139615243,0.001666335375713146,0.00956273666973702,-0.3210900820289133,0.2159
2024-09-12,2722.1382,2734.6832,2716.5552,2717.1231,2721.7952,240084315.0,218571098.6973,-0.1717,-0.004796801440464682,0.0,-0.00727511577344675,-0.030749812055526293,0.009586815255125149,-0.010574970886191304,0.0033351239514327613,0.009323381739331772,0.0971820978381448,-0.7275
2024-09-13,2718.9864,2728.7797,2703.3689,2704.0896,2717.1231,251270038.0,227818801.1493,-0.4797,0.004878425626133165,1.0,0.0076966644475240376,-0.012427437398824792,0.00970614305592143,0.004009069064821347,0.0036728705908379844,0.012095593414114723,-0.2574088386676685,0.7697
2024-09-18,2705.3451,2724.1141,2689.6952,2717.2813,2704.0896,247817132.0,213090588.6447,0.4878,0.00689693039877759,1.0,,,,,,,,
2024-09-19,2723.2053,2747.7402,2697.7756,2736.0222,2717.2813,315208389.0,280536046.232,0.6897,0.00028936168719684296,1.0,0.013655054608738837,0.02471438874927534,0.009253921285722291,-0.00203017772808356,0.015717140926280182,0.01995336962436265,0.38987914469230134,1.3655
2024-09-20,2734.2277,2741.1552,2717.9451,2736.8139,2736.0222,285644627.0,255433329.8925,0.0289,0.004422587885862361,1.0,0.019996579845322993,0.05286488578040083,0.010194849743378823,-0.0014773482702737928,0.02150569952358894,0.026537342539815798,0.7242455766198184,1.9997
2024-09-23,2735.3895,2760.4799,2731.3571,2748.9177,2736.8139,257642154.0,235214505.8771,0.4423,0.041546460266889795,1.0,0.013623928283543751,0.05905782873821308,0.01034262710529936,0.0031182757495076263,0.01047299484817632,0.01709972042662145,0.15311624230727539,1.3624
2024-09-24,2770.7543,2863.1519,2761.3717,2863.1255,2748.9177,477619545.0,442795296.8688,4.1546,0.011588803913764822,1.0,-0.0006276504676980821,0.05055071969803837,0.009972551526141711,-0.0011589078443711154,0.0005318737693564835,0.011739144960421135,-0.3853263010584467,-0.0628
2024-09-25,2901.4185,2952.4511,2889.048,2896.3057,2863.1255,568259816.0,516698093.5622,1.1589,0.03613116529791727,1.0,0.041291470265702346,0.0905997662741389,0.013279466864317711,0.017910233456147173,0.02296984158432913,0.025744898781231682,0.7908681710431189,4.1291
2024-09-26,2893.7451,3000.9526,2889.0143,3000.9526,2896.3057,576319261.0,524669070.8706,3.6131,0.028849505986865642,1.0,0.0067650637665415125,0.0831867687579062,0.013204959468895864,0.031150134522350825,-0.02364841931296946,0.02735235172015978,0.07979156961140887,0.6765
2024-09-27,3049.1026,3087.5286,3017.4453,3087.5286,3000.9526,492287163.0,480612559.5395,2.885,0.08063692106366238,1.0,0.041584810576556386,0.10611242003068888,0.015692616842334375,0.009068382725794688,0.03222420641396462,0.040643835831272755,0.13233752604532434,4.1585
2024-09-30,3194.7224,3358.5883,3153.697,3336.4974,3087.5286,1102337917.0,1167772549.9904,8.0637,0.045939703115009056,1.0,0.035519945715292156,0.13000634770411912,0.01658146265228861,0.02620682594062207,0.009075285351112017,0.023818318880498342,0.2622980090183198,3.552
2024-10-08,3674.4048,3674.4048,3372.1868,3489.7751,3336.4974,1313460195.0,1510513250.8171,4.594,-0.06616967953035124,0.0,0.01596129986229422,0.11959306524236268,0.019887892269276678,0.0093011922925188,0.006598731499214638,0.022950828324215328,0.0985426227506494,1.5961
2024-10-09,3427.2199,3437.1571,3249.1591,3258.8578,3489.7751,992757256.0,1264311454.4295,-6.617,0.013215703980701488,1.0,-0.0940697270709937,-0.009789587047783432,0.031283465710066204,-0.010846423645593184,-0.08413587678884582,0.09262166133183956,0.7921433394120445,-9.407
2024-10-10,3277.6916,3379.8053,3228.1248,3301.9259,3258.8578,834500257.0,947788514.989,1.3216,-0.025496695731421437,0.0,-0.013836331324584394,-0.0804897403417345,0.03126984291940099,0.01735813280488796,-0.030662225153170186,0.058643489995360065,-0.3474454480717206,-1.3836
2024-10-11,3287.8727,3297.7517,3187.9882,3217.7377,3301.9259,606027433.0,664332794.4619,-2.5497,0.020693047789445362,1.0,,,,,,,,
2024-10-14,3241.4275,3294.6199,3203.901,3284.3225,3217.7377,631466859.0,701499242.5693,2.0693,-0.025280891264484517,0.0,0.029787897994111523,-0.03895944153596598,0.031531322973446796,0.019806912164611168,0.009787132946878163,0.030949390519274995,-0.2752372008399959,2.9788
2024-10-15,3265.7461,3285.2147,3201.2919,3201.2919,3284.3225,566054558.0,619091471.8604,-2.5281,0.0005173223972483321,1.0,-0.007486831815200268,-0.07230546684745964,0.03153782245560172,-0.001097780065669074,-0.006396073231223043,0.030825833639971458,-0.05035349749391749,-0.7487
2024-10-16,3169.1685,3236.848,3167.7364,3202.948,3201.2919,515813997.0,533062408.932,0.0517,-0.010479002468975374,0.0,-0.03669865693952501,-0.12039032406369232,0.03329643564785317,-0.0022130701037839096,-0.03456207513093812,0.044579044956897726,-0.15749348269472208,-3.6699
2024-10-17,3220.7334,3241.5675,3169.3843,3169.3843,3202.948,528611772.0,557347351.398,-1.0479,0.02908419783615379,1.0,-0.0015719439986339179,-0.030579940831823804,0.03337654866500588,-0.008565470680094722,0.007053947058166532,0.020515001139339503,-0.1653379498947647,-0.1572
2024-10-18,3165.9745,3313.9784,3152.8213,3261.5633,3169.3843,693014623.0,827948922.1391,2.9084,0.0020072276383538146,1.0,-0.01024062385239699,-0.027045283187092983,0.033618778573561194,0.009126108784754727,-0.019191588116250657,0.039730170036255015,-0.1313250337813514,-1.0241
2024-10-21,3276.0598,3300.664,3239.0965,3268.11,3261.5633,668150299.0,855781454.0171,0.2007,0.0054333850451788734,1.0,0.0361076940699534,-0.021074271667863353,0.03419899557354361,0.001372073449507294,0.03468802610081734,0.0445398449133678,0.22917430282122986,3.6108
2024-10-22,3263.8224,3294.9612,3255.1375,3285.8669,3268.11,574913781.0,698861461.3351,0.5433,0.005154164948068862,1.0,-0.015653156996382034,-0.029128800395583854,0.03451197163828229,-0.003516612823139309,-0.01217937431714422,0.02030752577255165,-0.1946514117737621,-1.5653
2024-10-23,3285.2474,3331.0823,3277.0663,3302.8028,3285.8669,650444128.0,760066419.5499,0.5154,-0.006824597581181702,0.0,0.0010005635189365147,0.008866669718029518,0.034500097461743436,-0.002195965907592523,0.003203564344612664,0.012180603424280864,-0.38972213194920435,0.1001
2024-10-24,3287.8243,3292.9448,3266.8823,3280.2625,3302.8028,519827074.0,585248946.9603,-0.6825,0.005925684301180123,1.0,0.01274211605960307,0.02333038396793996,0.03448669517215462,0.0012922613109451753,0.01143507764023588,0.024070501172011163,0.32601328860885914,1.2742
2024-10-25,3280.7616,3319.3571,3276.1303,3299.7003,3280.2625,595651707.0,677255321.3493,0.5926,0.006817952527385707,1.0,-0.013031216055760741,0.02044513947338289,0.03377975967549541,-0.008867951339465385,-0.004200514676043321,0.011416102484808635,-0.2620029519960223,-1.3031
2024-10-28,3300.4634,3322.1975,3279.715,3322.1975,3299.7003,672373131.0,717510218.0189,0.6818,-0.010773140368686707,0.0,0.004906386746069691,-0.010284506282652761,0.0337752709720392,0.0015778721128065776,0.003323270936728795,0.012812341078067844,0.09077714715061092,0.4906
2024-10-29,3328.0885,3340.4584,3284.2108,3286.407,3322.1975,725326154.0,806573822.2619,-1.0773,-0.006137158300843493,0.0,0.0004473012581258651,0.005903764247897625,0.03261392453547759,0.00012578830168785693,0.00032147251895575657,0.011678885292239306,-0.0020123430456013836,0.0447
2024-10-30,3273.6421,3291.6795,3244.8063,3266.2378,3286.407,669018090.0,730619786.7463,-0.6137,0.004159709375722853,1.0,0.004940930203656713,0.009863432029445285,0.031671972807089596,0.006340973700153851,-0.0013912217956795203,0.015842239758905138,0.052036655976564816,0.4941
2024-10-31,3267.975,3295.7421,3252.3899,3279.8244,3266.2378,784649094.0,864970968.9626,0.416,-0.002381286022507756,0.0,-0.015482239142385446,-0.01828069643042085,0.031356358955287864,-0.0055354439417346635,-0.01000216160551426,0.019875716989499165,0.14477794837513613,-1.5482
2024-11-01,3275.5768,3305.3181,3258.7346,3272.0142,3279.8244,852055320.0,878112793.9445,-0.2381,0.01167262660412649,1.0,-0.003106379387497027,-0.008408647890980725,0.027589567224287213,0.0016466607525573718,-0.00474522636204211,0.011578144749134352,-0.1132503759508161,-0.3106
2024-11-04,3275.6787,3310.2072,3263.8421,3310.2072,3272.0142,665077454.0,692341763.2723,1.1673,0.023194832033475166,1.0,0.009307325322766236,-0.004066021859967073,0.027648473252139434,0.005441167712489703,0.0038452350415216774,0.015448880340084105,0.01245988192622427,0.9307
2024-11-05,3306.8098,3386.9869,3302.0472,3386.9869,3310.2072,821124902.0,929931429.3686,2.3195,-0.0009390942728476626,0.0,0.0029790655906465346,-0.0015456790890591154,0.026691123534639205,0.0038046602943564434,-0.0008224655018715943,0.009134695800293047,-0.2858538069659886,0.2979
2024-11-06,3395.2217,3420.9986,3367.0812,3383.8062,3386.9869,895855930.0,1026807640.3578,-0.0939,0.025667752485352135,1.0,0.021366212358125747,0.014773582517677797,0.02693702258298791,-0.0076615945918614425,0.029251923327555218,0.029027806949987283,0.24492124759266254,2.1366
2024-11-07,3359.9851,3470.6609,3356.258,3470.6609,3383.8062,959556680.0,1048841306.1208,2.5668,-0.005291153624371714,0.0,-0.022306405921463268,0.007739698066400402,0.017480832384999156,-0.010242790845133909,-0.012188458911686295,0.023694040597001927,0.21543111104527135,-2.2306
2024-11-08,3502.1331,3509.8182,3443.193,3452.2971,3470.6609,964034562.0,1107932295.5714,-0.5291,0.005146891905682294,1.0,0.020204125154953845,0.03130381797214499,0.01779816034405553,-0.007401752231675496,0.027811732943006984,0.02998629882201043,0.10070047757001177,2.0204
2024-11-11,3432.3672,3471.1222,3416.7266,3470.0657,3452.2971,818025436.0,1024334899.5108,0.5147,-0.013860141034217288,0.0,-0.010745303612693768,0.010814169019180753,0.016604582617947384,0.011769961256773431,-0.022253343874233722,0.031036579371116955,-0.03872517874170711,-1.0745
2024-11-12,3469.8908,3489.4244,3402.0422,3421.9701,3470.0657,817926524.0,1039600859.2871,-1.386,0.005057817425114131,1.0,-0.014533830498466016,-0.0068355348627350265,0.016820254161468026,-0.022676847327238847,0.008331959400023958,0.017060341496290675,-0.1293063798613403,-1.4534
2024-11-13,3406.9164,3442.2983,3404.5254,3439.2778,3421.9701,673662348.0,829435316.9894,0.5058,-0.01728237829465229,0.0,-0.028396337579851605,-0.055224051826608056,0.015986827594193953,-0.004544980572215196,-0.023960255905230987,0.03700653989610775,0.16849468238115328,-2.8396
2024-11-14,3429.5054,3441.7746,3376.1528,3379.8389,3439.2778,631556690.0,762884198.7843,-1.7282,-0.014531047618867365,0.0,-0.0011805382004627107,-0.03480946403757257,0.01598639882583492,-0.00881549140217519,0.007702857677339248,0.01168747934184109,-0.41151415737302877,-0.1181
2024-11-15,3369.8092,3391.3204,3330.7263,3330.7263,3379.8389,630285583.0,745937122.4283,-1.4531,-0.002064924998490536,0.0,-0.019554618393871848,-0.0724242531262318,0.016399058313681457,-0.009947309877947674,-0.009703835575397335,0.023536770844630885,0.1453226919451982,-1.9555
2024-11-18,3344.6904,3386.9031,3309.0076,3323.8486,3330.7263,743950692.0,755809644.4633,-0.2065,0.006667331357992579,1.0,-0.0004872449360228126,-0.06280577320065084,0.013821081333623902,0.0034585643716416037,-0.003932209507958473,0.01419544644653356,-0.11609262231011996,-0.0487
2024-11-19,3324.8831,3346.7577,3284.133,3346.0098,3323.8486,625024151.0,651575376.256,0.6667,0.0065688689853808935,1.0,0.007735373724541139,-0.041627400691146454,0.013712490340829983,0.008707764818282726,-0.0009639968360082296,0.015991174868760737,0.07489291296006684,0.7735
2024-11-20,3337.6778,3375.2482,3333.0023,3367.9893,3346.0098,566154289.0,627858323.157,0.6569,0.0007169262681445687,1.0,0.00444714381090483,-0.009231173867126907,0.013775808039077424,0.006293224414237297,-0.001834535459986797,0.012054180984348135,-0.2275687037723504,0.4447
2024-11-21,3362.9444,3378.5175,3348.8552,3370.4039,3367.9893,530331830.0,614517433.7001,0.0717,-0.030623125020713293,0.0,0.002102354240078208,-0.005974742035316893,0.013376711761069904,-0.002048447721101798,0.004159322115088182,0.009002388669053155,-0.20668812269748038,0.2102
2024-11-22,3368.043,3372.0034,3267.1916,3267.1916,3370.4039,630687790.0,707626460.3318,-3.0623,-0.0010504128377410993,0.0,-0.005272770731910237,0.008504919527408283,0.013166674343173968,-0.0029926399428367167,-0.0022869748814519086,0.010764775049593936,0.010491550776055902,-0.5273
2024-11-25,3274.884,3285.4555,3232.9178,3263.7597,3267.1916,538897390.0,596502088.2924,-0.105,-0.0012263464126970325,0.0,-0.018934641966704913,-0.010108440395874774,0.013569044221843157,0.0006346579351883541,-0.019556887967756897,0.02942741508006441,0.44284911023437523,-1.8935
2024-11-26,3256.8576,3285.3281,3252.8661,3259.7572,3263.7597,472219304.0,509490596.2608,-0.1226,0.015345222644189471,1.0,-0.004107130692351579,-0.02174125142197747,0.013540617328658978,0.004023407212803809,-0.00809795652844969,0.01294853814124515,0.3034941319868665,-0.4107
2024-11-27,3250.591,3309.8805,3227.3553,3309.7789,3259.7572,511202303.0,571617596.0235,1.5345,-0.004254241877002629,0.0,0.0004286984641523883,-0.025654926064157757,0.01342880432992723,-0.005043603489950144,0.005500041985053272,0.012602481647162812,-0.6092531163013462,0.0429
2024-11-28,3308.2797,3319.2559,3290.3641,3295.6983,3309.7789,511953047.0,558164131.747,-0.4254,0.009332589697303328,1.0,0.02317059167397395,-0.005170258731155064,0.014401699261209856,0.0014536097540607251,0.021685459724136935,0.03128470917366086,-0.004160106850655154,2.3171
2024-11-29,3295.2096,3357.5013,3293.6899,3326.4557,3295.6983,580227102.0,663851511.0364,0.9333,0.011281256503731685,1.0,-0.01204756587340905,-0.011945752051797154,0.01458060707269371,-0.0022930011686909113,-0.009776983338940615,0.012544935426128475,-0.09443469991811426,-1.2048
2024-12-02,3328.482,3369.3032,3323.0091,3363.9823,3326.4557,668477762.0,709509517.8363,1.1281,0.004406681925763989,1.0,0.002925084783569565,0.010069698496669499,0.014381885867518863,-0.0010502422682754364,0.003979506497775898,0.017854634903980846,0.1408398667513282,0.2925
2024-12-03,3366.2853,3386.6176,3348.3742,3378.8063,3363.9823,663030139.0,683982592.7691,0.4407,-0.0041897933006695975,0.0,0.006521959615128248,0.020850097044591287,0.01447586803152964,0.0009627458541434653,0.005553866798749807,0.015600601535965788,-0.03906314396319921,0.6522
2024-12-04,3376.5715,3388.0241,3352.9434,3364.6498,3378.8063,621028862.0,653467546.7178,-0.419,0.0012499071968796738,1.0,0.010026961236892173,0.030644285773936186,0.013695712066237155,0.001793323781897671,0.008218898309195533,0.01951377703348646,0.09293992894335901,1.0027
2024-12-05,3353.0573,3377.055,3353.0573,3368.8553,3364.6498,543885746.0,565551128.3282,0.125,0.010454916244102108,1.0,-0.00019547946148956719,0.00710753843901446,0.01292604567571699,-0.0012240255399486033,0.0010298065880240959,0.01050727426680007,-0.013884850252562586,-0.0195
2024-12-06,3370.9405,3418.2608,3364.2061,3404.0764,3368.8553,698186572.0,685981058.1135,1.0455,-0.00045301568437183803,0.0,-0.009219722364892768,0.009990210131068489,0.011913244869480194,-0.00829683838792128,-0.0009306050567301494,0.008916821915809928,-0.2544201581364156,-0.922
2024-12-09,3402.6288,3426.6451,3385.9588,3402.5343,3404.0764,694905205.0,649443191.2954,-0.0453,0.0059151203854139744,1.0,0.015613656952502053,0.02276816719446062,0.012497596222986351,0.0026165055591795827,0.012963233022055265,0.01883546586886595,0.5539566813557499,1.5614
2024-12-10,3490.2892,3494.8669,3417.7654,3422.6607,3402.5343,794668034.0,860483994.8416,0.5915,0.002871888528126698,1.0,0.02759710759922185,0.04418348781527026,0.01376835764078221,-0.00672359853718818,0.03455302681697203,0.037160252392925607,0.12554868074611392,2.7597
2024-12-11,3416.0874,3437.8103,3416.0874,3432.4902,3422.6607,681544610.0,692929618.7028,0.2872,0.008451473510397767,1.0,-0.005036227429192297,0.0286109006640225,0.012119520502032587,0.03213270834017079,-0.03601177975372627,0.03728748134254325,0.12152964835043356,-0.5036
2024-12-12,3432.2786,3464.1162,3425.9755,3461.4998,3432.4902,700096689.0,734168982.7353,0.8451,-0.020113131307995413,0.0,-0.007691785057367118,0.02089861141924554,0.01227405666579334,0.004589567964205177,-0.012225244431375515,0.01877281983213265,-0.6649725770402544,-0.7692
2024-12-13,3442.9259,3442.9259,3390.7537,3391.8782,3461.4998,777464144.0,850714862.9744,-2.0113,-0.001635377119378889,0.0,0.012006916380758126,0.04277051027481993,0.01151085047953465,0.0028871176206459737,0.009093544627184924,0.021085038241036243,0.1884546175083166,1.2007
2024-12-16,3390.083,3401.9263,3376.5358,3386.3312,3391.8782,625578996.0,675237492.9205,-0.1635,-0.007337203165478923,0.0,-0.020876058057415103,0.005305083849923564,0.012635321266754542,-0.007787400629012509,-0.013191384020622254,0.015244361316955085,0.11218603980421626,-2.0876
2024-12-17,3381.8141,3396.2074,3357.7694,3361.485,3386.3312,568941505.0,584789337.2975,-0.7337,0.0061648646357188586,1.0,-0.008800154622346956,-0.030302599821985576,0.01274359622467469,-0.0012022288050217433,-0.00760707125751281,0.016176261463985094,-0.14048964367623995,-0.88
2024-12-18,3371.2955,3396.4603,3371.2955,3382.2081,3361.485,512524979.0,539790684.4202,0.6165,-0.003599719366765064,0.0,-0.004799578085715628,-0.030071960014336874,0.012765650429404486,-0.005933674791581467,0.0011408662350855803,0.015670235998199625,0.03189801484448651,-0.48
2024-12-19,3355.9041,3377.5321,3346.469,3370.0331,3382.2081,513909063.0,559130979.0003,-0.36,-0.0005827242468330329,0.0,0.008328223474757923,-0.014413261192604332,0.012890534523849055,0.00934291956338118,-0.0010053036177855024,0.007680523520238983,-0.1972798498754358,0.8328
2024-12-20,3364.481,3390.6182,3362.8193,3368.0693,3370.0331,490964621.0,596821938.6438,-0.0583,-0.004991643135133894,0.0,-0.0056401982425980934,-0.03159966759899102,0.012899426406188543,-0.01280925065002736,0.007262074135266916,0.012964804136010998,0.041477345484139505,-0.564
2024-12-23,3367.9037,3384.9918,3348.277,3351.2571,3368.0693,556747248.0,623117789.2961,-0.4992,0.01261347570140181,1.0,-0.0016104282443091256,-0.01254503976718524,0.01208416653836392,-0.00280723816871864,0.0012001791130249462,0.009275783178947951,0.38390664253584106,-0.161
2024-12-24,3353.5354,3394.9044,3352.9474,3393.5281,3351.2571,471992673.0,530758037.565,1.2613,-5.245278505283668e-05,0.0,0.00823652304431377,0.004427271060226223,0.012107066767177191,0.006234565710142137,0.0019895533331821813,0.009681705010471246,-0.028272071882881278,0.8237
2024-12-25,3395.1072,3406.2125,3374.0113,3393.3501,3393.5281,471315592.0,522168241.8942,-0.0052,0.0013928418408699628,1.0,,,,,,,,
2024-12-26,3389.3383,3401.0951,3380.255,3398.0765,3393.3501,422177271.0,518937022.5534,0.1393,0.0006078438787353591,1.0,,,,,,,,
2024-12-27,3397.2939,3418.952,3388.3215,3400.142,3398.0765,500488130.0,586090438.9394,0.0608,0.002112823523252816,1.0,0.010821233880178749,0.020192909005262827,0.012260523574855353,0.0014268377262534049,0.009381010973558146,0.012919998008361832,-0.43342614526580014,1.0821
2024-12-30,3395.3962,3412.8414,3394.9648,3407.3259,3400.142,455262383.0,522245330.1695,0.2113,-0.01630689333239299,0.0,-0.0003895853826371143,0.011372520394370866,0.011257359097136528,-0.0007388688291393164,0.00034954171197765227,0.008703725540829607,0.27557646348246756,-0.039
2024-12-31,3406.9652,3413.4545,3351.763,3351.763,3407.3259,502731062.0,562584237.4311,-1.6307,-0.026613546363510765,0.0,-0.0024409595400006756,0.014626495569423748,0.01085618321232046,0.0017067802330061888,-0.0041406725549386625,0.011200340858297941,-0.06455228301579297,-0.2441
2025-01-02,3347.9392,3351.722,3242.0865,3262.5607,3351.763,561375199.0,603340526.7398,-2.6614,-0.015671984279097106,0.0,0.0009245851840837815,0.017202736211189285,0.01085418538542563,-0.0018990670321762382,0.002829024723846496,0.00883370539612467,-0.4588872538654236,0.0925
2025-01-03,3267.0766,3273.5656,3205.7755,3211.4299,3262.5607,517592014.0,523159754.7066,-1.5672,-0.0014034558250828333,0.0,-0.021766255648693056,-0.01306685617405312,0.011973861420724739,-0.0063385003452153255,-0.015526167924225343,0.019432750330883163,0.851065216394888,-2.1766
2025-01-06,3209.7832,3219.4877,3185.4631,3206.9228,3211.4299,430978403.0,444188212.8311,-0.1403,0.007085016203071781,1.0,0.006978941381988513,-0.016818346237416293,0.011861805152315498,0.00435298410258822,0.0026145760713267574,0.013136920765701261,-0.17265945516701464,0.6979
2025-01-07,3203.3068,3230.8529,3190.4612,3229.6439,3206.9228,409660529.0,436388386.572,0.7085,0.0001622469895210532,1.0,-0.0036426627773810116,-0.020017958772472033,0.01189136378378691,0.00447564734692385,-0.008082137327816152,0.011321201582771851,-0.31947449471616274,-0.3643
2025-01-08,3218.8577,3246.2908,3175.7247,3230.1679,3229.6439,472864390.0,508148444.8637,0.0162,-0.005812267529498927,0.0,-0.012226049088061908,-0.02963063495500806,0.012031284653493313,-0.00948990491302193,-0.002762358696404621,0.02113134253914387,0.3731663481758698,-1.2226
2025-01-09,3220.7205,3228.9725,3205.9103,3211.3933,3230.1679,382943557.0,434445510.3302,-0.5812,-0.013349190209744899,0.0,-0.00862523769024226,-0.03888893043103303,0.011564056405311475,-0.0029217002835315586,-0.005720250263527515,0.019130915003306284,-0.10241719563914131,-0.8625
2025-01-10,3211.7068,3220.1073,3168.5238,3168.5238,3211.3933,403663348.0,465939368.0474,-1.3349,-0.0024518673332988294,0.0,-0.002020244981286168,-0.019488547299845282,0.009331846082373698,-0.0013205503780113759,-0.0007006198070258485,0.009232960439505828,-0.2744873227505895,-0.202
2025-01-13,3148.8259,3172.7,3140.9775,3160.755,3168.5238,372742023.0,411773991.8035,-0.2452,0.025368938750393477,1.0,-0.009178369607642844,-0.03522117865798391,0.009426917899963418,0.004530975438246321,-0.013647508519991858,0.01735106847968063,0.05934748090456665,-0.9178
2025-01-14,3165.1613,3245.2196,3159.432,3240.94,3160.755,469212704.0,538983836.0025,2.5369,-0.004265213178892502,0.0,-0.009974145378611077,-0.04135199146294577,0.009498708857412136,-0.007665640839496168,-0.002326337406141854,0.013513747430405086,0.05525979115727431,-0.9974
2025-01-15,3234.7152,3245.9042,3222.2359,3227.1167,3240.94,404723199.0,466216166.9437,-0.4265,0.002762620886936018,1.0,0.018312887368642894,-0.011713539679487295,0.010115873416072903,0.0014527814247431436,0.016835647428042888,0.022083125376838323,0.029966128194613972,1.8313
2025-01-16,3239.0261,3265.2824,3217.0966,3236.032,3227.1167,430655539.0,499055442.4444,0.2763,0.0017889810731166467,1.0,0.003449050925661057,0.0003231354617050375,0.009270257819411577,-0.0036337564737993766,0.00710863846048615,0.008807593010950307,-0.1464477386749632,0.3449
2025-01-17,3226.7616,3256.5067,3219.7734,3241.8212,3236.032,383599260.0,456553132.9604,0.1789,0.0007885690919660071,1.0,0.012279329070152611,0.014656286689441078,0.009612874375199998,0.0087550237036369,0.0034937177844986955,0.01655080584069231,0.10034366991220978,1.2279
2025-01-20,3256.1492,3268.2626,3238.1214,3244.3776,3241.8212,403337948.0,469741031.3975,0.0789,-0.0005409358022936406,0.0,0.0031332451291792296,0.027264062810626655,0.00959625379042719,-0.0012185695867774626,0.004357124174962035,0.01109825440803069,-0.10693165944939409,0.3133
2025-01-21,3256.8325,3258.6103,3229.0689,3242.6226,3244.3776,384583718.0,468263378.8977,-0.0541,-0.008943038884636212,0.0,0.017450416307956518,0.055720154666649924,0.010221951267502779,0.011263241636310317,0.00611826319488773,0.015671929109694407,0.12654836856422946,1.745
2025-01-22,3235.4925,3235.5013,3203.3801,3213.6237,3242.6226,364817518.0,452312867.4313,-0.8943,0.005146837820495298,1.0,0.009070647567150258,0.04613840533034197,0.010308227323862289,0.010164204115165054,-0.001082553255757901,0.014300046020713771,-0.13632587585976097,0.9071
2025-01-23,3237.5988,3273.5203,3229.5716,3230.1637,3213.6237,458246803.0,539800587.2266,0.5147,0.00695404384613707,1.0,-0.01630215029430704,0.025546936208361792,0.010999763387701414,-0.0054439971054208725,-0.010917588509128051,0.01437989113000495,-0.05540166568611404,-1.6302
2025-01-24,3222.8774,3260.0112,3221.7121,3252.6264,3230.1637,398653033.0,480685057.9732,0.6954,-0.000622789017515224,0.0,-0.0039542398238110454,0.009100599347740213,0.010868238483962313,0.005184852243086846,-0.009091951641037821,0.020184773876231916,0.2932208002532182,-0.3954
2025-01-27,3256.6136,3274.3924,3250.6007,3250.6007,3252.6264,387467642.0,450231535.7603,-0.0623,-0.006495137960193076,0.0,0.018559370901131578,0.024618490752172706,0.011413008062381953,0.007222637326045334,0.011255439616788987,0.019079153079912398,0.047891757962473136,1.8559
2025-02-05,3270.1604,3271.022,3220.2794,3229.4876,3250.6007,406388181.0,521103029.3444,-0.6495,0.012748709733395591,1.0,0.028327280749221195,0.055297920465204875,0.011846753132237502,0.013405872012330233,0.014724020403850124,0.029076640454740267,0.249234302723373,2.8327
2025-02-06,3226.575,3271.4271,3225.8459,3270.6594,3229.4876,460842730.0,590421697.7539,1.2749,0.01009190990660791,1.0,-0.009277074126164742,0.0264574391052812,0.012111071897574708,0.001818666317780382,-0.011075597627590472,0.019739335717817687,0.03913311296050459,-0.9277
2025-02-07,3269.2269,3324.428,3262.5085,3303.6666,3270.6594,600558451.0,757613811.1794,1.0092,0.005600807296959109,1.0,0.014299592806556571,0.03435280231431492,0.012322455687852651,9.176053510473459e-05,0.014206528672778829,0.017456834921826224,-0.0035441280579000534,1.43
2025-02-10,3308.04,3325.3558,3299.2429,3322.1698,3303.6666,546589749.0,677038155.5199,0.5601,-0.0012380161905030107,0.0,0.011579762603378896,0.04491594854119452,0.011912935738941356,-0.0015843673204853914,0.013185019838416245,0.01951021510060025,0.332900959797362,1.158
2025-02-11,3323.6694,3324.1727,3304.4443,3318.0569,3322.1698,511943541.0,632166670.8705,-0.1238,0.008537677578705827,1.0,0.018380261896492334,0.06453495676466559,0.011909323585678507,0.004261945703370129,0.014058400055410036,0.014953481527467732,-0.0991691771509462,1.838
2025-02-12,3312.2572,3346.3854,3310.3904,3346.3854,3318.0569,513437828.0,647387578.5034,0.8538,-0.004154572273713741,0.0,-0.010552932397483783,0.02428576101156521,0.01234104204612725,0.006265222809425541,-0.01671344177030598,0.018726901521142612,-0.041730216220004834,-1.0553
2025-02-13,3343.2347,3359.1807,3332.4826,3332.4826,3346.3854,568631161.0,705799791.9541,-0.4155,0.004273570700714213,1.0,0.02644112241169916,0.061213987024380634,0.012727611036591481,0.0108735159564326,0.015400152649698517,0.02102573109191615,0.30739769347770896,2.6441
2025-02-14,3328.483,3349.0836,3322.5289,3346.7242,3332.4826,532332965.0,667555376.4115,0.4274,0.0027206902797667354,1.0,-0.001992412818786038,0.04416842734072324,0.012286936981039265,0.004610228237636571,-0.006572341064061682,0.03605146326823405,0.28612124078684076,-0.1992
2025-02-17,3355.4171,3357.1212,3333.1948,3355.8296,3346.7242,589546569.0,750113054.9352,0.2721,-0.009338674407067593,0.0,0.036946288157760465,0.07035215113038329,0.013778915208728912,0.009750453485477761,0.0269332235290487,0.02719583467228263,-0.06861637664940012,3.6946
2025-02-18,3348.9827,3366.0119,3314.3006,3324.4906,3355.8296,562679240.0,696798784.1443,-0.9339,0.008136163777993533,1.0,-0.00018125288181036758,0.05084337035904696,0.013869353483343137,0.00595614652836618,-0.006101060599268959,0.02908578256815883,0.10628133971184184,-0.0181
2025-02-19,3320.7801,3352.0867,3320.5809,3351.5392,3324.4906,502912965.0,675146370.3795,0.8136,-0.0002255381646737442,0.0,0.015943417625307266,0.07898384868461217,0.013951608854458376,0.0021444776605119564,0.013769411768858486,0.023577315936387257,-0.25450060552772413,1.5943
2025-02-20,3347.5893,3355.5571,3338.0335,3350.7833,3351.5392,504357114.0,670099045.6574,-0.0226,0.008454590304302734,1.0,-0.0014175161826206484,0.04969914795186381,0.014076340690549518,-0.008676139115917358,0.007322150933422922,0.014181690147587873,-0.24680033935670131,-0.1418
2025-02-21,3356.6947,3381.0575,3339.0256,3379.1128,3350.7833,608190206.0,855656954.7735,0.8455,-0.0018008277202229417,0.0,-0.016006631729793663,0.034959065973484416,0.014865333960961248,-0.009916650104775826,-0.006150978728874046,0.0180232598682719,0.02898473602347451,-1.6007
2025-02-24,3374.0813,3384.8106,3355.8694,3373.0276,3379.1128,598188203.0,802847050.0678,-0.1801,-0.008001061123840136,0.0,0.03990524862049738,0.037912355832120825,0.01665186552832434,0.022724474221087032,0.016799025380218158,0.02552289987411955,0.3840813819956086,3.9905
2025-02-25,3345.6534,3369.5583,3337.8448,3346.0398,3373.0276,527578562.0,727509770.0701,-0.8001,0.010213446953021954,1.0,-0.005805880589081047,0.03207342691509596,0.016001273805978336,-0.0002461887594812362,-0.005561060900284298,0.019885918343703405,-0.1582559715548033,-0.5806
2025-02-26,3351.2093,3380.2144,3351.2093,3380.2144,3346.0398,553992031.0,747887357.8575,1.0213,0.002321687050383492,1.0,-0.013177754233748229,0.002489901774876513,0.01650224000550827,-0.0267817858322541,0.01397839806167167,0.022793629059863516,-0.1681460179425862,-1.3178
2025-02-27,3378.4494,3388.7808,3353.5712,3388.0622,3380.2144,575815020.0,774059980.112,0.2322,-0.019823986702487306,0.0,0.03273028329401462,0.03677132038367792,0.01726712414823931,0.008870357844614096,0.023650140242375217,0.031901943299519495,0.14382420997637624,3.273
2025-02-28,3374.6636,3383.1909,3318.7162,3320.8973,3388.0622,568319504.0,758054890.3593,-1.9824,-0.0011960622811191257,0.0,-0.0029275350986823767,0.0505519338724667,0.017457783839360898,-0.00017571936692262202,-0.0027522993640615168,0.026685382040387593,0.19701747569192918,-0.2928
2025-03-03,3328.3955,3349.0169,3304.5931,3316.9253,3320.8973,502417862.0,643980682.9818,-0.1196,0.0021961905503267154,1.0,-0.03275826377028024,-0.022855517013432136,0.019686822534742684,-0.004305116431243539,-0.028576171082706825,0.03448140654322045,0.05007551627803686,-3.2758
2025-03-04,3300.498,3327.8242,3297.5304,3324.2099,3316.9253,429996111.0,568728427.1907,0.2196,0.005341118802395739,1.0,0.002831136133404799,-0.01436661824098684,0.01964061691408727,0.008447639455794187,-0.005569454578147837,0.023722697734916715,-0.4163168377568631,0.2831
2025-03-05,3324.6962,3342.7143,3314.1478,3341.9649,3324.2099,460952696.0,587767599.7996,0.5341,0.011709698088091969,1.0,-0.0028035835448336766,-0.0040049457281012835,0.01905839491947489,-0.014257852315912145,0.011619944219681821,0.021884468886090597,-0.08246600015055705,-0.2804
2025-03-06,3353.5703,3387.0538,3348.684,3381.0983,3341.9649,539992709.0,736438106.6717,1.171,-0.0025295035048227277,0.0,0.028438956540842275,-0.00814362577996497,0.01942261052572358,0.011274195495813766,0.016973399619489626,0.023800256039529663,0.020539588586077073,2.8439
2025-03-07,3373.1808,3390.9442,3363.9288,3372.5458,3381.0983,517663551.0,687879051.0044,-0.253,-0.0018925762253546585,0.0,0.0328682333504704,0.027464880478314413,0.020217757987562052,0.01665154289972004,0.01595108035197268,0.017963729236961108,0.18090226689586508,3.2868
2025-03-10,3373.2588,3375.7978,3347.1859,3366.163,3372.5458,450380832.0,595026433.9233,-0.1893,0.004059637040749298,1.0,-0.005679591591364885,0.0562295456407913,0.020420743399984148,-0.007701774046552035,0.002037877728990445,0.0248098972043574,-0.011423285449701837,-0.568
2025-03-11,3335.4394,3379.8287,3334.8313,3379.8284,3366.163,448468323.0,592285777.9471,0.406,-0.002338846552091267,0.0,-0.018480642804967085,0.03378296438318773,0.021000376438615548,-0.004759133847544228,-0.01378712372460078,0.027253180803341177,-0.27095867968310294,-1.8481
2025-03-12,3385.6853,3392.4086,3370.2204,3371.9235,3379.8284,502195100.0,648501625.8542,-0.2339,-0.003913196725845003,0.0,-5.676206477700507e-05,0.03663056512204599,0.020714772238936027,-0.02138584370922858,0.021795190175150303,0.026079015316927835,-0.03595153908929305,-0.0057
2025-03-13,3371.0945,3377.1183,3341.1182,3358.7285,3371.9235,519013479.0,636211623.471,-0.3913,0.018111943254716767,1.0,-0.007645653418910103,0.00025853800572273045,0.020320504668440986,0.0032415081233228005,-0.010851984745526067,0.02514702209304963,0.021874306799606558,-0.7646
2025-03-14,3361.6861,3421.2333,3360.6063,3419.5616,3358.7285,582663388.0,750041647.1639,1.8112,0.0019203923684252278,1.0,-0.005832974227880872,-0.0372207958157893,0.020398473314464868,0.0006788046428203298,-0.006507361643405263,0.02177429025296706,-0.11709164040359532,-0.5833
2025-03-17,3430.8093,3436.3516,3422.4618,3426.1285,3419.5616,515685138.0,639349980.3611,0.192,0.0010597384190349501,1.0,0.021196667895570176,-0.011197088063785277,0.019329310479553653,0.008126959230947861,0.012964347937478582,0.02808889873905962,0.2764081011414703,2.1197
2025-03-18,3434.5653,3437.0654,3423.3005,3429.7593,3426.1285,454916063.0,586338207.3255,0.106,-0.0009709719279717977,0.0,0.007745832842932288,0.015224006232894993,0.019340684748404433,0.01110268038621065,-0.003319986791050944,0.011490827621725883,-0.2601695431085691,0.7746
2025-03-19,3424.1726,3439.0463,3414.5933,3426.4291,3429.7593,440316299.0,559970207.9068,-0.0971,-0.005101783661596859,0.0,0.02464220144730489,0.040300410307903434,0.01973023574677967,0.0221067467034326,0.002480616385763801,0.011176791436275996,0.17969443599295865,2.4642
2025-03-20,3425.2157,3427.0454,3404.662,3408.9482,3426.4291,451630682.0,565607596.5588,-0.5102,-0.01294167508910804,0.0,0.0012356222997287336,0.049610789010822165,0.01970158284726575,-0.0017356107801881349,0.0029763989500206645,0.011020764679229293,-0.08983001893717635,0.1236
2025-03-21,3401.7593,3414.7094,3355.8396,3364.8307,3408.9482,520862630.0,623164007.2972,-1.2942,0.0015446839569075443,1.0,-0.022251297275781345,0.0322768314747055,0.020081507682239978,-0.0007262483680604559,-0.021540692800714245,0.02286774044311254,0.13253590703428486,-2.2251
2025-03-24,3364.8342,3373.6936,3340.2383,3370.0283,3364.8307,513310260.0,586745474.406,0.1545,-1.543013748583899e-05,0.0,-0.021892283014622205,-0.011279642136596046,0.018940831729036777,-0.004578044133039083,-0.01739386878050453,0.02695876746236067,0.18401839207632342,-2.1892
2025-03-25,3370.0008,3379.9884,3361.0462,3369.9763,3370.0283,456357393.0,516435662.209,-0.0015,-0.00037952789163531175,0.0,0.009111124994301223,-0.009940125662802668,0.018968204938487852,0.002526834424383173,0.006567695091871162,0.018417693413007738,-0.3758629905944364,0.9111
2025-03-26,3365.6658,3382.3424,3365.6658,3368.6973,3369.9763,428533770.0,485185602.2788,-0.038,0.0014995707687954773,1.0,-0.023480311693179434,-0.0564384733253922,0.01951591439498795,-0.010969832959361825,-0.012649238770189641,0.01780548123532774,0.22356282491408663,-2.348
2025-03-27,3362.7123,3394.0349,3351.1739,3373.7489,3368.6973,414776314.0,496457111.68,0.15,-0.006651976974338614,0.0,0.005957355665742181,-0.05198872558953682,0.01807938175554944,0.004971673966822632,0.0009808054539772737,0.010543067350632339,-0.30649897753226263,0.5957
2025-03-28,3372.0388,3375.0528,3346.0807,3351.3068,3373.7489,412284289.0,468807615.3431,-0.6652,-0.00464314398192367,0.0,0.0040658646222084815,-0.026471978678733965,0.018097358110304263,0.0025780000442867657,0.0014840387260202093,0.021004696099188633,0.19564973994114787,0.4066
2025-03-31,3343.3442,3361.7415,3317.7381,3335.7462,3351.3068,472571978.0,531475775.8441,-0.4643,0.0038039164970045114,1.0,-0.006454951057729863,-0.011106927392979027,0.01648616119234895,0.003987480278894617,-0.010400957722823123,0.022096120243608665,-0.06803971365587635,-0.6455
2025-04-01,3340.7121,3357.6215,3338.7788,3348.4351,3335.7462,422588670.0,499415666.0192,0.3804,0.0005051613513429309,1.0,-0.01310561498467544,-0.03287854373626886,0.016784382934915514,-0.009370971459793487,-0.00376997182324168,0.016943133019729637,0.2943812277447453,-1.3106
2025-04-02,3344.1711,3361.134,3343.1155,3350.1266,3348.4351,350127364.0,411666039.5179,0.0505,-0.002423460653695919,0.0,0.003774290017379167,-0.005886246077727919,0.016783186484412713,0.004218502239227373,-0.0004423461834828224,0.014413324117479781,-0.17752747848845019,0.3774
2025-04-03,3319.6057,3358.4256,3319.6057,3342.0077,3350.1266,400517827.0,486510412.9864,-0.2423,-0.07343834067168675,0.0,-0.00018572110636350114,-0.011956997562525218,0.015462423968300299,-0.0017033771077836768,0.0015202455528930958,0.017756402853641412,-0.10766093189304726,-0.0186
2025-04-07,3193.1024,3217.7818,3040.6932,3096.5762,3342.0077,662199584.0,735367327.4815,-7.3438,0.01581517677491684,1.0,-0.015201790494398515,-0.030917179839516806,0.013588561777219853,-0.02432148563109282,0.009347028762433096,0.015519428269244783,0.17334994556984284,-1.5202
2025-04-08,3094.2619,3145.5491,3085.1229,3145.5491,3096.5762,662242387.0,730166160.6547,1.5815,0.013117201063559847,1.0,-0.1322334846547959,-0.15359890039527713,0.03192880465216438,-0.09276926153871745,-0.043499653884095824,0.05872258894056462,1.0936429827139964,-13.2233
2025-04-09,3110.0101,3186.8099,3070.0778,3186.8099,3145.5491,684797174.0,755430247.4441,1.3117,0.011556384332808811,1.0,0.015098621667011258,-0.1294097903162601,0.03230979762505188,0.0166035414029444,-0.0014803408355790193,0.03576302557455752,-0.4098454757711316,1.5099
2025-04-10,3227.8362,3239.9408,3201.5714,3223.6379,3186.8099,591208273.0,682356544.7556,1.1556,0.004525601340026331,1.0,0.0067971072672061705,-0.1267880504196176,0.032432093312495476,-0.03143730424967017,0.039475412056064085,0.05867193834560169,0.029452608904193767,0.6797
2025-04-11,3219.5053,3249.8536,3211.3497,3238.2268,3223.6379,475531804.0,580791402.1937,0.4526,0.007590790120074242,1.0,0.02059217873235375,-0.10864116973450744,0.03303145853481364,0.026940722416404217,-0.006181996239385756,0.033590778746467376,-0.2712896376273797,2.0592
2025-04-14,3251.9779,3272.7203,3244.7327,3262.8075,3238.2268,471373220.0,543811431.5339,0.7591,0.0014879210618463645,1.0,0.011261603208234439,-0.08468866918368256,0.03325698364763614,-0.0060096374683416,0.017375662106609235,0.03304019286541091,-0.25195850613716786,1.1262
2025-04-15,3260.685,3268.9848,3246.3369,3267.6623,3262.8075,396662895.0,456332610.4195,0.1488,0.002552772971674555,1.0,0.024036215693371554,0.08014302789447414,0.03338128236926986,0.021477248766297974,0.0025051629198442615,0.013998294978314308,-0.12434493273986114,2.4036
2025-04-16,3267.665,3276.0045,3233.7911,3276.0039,3267.6623,429534854.0,489200692.6515,0.2553,0.0013239605728185833,1.0,0.002281789572964099,0.06650493251085066,0.03329351076234125,0.008690130454676925,-0.006353131341559126,0.014284180152586227,-0.4331909835144163,0.2282
2025-04-17,3261.7177,3285.9154,3258.1451,3280.3412,3276.0039,382012698.0,442596764.018,0.1324,-0.0011007391548171208,0.0,-0.019066656666481885,0.03910732517818105,0.032653180382284756,-0.006978389818072639,-0.012173216297069911,0.023069215098850387,0.15663308127269993,-1.9067
2025-04-18,3270.3534,3283.0896,3262.3916,3276.7304,3280.3412,358836193.0,380313472.554,-0.1101,0.004487308446248672,1.0,,,,,,,,
2025-04-21,3273.1383,3298.6398,3270.0131,3291.4341,3276.7304,379307588.0,429391687.7598,0.4487,0.0025286849887105056,1.0,,,,,,,,
2025-04-22,3289.1664,3311.1529,3288.3316,3299.7571,3291.4341,403167615.0,452675441.997,0.2529,-0.0010309546723907825,0.0,0.016059282955105614,0.034492195546031335,0.03302758955026853,0.0004668285765576652,0.015585178771726715,0.01797408745223672,-0.17376969913295248,1.6059
2025-04-23,3308.1514,3312.1923,3293.0633,3296.3552,3299.7571,411633212.0,486209315.161,-0.1031,0.00028300954945637,1.0,0.007813924096780944,0.030965316722361136,0.03296867932640026,-0.004282748325086905,0.012148702256107091,0.018772954979495243,0.29453766729813147,0.7814
2025-04-24,3295.1487,3313.5087,3286.2363,3297.2881,3296.3552,392844749.0,434706037.2252,0.0283,-0.000675737130765186,0.0,0.023666284518548908,0.03059288242270286,0.033329383329353604,0.02401735991303333,-0.0003428412527247682,0.012797324221141432,-0.07992040595504335,2.3666
2025-04-25,3300.3916,3305.2618,3288.7545,3295.06,3297.2881,411043192.0,445417627.3326,-0.0676,-0.002016746280796178,0.0,-0.00737837193772195,0.02065985380785751,0.033218813308284655,-0.0019241032555263882,-0.005464783489899205,0.01728748105118476,-0.18297443492145682,-0.7378
2025-04-28,3292.0559,3296.9318,3279.8773,3288.4147,3295.06,410665863.0,441916383.127,-0.2017,-0.0005351818917486151,0.0,0.0032396521002513445,0.04386953874677202,0.03292099839997314,0.007790135537769416,-0.00451530857174931,0.015703503826605025,0.013274752034133641,0.324
2025-04-29,3281.4453,3294.9815,3277.6271,3286.6548,3288.4147,388961672.0,430881033.5035,-0.0535,-0.0023195012752784683,0.0,-0.0003994406011809115,0.02696032837363993,0.032866206027129946,0.004167739575646534,-0.004548224362154407,0.01157831810939941,-0.20454506492933255,-0.0399
2025-04-30,3284.0812,3292.2002,3277.5499,3279.0314,3286.6548,435794335.0,505572584.2248,-0.232,0.011308857853572274,1.0,0.0016452788007990105,0.020674491427638664,0.03284416944711177,0.004614972901825887,-0.0029560520011452374,0.01344486336221256,0.21096917570776696,0.1645
2025-05-06,3295.2504,3316.4476,3286.9886,3316.1135,3279.0314,474369617.0,551825065.6245,1.1309,0.008006842950339266,1.0,0.017417734017317832,0.027153195653444095,0.033059775548703665,0.0033047897751341537,0.014066457557076806,0.02143999320054204,-0.9389271765051639,1.7418
2025-05-07,3354.9737,3356.6884,3324.8088,3342.6651,3316.1135,511159606.0,595230089.0568,0.8007,0.0027913954048224277,1.0,0.007022094959803882,0.031025798039556296,0.033091317438196835,0.003194002314185429,0.003815904637376022,0.013262574717792084,0.5943190778974312,0.7022
2025-05-08,3331.2052,3359.7309,3327.9024,3351.9958,3342.6651,428377766.0,501611375.4802,0.2791,-0.0029823724719464373,0.0,0.001287136445729642,0.03276539735189776,0.03309398249883896,0.022376847252601362,-0.02062811854899238,0.022313748002776312,0.10755560874665804,0.1287
2025-05-09,3350.405,3351.2198,3335.127,3341.9989,3351.9958,398909191.0,464862361.5335,-0.2982,0.008152486226132405,1.0,0.003703527429194775,0.034887593709773235,0.03292301681309922,-0.00452805144395263,0.008269021427562695,0.01719381558513441,-0.28655478337216955,0.3704
2025-05-12,3352.9698,3372.4724,3344.2687,3369.2445,3341.9989,418239910.0,522080702.3573,0.8152,0.0016698699070369916,1.0,0.004031450760276778,0.03383137253660928,0.010485716258940868,0.0035252143491899535,0.0005044580881958804,0.009460430138497202,-0.05095748931070254,0.4031
2025-05-13,3386.2344,3386.2344,3370.2516,3374.8707,3369.2445,426240700.0,506608943.7803,0.167,0.00861585600894288,1.0,0.02981142867637976,0.04642501026453161,0.011532276531859903,0.01382165443546235,0.015771782118642275,0.03071707129781956,0.6719831808693115,2.9811
2025-05-14,3374.2353,3417.3142,3368.0781,3403.9481,3374.8707,464934441.0,534872944.6268,0.8616,-0.006794081261109808,0.0,-0.018734612173697318,0.01966049073566234,0.012987266587864237,-0.0023363593050541587,-0.016436654800029205,0.018002960577439955,-0.3953544222332379,-1.8735
2025-05-15,3398.4272,3402.8656,3378.0208,3380.8214,3403.9481,424100916.0,461292249.4337,-0.6794,-0.003951554495011167,0.0,0.02303850526240181,0.041810991420719645,0.013135983606480791,0.009008895949372153,0.013904346502147558,0.015683995383470952,0.07400727373819826,2.3039
2025-05-16,3374.7061,3380.29,3356.6609,3367.4619,3380.8214,395401030.0,435647042.6642,-0.3952,3.5932106611236136e-05,1.0,-0.00793083100506975,0.02973491301339326,0.013488408244155717,0.00015862508010555665,-0.00808817309806975,0.014343514243474699,-0.2594350047449936,-0.7931
2025-05-19,3365.8823,3373.5994,3356.6483,3367.5829,3367.4619,403074805.0,437177569.2193,0.0036,0.0038291856155938664,1.0,-0.004609613374061294,0.02087263542440132,0.012964121913823776,-0.008698188218559832,0.0041244500876591594,0.007862053556962022,-0.0453762033854499,-0.461
2025-05-20,3371.6886,3387.804,3369.9629,3380.478,3367.5829,405544534.0,450290477.2032,0.3829,0.00209899310097561,1.0,-0.0005281633579709011,-0.009203608065747493,0.013003427578828658,-0.00808651084491141,0.007619966428099145,0.01466306561776485,0.01955745479477855,-0.0528
2025-05-21,3380.2094,3394.7541,3380.2094,3387.5736,3380.478,412496165.0,465956993.3721,0.2099,-0.0021800559550941845,0.0,0.014947250042000926,0.024805405164471273,0.011976105123378577,0.002812788221861817,0.012100425884731258,0.015087825165690107,0.1564629602782155,1.4947
2025-05-22,3381.865,3390.5925,3376.2331,3380.1885,3387.5736,394217206.0,438334515.3354,-0.218,-0.0094127294971863,0.0,0.006177823345500322,0.007915602997379478,0.011738924846849078,0.002320378624984576,0.003848514709246409,0.009257867329237937,0.05126746289850814,0.6178
2025-05-23,3376.8691,3389.4686,3348.3717,3348.3717,3380.1885,400227004.0,468587869.6215,-0.9413,-0.00045780460992428385,0.0,-0.01189661814906795,0.003886469882949717,0.012343088922958777,-0.0033238514036976197,-0.008601356375833813,0.012902167134328095,-0.019238649744508507,-1.1897
2025-05-26,3346.561,3362.307,3336.3552,3346.8388,3348.3717,347562101.0,400526568.3625,-0.0458,-0.0018380927100523081,0.0,0.0024188434487992794,0.010974917594950506,0.011489534517110614,0.0005551235096716844,0.0018626859183830113,0.011127104595547695,-0.014526521303581674,0.2419
2025-05-27,3346.5029,3351.5718,3332.4895,3340.687,3346.8388,344071157.0,394408732.8801,-0.1838,-0.0002260313522337576,0.0,-0.01351326158010191,-0.0021596281959411767,0.011868530788350097,-0.004040462246507004,-0.009511229095673812,0.01426830601417043,0.009835901301359584,-1.3513
2025-05-28,3341.8518,3348.234,3336.7273,3339.9319,3340.687,341555443.0,389341214.7082,-0.0226,0.007040143543046495,1.0,0.004280499417369299,-0.01264659134479762,0.011871414246193639,-0.002811574271131878,0.007112069800968124,0.010823229461999635,-0.09302407295665382,0.4281
2025-05-29,3340.4012,3368.6334,3337.415,3363.4455,3339.9319,393233806.0,453741382.1708,0.704,-0.0047445989536623046,0.0,-0.005289541223822303,-0.023899414884642978,0.011998292343623047,0.00013642979062078453,-0.005425230851334062,0.012661454392889694,-0.06943571818692362,-0.529
2025-05-30,3358.8093,3361.2751,3341.6484,3347.4873,3363.4455,385602170.0,443358967.7226,-0.4745,0.004328082140894196,1.0,0.013546556048139369,0.0012346932231184216,0.012224897164760634,-0.000756718781373289,0.014314106582802522,0.017045520504284307,0.25543389857614507,1.3547
2025-06-03,3340.0666,3366.9974,3340.0666,3361.9755,3347.4873,398060772.0,468292670.251,0.4328,0.004231857132807937,1.0,-0.00565913703742027,-0.005341389800763041,0.012330488436486483,-0.010591345470565061,0.004985006357651756,0.021253966870432812,-0.8295352044935846,-0.5659
2025-06-04,3363.391,3379.6401,3363.391,3376.2029,3361.9755,386494643.0,446844610.6922,0.4232,0.0023386035240950953,1.0,0.015308768428320851,0.005581218707218616,0.012660491947002462,0.005316959992607284,0.009938963365133224,0.010979805224723947,0.46496236330191465,1.5309
2025-06-05,3378.2169,3387.7645,3371.1457,3384.0985,3376.2029,406252093.0,498241228.9009,0.2339,0.0003721522881203754,1.0,0.006019779274759829,0.017014133873011206,0.012692269135849499,-0.0005405637599421587,0.006563891236428532,0.010014677305551268,-0.04951534068236363,0.602
2025-06-06,3384.2949,3391.451,3379.7641,3385.3579,3384.0985,380122886.0,452743716.1064,0.0372,0.004257659138491743,1.0,0.010693315261712355,0.01415113148814462,0.012832622999849688,0.007383942609356708,0.0032851155476865124,0.007560233922084233,-0.06680669491460556,1.0693
2025-06-09,3388.7783,3402.0503,3383.0742,3399.7716,3385.3579,427347947.0,511879936.9684,0.4258,-0.004398913150518768,0.0,-0.004786470221864181,0.021587589744338498,0.01292850671823963,0.0014472766728699238,-0.006224737976665673,0.007436325054994373,0.2907102397511654,-0.4786
2025-06-10,3402.013,3406.4515,3365.6674,3384.8163,3399.7716,481618568.0,557427629.0048,-0.4399,0.005170029463637427,1.0,0.016345039243393034,0.044194720003523535,0.011699569087673875,0.007775546452795767,0.00850337440788329,0.009392439815169004,-0.09320578559288073,1.6345
2025-06-11,3385.4568,3413.5132,3385.4568,3402.3159,3384.8163,424090313.0,501807385.818,0.517,0.00010054915829527111,1.0,-0.0007675311178867439,0.027661043130693397,0.010721934225204306,0.0020627398793207075,-0.0028244449020710105,0.01212045772313714,-0.07876443191830163,-0.0768
2025-06-12,3397.972,3408.2049,3388.8657,3402.658,3402.3159,409490610.0,501624560.6372,0.0101,-0.007541751183927303,0.0,0.008445602695375198,0.03013905030136521,0.00968158531302193,0.0011774263570512034,0.007259628660197137,0.010760311171644759,0.004899515790190989,0.8446
2025-06-13,3397.4844,3401.5526,3370.5924,3376.996,3402.658,510065221.0,605384839.3912,-0.7542,0.0034744785010110135,1.0,-0.013606960906867971,0.005371236923792599,0.010050562812585907,-0.005902259372740248,-0.007750446680691803,0.011751167770758256,0.15604295194635043,-1.3607
2025-06-16,3369.3661,3389.7563,3368.8764,3388.7293,3376.996,405383278.0,481594409.5263,0.3474,-0.0003908249620292459,0.0,-0.005942073726315167,0.004203838682208749,0.010095935908636522,-0.0031441150503965787,-0.0028067835262466367,0.013538375511433621,0.12926003370916384,-0.5942
2025-06-17,3388.1801,3393.3127,3376.4201,3387.4049,3388.7293,390012447.0,458038158.6783,-0.0391,0.00041438801721049856,1.0,0.00704947481559115,-0.004980681456803748,0.01016926728825554,-0.0042176309277867086,0.01131482750982582,0.01700654931911851,-0.25273356597951846,0.7049
2025-06-18,3386.136,3391.7087,3369.9859,3388.8086,3387.4049,378684891.0,441011095.449,0.0414,-0.00787899322493446,0.0,-0.003353561096197666,-0.0075558077331044915,0.009717140535813733,0.0019263546512424679,-0.005269764312445968,0.010422264420541318,-0.12563547452909063,-0.3354
2025-06-19,3384.2932,3386.9194,3353.9355,3362.1082,3388.8086,415327655.0,473258595.4311,-0.7879,-0.0006581584733056367,0.0,-0.011242978611610388,-0.026931982431934398,0.009974998484532576,-0.005035383210385214,-0.006239011213539203,0.010373514926835864,-0.03311291454679832,-1.1243
2025-06-20,3358.9128,3370.7984,3357.7061,3359.8954,3362.1082,350223662.0,410873272.6198,-0.0658,0.006454427122939643,1.0,-0.01994669914709346,-0.03318607818973529,0.010613812988313674,-0.0038240135567543243,-0.016184575626946973,0.01973666730069844,0.17069999799160307,-1.9947
2025-06-23,3349.4603,3389.4524,3347.6508,3381.5816,3359.8954,384561397.0,442789178.4695,0.6454,0.011528451657058847,1.0,0.012597610611014609,-0.015154508349042639,0.011003163374034225,0.002309174644349987,0.010264732905707508,0.010639158541235058,0.21518302646134835,1.2598
2025-06-24,3380.08,3423.7835,3380.08,3420.566,3381.5816,460963800.0,544882077.6366,1.1528,0.01035138629104071,1.0,0.006742318898722122,-0.015454891922568437,0.010628687719539535,-0.008285848822463526,0.015153729230687585,0.017695346631262984,-0.39771638801343734,0.6742
2025-06-25,3419.0914,3459.0093,3417.4105,3455.9736,3420.566,509384064.0,620173277.605,1.0351,-0.0021760004185217285,0.0,0.020597632753925454,0.008205485335879947,0.011491438176977002,0.006061851997097412,0.014448197919415762,0.016736790249367518,0.21400680181050546,2.0598
2025-06-26,3451.7193,3462.752,3446.1855,3448.4534,3455.9736,496541077.0,603095111.8968,-0.2176,-0.0070253812912187685,0.0,0.012309183867193152,0.032220909640335194,0.011598452148916635,0.006235246868210309,0.006036299183403981,0.010155490305483619,-0.07033986818359672,1.2309
2025-06-27,3450.6863,3462.6273,3421.0403,3424.2267,3448.4534,523129432.0,605731616.2577,-0.7025,0.005898820892904055,1.0,-0.006098958637644425,0.04680575649783503,0.011455019079892452,-0.005286281694502848,-0.0008169958131531985,0.0071886566805598896,-0.1336119479190625,-0.6099
2025-06-30,3423.4738,3447.46,3420.1118,3444.4256,3424.2267,457348049.0,567137246.0341,0.5899,0.0038676405145752213,1.0,-0.0016957583431310708,0.03202952085975297,0.011031424968241632,0.005171137987453278,-0.006831569342841681,0.011374119233393912,0.28697597697675903,-0.1696
2025-07-01,3445.8457,3459.5866,3441.0379,3457.7474,3444.4256,444356739.0,553556536.1571,0.3868,-0.000854602623661993,0.0,,,,,,,,
2025-07-02,3458.171,3461.328,3447.9557,3454.7924,3457.7474,498116776.0,543130721.6941,-0.0855,0.0018404000194049974,1.0,-0.00872462079175107,0.016174084907297104,0.011166118704953952,-0.0003804950965959897,-0.008347301802560825,0.008674382261681032,-0.1396041788853335,-0.8725
2025-07-03,3456.1519,3463.6198,3446.9739,3461.1506,3454.7924,438543465.0,500211767.7562,0.184,0.003226846008954398,1.0,0.006195092446581674,0.0018339691286000104,0.010773340917698016,0.009638887550327713,-0.0034109176520543683,0.010390789738238381,0.07286435452411943,0.6195
2025-07-04,3459.5924,3497.2248,3455.4938,3472.3192,3461.1506,500195210.0,567241277.895,0.3227,0.00023266870165628006,1.0,-0.00625355831885932,-0.016536688747999406,0.010854075474064813,0.0005313480924520331,-0.006781303178802878,0.014414520046520801,-0.1219869450314004,-0.6254
2025-07-07,3467.9849,3474.8007,3462.7923,3473.1271,3472.3192,436631340.0,476197431.4228,0.0233,0.007010454641870112,1.0,-0.006393036293401488,-0.016827678064903373,0.010716540312401008,-0.007031592102016093,0.0006430776684691608,0.015686370634908093,0.11206419117468513,-0.6393
2025-07-08,3474.6316,3499.8857,3474.6316,3497.4753,3473.1271,493484773.0,567506524.7607,0.701,-0.001265427092508653,0.0,-0.0011803783733608242,-0.01632011003061662,0.010660658825810573,-0.0036465036465037626,0.0024751509199982813,0.008244250934309492,-0.4687113183148508,-0.118
2025-07-09,3498.724,3512.6687,3491.2007,3493.0495,3497.4753,523920088.0,595962525.1119,-0.1265,0.004761541455395868,1.0,0.01089425033584046,0.003148434631036201,0.010290897475443565,0.001661934131312659,0.00921699816069621,0.010859504609669435,0.1889555729059662,1.0894
2025-07-10,3491.4973,3526.5899,3491.4973,3509.6818,3493.0495,564159805.0,613160543.9482,0.4762,0.00014115239734846519,1.0,-0.010590908507387975,-0.013586739995731012,0.010559440329781275,-0.0036023582837053647,-0.007013816503664949,0.009687316626132038,0.05057590827473213,-1.0591
2025-07-11,3511.3656,3555.2179,3506.7994,3510.1772,3509.6818,664185249.0,753549049.0707,0.0141,0.0026986102012171997,1.0,0.0056942984189061185,-0.0017270504205660897,0.010454025408113254,-0.0011166768233474844,0.006818589403007724,0.011175557668740349,0.09067667641726906,0.5694
2025-07-14,3513.2515,3532.1183,3513.2515,3519.6498,3510.1772,572084705.0,623102482.2784,0.2699,-0.004162630043477722,0.0,0.004627862813832095,0.009345602912854245,0.010051713679156294,0.00019768298890010527,0.004429304226833741,0.019692555092168145,0.16810155814114758,0.4628
2025-07-15,3519.8052,3527.0379,3483.3798,3504.9988,3519.6498,572074726.0,646851665.1467,-0.4163,-0.0003486163818372523,0.0,0.0026408921119969175,0.013207143553851441,0.009955555054765343,-0.0016156045861628332,0.004263384641939982,0.007063920359807587,-0.4167672697041098,0.2641
2025-07-16,3502.8987,3511.8058,3489.1368,3503.7769,3504.9988,470878578.0,572419318.6503,-0.0349,0.00372415264225312,1.0,0.015981278601447935,0.018305810774939646,0.010444033803475724,0.003248314694017207,0.012691737151150129,0.018519773320354312,0.32396239901461144,1.5981
2025-07-17,3500.3715,3517.2847,3499.1856,3516.8255,3503.7769,472211056.0,609791010.2576,0.3724,0.005020777971497248,1.0,-0.0029426452575261886,0.0261774494900453,0.010435129080451626,0.004633161611248715,-0.007540868804912559,0.014235798767960519,-0.10999535065035637,-0.2943
2025-07-18,3519.4752,3536.0143,3518.2313,3534.4827,3516.8255,493484088.0,643627574.9286,0.5021,0.00716045377729535,1.0,-0.0007671989610795737,0.019584349666665002,0.010035012870369033,0.0011958678117414134,-0.0019607220084832955,0.009159890626223527,-0.05263733979216134,-0.0767
2025-07-21,3542.8164,3560.6285,3542.5677,3559.7912,3534.4827,633649736.0,730905862.9054,0.716,0.0061997737395385055,1.0,0.01333567356968346,0.02842179873129469,0.008961304408684617,0.010566983482965586,0.0027397393067161158,0.007954218446096627,-0.09958323672687719,1.3336
2025-07-22,3561.6316,3584.7185,3547.252,3581.8611,3559.7912,716155230.0,840573441.8711,0.62,0.00012197569581906542,1.0,0.0067865265213493675,0.03267402984383949,0.008737034118663011,0.00666568381263577,0.00012004254307718121,0.006690657972436672,0.21727276054615174,0.6787
2025-07-23,3588.8777,3613.0223,3577.5942,3582.298,3581.8611,767672388.0,857045959.5341,0.0122,0.00654018733226569,1.0,0.005436874403360159,0.02195637922873095,0.008712903011925737,0.0012318887547242419,0.004199811947525944,0.009179751733806352,0.05744777192875716,0.5437
2025-07-24,3578.9121,3608.7278,3577.1131,3605.7269,3582.298,773265835.0,852239625.2565,0.654,-0.0033478963700773745,0.0,0.016237147349207337,0.04161513939283212,0.00829365414554681,0.008685624330730946,0.007486498108354445,0.012338226416761194,0.07976897990214482,1.6237
2025-07-25,3604.4505,3610.0287,3586.22,3593.6553,3605.7269,697189549.0,821609575.947,-0.3348,0.0011914331349476281,1.0,0.005055589557080964,0.04768490078146215,0.008008459958561627,-0.00038569868435622823,0.005443387748930384,0.009139296744037346,-0.14090879039124538,0.5056
2025-07-28,3594.2313,3606.2742,3582.1489,3597.9369,3593.6553,594187877.0,761265438.4323,0.1191,0.0032725421060051385,1.0,-0.010863289227722062,0.022665661255330205,0.008338983847584459,-0.005282621620294914,-0.005610304724461002,0.00897722305294147,-0.05411202887954225,-1.0863
2025-07-29,3595.8099,3611.3532,3585.9435,3609.7113,3597.9369,610642058.0,793606423.7045,0.3273,0.0016636787545862841,1.0,0.006844871762048399,0.022724926722824,0.008349075970322278,0.002777651954538163,0.004055953779566801,0.0105575982684972,0.005591594995365767,0.6845
2025-07-30,3608.354,3636.1664,3593.7338,3615.7167,3609.7113,637221916.0,819627949.1139,0.1664,-0.011756590332422823,0.0,-0.001474055565792054,0.01569516630103518,0.007980720205856435,-0.004197615769890861,0.0027350408547217597,0.01087937507555116,0.08920336375305205,-0.1474
2025-07-31,3604.6959,3606.3744,3562.6072,3573.2082,3615.7167,654509349.0,845893058.0582,-1.1757,-0.0037099433500684675,0.0,-0.013615180738468458,-0.01414124090034996,0.008750710612848038,-0.007414067688040316,-0.006247431933660619,0.01635177251615604,0.22022340398063278,-1.3615
2025-08-01,3568.2608,3581.7457,3550.0434,3559.9518,3573.2082,509563080.0,684645226.0213,-0.371,0.006561043888290818,1.0,-0.016030548601437822,-0.034824628182761,0.009477371768911872,-0.0077078500039521325,-0.008387347010171298,0.010133880500919018,-0.10880384487395567,-1.6031
2025-08-04,3547.1629,3583.3088,3547.1629,3583.3088,3559.9518,458573618.0,639775598.4567,0.6561,0.009569032956356027,1.0,-0.010717977760761332,-0.03468283681294759,0.009712973925862695,-0.0011702100605772703,-0.009558953683953542,0.014084097696999144,-0.10601363672348718,-1.0718
2025-08-05,3588.8077,3617.5976,3586.9686,3617.5976,3583.3088,499797780.0,656382505.1018,0.9569,0.004532648960182906,1.0,0.009206860996555877,-0.032418268743645395,0.009851900144818144,-0.003098196044444612,0.012343299001141173,0.015352248936155454,-0.2780525087213217,0.9207
2025-08-06,3615.808,3634.3135,3613.9894,3633.9949,3617.5976,512467273.0,707221251.6075,0.4533,0.0015607341661376672,1.0,0.006836086352692394,-0.02436565724236961,0.009694998040166337,0.0005401591771467817,0.006292528208686088,0.009665048749770165,0.06998607687581959,0.6836
2025-08-07,3637.7811,3645.117,3622.5224,3639.6666,3633.9949,535501202.0,749699997.3363,0.1561,-0.0012469548721852908,0.0,0.00032526815548461485,-0.010577143440443249,0.009271524772373755,-0.0015412088651232114,0.001869358091871165,0.007891166078306183,-0.2217547189354221,0.0325
2025-08-08,3634.8546,3645.3667,3625.4508,3635.1281,3639.6666,526407572.0,713569731.1415,-0.1247,0.0034162757565545654,1.0,0.006864539355287302,0.012444834828422291,0.009298855679142461,0.002885113704470754,0.0039679775843091125,0.011824670833294915,0.1816546133437278,0.6865
2025-08-11,3637.0534,3656.8517,3629.6267,3647.5467,3635.1281,551393348.0,751329446.7775,0.3416,0.00503653592701081,1.0,-0.00888339394210036,0.014322373153700774,0.009598279283005648,-0.004518047670745484,-0.00438515862707578,0.007455257094534988,-0.16642301367767232,-0.8883
2025-08-12,3647.9625,3669.0384,3647.9625,3665.9177,3647.5467,536623739.0,778161034.2482,0.5037,0.004786550445472493,1.0,0.0019305019305020377,0.007009131358544751,0.009595199136064308,0.0035291297012489675,-0.0015930058464996844,0.0077867734671235285,0.015082279273828547,0.1931
2025-08-13,3668.6581,3688.6276,3666.5468,3683.4648,3665.9177,613528884.0,887022595.7193,0.4787,-0.004621246821742475,0.0,0.0025242092423718443,0.002696513165529879,0.008976478972544819,-0.003321983023920061,0.005865677948861725,0.008638601250019567,-0.0640212042060746,0.2524
2025-08-14,3685.5223,3704.7715,3662.5695,3666.4426,3683.4648,647829587.0,949464273.6235,-0.4621,0.008271750933725341,1.0,0.02579087917826728,0.028222489756380975,0.010513059548707149,0.008283646406361589,0.017363400501737347,0.01750723277190568,0.3230106641901642,2.5791
2025-08-15,3659.8146,3702.2553,3658.3762,3696.7705,3666.4426,678521703.0,960624988.909,0.8272,0.008455163770648033,1.0,-0.003683579900888856,0.017450620234809255,0.010577013580405761,0.005971420729633747,-0.00959768879270928,0.012369176303122502,0.017662576496929816,-0.3684
2025-08-18,3712.4952,3745.939,3702.3802,3728.0273,3696.7705,776016669.0,1133941943.1577,0.8455,-0.00019833545746850145,0.0,-0.009767109781922079,0.0165434240241491,0.01054633202290631,-0.007728262351818227,-0.0020547268986379486,0.0073955732362774385,0.22203783513021236,-0.9767
2025-08-19,3728.4851,3746.669,3718.1467,3727.2879,3728.0273,696099750.0,1060899235.6684,-0.0198,0.01044257944228022,1.0,-0.0036889490215105125,0.010842014693973168,0.010500727295108392,0.0009208522176631373,-0.004605560198850833,0.01144634739832537,-0.11115207126738547,-0.3689
2025-08-20,3716.6847,3767.43,3704.9912,3766.2104,3727.2879,679836426.0,1017500164.0639,1.0443,0.0012979890873860978,1.0,-0.0021428415389532773,0.006136242034339379,0.010446638124209491,0.0025594941384645686,-0.004690330803219567,0.007045361115469212,-0.1521144977469806,-0.2143
2025-08-21,3770.6757,3787.9806,3757.9918,3771.0989,3766.2104,691552959.0,997741900.7503,0.1298,0.014494528372088089,1.0,0.001713178016868877,-0.017480119014573026,0.009742320430835373,-0.006143001007049453,0.007904737836407882,0.01285560186125014,-0.06841186588401449,0.1713
2025-08-22,3772.2769,3825.7592,3772.2769,3825.7592,3771.0989,698136277.0,1095091495.7102,1.4495,0.01510876586273402,1.0,-0.002437024009434907,-0.01625082486523932,0.009653457101321549,0.002005885732859536,-0.004434015613635767,0.008565942698742814,-0.042160490156211594,-0.2437
2025-08-25,3848.1629,3883.5617,3839.9724,3883.5617,3825.7592,885474802.0,1360903869.0367,1.5109,-0.003908705763577824,0.0,0.009342108879604183,0.002733272998452385,0.009631140359129523,0.004000460473196021,0.005320364498528907,0.008325164182992685,0.16059117253279354,0.9342
2025-08-26,3871.471,3888.5985,3859.7575,3868.382,3883.5617,734565305.0,1114187895.2502,-0.3909,-0.017586706793693008,0.0,0.01936806063662777,0.0259389081636503,0.010473466669324595,0.010566262311980656,0.00870976862468198,0.012953872941228534,0.20973018516908937,1.9368
2025-08-27,3869.6116,3887.198,3800.3499,3800.3499,3868.382,858633499.0,1326848744.0182,-1.7587,0.011379873205885627,1.0,-0.011807629217446047,0.01600213351165647,0.01082863661975002,-0.004452202891918722,-0.007388320627993661,0.011412351030259203,-0.13077342557299332,-1.1808
2025-08-28,3796.7112,3845.0871,3761.4221,3843.5974,3800.3499,788351947.0,1265185534.1951,1.138,0.003728278096972293,1.0,-0.012660568573770292,0.0014233523563991213,0.010767132509647068,0.003966711746794971,-0.01656158528566698,0.02012738923373707,0.06284539030010983,-1.2661
2025-08-29,3842.8234,3867.6058,3839.2059,3857.9274,3843.5974,739462366.0,1221691851.556,0.3728,0.004562812664644866,1.0,-0.008052612198513054,-0.004213967076166503,0.010274430054366195,-0.00679396994495618,-0.001267251925048396,0.011303575623289907,0.0764595874842442,-0.8053
2025-09-01,3869.7457,3879.0453,3853.6584,3875.5304,3857.9274,747709536.0,1208347980.8561,0.4563,-0.004488933953401553,0.0,0.003152148781422559,-0.010320792260510858,0.009939826757234229,0.003865382446051502,-0.0007104873592623795,0.008426797744853552,-0.09027120729724203,0.3152
2025-09-02,3877.0858,3885.3145,3828.6775,3858.1334,3875.5304,762618833.0,1222777663.9974,-0.4489,-0.011553981000242297,0.0,0.021525168656355786,-0.008226509500033119,0.010806198635197934,0.017170289684587337,0.004281366665869424,0.006658925368515896,0.1227614703473261,2.1525
2025-09-03,3865.286,3868.3877,3794.8837,3813.5566,3858.1334,645668510.0,1012296084.0032,-1.1554,-0.0125029480354375,0.0,-0.004718273737167822,-0.0011114628371019508,0.010832315863847034,-0.001149608352441267,-0.003572772674033997,0.012027752989957575,-0.1245965256517696,-0.4718
2025-09-04,3807.7571,3808.3955,3732.8404,3765.8759,3813.5566,710227933.0,1107892043.2037,-1.2503,0.012384476078991291,1.0,-0.0060055183936650325,0.005621432788821101,0.010952125669484806,0.006436164892897445,-0.012362118652489373,0.020125075745542148,-0.17908887722287403,-0.6006
2025-09-05,3761.8801,3817.1589,3745.3091,3812.5143,3765.8759,626223380.0,979061710.2211,1.2384,0.003757730167726958,1.0,-0.011242361432529102,0.002387712700039346,0.011180712031395415,0.005749024500629973,-0.016894260416106865,0.018986774876171154,0.1304863053333225,-1.1242
2025-09-08,3811.6692,3833.143,3803.6033,3826.8407,3812.5143,660066898.0,1025883749.952,0.3758,-0.0051082345810736784,0.0,0.014345226432058489,0.013572260844529893,0.011412031820991203,0.0031019402191112544,0.011208518059980355,0.01521040157615109,0.029609881259057502,1.4345
2025-09-09,3816.6574,3834.671,3791.7243,3807.2923,3826.8407,600239380.0,917795306.2257,-0.5108,0.0012945945862889996,1.0,0.008495167593963071,0.0006437026054926243,0.01152873778159326,0.000866709313643188,0.0076218523499007595,0.010866323759795118,-0.022829077547294574,0.8495
2025-09-10,3806.5842,3826.9959,3794.0574,3812.2212,3807.2923,534539825.0,821113584.5222,0.1295,0.01654893477849617,1.0,0.011867873453562217,0.017319205931783044,0.011759332856276339,0.003010075326003614,0.008831215503672274,0.01375755785988169,-0.006119919755448677,1.1868
2025-09-11,3806.0564,3875.3094,3796.4345,3875.3094,3812.2212,617012930.0,1016794001.3821,1.6549,-0.0012156448721230007,0.0,0.010105971401947578,0.03380876227093177,0.010547648189717766,0.004020336084366916,0.006061266987195113,0.010760220571028002,0.04323381658114123,1.0106
2025-09-12,3875.5072,3892.7375,3866.5388,3870.5984,3875.3094,700641784.0,1093807300.6635,-0.1216,-0.002608072178193366,0.0,-0.0043488118056843605,0.04101640520525773,0.010564845383865859,-0.008120911777211304,0.003802983666371773,0.013835358885751438,0.051207611079595594,-0.4349
2025-09-15,3876.0974,3879.7365,3855.9725,3860.5036,3870.5984,644793944.0,986171993.9404,-0.2608,0.0003526741951489498,1.0,0.011570815661235523,0.03816904411758926,0.010481200646830252,0.017370023828581438,-0.005700195633366767,0.009824689722429262,-0.18069482803630343,1.1571
2025-09-16,3865.9801,3876.6901,3838.6483,3861.8651,3860.5036,673439723.0,989786137.9216,0.0353,0.0037483960793969207,1.0,0.0022131137601106854,0.03170214766299795,0.01038878332891622,-0.0030032408474103267,0.00523206776715579,0.009569443265464527,-0.15370566758207715,0.2213
2025-09-17,3854.0726,3882.6687,3848.9455,3876.3409,3861.8651,663434713.0,1006679080.9142,0.3748,-0.011527546506552189,0.0,-0.0003043874137128588,0.01929129046696887,0.010353481778870218,0.003405735944485677,-0.0036975305455140273,0.010185823789559059,0.008640867672427888,-0.0304
2025-09-18,3876.0592,3899.9594,3800.9953,3831.6562,3876.3409,876027389.0,1365962423.6401,-1.1528,-0.003018746828068797,0.0,0.017772559800079524,0.027027594382651232,0.010889460592003965,0.0043754356807550465,0.01333876122751243,0.014975503536318813,0.24989103933395995,1.7773
2025-09-19,3830.4437,3843.1696,3811.9029,3820.0894,3831.6562,682292613.0,1016348310.666,-0.3019,0.002221675754499275,1.0,-0.013510284338825174,0.017577412222191446,0.011468453659472895,-0.00166119191820846,-0.0118688087898573,0.02735020564218064,0.1058953920411998,-1.351
2025-09-22,3822.0096,3831.7404,3806.2016,3828.5764,3820.0894,568325686.0,941799982.0649,0.2222,-0.001761411891897935,0.0,9.418022705043327e-06,0.005947364272461453,0.011380154023274925,0.0014383204275028039,-0.0014268501370987563,0.008420842460966962,0.01248793417383176,0.0009
2025-09-23,3830.1379,3838.6059,3774.5282,3821.8327,3828.5764,701902868.0,1071697826.1381,-0.1761,0.008323101113243414,1.0,-0.007570512071907731,-0.0038727153928527214,0.010846430386088552,-0.003223947169157304,-0.004360623321965074,0.01036462473300161,-0.23349483629951528,-0.7571
2025-09-24,3804.4833,3854.923,3804.3279,3853.6422,3821.8327,602056670.0,1015707870.4547,0.8323,-8.825417159896709e-05,0.0,-0.007023193772884628,-0.010567539547425286,0.010598032342656645,0.00347098064313367,-0.010457875333168554,0.017097540477692644,-0.054163232023555,-0.7023
2025-09-25,3852.431,3866.1058,3840.459,3853.3021,3853.6422,589950531.0,1001211369.1138,-0.0088,-0.006538833277567213,0.0,0.013743963864228048,-0.014483958349050141,0.010412904915842066,-0.0032657826410062984,0.017065478649167076,0.019328631850001173,-0.03295839733385719,1.3744
2025-09-26,3839.8553,3856.6062,3828.106,3828.106,3853.3021,551275335.0,927864903.4168,-0.6539,0.008992880552419313,1.0,-0.0012809852688580037,-0.0022667297046319312,0.010155157081156748,0.000659158742997823,-0.0019388659913861517,0.008937483620018304,0.19849724619886544,-0.1281
2025-09-29,3828.1656,3881.0023,3809.5352,3862.5317,3828.106,608466399.0,968212397.5721,0.8993,0.005241562159865154,1.0,-0.01345985679268169,-0.015705346749494198,0.010796014449661143,-0.008018975498288117,-0.005484864286720126,0.012577837451689014,-0.06916724447120437,-1.346
2025-09-30,3869.7046,3887.57,3866.2808,3882.7774,3862.5317,569734631.0,973274951.6486,0.5242,0.013185149372714422,1.0,0.0189328005756233,0.010580721177461117,0.01056369800258089,0.007400815976607689,0.011447265493661707,0.014013594507084354,0.0179167738851298,1.8933
2025-10-09,3898.307,3936.5761,3885.7437,3933.9724,3882.7774,725218501.0,1216888716.0622,1.3185,-0.009391092830239534,0.0,-0.00475966669349881,0.007759491084360359,0.010408998204727711,-0.0021192405751663257,-0.002646033700313466,0.01442070319614716,0.621015392977073,-0.476
2025-10-10,3915.4752,3933.0053,3886.305,3897.0281,3933.9724,718917673.0,1132127151.7345,-0.9391,-0.001931189564683966,0.0,-0.0028651340727692265,-0.003834215335669855,0.010218288188934404,0.0012139640529478246,-0.0040741522513376704,0.01855534923177724,0.6451153838362877,-0.2865
2025-10-13,3800.1055,3895.83,3800.1055,3889.5022,3897.0281,709506101.0,1085413591.3255,-0.1931,-0.006240721499013335,0.0,-0.017279448457140023,-0.036530055205532874,0.01083426684662586,-0.008548705003889379,-0.008806023550844144,0.011656067692884992,-0.1566201556329201,-1.7279
2025-10-14,3910.7825,3918.4357,3851.1209,3865.2289,3889.5022,800839631.0,1209983827.6837,-0.6241,0.012154674720557868,1.0,-0.015246676343232068,-0.04610897493526378,0.011338820538378798,-0.024964321468890494,0.009966450807521232,0.02128273828542212,0.4102709463633154,-1.5247
2025-10-15,3867.5364,3912.2912,3857.6668,3912.2095,3865.2289,645012955.0,961552165.6352,1.2155,0.001027168918229071,1.0,-0.017309347271555864,-0.056251685506627624,0.01158148370255664,0.0030796292548169735,-0.020326378815528123,0.029781980943611105,-0.08459605255529645,-1.7309
2025-10-16,3900.6834,3931.05,3899.1673,3916.228,3912.2095,595451491.0,869264580.4647,0.1027,-0.01952713171960374,0.0,0.01844438286490302,-0.03424817346305142,0.012413487095045304,0.010751787935781687,0.007610765591453017,0.015280635658091981,-0.304941441579615,1.8444
2025-10-17,3912.0403,3921.0648,3835.3648,3839.7553,3916.228,617563018.0,873181597.9486,-1.9527,0.006286155787062819,1.0,-0.0008525468341141762,-0.03229892881399532,0.01241259139891666,-0.0007946554691902197,-5.793740519988155e-05,0.01449136646777765,-0.035734687613990346,-0.0853
2025-10-20,3865.5523,3877.7215,3850.3673,3863.8926,3839.7553,549261712.0,772503219.6318,0.6286,0.013571702277646036,1.0,-0.024775856161671772,-0.039680764631240706,0.012673325971961231,-0.0014125957809082434,-0.023396309909430424,0.02759834382125505,0.170250212961907,-2.4776
2025-10-21,3870.7488,3919.3183,3868.1453,3916.3322,3863.8926,599415713.0,837938398.3148,1.3572,-0.0006574008200835868,0.0,0.02422971351165093,-0.001183878548352335,0.013801886823592608,0.025244879609935378,-0.000990169391209883,0.008007256278938961,-0.32312985021548,2.423
2025-10-22,3896.0736,3918.5924,3893.325,3913.7576,3916.3322,543117344.0,741524798.4466,-0.0657,0.002210790980003541,1.0,0.006524657148061053,0.023041230123401535,0.0139088553371286,0.011655979794909399,-0.005072201172466428,0.01352072000163957,0.05478526040161924,0.6525
2025-10-23,3904.159,3926.2171,3877.5294,3922.4101,3913.7576,565189264.0,718931051.9724,0.2211,0.007113330653518268,1.0,-0.009443070899873396,-0.004972096362106604,0.013962376269193036,-0.0049920180731570785,-0.004473384040695527,0.011300717893155562,-0.0796648562842428,-0.9443
2025-10-24,3929.115,3950.3115,3928.9598,3950.3115,3922.4101,567858443.0,858491253.2107,0.7113,0.011804891842073895,1.0,0.007222545232542288,0.0030697015780360992,0.01400148829574759,-0.0024528959803769013,0.009699232421137571,0.018973871848209038,0.0923088892170405,0.7223
2025-10-27,3969.2197,3999.0667,3963.1017,3996.9445,3950.3115,637589545.0,1043404043.2035,1.1805,-0.0021818166351822432,0.0,0.007400267560280005,0.03616454959183435,0.013736575264258625,0.008053379585166054,-0.0006478942862676584,0.006776422347829809,-0.18022324432823034,0.74
2025-10-28,3986.8912,4010.7275,3976.8326,3988.2239,3996.9445,577357684.0,940760864.4693,-0.2182,0.0070475230841478,1.0,0.010456744322949296,0.022231090888489513,0.013954546672217204,0.012837082356179197,-0.002350168723771917,0.006756459729779837,0.1995583073100029,1.0457
2025-10-29,3990.2655,4016.331,3986.9414,4016.331,3988.2239,612917466.0,968215713.2639,0.7048,-0.007327633105936759,0.0,,,,,,,,
2025-10-30,4007.8207,4025.7048,3984.8284,3986.9008,4016.331,668485609.0,1070058589.3948,-0.7328,-0.0080540754864028,0.0,-0.003312438289002295,0.012240491325537839,0.013620016497507515,0.002839178775578155,-0.0061342009713774015,0.010362151344685,-0.10214954231651241,-0.3312
2025-10-31,3985.0641,3986.7433,3951.7308,3954.79,3986.9008,675615406.0,1031104616.8294,-0.8054,0.005494779748102863,1.0,-0.0024083224335709197,0.019429232360695048,0.012918083222729282,0.0075828944961195965,-0.009916024760113773,0.017084096569744127,0.4131004629046142,-0.2408
2025-11-03,3954.0783,3977.3051,3937.0215,3976.5207,3954.79,641245945.0,941703699.2636,0.5495,-0.004107786990773077,0.0,-0.014307515707105978,-0.002361754745652034,0.013071555574538617,-0.000748781802775933,-0.013568894045274948,0.014355836484012775,-0.24563456262674066,-1.4308
2025-11-04,3973.4575,3985.8822,3938.5197,3960.186,3976.5207,615493792.0,852938368.4296,-0.4108,0.002288352112754355,1.0,0.00971603816008626,-6.84246841092806e-05,0.012688142001362252,0.0035712838209494002,0.006122887769109742,0.011458447927462583,-0.6352950152228818,0.9716
2025-11-05,3922.5844,3979.7537,3922.5844,3969.2483,3960.186,614991618.0,827133576.9498,0.2288,0.009702492031047782,1.0,-0.007873582288797865,-0.018207818050443136,0.012735215317316667,-0.00039337328486954704,-0.007483152676277749,0.014521552574396888,0.6479433586832641,-0.7874
2025-11-06,3973.3493,4008.7991,3973.3493,4007.7599,3969.2483,627367547.0,930275554.3548,0.9702,-0.0025461106090711727,0.0,-0.0006546600699742777,-0.015589760017976073,0.01269247505094436,-0.009662690155823772,0.009095921153638775,0.018679197299671723,-0.21114404652524144,-0.0655
2025-11-07,3994.3167,4012.0054,3993.691,3997.5557,4007.7599,596507034.0,875486746.3911,-0.2546,0.005263591449144789,1.0,0.021225421152007984,0.007731704783642934,0.013671659585170885,0.004864777537737064,0.016281438040210983,0.016546104341515995,-0.023671473480600724,2.1225
2025-11-10,4001.7939,4018.6958,3990.8359,4018.5972,3997.5557,634049993.0,960588645.7624,0.5264,-0.0039415744379656115,0.0,-0.009215091803563391,0.012937990824749557,0.013801239468740303,-0.0051030925888868595,-0.004133090759500524,0.007710895231047446,-0.0034437463446419514,-0.9215
2025-11-11,4023.877,4024.939,3991.5156,4002.7576,4018.5972,581994921.0,858362142.5527,-0.3942,-0.0006540490985514902,0.0,0.015518353712374422,0.018758821271670056,0.013697341580576249,0.0029559676287820302,0.012525361520399292,0.013945673758270636,0.14754217001299352,1.5518
2025-11-12,3996.5648,4020.3775,3980.6756,4000.1396,4002.7576,586193228.0,840467209.8901,-0.0654,0.0073401438289804055,1.0,0.0017767981309659842,0.028668254188437325,0.013168582557820102,0.0037160785408565378,-0.0019321005724146634,0.010401117337722242,-0.2564989578506598,0.1777
2025-11-13,3996.5143,4030.3983,3994.7712,4029.5012,4000.1396,613031061.0,876400923.5967,0.734,-0.00968087563790776,0.0,0.008477544358960643,0.03806841688641116,0.01246125369443907,0.0021920550366134606,0.00627174132019781,0.010387538998689386,0.3519109669455407,0.8478
2025-11-14,4007.1258,4034.0786,3990.3074,3990.4921,4029.5012,622017118.0,837969502.2033,-0.9681,-0.0046253192682677025,0.0,0.005582643364918871,0.022167643916196855,0.011938138088847586,-0.005320782847801797,0.01096175131107846,0.016922503772834413,-0.045106560443581856,0.5583
2025-11-17,3988.5564,3992.4041,3958.9484,3972.0348,3990.4921,592017950.0,805733125.739,-0.4625,-0.008112139400188512,0.0,-0.018489618635224803,0.01259934996911416,0.012800747645282185,-0.015244691857542292,-0.003295160483880455,0.012797237693749195,-0.15643082351449422,-1.849
2025-11-18,3962.4437,3966.8854,3926.5885,3939.8131,3972.0348,594411046.0,790948598.3913,-0.8112,0.0017587890146362195,1.0,-0.007081768116312892,-0.009935810118630872,0.011436444184575303,-0.004920884253847735,-0.002171569906624815,0.010516150932205702,-0.10845358130583804,-0.7082
2025-11-19,3937.9198,3960.0518,3930.0745,3946.7424,3939.8131,531149601.0,720908759.2239,0.1759,-0.003975734519689023,0.0,-0.01721669115094293,-0.028707230672588624,0.01099386282549257,-0.008035466573277694,-0.00925559762298045,0.013909039776715513,0.33208813274020876,-1.7217
2025-11-20,3960.6993,3967.971,3927.5124,3931.0512,3946.7424,534749540.0,711341284.0043,-0.3976,-0.0244617521135313,0.0,-0.003832621867386865,-0.040563494118166954,0.010923723784094267,0.0009332808330726472,-0.004761458922110107,0.011696862672353224,-0.19666946577449984,-0.3833
2025-11-21,3896.6646,3912.0063,3834.749,3834.8908,3931.0512,631646251.0,824931134.7897,-2.4462,0.0004888535548390749,1.0,0.00019047139735151042,-0.045708219582366594,0.010710727157723287,0.006547647852454208,-0.00631582267234565,0.013729038951787793,0.03154082691693638,0.019
2025-11-24,3848.6565,3854.3305,3816.5757,3836.7655,3834.8908,504601716.0,715539247.3609,0.0489,0.008668056465791274,1.0,-0.023825679092816632,-0.05089630391766509,0.011825103478562339,-0.014520678274177912,-0.009442106610967005,0.011806977744249391,0.2840587734750937,-2.3826
2025-11-25,3850.571,3882.0299,3845.1383,3870.0228,3836.7655,478727611.0,722788782.8195,0.8668,-0.001508621602952842,0.0,0.01968594790963696,-0.025309767785969495,0.012599705107551366,0.00923274446253397,0.010357574607500197,0.015906410859309383,0.11103678774355075,1.9686
2025-11-26,3867.429,3879.9231,3861.1769,3864.1844,3870.0228,457589755.0,701019872.5289,-0.1509,0.002866064052222672,1.0,0.00692357047032055,-0.001368297684190889,0.012457843537674543,0.0090369995917019,-0.002094501115654346,0.012780899422549737,-0.4008518930712217,0.6924
2025-11-27,3867.1971,3895.5892,3864.1311,3875.2594,3864.1844,444021947.0,698519107.2485,0.2866,0.003441524456401668,1.0,0.001294867066622185,0.0037718756593427827,0.012454574804862667,0.005877298504897821,-0.004555656485226156,0.008851669559810815,-0.14405696352987363,0.1295
2025-11-28,3870.9438,3888.8885,3856.25,3888.5962,3875.2594,449931973.0,645755815.1049,0.3442,0.006534466088301993,1.0,0.0006884428002380538,0.0042716301595049355,0.012451804539079347,0.0006734011928379857,1.5031485180116988e-05,0.011610192501720098,0.044982237341233855,0.0688
2025-12-01,3894.2132,3914.4644,3890.9485,3914.0061,3888.5962,537554133.0,785658341.8602,0.6534,-0.004163125857162053,0.0,-0.0033546687283901866,0.025331859372038412,0.012050238807508369,0.0025102202927396178,-0.005850203721032621,0.00784361940389117,-0.3130632832996376,-0.3355
2025-12-02,3908.4559,3908.7688,3888.3275,3897.7116,3914.0061,455584494.0,627440672.4625,-0.4163,-0.005057326457914457,0.0,0.006743135532886413,0.012317383780841018,0.011941624230404107,0.003363640125310763,0.0033681661089028925,0.010276543192689308,0.16720308849440713,0.6743
2025-12-03,3894.1556,3901.696,3869.9528,3877.9996,3897.7116,485617270.0,647166528.2032,-0.5057,-0.00056892734078684,0.0,0.002373502204487732,0.007742942047650914,0.011812922422318604,0.005965061617331013,-0.0035702625765839935,0.01055111806973081,0.056348210022189704,0.2374
2025-12-04,3879.7417,3888.8595,3859.0491,3875.7933,3877.9996,445040290.0,623712571.5154,-0.0569,0.006970005340584118,1.0,-0.012811625193283827,-0.006454392303633871,0.012174079295599705,-0.004374776059061003,-0.008473920639362253,0.010425732083287877,-0.11954773899652871,-1.2812
2025-12-05,3873.1207,3907.7816,3863.3137,3902.8076,3875.7933,500368768.0,716742448.877,0.697,0.005449974013579384,1.0,0.006799884941148804,-0.00038657315424805994,0.011223935008619155,0.0016800766127356148,0.00511122108540496,0.013253894590720072,-0.003405590295056271,0.68
2025-12-08,3909.226,3936.3111,3904.7377,3924.0778,3902.8076,547349789.0,839439003.4334,0.545,-0.0037094575443942235,0.0,0.005751872886616605,0.008747088525455027,0.011145253491182677,-0.003963232430723496,0.00975376174219833,0.01439857494823786,0.31524674352336746,0.5752
2025-12-09,3916.5087,3923.8986,3902.1278,3909.5216,3924.0778,524538256.0,781160399.409,-0.3709,-0.002308620062362654,0.0,-0.012256815006892907,-0.010290681996799389,0.010803523557584046,-0.0006601474866092527,-0.011604328088304916,0.015198343267492401,-0.01696048253760729,-1.2257
2025-12-10,3901.1275,3906.1163,3876.4745,3900.496,3909.5216,497331504.0,730359828.4451,-0.2309,-0.006967934334505266,0.0,-0.012851751343664564,-0.02532357669366414,0.011053115987495915,0.0006058521984555476,-0.013449455160143398,0.01683384202665903,-0.022277720930413025,-1.2852
2025-12-11,3903.8948,3904.9632,3862.821,3873.3176,3900.496,525658600.0,764350151.5785,-0.6968,0.0041380804920310155,1.0,0.004189236316570311,-0.008538189717449796,0.010871916319496928,4.953953785902243e-05,0.00413949171020489,0.011133421377411397,-0.04610199755077282,0.4189
2025-12-12,3869.4127,3891.8068,3850.5968,3889.3457,3873.3176,573947130.0,909950905.4609,0.4138,-0.005508587215582228,0.0,-0.00040210205013313516,-0.015630458168022,0.010716827898566424,0.006649366229222409,-0.007004890199026836,0.012914249290742107,-0.14874387894513852,-0.0402
2025-12-15,3865.4021,3896.9769,3863.6296,3867.9209,3889.3457,500922790.0,764604815.504,-0.5509,-0.011145264113337938,0.0,0.017480261851408496,-0.004151415291806737,0.010973468209855236,0.009044080983889424,0.008360567220505377,0.012104732729585147,0.31370496845189777,1.748
2025-12-16,3861.5145,3862.4271,3815.8444,3824.8119,3867.9209,512494827.0,733294004.0204,-1.1145,0.011887015934038514,1.0,-0.013393109772223633,-0.0052970344679833525,0.01124272417913734,-0.009956965429523845,-0.0034707020025552815,0.00828277858811654,-0.13846444623616705,-1.3393
2025-12-17,3822.5086,3881.7519,3817.9955,3870.2775,3824.8119,512313692.0,766820526.3426,1.1887,0.0015743057183883469,1.0,-0.01535260222061996,-0.007817024537404849,0.011111584539845775,-0.003158936324958561,-0.012232306974501173,0.01800234735189354,0.040034012911400296,-1.5353
2025-12-18,3857.2568,3888.2853,3856.4229,3876.3705,3870.2775,461172625.0,704895595.1791,0.1574,0.0036314898176013077,1.0,0.009247719771543261,-0.0028190211888595718,0.011337204134296945,0.0003241476956388212,0.008920680457890517,0.012948075739605578,-0.1658085489685721,0.9248
2025-12-19,3878.227,3902.6708,3871.7767,3890.4475,3876.3705,513511893.0,738066004.8156,0.3631,0.006918561425131697,1.0,0.0011523912806188363,-0.0012682864541286865,0.011342969338470343,-0.0054164353376956464,0.00660460000718488,0.009834000686330446,0.05570323346807626,0.1152
2025-12-22,3900.535,3920.0121,3900.5152,3917.3638,3890.4475,522938992.0,789756386.7523,0.6919,0.0006674897031517801,1.0,0.0075456513869840425,-0.011019837324011239,0.010057855829082992,0.005337254143735315,0.0021966730409583857,0.007886460693392031,0.2506552394845105,0.7546
2025-12-23,3919.1063,3937.127,3910.7449,3919.9786,3917.3638,521156952.0,806853443.041,0.0667,0.005349110834431681,1.0,0.004330000198516704,0.0067459054004701535,0.009094081600227562,0.004103068329069037,0.0002260045573063696,0.00732877056253798,-0.35179450477382446,0.433
2025-12-24,3920.3466,3947.0408,3912.3107,3940.947,3919.9786,474896447.0,773928624.4676,0.5349,0.004738480370327203,1.0,-0.0010708567668032964,0.021348177025853676,0.008957899930017799,0.002871120857212528,-0.003930692131852598,0.007798302209499547,-0.052673482994556764,-0.1071
2025-12-25,3937.7196,3964.0733,3936.0782,3959.6211,3940.947,469313093.0,785018650.0911,0.4738,0.001024795023948144,1.0,,,,,,,,
2025-12-26,3957.8326,3977.7062,3945.5238,3963.6789,3959.6211,555489592.0,893644363.9347,0.1025,0.00040384199638365814,1.0,,,,,,,,
2025-12-29,3964.6513,3983.9787,3956.9455,3965.2796,3963.6789,563687197.0,903819726.7646,0.0404,-4.12833435503579e-05,0.0,0.0017377883413374207,0.01374820466469151,0.008962323059256452,0.00023085154344637537,0.0015065889994954063,0.004578232290194746,-0.5947545228562241,0.1738
2025-12-30,3947.8707,3979.9901,3947.4187,3965.1159,3965.2796,525932588.0,887533318.5884,-0.0041,0.0009392411455111382,1.0,-0.0071149346622807474,0.00537686489166056,0.009091783902541707,0.0042588906666543025,-0.011325590875660319,0.017513893875540105,0.8634253010388147,-0.7115
2025-12-31,3968.7256,3977.5358,3955.4871,3968.8401,3965.1159,490751490.0,829511897.4949,0.0939,0.013751272065609443,1.0,0.008557364221034813,0.006386399969171563,0.009287341159113116,4.564031608067509e-05,0.008511335444914225,0.012443422586807359,0.06806917216501063,0.8557
2026-01-05,3986.9721,4025.2632,3983.5759,4023.4167,3968.8401,596950455.0,1067334169.2015,1.3751,0.014974958969574237,1.0,0.02762056515391409,0.02189520193496275,0.011286345800720294,0.0033897061864478495,0.02414900094955108,0.024510213206588808,-0.10280640753458137,2.7621
2026-01-06,4026.0158,4083.6672,4025.088,4083.6672,4023.4167,702472270.0,1175768705.035,1.4975,0.0005154925455237436,1.0,0.0003329730238696982,0.02046211829847322,0.01084287832005946,0.0008721083646847649,-0.0005386655660690742,0.0071947990904559,0.9076477289509217,0.0333
2026-01-07,4083.843,4098.7771,4069.4358,4085.7723,4083.6672,683384352.0,1197422798.2767,0.0515,-0.0006837140679621934,0.0,0.013785504667661597,0.04194306038994,0.011141770101239283,0.0058890418882584505,0.007850232431779736,0.013654940707261953,0.029015394440607523,1.3786
2026-01-08,4077.715,4093.8718,4067.1216,4082.9788,4085.7723,666131337.0,1183188755.9514,-0.0684,0.009171539171352272,1.0,-0.009415790449056494,0.023374950685758122,0.01135355238518964,-0.004066573195135148,-0.00537105905871893,0.011359973343766214,-0.041799214194400136,-0.9416
2026-01-09,4086.7624,4121.7226,4083.6155,4120.426,4082.9788,729837985.0,1289205972.2632,0.9172,0.010887466490115294,1.0,-0.01170265637903245,0.020240307071173635,0.011320709272565007,-0.005902350622379315,-0.005834744464273234,0.01305229421424503,-0.1168473366158409,-1.1703
2026-01-12,4134.893,4168.3569,4119.8793,4165.287,4120.426,839456089.0,1446230122.0053,1.0887,-0.006368948886355308,0.0,0.0031541941259636275,-0.004050349166067724,0.01086122487759655,0.004712552644792423,-0.0015510491182048058,0.007071314692433561,-0.0004934464248158577,0.3154
2026-01-13,4169.7041,4179.702,4126.2343,4138.7585,4165.287,868382717.0,1481574218.6134,-0.6369,-0.003060168888810444,0.0,0.014360057014789929,0.009915270062442971,0.01122095041458889,0.00552955021369117,0.008781946586475131,0.016038554745978113,0.10472484461777398,1.436
2026-01-14,4138.6454,4190.8663,4103.6205,4126.0932,4138.7585,952551289.0,1607041237.7679,-0.306,-0.0032699212901928787,0.0,0.00901930512378013,0.005167265995144277,0.011307397377030954,0.013155204656560615,-0.00408219739065796,0.01556345946856036,0.025264328390042223,0.9019
2026-01-15,4106.2241,4133.0726,4096.8496,4112.6012,4126.0932,680250791.0,1175915097.3961,-0.327,-0.0025989634005845197,0.0,0.005636820273185128,0.020441476324646324,0.010784027049284722,0.004599889677139979,0.0010321826696382264,0.011823765004113855,0.27280917075370326,0.5637
2026-01-16,4127.0632,4140.2251,4091.8106,4101.9127,4112.6012,763588465.0,1338017280.024,-0.2599,0.002946771636558765,1.0,-0.0028218717094676826,0.029611106373361284,0.010235577409409122,-0.0010166738210379833,-0.0018070350536624202,0.014758992748467549,-0.30529475367080217,-0.2822
2026-01-19,4090.7185,4126.5175,4090.0567,4114.0001,4101.9127,688905870.0,1190137813.599,0.2947,-8.534273005966764e-05,0.0,-0.00292159821004756,0.023375072764763694,0.009439861347612872,0.0063598431414497725,-0.009222785879973494,0.016148274266239104,-0.05990608717653956,-0.2922
2026-01-20,4116.3659,4128.9304,4080.2938,4113.649,4114.0001,734362496.0,1221485626.2085,-0.0085,0.00080001964192844,1.0,-0.01046974925647115,-0.0016754057353144391,0.009791308325154478,-0.0075753512018643665,-0.0029164915020117865,0.006776318534279935,-0.20486193705273514,-1.047
2026-01-21,4103.5291,4135.9585,4103.5291,4116.94,4113.649,666989507.0,1180184557.0062,0.08,0.0013689779302104021,1.0,-0.0028757072568411646,-0.013444341521137049,0.009854188597053637,-0.00071525641942638,-0.002161997219805034,0.010340725571169846,0.01030263774498863,-0.2876
2026-01-22,4126.0717,4140.8378,4109.9232,4122.576,4116.94,709695409.0,1201764210.2374,0.1369,0.0032960459673758713,1.0,0.003682867887544017,-0.01536121920857958,0.009776311761065694,-0.0034155720941680956,0.007122768310386274,0.01116526241991029,0.07904277425244288,0.3683
2026-01-23,4130.1076,4143.7498,4120.204,4136.1642,4122.576,782115454.0,1336857054.8376,0.3296,-0.0008604590697826042,0.0,0.0016889185128790007,-0.01090715141574572,0.009757559785056068,0.0062234202217335,-0.00450645613859324,0.010535240469647303,-0.002604515964097942,0.1689
2026-01-26,4144.7782,4160.9852,4124.7004,4132.6052,4136.1642,887439731.0,1451859840.0273,-0.086,0.0017661740347225674,1.0,0.0044893045276823695,-0.0035556022434006795,0.009755891175980313,0.008689461043125846,-0.004163973827088552,0.0077435339745158885,-0.0647057088730687,0.4489
2026-01-27,4125.2155,4158.8019,4101.8299,4139.9041,4132.6052,754990869.0,1289432378.9454,0.1766,0.002737672111776668,1.0,0.0005985156363612631,0.007589999962354987,0.009760236965894193,0.0035338965087585716,-0.002925044069372551,0.010901508102391294,0.0429385331675487,0.0599
2026-01-28,4150.2152,4170.1468,4138.0188,4151.2378,4139.9041,823026748.0,1365526057.112,0.2738,0.001625226095214316,1.0,0.013503567276107464,0.024141189564440113,0.009852303283088054,0.0036476033344392533,0.009820143951844829,0.013419877514055484,0.04565295143181025,1.3504
2026-01-29,4155.9185,4170.2138,4138.2992,4157.9845,4151.2378,905908371.0,1485795395.4162,0.1625,-0.009628919973126204,0.0,0.025803121987543642,0.04671232639685585,0.011056627238357384,0.007333666335507694,0.01833499293161167,0.02096844650799302,0.49996772528250055,2.5803
2026-01-30,4131.9929,4152.8501,4064.7769,4117.9476,4157.9845,804342746.0,1269855689.0279,-0.9629,-0.02481847996317399,0.0,0.005073506185199861,0.05024904280742448,0.010665129410947972,-0.00718010012610093,0.012342224720573336,0.01596296534541554,-0.13864182225084143,0.5074
2026-02-02,4079.7075,4103.4073,4013.6557,4015.7464,4117.9476,732953698.0,1163532654.1618,-2.4818,0.012946908201175278,1.0,-0.020772959469166463,0.02383595063984356,0.010615687242296851,-0.006511349184016524,-0.014355081231613886,0.017992648049974136,0.0070490664622440136,-2.0773
2026-02-03,4043.9061,4069.4179,4002.782,4067.7379,4015.7464,637684249.0,1110720213.0163,1.2947,0.008472546866896247,1.0,-0.0223294827384124,0.0003754830842068735,0.011931746774497124,-0.010580524925777102,-0.011874597285194799,0.02163316976490039,0.0880460382304058,-2.2329
2026-02-04,4064.6772,4104.6207,4062.6825,4102.202,4067.7379,674254244.0,1063544769.9283,0.8473,-0.006407607426450523,0.0,0.002210970672146262,-0.010770838594091892,0.011547052205981567,0.008223541086146868,-0.005963529087530728,0.025944545718354466,-0.344721264735357,0.2211
2026-02-05,4075.0254,4088.9041,4048.939,4075.9167,4102.202,596722236.0,946988891.2706,-0.6408,-0.002535208827992075,0.0,0.0004676768237625861,-0.035202974387023245,0.011318798747169505,-0.0014056390272769725,0.0018759527634570894,0.015317440768078163,-0.1376271212450888,0.0468
2026-02-06,4040.2992,4095.0303,4029.9731,4065.5834,4075.9167,556709801.0,898655032.959,-0.2535,0.01414466125575009,1.0,0.0014124314829191409,-0.03871733822366841,0.010930200547258984,-0.008171020422150121,0.009662403602229919,0.018944907722632985,0.06642547598170445,0.1412
2026-02-09,4103.5396,4123.1587,4093.0561,4123.0897,4065.5834,572632582.0,949726335.9658,1.4145,0.0012814176708304537,1.0,-0.01209920387543506,-0.03020252958417302,0.01132956608661614,-0.019746894578586693,0.007801751058838846,0.01544750948847774,-0.09067175962023555,-1.2099
2026-02-10,4127.7658,4134.3382,4117.5635,4128.3731,4123.0897,524620969.0,882201747.0438,0.1281,0.0008748966996223739,1.0,0.017590771066963606,0.009396251881846007,0.011555614671768567,0.01590891549118134,0.0016555180785760015,0.008751522499101178,-0.06333785548159021,1.7591
2026-02-11,4124.4277,4142.5612,4122.4283,4131.985,4128.3731,500685278.0,822607547.2508,0.0875,0.0004919669359884082,1.0,0.0057716016037201445,0.012982410506965358,0.011457089239847621,0.006504567997525523,-0.0007282295750167256,0.010834656693489132,-0.06817039028911154,0.5772
2026-02-12,4136.99,4140.5931,4124.1308,4134.0178,4131.985,529370116.0,897955034.8388,0.0492,-0.01256530632258035,0.0,0.0030618232250492206,0.015609006783544821,0.011412861255977546,0.002318715822117623,0.0007413883340710026,0.007070924451360461,-0.06076899664309998,0.3062
2026-02-13,4115.9243,4123.8443,4079.7702,4082.0726,4134.0178,500799472.0,846808337.4621,-1.2565,0.008656460446097913,1.0,-0.00857612928448881,0.005478842666087447,0.011573820047333065,-0.0020472097872911155,-0.006542312984370802,0.010381649489224447,0.10461971630981282,-0.8576
2026-02-24,4129.1338,4131.5499,4105.9369,4117.4089,4082.0726,566322249.0,938611375.9998,0.8656,0.00724280748506656,1.0,0.025311442887782087,-0.00676547455144394,0.013515003132922391,0.01459943551272369,0.010557868455391972,0.013527629020930616,0.06929178047139217,2.5311
2026-02-25,4123.7808,4167.8438,4122.6987,4147.2305,4117.4089,724787214.0,1085969561.1741,0.7243,-0.00014453018707305532,0.0,-0.018151969340419516,-0.016358803131337307,0.01417485409920646,-0.006211895689779645,-0.012014707762000643,0.01598188606342757,0.39037718044306224,-1.8152
2026-02-26,4151.068,4152.1926,4127.1531,4146.6311,4147.2305,651702826.0,1067198717.4341,-0.0145,0.0039189403658310695,1.0,0.006596385451547837,0.00747540568943883,0.014217579609760621,0.005824676047524013,0.0007672404767957719,0.008931821805830091,-0.07118299761517477,0.6596
2026-02-27,4128.8974,4166.2344,4128.36,4162.8815,4146.6311,682047646.0,1072367831.6098,0.3919,0.004734557061016442,1.0,-0.014372862004085829,-0.01216658166685003,0.014580890341062268,0.009490497546862153,-0.023639013550833643,0.024324397027242355,0.14907374143757401,-1.4373
2026-03-02,4151.8011,4188.7702,4131.3676,4182.5909,4162.8815,861579218.0,1345892469.3952,0.4735,-0.014324829138799955,0.0,0.009458315106845694,0.008222735851378227,0.014401580575234696,0.002502935822799923,0.0069380138805652525,0.012349787839893957,0.12709961278426718,0.9458
2026-03-03,4189.4079,4197.228,4116.011,4122.676,4182.5909,921139170.0,1425790202.3362,-1.4325,-0.009751433292356726,0.0,-0.021429907166734208,-0.037739583360257845,0.013658809708645471,-0.012202531379386206,-0.009341364075606928,0.019560249247668197,0.3324182034379959,-2.143
2026-03-04,4087.632,4106.0397,4055.4125,4082.474,4122.676,765169531.0,1113081986.0775,-0.9751,0.006391467526798644,1.0,-0.011196150399944593,-0.030922531206845072,0.013625436439393611,0.005003482368471257,-0.016118981727544335,0.01887693137143922,0.024026019374765895,-1.1196
2026-03-05,4109.777,4125.6166,4090.6213,4108.567,4082.474,689746535.0,1068043734.805,0.6391,0.0038035159217313375,1.0,-0.020125674865958287,-0.05664857885384744,0.013584204824630219,-0.011593413246155815,-0.008632339903586028,0.019854797097804685,-0.0003188470517709874,-2.0126
2026-03-06,4085.8954,4129.4647,4085.8954,4124.194,4108.567,646765760.0,978805927.0539,0.3804,-0.006690204195050176,0.0,0.0028459992047360494,-0.04016827249287558,0.012944511493353891,0.013234728002319285,-0.010253032698618103,0.019799219627493248,-0.3001109704284559,0.2846
2026-03-09,4098.6987,4106.5336,4052.5454,4096.6023,4124.194,797803556.0,1194106193.2084,-0.669,0.006477489894491484,1.0,0.017216703381416565,-0.032791299012337016,0.013659784383473629,0.0014699064109562343,0.015723684625625456,0.021289947530422963,0.05189870204479341,1.7217
2026-03-10,4098.5869,4123.9578,4098.5869,4123.138,4096.6023,674922194.0,1036427205.2934,0.6477,0.002496908907730022,1.0,-0.013542962011919846,-0.024995922846831387,0.013886206515867148,-0.026460470026155702,0.013268601445062034,0.02083371348460956,0.36772058789477846,-1.3543
2026-03-11,4123.6663,4135.8392,4112.7998,4133.4331,4123.138,707727169.0,1063600874.3943,0.2497,-0.001047676325038438,0.0,0.02170300758093968,0.007444093622807735,0.014903280446821925,0.013059823381661229,0.008531760908676578,0.013700554854564211,-0.4097945693406846,2.1703
2026-03-12,4133.1996,4141.6488,4103.1636,4129.1026,4133.4331,786151182.0,1078215329.7731,-0.1048,-0.008150463492963334,0.0,-0.0023551708596721843,0.02571458897371337,0.014701416264385108,0.005862118112935688,-0.008169398990812038,0.012732714686882494,-0.11231288809729634,-0.2355
2026-03-13,4117.5738,4134.0794,4086.8469,4095.4485,4129.1026,792054764.0,1063918169.3964,-0.815,-0.002603548793251753,0.0,-0.007027363472227988,0.015616077190227617,0.014065962153508952,-0.006922725257888729,-0.00010536764560087342,0.01588608875482843,-0.03175690441910106,-0.7027
2026-03-16,4092.2491,4096.1333,4048.0866,4084.7858,4095.4485,732227098.0,1037223833.9626,-0.2604,-0.008538636224205476,0.0,-0.00976639358923903,-0.011324560930129013,0.01402059315960884,-0.005179890468317128,-0.004610384407167878,0.010782851338971134,-0.08935062223847723,-0.9766
2026-03-17,4086.2953,4108.4,4049.5801,4049.9073,4084.7858,678771224.0,951228129.2607,-0.8539,0.0032289874881827885,1.0,0.014467359889419606,0.01674875218726357,0.014510585199025686,-0.0011517498115103386,0.015637119750655293,0.021162666499120315,0.07998472585496152,1.4467
2026-03-18,4053.3052,4065.3734,4023.0295,4062.9844,4049.9073,623873102.0,876327491.3596,0.3229,-0.013889322341478882,0.0,0.001336222546858723,-0.0035192739571415776,0.014464740491516371,0.00404156999181704,-0.0026944576059537706,0.015684357293212544,-0.039434115200231545,0.1336
2026-03-19,4028.542,4042.0221,3994.1651,4006.5523,4062.9844,667255422.0,935264956.1067,-1.3889,-0.012354662136820127,0.0,0.006064509245593097,0.004890581634024116,0.014116683035039502,0.002106419612393884,0.0039497697607109306,0.012607205509085593,-0.13460534254768497,0.6065
2026-03-20,4004.5732,4022.7033,3955.7113,3957.0527,4006.5523,666798387.0,964863108.6287,-1.2355,-0.03633254619024917,0.0,-0.020166437275555893,-0.00840619113760821,0.014664670229510004,-0.018246007172986856,-0.0019561215096655094,0.011095690290492928,0.33700724444790353,-2.0166
2026-03-23,3904.9513,3906.622,3794.6844,3813.2829,3957.0527,804738850.0,1086248286.0136,-3.6333,0.01783156450312151,1.0,-0.008755094982153433,-0.007393503392812195,0.014603673366020517,-0.006403775914116561,-0.002366473433612404,0.017349409307553076,0.25900435310221326,-0.8755
2026-03-24,3849.6312,3881.4236,3807.9937,3881.2797,3813.2829,680622039.0,931418842.7114,1.7832,0.01302606457349631,1.0,-0.03540130045432022,-0.056187538757034305,0.014913846239830287,-0.019312965140291793,-0.016405167746843863,0.023167012958652203,0.10154226310277537,-3.5401
2026-03-25,3892.269,3933.0613,3891.8159,3931.8375,3881.2797,688343626.0,967854261.2445,1.3026,-0.010873796284815884,0.0,0.02793974523499876,-0.031112308618886142,0.01629313751637464,0.015476282755602533,0.012273514104706784,0.021392008274797432,-0.26955280720020447,2.794
2026-03-26,3924.9621,3937.1041,3880.5729,3889.0835,3931.8375,615973981.0,848361335.0723,-1.0874,0.006335760083320485,1.0,0.010861919484385973,-0.026492175726654854,0.016450123205818623,0.008650355434211443,0.00219259730416943,0.01496586099982798,0.16195203277927206,1.0862
2026-03-27,3852.0936,3924.1075,3852.0936,3913.7238,3889.0835,561342963.0,799696430.8856,0.6336,0.002443478510159469,1.0,-0.018926466147904497,-0.025260209767777875,0.016651741114461063,-0.0027151142941157502,-0.016255487359877363,0.019139996724022595,-0.1408434722163623,-1.8926
2026-03-30,3884.2769,3924.2893,3872.7756,3923.2869,3913.7238,595589479.0,839822434.6653,0.2443,-0.008010222245026344,0.0,0.0038400526543835856,-0.0128747826114477,0.016479853648892838,-0.0035310782763252613,0.007397251203739019,0.015394407000522659,-0.1532199909245726,0.384
2026-03-31,3924.067,3948.8107,3891.8605,3891.8605,3923.2869,606704983.0,891945339.5537,-0.801,0.014566709161338176,1.0,-0.008059112179122363,0.015105934714571667,0.015961058595159873,-0.016793524175332752,0.008883598929598557,0.016122632843697582,0.19641378358757322,-0.8059
2026-04-01,3939.5658,3955.943,3929.9213,3948.5521,3891.8605,564611598.0,897278213.909,1.4567,-0.007412058713876402,0.0,0.0015090427416659669,-0.010994780900353551,0.01584716383253867,0.002723549430139416,-0.0012112079038770762,0.017331163974968037,-0.08665429867505736,0.1509
2026-04-02,3940.7989,3952.5761,3900.1164,3919.2852,3948.5521,544212835.0,811896566.9717,-0.7412,-0.009998889593439086,0.0,0.02040855021796717,-0.0016545659428599535,0.01597389564123586,0.02295815660231071,-0.0024923858008150113,0.009120087267540029,0.013834006383845576,2.0409
2026-04-03,3927.5923,3929.5285,3871.3004,3880.0967,3919.2852,492699082.0,713830332.0601,-0.9999,0.002594729146827568,1.0,,,,,,,,
2026-04-07,3884.1505,3902.6065,3875.6843,3890.1645,3880.0967,473615076.0,723905837.2612,0.2595,0.026948217742463143,1.0,,,,,,,,
2026-04-08,3930.2507,3994.9975,3926.2489,3994.9975,3890.1645,644135352.0,1074211701.2704,2.6948,-0.0072155990085099875,0.0,-0.007017466176801435,0.010464093194396673,0.016040340238893253,-0.001563214719046191,-0.005462790973011278,0.01394479250637408,-0.18860926658864763,-0.7017
2026-04-09,3967.6296,3979.1271,3955.2458,3966.1712,3994.9975,541569801.0,902481840.1008,-0.7216,0.0050561357512757255,1.0,0.030915496686843458,0.037718199991343404,0.01708538327238091,0.026119452010289645,0.004673963316022878,0.010571125868103676,0.42189895755026185,3.0916
2026-04-10,3985.464,4011.0243,3979.814,3986.2247,3966.1712,546415541.0,955664107.2136,0.5056,0.0005853408113194458,1.0,-0.0054308072214055425,0.040467799209641386,0.016831322700685835,-0.005275939229954618,-0.00015568939926013936,0.0077692752718685676,-0.5124623918233873,-0.5431
2026-04-13,3971.1985,3991.2622,3966.1981,3988.558,3986.2247,545781768.0,919436481.788,0.0585,0.009544201187496881,1.0,0.005480654230285209,0.044593906602109046,0.016148353677995008,0.005416194218791137,6.411276431061985e-05,0.008943632438141676,-0.12586478269422585,0.5481
2026-04-14,4006.7267,4026.6256,3992.4071,4026.6256,3988.558,570259003.0,998435132.0197,0.9544,0.00014500975705322716,1.0,-0.008986411282505324,0.014502236298446602,0.0162668097324894,-0.007140777197710335,-0.001858908133608006,0.008065718322021716,-0.11700600465260358,-0.8986
2026-04-15,4039.4711,4050.6208,4020.9039,4027.2095,4026.6256,569458589.0,1028851871.4524,0.0145,0.007036460357972452,1.0,0.008240958502933493,0.030091338254129907,0.016294487989287107,0.010465358707915096,-0.0022013621603277356,0.012726000892410085,0.1678502884594799,0.8241
2026-04-16,4030.1378,4057.8314,4028.9086,4055.5468,4027.2095,545876967.0,976565489.6545,0.7036,-0.0010162378103983905,0.0,0.0028988509727769785,0.002097090258301293,0.016122657749614248,0.011438092911652209,-0.008442673850945326,0.010407261505732847,0.10994163570421733,0.2899
2026-04-17,4043.3813,4058.6041,4038.4287,4051.4254,4055.5468,548791406.0,1013520660.2311,-0.1016,0.007577999585034911,1.0,0.017224900297988288,0.024924278902160424,0.01625459073239532,0.006762933512979297,0.010391688486685924,0.0108015008871822,-0.0742378107085706,1.7225
2026-04-20,4053.3745,4083.1902,4051.685,4082.1271,4051.4254,589841379.0,1084578006.427,0.7578,0.0007225399718691072,1.0,-0.008862911860381684,0.010303342069102994,0.01640930827662716,-0.006944312892272708,-0.0019320154881715679,0.010059762993923697,-0.004393884219147992,-0.8863
2026-04-21,4075.8454,4086.6369,4062.1326,4085.0766,4082.1271,576689450.0,1033349016.2144,0.0723,0.005185092490064935,1.0,0.007673450602496246,0.02728748268276382,0.016440962633075498,0.0016926391983587141,0.005970705154551004,0.01211949543449946,0.028238499228766756,0.7673
2026-04-22,4074.8131,4106.8441,4074.6796,4106.2581,4085.0766,582466346.0,1093625892.3736,0.5185,-0.003167847632373544,0.0,0.004795328869427573,0.023776762192180723,0.015698717831534623,0.0030810585458025397,0.0017090047798431485,0.007111623314228184,-0.15526504127423735,0.4795
2026-04-23,4110.7883,4114.8443,4070.4598,4093.2501,4106.2581,671166092.0,1234396207.6192,-0.3168,-0.0032613936783388864,0.0,-0.012241255113736638,0.008321475975168191,0.015843312556630143,-0.006942147761886064,-0.00533615170546986,0.008689010808125114,0.040665884774787386,-1.2241
2026-04-24,4081.0326,4092.6131,4061.1453,4079.9004,4093.2501,605031798.0,1143000195.131,-0.3261,0.0015794013010710373,1.0,-0.009480477188605119,-0.01815015840565326,0.01352712853429695,-0.002462615486461206,-0.00703518666176739,0.010492584251797577,0.017679719288175022,-0.948
2026-04-27,4074.8109,4092.8305,4071.0803,4086.3442,4079.9004,589950867.0,1136051921.7098,0.1579,-0.0018859889482633063,0.0,0.0024259893807494493,-0.006967037495322237,0.012203483261087496,-0.00700708464530464,0.009499638799220111,0.014097132184972593,0.10129520387378399,0.2426
2026-04-28,4076.1431,4090.2014,4062.872,4078.6374,4086.3442,600507498.0,1113955561.9355,-0.1886,0.007080060610438199,1.0,-0.0020178558299365212,-0.016517538931462128,0.012042412723545937,-4.2343407343103934e-05,-0.001975596076062791,0.008768164840575103,-0.1037523962335154,-0.2018
2026-04-29,4061.8221,4112.1518,4061.8221,4107.5144,4078.6374,614221451.0,1126615371.0646,0.708,0.0011308298760925872,1.0,-0.009483658076075319,-0.03049365209525412,0.0113777557814289,-0.004292274253490325,-0.005213762722080739,0.011072046409636759,0.22678111892500574,-0.9484
2026-04-30,4107.2974,4118.7552,4100.9656,4112.1593,4107.5144,656912728.0,1276194739.0575,0.1131,0.011676201357277094,1.0,0.01682491049378143,-0.001964588483689411,0.011866765627171177,0.006341565231477997,0.010417283380213194,0.012518798837061671,0.1477393317750213,1.6825
2026-05-06,4135.4505,4166.1469,4129.9108,4160.1737,4112.1593,701177480.0,1465903193.4,1.1676,0.004787901043651122,1.0,-0.007559430837358216,-0.001042982528885572,0.011800667472071955,-0.005753015418525909,-0.0018168678878043298,0.009786602329563111,-0.200541868614458,-0.7559
2026-05-07,4168.4467,4180.2099,4163.1365,4180.0922,4160.1737,685574249.0,1359099509.9785,0.4788,-3.3444238383029123e-05,0.0,0.012169378974392853,0.020794570669997903,0.011873087413273448,0.005059731004868562,0.007073856160186409,0.012972124758819068,0.8719481523991881,1.2169
2026-05-08,4163.8537,4183.0631,4154.2456,4179.9524,4180.0922,697019094.0,1331673066.1308,-0.0033,0.01078201273296786,1.0,0.015735998394737383,0.01970140748411442,0.010325648797163748,0.012114620630828465,0.0035780312724380536,0.005740110735651155,0.11819989365018735,1.5736
2026-05-11,4201.3465,4229.5795,4186.0819,4225.0207,4179.9524,762736287.0,1584366746.2392,1.0782,-0.0024926741779041084,0.0,-0.008734603557087217,0.02394348657480272,0.010466944512891202,-0.01000853292311199,0.0012868084305679428,0.007349505826574435,-0.2647335769696415,-0.8735
2026-05-12,4229.2833,4230.1839,4199.344,4214.4891,4225.0207,718984002.0,1465272590.5791,-0.2493,0.006663417399750848,1.0,0.0004974670101323131,0.011916057247350897,0.010420962262673781,-0.0031386265894411958,0.003647541871477422,0.007876118969254456,0.005960250191332506,0.0497
2026-05-13,4192.3145,4245.0684,4192.3145,4242.572,4214.4891,705018739.0,1447463947.6851,0.6663,-0.015239458517144922,0.0,-0.0022316187775591745,0.01734842140176629,0.010185941451380723,0.003415402978925064,-0.005627800549721895,0.009979611343121662,0.0009088254057978418,-0.2232
2026-05-14,4256.1569,4258.8631,4177.9175,4177.9175,4242.572,764235004.0,1498116800.6216,-1.5239,-0.010179257967635635,0.0,0.0015382624276460977,0.006662907829393605,0.010057472249035259,0.0008380171330477637,0.0006996589683954113,0.009062578398058992,-0.08879735268800992,0.1538
2026-05-15,4174.175,4191.8068,4114.0856,4135.3894,4177.9175,733162357.0,1519240026.4587,-1.0179,-0.0009338419255027208,0.0,2.273722887746743e-05,-0.00890999418619487,0.010049994166509516,0.01698546787911681,-0.016679422849192105,0.018111718616181886,0.1023315392338695,0.0023
2026-05-18,4120.1401,4145.6612,4108.6044,4131.5276,4135.3894,627233137.0,1315084195.4472,-0.0934,0.009200035357382008,1.0,-0.016154812755598602,-0.016328890481861036,0.009966206547133151,7.50311492951905e-05,-0.016228626252414724,0.02060969250870812,0.04248626196488914,-1.6155
2026-05-19,4122.9608,4170.2887,4107.9944,4169.5378,4131.5276,617611067.0,1306522478.0073,0.92,-0.0017635767686288162,0.0,-0.011075491675952343,-0.027707215251805972,0.010072404791014924,-0.004767218239376203,-0.0063384904036385414,0.012835707184876166,-0.07740041492509953,-1.1075
2026-05-20,4152.6984,4169.8468,4139.9744,4162.1845,4169.5378,624152035.0,1358926939.2202,-0.1764,-0.020399864542285484,0.0,0.004777765920238819,-0.020876798197655977,0.009963090242082223,0.0007084663087073562,0.00406641869089186,0.0067902152974195365,0.027138263898928372,0.4778
2026-05-21,4174.3772,4199.5269,4074.2167,4077.2765,4162.1845,727218701.0,1595726694.7148,-2.04,0.008736984111820778,1.0,-0.005687683275931943,-0.027941022659922266,0.009916014337903671,-0.0034200524462310034,-0.0022754128610223967,0.0061427599586786315,-0.08078758466210267,-0.5688
2026-05-22,4096.1723,4120.0875,4067.7471,4112.8996,4077.2765,589459644.0,1285847521.7372,0.8737,0.009645020267453175,1.0,-0.01031533905731985,-0.037990014036130115,0.009815633622835716,0.007099884917305843,-0.017292449572721136,0.019179669347771152,0.057156470996460484,-1.0315
2026-05-25,4126.3376,4153.8788,4119.7996,4152.5686,4112.8996,615930861.0,1445655378.3924,0.9645,-0.0017328070149160713,0.0,,,,,,,,
2026-05-26,4137.3196,4150.2888,4104.4593,4145.373,4152.5686,654777756.0,1461685377.7477,-0.1733,-0.012458806481346674,0.0,0.008646714870726546,-0.013738924989783463,0.009872810995144757,0.010055730363988324,-0.0013949878713662711,0.009813081903309276,0.08028403972601872,0.8647
2026-05-27,4138.8053,4153.5614,4077.616,4093.7266,4145.373,660467399.0,1473449050.9979,-1.2459,0.0011992007477978905,1.0,-0.00025697072134955867,-0.002949541152194479,0.009848390973441624,0.0006377404072401838,-0.0008941408988086819,0.013169163669651358,0.21869573245149354,-0.0257
2026-05-28,4080.3044,4110.7821,4055.8275,4098.6358,4093.7266,621179950.0,1361325732.8784,0.1199,-0.007335782310787353,0.0,-0.010594758871772636,-0.018203842568276007,0.010093055481273634,0.00036446095521580624,-0.01095522707446428,0.01485891298445869,-0.0938392331772473,-1.0595
2026-05-29,4110.5212,4112.9553,4055.8861,4068.5691,4098.6358,731597710.0,1532067352.9818,-0.7336,-0.0026616482930080787,0.0,-0.012715851048415105,-0.025143541490585952,0.010258597971508025,-0.0038553819196998074,-0.008894761832665021,0.01987189787837537,0.1309116772744634,-1.2716
2026-06-01,4067.1578,4093.0405,4045.6898,4057.74,4068.5691,676025806.0,1319801913.9509,-0.2662,0.0042786378624555255,1.0,0.007047463504992413,-0.008040881538706413,0.009559648026482603,0.006212869149041733,0.0008294411466398532,0.010298662409582379,0.46806937838613294,0.7047
2026-06-02,4061.4629,4089.5747,4032.5826,4075.1016,4057.74,642244656.0,1280966176.1609,0.4279,0.0021772217900040136,1.0,0.008569083395182142,-0.0081172286371608,0.009452459954496716,-9.292207768996086e-05,0.008662810439216795,0.012407877091888385,-0.6027815480990792,0.8569
2026-06-03,4068.3408,4107.0458,4059.9067,4083.974,4075.1016,668452583.0,1429755844.6078,0.2177,-0.006413581477257235,0.0,0.025204168172680008,0.01714372769727479,0.010733696732545948,-0.0001224497188381246,0.02532971950855023,0.025609315313144497,0.012959144642504583,2.5204
2026-06-04,4053.6702,4080.7178,4043.4331,4057.7811,4083.974,621194774.0,1274652182.4071,-0.6414,-0.00740426830811558,0.0,-0.015558223418407957,0.012041109860420507,0.011168218703045896,-0.0032763250470845273,-0.0123222701335991,0.014730597058489092,-0.16685780833939745,-1.5558
2026-06-05,4044.8292,4078.9317,4015.0629,4027.7362,4057.7811,662918577.0,1363887868.5149,-0.7404,-0.01698184702364569,0.0,-0.014817106402202351,0.00988716380283905,0.011192785936527377,-0.006550486653836951,-0.008321127180908827,0.012135429000113513,-0.13171515569082892,-1.4817
2026-06-08,3938.7093,4007.493,3927.8527,3959.3378,4027.7362,659293555.0,1267277235.7119,-1.6982,0.01280337838312251,1.0,-0.011541020219059672,-0.0087537362418737,0.01058843641195628,-0.0026641957122606197,-0.008900537280057352,0.011405988896544657,0.250379747981345,-1.1541
2026-06-09,3977.5394,4010.8715,3955.908,4010.0307,3959.3378,576570090.0,1173088930.4133,1.2803,-0.004190716046138854,0.0,-0.012214189997175717,-0.029180043609423945,0.010712557643352404,-0.015184711130340367,0.0030163231285473824,0.015200735519460567,0.06285344156374251,-1.2214
2026-06-10,3985.1244,4006.3127,3963.4417,3993.2258,4010.0307,598694739.0,1227070067.0914,-0.4191,-0.0015554091631883038,0.0,-0.003697115552300234,-0.056548195121651434,0.010674405367224185,-0.004263687560479679,0.000568998038036117,0.010311853886878728,-0.12511936145868674,-0.3697
2026-06-11,3979.7057,3997.4777,3958.4371,3987.0147,3993.2258,568545244.0,1185554610.7341,-0.1555,0.011160781524081065,1.0,-0.0064292372760615946,-0.047799319710641,0.010688320939857658,-0.005022409111817616,-0.0014139294966313276,0.012168493725041633,0.16012099870540908,-0.6429
2026-06-12,4017.8648,4060.271,4008.1769,4031.5129,3987.0147,743131092.0,1537401519.4247,1.1161,0.01611276005094764,1.0,-0.006500748116597954,-0.03976137866584306,0.010629480433904945,-0.0011447085295124282,-0.005362177717655681,0.02019996755156928,-0.14188986748697552,-0.6501
2026-06-15,4053.5822,4097.1657,4051.0651,4096.4717,4031.5129,678907811.0,1403586231.2391,1.6113,-0.0011180353082873573,0.0,0.019332937170531528,-0.009768868217427062,0.011838129356651024,0.010400716886968642,0.008840275085198801,0.013447816410294989,0.09238793648818167,1.9333
2026-06-16,4094.2124,4103.9259,4077.8702,4091.8917,4096.4717,615668296.0,1369612989.6744,-0.1118,0.003955261083767203,1.0,0.005039626832159527,0.0075276614486883275,0.011562751861040315,0.01146204603104617,-0.006349639340485491,0.010178775876786735,-0.03132319803373562,0.504
2026-06-17,4074.2913,4109.9579,4073.7319,4108.0762,4091.8917,608077413.0,1403145909.875,0.3955,-0.004283002345477516,0.0,-0.014037138520134773,-0.0029288566671688,0.011701353634600163,-0.0006633747499765752,-0.013382641476601842,0.018769721612048984,-0.14506169916780998,-1.4037
2026-06-18,4094.2301,4117.451,4080.2938,4090.4813,4108.0762,658116068.0,1560473972.7154,-0.4283,0.017752238593536696,1.0,-0.0074218327382884475,-0.003924949073990547,0.011631437981540132,7.757017549225864e-05,-0.007498821228901997,0.012497780064056592,-0.02909788851166617,-0.7422
2026-06-22,4093.9546,4164.4178,4070.1723,4163.0965,4090.4813,743699355.0,1704000421.6505,1.7752,-0.013654451680377822,0.0,-0.015932356483340016,-0.013381010330611676,0.0119811127282659,-0.006867756711045003,-0.009127283736429348,0.01699807832788195,0.45916358192663154,-1.5932
2026-06-23,4153.593,4175.3476,4085.5908,4106.2517,4163.0965,709003913.0,1594542362.3801,-1.3654,0.0011109158262265773,1.0,-0.006532549265804044,-0.03841638313624418,0.011895913157759348,-0.004725220388375195,-0.0018159094497843808,0.01750693108952583,-0.17715222210101622,-0.6533
2026-06-24,4090.1001,4117.2848,4075.4921,4110.8134,4106.2517,644527518.0,1514193285.0004,0.1111,0.002302999206921008,1.0,-0.0181853981653044,-0.060637202039877325,0.011999701582722375,0.0013252823482488019,-0.019484857575750025,0.024136126271219256,-0.09338132006974753,-1.8185
2026-06-25,4103.4817,4133.0975,4093.0087,4120.2806,4110.8134,670459917.0,1618996555.0156,0.2303,-0.0225751129668208,0.0,0.003252446405339837,-0.04416478354859055,0.012091277512640044,0.0036175431559786198,-0.00036378075804743837,0.013574571439835419,-0.06411214199333592,0.3252
2026-06-26,4098.6864,4099.7796,4007.8593,4027.2648,4120.2806,660108666.0,1621195708.6597,-2.2575,0.011580291417639055,1.0,-0.014320323865611884,-0.05080790847049377,0.012219967614934091,-0.0010114393448196202,-0.013322359279132945,0.01750840801668191,0.2093088037022106,-1.432
2026-06-29,4026.6858,4075.3343,3992.5522,4073.9017,4027.2648,659199936.0,1666220369.4673,1.158,0.005030926494863586,1.0,-0.017552176612900094,-0.05237032185417567,0.012435537649228294,-0.005408869731692856,-0.01220934564129017,0.0192599442473017,-0.016832150784088284,-1.7552
2026-06-30,4058.1695,4097.415,4052.17,4094.3972,4073.9017,598412203.0,1530325961.7252,0.5031,0.004407999302070698,1.0,0.01565023778375485,-0.03121103038809314,0.01300326161391143,0.006871513850209121,0.008718812492744421,0.01762228595271843,-0.19319943653372817,1.565
2026-07-01,4090.7598,4143.3135,4087.5354,4112.4453,4094.3972,672331791.0,1698487572.3128,0.4408,-0.020314312752074848,0.0,,,,,,,,
2026-07-02,4054.0857,4093.6777,4019.2147,4028.9038,4112.4453,656233612.0,1577183734.7467,-2.0314,0.003658414479889016,1.0,-0.006325705659695591,-0.019508679189656597,0.01264388825380751,-0.0008168785078874752,-0.005513330873305411,0.017445415491942354,0.2623242181026946,-0.6326
2026-07-03,4031.3351,4073.8802,4027.2553,4043.6432,4028.9038,602009738.0,1465563104.8537,0.3658,-0.0005947606851168796,0.0,0.007604993134047167,-0.01525488015212606,0.010916060579669344,0.008321744397758568,-0.0007108358692980987,0.01670467487900441,-0.08111677082373525,0.7605
2026-07-06,4059.1941,4060.0688,4005.4137,4041.2382,4043.6432,590364903.0,1432112821.0992,-0.0595,-0.012620612167825174,0.0,0.012795472397997276,0.011835206706617196,0.011439278923025254,0.008059846376257118,0.004697762775457859,0.012600287225824474,-0.1995962203041497,1.2795
2026-07-07,4019.4942,4028.5139,3971.7126,3990.2353,4041.2382,514453091.0,1196371087.8944,-1.2621,-0.004850741508902967,0.0,0.011404268003081919,0.041657808402133734,0.011705175631801476,0.002337470230231009,0.009045653826318834,0.019579418099248708,0.0006773172606724387,1.1404
2026-07-08,3996.8069,4016.0262,3967.9128,3970.8797,3990.2353,496229374.0,1192355798.2157,-0.4851,0.016547517166032533,1.0,-0.005057096109808867,0.020420225581803342,0.011553148370167467,-0.0020252943727049333,-0.003037954489235495,0.01789652240484537,0.08357588486445877,-0.5057
2026-07-09,3977.5473,4040.5387,3938.8775,4036.5879,3970.8797,553063980.0,1364176552.6206,1.6548,-0.010014968335013807,0.0,0.029900552796561675,0.057621557080934194,0.013457947565884521,0.0018866326564921376,0.027961167687995614,0.03275752663437575,0.1859479727601041,2.9901
2026-07-10,4031.5373,4074.828,3995.8072,3996.1616,4036.5879,627450065.0,1563108691.5427,-1.0015,-0.020611678967136893,0.0,-0.006995197413495968,0.042296626809854576,0.013514749336207568,-0.0007487770388264758,-0.006251101055607333,0.018035113180211407,-0.19323140532740268,-0.6995
2026-07-13,3966.0234,3983.0535,3900.6676,3913.794,3996.1616,590907356.0,1334871933.909,-2.0612,0.01362672639387763,1.0,0.006031581952361531,0.03533571477210096,0.013539238861274097,0.0076262433323428525,-0.001582592147171158,0.018102652581046087,-0.09294540403699969,0.6032
2026-07-14,3909.274,3967.1262,3869.3042,3967.1262,3913.794,579982052.0,1271796839.6785,1.3627,-0.0029109484845730726,0.0,0.0015966828706539538,0.025296066448964094,0.013467847156475704,-0.0007226437759150217,0.002321003905595198,0.014644808381509621,-0.11050222374540652,0.1597
2026-07-15,3963.7267,3981.6716,3943.6953,3955.5781,3967.1262,576209492.0,1226298269.8972,-0.2911,-0.018496790646100547,0.0,0.0052453732842372425,0.03591283782662291,0.012753646654738906,-0.0013298245787926044,0.006583953366041451,0.022075500996955547,0.17724960026016667,0.5245
2026-07-16,3912.3812,3940.4505,3867.6012,3882.4126,3955.5781,535281873.0,1124208166.2138,-1.8497,-0.030459900114686467,0.0,0.013983557600778518,0.019902923453663846,0.01311683129334227,0.008652575333607526,0.005285251232722832,0.013364841563913708,-0.09525698079381328,1.3984
2026-07-17,3865.3165,3869.2148,3745.1744,3764.1547,3882.4126,650450984.0,1246445452.8363,-3.046,0.008534904264163146,1.0,0.01326926271519513,0.04071629925368847,0.013026470040853038,0.005831182564796533,0.007394958795602147,0.016061682826130047,0.05663641232028027,1.3269
2026-07-20,3791.6616,3831.6593,3741.1099,3796.2814,3764.1547,709234069.0,1294651895.8447,0.8535,0.01793484013066049,1.0,-0.017848260198491617,0.016013157328691685,0.01358307436951767,0.0005574082515615864,-0.018395414694111767,0.03335052741856813,0.0867251588749216,-1.7848
2026-07-21,3812.1618,3864.6002,3743.3601,3864.3671,3796.2814,735021925.0,1396517619.5639,1.7935,0.0006900224360155693,1.0,0.023646458954883487,0.038380306702150646,0.013926598043136295,0.011106071758927305,0.012402642557709731,0.016252182211394347,-0.11566048333264867,2.3646
2026-07-22,3839.6654,3884.4352,3839.6654,3867.0336,3864.3671,614255215.0,1258148128.16,0.069,0.002519709164150896,1.0,-0.0004279512628737603,0.03251997783139626,0.013782560118888875,0.00029789544227942777,-0.0007256305431215804,0.01043071544621683,-0.1425548506282599,-0.0428
2026-07-23,3868.0871,3878.8318,3851.7058,3876.7774,3867.0336,562122601.0,1025875517.7001,0.252,-0.01614217004050844,0.0,-0.00953474593839243,0.008571741129852484,0.013210430557657677,-0.006103303757834966,-0.0034525139217500556,0.009478244919185603,0.046672325285417315,-0.9535
2026-07-24,3853.6316,3861.0404,3808.6359,3814.1978,3876.7774,508203905.0,915366398.2926,-1.6142,0.011548221227540845,1.0,0.012780875969060856,0.008085618547219786,0.013378763349999198,0.00296754143590916,0.009784299219795622,0.01568976557748339,-0.11619341316577625,1.2781
2026-07-27,3808.9032,3858.3097,3793.4489,3858.245,3814.1978,504879454.0,1031312143.0652,1.1548,-0.011645294687092078,0.0,-0.009820390538820556,0.016325465429863018,0.013092906395958793,-0.011039312104609178,0.0012325278251277272,0.008680403366651056,-0.0877321220151881,-0.982
2026-07-28,3823.1331,3844.0118,3797.3727,3813.3146,3858.245,494829126.0,949683080.1264,-1.1645,0.003974075467048976,1.0,0.009772373206512253,0.002550605435696962,0.012112633365314894,0.001223399375801959,0.00853852780112807,0.013564751035823448,0.061428145954693036,0.9772
2026-07-29,3823.2931,3845.7661,3782.4811,3828.469,3813.3146,571226391.0,1087407759.0961,0.3974,-0.006210419883248441,0.0,0.0041127170909240895,0.0071048042179999715,0.011870258772011557,0.002569505989959975,0.001539255973519893,0.014711284641915586,0.15923801231640766,0.4113
2026-07-30,3812.111,3839.3407,3767.5033,3804.6926,3828.469,592298923.0,1106477266.4618,-0.621,0.007246262155318428,1.0,0.01963861347998974,0.03676826823650026,0.01200768086372458,0.006965787399475065,0.012585160527889272,0.012712729916221717,0.2270979802767048,1.9639
2026-07-31,3833.5359,3847.0926,3822.3736,3832.2624,3804.6926,597529427.0,1187681546.3933,0.7246,-0.005897169254380996,0.0,0.001974587645963144,0.025706036418504663,0.012036629107586402,0.002631362775458168,-0.0006550514514896966,0.012178432047216485,-0.03325672248853451,0.1975
2026-08-03,3812.6129,3827.6359,3797.6431,3809.6629,3832.2624,524516960.0,952256890.1023,-0.5897,0.0033130752854799717,1.0,0.0009880551671224147,0.036902275867345624,0.011966024811213113,-0.0008182875669788814,0.0018078220524102573,0.0113802299248847,-0.04323109454649021,0.0988
2026-08-04,3816.3699,3831.94,3799.5244,3822.2846,3809.6629,540324922.0,1008382536.9054,0.3313,0.01468885911844442,1.0,0.004827998916723253,0.031825059368005615,0.011877548978101062,0.003974590130051192,0.0008500302647715952,0.012445319444932703,-0.20425955770949145,0.4828
2026-08-05,3815.1217,3884.3971,3815.1217,3878.4296,3822.2846,592155124.0,1208723017.752,1.4689,0.005652468205172623,1.0,-0.006016286419525341,0.021416507150095798,0.01192174246955835,0.0031365583212221715,-0.009124226073532027,0.016129937637930858,-0.001506436877601658,-0.6016
2026-08-06,3864.2734,3902.0543,3864.2734,3900.3523,3878.4296,588555280.0,1166818677.2252,0.5652,0.010174670631676097,1.0,0.0024329940293013053,0.004180887107523734,0.010365339551347058,0.001472560933155842,0.0009590208794640898,0.009441099883494713,-0.0004455182650495715,0.2433
2026-08-07,3896.4854,3940.9347,3885.6248,3940.0371,3900.3523,564988582.0,1209543573.2944,1.0175,0.006740139578888638,1.0,-0.014876627480820637,-0.012707433577943128,0.010919661481441014,-0.009595683254475462,-0.005332109459799561,0.010716234330999412,-0.021586687878484057,-1.4877
2026-08-10,3943.816,3967.5919,3938.625,3966.5935,3940.0371,542118110.0,1166893282.3538,0.674,-0.008193579705104592,0.0,0.005395553828630106,-0.008360238181795099,0.010911563414766654,-0.00014218410452204733,0.005538525423429919,0.010825968222831847,-0.03478363635258219,0.5396
2026-08-11,3950.7078,3966.391,3930.6386,3934.0929,3966.5935,529490944.0,1066737091.8231,-0.8194,0.0031982722116197237,1.0,0.01049788394356721,-0.002764769660199784,0.011029754054017958,0.005343222678171999,0.005127265145990156,0.009244573892114076,-0.13495195787500336,1.0498
2026-08-12,3933.5533,3950.6213,3927.5489,3946.6752,3934.0929,503257011.0,986122393.8171,0.3198,-0.004994178390965609,0.0,-0.010975233147077934,-0.007739938080495334,0.011481914512028835,0.002355663558810006,-0.013299567399616685,0.01590978926642477,-0.030896183914407516,-1.0975
2026-08-13,3957.1612,3968.4758,3924.6418,3926.9648,3946.6752,572793677.0,1164203068.5298,-0.4994,5.3883854522762675e-05,1.0,-0.008289536978780543,-0.018353654254428475,0.011408911236245574,-0.006020000919976787,-0.0022832814150227643,0.006824201004022079,0.01882847582257874,-0.829
2026-08-14,3930.0215,3932.6405,3903.7048,3927.1764,3926.9648,499525613.0,990371924.2377,0.0054,0.014126459916595557,1.0,-0.0017161835003460801,-0.005239660512928235,0.0110882161939658,-0.005978733632676092,0.00428818806654685,0.009092706534586825,0.18659042469236908,-0.1716
2026-08-17,3930.1044,3983.5066,3924.4738,3982.6535,3927.1764,489834027.0,1112818620.627,1.4126,0.0019208801368233441,1.0,-0.011011749252160974,-0.021473404854209677,0.01057569288957216,-0.006983636728038478,-0.004056441236124253,0.008769708908822558,-0.12714276812319092,-1.1012
2026-08-18,3979.4898,3994.1812,3955.6012,3990.3037,3982.6535,511234287.0,1135187666.3953,0.1921,-0.02402857206081832,0.0,0.01339260297370104,-0.01867027225841833,0.009635470252235963,0.007427683009613162,0.005920941090548748,0.01094325124368703,-0.14258636908592237,1.3393
2026-08-19,3952.1219,3961.1368,3879.5785,3894.4224,3990.3037,572191213.0,1218107974.0561,-2.4029,0.002387671147331183,1.0,0.0007040363835946195,-0.007081872480296458,0.009632084125956222,-0.003314314136162677,0.00403171288275761,0.010898813235098252,0.21536169619509948,0.0704
2026-08-20,3907.2058,3925.0615,3888.0989,3903.721,3894.4224,506633954.0,1018568353.1768,0.2388,0.00037953532027512615,1.0,0.0009391016895585746,0.0021580044472973015,0.009325390433625366,-0.0048780679317580455,0.005845685271177015,0.008710639291904722,0.24255710711124934,0.0939
2026-08-21,3891.1751,3912.1314,3883.787,3905.2026,3903.721,446895868.0,883423480.0986,0.038,-0.005939435767045698,0.0,0.00797879746947161,0.011890610166515048,0.009070885928461874,0.011139800753636075,-0.0031261782809937078,0.008257282682495103,0.08688141215215595,0.7979
2026-08-24,3902.6963,3910.2394,3855.3524,3882.0079,3905.2026,486931412.0,952039262.5005,-0.5939,0.0019157611709135214,1.0,0.012100710975625262,0.035538294013779614,0.009019183585770666,0.004246163879667586,0.00782133641976146,0.00785454709595772,-0.11993984759260101,1.2101
2026-08-25,3863.3695,3896.206,3850.8628,3889.4449,3882.0079,464117264.0,858874228.9218,0.1916,0.005933648783660539,1.0,-0.01892119251995228,0.0025183444301568603,0.009965876324273554,-0.008817560995114881,-0.010193513451450031,0.013425115323424643,0.08970170424604795,-1.8921
2026-08-26,3881.7408,3926.435,3881.7408,3912.5235,3889.4449,489553021.0,857223487.9933,0.5934,0.011258079344443672,1.0,-0.0002441478007300102,0.0015684411579373059,0.009933971890827883,0.004580808415300508,-0.0048029548002631595,0.010711543880178753,-0.22844479327255485,-0.0244
2026-08-27,3911.8908,3958.0328,3909.3122,3956.571,3912.5235,516777549.0,1010226573.9546,1.1258,-0.0011100521133071695,0.0,0.005561108693862726,0.006193354244565796,0.008952360661015004,0.004866117101967493,0.0006916260585039247,0.007223522309896574,0.028931687728636746,0.5561
2026-08-28,3950.2368,3970.3095,3947.7981,3952.179,3956.571,510581645.0,970365152.1129,-0.111,0.008632959185300049,1.0,-0.0034003859981904805,-0.005165673158228357,0.0089623295612889,0.0047518864287448,-0.008113716965400641,0.011345664848943388,2.1670965133635836,-0.34
2026-08-31,3926.5312,3986.298,3926.5039,3986.298,3952.179,576656606.0,1014292552.0537,0.8633,-0.0016080834899948604,0.0,0.0007451378289851096,-0.016327520832804643,0.008960326055013816,-0.0060737533902793794,0.006860560572299779,0.01128971819317575,-0.034070312740173136,0.07
2026-09-01,3979.8814,3995.1751,3976.4685,3979.8877,3986.298,573538949.0,944307561.3568,-0.1608,-0.009674016681425535,0.0,-0.0006957258589966875,0.0019461283762838288,0.008870717708785369,-0.0064163121917357735,0.005757528432615677,0.010799385103415072,0.7025705955778161,-0.07
2026-09-02,3963.0661,3965.8078,3932.2515,3941.3862,3979.8877,516472775.0,835367755.8995,-0.9674,0.0001780338095263012,1.0,-0.009279934790916045,-0.007109454315964436,0.009000408865244969,-0.005916613570858376,-0.0033833391302706683,0.009339386451044837,-0.5076788455310286,-0.93
2026-09-03,3952.7948,3968.112,3930.4472,3942.0879,3941.3862,496990189.0,819882350.383,0.0178,-0.0030368424813662642,0.0,-0.0007311566289889271,-0.013322434010564987,0.008964939809151232,-0.0019309325444842873,0.0012020970838761968,0.011936171447544058,-0.13321141213702958,-0.07
2026-09-04,3955.5489,3980.2022,3915.2213,3930.1164,3942.0879,537286161.0,938255187.1843,-0.3037,0.0006571815531977165,1.0,-0.003867851438157155,-0.013785245410459446,0.00839720821121081,0.0067697277214326945,-0.01056604987881904,0.014925007536186554,0.017076935186969067,-0.39
2026-09-07,3942.5093,3948.4206,3916.4915,3932.6992,3930.1164,477375261.0,897904014.8692,0.0657,0.001996516794368741,1.0,0.017354325949270333,0.0025827845372190517,0.009230362080993395,0.011994855098358848,0.005295946737190249,0.010932321063755588,0.2660754342125049,1.74
2026-09-08,3935.5479,3951.3221,3925.7198,3940.5509,3932.6992,529992688.0,915566238.9488,0.1997,0.002780296531634585,1.0,-0.009268691471283397,-0.006018307200026385,0.009105340340888118,8.186856820069366e-05,-0.009349794585188476,0.011773479807897355,-2.692485346685549,-0.9269
2026-09-09,3943.9221,3958.1171,3933.4692,3951.5068,3940.5509,517504311.0,873734897.1056,0.278,-0.004328272951472645,0.0,-0.0037752153218494344,-0.0004954652102489021,0.008827506229875541,-0.006337277752593962,0.002578402483440101,0.006646566812732945,0.08508955128420759,-0.3775
2026-09-10,3939.0948,3949.2549,3927.3472,3934.4036,3951.5068,484675114.0,779672692.2697,-0.4328,-0.011766205175290145,0.0,-0.0016676422887541564,-0.001432171753148137,0.008647095418976295,0.0004325126258137857,-0.002099246963751411,0.006866878538605097,0.17340185380687956,-0.1668
2026-09-11,3910.9234,3912.3247,3852.0322,3888.1106,3934.4036,579123145.0,958186336.9701,-1.1766,-0.0007144344093503729,0.0,-0.012680138761841708,-0.010266006327610322,0.009079008762680875,-0.011465102219746282,-0.0012291286274502822,0.00522928621845502,-0.10822360559769884,-1.268
2026-09-14,3867.0216,3895.5095,3867.0216,3885.3328,3888.1106,458888916.0,779281246.4972,-0.0714,,,-0.005964462479066901,-0.03295170885042098,0.00884856614498168,-0.009470046849321956,0.003539099811272317,0.011258103257652785,0.10886109645535669,-0.5964
